t,theta_history,theta_dot_history,theta_ddot_history,m_history,v_history
0,-1.5,,,0.0,0.0
1,-1.499000000002,,,-0.050000000000000044,0.025000000000000022
2,-1.4980000009291647,,,-0.09948000000004009,0.04995500400004002
3,-1.497000003398751,,,-0.14844520001862302,0.07486506501460843
4,-1.4960000080283593,,,-0.19690074808641184,0.09973023601748729
5,-1.4950000154359202,,,-0.24485174076611493,0.1245505699417801
6,-1.4940000262396798,,,-0.29230322366717226,0.1493261196799393
7,-1.4930000410581865,,,-0.33926019195529417,0.17405693808379347
8,-1.4920000605102772,,,-0.385727590856905,0.1987430779645742
9,-1.491000085215063,,,-0.43171031615854155,0.22338459209294254
10,-1.4900001157919165,,,-0.47721321470125744,0.24798153319901542
11,-1.4890001528604564,,,-0.5222410848700832,0.27253395397239144
12,-1.488000197040535,,,-0.5667986770785917,0.2970419070621766
13,-1.4870002489522238,,,-0.6108906942486164,0.3215054450770094
14,-1.4860003092157996,,,-0.6545217922851748,0.3459246205850861
15,-1.485000378451731,,,-0.6976965805466391,0.37029948611418523
16,-1.484000457280664,,,-0.7404196223102074,0.39463009415169203
17,-1.4830005463234088,,,-0.7826954352327187,0.41891649714462253
18,-1.4820006462009256,,,-0.8245284918068597,0.4431587474996473
19,-1.4810007575343105,,,-0.8659232198128096,0.4673568975831149
20,-1.4800008809447822,,,-0.9068840027653677,0.4915109997210751
21,-1.4790010170536676,,,-0.9474151803566097,0.5156211061993017
22,-1.4780011664823887,,,-0.9875210488941168,0.5396872692633149
23,-1.4770013298524478,,,-1.0272058617348234,0.5637095411184039
24,-1.4760015077854145,,,-1.0664738297145242,0.5876879739296487
25,-1.4750017009029113,,,-1.1053291215730874,0.6116226198219417
26,-1.4740019098266002,,,-1.1437758643754148,0.635513530880009
27,-1.4730021351781686,,,-1.1818181439281927,0.6593607591484316
28,-1.4720023775793154,,,-1.2194600051924742,0.6831643566316663
29,-1.4710026376517378,,,-1.2567054526921357,0.7069243752940658
30,-1.4700029160171166,,,-1.2935584509182492,0.7306408670598992
31,-1.4690032132971036,,,-1.330022924729409,0.7543138838133715
32,-1.4680035301133065,,,-1.366102759748057,0.7779434773986438
33,-1.467003867087276,,,-1.4018018027528425,0.8015296996198521
34,-1.466004224840492,,,-1.4371238620670597,0.8250726022411266
35,-1.46500460399435,,,-1.4720727079431988,0.8485722369866101
36,-1.4640050051701468,,,-1.5066520729436537,0.8720286555404768
37,-1.4630054289890673,,,-1.54086565231762,0.8954419095469505
38,-1.4620058760721708,,,-1.5747171043742254,0.918812050610322
39,-1.4610063470403774,,,-1.6082100508519266,0.9421391302949673
40,-1.4600068425144541,,,-1.641348077284215,0.9654232001253644
41,-1.4590073631150016,,,-1.674134733361662,0.9886643115861108
42,-1.45800790946244,,,-1.7065735332903456,1.01186251612194
43,-1.4570084821769964,,,-1.738667956146691,1.0350178651377375
44,-1.4560090818786904,,,-1.770421446228764,1.0581304099985587
45,-1.4550097091873209,,,-1.8018374134040502,1.0812002020296425
46,-1.4540103647224527,,,-1.8329192334537563,1.104227292516429
47,-1.4530110491034032,,,-1.8636702484136678,1.1272117327045734
48,-1.4520117629492284,,,-1.8940937669115991,1.1501535737999624
49,-1.4510125068787103,,,-1.9241930645014678,1.1730528669687281
50,-1.450013281510343,,,-1.9539713839940274,1.195909663337263
51,-1.4490140874623194,,,-1.983431935784294,1.2187240139922342
52,-1.4480149253525179,,,-2.0125778981756977,1.2414959699805976
53,-1.4470157957984895,,,-2.041412417700991,1.2642255823096118
54,-1.4460166994174444,,,-2.069938609439951,1.2869129019468515
55,-1.4450176368262386,,,-2.0981595573339002,1.3095579798202208
56,-1.444018608641361,,,-2.126078314497086,1.332160866817966
57,-1.4430196154789194,,,-2.153697903524942,1.354721613788689
58,-1.4420206579546295,,,-2.181021316799271,1.3772402715413594
59,-1.4410217366837994,,,-2.2080515167903707,1.3997168908453268
60,-1.440022852281318,,,-2.2347914363561427,1.4221515224303327
61,-1.4390240053616423,,,-2.2612439790382073,1.4445442169865226
62,-1.4380251965387834,,,-2.2874120193550582,1.4668950251644575
63,-1.437026426426294,,,-2.3132984030922836,1.489203997575125
64,-1.436027695637256,,,-2.3389059475898866,1.5114711847899502
65,-1.4350290047842673,,,-2.364237442026733,1.5336966373408074
66,-1.4340303544794295,,,-2.389295647702151,1.5558804057200293
67,-1.4330317453343342,,,-2.414083298314718,1.5780225403804182
68,-1.4320331779600515,,,-2.4386031002382573,1.6001230917352562
69,-1.4310346529671167,,,-2.462857732795076,1.622182110158315
70,-1.430036170965518,,,-2.4868498485264676,1.6441996459838644
71,-1.4290377325646837,,,-2.510582073460513,1.6661757495066836
72,-1.42803933837347,,,-2.5340570073772017,1.688110470982069
73,-1.4270409890001483,,,-2.557277224070899,1.7100038606258432
74,-1.4260426850523935,,,-2.580245271610193,1.7318559686143646
75,-1.425044427137271,,,-2.602963672595139,1.7536668450845352
76,-1.4240462158612246,,,-2.625434924411933,1.7754365401338088
77,-1.4230480518300643,,,-2.6476614994850385,1.7971651038201994
78,-1.4220499356489542,,,-2.6696458455267895,1.818852586162289
79,-1.4210518679224005,,,-2.691390385784501,1.8404990371392353
80,-1.4200538492542392,,,-2.712897519285104,1.8621045066907782
81,-1.4190558802476243,,,-2.7341696210773376,1.8836690447172484
82,-1.418057961505016,,,-2.7552090424715168,1.9051927010795735
83,-1.4170600936281683,,,-2.776018111276902,1.9266755255992851
84,-1.4160622772181177,,,-2.7965991320366963,1.948117568058525
85,-1.4150645128751713,,,-2.8169543862606914,1.9695188782000521
86,-1.414066801198895,,,-2.8370861326555876,1.990879505727248
87,-1.413069142788102,,,-2.8569966073530093,2.0121995003041233
88,-1.4120715382408409,,,-2.876688024135241,2.033478911555324
89,-1.4110739881543848,,,-2.8961625746587054,2.054717789066135
90,-1.4100764931252192,,,-2.915422428675206,2.075916182382487
91,-1.4090790537490312,,,-2.9344697342509583,2.097074141010964
92,-1.4080816706206973,,,-2.9533066179834293,2.1181917144188023
93,-1.4070843443342733,,,-2.971935185216009,2.139268952033901
94,-1.4060870754829822,,,-2.9903575202505346,2.1603059032448235
95,-1.4050898646592034,,,-3.008575686557689,2.1813026174008034
96,-1.4040927124544615,,,-3.026591726985296,2.2022591438117485
97,-1.4030956194594157,,,-3.0444076639645323,2.223175531748243
98,-1.4020985862638484,,,-3.0620254997140752,2.2440518304415553
99,-1.4011016134566545,,,-3.0794472164422118,2.264888089083637
100,-1.4001047016258306,,,-3.096674776546923,2.2856843568271303
101,-1.399107851358464,,,-3.1137101228139703,2.3064406827853685
102,-1.398111063240723,,,-3.1305551786129997,2.3271571160323825
103,-1.3971143378578452,,,-3.1472118480916844,2.3478337056029
104,-1.3961176757941274,,,-3.1636820163679245,2.368470500492352
105,-1.3951210776329155,,,-3.1799675497201276,2.3890675496568714
106,-1.3941245439565932,,,-3.1960702957755847,2.4096249020133005
107,-1.3931280753465731,,,-3.211992083696961,2.4301426064391887
108,-1.392131672383285,,,-3.2277347243669228,2.450620711772798
109,-1.3911353356461669,,,-3.2433000105709193,2.471059266813102
110,-1.3901390657136539,,,-3.2586897171781333,2.4914583203197918
111,-1.3891428631631693,,,-3.273905601320625,2.511817921013274
112,-1.3881467285711138,,,-3.288949402570682,2.5321381175746747
113,-1.387150662512856,,,-3.303822843116397,2.5524189586458395
114,-1.3861546655627226,,,-3.31852762793549,2.572660492829336
115,-1.3851587382939885,,,-3.3330654449673895,2.5928627686884536
116,-1.3841628812788676,,,-3.3474379652835955,2.613025834747206
117,-1.3831670950885027,,,-3.361646843256337,2.6331497394903303
118,-1.3821713802929565,,,-3.375693716725544,2.65323453136329
119,-1.3811757374612017,,,-3.3895802071641477,2.6732802587722744
120,-1.3801801671611122,,,-3.40330791984173,2.6932869700841975
121,-1.3791846699594539,,,-3.416878443986535,2.7132547136267013
122,-1.3781892464218746,,,-3.430293352945859,2.7331835376881553
123,-1.377193897112896,,,-3.443554204344838,2.7530734905176537
124,-1.3761986225959044,,,-3.4566625402436477,2.7729246203250195
125,-1.3752034234331414,,,-3.4696198872931294,2.792736975280801
126,-1.3742083001856953,,,-3.482427756888861,2.8125106035162744
127,-1.3732132534134924,,,-3.495087645323686,2.8322455531234407
128,-1.3722182836752883,,,-3.5076010339387187,2.8519418721550274
129,-1.3712233915286591,,,-3.519969389272837,2.8715996086244857
130,-1.3702285775299934,,,-3.532194163210682,2.891218810505992
131,-1.3692338422344832,,,-3.544276793129175,2.9107995257344452
132,-1.3682391861961156,,,-3.5562187020425733,2.9303418022054672
133,-1.3672446099676654,,,-3.5680212987460695,2.9498456877754013
134,-1.3662501141006855,,,-3.579685977957962,2.96931123026131
135,-1.3652556991455003,,,-3.5912141204603962,2.9887384774409744
136,-1.3642613656511964,,,-3.602607093238702,3.0081274770528945
137,-1.3632671141656152,,,-3.6138662496193388,3.0274782767962853
138,-1.3622729452353453,,,-3.624992929406458,3.046790924331076
139,-1.3612788594057141,,,-3.6359884590171,3.066065467277908
140,-1.3602848572207806,,,-3.6468541516150434,3.0853019532181354
141,-1.3592909392233279,,,-3.6575913072433086,3.1045004296938203
142,-1.3582971059548548,,,-3.668201212955342,3.1236609442077317
143,-1.3573033579555693,,,-3.678685142944886,3.1427835442233443
144,-1.356309695764381,,,-3.6890443586745483,3.1618682771648356
145,-1.3553161199188934,,,-3.6992801090030905,3.1809151904170836
146,-1.3543226309553973,,,-3.7093936303114377,3.199924331325666
147,-1.3533292294088632,,,-3.7193861466274316,3.2188957471968553
148,-1.3523359158129349,,,-3.7292588697493345,3.237829485297619
149,-1.3513426906999215,,,-3.7390129993681,3.256725592855615
150,-1.3503495546007918,,,-3.7486497231884175,3.2755841170591915
151,-1.3493565080451668,,,-3.758170217048549,3.294405105057381
152,-1.348363551561313,,,-3.767575645038967,3.3131886039599
153,-1.3473706856761363,,,-3.776867159619804,3.3319346608371467
154,-1.3463779109151748,,,-3.7860459017371286,3.350643322720196
155,-1.3453852278025928,,,-3.795113000938061,3.3693146366007984
156,-1.3443926368611747,,,-3.804069575484732,3.387948649431376
157,-1.3434001386123182,,,-3.8129167324671083,3.40654540812502
158,-1.3424077335760285,,,-3.8216555679146835,3.425104959555488
159,-1.341415422270912,,,-3.8302871669070573,3.4436273505572
160,-1.3404232052141707,,,-3.838812603683405,3.462112627925235
161,-1.3394310829215954,,,-3.847232941750854,3.48056083841533
162,-1.3384390559075612,,,-3.855549233991778,3.4989720287438737
163,-1.3374471246850204,,,-3.863762522770011,3.5173462455879054
164,-1.336455289765498,,,-3.8718738400360113,3.5356835355851106
165,-1.3354635516590854,,,-3.879884207430961,3.553983945333818
166,-1.334471910874435,,,-3.887794636389833,3.5722475213929967
167,-1.333480367918755,,,-3.8956061282434233,3.590474310282251
168,-1.3324889232978046,,,-3.903319674319364,3.6086643584818177
169,-1.3314975775158873,,,-3.9109362560421266,3.6268177124325636
170,-1.3305063310758471,,,-3.9184568450320234,3.6449344185359807
171,-1.3295151844790631,,,-3.9258824032032202,3.663014523154183
172,-1.3285241382254445,,,-3.9332138828607692,3.681058072609903
173,-1.3275331928134253,,,-3.9404522267966704,3.6990651131864873
174,-1.3265423487399601,,,-3.947598368384972,3.7170356911278937
175,-1.3255516065005193,,,-3.9546532316759215,3.7349698526386876
176,-1.324560966589084,,,-3.9616177314891727,3.7528676438840374
177,-1.323570429498142,,,-3.9684927735060627,3.770729110989712
178,-1.3225799957186832,,,-3.9752792543609647,3.788554300042075
179,-1.3215896657401949,,,-3.9819780617317284,3.8063432570880837
180,-1.3205994400506578,,,-3.9885900744292146,3.8240960281352825
181,-1.3196093191365417,,,-3.9951161624859357,3.8418126591518007
182,-1.3186193034828015,,,-4.001557187243807,3.859493196066349
183,-1.3176293935728733,,,-4.007914001441025,3.877137684768215
184,-1.31663958988867,,,-4.014187449298072,3.8947461711072586
185,-1.3156498929105775,,,-4.0203783666028645,3.9123187008939095
186,-1.3146603031174515,,,-4.026487580795048,3.929855319899163
187,-1.313670820986613,,,-4.032515911049447,3.947356073854575
188,-1.312681446993845,,,-4.038464168358685,3.96482100845226
189,-1.3116921816133893,,,-4.044333155614975,3.9822501693448857
190,-1.3107030253179426,,,-4.050123667691094,3.9996436021456705
191,-1.3097139785786533,,,-4.055836491520542,4.0170013524283785
192,-1.3087250418651182,,,-4.061472406176909,4.034323465727317
193,-1.3077362156453791,,,-4.067032182952442,4.05160998753733
194,-1.30674750038592,,,-4.072516585435825,4.0688609633137975
195,-1.3057588965516636,,,-4.077926369589186,4.08607643847263
196,-1.3047704046059692,,,-4.083262283824327,4.103256458390266
197,-1.3037820250106287,,,-4.088525069078203,4.120401068403666
198,-1.3027937582258646,,,-4.093715458887634,4.137510313810311
199,-1.3018056047103268,,,-4.098834179463275,4.154584239868197
200,-1.3008175649210902,,,-4.103881949762849,4.171622891795833
201,-1.2998296393136524,,,-4.108859481563643,4.188626314772235
202,-1.2988418283419305,,,-4.11376747953428,4.205594553936925
203,-1.2978541324582593,,,-4.118606641305775,4.222527654389927
204,-1.2968665521133889,,,-4.123377657541883,4.239425661191759
205,-1.2958790877564819,,,-4.128081212008731,4.256288619363437
206,-1.2948917398351119,,,-4.132717981643774,4.273116573886463
207,-1.2939045087952612,,,-4.137288636624038,4.28990956970283
208,-1.2929173950813186,,,-4.141793840433702,4.306667651715013
209,-1.2919303991360778,,,-4.146234249930991,4.323390864785964
210,-1.290943521400735,,,-4.150610515414403,4.3400792537391135
211,-1.2899567623148878,,,-4.154923280688274,4.356732863358367
212,-1.2889701223165329,,,-4.159173183127688,4.373351738388096
213,-1.2879836018420647,,,-4.163360853742742,4.389935923533139
214,-1.2869972013262743,,,-4.167486917242156,4.406485463458799
215,-1.2860109212023465,,,-4.17155199209626,4.423000402790837
216,-1.28502476190186,,,-4.175556690599345,4.439480786115472
217,-1.2840387238547855,,,-4.179501618931389,4.455926657979375
218,-1.2830528074894838,,,-4.18338737721917,4.472338062889668
219,-1.2820670132327057,,,-4.187214559596768,4.4887150453139215
220,-1.2810813415095903,,,-4.190983754265455,4.505057649680147
221,-1.2800957927436638,,,-4.194695543552992,4.521365920376799
222,-1.279110367356839,,,-4.1983505039723354,4.5376399017527715
223,-1.2781250657694136,,,-4.20194920627975,4.553879638117392
224,-1.2771398884000709,,,-4.205492215532341,4.570085173740422
225,-1.2761548356658774,,,-4.208980091145019,4.586256552852053
226,-1.275169907982283,,,-4.212413386946887,4.602393819642901
227,-1.27418510576312,,,-4.215792651237064,4.618497018264011
228,-1.2732004294206032,,,-4.219118426839956,4.6345661928268465
229,-1.2722158793653287,,,-4.222391251159968,4.650601387403292
230,-1.2712314560062739,,,-4.225611656235675,4.666602646025648
231,-1.2702471597507967,,,-4.228780168793444,4.682570012686632
232,-1.2692629910046362,,,-4.231897310300525,4.698503531339372
233,-1.2682789501719116,,,-4.234963597017613,4.7144032458974054
234,-1.2672950376551222,,,-4.237979540050875,4.73026920023468
235,-1.2663112538551478,,,-4.240945645403469,4.746101438185548
236,-1.265327599171248,,,-4.2438624140265375,4.761900003544764
237,-1.2643440740010634,,,-4.246730341869697,4.7776649400674875
238,-1.2633606787406146,,,-4.249549919931022,4.793396291469275
239,-1.2623774137843027,,,-4.252321634306524,4.809094101426083
240,-1.26139427952491,,,-4.255045966239145,4.824758413574262
241,-1.2604112763536,,,-4.257723392167252,4.84038927151056
242,-1.2594284046599176,,,-4.260354383772651,4.855986718792115
243,-1.2584456648317899,,,-4.2629394080281235,4.871550798936459
244,-1.2574630572555268,,,-4.265478927244478,4.887081555421513
245,-1.2564805823158214,,,-4.267973399117144,4.902579031685585
246,-1.2554982403957504,,,-4.27042327677229,4.918043271127373
247,-1.2545160318767754,,,-4.272829008812482,4.933474317105959
248,-1.2535339571387432,,,-4.275191039361893,4.9488722129408105
249,-1.2525520165598867,,,-4.2775098081110485,4.964237001911779
250,-1.251570210516826,,,-4.279785750361136,4.9795687272591
251,-1.2505885393845695,,,-4.282019297067861,4.994867432183388
252,-1.2496070035365139,,,-4.284210874884874,5.0101331598456404
253,-1.2486256033444467,,,-4.286360906206756,5.0253659533672375
254,-1.2476443391785466,,,-4.288469809211577,5.040565855829935
255,-1.2466632114073841,,,-4.290537997903033,5.055732910275871
256,-1.2456822203979243,,,-4.29256588215215,5.07086715970756
257,-1.2447013665155267,,,-4.294553867738587,5.085968647087898
258,-1.243720650123947,,,-4.296502356391512,5.101037415340157
259,-1.2427400715853394,,,-4.298411745830077,5.116073507347988
260,-1.2417596312602568,,,-4.300282429803483,5.131076965955418
261,-1.2407793295076528,,,-4.302114798130654,5.146047833966855
262,-1.2397991666848838,,,-4.3039092367395,5.160986154147083
263,-1.2388191431477098,,,-4.305666127705803,5.175891969221265
264,-1.2378392592502967,,,-4.307385849291699,5.1907653218749426
265,-1.2368595153452178,,,-4.309068775983788,5.205606254754035
266,-1.2358799117834554,,,-4.3107152785308545,5.220414810464843
267,-1.234900448914403,,,-4.312325723981215,5.235191031574045
268,-1.2339211270858674,,,-4.313900475719691,5.249934960608702
269,-1.2329419466440699,,,-4.315439893504211,5.264646640056255
270,-1.2319629079336487,,,-4.31694433350205,5.2793261123645285
271,-1.230984011297661,,,-4.318414148325703,5.2939734199417305
272,-1.2300052570775857,,,-4.319849687068398,5.3085886051564515
273,-1.229026645613324,,,-4.321251295339265,5.32317171033767
274,-1.2280481772432033,,,-4.322619315298138,5.33772277777475
275,-1.227069852303978,,,-4.323954085690021,5.352241849717442
276,-1.226091671130833,,,-4.3252559418792,5.36672896837589
277,-1.2251136340573852,,,-4.3265252158830245,5.381184175920627
278,-1.2241357414156864,,,-4.327762236405341,5.395607514482578
279,-1.2231579935362256,,,-4.328967328869601,5.409999026153067
280,-1.2221803907479312,,,-4.330140815451629,5.424358752983811
281,-1.221202933378174,,,-4.331283015112072,5.438686736986926
282,-1.2202256217527694,,,-4.3323942436285146,5.452983020134931
283,-1.21924845619598,,,-4.3334748136272845,5.467247644360746
284,-1.2182714370305185,,,-4.3345250346149315,5.481480651557698
285,-1.2172945645775506,,,-4.335545213009392,5.495682083579522
286,-1.2163178391566971,,,-4.3365356521708485,5.509851982240363
287,-1.215341261086037,,,-4.337496652432273,5.52399038931478
288,-1.2143648306821107,,,-4.338428511129671,5.5380973465377465
289,-1.2133885482599223,,,-4.339331522632016,5.552172895604656
290,-1.2124124141329429,,,-4.340205978370895,5.5662170781713245
291,-1.2114364286131134,,,-4.3410521668698445,5.580229935853992
292,-1.2104605920108475,,,-4.341870373773409,5.594211510229327
293,-1.2094849046350347,,,-4.342660881875892,5.60816184283443
294,-1.2085093667930433,,,-4.343423971149833,5.622080975166836
295,-1.207533978790724,,,-4.344159918774196,5.6359689486845195
296,-1.2065587409324123,,,-4.344868999162268,5.649825804805897
297,-1.205583653520932,,,-4.345551483989294,5.663651584909832
298,-1.204608716857599,,,-4.34620764221982,5.677446330335638
299,-1.2036339312422235,,,-4.346837740134774,5.69121008238308
300,-1.2026592969731142,,,-4.347442041358271,5.704942882312385
301,-1.201684814347081,,,-4.34802080688415,5.718644771344241
302,-1.2007104836594389,,,-4.3485742951022495,5.732315790659802
303,-1.1997363052040106,,,-4.349102761824415,5.745955981400697
304,-1.1987622792731314,,,-4.349606460310252,5.759565384669027
305,-1.197788406157651,,,-4.350085641292612,5.773144041527375
306,-1.1968146861469375,,,-4.350540553002839,5.786691992998811
307,-1.1958411195288823,,,-4.350971441195749,5.8002092800668965
308,-1.1948677065899014,,,-4.351378549174369,5.813695943675685
309,-1.1938944476149407,,,-4.351762117814423,5.827152024729735
310,-1.1929213428874788,,,-4.352122385588578,5.840577564094108
311,-1.1919483926895311,,,-4.352459588590441,5.8539726025943795
312,-1.1909755973016536,,,-4.352773960558327,5.867337181016643
313,-1.1900029570029458,,,-4.353065732898777,5.8806713401075115
314,-1.1890304720710552,,,-4.353335134709848,5.89397512057413
315,-1.1880581427821808,,,-4.353582392804171,5.907248563084179
316,-1.1870859694110771,,,-4.353807731731773,5.920491708265876
317,-1.186113952231058,,,-4.354011373802677,5.933704596707989
318,-1.1851420915139999,,,-4.3541935391092705,5.946887268959839
319,-1.1841703875303464,,,-4.3543544455484575,5.960039765531304
320,-1.1831988405491123,,,-4.35449430884358,5.973162126892831
321,-1.182227450837887,,,-4.354613342566126,5.986254393475438
322,-1.1812562186628386,,,-4.354711758157222,5.999316605670725
323,-1.180285144288718,,,-4.354789764948907,6.012348803830875
324,-1.1793142279788629,,,-4.354847570185193,6.025351028268668
325,-1.178343469995202,,,-4.354885379042918,6.038323319257484
326,-1.1773728705982587,,,-4.354903394652394,6.051265717031309
327,-1.1764024300471556,,,-4.354901818117835,6.064178261784746
328,-1.1754321485996184,,,-4.3548808485376,6.0770609936730215
329,-1.1744620265119798,,,-4.354840683024216,6.089913952811992
330,-1.1734920640391842,,,-4.354781516724214,6.10273717927815
331,-1.1725222614347912,,,-4.354703542837755,6.115530713108638
332,-1.1715526189509808,,,-4.354606952638073,6.128294594301249
333,-1.1705831368385566,,,-4.354491935490711,6.141028862814439
334,-1.1696138153469506,,,-4.3543586788725746,6.153733558567335
335,-1.1686446547242273,,,-4.354207368390788,6.166408721439746
336,-1.167675655217088,,,-4.354038187801364,6.179054391272161
337,-1.1667068170708748,,,-4.353851319027692,6.191670607865772
338,-1.165738140529576,,,-4.353646942178833,6.204257410982472
339,-1.1647696258358289,,,-4.353425235567636,6.216814840344868
340,-1.1638012732309253,,,-4.353186375728677,6.229342935636288
341,-1.1628330829548157,,,-4.352930537436008,6.2418417365007945
342,-1.1618650552461132,,,-4.352657893720744,6.254311282543188
343,-1.1608971903420982,,,-4.352368615888459,6.266751613329022
344,-1.1599294884787228,,,-4.352062873536416,6.279162768384607
345,-1.1589619498906159,,,-4.351740834570626,6.291544787197022
346,-1.157994574811086,,,-4.351402665222732,6.3038977092141275
347,-1.1570273634721278,,,-4.351048530066727,6.31622157384457
348,-1.1560603161044247,,,-4.350678592035502,6.328516420457795
349,-1.155093432937355,,,-4.350293012437235,6.340782288384059
350,-1.154126714198995,,,-4.349891950971609,6.353019216914434
351,-1.1531601601161248,,,-4.349475565745873,6.365227245300822
352,-1.1521937709142314,,,-4.349044013290737,6.377406412755967
353,-1.1512275468175146,,,-4.348597448576114,6.389556758453459
354,-1.150261488048891,,,-4.348136025026704,6.4016783215277515
355,-1.1492955948299988,,,-4.347659894537415,6.413771141074168
356,-1.1483298673812017,,,-4.3471692074886406,6.4258352561489165
357,-1.1473643059215946,,,-4.346664112761378,6.437870705769096
358,-1.1463989106690071,,,-4.346144757752196,6.449877528912712
359,-1.145433681840009,,,-4.345611288388054,6.461855764518684
360,-1.1444686196499148,,,-4.345063849140973,6.47380545148686
361,-1.1435037243127875,,,-4.344502583042561,6.485726628678027
362,-1.1425389960414445,,,-4.343927631698391,6.49761933491392
363,-1.1415744350474617,,,-4.343339135302236,6.50948360897724
364,-1.1406100415411777,,,-4.342737232650164,6.521319489611658
365,-1.1396458157316995,,,-4.342122061154486,6.533127015521834
366,-1.1386817578269064,,,-4.3414937568575755,6.544906225373425
367,-1.1377178680334548,,,-4.340852454445538,6.556657157793097
368,-1.1367541465567832,,,-4.340198287261752,6.568379851368542
369,-1.135790593601117,,,-4.339531387320271,6.580074344648484
370,-1.1348272093694727,,,-4.338851885319091,6.591740676142695
371,-1.133863994063663,,,-4.33815991065329,6.60337888432201
372,-1.1329009478843017,,,-4.33745559142803,6.614989007618333
373,-1.131938071030808,,,-4.336739054471437,6.626571084424659
374,-1.1309753637014115,,,-4.336010425347339,6.638125153095076
375,-1.130012826093157,,,-4.335269828367894,6.649651251944791
376,-1.1290504584019092,,,-4.334517386606078,6.6611494192501315
377,-1.1280882608223575,,,-4.333753221908055,6.672619693248566
378,-1.1271262335480203,,,-4.332977454905422,6.684062112138717
379,-1.126164376771251,,,-4.332190205027328,6.695476714080371
380,-1.1252026906832413,,,-4.33139159051248,6.706863537194495
381,-1.1242411754740271,,,-4.33058172842102,6.71822261956325
382,-1.1232798313324925,,,-4.329760734646291,6.729553999230005
383,-1.1223186584463751,,,-4.328928723926478,6.740857714199349
384,-1.1213576570022707,,,-4.328085809856141,6.7521338024371085
385,-1.1203968271856382,,,-4.327232104897625,6.76338230187036
386,-1.1194361691808037,,,-4.326367720392361,6.774603250387445
387,-1.1184756831709664,,,-4.3254927665720535,6.785796685837985
388,-1.1175153693382023,,,-4.324607352569752,6.796962646032894
389,-1.1165552278634698,,,-4.323711586430819,6.808101168744395
390,-1.1155952589266145,,,-4.32280557512378,6.819212291706036
391,-1.1146354627063733,,,-4.321889424551075,6.830296052612701
392,-1.1136758393803796,,,-4.320963239559691,6.84135248912063
393,-1.1127163891251683,,,-4.320027123951702,6.852381638847431
394,-1.111757112116181,,,-4.319081180494688,6.863383539372097
395,-1.1107980085277689,,,-4.318125510932065,6.874358228235018
396,-1.1098390785332004,,,-4.317160215993299,6.8853057429380025
397,-1.1088803223046635,,,-4.31618539540403,6.896226120944288
398,-1.1079217400132721,,,-4.315201147896083,6.9071193996785585
399,-1.10696333182907,,,-4.314207571217388,6.917985616526963
400,-1.1060050979210359,,,-4.313204762141796,6.928824808837125
401,-1.1050470384570883,,,-4.312192816478799,6.939637013918165
402,-1.1040891536040904,,,-4.311171829083153,6.950422269040715
403,-1.1031314435278547,,,-4.310141893864403,6.961180611436931
404,-1.1021739083931477,,,-4.309103103796316,6.971912078300516
405,-1.1012165483636949,,,-4.308055550926216,6.982616706786731
406,-1.1002593636021853,,,-4.3069993263842274,6.9932945340124135
407,-1.0993023542702771,,,-4.305934520392428,7.003945597055996
408,-1.0983455205286008,,,-4.304861222273909,7.014569932957519
409,-1.0973888625367656,,,-4.303779520461743,7.025167578718651
410,-1.0964323804533633,,,-4.30268950250786,7.035738571302706
411,-1.0954760744359735,,,-4.301591255091849,7.046282947634657
412,-1.0945199446411678,,,-4.30048486402965,7.056800744601156
413,-1.093563991224515,,,-4.299370414282176,7.067291999050553
414,-1.092608214340586,,,-4.298247989963845,7.07775674779291
415,-1.0916526141429579,,,-4.297117674351019,7.08819502760002
416,-1.0906971907842196,,,-4.295979549890368,7.098606875205424
417,-1.0897419444159757,,,-4.294833698207149,7.10899232730443
418,-1.0887868751888519,,,-4.293680200113396,7.119351420554132
419,-1.0878319832524992,,,-4.29251913561604,7.129684191573422
420,-1.0868772687555992,,,-4.291350583924929,7.139990676943017
421,-1.0859227318458682,,,-4.290174623460792,7.15027091320547
422,-1.0849683726700623,,,-4.288991331863102,7.1605249368651895
423,-1.084014191373982,,,-4.287800785997872,7.170752784388462
424,-1.083060188102477,,,-4.286603061965373,7.180954492203466
425,-1.0821063629994507,,,-4.285398235107769,7.191130096700293
426,-1.081152716207865,,,-4.2841863800166795,7.201279634230964
427,-1.0801992478697446,,,-4.28296757054067,7.211403141109451
428,-1.0792459581261826,,,-4.2817418797926585,7.221500653611693
429,-1.0782928471173443,,,-4.280509380157255,7.231572207975617
430,-1.0773399149824718,,,-4.27927014329803,7.241617840401158
431,-1.0763871618598897,,,-4.278024240164699,7.251637587050274
432,-1.0754345878870084,,,-4.27677174100025,7.26163148404697
433,-1.0744821932003297,,,-4.275512715347987,7.271599567477314
434,-1.0735299779354506,,,-4.274247232058514,7.2815418733894575
435,-1.072577942227069,,,-4.2729753592966375,7.291458437793656
436,-1.071626086208987,,,-4.271697164548213,7.301349296662287
437,-1.070674410014117,,,-4.270412714626911,7.31121448592987
438,-1.0697229137744846,,,-4.269122075680924,7.321054041493089
439,-1.0687715976212344,,,-4.267825313199605,7.330867999210809
440,-1.0678204616846345,,,-4.266522492020034,7.340656394904095
441,-1.0668695060940803,,,-4.265213676333526,7.350419264356238
442,-1.0659187309780997,,,-4.263898929692073,7.360156643312768
443,-1.0649681364643575,,,-4.262578315014714,7.36986856748148
444,-1.0640177226796597,,,-4.261251894593854,7.37955507253245
445,-1.0630674897499583,,,-4.259919730101508,7.3892161940980605
446,-1.0621174378003557,,,-4.258581882595493,7.398851967773015
447,-1.0611675669551093,,,-4.2572384125255445,7.408462429114364
448,-1.0602178773376356,,,-4.255889379739391,7.41804761364152
449,-1.0592683690705156,,,-4.2545348434887496,7.427607556836286
450,-1.0583190422754978,,,-4.253174862435272,7.437142294142866
451,-1.057369897073504,,,-4.251809494656429,7.446651860967899
452,-1.056420933584633,,,-4.250438797651335,7.456136292680468
453,-1.0554721519281658,,,-4.249062828346514,7.465595624612128
454,-1.0545235522225689,,,-4.247681643101613,7.4750298920569245
455,-1.0535751345854996,,,-4.246295297715048,7.484439130271416
456,-1.0526268991338101,,,-4.244903847429608,7.493823374474696
457,-1.0516788459835518,,,-4.243507346937988,7.503182659848412
458,-1.0507309752499798,,,-4.2421058503882785,7.512517021536789
459,-1.0497832870475574,,,-4.240699411389396,7.5218264946466515
460,-1.04883578148996,,,-4.2392880830164525,7.531111114247443
461,-1.0478884586900803,,,-4.237871917816087,7.540370915371249
462,-1.0469413187600316,,,-4.236450967811728,7.549605933012822
463,-1.0459943618111527,,,-4.235025284508811,7.558816202129598
464,-1.0450475879540122,,,-4.233594918899946,7.568001757641721
465,-1.0441009972984125,,,-4.232159921470027,7.577162634432065
466,-1.043154589953395,,,-4.230720342201295,7.586298867346258
467,-1.0422083660272425,,,-4.22927623057835,7.595410491192703
468,-1.0412623256274856,,,-4.227827635593111,7.604497540742597
469,-1.0403164688609055,,,-4.226374605749729,7.613560050729959
470,-1.0393707958335388,,,-4.2249171890694495,7.622598055851649
471,-1.0384253066506817,,,-4.223455433095426,7.631611590767392
472,-1.0374800014168941,,,-4.221989384897485,7.6406006900998005
473,-1.036534880236004,,,-4.220519091076849,7.649565388434396
474,-1.0355899432111109,,,-4.2190445977708,7.658505720319632
475,-1.034645190444591,,,-4.217565950657314,7.667421720266921
476,-1.0337006220381013,,,-4.216083194959633,7.676313422750651
477,-1.0327562380925825,,,-4.214596375450799,7.685180862208212
478,-1.031812038708265,,,-4.2131055364581425,7.694024073040021
479,-1.030868023984671,,,-4.211610721867726,7.70284308960954
480,-1.0299241940206205,,,-4.210111975128742,7.711637946243304
481,-1.0289805489142339,,,-4.208609339257866,7.7204086772309415
482,-1.028037088762937,,,-4.207102856843573,7.7291553168252
483,-1.0270938136634649,,,-4.205592570050396,7.737877899241967
484,-1.0261507237118652,,,-4.2040785206231615,7.7465764586602965
485,-1.0252078190035037,,,-4.202560749891167,7.755251029222428
486,-1.0242650996330667,,,-4.201039298772326,7.763901645033817
487,-1.0233225656945661,,,-4.199514207777264,7.772528340163153
488,-1.0223802172813432,,,-4.197985517013382,7.781131148642386
489,-1.0214380544860722,,,-4.196453266188875,7.789710104466747
490,-1.0204960774007643,,,-4.194917494616708,7.798265241594778
491,-1.0195542861167726,,,-4.193378241218556,7.80679659394835
492,-1.0186126807247948,,,-4.191835544528706,7.8153041954126925
493,-1.0176712613148777,,,-4.190289442697915,7.823788079836412
494,-1.0167300279764209,,,-4.188739973497233,7.83224828103152
495,-1.015788980798181,,,-4.18718717432179,7.840684832773455
496,-1.0148481198682753,,,-4.1856310821945355,7.849097768801111
497,-1.0139074452741856,,,-4.184071733769956,7.857487122816857
498,-1.0129669571027622,,,-4.1825091653377395,7.865852928486563
499,-1.0120266554402273,,,-4.180943412826418,7.874195219439626
500,-1.0110865403721798,,,-4.179374511806958,7.882514029268994
501,-1.010146611983598,,,-4.177802497496332,7.890809391531189
502,-1.0092068703588442,,,-4.176227404761041,7.899081339746334
503,-1.008267315581668,,,-4.174649268120607,7.907329907398176
504,-1.0073279477352102,,,-4.173068121751035,7.915555127934112
505,-1.0063887669020066,,,-4.1714839994882285,7.923757034765213
506,-1.005449773163992,,,-4.169896934831386,7.93193566126625
507,-1.0045109666025032,,,-4.168306960946352,7.940091040775718
508,-1.0035723472982834,,,-4.166714110668939,7.948223206595861
509,-1.0026339153314856,,,-4.165118416508215,7.956332191992698
510,-1.0016956707816764,,,-4.163519910649763,7.9644180301960485
511,-1.0007576137278398,,,-4.161918624958899,7.972480754399557
512,-0.9998197442483799,,,-4.160314590983867,7.980520397760717
513,-0.998882062421126,,,-4.158707839958996,7.988536993400899
514,-0.9979445683233351,,,-4.157098402807829,7.996530574405374
515,-0.9970072620316961,,,-4.155486310146217,8.00450117382334
516,-0.9960701436223329,,,-4.153871592285389,8.012448824667946
517,-0.9951332131708087,,,-4.152254279234983,8.02037355991632
518,-0.9941964707521288,,,-4.150634400706049,8.028275412509593
519,-0.9932599164407445,,,-4.149011986114031,8.036154415352925
520,-0.9923235503105566,,,-4.1473870645817055,8.04401060131553
521,-0.9913873724349191,,,-4.145759664942099,8.051844003230704
522,-0.9904513828866423,,,-4.144129815741376,8.059654653895846
523,-0.9895155817379964,,,-4.142497545241695,8.06744258607249
524,-0.9885799690607153,,,-4.140862881424038,8.07520783248633
525,-0.987644544926,,,-4.139225851991012,8.08295042582724
526,-0.9867093094045213,,,-4.1375864843696215,8.09067039874931
527,-0.9857742625664242,,,-4.135944805714016,8.09836778387086
528,-0.9848394044813309,,,-4.134300842908204,8.106042613774473
529,-0.983904735218344,,,-4.132654622568749,8.113694921007026
530,-0.9829702548460503,,,-4.131006171047429,8.121324738079705
531,-0.9820359634325238,,,-4.129355514433875,8.128932097468043
532,-0.9811018610453291,,,-4.127702678558187,8.136517031611934
533,-0.9801679477515252,,,-4.126047688993512,8.14407957291567
534,-0.9792342236176681,,,-4.1243905710586075,8.151619753747966
535,-0.9783006887098147,,,-4.122731349820374,8.159137606441975
536,-0.9773673430935257,,,-4.1210700500963675,8.166633163295332
537,-0.9764341868338692,,,-4.119406696457275,8.174106456570168
538,-0.9755012199954236,,,-4.11774131322938,8.181557518493142
539,-0.9745684426422813,,,-4.116073924496995,8.18898638125546
540,-0.9736358548380514,,,-4.114404554104871,8.19639307701292
541,-0.9727034566458633,,,-4.112733225660584,8.203777637885915
542,-0.97177124812837,,,-4.1110599625368955,8.211140095959479
543,-0.9708392293477508,,,-4.109384787874094,8.218480483283303
544,-0.969907400365715,,,-4.107707724582308,8.225798831871764
545,-0.9689757612435046,,,-4.106028795343799,8.233095173703955
546,-0.9680443120418978,,,-4.104348022615231,8.240369540723709
547,-0.9671130528212121,,,-4.102665428629917,8.247621964839627
548,-0.966181983641307,,,-4.100981035400042,8.254852477925107
549,-0.9652511045615878,,,-4.099294864718868,8.262061111818364
550,-0.964320415641008,,,-4.097606938162911,8.269247898322467
551,-0.9633899169380727,,,-4.095917277094102,8.27641286920536
552,-0.9624596085108418,,,-4.094225902661924,8.283556056199892
553,-0.9615294904169327,,,-4.092532835805521,8.290677491003837
554,-0.9605995627135235,,,-4.090838097255805,8.297777205279933
555,-0.9596698254573561,,,-4.089141707537517,8.304855230655903
556,-0.958740278704739,,,-4.087443686971289,8.31191159872448
557,-0.9578109225115503,,,-4.08574405567567,8.318946341043437
558,-0.956881756933241,,,-4.084042833569145,8.325959489135617
559,-0.9559527820248375,,,-4.082340040372118,8.332951074488953
560,-0.9550239978409448,,,-4.080635695608894,8.339921128556506
561,-0.9540954044357494,,,-4.078929818609624,8.346869682756486
562,-0.9531670018630221,,,-4.0772224285122425,8.353796768472277
563,-0.9522387901761209,,,-4.07551354426438,8.36070241705247
564,-0.9513107694279942,,,-4.073803184625259,8.367586659810891
565,-0.9503829396711833,,,-4.072091368167566,8.374449528026624
566,-0.9494553009578252,,,-4.070378113279315,8.381291052944038
567,-0.9485278533396557,,,-4.068663438165679,8.388111265772825
568,-0.9476005968680123,,,-4.066947360850816,8.394910197688013
569,-0.9466735315938367,,,-4.065229899179668,8.401687879830007
570,-0.9457466575676776,,,-4.063511070819748,8.408444343304609
571,-0.9448199748396939,,,-4.061790893262905,8.415179619183048
572,-0.943893483459657,,,-4.06006938382707,8.421893738502007
573,-0.9429671834769536,,,-4.058346559657992,8.428586732263653
574,-0.942041074940589,,,-4.056622437730952,8.435258631435664
575,-0.941115157899189,,,-4.054897034852454,8.441909466951255
576,-0.9401894324010031,,,-4.053170367661913,8.448539269709208
577,-0.9392638984939071,,,-4.051442452633315,8.455148070573902
578,-0.9383385562254059,,,-4.0497133060768595,8.461735900375334
579,-0.9374134056426359,,,-4.047982944140599,8.468302789909158
580,-0.9364884467923679,,,-4.046251382812046,8.474848769936704
581,-0.9355636797210095,,,-4.044518637919773,8.481373871185008
582,-0.9346391044746081,,,-4.042784725134996,8.487878124346844
583,-0.933714721098853,,,-4.041049659973138,8.494361560080746
584,-0.9327905296390786,,,-4.039313457795383,8.500824209011043
585,-0.9318665301402664,,,-4.0375761338102105,8.50726610172788
586,-0.9309427226470479,,,-4.035837703074914,8.513687268787258
587,-0.9300191072037072,,,-4.0340981804971054,8.520087740711046
588,-0.9290956838541833,,,-4.032357580836209,8.526467547987021
589,-0.9281724526420728,,,-4.03061591870493,8.532826721068894
590,-0.9272494136106324,,,-4.028873208570722,8.539165290376335
591,-0.9263265668027815,,,-4.027129464757228,8.54548328629501
592,-0.9254039122611042,,,-4.025384701445711,8.551780739176596
593,-0.9244814500278526,,,-4.0236389326764765,8.558057679338821
594,-0.9235591801449486,,,-4.0218921723502685,8.564314137065487
595,-0.9226371026539866,,,-4.020144434229665,8.5705501426065
596,-0.9217152175962356,,,-4.018395731940448,8.5767657261779
597,-0.9207935250126426,,,-4.016646078972968,8.582960917961886
598,-0.9198720249438335,,,-4.014895488683492,8.589135748106845
599,-0.9189507174301169,,,-4.0131439742955335,8.595290246727386
600,-0.9180296025114858,,,-4.01139154890118,8.60142444390436
601,-0.9171086802276199,,,-4.009638225462398,8.607538369684898
602,-0.9161879506178883,,,-4.007884016812326,8.61363205408243
603,-0.9152674137213515,,,-4.006128935656561,8.61970552707672
604,-0.914347069576764,,,-4.004372994574422,8.625758818613894
605,-0.9134269182225767,,,-4.002616206020213,8.631791958606469
606,-0.9125069596969386,,,-4.0008585823244625,8.637804976933378
607,-0.9115871940376999,,,-3.9991001356951563,8.643797903440001
608,-0.9106676212824139,,,-3.997340878218959,8.649770767938197
609,-0.9097482414683388,,,-3.9955808218624176,8.655723600206326
610,-0.9088290546324408,,,-3.9938199784731605,8.661656429989284
611,-0.9079100608113959,,,-3.9920583597810775,8.66756928699853
612,-0.9069912600415923,,,-3.9902959773994944,8.673462200912113
613,-0.906072652359132,,,-3.988532842826331,8.6793352013747
614,-0.9051542377998342,,,-3.9867689674452507,8.68518831799761
615,-0.9042360163992361,,,-3.985004362526795,8.69102158035884
616,-0.9033179881925962,,,-3.983239039229512,8.696835018003087
617,-0.902400153214896,,,-3.9814730086010686,8.702628660441793
618,-0.9014825115008419,,,-3.979706281579356,8.708402537153159
619,-0.9005650630848678,,,-3.9779388689935793,8.71415667758218
620,-0.8996478080011372,,,-3.9761707815653407,8.719891111140672
621,-0.8987307462835449,,,-3.97440202990971,8.725605867207305
622,-0.8978138779657194,,,-3.9726326245362835,8.731300975127628
623,-0.896897203081025,,,-3.9708625758502354,8.736976464214097
624,-0.895980721662564,,,-3.9690918941533533,8.74263236374611
625,-0.8950644337431783,,,-3.967320589645071,8.748268702970027
626,-0.894148339355452,,,-3.965548672423484,8.75388551109921
627,-0.893232438531713,,,-3.9637761524863584,8.759482817314042
628,-0.8923167313040352,,,-3.9620030397321293,8.765060650761964
629,-0.8914012177042407,,,-3.9602293439608887,8.770619040557495
630,-0.8904858977639017,,,-3.9584550748753644,8.77615801578227
631,-0.8895707715143424,,,-3.9566802420818887,8.781677605485065
632,-0.8886558389866408,,,-3.954904855091357,8.787177838681824
633,-0.8877411002116311,,,-3.9531289233201763,8.792658744355695
634,-0.8868265552199055,,,-3.9513524560912074,8.798120351457051
635,-0.885912204041816,,,-3.9495754626346935,8.803562688903526
636,-0.8849980467074765,,,-3.947797952089183,8.808985785580038
637,-0.8840840832467646,,,-3.946019933502441,8.814389670338823
638,-0.8831703136893235,,,-3.9442414158323515,8.819774371999458
639,-0.8822567380645644,,,-3.9424624079478146,8.825139919348901
640,-0.8813433564016674,,,-3.9406829186296277,8.83048634114151
641,-0.8804301687295844,,,-3.938902956571365,8.835813666099076
642,-0.8795171750770402,,,-3.937122530380243,8.841121922910851
643,-0.878604375472535,,,-3.9353416485779813,8.846411140233577
644,-0.8776917699443456,,,-3.933560319601652,8.851681346691523
645,-0.8767793585205278,,,-3.9317785518045225,8.856932570876499
646,-0.8758671412289178,,,-3.929996353456888,8.862164841347896
647,-0.8749551180971344,,,-3.9282137327468973,8.867378186632717
648,-0.8740432891525804,,,-3.926430697781371,8.872572635225598
649,-0.8731316544224447,,,-3.924647256586609,8.877748215588845
650,-0.8722202139337037,,,-3.9228634171091916,8.882904956152453
651,-0.8713089677131238,,,-3.9210791872167734,8.888042885314148
652,-0.8703979157872623,,,-3.9192945746988683,8.893162031439408
653,-0.8694870581824697,,,-3.917509587267625,8.898262422861494
654,-0.8685763949248912,,,-3.915724232558598,8.90334408788148
655,-0.8676659260404687,,,-3.91393851813151,8.908407054768281
656,-0.8667556515549418,,,-3.912152451471004,8.913451351758683
657,-0.8658455714938507,,,-3.9103660399873927,8.918477007057373
658,-0.8649356858825366,,,-3.908579291017396,8.923484048836968
659,-0.8640259947461443,,,-3.9067922118248726,8.928472505238043
660,-0.8631164981096237,,,-3.905004809601547,8.933442404369162
661,-0.8622071959977309,,,-3.9032170914677238,8.938393774306904
662,-0.8612980884350306,,,-3.901429064473001,8.9433266430959
663,-0.8603891754458974,,,-3.8996407355969716,8.948241038748852
664,-0.8594804570545175,,,-3.89785211174992,8.95313698924657
665,-0.8585719332848899,,,-3.8960631997735113,8.958014522537994
666,-0.8576636041608288,,,-3.894274006441474,8.962873666540233
667,-0.8567554697059646,,,-3.8924845384602755,8.967714449138589
668,-0.8558475299437458,,,-3.890694802469792,8.972536898186583
669,-0.8549397848974402,,,-3.888904805043969,8.977341041505989
670,-0.8540322345901369,,,-3.887114552691478,8.982126906886865
671,-0.8531248790447478,,,-3.8853240518563656,8.986894522087576
672,-0.8522177182840088,,,-3.8835333089186967,8.991643914834828
673,-0.8513107523304818,,,-3.88174233019519,8.996375112823694
674,-0.8504039812065559,,,-3.8799511219398477,9.001088143717647
675,-0.849497404934449,,,-3.8781596903445803,9.005783035148589
676,-0.8485910235362094,,,-3.8763680415398234,9.010459814716878
677,-0.8476848370337173,,,-3.8745761815951494,9.015118509991357
678,-0.8467788454486861,,,-3.872784116519872,9.019759148509383
679,-0.8458730488026641,,,-3.8709918522636473,9.02438175777686
680,-0.844967447117036,,,-3.869199394717064,9.028986365268267
681,-0.8440620404130241,,,-3.867406749712234,9.033572998426685
682,-0.8431568287116901,,,-3.865613923023372,9.038141684663827
683,-0.8422518120339361,,,-3.8638209203673726,9.04269245136007
684,-0.8413469904005065,,,-3.862027747404378,9.04722532586448
685,-0.8404423638319893,,,-3.8602344097383443,9.051740335494841
686,-0.8395379323488174,,,-3.8584409129176005,9.056237507537697
687,-0.8386336959712697,,,-3.8566472624354007,9.06071686924836
688,-0.8377296547194734,,,-3.854853463730472,9.065178447850956
689,-0.8368258086134045,,,-3.8530595221875568,9.069622270538446
690,-0.8359221576728897,,,-3.851265443137949,9.07404836447266
691,-0.8350187019176075,,,-3.8494712318600275,9.078456756784323
692,-0.8341154413670897,,,-3.8476768935797794,9.08284747457309
693,-0.8332123760407227,,,-3.8458824334713233,9.087220544907561
694,-0.832309505957749,,,-3.8440878566574246,9.091575994825329
695,-0.8314068311372682,,,-3.842293168210005,9.095913851332996
696,-0.8305043515982387,,,-3.8404983731506506,9.100234141406208
697,-0.8296020673594786,,,-3.838703476451109,9.104536891989682
698,-0.8286999784396677,,,-3.8369084830337874,9.108822129997236
699,-0.827798084857348,,,-3.835113397772243,9.11308988231182
700,-0.8268963866309255,,,-3.833318225491668,9.117340175785541
701,-0.8259948837786713,,,-3.8315229709693694,9.121573037239695
702,-0.8250935763187229,,,-3.8297276389352493,9.1257884934648
703,-0.8241924642690858,,,-3.8279322340722715,9.129986571220615
704,-0.8232915476476339,,,-3.8261367610169303,9.134167297236178
705,-0.8223908264721118,,,-3.824341224359714,9.138330698209835
706,-0.8214903007601353,,,-3.822545628645559,9.142476800809263
707,-0.820589970529193,,,-3.820749978374306,9.146605631671507
708,-0.8196898357966474,,,-3.8189542780011467,9.150717217403
709,-0.8187898965797361,,,-3.8171585319370682,9.154811584579603
710,-0.817890152895573,,,-3.815362744549292,9.158888759746626
711,-0.8169906047611496,,,-3.8135669201617106,9.16294876941886
712,-0.8160912521933361,,,-3.8117710630553163,9.166991640080601
713,-0.8151920952088828,,,-3.8099751774686297,9.171017398185693
714,-0.8142931338244209,,,-3.808179267598121,9.175026070157543
715,-0.813394368056464,,,-3.806383337598628,9.179017682389155
716,-0.8124957979214092,,,-3.8045873915837713,9.182992261243163
717,-0.8115974234355381,,,-3.802791433626362,9.18694983305185
718,-0.810699244615018,,,-3.800995467758809,9.190890424117192
719,-0.809801261475903,,,-3.799199497973521,9.194814060710874
720,-0.8089034740341356,,,-3.7974035282233034,9.198720769074322
721,-0.8080058823055473,,,-3.795607562421753,9.202610575418738
722,-0.8071084863058596,,,-3.7938116044436465,9.206483505925126
723,-0.8062112860506857,,,-3.7920156581253273,9.210339586744315
724,-0.8053142815555311,,,-3.7902197272650877,9.214178843996999
725,-0.8044174728357949,,,-3.7884238156235472,9.218001303773756
726,-0.8035208599067709,,,-3.7866279269240275,9.221806992135082
727,-0.8026244427836486,,,-3.784832064852923,9.225595935111423
728,-0.8017282214815145,,,-3.7830362330600664,9.229368158703195
729,-0.8008321960153526,,,-3.7812404351590962,9.233123688880823
730,-0.7999363664000462,,,-3.779444674727812,9.236862551584764
731,-0.7990407326503783,,,-3.777648955308535,9.240584772725537
732,-0.7981452947810332,,,-3.7758532804084575,9.244290378183752
733,-0.7972500528065972,,,-3.7740576534999937,9.247979393810141
734,-0.7963550067415596,,,-3.7722620780211256,9.251651845425583
735,-0.7954601566003137,,,-3.7704665573757454,9.255307758821138
736,-0.7945655023971583,,,-3.7686710949339943,9.258947159758074
737,-0.7936710441462981,,,-3.7668756940325974,9.262570073967893
738,-0.792776781861845,,,-3.7650803579751972,9.26617652715236
739,-0.7918827155578191,,,-3.7632850900326824,9.26976654498354
740,-0.7909888452481495,,,-3.7614898934435117,9.273340153103815
741,-0.7900951709466756,,,-3.7596947714140394,9.276897377125923
742,-0.7892016926671477,,,-3.757899727118833,9.280438242632984
743,-0.7883084104232282,,,-3.7561047637009874,9.283962775178523
744,-0.7874153242284927,,,-3.754309884272442,9.287471000286507
745,-0.7865224340964305,,,-3.7525150919142876,9.290962943451367
746,-0.7856297400404461,,,-3.750720389677073,9.294438630138036
747,-0.7847372420738595,,,-3.748925780581111,9.297898085781966
748,-0.783844940209908,,,-3.747131267616777,9.301341335789166
749,-0.7829528344617461,,,-3.7453368537448077,9.304768405536228
750,-0.7820609248424474,,,-3.7435425418965944,9.308179320370352
751,-0.7811692113650046,,,-3.7417483349744773,9.311574105609383
752,-0.7802776940423314,,,-3.7399542358520326,9.314952786541832
753,-0.7793863728872624,,,-3.738160247374359,9.31831538842691
754,-0.7784952479125548,,,-3.7363663723583604,9.321661936494552
755,-0.7776043191308887,,,-3.734572613593028,9.324992455945447
756,-0.7767135865548684,,,-3.7327789738397157,9.328306971951072
757,-0.7758230501970234,,,-3.730985455832416,9.331605509653714
758,-0.7749327100698084,,,-3.7291920622780323,9.334888094166505
759,-0.7740425661856051,,,-3.727398795856648,9.338154750573443
760,-0.7731526185567228,,,-3.725605659221794,9.341405503929424
761,-0.772262867195399,,,-3.7238126550007107,9.344640379260273
762,-0.7713733121138006,,,-3.7220197857946116,9.347859401562772
763,-0.7704839533240243,,,-3.7202270541789417,9.351062595804684
764,-0.769594790838098,,,-3.7184344627036325,9.354249986924792
765,-0.7687058246679812,,,-3.716642013893358,9.357421599832913
766,-0.7678170548255658,,,-3.714849710247784,9.360577459409937
767,-0.7669284813226774,,,-3.7130575542418174,9.363717590507857
768,-0.7660401041710756,,,-3.7112655483258528,9.366842017949786
769,-0.765151923382455,,,-3.709473694926016,9.369950766529998
770,-0.764263938968446,,,-3.7076819964444048,9.37304386101395
771,-0.7633761509406156,,,-3.7058904552593295,9.376121326138314
772,-0.7624885593104682,,,-3.7040990737255486,9.379183186611
773,-0.7616011640894463,,,-3.7023078541745025,9.38222946711119
774,-0.7607139652889315,,,-3.7005167989145464,9.385260192289364
775,-0.759826962920245,,,-3.69872591023118,9.38827538676733
776,-0.7589401569946483,,,-3.696935190387273,9.391275075138246
777,-0.7580535475233445,,,-3.695144641623293,9.394259281966661
778,-0.7571671345174786,,,-3.693354266157527,9.397228031788533
779,-0.7562809179881382,,,-3.6915640661863014,9.400181349111257
780,-0.7553948979463546,,,-3.689774043884201,9.403119258413703
781,-0.7545090744031031,,,-3.6879842014042863,9.406041784146234
782,-0.7536234473693043,,,-3.6861945408783057,9.40894895073074
783,-0.7527380168558242,,,-3.6844050644169086,9.411840782560663
784,-0.7518527828734755,,,-3.682615774109856,9.41471730400103
785,-0.7509677454330178,,,-3.6808266720262273,9.417578539388476
786,-0.7500829045451588,,,-3.679037760214625,9.420424513031275
787,-0.7491982602205546,,,-3.677249040703382,9.423255249209369
788,-0.7483138124698105,,,-3.6754605155007596,9.426070772174393
789,-0.7474295613034823,,,-3.673672186595148,9.428871106149709
790,-0.7465455067320758,,,-3.6718840559552666,9.431656275330427
791,-0.7456616487660486,,,-3.6700961255303555,9.434426303883441
792,-0.7447779874158101,,,-3.6683083972503727,9.437181215947449
793,-0.7438945226917228,,,-3.6665208730261853,9.439921035632985
794,-0.7430112546041022,,,-3.664733554749758,9.44264578702245
795,-0.742128183163218,,,-3.6629464442943425,9.445355494170133
796,-0.7412453083792948,,,-3.6611595435146636,9.44805018110225
797,-0.7403626302625123,,,-3.6593728542471027,9.450729871816959
798,-0.7394801488230065,,,-3.657586378309882,9.453394590284399
799,-0.73859786407087,,,-3.6558001175032433,9.456044360446711
800,-0.7377157760161529,,,-3.6540140736096283,9.458679206218072
801,-0.736833884668863,,,-3.6522282483938553,9.461299151484715
802,-0.735952190038967,,,-3.6504426436032937,9.463904220104967
803,-0.7350706921363906,,,-3.64865726096804,9.466494435909265
804,-0.7341893909710198,,,-3.6468721022010873,9.469069822700199
805,-0.7333082865527006,,,-3.645087168998497,9.471630404252524
806,-0.7324273788912407,,,-3.643302463039566,9.474176204313201
807,-0.7315466679964089,,,-3.641517985986995,9.476707246601416
808,-0.7306661538779368,,,-3.6397337394870535,9.479223554808613
809,-0.7297858365455189,,,-3.6379497251697415,9.481725152598518
810,-0.728905716008813,,,-3.6361659446489547,9.484212063607174
811,-0.7280257922774416,,,-3.634382399522641,9.486684311442957
812,-0.7271460653609912,,,-3.6325990913729638,9.489141919686618
813,-0.7262665352690143,,,-3.6308160217664542,9.4915849118913
814,-0.7253872020110289,,,-3.62903319225417,9.494013311582567
815,-0.7245080655965197,,,-3.627250604371849,9.496427142258437
816,-0.7236291260349383,,,-3.625468259640061,9.498826427389409
817,-0.7227503833357042,,,-3.6236861595643592,9.501211190418482
818,-0.7218718375082047,,,-3.62190430563543,9.503581454761198
819,-0.7209934885617963,,,-3.6201226993292397,9.505937243805652
820,-0.7201153365058046,,,-3.6183413421071835,9.508278580912537
821,-0.7192373813495251,,,-3.6165602354162276,9.510605489415154
822,-0.7183596231022238,,,-3.6147793806890562,9.512917992619457
823,-0.7174820617731376,,,-3.61299877934421,9.515216113804069
824,-0.7166046973714748,,,-3.611218432786231,9.517499876220315
825,-0.7157275299064161,,,-3.609438342405798,9.519769303092245
826,-0.7148505593871144,,,-3.607658509579868,9.522024417616668
827,-0.713973785822696,,,-3.6058789356718113,9.524265242963173
828,-0.7130972092222607,,,-3.604099622031547,9.52649180227416
829,-0.7122208295948825,,,-3.6023205699956766,9.528704118664866
830,-0.7113446469496101,,,-3.6005417808876174,9.530902215223396
831,-0.7104686612954674,,,-3.5987632560177336,9.533086115010745
832,-0.7095928726414539,,,-3.5969849966834655,9.53525584106083
833,-0.7087172809965455,,,-3.5952070041694597,9.537411416380515
834,-0.7078418863696947,,,-3.593429279747696,9.53955286394964
835,-0.7069666887698313,,,-3.591651824677613,9.541680206721045
836,-0.7060916882058625,,,-3.589874640206234,9.543793467620603
837,-0.7052168846866743,,,-3.5880977275682886,9.545892669547243
838,-0.7043422782211309,,,-3.5863210879863394,9.54797783537298
839,-0.7034678688180759,,,-3.584544722670899,9.550048987942935
840,-0.7025936564863323,,,-3.5827686328205512,9.552106150075375
841,-0.7017196412347035,,,-3.580992819622072,9.55414934456173
842,-0.7008458230719735,,,-3.5792172842505456,9.556178594166624
843,-0.6999722020069072,,,-3.5774420278694796,9.558193921627902
844,-0.6990987780482513,,,-3.575667051630923,9.56019534965666
845,-0.6982255512047342,,,-3.5738923566755787,9.562182900937263
846,-0.697352521485067,,,-3.5721179441329176,9.564156598127383
847,-0.6964796888979436,,,-3.57034381512129,9.566116463858021
848,-0.6956070534520414,,,-3.568569970748036,9.568062520733536
849,-0.6947346151560216,,,-3.5667964121095963,9.569994791331668
850,-0.6938623740185296,,,-3.5650231402916206,9.571913298203569
851,-0.6929903300481954,,,-3.563250156369075,9.573818063873826
852,-0.6921184832536346,,,-3.5614774614063482,9.5757091108405
853,-0.6912468336434477,,,-3.5597050564573576,9.577586461575132
854,-0.690375381226222,,,-3.557932942565653,9.579450138522793
855,-0.6895041260105307,,,-3.556161120764521,9.581300164102093
856,-0.6886330680049341,,,-3.554389592077086,9.583136560705217
857,-0.6877622072179796,,,-3.5526183575164136,9.58495935069795
858,-0.6868915436582028,,,-3.550847418085609,9.586768556419704
859,-0.686021077334127,,,-3.549076774777917,9.588564200183548
860,-0.685150808254264,,,-3.54730642857682,9.590346304276224
861,-0.684280736427115,,,-3.545536380456137,9.592114890958188
862,-0.6834108618611702,,,-3.543766631380118,9.593869982463627
863,-0.6825411845649096,,,-3.54199718230354,9.595611601000492
864,-0.6816717045468038,,,-3.5402280341718027,9.59733976875052
865,-0.6808024218153134,,,-3.5384591879210205,9.599054507869264
866,-0.6799333363788902,,,-3.5366906444781168,9.600755840486114
867,-0.6790644482459776,,,-3.5349224047609136,9.602443788704337
868,-0.6781957574250104,,,-3.533154469678224,9.604118374601086
869,-0.6773272639244157,,,-3.531386840129942,9.605779620227443
870,-0.6764589677526132,,,-3.529619517007131,9.607427547608433
871,-0.6755908689180153,,,-3.527852501192112,9.609062178743057
872,-0.6747229674290279,,,-3.5260857935585515,9.61068353560432
873,-0.6738552632940505,,,-3.5243193949715463,9.612291640139253
874,-0.6729877565214766,,,-3.522553306287712,9.613886514268943
875,-0.6721204471196939,,,-3.5207875283552643,9.615468179888557
876,-0.6712533350970852,,,-3.5190220620141055,9.617036658867372
877,-0.6703864204620282,,,-3.517256908095906,9.618591973048797
878,-0.6695197032228963,,,-3.5154920674241876,9.620134144250406
879,-0.6686531833880586,,,-3.5137275408144033,9.621663194263952
880,-0.6677868609658802,,,-3.5119633290740206,9.623179144855413
881,-0.6669207359647232,,,-3.5101994330025983,9.624682017765
882,-0.6660548083929464,,,-3.508435853391867,9.626171834707192
883,-0.6651890782589057,,,-3.506672591025807,9.627648617370761
884,-0.6643235455709549,,,-3.504909646680727,9.6291123874188
885,-0.6634582103374453,,,-3.5031470211253386,9.630563166488749
886,-0.6625930725667271,,,-3.501384715120834,9.632000976192415
887,-0.6617281322671484,,,-3.49962272942096,9.63342583811601
888,-0.6608633894470569,,,-3.4978610647720934,9.634837773820166
889,-0.6599988441147991,,,-3.4960997219133136,9.63623680483997
890,-0.6591344962787214,,,-3.4943387015764764,9.63762295268498
891,-0.6582703459471702,,,-3.492578004486286,9.638996238839264
892,-0.6574063931284917,,,-3.4908176313603665,9.640356684761414
893,-0.6565426378310332,,,-3.4890575829093327,9.641704311884586
894,-0.6556790800631426,,,-3.4872978598368602,9.643039141616512
895,-0.654815719833169,,,-3.4855384628397545,9.644361195339531
896,-0.6539525571494633,,,-3.4837793926080205,9.645670494410618
897,-0.6530895920203781,,,-3.4820206498249293,9.646967060161412
898,-0.6522268244542679,,,-3.4802622351670873,9.648250913898234
899,-0.6513642544594902,,,-3.4785041493045017,9.649522076902121
900,-0.6505018820444047,,,-3.4767463929006466,9.650780570428845
901,-0.6496397072173746,,,-3.4749889666125284,9.652026415708944
902,-0.6487777299867662,,,-3.4732318710907504,9.653259633947748
903,-0.6479159503609495,,,-3.4714751069795784,9.6544802463254
904,-0.6470543683482987,,,-3.4697186749170017,9.65568827399689
905,-0.6461929839571918,,,-3.467962575534798,9.656883738092075
906,-0.6453317971960119,,,-3.4662068094585936,9.658066659715702
907,-0.6444708080731464,,,-3.464451377307928,9.659237059947444
908,-0.6436100165969881,,,-3.4626962796963117,9.660394959841915
909,-0.6427494227759354,,,-3.460941517231288,9.661540380428706
910,-0.6418890266183919,,,-3.4591870905144937,9.6626733427124
911,-0.6410288281327674,,,-3.4574330001417164,9.663793867672608
912,-0.640168827327478,,,-3.4556792467029545,9.664901976263987
913,-0.6393090242109464,,,-3.4539258307824743,9.66599768941627
914,-0.6384494187916018,,,-3.4521727529588686,9.667081028034293
915,-0.6375900110778806,,,-3.450420013805112,9.668152012998013
916,-0.6367308010782267,,,-3.4486676138886185,9.669210665162543
917,-0.6358717888010913,,,-3.446915553771297,9.670257005358174
918,-0.6350129742549337,,,-3.445163834009606,9.671291054390396
919,-0.6341543574482212,,,-3.4434124551546086,9.672312833039934
920,-0.6332959383894295,,,-3.441661417752027,9.673322362062763
921,-0.6324377170870431,,,-3.4399107223422956,9.674319662190136
922,-0.6315796935495551,,,-3.4381603694606135,9.67530475412862
923,-0.6307218677854679,,,-3.436410359636999,9.676277658560103
924,-0.6298642398032934,,,-3.434660693396338,9.677238396141838
925,-0.6290068096115531,,,-3.4329113712584407,9.678186987506455
926,-0.6281495772187783,,,-3.4311623937380875,9.679123453261992
927,-0.6272925426335106,,,-3.429413761345082,9.680047813991921
928,-0.626435705864302,,,-3.4276654745843014,9.680960090255171
929,-0.625579066919715,,,-3.425917533955744,9.681860302586157
930,-0.6247226258083232,,,-3.424169939954581,9.6827484714948
931,-0.623866382538711,,,-3.4224226930712014,9.68362461746656
932,-0.6230103371194744,,,-3.4206757937912635,9.68448876096245
933,-0.622154489559221,,,-3.4189292425957403,9.685340922419075
934,-0.6212988398665703,,,-3.4171830399609675,9.686181122248644
935,-0.6204433880501535,,,-3.415437186358689,9.687009380839006
936,-0.6195881341186145,,,-3.4136916822561054,9.68782571855367
937,-0.6187330780806094,,,-3.4119465281159167,9.688630155731827
938,-0.6178782199448073,,,-3.4102017243963694,9.689422712688383
939,-0.6170235597198902,,,-3.4084572715513017,9.690203409713982
940,-0.6161690974145532,,,-3.4067131700301863,9.690972267075024
941,-0.6153148330375048,,,-3.4049694202781753,9.6917293050137
942,-0.6144607665974672,,,-3.4032260227361433,9.69247454374801
943,-0.6136068981031765,,,-3.401482977840731,9.693208003471794
944,-0.6127532275633828,,,-3.3997402860243873,9.693929704354746
945,-0.6118997549868506,,,-3.3979979477154107,9.694639666542455
946,-0.6110464803823585,,,-3.396255963337994,9.69533791015642
947,-0.6101934037587005,,,-3.394514333312261,9.696024455294074
948,-0.6093405251246847,,,-3.392773058054312,9.696699322028811
949,-0.608487844489135,,,-3.391032137976263,9.697362530410016
950,-0.6076353618608902,,,-3.389291573486283,9.698014100463084
951,-0.6067830772488049,,,-3.3875513649886377,9.698654052189443
952,-0.6059309906617492,,,-3.3858115128837274,9.699282405566587
953,-0.6050791021086093,,,-3.384072017568125,9.69989918054809
954,-0.6042274115982874,,,-3.3823328794346157,9.700504397063645
955,-0.6033759191397022,,,-3.380594098872235,9.701098075019075
956,-0.6025246247417889,,,-3.3788556762663067,9.701680234296363
957,-0.6016735284134993,,,-3.3771176119984796,9.702250894753682
958,-0.6008226301638021,,,-3.3753799064467644,9.702810076225411
959,-0.5999719300016833,,,-3.373642559985573,9.703357798522164
960,-0.5991214279361459,,,-3.3719055729857508,9.703894081430816
961,-0.5982711239762107,,,-3.370168945814616,9.704418944714522
962,-0.5974210181309161,,,-3.368432678835994,9.704932408112752
963,-0.5965711104093182,,,-3.3666967724102523,9.705434491341306
964,-0.5957214008204912,,,-3.3649612268943363,9.705925214092339
965,-0.5948718893735276,,,-3.3632260426418026,9.706404596034393
966,-0.5940225760775384,,,-3.361491220002855,9.706872656812413
967,-0.5931734609416529,,,-3.3597567593243776,9.70732941604778
968,-0.5923245439750193,,,-3.358022660949967,9.707774893338328
969,-0.5914758251868049,,,-3.3562889252199675,9.708209108258371
970,-0.5906273045861958,,,-3.354555552471504,9.70863208035873
971,-0.5897789821823978,,,-3.3528225430385126,9.70904382916675
972,-0.5889308579846357,,,-3.3510898972517755,9.70944437418634
973,-0.5880829320021543,,,-3.3493576154389504,9.709833734897977
974,-0.5872352042442182,,,-3.347625697924604,9.710211930758744
975,-0.5863876747201116,,,-3.3458941450302424,9.710578981202353
976,-0.5855403434391392,,,-3.344162957074342,9.710934905639165
977,-0.5846932104106258,,,-3.3424321343723813,9.711279723456219
978,-0.583846275643917,,,-3.3407016772368703,9.711613454017249
979,-0.5829995391483787,,,-3.33897158597738,9.711936116662715
980,-0.5821530009333975,,,-3.3372418609005736,9.712247730709828
981,-0.5813066610083814,,,-3.335512502310236,9.712548315452569
982,-0.5804605193827591,,,-3.3337835105073013,9.712837890161715
983,-0.5796145760659809,,,-3.3320548857898835,9.713116474084865
984,-0.5787688310675183,,,-3.3303266284533044,9.71338408644646
985,-0.5779232843968646,,,-3.3285987387901215,9.713640746447815
986,-0.5770779360635345,,,-3.3268712170901575,9.713886473267134
987,-0.576232786077065,,,-3.325144063640527,9.714121286059541
988,-0.5753878344470147,,,-3.3234172787256626,9.714345203957098
989,-0.5745430811829648,,,-3.3216908626273463,9.714558246068837
990,-0.5736985262945188,,,-3.319964815624732,9.714760431480773
991,-0.5728541697913024,,,-3.3182391379943748,9.714951779255939
992,-0.5720100116829643,,,-3.316513830010257,9.715132308434404
993,-0.5711660519791757,,,-3.3147888919438135,9.715302038033295
994,-0.5703222906896309,,,-3.313064324063959,9.715460987046828
995,-0.5694787278240472,,,-3.311340126637112,9.715609174446328
996,-0.5686353633921651,,,-3.309616299927222,9.715746619180251
997,-0.5677921974037486,,,-3.3078928441957927,9.715873340174209
998,-0.5669492298685852,,,-3.3061697597019095,9.715989356330995
999,-0.5661064607964857,,,-3.304447046702262,9.716094686530607
1000,-0.5652638901972851,,,-3.3027247054511695,9.716189349630271
1001,-0.564421518080842,,,-3.3010027362006036,9.716273364464463
1002,-0.5635793444570393,,,-3.2992811392002146,9.716346749844936
1003,-0.5627373693357839,,,-3.297559914697353,9.71640952456074
1004,-0.5618955927270071,,,-3.2958390629370955,9.716461707378253
1005,-0.5610540146406646,,,-3.294118584162265,9.716503317041195
1006,-0.5602126350867368,,,-3.2923984786134555,9.716534372270656
1007,-0.5593714540752286,,,-3.2906787465290557,9.716554891765124
1008,-0.55853047161617,,,-3.28895938814527,9.716564894200497
1009,-0.5576896877196157,,,-3.2872404036961407,9.71656439823012
1010,-0.5568491023956457,,,-3.2855217934135714,9.716553422484802
1011,-0.556008715654365,,,-3.2838035575273485,9.716531985572837
1012,-0.5551685275059043,,,-3.2820856962651623,9.716500106080034
1013,-0.5543285379604194,,,-3.280368209852629,9.716457802569733
1014,-0.5534887470280919,,,-3.278651098513311,9.716405093582836
1015,-0.5526491547191291,,,-3.2769343624687397,9.716341997637825
1016,-0.551809761043764,,,-3.275218001938435,9.716268533230787
1017,-0.5509705660122557,,,-3.273502017139926,9.71618471883544
1018,-0.5501315696348893,,,-3.2717864082887718,9.71609057290315
1019,-0.5492927719219761,,,-3.2700711755985816,9.715986113862963
1020,-0.5484541728838539,,,-3.268356319281035,9.71587136012162
1021,-0.5476157725308866,,,-3.266641839545902,9.715746330063583
1022,-0.5467775708734647,,,-3.2649277366010607,9.715611042051064
1023,-0.5459395679220056,,,-3.2632140106525194,9.715465514424043
1024,-0.5451017636869533,,,-3.2615006619044347,9.715309765500287
1025,-0.5442641581787786,,,-3.2597876905591296,9.71514381357538
1026,-0.5434267514079795,,,-3.258075096817114,9.714967676922747
1027,-0.5425895433850808,,,-3.2563628808771026,9.714781373793672
1028,-0.5417525341206348,,,-3.2546510429360334,9.714584922417323
1029,-0.5409157236252211,,,-3.2529395831890855,9.714378341000776
1030,-0.5400791119094466,,,-3.251228501829699,9.714161647729037
1031,-0.5392426989839456,,,-3.249517799049591,9.713934860765068
1032,-0.5384064848593805,,,-3.247807475038774,9.713697998249804
1033,-0.5375704695464409,,,-3.246097529985574,9.713451078302185
1034,-0.5367346530558448,,,-3.2443879640766466,9.71319411901917
1035,-0.5358990353983376,,,-3.2426787774969967,9.712927138475761
1036,-0.5350636165846931,,,-3.2409699704299935,9.712650154725035
1037,-0.5342283966257133,,,-3.2392615430573874,9.712363185798157
1038,-0.5333933755322282,,,-3.237553495559328,9.71206624970441
1039,-0.5325585533150964,,,-3.235845828114379,9.71175936443121
1040,-0.5317239299852048,,,-3.234138540899537,9.711442547944134
1041,-0.5308895055534688,,,-3.2324316340902453,9.711115818186947
1042,-0.5300552800308328,,,-3.2307251078604122,9.710779193081615
1043,-0.5292212534282695,,,-3.229018962382425,9.710432690528334
1044,-0.5283874257567809,,,-3.227313197827166,9.710076328405552
1045,-0.5275537970273975,,,-3.2256078143640297,9.709710124569993
1046,-0.5267203672511791,,,-3.2239028121609374,9.709334096856674
1047,-0.5258871364392146,,,-3.2221981913843516,9.708948263078936
1048,-0.525054104602622,,,-3.2204939521992926,9.70855264102846
1049,-0.5242212717525488,,,-3.218790094769352,9.708147248475292
1050,-0.5233886379001719,,,-3.2170866192567096,9.707732103167869
1051,-0.5225562030566975,,,-3.215383525822146,9.707307222833034
1052,-0.5217239672333615,,,-3.2136808146250586,9.706872625176066
1053,-0.5208919304414295,,,-3.211978485823475,9.706428327880701
1054,-0.5200600926921968,,,-3.210276539574069,9.705974348609148
1055,-0.5192284539969886,,,-3.208574976032172,9.705510705002121
1056,-0.5183970143671601,,,-3.20687379535179,9.705037414678856
1057,-0.5175657738140964,,,-3.205172997685615,9.704554495237133
1058,-0.5167347323492127,,,-3.203472583185041,9.704061964253304
1059,-0.5159038899839546,,,-3.2017725520001745,9.703559839282308
1060,-0.5150732467297978,,,-3.200072904279852,9.7030481378577
1061,-0.5142428025982484,,,-3.198373640171649,9.702526877491668
1062,-0.5134125576008428,,,-3.1966747598218976,9.701996075675059
1063,-0.5125825117491483,,,-3.1949762633756955,9.701455749877399
1064,-0.5117526650547624,,,-3.1932781509769215,9.700905917546919
1065,-0.5109230175293135,,,-3.1915804227682476,9.700346596110572
1066,-0.5100935691844607,,,-3.1898830788911514,9.699777802974062
1067,-0.509264320031894,,,-3.188186119485929,9.699199555521858
1068,-0.5084352700833344,,,-3.1864895446917076,9.69861187111722
1069,-0.5076064193505337,,,-3.184793354646457,9.69801476710223
1070,-0.506777767845275,,,-3.183097549487003,9.697408260797795
1071,-0.5059493155793723,,,-3.1814021293490384,9.696792369503688
1072,-0.505121062564671,,,-3.1797070943671355,9.69616711049856
1073,-0.504293008813048,,,-3.1780124446747573,9.695532501039965
1074,-0.503465154336411,,,-3.176318180404271,9.694888558364381
1075,-0.5026374991466999,,,-3.1746243016869564,9.694235299687232
1076,-0.5018100432558855,,,-3.1729308086530206,9.693572742202912
1077,-0.5009827866759706,,,-3.171237701431608,9.692900903084807
1078,-0.5001557294189896,,,-3.1695449801508113,9.692219799485311
1079,-0.49932887149700833,,,-3.167852644937683,9.691529448535862
1080,-0.4985022129221249,,,-3.1661606959182467,9.690829867346944
1081,-0.497675753706469,,,-3.164469133217507,9.690121073008127
1082,-0.4968494938622024,,,-3.162777956959461,9.689403082588079
1083,-0.4960234334015189,,,-3.1610871672671106,9.688675913134594
1084,-0.4951975723366443,,,-3.15939676426247,9.687939581674605
1085,-0.4943719106798367,,,-3.157706748066578,9.687194105214218
1086,-0.49354644844338635,,,-3.156017118799509,9.686439500738718
1087,-0.4927211856396158,,,-3.154327876580382,9.685675785212611
1088,-0.49189612228088,,,-3.1526390215273703,9.684902975579629
1089,-0.4910712583795662,,,-3.1509505537577143,9.684121088762756
1090,-0.4902465939480944,,,-3.1492624733877284,9.683330141664257
1091,-0.4894221289989169,,,-3.147574780532813,9.682530151165688
1092,-0.4885978635445188,,,-3.1458874753074633,9.68172113412793
1093,-0.48777379759741774,,,-3.144200557825279,9.6809031073912
1094,-0.4869499311701643,,,-3.1425140281989745,9.68007608777508
1095,-0.4861262642753416,,,-3.140827886540388,9.679240092078532
1096,-0.48530279692556594,,,-3.1391421329604907,9.67839513707993
1097,-0.4844795291334863,,,-3.1374567675693967,9.677541239537069
1098,-0.4836564609117848,,,-3.1357717904763724,9.676678416187197
1099,-0.4828335922731766,,,-3.134087201789844,9.67580668374703
1100,-0.48201092323041,,,-3.132403001617409,9.674926058912778
1101,-0.48118845379626635,,,-3.130719190065843,9.67403655836016
1102,-0.4803661839835603,,,-3.12903576724111,9.673138198744438
1103,-0.47954411380513984,,,-3.1273527332483706,9.67223099670042
1104,-0.4787222432738863,,,-3.1256700881919897,9.671314968842502
1105,-0.4779005724027144,,,-3.123987832175547,9.670390131764671
1106,-0.47707910120457225,,,-3.122305965301846,9.66945650204054
1107,-0.4762578296924416,,,-3.1206244876729192,9.66851409622336
1108,-0.47543675787933776,,,-3.118943399390039,9.66756293084605
1109,-0.47461588577830954,,,-3.1172627005537255,9.66660302242121
1110,-0.4737952134024396,,,-3.115582391263754,9.665634387441148
1111,-0.4729747407648442,,,-3.1139024716191654,9.6646570423779
1112,-0.4721544678786735,,,-3.1122229417182705,9.663671003683246
1113,-0.4713343947571115,,,-3.110543801658661,9.662676287788745
1114,-0.470514521413376,,,-3.1088650515372165,9.661672911105738
1115,-0.4696948478607189,,,-3.107186691450112,9.660660890025383
1116,-0.468875374112426,,,-3.105508721492825,9.659640240918671
1117,-0.4680561001818172,,,-3.103831141760145,9.658610980136448
1118,-0.4672370260822465,,,-3.1021539523461796,9.657573124009437
1119,-0.466418151827102,,,-3.1004771533443627,9.656526688848254
1120,-0.46559947742980606,,,-3.0988007448474613,9.655471690943438
1121,-0.46478100290381535,,,-3.097124726947583,9.654408146565466
1122,-0.46396272826262075,,,-3.0954490997361837,9.653336071964773
1123,-0.46314465351974754,,,-3.093773863304074,9.652255483371777
1124,-0.4623267786887554,,,-3.0920990177414285,9.651166396996897
1125,-0.46150910378323845,,,-3.0904245631377893,9.65006882903058
1126,-0.46069162881682535,,,-3.0887504995820763,9.648962795643316
1127,-0.45987435380317926,,,-3.0870768271625924,9.647848312985655
1128,-0.459057278755998,,,-3.0854035459670297,9.646725397188238
1129,-0.4582404036890139,,,-3.083730656082479,9.645594064361813
1130,-0.4574237286159942,,,-3.082058157595435,9.644454330597256
1131,-0.4566072535507406,,,-3.0803860505918004,9.643306211965589
1132,-0.4557909785070898,,,-3.078714335156897,9.642149724518012
1133,-0.4549749034989131,,,-3.07704301137547,9.640984884285904
1134,-0.45415902854011697,,,-3.0753720793316934,9.639811707280867
1135,-0.4533433536446425,,,-3.073701539109179,9.638630209494725
1136,-0.4525278788264659,,,-3.07203139079098,9.637440406899563
1137,-0.4517126040995983,,,-3.070361634459599,9.636242315447735
1138,-0.4508975294780859,,,-3.068692270196995,9.635035951071893
1139,-0.45008265497601,,,-3.0670232980845866,9.633821329685004
1140,-0.449267980607487,,,-3.065354718203261,9.632598467180369
1141,-0.4484535063866685,,,-3.0636865306333783,9.631367379431646
1142,-0.44763923232774117,,,-3.0620187354547777,9.630128082292869
1143,-0.4468251584449271,,,-3.0603513327467846,9.628880591598474
1144,-0.4460112847524836,,,-3.058684322588215,9.627624923163312
1145,-0.44519761126470325,,,-3.057017705057383,9.626361092782675
1146,-0.4443841379959141,,,-3.0553514802321033,9.625089116232314
1147,-0.44357086496047954,,,-3.053685648189701,9.623809009268458
1148,-0.4427577921727984,,,-3.052020209007013,9.62252078762784
1149,-0.44194491964730515,,,-3.050355162760399,9.621224467027712
1150,-0.4411322473984695,,,-3.0486905095257413,9.619920063165871
1151,-0.4403197754407969,,,-3.0470262493784532,9.618607591720671
1152,-0.43950750378882847,,,-3.0453623823934843,9.617287068351054
1153,-0.43869543245714077,,,-3.043698908645326,9.61595850869656
1154,-0.4378835614603462,,,-3.0420358282080158,9.614621928377355
1155,-0.4370718908130927,,,-3.0403731411551425,9.613277342994248
1156,-0.4362604205300642,,,-3.038710847559853,9.611924768128715
1157,-0.4354491506259802,,,-3.037048947494856,9.61056421934291
1158,-0.4346380811155961,,,-3.035387441032427,9.609195712179698
1159,-0.4338272120137031,,,-3.0337263282444145,9.607819262162666
1160,-0.4330165433351284,,,-3.0320656092022444,9.606434884796148
1161,-0.432206075094735,,,-3.030405283976924,9.605042595565239
1162,-0.43139580730742194,,,-3.0287453526390498,9.603642409935826
1163,-0.43058573998812416,,,-3.0270858152588076,9.602234343354601
1164,-0.42977587315181276,,,-3.0254266719059824,9.600818411249076
1165,-0.4289662068134948,,,-3.0237679226499585,9.599394629027616
1166,-0.4281567409882134,,,-3.022109567559729,9.597963012079449
1167,-0.42734747569104786,,,-3.020451606703896,9.596523575774688
1168,-0.4265384109371137,,,-3.018794040150678,9.59507633546436
1169,-0.42572954674156255,,,-3.017136867967914,9.59362130648041
1170,-0.42492088311958226,,,-3.015480090223066,9.592158504135737
1171,-0.42411242008639694,,,-3.013823706983227,9.590687943724202
1172,-0.423304157657267,,,-3.0121677183151228,9.589209640520655
1173,-0.4224960958474891,,,-3.010512124285117,9.587723609780953
1174,-0.4216882346723963,,,-3.0088569249592156,9.586229866741977
1175,-0.4208805741473581,,,-3.0072021204030714,9.584728426621659
1176,-0.4200731142877802,,,-3.005547710681988,9.583219304618995
1177,-0.419265855109105,,,-3.0038936958609237,9.581702515914069
1178,-0.41845879662681124,,,-3.0022400760044965,9.58017807566807
1179,-0.41765193885641405,,,-3.0005868511769878,9.578645999023314
1180,-0.41684528181346525,,,-2.998934021442346,9.577106301103264
1181,-0.4160388255135531,,,-2.997281586864192,9.575558997012548
1182,-0.4152325699723025,,,-2.995629547505821,9.574004101836984
1183,-0.414426515205375,,,-2.9939779034302094,9.572441630643588
1184,-0.41362066122846863,,,-2.992326654700015,9.57087159848061
1185,-0.4128150080573182,,,-2.9906758013775843,9.569294020377537
1186,-0.4120095557076952,,,-2.989025343524955,9.567708911345129
1187,-0.4112043041954078,,,-2.9873752812038594,9.566116286375424
1188,-0.410399253536301,,,-2.985725614475729,9.564516160441768
1189,-0.4095944037462565,,,-2.9840763434016977,9.562908548498829
1190,-0.40878975484119273,,,-2.982427468042606,9.56129346548262
1191,-0.4079853068370651,,,-2.980778988459004,9.55967092631052
1192,-0.40718105974986574,,,-2.979130904711155,9.558040945881286
1193,-0.4063770135956237,,,-2.977483216859041,9.55640353907508
1194,-0.405573168390405,,,-2.975835924962363,9.554758720753483
1195,-0.4047695241503125,,,-2.9741890290805477,9.553106505759526
1196,-0.40396608089148595,,,-2.9725425292727485,9.551446908917693
1197,-0.4031628386301022,,,-2.9708964255978505,9.549779945033952
1198,-0.4023597973823751,,,-2.9692507181144743,9.548105628895767
1199,-0.4015569571645554,,,-2.9676054068809767,9.546423975272129
1200,-0.40075431799293104,,,-2.965960491955458,9.544734998913562
1201,-0.3999518798838269,,,-2.9643159733957622,9.543038714552152
1202,-0.39914964285360505,,,-2.962671851259481,9.54133513690156
1203,-0.39834760691866455,,,-2.9610281256039586,9.539624280657048
1204,-0.3975457720954418,,,-2.959384796486292,9.53790616049549
1205,-0.3967441384004101,,,-2.9577418639633377,9.536180791075402
1206,-0.39594270585008023,,,-2.9560993280917125,9.53444818703695
1207,-0.39514147446099995,,,-2.954457188927797,9.532708363001978
1208,-0.39434044424975434,,,-2.952815446527739,9.530961333574021
1209,-0.3935396152329657,,,-2.9511741009474566,9.52920711333833
1210,-0.39273898742729363,,,-2.9495331522426413,9.527445716861886
1211,-0.39193856084943496,,,-2.947892600468761,9.525677158693425
1212,-0.3911383355161239,,,-2.9462524456810617,9.523901453363449
1213,-0.39033831144413206,,,-2.9446126879345735,9.522118615384256
1214,-0.3895384886502682,,,-2.9429733272841103,9.520328659249948
1215,-0.38873886715137856,,,-2.9413343637842746,9.51853159943646
1216,-0.3879394469643469,,,-2.9396957974894593,9.516727450401572
1217,-0.38714022810609416,,,-2.9380576284538518,9.514916226584928
1218,-0.3863412105935789,,,-2.936419856731435,9.513097942408063
1219,-0.38554239444379707,,,-2.9347824823759923,9.511272612274414
1220,-0.3847437796737821,,,-2.933145505441108,9.509440250569344
1221,-0.38394536630060483,,,-2.931508925980173,9.507600871660156
1222,-0.38314715434137375,,,-2.929872744046383,9.505754489896114
1223,-0.3823491438132348,,,-2.928236959692747,9.50390111960847
1224,-0.3815513347333715,,,-2.9266015729720842,9.502040775110467
1225,-0.3807537271190049,,,-2.9249665839370307,9.500173470697371
1226,-0.3799563209873937,,,-2.9233319926400405,9.498299220646487
1227,-0.3791591163558341,,,-2.921697799133388,9.496418039217172
1228,-0.37836211324166,,,-2.9200640034691707,9.494529940650864
1229,-0.37756531166224294,,,-2.9184306056993123,9.492634939171092
1230,-0.3767687116349921,,,-2.9167976058755642,9.4907330489835
1231,-0.37597231317735424,,,-2.9151650040495083,9.488824284275866
1232,-0.375176116306814,,,-2.9135328002725607,9.486908659218113
1233,-0.3743801210408936,,,-2.9119009945959715,9.484986187962338
1234,-0.3735843273971529,,,-2.9102695870708297,9.483056884642826
1235,-0.37278873539318974,,,-2.908638577748065,9.481120763376069
1236,-0.37199334504663956,,,-2.907007966678448,9.479177838260783
1237,-0.3711981563751755,,,-2.9053777539125965,9.477228123377932
1238,-0.37040316939650864,,,-2.903747939500974,9.47527163279074
1239,-0.3696083841283878,,,-2.9021185234938947,9.473308380544717
1240,-0.36881380058859964,,,-2.900489505941523,9.471338380667673
1241,-0.3680194187949686,,,-2.89886088689388,9.469361647169732
1242,-0.36722523876535695,,,-2.8972326664008405,9.467378194043363
1243,-0.36643126051766495,,,-2.8956048445121394,9.465388035263386
1244,-0.3656374840698306,,,-2.8939774212773717,9.463391184787003
1245,-0.3648439094398299,,,-2.8923503967459947,9.461387656553802
1246,-0.3640505366456767,,,-2.8907237709673312,9.459377464485788
1247,-0.3632573657054228,,,-2.8890975439905713,9.457360622487396
1248,-0.36246439663715785,,,-2.887471715864774,9.455337144445508
1249,-0.3616716294590096,,,-2.8858462866388694,9.45330704422948
1250,-0.3608790641891436,,,-2.884221256361661,9.451270335691145
1251,-0.36008670084576355,,,-2.882596625081827,9.449227032664847
1252,-0.359294539447111,,,-2.8809723928479243,9.447177148967453
1253,-0.3585025800114655,,,-2.8793485597083874,9.44512069839837
1254,-0.35771082255714476,,,-2.877725125711533,9.443057694739563
1255,-0.3569192671025043,,,-2.876102090905561,9.44098815175558
1256,-0.35612791366593793,,,-2.8744794553385553,9.43891208319356
1257,-0.35533676226587735,,,-2.872857219058489,9.436829502783262
1258,-0.35454581292079235,,,-2.8712353821132215,9.434740424237075
1259,-0.3537550656491908,,,-2.8696139445505056,9.432644861250044
1260,-0.35296452046961874,,,-2.8679929064179843,9.430542827499877
1261,-0.3521741774006602,,,-2.866372267763197,9.428434336646976
1262,-0.3513840364609374,,,-2.8647520286335784,9.426319402334446
1263,-0.35059409766911065,,,-2.8631321890764614,9.424198038188116
1264,-0.3498043610438784,,,-2.861512749139079,9.422070257816562
1265,-0.34901482660397726,,,-2.859893708868566,9.419936074811119
1266,-0.348225494368182,,,-2.85827506831196,9.417795502745896
1267,-0.34743636435530556,,,-2.856656827516204,9.415648555177809
1268,-0.3466474365841991,,,-2.855038986528148,9.413495245646578
1269,-0.34585871107375193,,,-2.8534215453945504,9.411335587674767
1270,-0.3450701878428915,,,-2.85180450416208,9.409169594767784
1271,-0.3442818669105836,,,-2.850187862877317,9.406997280413911
1272,-0.3434937482958322,,,-2.8485716215867556,9.404818658084316
1273,-0.34270583201767946,,,-2.846955780336805,9.402633741233073
1274,-0.34191811809520584,,,-2.84534033917379,9.400442543297176
1275,-0.34113060654753,,,-2.8437252981439562,9.398245077696567
1276,-0.340343297393809,,,-2.842110657293467,9.396041357834145
1277,-0.33955619065323794,,,-2.8404964166684086,9.393831397095786
1278,-0.33876928634505044,,,-2.8388825763147896,9.391615208850359
1279,-0.3379825844885182,,,-2.8372691362785427,9.389392806449752
1280,-0.3371960851029514,,,-2.8356560966055278,9.387164203228881
1281,-0.33640978820769846,,,-2.834043457341531,9.384929412505711
1282,-0.3356236938221461,,,-2.8324312185322698,9.382688447581275
1283,-0.33483780196571933,,,-2.8308193802233896,9.38044132173969
1284,-0.33405211265788165,,,-2.8292079424604704,9.378188048248177
1285,-0.3332666259181348,,,-2.8275969052890235,9.375928640357076
1286,-0.3324813417660188,,,-2.825986268754496,9.373663111299866
1287,-0.33169626022111215,,,-2.8243760329022716,9.371391474293185
1288,-0.3309113813030317,,,-2.8227661977776712,9.36911374253684
1289,-0.3301267050314327,,,-2.821156763425955,9.36682992921383
1290,-0.3293422314260087,,,-2.8195477298923244,9.364540047490369
1291,-0.32855796050649166,,,-2.817939097221921,9.362244110515888
1292,-0.327773892292652,,,-2.8163308654598316,9.359942131423074
1293,-0.3269900268042986,,,-2.8147230346510863,9.357634123327866
1294,-0.3262063640612786,,,-2.8131156048406614,9.355320099329491
1295,-0.3254229040834777,,,-2.8115085760734804,9.353000072510468
1296,-0.32463964689081987,,,-2.8099019483944154,9.350674055936635
1297,-0.32385659250326765,,,-2.8082957218482876,9.348342062657158
1298,-0.32307374094082203,,,-2.80668989647987,9.346004105704559
1299,-0.3222910922235224,,,-2.805084472333888,9.343660198094723
1300,-0.32150864637144666,,,-2.8034794494550197,9.341310352826923
1301,-0.3207264034047111,,,-2.8018748278878984,9.338954582883835
1302,-0.3199443633434705,,,-2.8002706076771133,9.336592901231553
1303,-0.31916252620791813,,,-2.7986667888672114,9.33422532081961
1304,-0.3183808920182858,,,-2.7970633715026976,9.331851854580997
1305,-0.3175994607948437,,,-2.795460355628036,9.32947251543217
1306,-0.3168182325579006,,,-2.7938577412876526,9.327087316273087
1307,-0.3160372073278037,,,-2.792255528525934,9.324696269987202
1308,-0.3152563851249388,,,-2.790653717387231,9.322299389441499
1309,-0.31447576596973015,,,-2.789052307915857,9.319896687486505
1310,-0.3136953498826405,,,-2.787451300156093,9.317488176956305
1311,-0.3129151368841711,,,-2.785850694152185,9.315073870668561
1312,-0.31213512699486184,,,-2.7842504899483465,9.312653781424531
1313,-0.31135532023529106,,,-2.78265068758876,9.310227922009082
1314,-0.31057571662607564,,,-2.7810512871175783,9.30779630519071
1315,-0.309796316187871,,,-2.779452288578924,9.30535894372156
1316,-0.3090171189413712,,,-2.7778536920168917,9.302915850337435
1317,-0.3082381249073087,,,-2.7762554974755504,9.300467037757823
1318,-0.3074593341064546,,,-2.774657704998941,9.29801251868591
1319,-0.3066807465596186,,,-2.7730603146310804,9.295552305808593
1320,-0.3059023622876488,,,-2.771463326415962,9.293086411796503
1321,-0.30512418131143204,,,-2.769866740397555,9.29061484930402
1322,-0.30434620365189374,,,-2.7682705566198083,9.288137630969292
1323,-0.3035684293299978,,,-2.7666747751266483,9.285654769414247
1324,-0.3027908583667467,,,-2.7650793959619815,9.283166277244616
1325,-0.30201349078318157,,,-2.763484419169697,9.280672167049948
1326,-0.3012363266003821,,,-2.7618898447936635,9.278172451403623
1327,-0.30045936583946653,,,-2.760295672877734,9.275667142862877
1328,-0.2996826085215918,,,-2.758701903465746,9.273156253968814
1329,-0.29890605466795334,,,-2.7571085366015207,9.27063979724642
1330,-0.29812970429978525,,,-2.7555155723288647,9.268117785204584
1331,-0.2973535574383602,,,-2.753923010691572,9.265590230336121
1332,-0.2965776141049895,,,-2.7523308517334235,9.263057145117777
1333,-0.29580187432102306,,,-2.750739095498189,9.260518542010253
1334,-0.2950263381078494,,,-2.7491477420296278,9.257974433458218
1335,-0.2942510054868956,,,-2.7475567913714887,9.255424831890332
1336,-0.2934758764796275,,,-2.7459662435675116,9.252869749719258
1337,-0.2927009511075494,,,-2.744376098661429,9.250309199341677
1338,-0.29192622939220436,,,-2.742786356696966,9.247743193138312
1339,-0.291151711355174,,,-2.74119701771784,9.245171743473941
1340,-0.2903773970180785,,,-2.739608081767765,9.242594862697409
1341,-0.2896032864025769,,,-2.7380195488904486,9.24001256314165
1342,-0.2888293795303666,,,-2.7364314191295955,9.23742485712371
1343,-0.2880556764231838,,,-2.734843692528907,9.234831756944748
1344,-0.2872821771028033,,,-2.7332563691320813,9.232233274890067
1345,-0.28650888159103854,,,-2.731669448982817,9.229629423229124
1346,-0.28573578990974163,,,-2.7300829321248092,9.227020214215544
1347,-0.2849629020808032,,,-2.728496818601756,9.224405660087148
1348,-0.28419021812615275,,,-2.7269111084573545,9.221785773065958
1349,-0.28341773806775816,,,-2.725325801735304,9.219160565358216
1350,-0.2826454619276262,,,-2.723740898479306,9.216530049154406
1351,-0.28187338972780207,,,-2.7221563987330653,9.213894236629265
1352,-0.2811015214903698,,,-2.720572302540291,9.211253139941805
1353,-0.280329857237452,,,-2.718988609944695,9.208606771235322
1354,-0.27955839699120993,,,-2.717405320989997,9.205955142637421
1355,-0.2787871407738435,,,-2.715822435719921,9.203298266260028
1356,-0.2780160886075912,,,-2.714239954178199,9.200636154199401
1357,-0.2772452405147303,,,-2.7126578764085694,9.197968818536161
1358,-0.2764745965175767,,,-2.7110762024547785,9.195296271335295
1359,-0.2757041566384849,,,-2.7094949323605824,9.192618524646178
1360,-0.2749339208998481,,,-2.7079140661697463,9.189935590502593
1361,-0.2741638893240981,,,-2.706333603926046,9.187247480922736
1362,-0.2733940619337054,,,-2.7047535456732676,9.184554207909242
1363,-0.27262443875117925,,,-2.703173891455209,9.181855783449205
1364,-0.27185501979906734,,,-2.70159464131568,9.179152219514183
1365,-0.27108580509995617,,,-2.700015795298505,9.17644352806022
1366,-0.2703167946764709,,,-2.698437353447519,9.173729721027867
1367,-0.26954798855127526,,,-2.6968593158065732,9.171010810342187
1368,-0.2687793867470717,,,-2.695281682419533,9.168286807912784
1369,-0.26801098928660133,,,-2.693704453330279,9.165557725633807
1370,-0.26724279619264385,,,-2.692127628582708,9.16282357538398
1371,-0.2664748074880177,,,-2.6905512082207332,9.160084369026604
1372,-0.26570702319557993,,,-2.6889751922882863,9.157340118409584
1373,-0.2649394433382262,,,-2.687399580829315,9.15459083536544
1374,-0.2641720679388909,,,-2.6858243738877863,9.151836531711325
1375,-0.2634048970205471,,,-2.6842495715076864,9.149077219249042
1376,-0.2626379306062064,,,-2.6826751737330206,9.146312909765056
1377,-0.2618711687189191,,,-2.6811011806078144,9.143543615030513
1378,-0.26110461138177415,,,-2.6795275921761146,9.140769346801259
1379,-0.2603382586178992,,,-2.677954408481989,9.13799011681785
1380,-0.2595721104504605,,,-2.6763816295695273,9.135205936805576
1381,-0.25880616690266295,,,-2.6748092554828413,9.13241681847447
1382,-0.25804042799775007,,,-2.6732372862660663,9.129622773519324
1383,-0.2572748937590041,,,-2.6716657219633606,9.126823813619712
1384,-0.2565095642097458,,,-2.6700945626189068,9.12401995044
1385,-0.2557444393733347,,,-2.6685238082769125,9.121211195629362
1386,-0.2549795192731688,,,-2.66695345898161,9.1183975608218
1387,-0.254214803932685,,,-2.6653835147772575,9.115579057636158
1388,-0.2534502933753585,,,-2.6638139757081385,9.112755697676135
1389,-0.25268598762470346,,,-2.662244841818564,9.109927492530309
1390,-0.2519218867042724,,,-2.6606761131528724,9.107094453772145
1391,-0.25115799063765665,,,-2.659107789755429,9.10425659296001
1392,-0.25039429944848607,,,-2.657539871670628,9.101413921637194
1393,-0.24963081316042918,,,-2.6559723589428916,9.09856645133193
1394,-0.24886753179719312,,,-2.654405251616671,9.095714193557399
1395,-0.24810445538252363,,,-2.6528385497364484,9.09285715981175
1396,-0.24734158394020508,,,-2.6512722533467343,9.08999536157812
1397,-0.24657891749406047,,,-2.649706362492071,9.087128810324648
1398,-0.24581645606795136,,,-2.6481408772170316,9.084257517504486
1399,-0.24505419968577796,,,-2.6465757975662205,9.08138149455582
1400,-0.2442921483714791,,,-2.6450111235842737,9.078500752901887
1401,-0.24353030214903218,,,-2.6434468553158603,9.07561530395098
1402,-0.2427686610424532,,,-2.6418829928056824,9.072725159096482
1403,-0.24200722507579678,,,-2.6403195360984744,9.069830329716861
1404,-0.24124599427315607,,,-2.6387564852390053,9.066930827175707
1405,-0.24048496865866292,,,-2.6371938402720785,9.064026662821727
1406,-0.2397241482564877,,,-2.635631601242531,9.061117847988777
1407,-0.23896353309083931,,,-2.634069768195235,9.05820439399587
1408,-0.23820312318596534,,,-2.6325083411750994,9.05528631214719
1409,-0.2374429185661519,,,-2.6309473202270675,9.052363613732114
1410,-0.2366829192557237,,,-2.62938670539612,9.04943631002522
1411,-0.235923125279044,,,-2.627826496727273,9.04650441228631
1412,-0.2351635366605146,,,-2.6262666942655812,9.043567931760423
1413,-0.2344041534245759,,,-2.6247072980561357,9.040626879677845
1414,-0.23364497559570688,,,-2.623148308144066,9.037681267254134
1415,-0.232886003198425,,,-2.621589724574539,9.034731105690131
1416,-0.23212723625728635,,,-2.6200315473927622,9.031776406171971
1417,-0.2313686747968855,,,-2.6184737766439805,9.028817179871108
1418,-0.23061031884185562,,,-2.6169164123734787,9.02585343794432
1419,-0.2298521684168684,,,-2.615359454626581,9.022885191533737
1420,-0.22909422354663406,,,-2.6138029034486525,9.019912451766842
1421,-0.22833648425590133,,,-2.612246758885099,9.016935229756498
1422,-0.2275789505694575,,,-2.610691020981366,9.01395353660096
1423,-0.2268216225121284,,,-2.6091356897829416,9.010967383383884
1424,-0.2260645001087783,,,-2.6075807653353547,9.007976781174353
1425,-0.22530758338431003,,,-2.6060262476841767,9.004981741026887
1426,-0.22455087236366494,,,-2.604472136875021,9.001982273981456
1427,-0.22379436707182288,,,-2.602918432953544,8.9989783910635
1428,-0.22303806753380215,,,-2.601365135965445,8.995970103283943
1429,-0.2222819737746596,,,-2.5998122459564668,8.992957421639206
1430,-0.22152608581949057,,,-2.598259762972395,8.989940357111223
1431,-0.22077040369342885,,,-2.596707687059061,8.986918920667462
1432,-0.22001492742164672,,,-2.595156018262339,8.983893123260929
1433,-0.2192596570293549,,,-2.5936047566281486,8.980862975830194
1434,-0.21850459254180266,,,-2.5920539022024545,8.9778284892994
1435,-0.21774973398427766,,,-2.590503455031266,8.974789674578282
1436,-0.21699508138210608,,,-2.588953415160639,8.97174654256218
1437,-0.21624063476065247,,,-2.5874037826366747,8.968699104132051
1438,-0.21548639414531992,,,-2.5858545575055207,8.96564737015449
1439,-0.21473235956154987,,,-2.584305739813372,8.962591351481747
1440,-0.21397853103482228,,,-2.582757329606469,8.959531058951729
1441,-0.2132249085906555,,,-2.5812093269311007,8.95646650338803
1442,-0.21247149225460624,,,-2.579661731833603,8.953397695599941
1443,-0.21171828205226975,,,-2.578114544360359,8.950324646382462
1444,-0.21096527800927964,,,-2.5765677645578005,8.947247366516319
1445,-0.21021248015130792,,,-2.575021392472408,8.94416586676798
1446,-0.209459888504065,,,-2.57347542815071,8.941080157889667
1447,-0.20870750309329966,,,-2.5719298716392847,8.937990250619379
1448,-0.20795532394479915,,,-2.5703847229847576,8.934896155680896
1449,-0.20720335108438903,,,-2.568839982233806,8.931797883783801
1450,-0.20645158453793325,,,-2.567295649433156,8.928695445623495
1451,-0.20570002433133414,,,-2.565751724629583,8.925588851881207
1452,-0.2049486704905324,,,-2.564208207869914,8.922478113224017
1453,-0.20419752304150707,,,-2.562665099201025,8.919363240304861
1454,-0.20344658201027555,,,-2.561122398669845,8.916244243762554
1455,-0.2026958474228936,,,-2.559580106323352,8.9131211342218
1456,-0.20194531930545528,,,-2.5580382222085762,8.90999392229321
1457,-0.20119499768409302,,,-2.5564967463726,8.906862618573319
1458,-0.20044488258497753,,,-2.5549556788625556,8.90372723364459
1459,-0.19969497403431788,,,-2.5534150197256293,8.900587778075444
1460,-0.19894527205836146,,,-2.5518747690090593,8.897444262420262
1461,-0.19819577668339391,,,-2.550334926760136,8.894296697219406
1462,-0.19744648793573918,,,-2.5487954930262022,8.891145092999235
1463,-0.19669740584175957,,,-2.547256467854655,8.887989460272115
1464,-0.19594853042785557,,,-2.5457178512929435,8.884829809536436
1465,-0.195199861720466,,,-2.544179643388571,8.88166615127663
1466,-0.19445139974606795,,,-2.542641844189095,8.878498495963179
1467,-0.19370314453117676,,,-2.5411044537421255,8.875326854052636
1468,-0.192955096102346,,,-2.5395674720953276,8.872151235987637
1469,-0.19220725448616757,,,-2.5380308992964213,8.868971652196915
1470,-0.19145961970927147,,,-2.5364947353931804,8.865788113095316
1471,-0.19071219179832605,,,-2.534958980433434,8.862600629083813
1472,-0.18996497078003782,,,-2.5334236344650662,8.859409210549519
1473,-0.18921795668115154,,,-2.5318886975360164,8.856213867865703
1474,-0.18847114952845018,,,-2.530354169694279,8.85301461139181
1475,-0.18772454934875485,,,-2.528820050987905,8.849811451473464
1476,-0.1869781561689249,,,-2.527286341465001,8.846604398442494
1477,-0.1862319700158579,,,-2.5257530411737292,8.843393462616941
1478,-0.18548599091648948,,,-2.524220150162309,8.840178654301074
1479,-0.18474021889779357,,,-2.5226876684790156,8.836959983785409
1480,-0.1839946539867822,,,-2.521155596172181,8.83373746134672
1481,-0.1832492962105055,,,-2.519623933290195,8.830511097248051
1482,-0.18250414559605183,,,-2.518092679881503,8.827280901738733
1483,-0.18175920217054764,,,-2.516561835994609,8.824046885054402
1484,-0.18101446596115753,,,-2.5150314016780735,8.820809057417007
1485,-0.18026993699508417,,,-2.513501376980516,8.817567429034828
1486,-0.1795256152995684,,,-2.511971761950613,8.814322010102492
1487,-0.17878150090188913,,,-2.510442556637098,8.81107281080098
1488,-0.17803759382936335,,,-2.508913761088765,8.807819841297652
1489,-0.17729389410934615,,,-2.507385375354465,8.804563111746255
1490,-0.1765504017692307,,,-2.5058573994831073,8.801302632286937
1491,-0.17580711683644823,,,-2.5043298335236606,8.798038413046264
1492,-0.17506403933846804,,,-2.502802677525153,8.794770464137232
1493,-0.17432116930279742,,,-2.5012759315366706,8.79149879565928
1494,-0.17357850675698178,,,-2.49974959560736,8.78822341769831
1495,-0.1728360517286045,,,-2.498223669786426,8.7849443403267
1496,-0.17209380424528703,,,-2.4966981541231337,8.78166157360331
1497,-0.17135176433468877,,,-2.495173048666808,8.778375127573508
1498,-0.17060993202450717,,,-2.4936483534668334,8.775085012269175
1499,-0.16986830734247765,,,-2.4921240685726556,8.771791237708724
1500,-0.16912689031637365,,,-2.4906001940337785,8.768493813897113
1501,-0.16838568097400652,,,-2.4890767298997685,8.76519275082586
1502,-0.16764467934322563,,,-2.487553676220251,8.761888058473055
1503,-0.1669038854519183,,,-2.486031033044913,8.758579746803376
1504,-0.16616329932800977,,,-2.484508800423502,8.755267825768103
1505,-0.16542292099946324,,,-2.4829869784058274,8.751952305305133
1506,-0.1646827504942798,,,-2.4814655670417585,8.748633195338993
1507,-0.16394278784049848,,,-2.4799445663812265,8.74531050578085
1508,-0.16320303306619624,,,-2.4784239764742244,8.741984246528533
1509,-0.1624634861994879,,,-2.4769037973708063,8.738654427466543
1510,-0.16172414726852616,,,-2.475384029121088,8.735321058466065
1511,-0.16098501630150164,,,-2.4738646717752473,8.731984149384985
1512,-0.1602460933266428,,,-2.472345725383525,8.728643710067907
1513,-0.15950737837221596,,,-2.4708271899962226,8.725299750346158
1514,-0.15876887146652527,,,-2.469309065663705,8.721952280037812
1515,-0.15803057263791273,,,-2.467791352436399,8.718601308947694
1516,-0.15729248191475817,,,-2.466274050364793,8.715246846867403
1517,-0.15655459932547922,,,-2.4647571594994404,8.711888903575321
1518,-0.15581692489853133,,,-2.463240679890956,8.70852748883663
1519,-0.15507945866240774,,,-2.4617246115900167,8.70516261240332
1520,-0.15434220064563947,,,-2.4602089546473644,8.701794284014213
1521,-0.15360515087679533,,,-2.4586937091138035,8.698422513394963
1522,-0.15286830938448184,,,-2.457178875040201,8.695047310258085
1523,-0.15213167619734333,,,-2.4556644524774884,8.69166868430296
1524,-0.15139525134406184,,,-2.4541504414766604,8.688286645215845
1525,-0.15065903485335713,,,-2.452636842088775,8.6849012026699
1526,-0.14992302675398672,,,-2.4511236543649546,8.681512366325189
1527,-0.1491872270747458,,,-2.449610878356385,8.6781201458287
1528,-0.14845163584446727,,,-2.448098514114316,8.674724550814359
1529,-0.14771625309202172,,,-2.446586561690062,8.67132559090304
1530,-0.14698107884631736,,,-2.445075021135002,8.667923275702583
1531,-0.14624611313630018,,,-2.443563892500578,8.664517614807806
1532,-0.1455113559909537,,,-2.442053175838298,8.661108617800519
1533,-0.14477680743929913,,,-2.440542871199734,8.657696294249535
1534,-0.14404246751039534,,,-2.4390329786365226,8.654280653710687
1535,-0.14330833623333877,,,-2.437523498200365,8.650861705726847
1536,-0.14257441363726348,,,-2.4360144299430284,8.647439459827922
1537,-0.14184069975134111,,,-2.434505773916343,8.644013925530887
1538,-0.1411071946047809,,,-2.4329975301722064,8.64058511233979
1539,-0.1403738982268297,,,-2.4314896987625803,8.637153029745765
1540,-0.13964081064677183,,,-2.429982279739491,8.633717687227048
1541,-0.13890793189392922,,,-2.4284752731550316,8.630279094248987
1542,-0.1381752619976613,,,-2.42696867906136,8.626837260264063
1543,-0.13744280098736508,,,-2.4254624975106998,8.623392194711892
1544,-0.13671054889247503,,,-2.42395672855534,8.619943907019252
1545,-0.1359785057424631,,,-2.4224513722476364,8.616492406600086
1546,-0.13524667156683876,,,-2.4209464286400095,8.613037702855522
1547,-0.13451504639514897,,,-2.4194418977849463,8.60957980517388
1548,-0.13378363025697812,,,-2.417937779735,8.606118722930693
1549,-0.13305242318194807,,,-2.4164340745427895,8.602654465488717
1550,-0.1323214251997181,,,-2.414930782261001,8.599187042197942
1551,-0.13159063633998494,,,-2.4134279029423853,8.59571646239561
1552,-0.1308600566324827,,,-2.4119254366397613,8.592242735406224
1553,-0.13012968610698292,,,-2.4104233834060134,8.588765870541565
1554,-0.1293995247932945,,,-2.408921743294093,8.585285877100704
1555,-0.12866957272126373,,,-2.4074205163570177,8.581802764370018
1556,-0.12793982992077424,,,-2.4059197026478727,8.578316541623195
1557,-0.12721029642174705,,,-2.404419302219809,8.574827218121259
1558,-0.12648097225414048,,,-2.402919315126046,8.571334803112574
1559,-0.1257518574479502,,,-2.4014197414198684,8.567839305832864
1560,-0.12502295203320915,,,-2.3999205811546287,8.56434073550522
1561,-0.1242942560399876,,,-2.3984218343837465,8.560839101340122
1562,-0.1235657694983931,,,-2.3969235011607086,8.55733441253544
1563,-0.12283749243857046,,,-2.3954255815390693,8.55382667827646
1564,-0.12210942489070176,,,-2.39392807557245,8.550315907735886
1565,-0.1213815668850063,,,-2.3924309833145396,8.546802110073864
1566,-0.12065391845174063,,,-2.3909343048190945,8.54328529443799
1567,-0.11992647962119853,,,-2.389438040139938,8.539765469963315
1568,-0.11919925042371093,,,-2.3879421893309627,8.53624264577238
1569,-0.11847223088964602,,,-2.3864467524461275,8.532716830975202
1570,-0.1177454210494091,,,-2.384951729539459,8.529188034669312
1571,-0.1170188209334427,,,-2.3834571206650526,8.52565626593975
1572,-0.11629243057222642,,,-2.381962925877071,8.522121533859089
1573,-0.11556624999627707,,,-2.380469145229745,8.51858384748744
1574,-0.11484027923614853,,,-2.378975778777373,8.515043215872474
1575,-0.11411451832243182,,,-2.377482826574322,8.51149964804943
1576,-0.11338896728575501,,,-2.3759902886750277,8.507953153041127
1577,-0.1126636261567833,,,-2.3744981651339927,8.504403739857981
1578,-0.11193849496621892,,,-2.3730064560057884,8.500851417498012
1579,-0.11121357374480118,,,-2.371515161345055,8.497296194946864
1580,-0.11048886252330638,,,-2.3700242812065007,8.493738081177817
1581,-0.10976436133254788,,,-2.368533815644902,8.490177085151792
1582,-0.10904007020337604,,,-2.367043764715104,8.486613215817377
1583,-0.10831598916667821,,,-2.3655541284720205,8.483046482110826
1584,-0.10759211825337872,,,-2.3640649069706337,8.479476892956086
1585,-0.10686845749443886,,,-2.362576100265995,8.475904457264797
1586,-0.10614500692085689,,,-2.3610877084132236,8.472329183936315
1587,-0.10542176656366797,,,-2.3595997314675086,8.468751081857723
1588,-0.1046987364539442,,,-2.358112169484107,8.465170159903838
1589,-0.10397591662279458,,,-2.3566250225183447,8.461586426937227
1590,-0.10325330710136502,,,-2.355138290625617,8.457999891808223
1591,-0.10253090792083826,,,-2.353651973861388,8.454410563354935
1592,-0.10180871911243396,,,-2.352166072281191,8.450818450403263
1593,-0.10108674070740857,,,-2.3506805859406272,8.44722356176691
1594,-0.10036497273705541,,,-2.3491955148953694,8.443625906247389
1595,-0.09964341523270459,,,-2.347710859201157,8.440025492634048
1596,-0.09892206822572304,,,-2.3462266189137995,8.436422329704072
1597,-0.09820093174751446,,,-2.344742794089176,8.432816426222503
1598,-0.09748000582951932,,,-2.3432593847832344,8.429207790942247
1599,-0.09675929050321484,,,-2.3417763910519924,8.425596432604086
1600,-0.096038785800115,,,-2.3402938129515367,8.421982359936703
1601,-0.09531849175177048,,,-2.3388116505380236,8.41836558165668
1602,-0.09459840838976868,,,-2.337329903867679,8.414746106468517
1603,-0.09387853574573368,,,-2.3358485729967975,8.411123943064645
1604,-0.09315887385132625,,,-2.3343676579817445,8.407499100125442
1605,-0.09243942273824379,,,-2.3328871588789535,8.403871586319237
1606,-0.09172018243822039,,,-2.331407075744929,8.400241410302328
1607,-0.09100115298302673,,,-2.329927408636244,8.396608580718999
1608,-0.09028233440447012,,,-2.3284481576095417,8.39297310620152
1609,-0.08956372673439446,,,-2.326969322721536,8.389334995370177
1610,-0.08884533000468023,,,-2.3254909040290084,8.385694256833268
1611,-0.08812714424724447,,,-2.324012901588812,8.382050899187126
1612,-0.08740916949404076,,,-2.3225353154578685,8.37840493101613
1613,-0.08669140577705925,,,-2.3210581456931707,8.374756360892713
1614,-0.08597385312832656,,,-2.3195813923517803,8.37110519737738
1615,-0.08525651157990582,,,-2.318105055490829,8.367451449018715
1616,-0.08453938116389667,,,-2.316629135167519,8.363795124353402
1617,-0.08382246191243517,,,-2.315153631439122,8.36013623190623
1618,-0.08310575385769385,,,-2.3136785443629795,8.356474780190108
1619,-0.08238925703188169,,,-2.312203873996504,8.352810777706077
1620,-0.08167297146724403,,,-2.3107296203971766,8.349144232943322
1621,-0.08095689719606268,,,-2.3092557836225494,8.34547515437919
1622,-0.08024103425065578,,,-2.3077823637302455,8.341803550479195
1623,-0.07952538266337784,,,-2.306309360777956,8.338129429697032
1624,-0.07880994246661975,,,-2.3048367748234444,8.334452800474592
1625,-0.07809471369280868,,,-2.3033646059245427,8.330773671241978
1626,-0.07737969637440817,,,-2.3018928541391532,8.327092050417505
1627,-0.076664890543918,,,-2.3004215195252495,8.323407946407727
1628,-0.07595029623387425,,,-2.2989506021408754,8.319721367607439
1629,-0.07523591347684928,,,-2.2974801020441444,8.316032322399694
1630,-0.07452174230545168,,,-2.29601001929324,8.312340819155816
1631,-0.07380778275232626,,,-2.294540353946416,8.308646866235408
1632,-0.07309403485015403,,,-2.2930711060619986,8.304950471986372
1633,-0.07238049863165222,,,-2.291602275698382,8.301251644744909
1634,-0.0716671741295742,,,-2.2901338629140313,8.297550392835545
1635,-0.07095406137670952,,,-2.2886658677674823,8.293846724571136
1636,-0.07024116040588388,,,-2.287198290317342,8.290140648252882
1637,-0.06952847124995905,,,-2.285731130622286,8.286432172170336
1638,-0.06881599394183294,,,-2.2842643887410627,8.282721304601424
1639,-0.06810372851443953,,,-2.282798064732489,8.279008053812445
1640,-0.06739167500074889,,,-2.2813321586554527,8.2752924280581
1641,-0.0666798334337671,,,-2.279866670568913,8.271574435581485
1642,-0.0659682038465363,,,-2.278401600531899,8.26785408461412
1643,-0.06525678627213463,,,-2.276936948603511,8.264131383375952
1644,-0.06454558074367621,,,-2.275472714842919,8.260406340075372
1645,-0.06383458729431114,,,-2.274008899309363,8.25667896290922
1646,-0.06312380595722551,,,-2.2725455020621554,8.252949260062806
1647,-0.0624132367656413,,,-2.2710825231606786,8.249217239709914
1648,-0.06170287975281643,,,-2.2696199626643847,8.245482910012823
1649,-0.06099273495204472,,,-2.2681578206327973,8.241746279122312
1650,-0.06028280239665587,,,-2.26669609712551,8.238007355177674
1651,-0.05957308212001544,,,-2.265234792202188,8.234266146306728
1652,-0.05886357415552484,,,-2.2637739059225663,8.230522660625835
1653,-0.0581542785366213,,,-2.262313438346451,8.226776906239904
1654,-0.05744519529677786,,,-2.2608533895337186,8.223028891242405
1655,-0.05673632446950333,,,-2.259393759544317,8.219278623715388
1656,-0.05602766608834231,,,-2.257934548438264,8.215526111729487
1657,-0.055319220186875136,,,-2.256475756275648,8.211771363343933
1658,-0.05461098679871788,,,-2.2550173831166287,8.208014386606573
1659,-0.053902965957522316,,,-2.2535594290214367,8.204255189553871
1660,-0.053195157696975914,,,-2.252101894050373,8.200493780210934
1661,-0.05248756205080181,,,-2.250644778263809,8.196730166591507
1662,-0.05178017905275879,,,-2.249188081722187,8.192964356698003
1663,-0.051073008736641286,,,-2.2477318044860204,8.189196358521498
1664,-0.050366051136279316,,,-2.246275946615893,8.185426180041754
1665,-0.04965930628553852,,,-2.24482050817246,8.18165382922723
1666,-0.04895277421832008,,,-2.243365489216446,8.17787931403509
1667,-0.04824645496856076,,,-2.241910889808648,8.174102642411217
1668,-0.047540348570232836,,,-2.240456710009933,8.170323822290223
1669,-0.046834455057344106,,,-2.2390029498812387,8.166542861595465
1670,-0.04612877446393786,,,-2.2375496094835734,8.16275976823905
1671,-0.045423306824092846,,,-2.2360966888780163,8.158974550121856
1672,-0.04471805217192329,,,-2.234644188125718,8.155187215133537
1673,-0.04401301054157882,,,-2.2331921072878993,8.151397771152538
1674,-0.04330818196724451,,,-2.2317404464258517,8.147606226046106
1675,-0.04260356648314079,,,-2.230289205600938,8.143812587670299
1676,-0.04189916412352347,,,-2.2288383848745914,8.140016863870002
1677,-0.04119497492268373,,,-2.227387984308316,8.136219062478938
1678,-0.040490998914948055,,,-2.2259380039636865,8.132419191319677
1679,-0.03978723613467825,,,-2.2244884439023487,8.128617258203649
1680,-0.03908368661627141,,,-2.2230393041860186,8.12481327093116
1681,-0.03838035039415988,,,-2.2215905848764836,8.121007237291396
1682,-0.03767722750281127,,,-2.220142286035602,8.117199165062443
1683,-0.03697431797672841,,,-2.218694407725302,8.113389062011294
1684,-0.03627162185044933,,,-2.217246950007584,8.109576935893855
1685,-0.035569139158547244,,,-2.215799912944517,8.105762794454971
1686,-0.03486686993563052,,,-2.2143532965982424,8.101946645428427
1687,-0.03416481421634268,,,-2.212907101030973,8.09812849653696
1688,-0.03346297203536236,,,-2.21146132630499,8.094308355492275
1689,-0.03276134342740328,,,-2.2100159724826476,8.090486229995056
1690,-0.03205992842721425,,,-2.208571039626369,8.086662127734973
1691,-0.03135872706957914,,,-2.2071265277986494,8.0828360563907
1692,-0.030657739389316832,,,-2.2056824370620545,8.079008023629921
1693,-0.02995696542128124,,,-2.20423876747922,8.075178037109342
1694,-0.029256405200361255,,,-2.202795519112853,8.071346104474712
1695,-0.028556058761480735,,,-2.201352692025732,8.067512233360821
1696,-0.02785592613959849,,,-2.199910286280704,8.06367643139152
1697,-0.027156007369708246,,,-2.198468301940689,8.05983870617973
1698,-0.026456302486838636,,,-2.197026739068676,8.055999065327454
1699,-0.02575681152605317,,,-2.195585597727726,8.052157516425787
1700,-0.025057534522450214,,,-2.19414487798097,8.04831406705493
1701,-0.02435847151116297,,,-2.192704579891609,8.044468724784199
1702,-0.02365962252735945,,,-2.1912647035229162,8.040621497172042
1703,-0.022960987606242458,,,-2.189825248938234,8.036772391766043
1704,-0.022262566783049564,,,-2.188386216200976,8.032921416102935
1705,-0.021564360093053084,,,-2.1869476053746277,8.029068577708616
1706,-0.020866367571560056,,,-2.1855094165227427,8.025213884098156
1707,-0.02016858925391222,,,-2.1840716497089465,8.021357342775813
1708,-0.019471025175485983,,,-2.1826343049969354,8.01749896123504
1709,-0.01877367537169242,,,-2.181197382450476,8.013638746958494
1710,-0.018076539877977225,,,-2.179760882133405,8.009776707418055
1711,-0.017379618729820707,,,-2.1783248041096304,8.005912850074838
1712,-0.016682911962737756,,,-2.1768891484431308,8.00204718237919
1713,-0.015986419612277824,,,-2.175453915197954,7.998179711770719
1714,-0.015290141714024902,,,-2.1740191044382198,7.994310445678295
1715,-0.014594078303597494,,,-2.1725847162281178,7.990439391520064
1716,-0.0138982294166486,,,-2.1711507506319085,7.986566556703458
1717,-0.013202595088865687,,,-2.1697172077139224,7.982691948625211
1718,-0.012507175355970662,,,-2.1682840875385603,7.978815574671366
1719,-0.011811970253719857,,,-2.166851390170294,7.974937442217284
1720,-0.011116979817904002,,,-2.1654191156736657,7.9710575586276615
1721,-0.0104222040843482,,,-2.1639872641132873,7.967175931256539
1722,-0.009727643088911902,,,-2.1625558355538415,7.963292567447309
1723,-0.009033296867488888,,,-2.161124830060081,7.959407474532734
1724,-0.008339165456007236,,,-2.15969424769683,7.95552065983495
1725,-0.007645248890429307,,,-2.1582640885289823,7.951632130665485
1726,-0.006951547206751711,,,-2.1568343526215012,7.947741894325265
1727,-0.006258060441005291,,,-2.1554050400394216,7.943849958104628
1728,-0.005564788629255092,,,-2.1539761508478477,7.939956329283333
1729,-0.004871731807600343,,,-2.152547685111954,7.936061015130573
1730,-0.004178890012174429,,,-2.1511196428969868,7.932164022904987
1731,-0.0034862632791448664,,,-2.1496920242682607,7.928265359854666
1732,-0.0027938516447132784,,,-2.1482648292911612,7.924365033217171
1733,-0.002101655145115372,,,-2.146838058031144,7.9204630502195394
1734,-0.0014096738166209117,,,-2.145411710553735,7.916559418078298
1735,-0.0007179076955336963,,,-2.14398578692453,7.9126541439994735
1736,-2.635681819153216e-05,,,-2.142560287209195,7.908747235178604
1737,0.000664978779033791,,,-2.141135211473467,7.9048386988007495
1738,0.0013560990597365247,,,-2.1397105597831514,7.9009285420405035
1739,0.0020470039874769873,,,-2.138286332204125,7.8970167720620035
1740,0.0027376935257815887,,,-2.136862528802334,7.893103396018943
1741,0.0034281676381428565,,,-2.135439149643795,7.889188421054581
1742,0.004118426288019461,,,-2.134016194794594,7.885271854301755
1743,0.00480846943883624,,,-2.1325936643208876,7.8813537028828895
1744,0.005498297053984224,,,-2.131171558288902,7.8774339739100085
1745,0.006187909096820664,,,-2.129749876764933,7.873512674484749
1746,0.006877305530669054,,,-2.1283286198153473,7.869589811698365
1747,0.00756648631881916,,,-2.1269077875065805,7.865665392631747
1748,0.008255451424527042,,,-2.1254873799051386,7.8617394243554255
1749,0.008944200811015086,,,-2.1240673970775967,7.857811913929586
1750,0.009632734441472023,,,-2.1226478390906007,7.853882868404082
1751,0.010321052279052955,,,-2.121228706010865,7.849952294818437
1752,0.011009154286879392,,,-2.1198099979051754,7.846020200201867
1753,0.011697040428039264,,,-2.118391714840386,7.842086591573282
1754,0.012384710665586957,,,-2.116973856883421,7.838151475941304
1755,0.013072164962543334,,,-2.115556424101275,7.834214860304271
1756,0.013759403281895764,,,-2.1141394165610117,7.830276751650253
1757,0.014446425586598147,,,-2.1127228343297637,7.826337156957062
1758,0.015133231839570944,,,-2.1113066774747344,7.822396083192261
1759,0.0158198220037012,,,-2.109890946063196,7.818453537313176
1760,0.016506196041842572,,,-2.10847564016249,7.814509526266907
1761,0.017192353916815357,,,-2.1070607598400284,7.810564056990335
1762,0.017878295591406513,,,-2.1056463051632917,7.806617136410143
1763,0.0185640210283697,,,-2.1042322761998307,7.802668771442815
1764,0.019249530190425284,,,-2.1028186730172647,7.798718968994653
1765,0.019934823040260393,,,-2.1014054956832835,7.794767735961784
1766,0.020619899540528917,,,-2.0999927442656454,7.790815079230179
1767,0.021304759653851556,,,-2.0985804188321784,7.786861005675653
1768,0.021989403342815832,,,-2.0971685194507796,7.782905522163881
1769,0.02267383056997613,,,-2.0957570461894157,7.778948635550413
1770,0.023358041297853717,,,-2.094345999116122,7.774990352680673
1771,0.024042035488936766,,,-2.092935378299004,7.771030680389983
1772,0.024725813105680394,,,-2.091525183806235,7.767069625503564
1773,0.025409374110506686,,,-2.090115415706059,7.763107194836549
1774,0.02609271846580472,,,-2.088706074066788,7.759143395193999
1775,0.026775846133930595,,,-2.087297158956804,7.7551782333709065
1776,0.027458757077207466,,,-2.0858886704445574,7.751211716152209
1777,0.028141451257925564,,,-2.0844806085985677,7.747243850312801
1778,0.028823928638342225,,,-2.083072973487423,7.74327464261754
1779,0.029506189180681923,,,-2.081665765179782,7.739304099821264
1780,0.030188232847136297,,,-2.0802589837443706,7.735332228668796
1781,0.030870059599864177,,,-2.0788526292499845,7.73135903589496
1782,0.03155166940099161,,,-2.077446701765487,7.727384528224585
1783,0.03223306221261191,,,-2.0760412013598124,7.72340871237252
1784,0.03291423799678564,,,-2.0746361281019623,7.719431595043645
1785,0.03359519671554069,,,-2.073231482061007,7.715453182932878
1786,0.03427593833087229,,,-2.071827263306086,7.71147348272519
1787,0.03495646280474301,,,-2.0704234719064076,7.7074925010956115
1788,0.035636770099082844,,,-2.069020107931249,7.703510244709245
1789,0.03631686017578919,,,-2.067617171449955,7.699526720221276
1790,0.0369967329967269,,,-2.0662146625319395,7.695541934276981
1791,0.037676388523728316,,,-2.0648125812466853,7.691555893511739
1792,0.038355826718593285,,,-2.0634109276637442,7.687568604551046
1793,0.039035047543089195,,,-2.0620097018527352,7.68358007401052
1794,0.039714050958950996,,,-2.060608903883346,7.679590308495912
1795,0.04039283692788125,,,-2.0592085338253336,7.675599314603119
1796,0.041071405411550146,,,-2.0578085917485227,7.671607098918193
1797,0.041749756371595524,,,-2.056409077722807,7.667613668017352
1798,0.04242788976962292,,,-2.055009991818147,7.66361902846699
1799,0.04310580556720557,,,-2.053611334104573,7.659623186823688
1800,0.04378350372588449,,,-2.052213104652183,7.655626149634221
1801,0.044460984207168465,,,-2.0508153035311434,7.651627923435574
1802,0.045138246972534074,,,-2.0494179308116887,7.647628514754947
1803,0.045815291983425745,,,-2.048020986564121,7.643627930109771
1804,0.046492119201255774,,,-2.046624470858811,7.639626176007712
1805,0.04716872858740436,,,-2.045228383766198,7.635623258946685
1806,0.04784512010321964,,,-2.043832725356788,7.631619185414866
1807,0.04852129371001769,,,-2.0424374957011557,7.627613961890696
1808,0.0491972493690826,,,-2.041042694869944,7.623607594842898
1809,0.049872987041666476,,,-2.0396483229338624,7.619600090730485
1810,0.05054850668898948,,,-2.0382543799636905,7.615591456002766
1811,0.05122380827223984,,,-2.0368608660302736,7.611581697099366
1812,0.05189889175257392,,,-2.035467781204526,7.607570820450224
1813,0.052573757091116245,,,-2.0340751255574294,7.603558832475613
1814,0.053248404248959484,,,-2.032682899160033,7.599545739586147
1815,0.05392283318716453,,,-2.031291102083453,7.59553154818279
1816,0.05459704386676052,,,-2.0298997343988754,7.591516264656866
1817,0.05527103624874487,,,-2.0285087961775514,7.587499895390071
1818,0.055944810294083276,,,-2.027118287490801,7.583482446754483
1819,0.056618365963709796,,,-2.025728208410012,7.579463925112571
1820,0.05729170321852685,,,-2.0243385590066376,7.575444336817207
1821,0.05796482201940524,,,-2.0229493393522007,7.571423688211673
1822,0.05863772232718422,,,-2.0215605495182905,7.567401985629672
1823,0.0593104041026715,,,-2.020172189576564,7.563379235395344
1824,0.05998286730664328,,,-2.018784259598745,7.559355443823267
1825,0.0606551118998443,,,-2.0173967596566245,7.5553306172184715
1826,0.06132713784298785,,,-2.016009689822061,7.551304761876453
1827,0.06199894509675581,,,-2.0146230501669806,7.547277884083177
1828,0.0626705336217987,,,-2.013236840763376,7.543249990115092
1829,0.06334190337873567,,,-2.011851061683306,7.53922108623914
1830,0.0640130543281546,,,-2.010465712998898,7.535191178712765
1831,0.06468398643061206,,,-2.009080794782346,7.531160273783924
1832,0.06535469964663337,,,-2.0076963071059106,7.527128377691098
1833,0.06602519393671269,,,-2.006312250041919,7.523095496663298
1834,0.06669546926131294,,,-2.0049286236627655,7.519061636920078
1835,0.06736552558086592,,,-2.0035454280409115,7.515026804671548
1836,0.06803536285577233,,,-2.002162663248885,7.510991006118376
1837,0.06870498104640178,,,-2.0007803293592805,7.506954247451807
1838,0.06937438011309284,,,-1.9993984264447597,7.502916534853666
1839,0.07004356001615304,,,-1.9980169545780502,7.4988778744963716
1840,0.07071252071585898,,,-1.9966359138319467,7.494838272542944
1841,0.07138126217245629,,,-1.9952553042793102,7.4907977351470185
1842,0.07204978434615966,,,-1.993875125993068,7.486756268452849
1843,0.07271808719715296,,,-1.992495379046214,7.482713878595324
1844,0.07338617068558917,,,-1.9911160635118088,7.478670571699975
1845,0.07405403477159049,,,-1.989737179462979,7.474626353882981
1846,0.07472167941524833,,,-1.9883587269729175,7.47058123125119
1847,0.07538910457662337,,,-1.9869807061148834,7.466535209902116
1848,0.07605631021574558,,,-1.985603116962202,7.462488295923956
1849,0.07672329629261423,,,-1.984225959588265,7.4584404953956005
1850,0.07739006276719801,,,-1.98284923406653,7.45439181438664
1851,0.07805660959943495,,,-1.9814729404705207,7.4503422589573765
1852,0.07872293674923253,,,-1.9800970788738268,7.446291835158832
1853,0.07938904417646772,,,-1.9787216493501039,7.442240549032761
1854,0.08005493184098697,,,-1.9773466519730734,7.438188406611658
1855,0.08072059970260625,,,-1.975972086816523,7.434135413918767
1856,0.08138604772111113,,,-1.9745979539543055,7.430081576968092
1857,0.08205127585625678,,,-1.9732242534603401,7.42602690176441
1858,0.082716284067768,,,-1.9718509854086117,7.421971394303275
1859,0.08338107231533927,,,-1.9704781498731703,7.417915060571029
1860,0.0840456405586348,,,-1.969105746928132,7.413857906544817
1861,0.08470998875728851,,,-1.967733776647678,7.409799938192591
1862,0.08537411687090414,,,-1.9663622391060553,7.40574116147312
1863,0.08603802485905523,,,-1.9649911343775766,7.401681582336006
1864,0.08670171268128518,,,-1.9636204625366196,7.397621206721684
1865,0.08736518029710728,,,-1.9622502236576278,7.3935600405614395
1866,0.08802842766600474,,,-1.9608804178151094,7.389498089777415
1867,0.08869145474743076,,,-1.9595110450836382,7.385435360282619
1868,0.0893542615008085,,,-1.958142105537853,7.381371857980938
1869,0.09001684788553116,,,-1.9567735992524582,7.377307588767144
1870,0.09067921386096205,,,-1.955405526302223,7.373242558526906
1871,0.09134135938643453,,,-1.9540378867619814,7.369176773136797
1872,0.09200328442125216,,,-1.952670680706633,7.365110238464307
1873,0.09266498892468865,,,-1.9513039082111416,7.361042960367849
1874,0.09332647285598793,,,-1.9499375693505365,7.3569749446967725
1875,0.09398773617436419,,,-1.9485716641999113,7.352906197291371
1876,0.09464877883900191,,,-1.947206192834425,7.348836723982889
1877,0.09530960080905591,,,-1.945841155329301,7.344766530593537
1878,0.09597020204365135,,,-1.9444765517598268,7.340695622936496
1879,0.0966305825018838,,,-1.9431123822013556,7.336624006815932
1880,0.0972907421428193,,,-1.9417486467293044,7.332551688027
1881,0.09795068092549432,,,-1.9403853454191549,7.328478672355858
1882,0.09861039880891588,,,-1.9390224783464534,7.324404965579673
1883,0.09926989575206155,,,-1.9376600455868105,7.320330573466634
1884,0.09992917171387947,,,-1.936298047215901,7.316255501775962
1885,0.10058822665328841,,,-1.9349364833094644,7.312179756257913
1886,0.10124706052917784,,,-1.933575353943304,7.308103342653793
1887,0.1019056733004079,,,-1.9322146591932876,7.30402626669597
1888,0.10256406492580947,,,-1.9308543991353466,7.299948534107874
1889,0.10322223536418423,,,-1.929494573845477,7.295870150604016
1890,0.10388018457430469,,,-1.9281351833997384,7.291791121889993
1891,0.10453791251491418,,,-1.926776227874255,7.287711453662498
1892,0.10519541914472694,,,-1.9254177073452143,7.2836311516093275
1893,0.10585270442242815,,,-1.9240596218888675,7.279550221409396
1894,0.10650976830667397,,,-1.9227019715815303,7.275468668732741
1895,0.10716661075609155,,,-1.9213447564995816,7.271386499240534
1896,0.1078232317292791,,,-1.9199879767194639,7.267303718585088
1897,0.10847963118480593,,,-1.9186316323176837,7.263220332409872
1898,0.10913580908121247,,,-1.9172757233708106,7.259136346349511
1899,0.10979176537701031,,,-1.9159202499554782,7.255051766029807
1900,0.11044750003068227,,,-1.9145652121483832,7.250966597067739
1901,0.11110301300068239,,,-1.9132106100262856,7.246880845071478
1902,0.111758304245436,,,-1.911856443666009,7.242794515640392
1903,0.11241337372333976,,,-1.9105027131444403,7.238707614365059
1904,0.11306822139276172,,,-1.9091494185385292,7.234620146827274
1905,0.1137228472120413,,,-1.9077965599252886,7.230532118600061
1906,0.11437725113948938,,,-1.9064441373817949,7.226443535247677
1907,0.1150314331333883,,,-1.9050921509851872,7.222354402325626
1908,0.11568539315199197,,,-1.9037406008126676,7.218264725380668
1909,0.11633913115352583,,,-1.9023894869415012,7.214174509950825
1910,0.11699264709618694,,,-1.9010388094490156,7.2100837615653965
1911,0.11764594093814401,,,-1.8996885684126017,7.20599248574496
1912,0.11829901263753742,,,-1.8983387639097127,7.201900688001387
1913,0.11895186215247928,,,-1.8969893960178648,7.197808373837849
1914,0.1196044894410535,,,-1.8956404648146365,7.19371554874883
1915,0.12025689446131574,,,-1.8942919703776693,7.18962221822013
1916,0.12090907717129355,,,-1.8929439127846663,7.185528387728881
1917,0.12156103752898638,,,-1.8915962921133938,7.181434062743551
1918,0.12221277549236557,,,-1.8902491084416801,7.177339248723957
1919,0.12286429101937446,,,-1.888902361847416,7.173243951121268
1920,0.12351558406792841,,,-1.8875560524085542,7.169148175378022
1921,0.1241666545959148,,,-1.8862101802031102,7.165051926928132
1922,0.12481750256119316,,,-1.8848647453091607,7.160955211196891
1923,0.12546812792159512,,,-1.8835197478048453,7.156858033600987
1924,0.12611853063492448,,,-1.882175187768365,7.15276039954851
1925,0.1267687106589573,,,-1.880831065277983,7.14866231443896
1926,0.1274186679514419,,,-1.879487380412024,7.1445637836632585
1927,0.12806840247009887,,,-1.878144133248875,7.140464812603754
1928,0.12871791417262118,,,-1.8768013238669845,7.1363654066342335
1929,0.1293672030166742,,,-1.8754589523448624,7.132265571119935
1930,0.13001626895989568,,,-1.8741170187610803,7.128165311417547
1931,0.13066511195989589,,,-1.8727755231942715,7.1240646328752275
1932,0.1313137319742576,,,-1.871434465723131,7.119963540832607
1933,0.1319621289605362,,,-1.8700938464264145,7.115862040620801
1934,0.13261030287625955,,,-1.8687536653829395,7.111760137562415
1935,0.1332582536789283,,,-1.867413922671585,7.107657836971558
1936,0.1339059813260157,,,-1.8660746183712906,7.103555144153849
1937,0.13455348577496776,,,-1.8647357525610573,7.099452064406426
1938,0.13520076698320327,,,-1.8633973253199474,7.095348603017957
1939,0.13584782490811384,,,-1.862059336727084,7.091244765268645
1940,0.1364946595070639,,,-1.8607217868616508,7.08714055643024
1941,0.13714127073739088,,,-1.859384675802893,7.0830359817660495
1942,0.13778765855640507,,,-1.8580480036301161,7.0789310465309425
1943,0.13843382292138978,,,-1.8567117704226868,7.074825755971362
1944,0.13907976378960135,,,-1.8553759762600321,7.070720115325334
1945,0.13972548111826924,,,-1.8540406212216396,7.066614129822475
1946,0.14037097486459602,,,-1.852705705387058,7.062507804684001
1947,0.14101624498575738,,,-1.8513712288358952,7.058401145122739
1948,0.14166129143890227,,,-1.850037191647821,7.054294156343129
1949,0.1423061141811529,,,-1.848703593902565,7.050186843541243
1950,0.14295071316960478,,,-1.847370435679916,7.046079211904786
1951,0.14359508836132673,,,-1.8460377170597249,7.041971266613108
1952,0.144239239713361,,,-1.844705438121901,7.03786301283721
1953,0.1448831671827233,,,-1.8433735989464148,7.033754455739758
1954,0.14552687072640275,,,-1.8420421996132963,7.029645600475089
1955,0.14617035030136205,,,-1.8407112402026353,7.025536452189216
1956,0.14681360586453746,,,-1.8393807207945816,7.021427016019845
1957,0.14745663737283882,,,-1.838050641469345,7.017317297096377
1958,0.1480994447831497,,,-1.8367210023071947,7.01320730053992
1959,0.14874202805232734,,,-1.8353918033884598,7.009097031463295
1960,0.14938438713720273,,,-1.8340630447935287,7.00498649497105
1961,0.15002652199458066,,,-1.8327347266028493,7.000875696159462
1962,0.1506684325812398,,,-1.831406848896929,6.996764640116553
1963,0.15131011885393267,,,-1.830079411756335,6.992653331922093
1964,0.15195158076938572,,,-1.828752415261693,6.98854177664761
1965,0.15259281828429944,,,-1.8274258594936883,6.984429979356401
1966,0.15323383135534827,,,-1.8260997445330653,6.980317945103538
1967,0.15387461993918078,,,-1.8247740704606277,6.976205678935879
1968,0.15451518399241967,,,-1.823448837357238,6.972093185892075
1969,0.15515552347166178,,,-1.8221240453038172,6.967980471002581
1970,0.15579563833347815,,,-1.8207996943813458,6.96386753928966
1971,0.15643552853441414,,,-1.819475784670863,6.959754395767397
1972,0.15707519403098935,,,-1.818152316253466,6.9556410454417055
1973,0.1577146347796978,,,-1.8168292892103117,6.951527493310335
1974,0.15835385073700786,,,-1.8155067036226147,6.9474137443628825
1975,0.1589928418593624,,,-1.8141845595716484,6.943299803580797
1976,0.15963160810317878,,,-1.8128628571387446,6.9391856759373916
1977,0.16027014942484885,,,-1.8115415964052934,6.9350713663978505
1978,0.1609084657807391,,,-1.8102207774527437,6.930956879919241
1979,0.16154655712719068,,,-1.8089004003626015,6.926842221450515
1980,0.16218442342051936,,,-1.8075804652164316,6.922727395932526
1981,0.1628220646170157,,,-1.806260972095857,6.9186124082980305
1982,0.16345948067294505,,,-1.804941921082558,6.914497263471701
1983,0.16409667154454757,,,-1.8036233122582734,6.910381966370133
1984,0.1647336371880383,,,-1.8023051457047998,6.906266521901855
1985,0.1653703775596072,,,-1.800987421503991,6.902150934967333
1986,0.16600689261541926,,,-1.799670139737759,6.8980352104589855
1987,0.16664318231161443,,,-1.798353300488073,6.893919353261186
1988,0.1672792466043078,,,-1.79703690383696,6.889803368250276
1989,0.1679150854495895,,,-1.795720949866504,6.88568726029457
1990,0.16855069880352494,,,-1.7944054386588473,6.881571034254365
1991,0.16918608662215465,,,-1.7930903702961882,6.87745469498195
1992,0.1698212488614945,,,-1.7917757448607834,6.873338247321617
1993,0.17045618547753566,,,-1.7904615624349458,6.869221696109663
1994,0.17109089642624464,,,-1.7891478231010456,6.865105046174404
1995,0.17172538166356344,,,-1.7878345269415103,6.860988302336179
1996,0.17235964114540944,,,-1.786521674038824,6.8568714694073645
1997,0.17299367482767564,,,-1.7852092644755273,6.852754552192376
1998,0.17362748266623051,,,-1.7838972983342187,6.8486375554876835
1999,0.1742610646169182,,,-1.782585775697552,6.844520484081815
2000,0.17489442063555852,,,-1.7812746966482382,6.840403342755364
2001,0.17552755067794695,,,-1.7799640612690446,6.836286136281002
2002,0.17616045469985483,,,-1.7786538696427951,6.8321688694234854
2003,0.17679313265702926,,,-1.77734412185237,6.828051546939664
2004,0.17742558450519322,,,-1.7760348179807057,6.823934173578486
2005,0.17805781020004563,,,-1.7747259581107948,6.819816754081014
2006,0.17868980969726134,,,-1.773417542325686,6.815699293180425
2007,0.17932158295249126,,,-1.7721095707084837,6.8115817956020255
2008,0.1799531299213624,,,-1.770802043342349,6.8074642660632545
2009,0.1805844505594778,,,-1.7694949603104984,6.803346709273694
2010,0.18121554482241678,,,-1.768188321696204,6.799229129935081
2011,0.18184641266573484,,,-1.7668821275827935,6.795111532741307
2012,0.18247705404496375,,,-1.7655763780536509,6.790993922378438
2013,0.18310746891561167,,,-1.764271073192215,6.7868763035247115
2014,0.18373765723316304,,,-1.7629662130819808,6.782758680850552
2015,0.18436761895307885,,,-1.7616617978064977,6.778641059018578
2016,0.18499735403079648,,,-1.7603578274493712,6.774523442683608
2017,0.1856268624217299,,,-1.7590543020942617,6.770405836492672
2018,0.1862561440812697,,,-1.7577512218248845,6.766288245085016
2019,0.18688519896478303,,,-1.7564485867250104,6.762170673092112
2020,0.18751402702761383,,,-1.7551463968784646,6.75805312513767
2021,0.1881426282250827,,,-1.7538446523691278,6.75393560583764
2022,0.18877100251248713,,,-1.752543353280935,6.749818119800223
2023,0.18939914984510137,,,-1.7512424996978757,6.745700671625881
2024,0.19002707017817666,,,-1.749942091703995,6.741583265907343
2025,0.19065476346694116,,,-1.7486421293833914,6.737465907229612
2026,0.19128222966660005,,,-1.7473426128202185,6.733348600169977
2027,0.19190946873233558,,,-1.7460435420986844,6.729231349298019
2028,0.19253648061930714,,,-1.744744917303051,6.725114159175619
2029,0.19316326528265126,,,-1.7434467385176342,6.720997034356966
2030,0.1937898226774817,,,-1.742149005826805,6.716879979388566
2031,0.19441615275888954,,,-1.7408517193149873,6.712762998809251
2032,0.19504225548194315,,,-1.7395548790666595,6.708646097150185
2033,0.19566813080168832,,,-1.738258485166354,6.7045292789348725
2034,0.1962937786731483,,,-1.7369625376986568,6.700412548679171
2035,0.19691919905132374,,,-1.7356670367482072,6.69629591089129
2036,0.197544391891193,,,-1.7343719823996986,6.692179370071808
2037,0.19816935714771192,,,-1.7330773747378778,6.688062930713677
2038,0.19879409477581403,,,-1.7317832138475446,6.683946597302231
2039,0.19941860473041062,,,-1.730489499813553,6.679830374315193
2040,0.20004288696639072,,,-1.7291962327208092,6.675714266222685
2041,0.2006669414386212,,,-1.7279034126542734,6.671598277487234
2042,0.2012907681019468,,,-1.7266110396989582,6.667482412563784
2043,0.2019143669111902,,,-1.7253191139399298,6.663366675899697
2044,0.20253773782115206,,,-1.7240276354623065,6.659251071934768
2045,0.20316088078661113,,,-1.7227366043512604,6.655135605101231
2046,0.2037837957623242,,,-1.7214460206920155,6.651020279823764
2047,0.20440648270302628,,,-1.7201558845698488,6.646905100519503
2048,0.20502894156343057,,,-1.71886619607009,6.642790071598044
2049,0.20565117229822855,,,-1.7175769552781204,6.638675197461453
2050,0.20627317486209,,,-1.7162881622793746,6.634560482504276
2051,0.2068949492096631,,,-1.714999817159339,6.630445931113546
2052,0.2075164952955745,,,-1.7137119200035522,6.626331547668789
2053,0.20813781307442933,,,-1.712424470897605,6.622217336542034
2054,0.20875890250081125,,,-1.7111374699271404,6.618103302097823
2055,0.20937976352928256,,,-1.7098509171778526,6.613989448693212
2056,0.21000039611438423,,,-1.7085648127354884,6.609875780677786
2057,0.21062080021063592,,,-1.7072791566858458,6.605762302393666
2058,0.2112409757725361,,,-1.7059939491147746,6.601649018175513
2059,0.21186092275456206,,,-1.7047091901081763,6.597535932350538
2060,0.21248064111117002,,,-1.7034248797520035,6.593423049238512
2061,0.21310013079679513,,,-1.70214101813226,6.589310373151772
2062,0.21371939176585156,,,-1.7008576053350015,6.585197908395228
2063,0.21433842397273253,,,-1.6995746414463344,6.581085659266374
2064,0.21495722737181042,,,-1.6982921265524162,6.57697363005529
2065,0.21557580191743675,,,-1.6970100607394558,6.572861825044658
2066,0.21619414756394234,,,-1.6957284440937126,6.5687502485097635
2067,0.2168122642656373,,,-1.6944472767014966,6.564638904718506
2068,0.21743015197681106,,,-1.6931665586491689,6.560527797931406
2069,0.2180478106517325,,,-1.6918862900231408,6.556416932401615
2070,0.21866524024465,,,-1.6906064709098747,6.55230631237492
2071,0.21928244070979142,,,-1.6893271013958828,6.5481959420897535
2072,0.21989941200136426,,,-1.6880481815677282,6.5440858257772
2073,0.22051615407355565,,,-1.6867697115120235,6.5399759676610065
2074,0.22113266688053249,,,-1.685491691315432,6.535866371957586
2075,0.22174895037644135,,,-1.684214121064667,6.5317570428760305
2076,0.22236500451540875,,,-1.6829370008464914,6.527647984618115
2077,0.222980829251541,,,-1.6816603307477183,6.5235392013783065
2078,0.22359642453892445,,,-1.6803841108552102,6.519430697343771
2079,0.2242117903316254,,,-1.6791083412558796,6.515322476694383
2080,0.22482692658369022,,,-1.6778330220366882,6.511214543602731
2081,0.2254418332491455,,,-1.6765581532846476,6.507106902234127
2082,0.22605651028199789,,,-1.6752837350868184,6.502999556746615
2083,0.2266709576362344,,,-1.67400976753031,6.4988925112909754
2084,0.22728517526582234,,,-1.6727362507022823,6.494785770010737
2085,0.22789916312470934,,,-1.671463184689943,6.490679337042183
2086,0.22851292116682348,,,-1.6701905695805495,6.486573216514355
2087,0.22912644934607337,,,-1.6689184054614075,6.482467412549067
2088,0.2297397476163482,,,-1.6676466924198718,6.478361929260909
2089,0.23035281593151768,,,-1.666375430543346,6.474256770757256
2090,0.2309656542454323,,,-1.665104619919282,6.470151941138276
2091,0.23157826251192323,,,-1.6638342606351806,6.4660474444969385
2092,0.23219064068480247,,,-1.6625643527785903,6.461943284919019
2093,0.23280278871786286,,,-1.6612948964371084,6.457839466483107
2094,0.2334147065648782,,,-1.6600258916983799,6.45373599326062
2095,0.23402639417960325,,,-1.6587573386500984,6.449632869315804
2096,0.23463785151577385,,,-1.6574892373800054,6.445530098705742
2097,0.23524907852710691,,,-1.65622158797589,6.441427685480366
2098,0.2358600751673006,,,-1.6549543905255888,6.43732563368246
2099,0.2364708413900342,,,-1.6536876451169868,6.4332239473476704
2100,0.23708137714896838,,,-1.6524213518380162,6.429122630504514
2101,0.23769168239774516,,,-1.6511555107766567,6.425021687174381
2102,0.238301757089988,,,-1.6498901220209352,6.420921121371549
2103,0.2389116011793018,,,-1.648625185658926,6.416820937103187
2104,0.23952121461927303,,,-1.6473607017787506,6.412721138369362
2105,0.2401305973634698,,,-1.6460966704685775,6.408621729163048
2106,0.24073974936544193,,,-1.6448330918166223,6.404522713470138
2107,0.24134867057872086,,,-1.6435699659111473,6.400424095269442
2108,0.24195736095681997,,,-1.6423072928404614,6.3963258785327035
2109,0.24256582045323444,,,-1.6410450726929202,6.392228067224601
2110,0.24317404902144138,,,-1.6397833055569264,6.388130665302759
2111,0.24378204661489994,,,-1.6385219915209284,6.384033676717754
2112,0.2443898131870513,,,-1.637261130673421,6.379937105413124
2113,0.24499734869131878,,,-1.6360007231029459,6.375840955325374
2114,0.2456046530811079,,,-1.63474076889809,6.371745230383981
2115,0.24621172630980642,,,-1.6334812681474868,6.367649934511409
2116,0.24681856833078442,,,-1.6322222209398158,6.363555071623109
2117,0.24742517909739437,,,-1.630963627363802,6.359460645627531
2118,0.2480315585629712,,,-1.629705487508216,6.355366660426131
2119,0.24863770668083238,,,-1.6284478014618744,6.351273119913373
2120,0.2492436234042779,,,-1.627190569313639,6.347180027976747
2121,0.24984930868659042,,,-1.625933791152417,6.343087388496767
2122,0.2504547624810354,,,-1.624677467067161,6.338995205346982
2123,0.2510599847408609,,,-1.6234215971468688,6.334903482393984
2124,0.251664975419298,,,-1.6221661814805828,6.330812223497416
2125,0.2522697344695606,,,-1.620911220157391,6.326721432509975
2126,0.25287426184484557,,,-1.619656713266426,6.322631113277427
2127,0.25347855749833287,,,-1.6184026608968647,6.318541269638605
2128,0.25408262138318555,,,-1.6171490631379295,6.314451905425426
2129,0.25468645345254987,,,-1.6158959200788865,6.310363024462891
2130,0.25529005365955526,,,-1.6146432318090467,6.306274630569097
2131,0.25589342195731446,,,-1.6133909984177652,6.302186727555241
2132,0.2564965582989237,,,-1.6121392199944413,6.298099319225631
2133,0.25709946263746253,,,-1.6108878966285185,6.294012409377691
2134,0.2577021349259941,,,-1.609637028409484,6.289926001801968
2135,0.25830457511756505,,,-1.6083866154268693,6.285840100282139
2136,0.25890678316520577,,,-1.6071366577702495,6.281754708595024
2137,0.2595087590219303,,,-1.6058871555292429,6.277669830510583
2138,0.2601105026407365,,,-1.6046381087935118,6.273585469791933
2139,0.260712013974606,,,-1.603389517652762,6.269501630195351
2140,0.26131329297650446,,,-1.6021413821967423,6.265418315470281
2141,0.26191433959938143,,,-1.6008937025152448,6.261335529359344
2142,0.2625151537961706,,,-1.5996464786981048,6.257253275598341
2143,0.2631157355197896,,,-1.5983997108352004,6.2531715579162634
2144,0.26371608472314056,,,-1.5971533990164526,6.249090380035301
2145,0.26431620135910966,,,-1.5959075433318253,6.245009745670847
2146,0.26491608538056743,,,-1.5946621438713249,6.240929658531507
2147,0.2655157367403688,,,-1.5934172007250003,6.236850122319105
2148,0.2661151553913533,,,-1.5921727139829427,6.2327711407286905
2149,0.26671434128634475,,,-1.590928683735286,6.2286927174485465
2150,0.26731329437815177,,,-1.5896851100722063,6.224614856160198
2151,0.2679120146195676,,,-1.5884419930839213,6.220537560538418
2152,0.2685105019633703,,,-1.5871993328606908,6.216460834251233
2153,0.26910875636232257,,,-1.5859571294928165,6.212384680959934
2154,0.2697067777691722,,,-1.584715383070642,6.2083091043190795
2155,0.27030456613665177,,,-1.5834740936845522,6.2042341079765055
2156,0.27090212141747905,,,-1.5822332614249737,6.2001596955733325
2157,0.27149944356435673,,,-1.5809928863823743,6.196085870743974
2158,0.27209653252997285,,,-1.5797529686472633,6.192012637116138
2159,0.2726933882670005,,,-1.578513508310191,6.187939998310841
2160,0.2732900107280983,,,-1.5772745054617492,6.183867957942413
2161,0.27388639986591,,,-1.5760359601925698,6.179796519618501
2162,0.27448255563306506,,,-1.5747978725933258,6.175725686940081
2163,0.2750784779821783,,,-1.5735602427547313,6.171655463501464
2164,0.2756741668658502,,,-1.5723230707675404,6.167585852890301
2165,0.27626962223666685,,,-1.5710863567225481,6.1635168586875935
2166,0.27686484404720013,,,-1.5698501007105894,6.1594484844676956
2167,0.27745983225000775,,,-1.5686143028225394,6.155380733798327
2168,0.27805458679763323,,,-1.567378963149314,6.151313610240578
2169,0.27864910764260614,,,-1.5661440817818681,6.147247117348913
2170,0.279243394737442,,,-1.5649096588111975,6.143181258671183
2171,0.27983744803464244,,,-1.5636756943283368,6.1391160377486305
2172,0.28043126748669533,,,-1.5624421884243604,6.135051458115895
2173,0.2810248530460748,,,-1.561209141190383,6.130987523301023
2174,0.2816182046652411,,,-1.5599765527175578,6.126924236825472
2175,0.2822113222966412,,,-1.5587444230970773,6.12286160220412
2176,0.2828042058927082,,,-1.5575127524201737,6.118799622945272
2177,0.283396855405862,,,-1.5562815407781179,6.114738302550667
2178,0.283989270788509,,,-1.5550507882622195,6.110677644515485
2179,0.28458145199304224,,,-1.5538204949638272,6.106617652328354
2180,0.28517339897184163,,,-1.5525906609743283,6.102558329471355
2181,0.28576511167727386,,,-1.5513612863851483,6.098499679420034
2182,0.2863565900616925,,,-1.5501323712877513,6.094441705643404
2183,0.2869478340774382,,,-1.5489039157736397,6.090384411603954
2184,0.2875388436768386,,,-1.5476759199343546,6.086327800757657
2185,0.2881296188122084,,,-1.5464483838614742,6.0822718765539765
2186,0.28872015943584967,,,-1.5452213076466155,6.078216642435872
2187,0.2893104655000517,,,-1.5439946913814322,6.074162101839808
2188,0.2899005369570911,,,-1.542768535157617,6.070108258195759
2189,0.290490373759232,,,-1.541542839066899,6.066055114927219
2190,0.29107997585872586,,,-1.5403176032010455,6.062002675451205
2191,0.2916693432078119,,,-1.5390928276518605,6.057950943178268
2192,0.29225847575871694,,,-1.5378685125111857,6.053899921512496
2193,0.2928473734636555,,,-1.5366446578708994,6.049849613851525
2194,0.29343603627483006,,,-1.5354212638229172,6.045800023586543
2195,0.2940244641444308,,,-1.5341983304591915,6.041751154102297
2196,0.2946126570246359,,,-1.532975857871711,6.0377030087771
2197,0.2952006148676117,,,-1.531753846152501,6.033655590982843
2198,0.2957883376255125,,,-1.530532295393624,6.029608904084991
2199,0.29637582525048095,,,-1.5293112056871776,6.025562951442603
2200,0.2969630776946479,,,-1.5280905771252962,6.021517736408327
2201,0.2975500949101325,,,-1.5268704098001502,6.0174732623284175
2202,0.2981368768490424,,,-1.525650703803946,6.013429532542732
2203,0.2987234234634737,,,-1.5244314592289256,6.009386550384746
2204,0.29930973470551114,,,-1.5232126761673668,6.005344319181556
2205,0.2998958105272281,,,-1.5219943547115828,6.001302842253889
2206,0.30048165088068657,,,-1.5207764949539224,5.997262122916104
2207,0.3010672557179375,,,-1.5195590969867694,5.993222164476206
2208,0.3016526249910208,,,-1.518342160902543,5.989182970235849
2209,0.3022377586519651,,,-1.517125686793697,5.985144543490341
2210,0.30282265665278835,,,-1.5159096747527208,5.981106887528655
2211,0.3034073189454974,,,-1.5146941248721377,5.977070005633433
2212,0.3039917454820884,,,-1.5134790372445066,5.973033901080994
2213,0.30457593621454687,,,-1.5122644119624198,5.968998577141341
2214,0.3051598910948476,,,-1.5110502491185047,5.964964037078167
2215,0.30574361007495476,,,-1.5098365488054226,5.960930284148862
2216,0.30632709310682216,,,-1.5086233111158691,5.95689732160452
2217,0.3069103401423932,,,-1.507410536142574,5.952865152689945
2218,0.3074933511336009,,,-1.5061982239783003,5.948833780643661
2219,0.30807612603236806,,,-1.5049863747158452,5.944803208697914
2220,0.30865866479060733,,,-1.5037749884480394,5.940773440078682
2221,0.30924096736022133,,,-1.5025640652677468,5.9367444780056795
2222,0.3098230336931026,,,-1.5013536052678649,5.932716325692367
2223,0.3104048637411338,,,-1.5001436085413242,5.928688986345957
2224,0.31098645745618775,,,-1.4989340751810885,5.924662463167419
2225,0.3115678147901275,,,-1.4977250052801538,5.920636759351487
2226,0.31214893569480645,,,-1.4965163989315498,5.916611878086666
2227,0.3127298201220684,,,-1.495308256228338,5.912587822555242
2228,0.3133104680237476,,,-1.4941005772636131,5.908564595933284
2229,0.3138908793516689,,,-1.4928933621305018,5.904542201390654
2230,0.31447105405764786,,,-1.4916866109221636,5.900520642091011
2231,0.3150509920934906,,,-1.490480323731789,5.896499921191819
2232,0.3156306934109942,,,-1.4892745006526014,5.892480041844356
2233,0.31621015796194657,,,-1.4880691417778555,5.888461007193716
2234,0.31678938569812665,,,-1.486864247200838,5.88444282037882
2235,0.3173683765713044,,,-1.4856598170148672,5.88042548453242
2236,0.3179471305332409,,,-1.4844558513132924,5.876409002781108
2237,0.3185256475356885,,,-1.4832523501894948,5.872393378245318
2238,0.31910392753039085,,,-1.4820493137368862,5.868378614039339
2239,0.319681970469083,,,-1.4808467420489095,5.864364713271319
2240,0.32025977630349134,,,-1.4796446352190387,5.860351679043267
2241,0.320837344985334,,,-1.4784429933407786,5.856339514451067
2242,0.32141467646632066,,,-1.477241816507664,5.852328222584482
2243,0.3219917706981527,,,-1.476041104813261,5.8483178065271595
2244,0.3225686276325234,,,-1.4748408583511654,5.844308269356636
2245,0.32314524722111787,,,-1.4736410772150033,5.84029961414435
2246,0.32372162941561317,,,-1.4724417614984309,5.836291843955643
2247,0.3242977741676784,,,-1.4712429112951342,5.832284961849768
2248,0.32487368142897494,,,-1.4700445266988291,5.828278970879897
2249,0.3254493511511562,,,-1.4688466078032614,5.824273874093127
2250,0.32602478328586804,,,-1.4676491547022057,5.820269674530484
2251,0.3265999777847487,,,-1.4664521674894662,5.816266375226933
2252,0.32717493459942887,,,-1.4652556462588766,5.812263979211384
2253,0.3277496536815318,,,-1.4640595911042993,5.808262489506697
2254,0.32832413498267343,,,-1.4628640021196258,5.804261909129692
2255,0.3288983784544624,,,-1.461668879398776,5.80026224109115
2256,0.3294723840485002,,,-1.4604742230356988,5.796263488395823
2257,0.3300461517163812,,,-1.4592800331243718,5.792265654042442
2258,0.3306196814096928,,,-1.4580863097588006,5.78826874102372
2259,0.33119297308001544,,,-1.4568930530330186,5.78427275232636
2260,0.33176602667892274,,,-1.455700263041088,5.780277690931063
2261,0.3323388421579816,,,-1.4545079398770986,5.776283559812534
2262,0.33291141946875225,,,-1.453316083635168,5.772290361939485
2263,0.3334837585627883,,,-1.4521246944094413,5.768298100274647
2264,0.3340558593916369,,,-1.450933772294091,5.76430677777477
2265,0.33462772190683887,,,-1.4497433173833174,5.760316397390638
2266,0.3351993460599286,,,-1.4485533297713473,5.756326962067067
2267,0.33577073180243433,,,-1.4473638095524353,5.752338474742917
2268,0.33634187908587815,,,-1.4461747568208623,5.748350938351096
2269,0.33691278786177603,,,-1.444986171670936,5.744364355818566
2270,0.3374834580816381,,,-1.443798054196991,5.740378730066352
2271,0.33805388969696853,,,-1.4426104044933885,5.736394064009548
2272,0.33862408265926575,,,-1.4414232226545154,5.732410360557319
2273,0.3391940369200225,,,-1.4402365087747848,5.728427622612915
2274,0.33976375243072576,,,-1.4390502629486366,5.72444585307367
2275,0.34033322914285724,,,-1.4378644852705358,5.720465054831013
2276,0.340902467007893,,,-1.4366791758349733,5.716485230770474
2277,0.3414714659773039,,,-1.4354943347364657,5.7125063837716885
2278,0.3420402260025554,,,-1.434309962069555,5.708528516708405
2279,0.34260874703510796,,,-1.4331260579288083,5.704551632448492
2280,0.3431770290264169,,,-1.431942622408818,5.700575733853943
2281,0.3437450719279325,,,-1.4307596556042015,5.696600823780884
2282,0.34431287569110025,,,-1.4295771576096008,5.692626905079578
2283,0.3448804402673607,,,-1.4283951285196828,5.688653980594436
2284,0.34544776560814977,,,-1.4272135684291387,5.684682053164019
2285,0.34601485166489876,,,-1.4260324774326842,5.680711125621045
2286,0.34658169838903435,,,-1.4248518556250593,5.676741200792395
2287,0.3471483057319789,,,-1.423671703101028,5.672772281499123
2288,0.34771467364515035,,,-1.422492019955378,5.668804370556458
2289,0.34828080207996237,,,-1.4213128062829212,5.664837470773812
2290,0.3488466909878245,,,-1.4201340621784928,5.660871584954789
2291,0.3494123403201422,,,-1.4189557877369514,5.6569067158971835
2292,0.34997775002831677,,,-1.4177779830531791,5.652942866392997
2293,0.3505429200637459,,,-1.416600648222081,5.648980039228436
2294,0.3511078503778232,,,-1.4154237833385852,5.645018237183925
2295,0.35167254092193884,,,-1.414247388497643,5.641057463034107
2296,0.3522369916474791,,,-1.4130714637942277,5.637097719547851
2297,0.3528012025058269,,,-1.4118960093233357,5.6331390094882625
2298,0.3533651734483617,,,-1.4107210251799858,5.629181335612686
2299,0.3539289044264595,,,-1.4095465114592187,5.625224700672711
2300,0.35449239539149324,,,-1.4083724682560974,5.621269107414181
2301,0.35505564629483255,,,-1.4071988956657067,5.617314558577196
2302,0.355618657087844,,,-1.4060257937831528,5.613361056896124
2303,0.3561814277218913,,,-1.4048531627035645,5.609408605099601
2304,0.3567439581483352,,,-1.4036810025220912,5.605457205910542
2305,0.35730624831853364,,,-1.4025093133339037,5.601506862046146
2306,0.3578682981838419,,,-1.401338095234194,5.597557576217902
2307,0.35843010769561273,,,-1.4001673483181754,5.593609351131593
2308,0.3589916768051962,,,-1.3989970726810812,5.589662189487307
2309,0.3595530054639402,,,-1.3978272684181665,5.58571609397944
2310,0.3601140936231901,,,-1.396657935624706,5.581771067296701
2311,0.3606749412342891,,,-1.3954890743959951,5.577827112122123
2312,0.36123554824857845,,,-1.3943206848273495,5.573884231133063
2313,0.36179591461739713,,,-1.3931527670141044,5.569942427001216
2314,0.3623560402920823,,,-1.3919853210516153,5.566001702392612
2315,0.3629159252239692,,,-1.3908183470352575,5.5620620599676265
2316,0.36347556936439146,,,-1.3896518450604256,5.558123502380992
2317,0.36403497266468093,,,-1.3884858152225334,5.554186032281795
2318,0.364594135076168,,,-1.3873202576170145,5.550249652313487
2319,0.36515305655018154,,,-1.386155172339321,5.546314365113892
2320,0.3657117370380491,,,-1.384990559484924,5.542380173315208
2321,0.36627017649109694,,,-1.3838264191493137,5.538447079544018
2322,0.3668283748606501,,,-1.3826627514279985,5.534515086421293
2323,0.3673863320980327,,,-1.3814995564165056,5.530584196562398
2324,0.36794404815456766,,,-1.38033683421038,5.526654412577101
2325,0.36850152298157723,,,-1.3791745849051849,5.522725737069577
2326,0.3690587565303828,,,-1.3780128085965013,5.518798172638414
2327,0.36961574875230496,,,-1.3768515053799286,5.514871721876619
2328,0.3701724995986639,,,-1.3756906753510831,5.510946387371627
2329,0.3707290090207792,,,-1.374530318605599,5.5070221717053025
2330,0.37128527696997016,,,-1.3733704352391276,5.50309907745395
2331,0.37184130339755567,,,-1.372211025347337,5.499177107188315
2332,0.37239708825485446,,,-1.3710520890259124,5.495256263473596
2333,0.37295263149318514,,,-1.3698936263705563,5.491336548869446
2334,0.3735079330638664,,,-1.368735637476987,5.487417965929982
2335,0.374062992918217,,,-1.3675781224409398,5.483500517203788
2336,0.37461781100755576,,,-1.3664210813581659,5.479584205233922
2337,0.375172387283202,,,-1.365264514324433,5.475669032557924
2338,0.37572672169647536,,,-1.3641084214355246,5.47175500170782
2339,0.3762808141986959,,,-1.3629528027872397,5.467842115210127
2340,0.37683466474118443,,,-1.3617976584753935,5.463930375585863
2341,0.3773882732752623,,,-1.3606429885958158,5.46001978535055
2342,0.37794163975225176,,,-1.3594887932443525,5.45611034701422
2343,0.3784947641234758,,,-1.358335072516864,5.4522020630814225
2344,0.37904764634025867,,,-1.357181826509226,5.448294936051228
2345,0.37960028635392545,,,-1.3560290553173284,5.44438896841724
2346,0.3801526841158026,,,-1.3548767590370767,5.440484162667591
2347,0.38070483957721774,,,-1.35372493776439,5.436580521284959
2348,0.3812567526895,,,-1.3525735915952017,5.432678046746567
2349,0.3818084234039799,,,-1.3514227206254599,5.42877674152419
2350,0.38235985167198966,,,-1.3502723249511257,5.424876608084163
2351,0.38291103744486316,,,-1.3491224046681747,5.420977648887385
2352,0.38346198067393605,,,-1.3479729598725956,5.417079866389328
2353,0.38401268131054594,,,-1.346823990660391,5.413183263040036
2354,0.3845631393060324,,,-1.3456754971275762,5.409287841284141
2355,0.3851133546117372,,,-1.3445274793701796,5.40539360356086
2356,0.3856633271790041,,,-1.3433799374842432,5.4015005523040065
2357,0.3862130569591794,,,-1.3422328715658207,5.397608689941994
2358,0.38676254390361176,,,-1.3410862817109788,5.393718018897841
2359,0.38731178796365223,,,-1.3399401680157967,5.389828541589182
2360,0.3878607890906547,,,-1.3387945305763658,5.385940260428266
2361,0.38840954723597554,,,-1.337649369488789,5.382053177821969
2362,0.3889580623509742,,,-1.3365046848491815,5.378167296171795
2363,0.3895063343870128,,,-1.3353604767536702,5.374282617873886
2364,0.39005436329545673,,,-1.3342167452983933,5.370399145319027
2365,0.3906021490276744,,,-1.3330734905795003,5.366516880892648
2366,0.39114969153503737,,,-1.3319307126931519,5.362635826974834
2367,0.3916969907689207,,,-1.3307884117355195,5.358755985940331
2368,0.39224404668070295,,,-1.3296465878027859,5.354877360158548
2369,0.392790859221766,,,-1.328505240991144,5.35099995199357
2370,0.39333742834349555,,,-1.327364371396797,5.347123763804156
2371,0.3938837539972811,,,-1.3262239791159591,5.3432487979437475
2372,0.3944298361345159,,,-1.3250840642448538,5.339375056760478
2373,0.3949756747065972,,,-1.323944626879715,5.335502542597174
2374,0.39552126966492646,,,-1.3228056671167858,5.331631257791364
2375,0.3960666209609091,,,-1.3216671850523196,5.327761204675283
2376,0.39661172854595506,,,-1.3205291807825783,5.323892385575878
2377,0.3971565923714785,,,-1.3193916544038333,5.320024802814815
2378,0.39770121238889816,,,-1.3182546060123652,5.316158458708484
2379,0.39824558854963743,,,-1.3171180357044636,5.3122933555680065
2380,0.3987897208051243,,,-1.3159819435764262,5.308429495699238
2381,0.3993336091067917,,,-1.3148463297245594,5.304566881402778
2382,0.39987725340607744,,,-1.313711194245178,5.30070551497397
2383,0.4004206536544243,,,-1.3125765372346048,5.296845398702914
2384,0.40096380980328034,,,-1.3114423587891704,5.292986534874467
2385,0.40150672180409874,,,-1.310308659005213,5.289128925768255
2386,0.40204938960833814,,,-1.309175437979079,5.285272573658669
2387,0.40259181316746256,,,-1.3080426958071214,5.2814174808148815
2388,0.4031339924329417,,,-1.3069104325857008,5.277563649500845
2389,0.40367592735625074,,,-1.3057786484111849,5.2737110819753
2390,0.4042176178888709,,,-1.304647343379948,5.269859780491783
2391,0.40475906398228917,,,-1.3035165175883712,5.266009747298627
2392,0.4053002655879985,,,-1.3023861711328417,5.262160984638973
2393,0.405841222657498,,,-1.3012563041097533,5.258313494750772
2394,0.4063819351422931,,,-1.3001269166155058,5.254467279866794
2395,0.40692240299389537,,,-1.298998008746505,5.250622342214628
2396,0.407462626163823,,,-1.297869580599162,5.246778684016696
2397,0.40800260460360066,,,-1.296741632269894,5.2429363074902495
2398,0.4085423382647596,,,-1.295614163855123,5.239095214847384
2399,0.409081827098838,,,-1.2944871754512766,5.235255408295038
2400,0.4096210710573808,,,-1.293360667154787,5.231416890035002
2401,0.41016007009194,,,-1.2922346390620914,5.227579662263926
2402,0.41069882415407466,,,-1.2911090912696317,5.223743727173318
2403,0.41123733319535105,,,-1.2899840238738538,5.219909086949558
2404,0.41177559716734274,,,-1.2888594369712083,5.2160757437739
2405,0.4123136160216308,,,-1.2877353306581494,5.212243699822478
2406,0.41285138970980384,,,-1.2866117050311352,5.20841295726631
2407,0.4133889181834581,,,-1.285488560186628,5.204583518271306
2408,0.4139262013941975,,,-1.2843658962210927,5.200755384998275
2409,0.414463239293634,,,-1.2832437132309977,5.1969285596029255
2410,0.4150000318333874,,,-1.282122011312815,5.193103044235876
2411,0.4155365789650857,,,-1.281000790563019,5.18927884104266
2412,0.41607288064036513,,,-1.2798800510780872,5.185455952163729
2413,0.41660893681087013,,,-1.2787597929544992,5.18163437973446
2414,0.4171447474282537,,,-1.2776400162887367,5.177814125885161
2415,0.4176803124441773,,,-1.2765207211772842,5.173995192741077
2416,0.41821563181031113,,,-1.2754019077166279,5.170177582422396
2417,0.41875070547833415,,,-1.2742835760032554,5.166361297044253
2418,0.41928553339993413,,,-1.2731657261336562,5.162546338716737
2419,0.4198201155268079,,,-1.272048358204321,5.1587327095448945
2420,0.4203544518106615,,,-1.2709314723117418,5.154920411628739
2421,0.42088854220321004,,,-1.269815068552411,5.151109447063253
2422,0.42142238665617804,,,-1.2686991470228226,5.1472998179383955
2423,0.42195598512129945,,,-1.2675837078194707,5.1434915263391074
2424,0.42248933755031787,,,-1.26646875103885,5.139684574345317
2425,0.42302244389498656,,,-1.2653542767774553,5.135878964031944
2426,0.42355530410706854,,,-1.264240285131781,5.132074697468907
2427,0.42408791813833674,,,-1.2631267761983218,5.12827177672113
2428,0.4246202859405742,,,-1.2620137500735717,5.124470203848546
2429,0.42515240746557403,,,-1.2609012068540244,5.120669980906102
2430,0.42568428266513963,,,-1.2597891466361726,5.116871109943766
2431,0.4262159114910848,,,-1.258677569516508,5.113073593006534
2432,0.42674729389523375,,,-1.257566475591521,5.109277432134431
2433,0.42727842982942144,,,-1.2564558649577011,5.105482629362522
2434,0.42780931924549337,,,-1.2553457377115356,5.101689186720915
2435,0.42833996209530606,,,-1.2542360939495103,5.097897106234763
2436,0.4288703583307269,,,-1.2531269337681092,5.094106389924277
2437,0.4294005079036343,,,-1.2520182572638137,5.0903170398047255
2438,0.42993041076591804,,,-1.2509100645331028,5.086529057886443
2439,0.43046006686947896,,,-1.2498023556724533,5.0827424461748345
2440,0.43098947616622957,,,-1.2486951307783394,5.078957206670381
2441,0.43151863860809375,,,-1.2475883899472313,5.075173341368645
2442,0.4320475541470071,,,-1.246482133275597,5.071390852260277
2443,0.43257622273491697,,,-1.2453763608599009,5.067609741331018
2444,0.43310464432378265,,,-1.2442710727966035,5.06383001056171
2445,0.4336328188655754,,,-1.2431662691821619,5.060051661928298
2446,0.43416074631227874,,,-1.2420619501130288,5.056274697401834
2447,0.43468842661588825,,,-1.2409581156856528,5.0524991189484885
2448,0.4352158597284119,,,-1.2398547659964785,5.0487249285295475
2449,0.4357430456018703,,,-1.2387519011419454,5.044952128101428
2450,0.43626998418829654,,,-1.2376495212184886,5.041180719615673
2451,0.4367966754397365,,,-1.2365476263225377,5.037410705018965
2452,0.4373231193082488,,,-1.2354462165505176,5.0336420862531295
2453,0.43784931574590513,,,-1.2343452919988473,5.0298748652551355
2454,0.43837526470479027,,,-1.2332448527639408,5.02610904395711
2455,0.4389009661370021,,,-1.2321448989422055,5.022344624286335
2456,0.4394264199946519,,,-1.2310454306300433,5.018581608165256
2457,0.4399516262298644,,,-1.22994644792385,5.014819997511491
2458,0.44047658479477786,,,-1.2288479509200143,5.01105979423783
2459,0.4410012956415442,,,-1.2277499397149185,5.007301000252244
2460,0.44152575872232924,,,-1.2266524144049384,5.003543617457889
2461,0.4420499739893126,,,-1.2255553750864425,4.999787647753114
2462,0.4425739413946881,,,-1.224458821855792,4.996033093031462
2463,0.44309766089066355,,,-1.2233627548093402,4.992279955181679
2464,0.4436211324294612,,,-1.2222671740434334,4.98852823608772
2465,0.4441443559633177,,,-1.2211720796544099,4.984777937628748
2466,0.44466733144448406,,,-1.2200774717385994,4.981029061679149
2467,0.44519005882522616,,,-1.2189833503923238,4.97728161010853
2468,0.4457125380578245,,,-1.217889715711896,4.973535584781727
2469,0.44623476909457466,,,-1.2167965677936203,4.96979098755881
2470,0.446756751887787,,,-1.2157039067337925,4.96604782029509
2471,0.4472784863897873,,,-1.2146117326286987,4.9623060848411225
2472,0.4477999725529163,,,-1.213520045574616,4.958565783042712
2473,0.44832121032953043,,,-1.2124288456678114,4.954826916740919
2474,0.4488421996720014,,,-1.2113381330045427,4.951089487772068
2475,0.44936294053271675,,,-1.2102479076810573,4.947353497967745
2476,0.4498834328640796,,,-1.2091581697935925,4.943618949154812
2477,0.4504036766185091,,,-1.208068919438375,4.939885843155407
2478,0.4509236717484404,,,-1.2069801567116212,4.936154181786949
2479,0.4514434182063246,,,-1.2058918817095363,4.932423966862147
2480,0.45196291594462934,,,-1.2048040945283145,4.928695200189002
2481,0.4524821649158384,,,-1.2037167952641388,4.924967883570813
2482,0.45300116507245225,,,-1.2026299840131807,4.921242018806183
2483,0.45351991636698785,,,-1.2015436608715997,4.917517607689025
2484,0.454038418751979,,,-1.200457825935544,4.913794652008566
2485,0.4545566721799763,,,-1.199372479301149,4.9100731535493525
2486,0.4550746766035475,,,-1.1982876210645381,4.906353114091257
2487,0.4555924319752774,,,-1.1972032513218218,4.90263453540948
2488,0.45610993824776797,,,-1.196119370169098,4.898917419274561
2489,0.4566271953736388,,,-1.1950359777024515,4.895201767452377
2490,0.4571442033055267,,,-1.1939530740179543,4.891487581704156
2491,0.45766096199608636,,,-1.1928706592116642,4.88777486378647
2492,0.45817747139799014,,,-1.1917887333796258,4.884063615451256
2493,0.4586937314639283,,,-1.1907072966178698,4.880353838445807
2494,0.4592097421466091,,,-1.1896263490224124,4.876645534512788
2495,0.45972550339875895,,,-1.188545890689256,4.872938705390232
2496,0.46024101517312255,,,-1.1874659217143884,4.869233352811553
2497,0.460756277422463,,,-1.186386442193782,4.865529478505546
2498,0.46127129009956197,,,-1.185307452223395,4.861827084196398
2499,0.4617860531572197,,,-1.1842289518991698,4.858126171603685
2500,0.46230056654825524,,,-1.1831509413170336,4.854426742442386
2501,0.4628148302255066,,,-1.1820734205728982,4.850728798422881
2502,0.46332884414183084,,,-1.180996389762659,4.84703234125096
2503,0.46384260825010404,,,-1.1799198489821958,4.84333737262783
2504,0.4643561225032218,,,-1.1788437983273716,4.8396438942501145
2505,0.46486938685409895,,,-1.1777682378940335,4.835951907809863
2506,0.46538240125567004,,,-1.1766931677780113,4.832261414994557
2507,0.4658951656608892,,,-1.1756185880751178,4.828572417487111
2508,0.46640768002273036,,,-1.1745444988811489,4.824884916965881
2509,0.46691994429418754,,,-1.1734709002918828,4.82119891510467
2510,0.4674319584282747,,,-1.1723977924030804,4.817514413572731
2511,0.46794372237802595,,,-1.171325175310484,4.813831414034772
2512,0.468455236096496,,,-1.1702530491098186,4.810149918150965
2513,0.4689664995367597,,,-1.1691814138967904,4.806469927576948
2514,0.46947751265191273,,,-1.1681102697670873,4.8027914439638275
2515,0.46998827539507143,,,-1.1670396168163781,4.799114468958192
2516,0.470498787719373,,,-1.1659694551403128,4.795439004202108
2517,0.47100904957797557,,,-1.1648997848345222,4.791765051333132
2518,0.4715190609240585,,,-1.1638306059946175,4.788092611984313
2519,0.4720288217108223,,,-1.1627619187161902,4.784421687784195
2520,0.47253833189148886,,,-1.161693723094812,4.780752280356827
2521,0.47304759141930175,,,-1.160626019226034,4.777084391321766
2522,0.473556600247526,,,-1.1595588072053875,4.77341802229408
2523,0.4740653583294485,,,-1.158492087128383,4.769753174884357
2524,0.47457386561837817,,,-1.1574258590905102,4.766089850698709
2525,0.4750821220676457,,,-1.1563601231872376,4.762428051338775
2526,0.4755901276306042,,,-1.1552948795140123,4.758767778401729
2527,0.476097882260629,,,-1.15423012816626,4.755109033480281
2528,0.47660538591111784,,,-1.1531658692393847,4.751451818162687
2529,0.47711263853549113,,,-1.1521021028287683,4.747796134032753
2530,0.47761964008719193,,,-1.1510388290297708,4.744141982669838
2531,0.4781263905196862,,,-1.1499760479377292,4.740489365648859
2532,0.4786328897864628,,,-1.1489137596479582,4.736838284540298
2533,0.47913913784103374,,,-1.1478519642557492,4.733188740910206
2534,0.4796451346369343,,,-1.146790661856371,4.729540736320212
2535,0.48015088012772317,,,-1.1457298525450688,4.72589427232752
2536,0.4806563742669825,,,-1.1446695364170636,4.72224935048492
2537,0.48116161700831805,,,-1.1436097135675531,4.718605972340793
2538,0.4816666083053595,,,-1.1425503840917113,4.714964139439114
2539,0.4821713481117604,,,-1.1414915480846868,4.711323853319457
2540,0.48267583638119826,,,-1.1404332056416047,4.707685115517003
2541,0.4831800730673749,,,-1.1393753568575646,4.7040479275625415
2542,0.4836840581240165,,,-1.1383180018276413,4.700412290982477
2543,0.4841877915048735,,,-1.1372611406468847,4.696778207298836
2544,0.4846912731637212,,,-1.1362047734103182,4.693145678029268
2545,0.48519450305435946,,,-1.1351489002129407,4.689514704687053
2546,0.4856974811306131,,,-1.134093521149724,4.685885288781107
2547,0.486200207346332,,,-1.1330386363156146,4.682257431815987
2548,0.48670268165539105,,,-1.1319842458055318,4.678631135291895
2549,0.4872049040116905,,,-1.1309303497143686,4.6750064007046825
2550,0.487706874369156,,,-1.129876948136991,4.671383229545857
2551,0.48820859268173883,,,-1.128824041168238,4.667761623302585
2552,0.4887100589034159,,,-1.127771628902921,4.664141583457702
2553,0.48921127298818995,,,-1.1267197114358234,4.66052311148971
2554,0.48971223489008975,,,-1.1256682888617013,4.65690620887279
2555,0.49021294456317016,,,-1.1246173612752826,4.653290877076801
2556,0.49071340196151225,,,-1.1235669287712662,4.649677117567288
2557,0.49121360703922357,,,-1.1225169914443232,4.646064931805487
2558,0.49171355975043807,,,-1.1214675493890955,4.642454321248329
2559,0.4922132600493165,,,-1.1204186027001959,4.638845287348447
2560,0.4927127078900463,,,-1.1193701514722076,4.635237831554178
2561,0.49321190322684194,,,-1.1183221957996847,4.631631955309569
2562,0.49371084601394494,,,-1.117274735777151,4.628027660054383
2563,0.494209536205624,,,-1.1162277714991005,4.624424947224105
2564,0.49470797375617537,,,-1.1151813030599969,4.620823818249942
2565,0.49520615861992257,,,-1.1141353305542732,4.6172242745588346
2566,0.49570409075121685,,,-1.113089854076332,4.613626317573457
2567,0.49620177010443733,,,-1.1120448737205444,4.610029948712223
2568,0.496699196633991,,,-1.1110003895812501,4.606435169389295
2569,0.4971963702943128,,,-1.109956401752758,4.602841981014581
2570,0.49769329103986604,,,-1.108912910329344,4.599250384993748
2571,0.49818995882514233,,,-1.1078699154052531,4.595660382728219
2572,0.4986863736046618,,,-1.1068274170746977,4.592071975615187
2573,0.4991825353329731,,,-1.1057854154318574,4.58848516504761
2574,0.4996784439646538,,,-1.1047439105708794,4.584899952414224
2575,0.5001740994543102,,,-1.1037029025858776,4.581316339099544
2576,0.500669501756578,,,-1.1026623915709326,4.57773432648387
2577,0.5011646508261216,,,-1.1016223776200917,4.57415391594329
2578,0.5016595466176351,,,-1.1005828608273684,4.570575108849689
2579,0.5021541890858421,,,-1.099543841286742,4.566997906570749
2580,0.5026485781854956,,,-1.0985053190921577,4.563422310469957
2581,0.5031427138713785,,,-1.097467294337526,4.55984832190661
2582,0.5036365960983038,,,-1.0964297671167234,4.55627594223582
2583,0.5041302248211142,,,-1.0953927375235901,4.5527051728085155
2584,0.5046235999946829,,,-1.0943562056519318,4.549136014971451
2585,0.5051167215739131,,,-1.093320171595519,4.545568470067208
2586,0.5056095895137388,,,-1.0922846354480855,4.542002539434204
2587,0.5061022037691246,,,-1.0912495973033298,4.5384382244066925
2588,0.5065945642950658,,,-1.090215057254914,4.534875526314773
2589,0.5070866710465886,,,-1.0891810153964636,4.53131444648439
2590,0.5075785239787503,,,-1.0881474718215673,4.527754986237346
2591,0.5080701230466393,,,-1.0871144266237767,4.5241971468912965
2592,0.5085614682053757,,,-1.086081879896606,4.520640929759762
2593,0.5090525594101108,,,-1.0850498317335326,4.517086336152133
2594,0.5095433966160275,,,-1.0840182822279951,4.513533367373667
2595,0.5100339797783408,,,-1.0829872314733946,4.509982024725505
2596,0.5105243088522972,,,-1.0819566795630937,4.506432309504667
2597,0.5110143837931757,,,-1.0809266265904167,4.50288422300406
2598,0.5115042045562872,,,-1.079897072648649,4.499337766512485
2599,0.5119937710969753,,,-1.0788680178310368,4.495792941314638
2600,0.512483083370616,,,-1.077839462230787,4.4922497486911155
2601,0.5129721413326177,,,-1.0768114059410667,4.488708189918424
2602,0.5134609449384221,,,-1.0757838490550038,4.485168266268978
2603,0.5139494941435034,,,-1.0747567916656853,4.48162997901111
2604,0.5144377889033692,,,-1.0737302338661583,4.478093329409072
2605,0.5149258291735603,,,-1.0727041757494293,4.4745583187230435
2606,0.5154136149096509,,,-1.0716786174084638,4.471024948209132
2607,0.5159011460672486,,,-1.070653558936186,4.467493219119382
2608,0.5163884226019949,,,-1.0696290004254794,4.463963132701779
2609,0.5168754444695651,,,-1.0686049419691845,4.460434690200251
2610,0.5173622116256684,,,-1.0675813836601014,4.456907892854677
2611,0.5178487240260483,,,-1.066558325590987,4.45338274190089
2612,0.5183349816264825,,,-1.065535767854556,4.449859238570681
2613,0.5188209843827832,,,-1.064513710543481,4.44633738409181
2614,0.5193067322507972,,,-1.0634921537503905,4.442817179687999
2615,0.5197922251864058,,,-1.0624710975678706,4.439298626578949
2616,0.5202774631455256,,,-1.0614505420884637,4.435781725980335
2617,0.5207624460841079,,,-1.0604304874046686,4.432266479103819
2618,0.5212471739581395,,,-1.0594109336089397,4.4287528871570485
2619,0.521731646723642,,,-1.0583918807936874,4.425240951343664
2620,0.5222158643366732,,,-1.0573733290512777,4.421730672863303
2621,0.522699826753326,,,-1.0563552784740315,4.418222052911606
2622,0.5231835339297294,,,-1.0553377291542247,4.414715092680219
2623,0.5236669858220482,,,-1.054320681184088,4.411209793356802
2624,0.5241501823864833,,,-1.053304134655806,4.407706156125029
2625,0.5246331235792717,,,-1.0522880896615183,4.4042041821645945
2626,0.5251158093566872,,,-1.0512725462933177,4.4007038726512215
2627,0.5255982396750398,,,-1.0502575046432507,4.397205228756662
2628,0.5260804144906762,,,-1.0492429648033175,4.393708251648703
2629,0.5265623337599802,,,-1.0482289268654708,4.390212942491171
2630,0.5270439974393724,,,-1.0472153909216164,4.3867193024439395
2631,0.5275254054853105,,,-1.046202357063613,4.383227332662928
2632,0.5280065578542897,,,-1.0451898253832708,4.3797370343001125
2633,0.5284874545028426,,,-1.0441777959723524,4.3762484085035265
2634,0.5289680953875393,,,-1.043166268922572,4.372761456417268
2635,0.5294484804649878,,,-1.0421552443255955,4.369276179181503
2636,0.529928609691834,,,-1.0411447222730397,4.365792577932468
2637,0.5304084830247616,,,-1.0401347028564727,4.3623106538024805
2638,0.5308881004204931,,,-1.039125186167413,4.358830407919938
2639,0.5313674618357886,,,-1.0381161722973289,4.355351841409326
2640,0.5318465672274476,,,-1.03710766133764,4.351874955391221
2641,0.5323254165523076,,,-1.0360996533797147,4.3483997509822965
2642,0.5328040097672452,,,-1.0350921485148714,4.344926229295327
2643,0.533282346829176,,,-1.034085146834378,4.341454391439189
2644,0.5337604276950546,,,-1.0330786484294505,4.337984238518875
2645,0.5342382523218752,,,-1.032072653391255,4.334515771635489
2646,0.5347158206666711,,,-1.031067161810905,4.331048991886255
2647,0.5351931326865156,,,-1.0300621737794624,4.32758390036452
2648,0.5356701883385214,,,-1.0290576893879375,4.324120498159762
2649,0.5361469875798414,,,-1.0280537087272876,4.320658786357593
2650,0.5366235303676683,,,-1.0270502318884178,4.317198766039761
2651,0.5370998166592353,,,-1.0260472589621803,4.313740438284157
2652,0.5375758464118159,,,-1.0250447900393738,4.31028380416482
2653,0.538051619582724,,,-1.0240428252107436,4.306828864751942
2654,0.5385271361293144,,,-1.0230413645669818,4.303375621111871
2655,0.5390023960089826,,,-1.0220404081987255,4.299924074307115
2656,0.5394773991791653,,,-1.0210399561965586,4.2964742253963495
2657,0.5399521455973402,,,-1.0200400086510097,4.293026075434421
2658,0.5404266352210264,,,-1.0190405656525527,4.2895796254723475
2659,0.5409008680077846,,,-1.0180416272916066,4.286134876557332
2660,0.5413748439152168,,,-1.017043193658535,4.282691829732759
2661,0.5418485629009673,,,-1.016045264843645,4.279250486038201
2662,0.5423220249227217,,,-1.0150478409371892,4.275810846509426
2663,0.5427952299382085,,,-1.0140509220293628,4.272372912178399
2664,0.5432681779051978,,,-1.0130545082103048,4.26893668407329
2665,0.5437408687815024,,,-1.012058599570098,4.265502163218473
2666,0.5442133025249778,,,-1.0110631961987668,4.262069350634535
2667,0.544685479093522,,,-1.0100682981862796,4.258638247338282
2668,0.5451573984450762,,,-1.0090739056225464,4.255208854342737
2669,0.5456290605376243,,,-1.0080800185974195,4.251781172657151
2670,0.5461004653291938,,,-1.0070866372006928,4.248355203287005
2671,0.5465716127778553,,,-1.006093761522102,4.244930947234016
2672,0.5470425028417231,,,-1.0051013916513238,4.241508405496138
2673,0.5475131354789552,,,-1.0041095276779761,4.238087579067569
2674,0.5479835106477534,,,-1.0031181696916172,4.234668468938758
2675,0.5484536283063636,,,-1.0021273177817458,4.231251076096404
2676,0.5489234884130756,,,-1.0011369720378012,4.227835401523466
2677,0.5493930909262239,,,-1.0001471325491618,4.224421446199164
2678,0.5498624358041875,,,-0.9991577994051456,4.221009211098985
2679,0.5503315230053898,,,-0.9981689726950104,4.217598697194687
2680,0.5508003524882992,,,-0.9971806525079524,4.214189905454303
2681,0.5512689242114289,,,-0.9961928389331068,4.210782836842148
2682,0.5517372381333375,,,-0.9952055320595472,4.207377492318819
2683,0.5522052942126289,,,-0.994218731976285,4.203973872841205
2684,0.5526730924079521,,,-0.9932324387722695,4.200571979362488
2685,0.5531406326780023,,,-0.9922466525363878,4.197171812832149
2686,0.55360791498152,,,-0.9912613733574639,4.19377337419597
2687,0.5540749392772919,,,-0.9902766013242589,4.190376664396044
2688,0.5545417055241507,,,-0.9892923365254704,4.18698168437077
2689,0.5550082136809755,,,-0.9883085790497327,4.183588435054869
2690,0.5554744637066918,,,-0.9873253289856159,4.18019691737938
2691,0.5559404555602717,,,-0.9863425864216259,4.176807132271668
2692,0.556406189200734,,,-0.9853603514462042,4.173419080655429
2693,0.5568716645871445,,,-0.9843786241477274,4.170032763450691
2694,0.5573368816786161,,,-0.9833974046145072,4.166648181573823
2695,0.5578018404343088,,,-0.9824166929347898,4.163265335937537
2696,0.5582665408134302,,,-0.9814364891967557,4.159884227450893
2697,0.5587309827752355,,,-0.9804567934885197,4.156504857019302
2698,0.5591951662790275,,,-0.9794776058981298,4.153127225544533
2699,0.5596590912841571,,,-0.978498926513568,4.149751333924716
2700,0.5601227577500232,,,-0.9775207554227491,4.146377183054345
2701,0.5605861656360728,,,-0.9765430927135211,4.1430047738242886
2702,0.5610493149018014,,,-0.9755659384736645,4.139634107121786
2703,0.5615122055067532,,,-0.9745892927908918,4.136265183830457
2704,0.5619748374105209,,,-0.9736131557528478,4.132898004830305
2705,0.5624372105727462,,,-0.9726375274471089,4.12953257099772
2706,0.56289932495312,,,-0.9716624079611829,4.126168883205488
2707,0.5633611805113823,,,-0.9706877973825087,4.122806942322788
2708,0.5638227772073224,,,-0.9697136957984559,4.119446749215204
2709,0.5642841150007794,,,-0.9687401032963249,4.1160883047447205
2710,0.5647451938516419,,,-0.967767019963346,4.112731609769739
2711,0.5652060137198486,,,-0.9667944458866797,4.109376665145071
2712,0.5656665745653879,,,-0.965822381153416,4.106023471721947
2713,0.566126876348299,,,-0.9648508258505741,4.102672030348025
2714,0.566586919028671,,,-0.9638797800651024,4.099322341867386
2715,0.5670467025666437,,,-0.962909243883878,4.095974407120547
2716,0.5675062269224077,,,-0.9619392173937064,4.09262822694446
2717,0.5679654920562045,,,-0.9609697006813211,4.0892838021725195
2718,0.5684244979283265,,,-0.9600006938333838,4.085941133634564
2719,0.5688832444991175,,,-0.9590321969364834,4.0826002221568825
2720,0.5693417317289727,,,-0.9580642100771363,4.07926106856222
2721,0.5697999595783387,,,-0.9570967333417855,4.075923673669778
2722,0.5702579280077139,,,-0.9561297668168008,4.0725880382952235
2723,0.5707156369776487,,,-0.9551633105884785,4.069254163250689
2724,0.5711730864487454,,,-0.9541973647430407,4.06592204934478
2725,0.5716302763816588,,,-0.9532319293666355,4.062591697382579
2726,0.5720872067370957,,,-0.952267004545336,4.059263108165648
2727,0.5725438774758159,,,-0.9513025903651406,4.055936282492034
2728,0.5730002885586317,,,-0.9503386869119729,4.052611221156276
2729,0.5734564399464084,,,-0.9493752942716804,4.049287924949404
2730,0.5739123316000642,,,-0.9484124125300355,4.045966394658946
2731,0.5743679634805707,,,-0.947450041772734,4.042646631068937
2732,0.574823335548953,,,-0.9464881820853952,4.039328634959915
2733,0.5752784477662897,,,-0.9455268335535623,4.03601240710893
2734,0.575733300093713,,,-0.9445659962627008,4.032697948289548
2735,0.5761878924924094,,,-0.9436056702981995,4.029385259271856
2736,0.5766422249236192,,,-0.9426458557453694,4.026074340822465
2737,0.577096297348637,,,-0.9416865526894433,4.0227651937045135
2738,0.5775501097288119,,,-0.9407277612155761,4.019457818677673
2739,0.5780036620255478,,,-0.9397694814088441,4.016152216498156
2740,0.5784569542003029,,,-0.9388117133542446,4.012848387918713
2741,0.5789099862145907,,,-0.9378544571366961,4.009546333688643
2742,0.5793627580299798,,,-0.9368977128410373,4.006246054553794
2743,0.5798152696080942,,,-0.9359414805520274,4.002947551256569
2744,0.580267520910613,,,-0.9349857603543452,3.9996508245359306
2745,0.5807195118992712,,,-0.9340305523325895,3.9963558751274046
2746,0.5811712425358597,,,-0.9330758565712782,3.9930627037630853
2747,0.5816227127822252,,,-0.9321216731548483,3.989771311171638
2748,0.5820739226002706,,,-0.9311680021676553,3.9864816980783053
2749,0.582524871951955,,,-0.9302148436939732,3.98319386520491
2750,0.5829755607992944,,,-0.9292621978179944,3.9799078132698598
2751,0.5834259891043609,,,-0.9283100646238286,3.9766235429881522
2752,0.583876156829284,,,-0.9273584441955031,3.973341055071379
2753,0.5843260639362498,,,-0.9264073366169624,3.9700603502277283
2754,0.5847757103875018,,,-0.9254567419720677,3.9667814291619914
2755,0.5852250961453408,,,-0.924506660344597,3.9635042925755664
2756,0.5856742211721252,,,-0.9235570918182443,3.9602289411664615
2757,0.586123085430271,,,-0.9226080364766193,3.9569553756293003
2758,0.5865716888822522,,,-0.9216594944032476,3.953683596655326
2759,0.5870200314906008,,,-0.92071146568157,3.9504136049324052
2760,0.587468113217907,,,-0.9197639503949423,3.947145401145033
2761,0.5879159340268195,,,-0.9188169486266347,3.943878985974336
2762,0.5883634938800455,,,-0.9178704604598319,3.940614360098078
2763,0.588810792740351,,,-0.9169244859776327,3.9373515241906625
2764,0.5892578305705608,,,-0.9159790252630493,3.9340904789231392
2765,0.5897046073335591,,,-0.9150340783990076,3.9308312249632067
2766,0.5901511229922891,,,-0.9140896454683464,3.927573762975217
2767,0.5905973775097535,,,-0.9131457265538171,3.9243180936201796
2768,0.5910433708490147,,,-0.9122023217380838,3.9210642175557666
2769,0.5914891029731949,,,-0.9112594311037227,3.917812135436317
2770,0.5919345738454763,,,-0.9103170547332214,3.9145618479128395
2771,0.5923797834291011,,,-0.9093751927089797,3.911313355633017
2772,0.5928247316873722,,,-0.9084338451133078,3.9080666592412134
2773,0.5932694185836525,,,-0.9074930120284272,3.904821759378474
2774,0.5937138440813658,,,-0.90655269353647,3.9015786566825326
2775,0.5941580081439971,,,-0.905612889719478,3.8983373517878146
2776,0.5946019107350919,,,-0.9046736006594033,3.8950978453254415
2777,0.5950455518182574,,,-0.9037348264381074,3.8918601379232345
2778,0.5954889313571616,,,-0.9027965671373612,3.88862423020572
2779,0.5959320493155347,,,-0.9018588228388443,3.8853901227941328
2780,0.5963749056571682,,,-0.9009215936241453,3.88215781630642
2781,0.5968175003459157,,,-0.8999848795747604,3.8789273113572467
2782,0.597259833345693,,,-0.8990486807720944,3.8756986085579985
2783,0.597701904620478,,,-0.8981129972974596,3.8724717085167875
2784,0.5981437141343111,,,-0.8971778292320755,3.8692466118384545
2785,0.5985852618512953,,,-0.8962431766570684,3.866023319124575
2786,0.5990265477355965,,,-0.8953090396534717,3.862801830973462
2787,0.5994675717514435,,,-0.8943754183022251,3.859582147980172
2788,0.5999083338631284,,,-0.893442312684174,3.8563642707365067
2789,0.6003488340350065,,,-0.8925097228800696,3.853148199831019
2790,0.6007890722314967,,,-0.8915776489705687,3.8499339358490166
2791,0.6012290484170816,,,-0.8906460910362332,3.846721479372567
2792,0.6016687625563075,,,-0.8897150491575292,3.8435108309804997
2793,0.6021082146137852,,,-0.8887845234148278,3.840301991248413
2794,0.6025474045541892,,,-0.8878545138884039,3.8370949607486757
2795,0.602986332342259,,,-0.886925020658436,3.833889740050434
2796,0.603424997942798,,,-0.8859960438050065,3.8306863297196116
2797,0.6038634013206751,,,-0.8850675834081005,3.827484730318919
2798,0.6043015424408236,,,-0.884139639547606,3.824284942407853
2799,0.6047394212682422,,,-0.8832122123033135,3.8210869665427043
2800,0.605177037767995,,,-0.8822853017549155,3.817890803276559
2801,0.6056143919052114,,,-0.8813589079820064,3.814696453159305
2802,0.6060514836450865,,,-0.8804330310640821,3.811503916737635
2803,0.6064883129528814,,,-0.8795076710805395,3.8083131945550504
2804,0.6069248797939231,,,-0.8785828281106766,3.805124287151866
2805,0.6073611841336048,,,-0.8776585022336914,3.8019371950652143
2806,0.6077972259373863,,,-0.8767346935286824,3.798751918829049
2807,0.6082330051707937,,,-0.8758114020746479,3.7955684589741496
2808,0.6086685217994202,,,-0.8748886279504856,3.792386816028125
2809,0.6091037757889256,,,-0.8739663712349923,3.7892069905154195
2810,0.6095387671050371,,,-0.8730446320068639,3.786028982957314
2811,0.609973495713549,,,-0.8721234103446944,3.7828527938719323
2812,0.6104079615803233,,,-0.8712027063269765,3.779678423774244
2813,0.6108421646712895,,,-0.8702825200321003,3.7765058731760694
2814,0.6112761049524449,,,-0.8693628515383535,3.773335142586084
2815,0.6117097823898551,,,-0.868443700923921,3.770166232509822
2816,0.6121431969496537,,,-0.8675250682668846,3.7669991434496795
2817,0.6125763485980428,,,-0.8666069536452227,3.7638338759049197
2818,0.613009237301293,,,-0.8656893571368096,3.760670430371677
2819,0.6134418630257437,,,-0.8647722788194157,3.757508807342962
2820,0.6138742257378031,,,-0.8638557187707067,3.754349007308663
2821,0.614306325403949,,,-0.8629396770682435,3.7511910307555527
2822,0.6147381619907281,,,-0.862024153789482,3.748034878167291
2823,0.6151697354647566,,,-0.8611091490117726,3.744880550024429
2824,0.6156010457927206,,,-0.8601946628123598,3.7417280468044134
2825,0.6160320929413758,,,-0.8592806952683818,3.7385773689815918
2826,0.6164628768775483,,,-0.8583672464568705,3.735428517027214
2827,0.6168933975681341,,,-0.8574543164547508,3.7322814914094393
2828,0.6173236549800998,,,-0.8565419053388406,3.729136292593337
2829,0.6177536490804825,,,-0.8556300131858502,3.725992921040895
2830,0.61818337983639,,,-0.8547186400723821,3.722851377211019
2831,0.6186128472150014,,,-0.8538077860749305,3.7197116615595407
2832,0.6190420511835667,,,-0.8528974512698811,3.716573774539219
2833,0.6194709917094072,,,-0.851987635733511,3.713437716599745
2834,0.619899668759916,,,-0.8510783395419877,3.710303488187748
2835,0.6203280823025575,,,-0.8501695627713696,3.7071710897467955
2836,0.6207562323048683,,,-0.8492613054976047,3.704040521717401
2837,0.621184118734457,,,-0.8483535677965313,3.7009117845370256
2838,0.6216117415590044,,,-0.8474463497438768,3.6977848786400846
2839,0.6220391007462639,,,-0.846539651415258,3.6946598044579484
2840,0.6224661962640613,,,-0.8456334728861802,3.6915365624189493
2841,0.6228930280802953,,,-0.8447278142320372,3.6884151529483837
2842,0.6233195961629379,,,-0.843822675528111,3.6852955764685174
2843,0.6237459004800338,,,-0.8429180568495711,3.682177833398588
2844,0.6241719409997014,,,-0.8420139582714747,3.6790619241548117
2845,0.6245977176901326,,,-0.841110379868766,3.675947849150385
2846,0.6250232305195931,,,-0.8402073217162757,3.6728356087954883
2847,0.6254484794564223,,,-0.839304783888721,3.669725203497293
2848,0.6258734644690341,,,-0.8384027664607053,3.6666166336599617
2849,0.6262981855259163,,,-0.8375012695067175,3.663509899684655
2850,0.6267226425956315,,,-0.8366002931011322,3.6604050019695356
2851,0.6271468356468168,,,-0.8356998373182082,3.657301940909769
2852,0.6275707646481844,,,-0.8347999022320898,3.6542007168975323
2853,0.6279944295685213,,,-0.8339004879168053,3.651101330322014
2854,0.6284178303766897,,,-0.8330015944462668,3.64800378156942
2855,0.6288409670416276,,,-0.8321032218942702,3.6449080710229786
2856,0.6292638395323483,,,-0.8312053703344949,3.6418141990629422
2857,0.629686447817941,,,-0.8303080398405029,3.6387221660665925
2858,0.630108791867571,,,-0.8294112304857392,3.6356319724082446
2859,0.6305308716504795,,,-0.8285149423435303,3.632543618459251
2860,0.6309526871359843,,,-0.8276191754870854,3.6294571045880053
2861,0.6313742382934797,,,-0.826723929989495,3.626372431159946
2862,0.6317955250924369,,,-0.8258292059237304,3.623289598537561
2863,0.6322165475024036,,,-0.8249350033626444,3.620208607080391
2864,0.6326373054930052,,,-0.8240413223789698,3.617129457145035
2865,0.633057799033944,,,-0.82314816304532,3.6140521490851514
2866,0.6334780280949999,,,-0.822255525434188,3.610976683251465
2867,0.6338979926460304,,,-0.8213634096179461,3.6079030599917705
2868,0.6343176926569712,,,-0.820471815668846,3.604831279650933
2869,0.6347371280978358,,,-0.8195807436590181,3.6017613425708968
2870,0.635156298938716,,,-0.8186901936604712,3.5986932490906867
2871,0.6355752051497819,,,-0.8178001657450922,3.595626999546412
2872,0.6359938467012827,,,-0.8169106599846456,3.5925625942712722
2873,0.6364122235635458,,,-0.8160216764507735,3.589500033595558
2874,0.6368303357069781,,,-0.8151332152149948,3.5864393178466583
2875,0.6372481831020655,,,-0.8142452763487054,3.5833804473490622
2876,0.6376657657193734,,,-0.813357859923177,3.5803234224243643
2877,0.6380830835295466,,,-0.8124709660095577,3.577268243391267
2878,0.6385001365033097,,,-0.8115845946788712,3.574214910565585
2879,0.6389169246114677,,,-0.8106987460020163,3.571163424260252
2880,0.639333447824905,,,-0.8098134200497669,3.56811378478532
2881,0.6397497061145869,,,-0.8089286168927711,3.5650659924479666
2882,0.6401656994515592,,,-0.8080443366015516,3.5620200475524966
2883,0.6405814278069483,,,-0.8071605792465049,3.558975950400349
2884,0.6409968911519613,,,-0.8062773448979009,3.5559337012900976
2885,0.641412089457887,,,-0.8053946336258827,3.5528933005174577
2886,0.6418270226960948,,,-0.8045124455004661,3.549854748375288
2887,0.6422416908380361,,,-0.8036307805915395,3.5468180451535956
2888,0.6426560938552437,,,-0.8027496389688634,3.5437831911395397
2889,0.6430702317193324,,,-0.8018690207020699,3.5407501866174353
2890,0.6434841044019991,,,-0.8009889258606625,3.5377190318687575
2891,0.6438977118750229,,,-0.8001093545140159,3.534689727172145
2892,0.6443110541102652,,,-0.7992303067313753,3.531662272803404
2893,0.6447241310796704,,,-0.7983517825818562,3.5286366690355133
2894,0.6451369427552653,,,-0.7974737821344443,3.525612916138626
2895,0.6455494891091601,,,-0.7965963054579945,3.522591014380076
2896,0.6459617701135479,,,-0.7957193526212314,3.5195709640243793
2897,0.6463737857407055,,,-0.7948429236927481,3.5165527653332393
2898,0.6467855359629929,,,-0.7939670187410065,3.5135364185655513
2899,0.6471970207528545,,,-0.7930916378343366,3.5105219239774055
2900,0.647608240082818,,,-0.7922167810409361,3.5075092818220908
2901,0.6480191939254958,,,-0.7913424484288704,3.504498492350099
2902,0.6484298822535843,,,-0.7904686400660718,3.5014895558091284
2903,0.6488403050398649,,,-0.7895953560203393,3.498482472444088
2904,0.6492504622572033,,,-0.7887225963593385,3.4954772424971017
2905,0.6496603538785503,,,-0.787850361150601,3.492473866207512
2906,0.6500699798769419,,,-0.786978650461524,3.489472343811882
2907,0.6504793402254995,,,-0.78610746435937,3.486472675544004
2908,0.6508884348974298,,,-0.7852368029112662,3.4834748616348965
2909,0.6512972638660254,,,-0.7843666661842049,3.480478902312815
2910,0.6517058271046647,,,-0.7834970542450423,3.4774847978032515
2911,0.6521141245868125,,,-0.7826279671604986,3.4744925483289393
2912,0.6525221562860194,,,-0.7817594049971575,3.4715021541098583
2913,0.6529299221759229,,,-0.7808913678214655,3.4685136153632365
2914,0.653337422230247,,,-0.7800238556997324,3.4655269323035562
2915,0.6537446564228028,,,-0.7791568686981302,3.462542105142557
2916,0.654151624727488,,,-0.7782904068826928,3.4595591340892375
2917,0.6545583271182881,,,-0.777424470319316,3.456578019349863
2918,0.6549647635692758,,,-0.7765590590737571,3.4535987611279664
2919,0.6553709340546114,,,-0.775694173211634,3.4506213596243533
2920,0.6557768385485433,,,-0.7748298127984254,3.4476458150371068
2921,0.6561824770254077,,,-0.7739659778994703,3.444672127561588
2922,0.6565878494596291,,,-0.7731026685799675,3.4417002973904443
2923,0.6569929558257206,,,-0.7722398849049752,3.438730324713609
2924,0.6573977960982837,,,-0.771377626939411,3.435762209718308
2925,0.657802370252009,,,-0.7705158947480513,3.432795952589063
2926,0.6582066782616759,,,-0.7696546883955306,3.429831553507694
2927,0.6586107201021529,,,-0.7687940079463419,3.4268690126533263
2928,0.6590144957483982,,,-0.7679338534648354,3.4239083302023894
2929,0.6594180051754595,,,-0.767074225015219,3.420949506328626
2930,0.6598212483584742,,,-0.7662151226615577,3.417992541203092
2931,0.6602242252726699,,,-0.7653565464677725,3.4150374349941623
2932,0.6606269358933642,,,-0.7644984964976413,3.4120841878675345
2933,0.6610293801959651,,,-0.7636409728147976,3.409132799986231
2934,0.6614315581559713,,,-0.7627839754827304,3.4061832715106064
2935,0.6618334697489723,,,-0.7619275045647836,3.403235602598347
2936,0.6622351149506484,,,-0.7610715601241563,3.4002897934044767
2937,0.662636493736771,,,-0.7602161422239018,3.3973458440813618
2938,0.6630376060832033,,,-0.7593612509269273,3.3944037547787134
2939,0.6634384519658997,,,-0.7585068862959939,3.391463525643591
2940,0.6638390313609064,,,-0.757653048393716,3.388525156820408
2941,0.6642393442443616,,,-0.7567997372825608,3.3855886484509328
2942,0.6646393905924958,,,-0.7559469530248479,3.3826540006742953
2943,0.6650391703816315,,,-0.7550946956827496,3.37972121362699
2944,0.665438683588184,,,-0.7542429653182895,3.3767902874428777
2945,0.6658379301886613,,,-0.753391761993343,3.3738612222531916
2946,0.6662369101596644,,,-0.7525410857696364,3.370934018186541
2947,0.6666356234778871,,,-0.7516909367087466,3.3680086753689134
2948,0.667034070120117,,,-0.7508413148721014,3.3650851939236803
2949,0.6674322500632348,,,-0.7499922203209781,3.3621635739716
2950,0.6678301632842154,,,-0.7491436531165035,3.35924381563082
2951,0.6682278097601271,,,-0.7482956133196542,3.3563259190168844
2952,0.6686251894681327,,,-0.7474481009912551,3.353409884242734
2953,0.669022302385489,,,-0.74660111619198,3.350495711418711
2954,0.6694191484895475,,,-0.7457546589823504,3.347583400652565
2955,0.6698157277577546,,,-0.7449087294227359,3.344672952049454
2956,0.6702120401676511,,,-0.7440633275733535,3.341764365711949
2957,0.6706080856968735,,,-0.743218453494267,3.338857641740039
2958,0.671003864323153,,,-0.7423741072453869,3.335952780231132
2959,0.6713993760243167,,,-0.7415302888864699,3.333049781280062
2960,0.6717946207782872,,,-0.7406869984771188,3.330148644979091
2961,0.6721895985630832,,,-0.7398442360767818,3.327249371417912
2962,0.6725843093568195,,,-0.7390020017447524,3.3243519606836553
2963,0.6729787531377067,,,-0.7381602955401685,3.321456412860889
2964,0.6733729298840524,,,-0.7373191175220126,3.3185627280316257
2965,0.6737668395742606,,,-0.7364784677491114,3.3156709062753245
2966,0.6741604821868326,,,-0.735638346280135,3.312780947668895
2967,0.6745538577003661,,,-0.7347987531735971,3.309892852286701
2968,0.6749469660935566,,,-0.7339596884878539,3.307006620200565
2969,0.675339807345197,,,-0.7331211522811042,3.3041222514797712
2970,0.6757323814341777,,,-0.7322831446113892,3.30123974619107
2971,0.676124688339487,,,-0.7314456655365917,3.2983591043986804
2972,0.6765167280402115,,,-0.7306087151144361,3.2954803261642946
2973,0.6769085005155357,,,-0.7297722934024876,3.2926034115470815
2974,0.677300005744743,,,-0.728936400458152,3.289728360603691
2975,0.677691243707215,,,-0.7281010363386756,3.286855173388257
2976,0.6780822143824325,,,-0.7272662011011445,3.283983849952401
2977,0.6784729177499753,,,-0.7264318948024845,3.281114390345236
2978,0.6788633537895223,,,-0.7255981174994601,3.278246794613372
2979,0.679253522480852,,,-0.7247648692486751,3.275381062800916
2980,0.6796434238038426,,,-0.7239321501065713,3.272517194949479
2981,0.6800330577384719,,,-0.7230999601294287,3.269655191098178
2982,0.680422424264818,,,-0.722268299373365,3.2667950512836406
2983,0.6808115233630594,,,-0.721437167894335,3.2639367755400084
2984,0.6812003550134745,,,-0.7206065657481304,3.2610803638989396
2985,0.6815889191964429,,,-0.7197764929903797,3.258225816389615
2986,0.6819772158924449,,,-0.7189469496765472,3.255373133038739
2987,0.6823652450820615,,,-0.7181179358619328,3.2525223138705464
2988,0.6827530067459755,,,-0.7172894516016723,3.249673358906803
2989,0.6831405008649708,,,-0.716461496950736,3.246826268166811
2990,0.6835277274199331,,,-0.7156340719639293,3.243981041667413
2991,0.6839146863918497,,,-0.7148071766958912,3.2411376794229936
2992,0.6843013777618102,,,-0.7139808112010954,3.238296181445486
2993,0.6846878015110064,,,-0.7131549755338482,3.2354565477443726
2994,0.6850739576207325,,,-0.7123296697482896,3.232618778326692
2995,0.6854598460723853,,,-0.711504893898392,3.22978287319704
2996,0.6858454668474645,,,-0.7106806480379604,3.226948832357574
2997,0.6862308199275728,,,-0.7098569322206314,3.2241166558080177
2998,0.6866159052944164,,,-0.7090337464998736,3.221286343545663
2999,0.6870007229298044,,,-0.7082110909289865,3.218457895565375
3000,0.6873852728156501,,,-0.7073889655611005,3.2156313118595956
3001,0.6877695549339702,,,-0.7065673704491765,3.212806592418346
3002,0.6881535692668858,,,-0.7057463056460054,3.209983737229232
3003,0.6885373157966219,,,-0.7049257712042076,3.2071627462774472
3004,0.6889207945055082,,,-0.7041057671762331,3.2043436195457744
3005,0.689304005375979,,,-0.7032862936143606,3.201526357014593
3006,0.6896869483905733,,,-0.7024673505706974,3.19871095866188
3007,0.6900696235319353,,,-0.701648938097179,3.1958974244632143
3008,0.6904520307828144,,,-0.7008310562455685,3.193085754391782
3009,0.6908341701260653,,,-0.7000137050674565,3.190275948418376
3010,0.6912160415446484,,,-0.6991968846142607,3.1874680065114043
3011,0.6915976450216302,,,-0.698380594937225,3.1846619286368902
3012,0.6919789805401829,,,-0.6975648360874203,3.181857714758478
3013,0.692360048083585,,,-0.6967496081157425,3.179055364837436
3014,0.6927408476352215,,,-0.6959349110729134,3.176254878832659
3015,0.6931213791785841,,,-0.6951207450094798,3.173456256700674
3016,0.6935016426972713,,,-0.6943071099758134,3.170659498395642
3017,0.6938816381749886,,,-0.6934940060221099,3.1678646038693636
3018,0.6942613655955487,,,-0.692681433198389,3.16507157307128
3019,0.6946408249428719,,,-0.6918693915544941,3.162280405948479
3020,0.695020016200986,,,-0.6910578811400918,3.159491102445697
3021,0.6953989393540265,,,-0.6902469020046712,3.1567036625053237
3022,0.6957775943862373,,,-0.689436454197544,3.153918086067405
3023,0.6961559812819703,,,-0.6886265377678438,3.1511343730696475
3024,0.6965341000256859,,,-0.6878171527645259,3.148352523447421
3025,0.6969119506019532,,,-0.687008299236367,3.145572537133763
3026,0.69728953299545,,,-0.6861999772319642,3.142794414059381
3027,0.6976668471909633,,,-0.6853921867997357,3.1400181541526577
3028,0.6980438931733891,,,-0.684584927987919,3.1372437573396548
3029,0.6984206709277332,,,-0.6837782008445721,3.1344712235441143
3030,0.6987971804391108,,,-0.6829720054175716,3.131700552687465
3031,0.6991734216927469,,,-0.6821663417546138,3.128931744688823
3032,0.6995493946739767,,,-0.6813612099032127,3.126164799464999
3033,0.6999250993682457,,,-0.6805566099107011,3.123399716930497
3034,0.7003005357611095,,,-0.6797525418242292,3.120636496997523
3035,0.7006757038382347,,,-0.6789490056907647,3.117875139575986
3036,0.7010506035853986,,,-0.6781460015570924,3.115115644573501
3037,0.7014252349884896,,,-0.6773435294698135,3.112358011895394
3038,0.7017995980335073,,,-0.6765415894753456,3.1096022414447053
3039,0.7021736927065627,,,-0.675740181619922,3.1068483331221928
3040,0.7025475189938786,,,-0.6749393059495915,3.104096286826335
3041,0.7029210768817895,,,-0.674138962510218,3.101346102453335
3042,0.7032943663567421,,,-0.67333915134748,3.098597779897126
3043,0.7036673874052952,,,-0.6725398725068703,3.095851319049371
3044,0.7040401400141201,,,-0.6717411260336957,3.0931067197994704
3045,0.7044126241700007,,,-0.6709429119730763,3.0903639820345625
3046,0.704784839859834,,,-0.6701452303699456,3.087623105639528
3047,0.7051567870706298,,,-0.6693480812690494,3.084884090496995
3048,0.7055284657895111,,,-0.6685514647149463,3.08214693648734
3049,0.7058998760037146,,,-0.6677553807520066,3.079411643488694
3050,0.7062710177005905,,,-0.6669598294244122,3.0766782113769438
3051,0.706641890867603,,,-0.6661648107761562,3.0739466400257376
3052,0.70701249549233,,,-0.6653703248510425,3.071216929306487
3053,0.7073828315624642,,,-0.6645763716926855,3.0684890790883714
3054,0.7077528990658122,,,-0.6637829513445094,3.0657630892383407
3055,0.7081226979902957,,,-0.6629900638497481,3.06303895962112
3056,0.708492228323951,,,-0.6621977092514447,3.0603166900992127
3057,0.7088614900549295,,,-0.6614058875924512,3.0575962805329038
3058,0.709230483171498,,,-0.6606145989154282,3.054877730780263
3059,0.7095992076620384,,,-0.6598238432628439,3.0521610406971496
3060,0.7099676635150489,,,-0.6590336206769748,3.0494462101372144
3061,0.710335850719143,,,-0.6582439311999041,3.046733238951905
3062,0.7107037692630503,,,-0.6574547748735221,3.0440221269904675
3063,0.711071419135617,,,-0.6566661517395259,3.0413128740999515
3064,0.7114388003258054,,,-0.6558780618394183,3.038605480125213
3065,0.7118059128226948,,,-0.655090505214508,3.0358999449089175
3066,0.7121727566154811,,,-0.654303481905909,3.0331962682915443
3067,0.7125393316934774,,,-0.6535169919545404,3.03049445011139
3068,0.7129056380461141,,,-0.6527310354011254,3.0277944902045717
3069,0.7132716756629388,,,-0.651945612286192,3.02509638840503
3070,0.7136374445336171,,,-0.6511607226500712,3.0224001445445334
3071,0.7140029446479323,,,-0.6503763665328982,3.0197057584526816
3072,0.7143681759957858,,,-0.6495925439746105,3.017013229956909
3073,0.7147331385671972,,,-0.6488092550149487,3.014322558882488
3074,0.7150978323523047,,,-0.6480264996934553,3.011633745052532
3075,0.7154622573413651,,,-0.6472442780494746,3.0089467882880006
3076,0.7158264135247541,,,-0.6464625901221526,3.0062616884077014
3077,0.7161903008929663,,,-0.6456814359504359,3.0035784452282943
3078,0.7165539194366158,,,-0.6449008155730722,3.000897058564295
3079,0.7169172691464362,,,-0.6441207290286092,2.9982175282280776
3080,0.7172803500132804,,,-0.6433411763553943,2.9955398540298797
3081,0.7176431620281215,,,-0.6425621575915748,2.9928640357778042
3082,0.7180057051820526,,,-0.6417836727750966,2.9901900732778244
3083,0.7183679794662872,,,-0.6410057219437046,2.9875179663337863
3084,0.7187299848721589,,,-0.6402283051349418,2.984847714747412
3085,0.7190917213911223,,,-0.6394514223861493,2.982179318318305
3086,0.7194531890147529,,,-0.6386750737344653,2.9795127768439507
3087,0.7198143877347469,,,-0.6378992592168257,2.9768480901197227
3088,0.7201753175429223,,,-0.6371239788699625,2.9741852579388848
3089,0.7205359784312181,,,-0.6363492327304046,2.971524280092595
3090,0.7208963703916952,,,-0.6355750208344761,2.9688651563699078
3091,0.7212564934165363,,,-0.6348013432182975,2.9662078865577803
3092,0.7216163474980463,,,-0.6340281999177838,2.9635524704410723
3093,0.7219759326286521,,,-0.6332555909686451,2.9608989078025525
3094,0.7223352488009034,,,-0.6324835164063856,2.9582471984229004
3095,0.7226942960074724,,,-0.6317119762663036,2.9555973420807113
3096,0.7230530742411542,,,-0.6309409705834911,2.952949338552498
3097,0.7234115834948669,,,-0.6301704993928331,2.9503031876126946
3098,0.7237698237616519,,,-0.6294005627290075,2.9476588890336615
3099,0.7241277950346742,,,-0.6286311606264843,2.945016442585686
3100,0.7244854973072222,,,-0.627862293119526,2.9423758480369906
3101,0.7248429305727085,,,-0.6270939602421863,2.9397371051537298
3102,0.7252000948246696,,,-0.6263261620283103,2.937100213699999
3103,0.7255569900567663,,,-0.6255588985115338,2.9344651734378364
3104,0.7259136162627838,,,-0.6247921697252831,2.9318319841272253
3105,0.726269973436632,,,-0.6240259757027745,2.9292006455260986
3106,0.7266260615723457,,,-0.6232603164770141,2.926571157390342
3107,0.7269818806640845,,,-0.6224951920807971,2.9239435194737977
3108,0.7273374307061339,,,-0.6217306025467074,2.921317731528267
3109,0.7276927116929042,,,-0.6209665479071177,2.918693793303514
3110,0.7280477236189317,,,-0.6202030281941884,2.9160717045472713
3111,0.7284024664788785,,,-0.6194400434398679,2.9134514650052394
3112,0.7287569402675329,,,-0.6186775936758917,2.910833074421093
3113,0.7291111449798091,,,-0.6179156789337822,2.908216532536484
3114,0.7294650806107481,,,-0.6171542992448482,2.905601839091044
3115,0.7298187471555174,,,-0.6163934546401848,2.9029889938223885
3116,0.7301721446094114,,,-0.6156331451506726,2.9003779964661205
3117,0.7305252729678515,,,-0.6148733708069776,2.897768846755833
3118,0.7308781322263865,,,-0.6141141316395508,2.8951615444231136
3119,0.7312307223806925,,,-0.6133554276786275,2.892556089197546
3120,0.7315830434265733,,,-0.6125972589542273,2.8899524808067167
3121,0.7319350953599605,,,-0.6118396254961536,2.8873507189762146
3122,0.7322868781769138,,,-0.6110825273339928,2.884750803429637
3123,0.7326383918736213,,,-0.6103259644971146,2.8821527338885926
3124,0.7329896364463994,,,-0.609569937014671,2.8795565100727036
3125,0.733340611891693,,,-0.6088144449155962,2.876962131699611
3126,0.733691318206076,,,-0.6080594882286064,2.8743695984849764
3127,0.7340417553862514,,,-0.6073050669821989,2.8717789101424867
3128,0.7343919234290512,,,-0.6065511812046519,2.8691900663838563
3129,0.7347418223314373,,,-0.6057978309240244,2.8666030669188314
3130,0.7350914520905006,,,-0.6050450161681554,2.8640179114551927
3131,0.7354408127034624,,,-0.6042927369646638,2.8614345996987596
3132,0.7357899041676736,,,-0.6035409933409479,2.858853131353393
3133,0.7361387264806157,,,-0.602789785324185,2.8562735061209983
3134,0.7364872796399003,,,-0.6020391129413308,2.8536957237015304
3135,0.7368355636432699,,,-0.6012889762191195,2.851119783792995
3136,0.7371835784885975,,,-0.6005393751840629,2.848545686091454
3137,0.7375313241738874,,,-0.5997903098624503,2.8459734302910267
3138,0.7378788006972752,,,-0.599041780280348,2.843403016083895
3139,0.7382260080570274,,,-0.598293786463599,2.8408344431603068
3140,0.7385729462515427,,,-0.5975463284378224,2.8382677112085775
3141,0.7389196152793512,,,-0.5967994062284133,2.8357028199150953
3142,0.7392660151391153,,,-0.5960530198605422,2.8331397689643234
3143,0.7396121458296292,,,-0.5953071693591544,2.830578558038805
3144,0.73995800734982,,,-0.5945618547489703,2.828019186819164
3145,0.7403035996987469,,,-0.5938170760544841,2.8254616549841107
3146,0.7406489228756024,,,-0.5930728332999643,2.822905962210444
3147,0.7409939768797115,,,-0.5923291265094526,2.8203521081730565
3148,0.7413387617105326,,,-0.5915859557067639,2.8178000925449336
3149,0.7416832773676576,,,-0.5908433209154855,2.8152499149971626
3150,0.7420275238508118,,,-0.5901012221589774,2.8127015751989317
3151,0.7423715011598543,,,-0.5893596594603714,2.810155072817535
3152,0.7427152092947782,,,-0.5886186328425705,2.8076104075183763
3153,0.7430586482557108,,,-0.5878781423282492,2.805067578964971
3154,0.7434018180429137,,,-0.5871381879398525,2.8025265868189506
3155,0.743744718656783,,,-0.5863987696995957,2.7999874307400665
3156,0.7440873500978498,,,-0.5856598876294641,2.7974501103861913
3157,0.7444297123667798,,,-0.5849215417512125,2.794914625413325
3158,0.7447718054643742,,,-0.5841837320863648,2.7923809754755955
3159,0.7451136293915691,,,-0.5834464586562137,2.7898491602252635
3160,0.7454551841494367,,,-0.5827097214818202,2.787319179312726
3161,0.7457964697391843,,,-0.5819735205840133,2.784791032386519
3162,0.7461374861621557,,,-0.5812378559833895,2.782264719093321
3163,0.7464782334198304,,,-0.5805027277003125,2.779740239077956
3164,0.7468187115138245,,,-0.5797681357549127,2.7772175919833977
3165,0.7471589204458904,,,-0.5790340801670871,2.7746967774507723
3166,0.7474988602179173,,,-0.5783005609564985,2.7721777951193616
3167,0.7478385308319314,,,-0.5775675781425752,2.769660644626607
3168,0.7481779322900958,,,-0.5768351317445107,2.767145325608112
3169,0.7485170645947109,,,-0.5761032217812637,2.764631837697647
3170,0.7488559277482147,,,-0.5753718482715569,2.7621201805271496
3171,0.7491945217531829,,,-0.574641011233877,2.7596103537267314
3172,0.7495328466123289,,,-0.5739107106864746,2.757102356924679
3173,0.7498709023285043,,,-0.5731809466473633,2.754596189747459
3174,0.7502086889046989,,,-0.5724517191343196,2.7520918518197193
3175,0.750546206344041,,,-0.5717230281648824,2.7495893427642946
3176,0.7508834546497976,,,-0.5709948737563527,2.7470886622022075
3177,0.7512204338253743,,,-0.5702672559257932,2.744589809752674
3178,0.7515571438743159,,,-0.5695401746900278,2.7420927850331056
3179,0.7518935848003065,,,-0.5688136300656412,2.7395975876591123
3180,0.7522297566071695,,,-0.5680876220689787,2.7371042172445064
3181,0.752565659298868,,,-0.5673621507161455,2.7346126734013056
3182,0.7529012928795047,,,-0.5666372160230067,2.7321229557397375
3183,0.7532366573533226,,,-0.5659128180051866,2.72963506386824
3184,0.7535717527247046,,,-0.5651889566780682,2.7271489973934684
3185,0.7539065789981741,,,-0.5644656320567935,2.7246647559202954
3186,0.7542411361783953,,,-0.563742844156262,2.7221823390518165
3187,0.7545754242701728,,,-0.5630205929911314,2.7197017463893522
3188,0.7549094432784522,,,-0.5622988785758166,2.7172229775324515
3189,0.7552431932083206,,,-0.5615777009244894,2.7147460320788954
3190,0.7555766740650061,,,-0.5608570600510782,2.7122709096247
3191,0.7559098858538784,,,-0.5601369559692673,2.70979760976412
3192,0.7562428285804491,,,-0.559417388692497,2.7073261320896513
3193,0.7565755022503715,,,-0.5586983582339631,2.7048564761920355
3194,0.7569079068694411,,,-0.557979864606616,2.702388641660262
3195,0.7572400424435957,,,-0.557261907823161,2.699922628081572
3196,0.7575719089789155,,,-0.5565444878960575,2.6974584350414617
3197,0.7579035064816235,,,-0.5558276048375186,2.6949960621236846
3198,0.7582348349580857,,,-0.5551112586595109,2.6925355089102565
3199,0.7585658944148109,,,-0.5543954493737541,2.690076774981457
3200,0.7588966848584513,,,-0.5536801769917203,2.6876198599158347
3201,0.7592272062958024,,,-0.5529654415246341,2.685164763290208
3202,0.7595574587338035,,,-0.5522512429834717,2.68271148467967
3203,0.7598874421795377,,,-0.5515375813789609,2.6802600236575924
3204,0.7602171566402322,,,-0.5508244567215805,2.6778103797956274
3205,0.760546602123258,,,-0.5501118690215602,2.6753625526637106
3206,0.7608757786361309,,,-0.5493998182888794,2.6729165418300656
3207,0.7612046861865112,,,-0.548688304533268,2.670472346861207
3208,0.7615333247822038,,,-0.547977327764205,2.6680299673219428
3209,0.7618616944311589,,,-0.5472668879909189,2.6655894027753786
3210,0.7621897951414716,,,-0.5465569852223866,2.66315065278292
3211,0.7625176269213823,,,-0.5458476194673333,2.6607137169042767
3212,0.762845189779277,,,-0.5451387907342323,2.6582785946974647
3213,0.7631724837236874,,,-0.5444304990313045,2.6558452857188106
3214,0.7634995087632913,,,-0.5437227443665177,2.6534137895229546
3215,0.7638262649069123,,,-0.5430155267475867,2.6509841056628525
3216,0.7641527521635204,,,-0.5423088461819725,2.648556233689781
3217,0.7644789705422321,,,-0.5416027026768824,2.646130173153339
3218,0.7648049200523106,,,-0.540897096239269,2.643705923601453
3219,0.7651306007031659,,,-0.5401920268758301,2.641283484580378
3220,0.7654560125043548,,,-0.5394874945930085,2.638862855634702
3221,0.7657811554655818,,,-0.5387834993969913,2.6364440363073487
3222,0.7661060295966984,,,-0.5380800412937098,2.6340270261395817
3223,0.7664306349077038,,,-0.5373771202888388,2.631611824671006
3224,0.766754971408745,,,-0.5366747363877963,2.6291984314395735
3225,0.7670790391101172,,,-0.5359728895957434,2.6267868459815844
3226,0.7674028380222633,,,-0.5352715799175836,2.6243770678316904
3227,0.7677263681557748,,,-0.5345708073579625,2.6219690965228994
3228,0.7680496295213918,,,-0.5338705719212674,2.619562931586577
3229,0.7683726221300029,,,-0.5331708736116268,2.617158572552451
3230,0.7686953459926458,,,-0.5324717124329105,2.6147560189486145
3231,0.7690178011205071,,,-0.5317730883887284,2.612355270301528
3232,0.7693399875249228,,,-0.5310750014824309,2.609956326136023
3233,0.7696619052173783,,,-0.5303774517171082,2.607559185975307
3234,0.7699835542095087,,,-0.5296804390955895,2.6051638493409643
3235,0.7703049345130988,,,-0.5289839636204434,2.6027703157529594
3236,0.7706260461400835,,,-0.528288025293977,2.6003785847296426
3237,0.7709468891025477,,,-0.5275926241182356,2.5979886557877503
3238,0.7712674634127271,,,-0.5268977600950023,2.59560052844241
3239,0.7715877690830076,,,-0.5262034332257978,2.5932142022071423
3240,0.771907806125926,,,-0.5255096435118796,2.590829676593865
3241,0.7722275745541699,,,-0.5248163909542423,2.5884469511128967
3242,0.7725470743805781,,,-0.5241236755536165,2.5860660252729577
3243,0.7728663056181407,,,-0.5234314973104688,2.5836868985811763
3244,0.7731852682799992,,,-0.5227398562250013,2.5813095705430893
3245,0.7735039623794469,,,-0.5220487522971513,2.578934040662647
3246,0.7738223879299287,,,-0.5213581855265909,2.5765603084422155
3247,0.7741405449450419,,,-0.5206681559127264,2.5741883733825803
3248,0.7744584334385357,,,-0.5199786634546983,2.5718182349829486
3249,0.7747760534243118,,,-0.5192897081513806,2.5694498927409537
3250,0.7750934049164244,,,-0.5186012900013806,2.567083346152657
3251,0.7754104879290806,,,-0.5179134090030382,2.5647185947125526
3252,0.7757273024766403,,,-0.5172260651544263,2.562355637913569
3253,0.7760438485736166,,,-0.5165392584533491,2.559994475247073
3254,0.7763601262346759,,,-0.5158529888973433,2.5576351062028726
3255,0.7766761354746379,,,-0.5151672564836763,2.555277530269221
3256,0.7769918763084761,,,-0.5144820612093468,2.5529217469328183
3257,0.777307348751318,,,-0.5137974030710839,2.550567755678815
3258,0.7776225528184448,,,-0.5131132820653468,2.548215555990817
3259,0.7779374885252922,,,-0.5124296981883244,2.5458651473508858
3260,0.77825215588745,,,-0.5117466514359353,2.543516529239545
3261,0.7785665549206628,,,-0.511064141803827,2.5411697011357797
3262,0.7788806856408299,,,-0.5103821692873755,2.538824662517043
3263,0.7791945480640053,,,-0.5097007338816851,2.5364814128592568
3264,0.7795081422063984,,,-0.5090198355815881,2.534139951636816
3265,0.7798214680843736,,,-0.5083394743816443,2.5318002783225926
3266,0.7801345257144509,,,-0.5076596502761404,2.529462392387936
3267,0.7804473151133059,,,-0.5069803632590899,2.5271262933026795
3268,0.7807598362977701,,,-0.5063016133242328,2.5247919805351406
3269,0.7810720892848311,,,-0.5056234004650351,2.522459453552126
3270,0.7813840740916321,,,-0.504945724674688,2.5201287118189346
3271,0.7816957907354734,,,-0.5042685859461085,2.5177997547993587
3272,0.7820072392338112,,,-0.5035919842719379,2.51547258195569
3273,0.7823184196042589,,,-0.5029159196445422,2.51314719274872
3274,0.7826293318645863,,,-0.5022403920560116,2.5108235866377457
3275,0.7829399760327206,,,-0.5015654014981598,2.5085017630805706
3276,0.783250352126746,,,-0.5008909479625238,2.5061817215335087
3277,0.7835604601649043,,,-0.5002170314403636,2.5038634614513877
3278,0.7838703001655949,,,-0.4995436519226618,2.5015469822875525
3279,0.7841798721473747,,,-0.4988708094001233,2.499232283493867
3280,0.7844891761289587,,,-0.49819850386317455,2.4969193645207186
3281,0.7847982121292201,,,-0.4975267353019636,2.49460822481702
3282,0.7851069801671902,,,-0.4968555037063596,2.492298863830214
3283,0.7854154802620588,,,-0.4961848090659522,2.489991281006275
3284,0.7857237124331744,,,-0.4955146513700515,2.4876854757897133
3285,0.7860316767000444,,,-0.49484503060768753,2.485381447623577
3286,0.7863393730823348,,,-0.4941759467676098,2.4830791959494567
3287,0.7866468015998712,,,-0.493507399838287,2.4807787202074865
3288,0.7869539622726383,,,-0.4928393898079067,2.4784800198363492
3289,0.7872608551207801,,,-0.4921719166643749,2.4761830942732783
3290,0.7875674801646009,,,-0.49150498039531554,2.473887942954061
3291,0.7878738374245641,,,-0.4908385809880703,2.4715945653130413
3292,0.7881799269212936,,,-0.4901727184296983,2.4693029607831245
3293,0.7884857486755733,,,-0.4895073927069754,2.4670131287957777
3294,0.7887913027083476,,,-0.48884260380639416,2.4647250687810356
3295,0.7890965890407214,,,-0.4881783517141633,2.462438780167501
3296,0.7894016076939602,,,-0.48751463641620724,2.4601542623823502
3297,0.7897063586894904,,,-0.486851457898166,2.4578715148513353
3298,0.7900108420488994,,,-0.4861888161453945,2.4555905369987863
3299,0.7903150577939361,,,-0.4855267111429626,2.4533113282476156
3300,0.7906190059465105,,,-0.48486514287565424,2.4510338880193197
3301,0.7909226865286941,,,-0.4842041113279675,2.448758215733984
3302,0.7912260995627206,,,-0.4835436164841139,2.446484310810283
3303,0.7915292450709851,,,-0.48288365832801833,2.4442121726654884
3304,0.7918321230760449,,,-0.48222423684331844,2.441941800715466
3305,0.7921347336006196,,,-0.48156535201336437,2.4396731943746826
3306,0.7924370766675912,,,-0.48090700382121837,2.437406353056209
3307,0.7927391523000044,,,-0.48024919224965434,2.435141276171722
3308,0.7930409605210663,,,-0.47959191728115774,2.4328779631315074
3309,0.7933425013541473,,,-0.47893517889792486,2.430616413344464
3310,0.7936437748227806,,,-0.4782789770818627,2.428356626218106
3311,0.7939447809506628,,,-0.47762331181458845,2.4260986011585657
3312,0.7942455197616538,,,-0.4769681830774293,2.423842337570597
3313,0.7945459912797772,,,-0.4763135908514219,2.421587834857579
3314,0.7948461955292203,,,-0.4756595351173121,2.419335092421518
3315,0.7951461325343343,,,-0.4750060158555546,2.4170841096630515
3316,0.7954458023196345,,,-0.4743530330463123,2.414834885981451
3317,0.7957452049098004,,,-0.47370058666945647,2.412587420774624
3318,0.7960443403296759,,,-0.4730486767045659,2.4103417134391183
3319,0.7963432086042695,,,-0.4723973031309267,2.4080977633701255
3320,0.7966418097587546,,,-0.47174646592753205,2.405855569961482
3321,0.7969401438184694,,,-0.47109616507308166,2.403615132605673
3322,0.7972382108089171,,,-0.47044640054598147,2.401376450693837
3323,0.7975360107557661,,,-0.4697971723243433,2.3991395236157667
3324,0.7978335436848503,,,-0.46914848038598456,2.3969043507599137
3325,0.7981308096221691,,,-0.46850032470842773,2.3946709315133896
3326,0.7984278085938878,,,-0.4678527052689001,2.3924392652619715
3327,0.7987245406263375,,,-0.46720562204433336,2.390209351390103
3328,0.7990210057460151,,,-0.4665590750113633,2.387981189280897
3329,0.7993172039795841,,,-0.4659130641463294,2.3857547783161412
3330,0.7996131353538741,,,-0.4652675894252744,2.3835301178762993
3331,0.7999087998958815,,,-0.4646226508239442,2.3813072073405137
3332,0.8002041976327691,,,-0.46397824831778717,2.3790860460866097
3333,0.8004993285918667,,,-0.4633343818819539,2.3768666334910975
3334,0.8007941928006712,,,-0.4626910514912971,2.3746489689291757
3335,0.8010887902868467,,,-0.4620482571203707,2.372433051774734
3336,0.8013831210782243,,,-0.46140599874343,2.3702188814003575
3337,0.8016771852028031,,,-0.46076427633443123,2.3680064571773274
3338,0.8019709826887496,,,-0.4601230898670309,2.3657957784756265
3339,0.802264513564398,,,-0.45948243931458554,2.36358684466394
3340,0.8025577778582508,,,-0.45884232465015173,2.3613796551096597
3341,0.8028507755989783,,,-0.45820274584648524,2.3591742091788874
3342,0.8031435068154195,,,-0.4575637028760408,2.3569705062364363
3343,0.8034359715365813,,,-0.456925195710972,2.3547685456458356
3344,0.8037281697916399,,,-0.4562872243231307,2.3525683267693327
3345,0.8040201016099396,,,-0.4556497886840666,2.3503698489678966
3346,0.8043117670209942,,,-0.45501288876502716,2.3481731116012208
3347,0.8046031660544861,,,-0.454376524536957,2.3459781140277256
3348,0.8048942987402674,,,-0.45374069597049765,2.3437848556045617
3349,0.8051851651083592,,,-0.4531054030359873,2.3415933356876133
3350,0.8054757651889525,,,-0.45247064570346024,2.339403553631501
3351,0.8057660990124077,,,-0.45183642394264656,2.3372155087895847
3352,0.8060561666092553,,,-0.4512027377229719,2.3350292005139663
3353,0.8063459680101956,,,-0.4505695870135571,2.3328446281554935
3354,0.8066355032460995,,,-0.4499369717832176,2.3306617910637617
3355,0.8069247723480075,,,-0.4493048920004635,2.3284806885871174
3356,0.8072137753471315,,,-0.4486733476334987,2.3263013200726617
3357,0.8075025122748531,,,-0.4480423386502211,2.3241236848662528
3358,0.8077909831627256,,,-0.4474118650182218,2.3219477823125088
3359,0.8080791880424725,,,-0.44678192670478506,2.3197736117548104
3360,0.8083671269459888,,,-0.44615252367688774,2.3176011725353054
3361,0.8086547999053406,,,-0.4455236559011991,2.3154304639949097
3362,0.8089422069527656,,,-0.4448953233440803,2.313261485473312
3363,0.8092293481206728,,,-0.44426752597158414,2.3110942363089753
3364,0.809516223441643,,,-0.4436402637494548,2.30892871583914
3365,0.8098028329484288,,,-0.44301353664312737,2.3067649233998284
3366,0.810089176673955,,,-0.4423873446177275,2.3046028583258464
3367,0.8103752546513183,,,-0.4417616876380711,2.302442519950786
3368,0.810661066913788,,,-0.44113656566866405,2.3002839076070294
3369,0.8109466134948057,,,-0.4405119786737016,2.298127020625751
3370,0.8112318944279854,,,-0.4398879266170685,2.2959718583369217
3371,0.8115169097471142,,,-0.43926440946233813,2.2938184200693095
3372,0.8118016594861519,,,-0.4386414271727725,2.2916667051504853
3373,0.8120861436792315,,,-0.4380189797113217,2.2895167129068232
3374,0.812370362360659,,,-0.4373970670406238,2.2873684426635057
3375,0.8126543155649139,,,-0.4367756891230044,2.285221893744525
3376,0.8129380033266491,,,-0.4361548459204761,2.2830770654726864
3377,0.8132214256806913,,,-0.43553453739473835,2.2809339571696117
3378,0.8135045826620408,,,-0.43491476350717717,2.278792568155741
3379,0.813787474305872,,,-0.4342955242188646,2.2766528977503375
3380,0.8140701006475332,,,-0.43367681949055853,2.274514945271489
3381,0.8143524617225469,,,-0.43305864928270227,2.27237871003611
3382,0.8146345575666104,,,-0.4324410135554243,2.270244191359948
3383,0.814916388215595,,,-0.4318239122685379,2.2681113885575823
3384,0.8151979537055468,,,-0.43120734538154065,2.2659803009424295
3385,0.815479254072687,,,-0.4305913128536143,2.2638509278267454
3386,0.8157602893534113,,,-0.42997581464362444,2.2617232685216293
3387,0.8160410595842907,,,-0.42936085071012,2.259597322337024
3388,0.8163215648020716,,,-0.428746421011333,2.2574730885817225
3389,0.8166018050436755,,,-0.4281325255051782,2.2553505665633677
3390,0.8168817803461995,,,-0.42751916414925295,2.2532297555884573
3391,0.8171614907469165,,,-0.4269063369008364,2.2511106549623454
3392,0.8174409362832749,,,-0.4262940437168897,2.2489932639892465
3393,0.8177201169928993,,,-0.4256822845540553,2.246877581972238
3394,0.8179990329135903,,,-0.42507105936865675,2.244763608213262
3395,0.8182776840833248,,,-0.42446036811669835,2.24265134201313
3396,0.8185560705402559,,,-0.42385021075386486,2.2405407826715256
3397,0.8188341923227134,,,-0.42324058723552105,2.238431929487005
3398,0.8191120494692035,,,-0.42263149751671153,2.2363247817570033
3399,0.8193896420184094,,,-0.42202294155216036,2.2342193387778355
3400,0.819666970009191,,,-0.4214149192962706,2.2321155998446987
3401,0.8199440334805855,,,-0.4208074307031241,2.2300135642516765
3402,0.8202208324718072,,,-0.42020047572648117,2.227913231291742
3403,0.8204973670222476,,,-0.41959405431978025,2.2258146002567583
3404,0.8207736371714758,,,-0.41898816643613745,2.2237176704374852
3405,0.8210496429592384,,,-0.41838281202834654,2.2216224411235785
3406,0.82132538442546,,,-0.4177779910488783,2.2195289116035952
3407,0.8216008616102427,,,-0.4171737034498803,2.2174370811649946
3408,0.8218760745538669,,,-0.41656994918317664,2.2153469490941426
3409,0.822151023296791,,,-0.41596672820026753,2.213258514676314
3410,0.8224257078796517,,,-0.41536404045232905,2.2111717771956956
3411,0.8227001283432643,,,-0.4147618858902127,2.2090867359353883
3412,0.8229742847286223,,,-0.41416026446444526,2.2070033901774107
3413,0.8232481770768981,,,-0.41355917612522836,2.2049217392027027
3414,0.8235218054294429,,,-0.4129586208224381,2.202841782291127
3415,0.8237951698277867,,,-0.41235859850562484,2.2007635187214714
3416,0.8240682703136387,,,-0.41175910912401287,2.198686947771454
3417,0.8243411069288875,,,-0.41116015262649996,2.1966120687177244
3418,0.8246136797156006,,,-0.4105617289616572,2.1945388808358666
3419,0.8248859887160254,,,-0.4099638380777286,2.1924673834004023
3420,0.8251580339725886,,,-0.4093664799226308,2.1903975756847935
3421,0.8254298155278967,,,-0.40876965444395275,2.188329456961446
3422,0.8257013334247363,,,-0.4081733615889553,2.186263026501711
3423,0.8259725877060735,,,-0.40757760130457105,2.1841982835758884
3424,0.826243578415055,,,-0.40698237353740385,2.1821352274532315
3425,0.8265143055950075,,,-0.4063876782337287,2.1800738574019465
3426,0.8267847692894381,,,-0.40579351533949126,2.1780141726891973
3427,0.8270549695420345,,,-0.4051998848003076,2.1759561725811087
3428,0.8273249063966649,,,-0.40460678656146387,2.1738998563427683
3429,0.8275945798973784,,,-0.40401422056791597,2.171845223238229
3430,0.8278639900884047,,,-0.40342218676428926,2.169792272530514
3431,0.8281331370141549,,,-0.40283068509487824,2.1677410034816162
3432,0.828402020719221,,,-0.40223971550364634,2.165691415352505
3433,0.8286706412483762,,,-0.40164927793422545,2.1636435074031253
3434,0.8289389986465752,,,-0.4010593723299157,2.161597278892403
3435,0.8292070929589541,,,-0.40046999863368504,2.159552729078247
3436,0.8294749242308309,,,-0.3998811567881691,2.157509857217551
3437,0.829742492507705,,,-0.3992928467356708,2.1554686625661974
3438,0.830009797835258,,,-0.39870506841815995,2.153429144379061
3439,0.8302768402593531,,,-0.3981178217772732,2.15139130191001
3440,0.830543619826036,,,-0.3975311067543134,2.1493551344119095
3441,0.8308101365815344,,,-0.39694492329024955,2.1473206411366244
3442,0.8310763905722585,,,-0.39635927132571636,2.145287821335022
3443,0.8313423818448009,,,-0.395774150801014,2.1432566742569756
3444,0.831608110445937,,,-0.39518956165610786,2.1412271991513654
3445,0.8318735764226246,,,-0.39460550383062803,2.1391993952660844
3446,0.8321387798220046,,,-0.3940219772638692,2.1371732618480377
3447,0.8324037206914006,,,-0.39343898189479043,2.135148798143148
3448,0.8326683990783196,,,-0.3928565176620145,2.1331260033963573
3449,0.8329328150304516,,,-0.39227458450382796,2.131104876851629
3450,0.8331969685956699,,,-0.3916931823581807,2.1290854177519525
3451,0.8334608598220313,,,-0.39111231116268547,2.1270676253393432
3452,0.8337244887577763,,,-0.390531970854618,2.125051498854849
3453,0.8339878554513286,,,-0.38995216137091626,2.1230370375385497
3454,0.8342509599512962,,,-0.38937288264818054,2.121024240629562
3455,0.8345138023064707,,,-0.3887941346226728,2.1190131073660403
3456,0.8347763825658276,,,-0.3882159172303167,2.117003636985183
3457,0.835038700778527,,,-0.387638230406697,2.11499582872323
3458,0.8353007569939128,,,-0.3870610740870595,2.11298968181547
3459,0.8355625512615135,,,-0.3864844482063106,2.1109851954962418
3460,0.8358240836310418,,,-0.38590835269901724,2.108982368998936
3461,0.8360853541523952,,,-0.38533278749940625,2.1069812015559997
3462,0.8363463628756557,,,-0.3847577525413643,2.1049816923989373
3463,0.8366071098510903,,,-0.38418324775843754,2.1029838407583146
3464,0.836867595129151,,,-0.3836092730838313,2.100987645863761
3465,0.8371278187604744,,,-0.38303582845041,2.098993106943973
3466,0.8373877807958826,,,-0.3824629137906964,2.0970002232267158
3467,0.8376474812863828,,,-0.38189052903687176,2.095008993938827
3468,0.8379069202831675,,,-0.3813186741207754,2.093019418306219
3469,0.8381660978376149,,,-0.38074734897390433,2.0910314955538807
3470,0.8384250140012884,,,-0.38017655352741303,2.0890452249058833
3471,0.8386836688259375,,,-0.37960628771211313,2.0870606055853793
3472,0.8389420623634971,,,-0.37903655145847326,2.085077636814608
3473,0.8392001946660882,,,-0.3784673446966186,2.0830963178148965
3474,0.8394580657860177,,,-0.3778986673563306,2.081116647806663
3475,0.8397156757757787,,,-0.3773305193670469,2.079138626009421
3476,0.8399730246880504,,,-0.3767629006578609,2.07716225164178
3477,0.8402301125756984,,,-0.37619581115752126,2.075187523921448
3478,0.8404869394917746,,,-0.3756292507944321,2.073214442065237
3479,0.8407435054895175,,,-0.3750632194966523,2.0712430052890625
3480,0.8409998106223523,,,-0.3744977171918954,2.0692732128079485
3481,0.8412558549438909,,,-0.3739327438075294,2.067305063836029
3482,0.8415116385079319,,,-0.37336829927057624,2.0653385575865513
3483,0.8417671613684609,,,-0.37280438350771183,2.0633736932718785
3484,0.8420224235796504,,,-0.3722409964452655,2.061410470103492
3485,0.8422774251958604,,,-0.3716781380092198,2.059448887291995
3486,0.8425321662716377,,,-0.3711158081252104,2.057488944047115
3487,0.8427866468617169,,,-0.3705540067185255,2.055530639577704
3488,0.8430408670210195,,,-0.3699927337141059,2.053573973091747
3489,0.8432948268046551,,,-0.36943198903654445,2.051618943796357
3490,0.8435485262679203,,,-0.3688717726100859,2.0496655508977852
3491,0.8438019654663,,,-0.36831208435862667,2.047713793601419
3492,0.8440551444554666,,,-0.36775292420571437,2.0457636711117866
3493,0.8443080632912805,,,-0.3671942920745479,2.043815182632558
3494,0.8445607220297902,,,-0.3666361878879768,2.04186832736655
3495,0.8448131207272321,,,-0.36607861156850124,2.0399231045157267
3496,0.8450652594400311,,,-0.3655215630382716,2.0379795132812046
3497,0.8453171382248001,,,-0.36496504221908826,2.036037552863253
3498,0.8455687571383408,,,-0.36440904903240134,2.0340972224612974
3499,0.845820116237643,,,-0.36385358339931057,2.0321585212739235
3500,0.8460712155798853,,,-0.3632986452405646,2.030221448498877
3501,0.846322055222435,,,-0.36274423447656123,2.0282860033330703
3502,0.846572635222848,,,-0.36219035102734687,2.0263521849725814
3503,0.8468229556388691,,,-0.36163699481261646,2.0244199926126587
3504,0.8470730165284323,,,-0.3610841657517129,2.022489425447723
3505,0.8473228179496602,,,-0.36053186376362717,2.02056048267137
3506,0.8475723599608652,,,-0.35998008876699766,2.018633163476374
3507,0.8478216426205483,,,-0.3594288406801104,2.0167074670546894
3508,0.8480706659874,,,-0.3588781194208983,2.0147833925974536
3509,0.8483194301203004,,,-0.3583279249069413,2.01286093929499
3510,0.848567935078319,,,-0.3577782570554659,2.010940106336811
3511,0.8488161809207145,,,-0.3572291157833448,2.0090208929116202
3512,0.849064167706936,,,-0.3566805010070971,2.0071032982073143
3513,0.8493118954966218,,,-0.3561324126428874,2.005187321410987
3514,0.8495593643496001,,,-0.35558485060652606,2.0032729617089315
3515,0.8498065743258894,,,-0.3550378148134688,2.001360218286642
3516,0.8500535254856977,,,-0.35449130517881633,1.9994490903288185
3517,0.8503002178894234,,,-0.35394532161731423,1.9975395770193667
3518,0.8505466515976551,,,-0.3533998640433526,1.9956316775414031
3519,0.8507928266711715,,,-0.352854932370966,1.9937253910772565
3520,0.8510387431709417,,,-0.3523105265138329,1.9918207168084703
3521,0.8512844011581254,,,-0.3517666463852757,1.9899176539158063
3522,0.8515298006940727,,,-0.35122329189826046,1.9880162015792462
3523,0.8517749418403241,,,-0.3506804629653964,1.9861163589779947
3524,0.852019824658611,,,-0.35013815949893595,1.9842181252904825
3525,0.8522644492108556,,,-0.34959638141077437,1.9823214996943683
3526,0.8525088155591709,,,-0.3490551286124495,1.9804264813665418
3527,0.8527529237658605,,,-0.34851440101514153,1.9785330694831262
3528,0.8529967738934194,,,-0.3479741985296729,1.9766412632194812
3529,0.8532403660045336,,,-0.3474345210665078,1.9747510617502049
3530,0.85348370016208,,,-0.34689536853575204,1.9728624642491366
3531,0.853726776429127,,,-0.3463567408471529,1.9709754698893602
3532,0.8539695948689341,,,-0.3458186379100988,1.969090077843206
3533,0.8542121555449523,,,-0.34528105963361916,1.9672062872822538
3534,0.854454458520824,,,-0.34474400592638393,1.965324097377335
3535,0.8546965038603832,,,-0.3442074766967036,1.9634435072985355
3536,0.8549382916276554,,,-0.3436714718525289,1.9615645162151985
3537,0.8551798218868579,,,-0.3431359913014505,1.9596871232959268
3538,0.8554210947023997,,,-0.3426010349506988,1.9578113277085858
3539,0.8556621101388815,,,-0.34206660270714384,1.9559371286203053
3540,0.8559028682610961,,,-0.3415326944772948,1.954064525197483
3541,0.856143369134028,,,-0.3409993101672999,1.952193516605787
3542,0.856383612822854,,,-0.3404664496829463,1.9503241020101578
3543,0.856623599392943,,,-0.33993411292965975,1.948456280574811
3544,0.8568633289098557,,,-0.3394022998125043,1.9465900514632404
3545,0.8571028014393456,,,-0.33887101023618216,1.9447254138382202
3546,0.8573420170473581,,,-0.33834024410503344,1.942862366861808
3547,0.8575809758000311,,,-0.33781000132303596,1.9410009096953467
3548,0.857819677763695,,,-0.337280281793805,1.9391410414994676
3549,0.8580581230048728,,,-0.336751085420593,1.937282761434093
3550,0.8582963115902799,,,-0.3362224121062896,1.9354260686584386
3551,0.8585342435868243,,,-0.3356942617534211,1.9335709623310158
3552,0.858771919061607,,,-0.3351666342641504,1.931717441609635
3553,0.8590093380819215,,,-0.33463952954027676,1.9298655056514076
3554,0.8592465007152542,,,-0.33411294748323556,1.9280151536127486
3555,0.8594834070292846,,,-0.33358688799409814,1.9261663846493795
3556,0.859720057091885,,,-0.3330613509735715,1.9243191979163303
3557,0.8599564509711208,,,-0.332536336321998,1.9224735925679433
3558,0.8601925887352504,,,-0.3320118439393556,1.9206295677578737
3559,0.8604284704527254,,,-0.33148787372525707,1.918787122639094
3560,0.8606640961921906,,,-0.33096442557895,1.9169462563638955
3561,0.8608994660224842,,,-0.3304414993993167,1.9151069680838912
3562,0.8611345800126377,,,-0.3299190950848739,1.9132692569500187
3563,0.8613694382318757,,,-0.3293972125337724,1.9114331221125416
3564,0.8616040407496167,,,-0.3288758516437972,1.9095985627210534
3565,0.8618383876354724,,,-0.3283550123123669,1.9077655779244798
3566,0.8620724789592481,,,-0.32783469443653385,1.9059341668710799
3567,0.8623063147909429,,,-0.3273148979129835,1.9041043287084507
3568,0.8625398952007494,,,-0.3267956226380348,1.902276062583528
3569,0.862773220259054,,,-0.32627686850763943,1.9004493676425902
3570,0.8630062900364369,,,-0.3257586354173819,1.8986242430312599
3571,0.8632391046036723,,,-0.32524092326247933,1.896800687894507
3572,0.8634716640317278,,,-0.3247237319377811,1.8949787013766508
3573,0.8637039683917656,,,-0.3242070613377687,1.893158282621363
3574,0.8639360177551414,,,-0.32369091135655575,1.8913394307716704
3575,0.8641678121934052,,,-0.32317528188788736,1.8895221449699562
3576,0.8643993517783011,,,-0.32266017282514037,1.8877064243579635
3577,0.8646306365817672,,,-0.32214558406132293,1.8858922680767982
3578,0.8648616666759359,,,-0.32163151548907437,1.8840796752669304
3579,0.865092442133134,,,-0.3211179670006649,1.882268645068198
3580,0.8653229630258823,,,-0.3206049384879956,1.8804591766198082
3581,0.8655532294268963,,,-0.320092429842598,1.878651269060341
3582,0.8657832414090856,,,-0.3195804409556341,1.8768449215277507
3583,0.8660129990455544,,,-0.319068971717896,1.8750401331593696
3584,0.8662425024096013,,,-0.318558022019806,1.8732369030919094
3585,0.8664717515747197,,,-0.3180475917514159,1.871435230461464
3586,0.8667007466145971,,,-0.31753768080240735,1.8696351144035128
3587,0.8669294876031161,,,-0.3170282890620913,1.8678365540529218
3588,0.8671579746143537,,,-0.31651941641940806,1.8660395485439472
3589,0.8673862077225818,,,-0.3160110627629269,1.8642440970102374
3590,0.8676141870022669,,,-0.315503227980846,1.8624501985848358
3591,0.8678419125280704,,,-0.31499591196099225,1.8606578524001833
3592,0.8680693843748485,,,-0.3144891145908209,1.85886705758812
3593,0.8682966026176522,,,-0.3139828357574157,1.8570778132798889
3594,0.8685235673317276,,,-0.31347707534748853,1.8552901186061372
3595,0.8687502785925157,,,-0.3129718332473791,1.8535039726969198
3596,0.8689767364756524,,,-0.312467109343055,1.851719374681701
3597,0.8692029410569687,,,-0.31196290352011136,1.8499363236893576
3598,0.8694288924124908,,,-0.3114592156637708,1.8481548188481807
3599,0.8696545906184397,,,-0.3109560456588833,1.8463748592858789
3600,0.8698800357512321,,,-0.31045339338992567,1.8445964441295803
3601,0.8701052278874792,,,-0.30995125874100177,1.8428195725058352
3602,0.870330167103988,,,-0.30944964159584215,1.841044243540618
3603,0.8705548534777604,,,-0.30894854183780396,1.8392704563593305
3604,0.8707792870859937,,,-0.3084479593498707,1.837498210086804
3605,0.8710034680060806,,,-0.3079478940146521,1.8357275038473013
3606,0.8712273963156092,,,-0.30744834571438395,1.83395833676452
3607,0.8714510720923627,,,-0.3069493143309279,1.832190707961594
3608,0.8716744954143201,,,-0.3064507997457714,1.8304246165610971
3609,0.8718976663596554,,,-0.30595280184002727,1.8286600616850448
3610,0.8721205850067385,,,-0.3054553204944339,1.8268970424548963
3611,0.8723432514341347,,,-0.3049583555893548,1.8251355579915574
3612,0.8725656657206047,,,-0.30446190700477854,1.8233756074153835
3613,0.8727878279451048,,,-0.30396597462031866,1.821617189846181
3614,0.8730097381867871,,,-0.30347055831521336,1.8198603044032104
3615,0.873231396524999,,,-0.3029756579683255,1.8181049502051887
3616,0.873452803039284,,,-0.30248127345814224,1.8163511263702914
3617,0.8736739578093807,,,-0.3019874046627751,1.8145988320161557
3618,0.8738948609152238,,,-0.3014940514599598,1.8128480662598816
3619,0.8741155124369437,,,-0.3010012137270557,1.8110988282180362
3620,0.8743359124548664,,,-0.3005088913410463,1.8093511170066543
3621,0.8745560610495138,,,-0.3000170841785385,1.8076049317412417
3622,0.8747759583016034,,,-0.29952579211576286,1.8058602715367782
3623,0.8749956042920487,,,-0.29903501502857316,1.8041171355077186
3624,0.875214999101959,,,-0.2985447527924464,1.802375522767996
3625,0.8754341428126394,,,-0.2980550052824828,1.8006354324310245
3626,0.875653035505591,,,-0.2975657723734052,1.798896863609701
3627,0.8758716772625107,,,-0.29707705393955935,1.797159815416407
3628,0.8760900681652912,,,-0.29658884985491357,1.795424286963013
3629,0.8763082082960214,,,-0.29610115999305864,1.7936902773608792
3630,0.876526097736986,,,-0.29561398422720764,1.791957785720858
3631,0.8767437365706656,,,-0.29512732243019585,1.7902268111532973
3632,0.8769611248797369,,,-0.29464117447448057,1.7884973527680421
3633,0.8771782627470724,,,-0.294155540232141,1.7867694096744375
3634,0.877395150255741,,,-0.29367041957487816,1.7850429809813304
3635,0.8776117874890073,,,-0.2931858123740146,1.7833180657970722
3636,0.8778281745303319,,,-0.2927017185004943,1.7815946632295216
3637,0.8780443114633717,,,-0.29221813782488276,1.7798727723860464
3638,0.8782601983719796,,,-0.2917350702173665,1.778152392373526
3639,0.8784758353402043,,,-0.2912525155477532,1.7764335222983543
3640,0.878691222452291,,,-0.2907704736854716,1.774716161266441
3641,0.8789063597926807,,,-0.2902889444995711,1.773000308383215
3642,0.8791212474460106,,,-0.2898079278587218,1.7712859627536266
3643,0.8793358854971141,,,-0.2893274236312144,1.769573123482149
3644,0.8795502740310205,,,-0.28884743168495997,1.767861789672782
3645,0.8797644131329554,,,-0.28836795188749,1.7661519604290532
3646,0.8799783028883406,,,-0.287888984105956,1.7644436348540211
3647,0.8801919433827937,,,-0.28741052820712965,1.7627368120502773
3648,0.8804053347021289,,,-0.28693258405740246,1.7610314911199485
3649,0.8806184769323562,,,-0.28645515152278583,1.7593276711646992
3650,0.8808313701596819,,,-0.28597823046891085,1.7576253512857343
3651,0.8810440144705086,,,-0.28550182076102815,1.7559245305838007
3652,0.8812564099514347,,,-0.2850259222640077,1.75422520815919
3653,0.8814685566892551,,,-0.2845505348423389,1.7525273831117412
3654,0.8816804547709606,,,-0.28407565836013043,1.7508310545408428
3655,0.8818921042837383,,,-0.2836012926811099,1.7491362215454347
3656,0.8821035053149716,,,-0.283127437668624,1.7474428832240114
3657,0.8823146579522398,,,-0.2826540931856384,1.7457510386746236
3658,0.8825255622833186,,,-0.2821812590947372,1.7440606869948805
3659,0.8827362183961796,,,-0.2817089352581234,1.7423718272819528
3660,0.8829466263789907,,,-0.2812371215376186,1.740684458632575
3661,0.883156786320116,,,-0.2807658177946626,1.7389985801430468
3662,0.8833666983081156,,,-0.28029502389031363,1.737314190909236
3663,0.883576362431746,,,-0.2798247396852482,1.7356312900265811
3664,0.8837857787799596,,,-0.2793549650397608,1.7339498765900931
3665,0.8839949474419049,,,-0.278885699813764,1.7322699496943583
3666,0.8842038685069267,,,-0.2784169438667883,1.73059150843354
3667,0.8844125420645659,,,-0.27794869705798186,1.7289145519013813
3668,0.8846209682045594,,,-0.2774809592461107,1.727239079191208
3669,0.8848291470168402,,,-0.2770137302895584,1.7255650893959291
3670,0.8850370785915376,,,-0.276547010046326,1.7238925816080406
3671,0.8852447630189767,,,-0.276080798374032,1.7222215549196276
3672,0.8854522003896789,,,-0.2756150951299121,1.7205520084223664
3673,0.8856593907943614,,,-0.2751499001708194,1.7188839412075263
3674,0.8858663343239376,,,-0.274685213353224,1.7172173523659728
3675,0.886073031069517,,,-0.274221034533213,1.7155522409881694
3676,0.886279481122405,,,-0.27375736356649055,1.71388860616418
3677,0.8864856845741029,,,-0.27329420030837753,1.712226446983671
3678,0.8866916415163084,,,-0.2728315446138117,1.7105657625359136
3679,0.8868973520409147,,,-0.2723693963373474,1.7089065519097868
3680,0.8871028162400112,,,-0.27190775533315564,1.7072488141937785
3681,0.8873080342058831,,,-0.27144662145502385,1.7055925484759884
3682,0.8875130060310117,,,-0.27098599455635597,1.7039377538441307
3683,0.887717731808074,,,-0.2705258744901722,1.7022844293855353
3684,0.887922211629943,,,-0.270066261109109,1.700632574187151
3685,0.8881264455896876,,,-0.26960715426541904,1.6989821873355477
3686,0.8883304337805724,,,-0.26914855381097114,1.697333267916918
3687,0.8885341762960579,,,-0.26869045959724996,1.6956858150170797
3688,0.8887376732298005,,,-0.26823287147535635,1.6940398277214788
3689,0.888940924675652,,,-0.2677757892960068,1.6923953051151905
3690,0.8891439307276604,,,-0.2673192129095337,1.690752246282923
3691,0.8893466914800692,,,-0.26686314216588514,1.689110650309018
3692,0.8895492070273175,,,-0.2664075769146249,1.6874705162774548
3693,0.8897514774640404,,,-0.26595251700493233,1.6858318432718504
3694,0.8899535028850681,,,-0.26549796228560224,1.684194630375464
3695,0.8901552833854272,,,-0.26504391260504484,1.6825588766711976
3696,0.890356819060339,,,-0.26459036781128586,1.6809245812415992
3697,0.8905581100052211,,,-0.26413732775196624,1.6792917431688636
3698,0.8907591563156861,,,-0.26368479227434216,1.6776603615348373
3699,0.8909599580875426,,,-0.263232761225285,1.6760304354210178
3700,0.8911605154167942,,,-0.2627812344512813,1.6744019639085579
3701,0.8913608283996401,,,-0.26233021179843263,1.6727749460782666
3702,0.8915608971324751,,,-0.2618796931124555,1.6711493810106124
3703,0.8917607217118891,,,-0.26142967823868146,1.6695252677857246
3704,0.8919603022346676,,,-0.26098016702205684,1.6679026054833963
3705,0.8921596387977911,,,-0.26053115930714293,1.6662813931830858
3706,0.8923587314984357,,,-0.26008265493811566,1.6646616299639194
3707,0.8925575804339724,,,-0.2596346537587658,1.6630433149046941
3708,0.8927561857019676,,,-0.2591871556124987,1.6614264470838782
3709,0.8929545474001829,,,-0.2587401603423344,1.6598110255796152
3710,0.8931526656265748,,,-0.25829366779090734,1.6581970494697247
3711,0.8933505404792952,,,-0.25784767780046675,1.6565845178317058
3712,0.8935481720566908,,,-0.2574021902128762,1.6549734297427383
3713,0.8937455604573032,,,-0.25695720486961365,1.6533637842796856
3714,0.8939427057798695,,,-0.25651272161177147,1.651755580519096
3715,0.8941396081233209,,,-0.25606874028005633,1.650148817537206
3716,0.8943362675867842,,,-0.25562526071478936,1.6485434944099422
3717,0.8945326842695807,,,-0.2551822827559058,1.6469396102129221
3718,0.8947288582712265,,,-0.25473980624295517,1.6453371640214587
3719,0.8949247896914325,,,-0.2542978310151011,1.6437361549105607
3720,0.8951204786301044,,,-0.25385635691112146,1.6421365819549356
3721,0.8953159251873423,,,-0.2534153837694082,1.6405384442289916
3722,0.8955111294634411,,,-0.2529749114279673,1.63894174080684
3723,0.8957060915588902,,,-0.2525349397244188,1.6373464707622971
3724,0.8959008115743736,,,-0.25209546849599684,1.6357526331688865
3725,0.8960952896107697,,,-0.2516564975795494,1.634160227099841
3726,0.8962895257691511,,,-0.2512180268115385,1.6325692516281054
3727,0.8964835201507851,,,-0.2507800560280401,1.630979705826338
3728,0.8966772728571332,,,-0.250342585064744,1.6293915887669133
3729,0.896870783989851,,,-0.2499056137569539,1.6278048995219234
3730,0.8970640536507885,,,-0.24946914193958733,1.626219637163181
3731,0.8972570819419897,,,-0.24903316944717568,1.624635800762221
3732,0.8974498689656929,,,-0.24859769611386412,1.623053389390303
3733,0.8976424148243303,,,-0.24816272177341162,1.6214724021184133
3734,0.897834719620528,,,-0.24772824625919088,1.6198928380172668
3735,0.8980267834571062,,,-0.24729426940418842,1.6183146961573096
3736,0.8982186064370788,,,-0.24686079104100442,1.6167379756087208
3737,0.8984101886636539,,,-0.2464278110018528,1.6151626754414146
3738,0.8986015302402328,,,-0.24599532911856117,1.6135887947250425
3739,0.898792631270411,,,-0.2455633452225709,1.6120163325289958
3740,0.8989834918579772,,,-0.24513185914493696,1.6104452879224074
3741,0.899174112106914,,,-0.24470087071632804,1.6088756599741538
3742,0.8993644921213975,,,-0.24427037976702648,1.6073074477528575
3743,0.8995546320057969,,,-0.24384038612692827,1.6057406503268885
3744,0.8997445318646753,,,-0.24341088962554305,1.6041752667643676
3745,0.8999341918027887,,,-0.24298189009199414,1.6026112961331673
3746,0.9001236119250866,,,-0.2425533873550184,1.6010487375009148
3747,0.9003127923367117,,,-0.2421253812429665,1.5994875899349934
3748,0.9005017331429996,,,-0.24169787158380263,1.5979278525025453
3749,0.9006904344494793,,,-0.2412708582051046,1.596369524270473
3750,0.9008788963618725,,,-0.24084434093406396,1.5948126043054418
3751,0.9010671189860938,,,-0.24041831959748586,1.593257091673882
3752,0.901255102428251,,,-0.23999279402178914,1.5917029854419908
3753,0.9014428467946445,,,-0.23956776403300623,1.5901502846757347
3754,0.9016303521917672,,,-0.2391432294567833,1.5885989884408507
3755,0.9018176187263051,,,-0.2387191901183801,1.5870490958028496
3756,0.9020046465051362,,,-0.2382956458426702,1.5855006058270171
3757,0.9021914356353317,,,-0.23787259645414077,1.5839535175784165
3758,0.9023779862241544,,,-0.23745004177689272,1.5824078301218905
3759,0.9025642983790603,,,-0.2370279816346407,1.5808635425220632
3760,0.902750372207697,,,-0.2366064158507131,1.5793206538433426
3761,0.9029362078179047,,,-0.23618534424805204,1.5777791631499223
3762,0.9031218053177156,,,-0.23576476664921342,1.5762390695057835
3763,0.9033071648153539,,,-0.23534468287636698,1.5747003719746973
3764,0.9034922864192357,,,-0.23492509275129622,1.5731630696202268
3765,0.9036771702379693,,,-0.23450599609539854,1.571627161505729
3766,0.9038618163803546,,,-0.23408739272968518,1.5700926466943566
3767,0.9040462249553831,,,-0.23366928247478125,1.5685595242490609
3768,0.9042303960722382,,,-0.23325166515092577,1.567027793232593
3769,0.9044143298402947,,,-0.23283454057797173,1.565497452707506
3770,0.9045980263691189,,,-0.2324179085753861,1.563968501736158
3771,0.9047814857684686,,,-0.23200176896224986,1.5624409393807126
3772,0.9049647081482929,,,-0.231586121557258,1.5609147647031418
3773,0.905147693618732,,,-0.23117096617871954,1.5593899767652282
3774,0.9053304422901175,,,-0.2307563026445577,1.5578665746285663
3775,0.9055129542729717,,,-0.23034213077230978,1.5563445573545656
3776,0.9056952296780082,,,-0.22992845037912724,1.554823924004452
3777,0.9058772686161313,,,-0.2295152612817758,1.5533046736392695
3778,0.906059071198436,,,-0.22910256329663542,1.551786805319883
3779,0.9062406375362083,,,-0.22869035623970035,1.5502703181069795
3780,0.9064219677409247,,,-0.22827863992657918,1.548755211061071
3781,0.9066030619242521,,,-0.2278674141724949,1.5472414832424957
3782,0.906783920198048,,,-0.2274566787922849,1.545729133711421
3783,0.9069645426743601,,,-0.2270464336004011,1.5442181615278443
3784,0.9071449294654264,,,-0.2266366784109099,1.5427085657515955
3785,0.907325080683675,,,-0.22622741303749228,1.54120034544234
3786,0.9075049964417242,,,-0.22581863729344387,1.5396934996595788
3787,0.9076846768523822,,,-0.22541035099167495,1.538188027462652
3788,0.907864122028647,,,-0.22500255394471055,1.5366839279107407
3789,0.9080433320837064,,,-0.2245952459646905,1.5351812000628682
3790,0.9082223071309379,,,-0.22418842686336946,1.5336798429779024
3791,0.9084010472839086,,,-0.223782096452117,1.5321798557145578
3792,0.9085795526563749,,,-0.22337625454191767,1.530681237331398
3793,0.9087578233622828,,,-0.222970900943371,1.5291839868868367
3794,0.9089358595157675,,,-0.22256603546669163,1.5276881034391403
3795,0.9091136612311532,,,-0.22216165792170936,1.5261935860464297
3796,0.9092912286229534,,,-0.2217577681178692,1.5247004337666825
3797,0.9094685618058704,,,-0.22135436586423143,1.5232086456577347
3798,0.9096456608947955,,,-0.22095145096947172,1.5217182207772828
3799,0.9098225260048085,,,-0.22054902324188108,1.5202291581828862
3800,0.9099991572511782,,,-0.2201470824893661,1.518741456931968
3801,0.9101755547493616,,,-0.21974562851944887,1.517255116081818
3802,0.9103517186150045,,,-0.21934466113926715,1.5157701346895944
3803,0.9105276489639407,,,-0.21894418015557437,1.514286511812326
3804,0.9107033459121924,,,-0.2185441853747398,1.5128042465069136
3805,0.9108788095759698,,,-0.21814467660274856,1.5113233378301318
3806,0.9110540400716711,,,-0.21774565364520165,1.5098437848386321
3807,0.9112290375158825,,,-0.2173471163073162,1.5083655865889438
3808,0.9114038020253779,,,-0.2169490643939254,1.5068887421374764
3809,0.9115783337171188,,,-0.21655149770947857,1.505413250540521
3810,0.9117526327082545,,,-0.2161544160580414,1.5039391108542535
3811,0.9119266991161213,,,-0.21575781924329587,1.502466322134735
3812,0.9121005330582433,,,-0.2153617070685405,1.5009948834379145
3813,0.9122741346523315,,,-0.21496607933669024,1.4995247938196312
3814,0.912447504016284,,,-0.2145709358502767,1.4980560523356155
3815,0.9126206412681861,,,-0.21417627641144824,1.4965886580414918
3816,0.9127935465263096,,,-0.21378210082197002,1.4951226099927797
3817,0.9129662199091133,,,-0.2133884088832241,1.4936579072448968
3818,0.9131386615352426,,,-0.2129952003962096,1.4921945488531596
3819,0.9133108715235293,,,-0.21260247516154263,1.4907325338727861
3820,0.9134828499929916,,,-0.2122102329794566,1.4892718613588973
3821,0.9136545970628338,,,-0.2118184736498022,1.48781253036652
3822,0.9138261128524466,,,-0.21142719697204748,1.4863545399505869
3823,0.9139973974814067,,,-0.21103640274527807,1.4848978891659408
3824,0.9141684510694764,,,-0.21064609076819715,1.4834425770673347
3825,0.9143392737366041,,,-0.21025626083912566,1.4819886027094347
3826,0.9145098656029235,,,-0.20986691275600233,1.480535965146821
3827,0.9146802267887539,,,-0.20947804631638384,1.4790846634339911
3828,0.9148503574146002,,,-0.20908966131744494,1.4776346966253604
3829,0.9150202576011522,,,-0.20870175755597847,1.4761860637752646
3830,0.9151899274692852,,,-0.20831433482839565,1.474738763937962
3831,0.915359367140059,,,-0.20792739293072598,1.4732927961676348
3832,0.9155285767347189,,,-0.20754093165861753,1.471848159518391
3833,0.9156975563746943,,,-0.20715495080733698,1.4704048530442664
3834,0.9158663061815996,,,-0.20676945017176973,1.4689628757992268
3835,0.9160348262772334,,,-0.20638442954642003,1.4675222268371697
3836,0.9162031167835789,,,-0.20599988872541117,1.4660829052119257
3837,0.9163711778228033,,,-0.20561582750248547,1.464644909977261
3838,0.9165390095172579,,,-0.20523224567100454,1.4632082401868787
3839,0.9167066119894779,,,-0.20484914302394933,1.4617728948944213
3840,0.9168739853621823,,,-0.20446651935392027,1.4603388731534719
3841,0.9170411297582739,,,-0.2040843744531374,1.4589061740175566
3842,0.9172080453008388,,,-0.20370270811344054,1.4574747965401462
3843,0.9173747321131465,,,-0.20332152012628937,1.4560447397746576
3844,0.9175411903186498,,,-0.20294081028276353,1.4546160027744566
3845,0.9177074200409846,,,-0.2025605783735629,1.4531885845928585
3846,0.9178734214039698,,,-0.2021808241890076,1.451762484283131
3847,0.9180391945316069,,,-0.20180154751903812,1.4503377008984955
3848,0.9182047395480804,,,-0.20142274815321562,1.448914233492129
3849,0.9183700565777568,,,-0.20104442588072186,1.4474920811171665
3850,0.9185351457451857,,,-0.2006665804903595,1.4460712428267017
3851,0.9187000071750983,,,-0.20028921177055217,1.4446517176737899
3852,0.918864640992408,,,-0.19991231950934468,1.4432335047114493
3853,0.9190290473222106,,,-0.19953590349440306,1.4418166029926631
3854,0.9191932262897831,,,-0.19915996351301482,1.4404010115703807
3855,0.9193571780205844,,,-0.198784499352089,1.4389867294975203
3856,0.9195209026402549,,,-0.1984095107981564,1.43757375582697
3857,0.9196844002746163,,,-0.19803499763736976,1.4361620896115903
3858,0.9198476710496716,,,-0.19766095965550373,1.4347517299042158
3859,0.9200107150916047,,,-0.19728739663795525,1.4333426757576562
3860,0.9201735325267805,,,-0.1969143083697436,1.4319349262246992
3861,0.9203361234817445,,,-0.19654169463551055,1.4305284803581115
3862,0.920498488083223,,,-0.19616955521952056,1.429123337210641
3863,0.9206606264581225,,,-0.19579788990566088,1.4277194958350188
3864,0.9208225387335299,,,-0.19542669847744182,1.4263169552839599
3865,0.9209842250367123,,,-0.19505598071799682,1.4249157146101663
3866,0.9211456854951164,,,-0.1946857364100826,1.4235157728663284
3867,0.9213069202363692,,,-0.19431596533607945,1.4221171291051262
3868,0.9214679293882769,,,-0.19394666727799126,1.420719782379232
3869,0.9216287130788254,,,-0.1935778420174458,1.419323731741311
3870,0.9217892714361801,,,-0.19320948933569485,1.4179289762440244
3871,0.921949604588685,,,-0.1928416090136143,1.4165355149400303
3872,0.9221097126648637,,,-0.19247420083170447,1.4151433468819856
3873,0.9222695957934185,,,-0.19210726457009014,1.4137524711225482
3874,0.9224292541032301,,,-0.19174080000852087,1.412362886714378
3875,0.9225886877233579,,,-0.19137480692637104,1.4109745927101396
3876,0.9227478967830396,,,-0.19100928510264018,1.4095875881625028
3877,0.9229068814116912,,,-0.19064423431595298,1.408201872124146
3878,0.9230656417389066,,,-0.19027965434455962,1.4068174436477565
3879,0.9232241778944575,,,-0.1899155449663359,1.4054343017860331
3880,0.9233824900082935,,,-0.1895519059587834,1.4040524455916872
3881,0.9235405782105416,,,-0.1891887370990297,1.4026718741174449
3882,0.9236984426315059,,,-0.18882603816382856,1.401292586416049
3883,0.923856083401668,,,-0.18846380892956016,1.3999145815402605
3884,0.9240135006516864,,,-0.18810204917223122,1.39853785854286
3885,0.9241706945123964,,,-0.1877407586674752,1.39716241647665
3886,0.9243276651148099,,,-0.18737993719055251,1.3957882543944564
3887,0.9244844125901154,,,-0.1870195845163508,1.3944153713491299
3888,0.9246409370696776,,,-0.18665970041938498,1.393043766393548
3889,0.9247972386850375,,,-0.18630028467379756,1.3916734385806173
3890,0.9249533175679118,,,-0.18594133705335883,1.3903043869632743
3891,0.9251091738501932,,,-0.185582857331467,1.3889366105944874
3892,0.92526480766395,,,-0.18522484528114846,1.3875701085272585
3893,0.9254202191414258,,,-0.184867300675058,1.3862048798146251
3894,0.9255754084150395,,,-0.1845102232854789,1.3848409235096621
3895,0.925730375617385,,,-0.18415361288432333,1.3834782386654827
3896,0.9258851208812313,,,-0.1837974692431324,1.3821168243352409
3897,0.9260396443395219,,,-0.18344179213307643,1.3807566795721327
3898,0.9261939461253749,,,-0.18308658132495523,1.3793978034293983
3899,0.9263480263720827,,,-0.18273183658919817,1.3780401949603232
3900,0.9265018852131119,,,-0.18237755769586453,1.37668385321824
3901,0.9266555227821032,,,-0.18202374441464364,1.3753287772565306
3902,0.9268089392128708,,,-0.18167039651485514,1.3739749661286276
3903,0.9269621346394027,,,-0.1813175137654492,1.3726224188880156
3904,0.9271151091958603,,,-0.18096509593500665,1.3712711345882334
3905,0.9272678630165782,,,-0.18061314279173937,1.3699211122828754
3906,0.927420396236064,,,-0.18026165410349043,1.3685723510255932
3907,0.9275727089889982,,,-0.17991062963773424,1.3672248498700978
3908,0.9277248014102342,,,-0.17956006916157694,1.3658786078701604
3909,0.9278766736347973,,,-0.1792099724417565,1.364533624079615
3910,0.9280283257978855,,,-0.17886033924464298,1.3631898975523595
3911,0.928179758034869,,,-0.17851116933623884,1.361847427342357
3912,0.9283309704812894,,,-0.17816246248217907,1.3605062125036382
3913,0.9284819632728605,,,-0.1778142184477315,1.3591662520903032
3914,0.9286327365454673,,,-0.17746643699779696,1.3578275451565223
3915,0.9287832904351663,,,-0.17711911789690965,1.3564900907565378
3916,0.928933625078185,,,-0.17677226090923723,1.3551538879446663
3917,0.9290837406109219,,,-0.17642586579858113,1.3538189357752999
3918,0.9292336371699462,,,-0.17607993232837688,1.3524852333029074
3919,0.9293833148919975,,,-0.17573446026169418,1.3511527795820373
3920,0.929532773913986,,,-0.17538944936123727,1.3498215736673178
3921,0.9296820143729918,,,-0.17504489938934517,1.3484916146134596
3922,0.9298310364062649,,,-0.17470081010799188,1.3471629014752569
3923,0.9299798401512251,,,-0.17435718127878666,1.345835433307589
3924,0.930128425745462,,,-0.17401401266297428,1.3445092091654225
3925,0.930276793326734,,,-0.1736713040214353,1.3431842281038122
3926,0.9304249430329689,,,-0.17332905511468627,1.3418604891779036
3927,0.9305728750022634,,,-0.17298726570288,1.3405379914429334
3928,0.9307205893728829,,,-0.17264593554580593,1.3392167339542325
3929,0.9308680862832613,,,-0.1723050644028902,1.3378967157672255
3930,0.9310153658720008,,,-0.17196465203319605,1.3365779359374348
3931,0.9311624282778718,,,-0.17162469819542409,1.3352603935204805
3932,0.9313092736398122,,,-0.17128520264791242,1.3339440875720825
3933,0.931455902096928,,,-0.17094616514863703,1.332629017148062
3934,0.9316023137884923,,,-0.17060758545521212,1.3313151813043433
3935,0.9317485088539459,,,-0.17026946332489015,1.3300025790969554
3936,0.9318944874328962,,,-0.16993179851456233,1.3286912095820331
3937,0.9320402496651176,,,-0.16959459078075878,1.3273810718158192
3938,0.9321857956905512,,,-0.16925783987964885,1.3260721648546658
3939,0.9323311256493042,,,-0.16892154556704134,1.3247644877550355
3940,0.9324762396816504,,,-0.16858570759838484,1.323458039573504
3941,0.9326211379280294,,,-0.168250325728768,1.3221528193667607
3942,0.9327658205290463,,,-0.16791539971291972,1.3208488261916103
3943,0.9329102876254722,,,-0.1675809293052096,1.3195460591049752
3944,0.9330545393582431,,,-0.16724691425964805,1.3182445171638963
3945,0.9331985758684604,,,-0.16691335432988672,1.3169441994255344
3946,0.9333423972973902,,,-0.16658024926921863,1.315645104947173
3947,0.9334860037864633,,,-0.16624759883057863,1.314347232786218
3948,0.9336293954772751,,,-0.16591540276654357,1.313050582000201
3949,0.933772572511585,,,-0.16558366082933262,1.3117551516467796
3950,0.9339155350313164,,,-0.1652523727708076,1.3104609407837398
3951,0.9340582831785568,,,-0.1649215383424732,1.3091679484689969
3952,0.9342008170955569,,,-0.16459115729547732,1.3078761737605973
3953,0.9343431369247309,,,-0.1642612293806114,1.3065856157167202
3954,0.9344852428086561,,,-0.1639317543483107,1.305296273395679
3955,0.9346271348900725,,,-0.16360273194865446,1.3040081458559227
3956,0.934768813311883,,,-0.16327416193136648,1.3027212321560375
3957,0.9349102782171528,,,-0.16294604404581514,1.3014355313547483
3958,0.9350515297491093,,,-0.16261837804101395,1.3001510425109206
3959,0.935192568051142,,,-0.16229116366562163,1.2988677646835614
3960,0.935333393266802,,,-0.1619644006679426,1.2975856969318211
3961,0.9354740055398018,,,-0.16163808879592712,1.2963048383149949
3962,0.9356144050140154,,,-0.16131222779717183,1.2950251878925243
3963,0.9357545918334778,,,-0.1609868174189198,1.2937467447239985
3964,0.9358945661423848,,,-0.16066185740806102,1.2924695078691564
3965,0.9360343280850927,,,-0.1603373475111327,1.2911934763878876
3966,0.9361738778061182,,,-0.16001328747431953,1.2899186493402337
3967,0.9363132154501381,,,-0.15968967704345396,1.2886450257863906
3968,0.9364523411619893,,,-0.15936651596401666,1.2873726047867096
3969,0.9365912550866679,,,-0.1590438039811367,1.286101385401698
3970,0.9367299573693296,,,-0.15872154083959197,1.2848313666920221
3971,0.9368684481552896,,,-0.15839972628380944,1.2835625477185082
3972,0.9370067275900215,,,-0.15807836005786555,1.282294927542143
3973,0.9371447958191578,,,-0.15775744190548646,1.2810285052240764
3974,0.9372826529884896,,,-0.15743697157004843,1.2797632798256229
3975,0.937420299243966,,,-0.15711694879457816,1.278499250408262
3976,0.9375577347316941,,,-0.15679737332175306,1.2772364160336407
3977,0.9376949595979389,,,-0.15647824489390164,1.2759747757635744
3978,0.9378319739891227,,,-0.15615956325300384,1.2747143286600489
3979,0.9379687780518249,,,-0.15584132814069135,1.2734550737852213
3980,0.9381053719327822,,,-0.15552353929824794,1.2721970102014217
3981,0.938241755778888,,,-0.15520619646660982,1.2709401369711546
3982,0.938377929737192,,,-0.15488929938636598,1.2696844531571003
3983,0.9385138939549004,,,-0.15457284779775848,1.2684299578221172
3984,0.938649648579375,,,-0.15425684144068288,1.2671766500292414
3985,0.938785193758134,,,-0.15394128005468855,1.26592452884169
3986,0.9389205296388505,,,-0.15362616337897897,1.2646735933228612
3987,0.9390556563693533,,,-0.1533114911524122,1.2634238425363369
3988,0.9391905740976259,,,-0.15299726311350098,1.2621752755458828
3989,0.9393252829718065,,,-0.15268347900041343,1.2609278914154511
3990,0.9394597831401883,,,-0.15237013855097317,1.2596816892091813
3991,0.9395940747512183,,,-0.15205724150265967,1.2584366679914019
3992,0.9397281579534975,,,-0.1517447875926087,1.2571928268266312
3993,0.939862032895781,,,-0.15143277655761267,1.2559501647795794
3994,0.939995699726977,,,-0.15112120813412092,1.2547086809151495
3995,0.9401291585961473,,,-0.15081008205824015,1.2534683742984394
3996,0.9402624096525064,,,-0.1504993980657348,1.2522292439947427
3997,0.9403954530454216,,,-0.15018915589202733,1.25099128906955
3998,0.9405282889244126,,,-0.14987935527219862,1.2497545085885513
3999,0.9406609174391516,,,-0.14956999594098838,1.2485189016176357
4000,0.9407933387394624,,,-0.14926107763279547,1.2472844672228947
4001,0.9409255529753205,,,-0.14895260008167827,1.2460512044706222
4002,0.9410575602968532,,,-0.14864456302135506,1.2448191124273167
4003,0.9411893608543386,,,-0.14833696618520445,1.2435881901596821
4004,0.9413209547982058,,,-0.1480298093062656,1.2423584367346294
4005,0.9414523422790345,,,-0.14772309211723883,1.2411298512192779
4006,0.9415835234475549,,,-0.14741681435048576,1.239902432680957
4007,0.9417144984546473,,,-0.14711097573802978,1.238676180187207
4008,0.9418452674513417,,,-0.14680557601155655,1.2374510928057814
4009,0.9419758305888178,,,-0.14650061490241414,1.236227169604647
4010,0.9421061880184047,,,-0.14619609214161364,1.2350044096519857
4011,0.9422363398915804,,,-0.1458920074598294,1.2337828120161967
4012,0.9423662863599717,,,-0.1455883605873995,1.232562375765897
4013,0.9424960275753538,,,-0.14528515125432606,1.2313430999699229
4014,0.9426255636896504,,,-0.14498237919027573,1.2301249836973314
4015,0.9427548948549331,,,-0.14468004412457997,1.228908026017402
4016,0.9428840212234212,,,-0.1443781457862355,1.2276922259996368
4017,0.9430129429474813,,,-0.1440766839039047,1.2264775827137635
4018,0.9431416601796272,,,-0.14377565820591603,1.2252640952297358
4019,0.9432701730725197,,,-0.14347506842026433,1.2240517626177345
4020,0.9433984817789661,,,-0.1431749142746113,1.2228405839481697
4021,0.9435265864519201,,,-0.14287519549628586,1.221630558291681
4022,0.9436544872444814,,,-0.1425759118122846,1.2204216847191405
4023,0.9437821843098956,,,-0.14227706294927214,1.219213962301652
4024,0.9439096778015537,,,-0.1419786486335815,1.2180073901105541
4025,0.944036967872992,,,-0.14168066859121461,1.216801967217421
4026,0.9441640546778917,,,-0.14138312254784263,1.215597692694063
4027,0.9442909383700786,,,-0.14108601022880637,1.2143945656125292
4028,0.9444176191035232,,,-0.14078933135911675,1.2131925850451075
4029,0.9445440970323398,,,-0.14049308566345511,1.211991750064327
4030,0.9446703723107868,,,-0.14019727286617378,1.2107920597429584
4031,0.9447964450932659,,,-0.1399018926912963,1.2095935131540163
4032,0.9449223155343222,,,-0.139606944862518,1.2083961093707598
4033,0.9450479837886437,,,-0.13931242910320638,1.2071998474666934
4034,0.9451734500110613,,,-0.13901834513640143,1.2060047265155693
4035,0.9452987143565483,,,-0.1387246926848162,1.2048107455913883
4036,0.94542377698022,,,-0.13843147147083706,1.2036179037684012
4037,0.9455486380373334,,,-0.13813868121652428,1.2024262001211092
4038,0.9456732976832873,,,-0.13784632164361238,1.2012356337242664
4039,0.945797756073622,,,-0.1375543924735105,1.2000462036528805
4040,0.9459220133640185,,,-0.13726289342730297,1.1988579089822144
4041,0.9460460697102984,,,-0.13697182422574958,1.1976707487877867
4042,0.9461699252684238,,,-0.13668118458928613,1.1964847221453738
4043,0.9462935801944972,,,-0.1363909742380248,1.195299828131011
4044,0.9464170346447606,,,-0.13610119289175462,1.1941160658209933
4045,0.9465402887755957,,,-0.13581184026994186,1.1929334342918771
4046,0.9466633427435235,,,-0.13552291609173053,1.191751932620482
4047,0.9467861967052037,,,-0.13523442007594277,1.1905715598838906
4048,0.9469088508174349,,,-0.13494635194107926,1.1893923151594512
4049,0.9470313052371542,,,-0.13465871140531976,1.188214197524778
4050,0.9471535601214364,,,-0.1343714981865235,1.1870372060577528
4051,0.9472756156274942,,,-0.13408471200222954,1.1858613398365263
4052,0.947397471912678,,,-0.13379835256965736,1.1846865979395196
4053,0.9475191291344752,,,-0.13351241960570723,1.1835129794454249
4054,0.9476405874505103,,,-0.13322691282696064,1.1823404834332065
4055,0.947761847018544,,,-0.13294183194968082,1.1811691089821035
4056,0.9478829079964738,,,-0.1326571766898131,1.1799988551716292
4057,0.9480037705423328,,,-0.1323729467629855,1.178829721081573
4058,0.9481244348142899,,,-0.132089141884509,1.1776617057920027
4059,0.9482449009706494,,,-0.1318057617693781,1.176494808383264
4060,0.9483651691698509,,,-0.13152280613227135,1.175329027935983
4061,0.9484852395704685,,,-0.13124027468755162,1.1741643635310663
4062,0.9486051123312109,,,-0.13095816714926672,1.1730008142497037
4063,0.948724787610921,,,-0.13067648323114983,1.171838379173368
4064,0.9488442655685757,,,-0.1303952226466199,1.1706770573838168
4065,0.9489635463632853,,,-0.13011438510878218,1.1695168479630937
4066,0.9490826301542933,,,-0.12983397033042865,1.1683577499935298
4067,0.9492015171009764,,,-0.1295539780240385,1.1671997625577444
4068,0.949320207362844,,,-0.1292744079017786,1.166042884738646
4069,0.9494387010995374,,,-0.12899525967550396,1.1648871156194343
4070,0.9495569984708306,,,-0.12871653305675818,1.163732454283601
4071,0.9496750996366289,,,-0.128438227756774,1.1625788998149302
4072,0.949793004756969,,,-0.12816034348647368,1.1614264512975017
4073,0.949910713992019,,,-0.12788287995646955,1.1602751078156894
4074,0.9500282275020776,,,-0.12760583687706448,1.1591248684541648
4075,0.950145545447574,,,-0.12732921395825228,1.157975732297897
4076,0.9502626679890678,,,-0.12705301090971827,1.156827698432154
4077,0.9503795952872481,,,-0.12677722744083972,1.1556807659425041
4078,0.950496327502934,,,-0.12650186326068638,1.154534933914817
4079,0.9506128647970734,,,-0.12622691807802083,1.153390201435265
4080,0.9507292073307434,,,-0.12595239160129915,1.152246567590324
4081,0.9508453552651497,,,-0.1256782835386713,1.1511040314667746
4082,0.9509613087616262,,,-0.1254045935979816,1.149962592151704
4083,0.9510770679816349,,,-0.12513132148676925,1.148822248732506
4084,0.9511926330867655,,,-0.12485846691226886,1.1476830002968825
4085,0.9513080042387347,,,-0.12458602958141086,1.1465448459328458
4086,0.9514231815993868,,,-0.12431400920082206,1.1454077847287176
4087,0.9515381653306922,,,-0.1240424054768261,1.1442718157731324
4088,0.9516529555947483,,,-0.12377121811544399,1.1431369381550374
4089,0.951767552553778,,,-0.12350044682239458,1.1420031509636934
4090,0.9518819563701303,,,-0.12323009130309508,1.1408704532886764
4091,0.9519961672062796,,,-0.12296015126266152,1.1397388442198788
4092,0.9521101852248252,,,-0.12269062640590932,1.1386083228475106
4093,0.9522240105884914,,,-0.12242151643735372,1.1374788882620999
4094,0.9523376434601268,,,-0.12215282106121035,1.1363505395544948
4095,0.9524510840027045,,,-0.1218845399813957,1.135223275815864
4096,0.9525643323793209,,,-0.12161667290152765,1.1340970961376982
4097,0.9526773887531962,,,-0.12134921952492596,1.1329719996118108
4098,0.9527902532876736,,,-0.12108217955461278,1.1318479853303398
4099,0.9529029261462194,,,-0.12081555269331318,1.130725052385748
4100,0.9530154074924221,,,-0.12054933864345566,1.1296031998708245
4101,0.9531276974899925,,,-0.12028353710717266,1.128482426878686
4102,0.9532397963027632,,,-0.12001814778630107,1.1273627325027775
4103,0.9533517040946885,,,-0.1197531703823828,1.126244115836874
4104,0.9534634210298436,,,-0.11948860459666519,1.1251265759750806
4105,0.9535749472724249,,,-0.11922445013010166,1.1240101120118344
4106,0.953686282986749,,,-0.11896070668335214,1.1228947230419057
4107,0.9537974283372529,,,-0.11869737395678363,1.1217804081603981
4108,0.9539083834884935,,,-0.11843445165047074,1.1206671664627508
4109,0.9540191486051471,,,-0.11817193946419617,1.1195549970447385
4110,0.9541297238520093,,,-0.11790983709745126,1.1184438990024739
4111,0.9542401093939945,,,-0.11764814424943655,1.117333871432407
4112,0.9543503053961356,,,-0.1173868606190623,1.1162249134313278
4113,0.9544603120235838,,,-0.11712598590494896,1.1151170240963661
4114,0.9545701294416081,,,-0.1168655198054278,1.1140102025249936
4115,0.954679757815595,,,-0.11660546201854134,1.1129044478150245
4116,0.9547891973110483,,,-0.11634581224204403,1.111799759064616
4117,0.9548984480935885,,,-0.11608657017340263,1.1106961353722706
4118,0.9550075103289527,,,-0.11582773550979683,1.1095935758368358
4119,0.9551163841829942,,,-0.11556930794811981,1.1084920795575064
4120,0.955225069821682,,,-0.11531128718497874,1.1073916456338242
4121,0.9553335674111006,,,-0.11505367291669531,1.1062922731656801
4122,0.95544187711745,,,-0.11479646483930635,1.1051939612533153
4123,0.9555499991070446,,,-0.11453966264856429,1.104096708997321
4124,0.9556579335463135,,,-0.11428326603993774,1.1030005154986413
4125,0.9557656806017997,,,-0.11402727470861208,1.1019053798585723
4126,0.9558732404401602,,,-0.11377168834948996,1.1008113011787641
4127,0.9559806132281654,,,-0.11351650665719186,1.0997182785612223
4128,0.9560877991326987,,,-0.11326172932605663,1.098626311108308
4129,0.9561947983207564,,,-0.11300735605014209,1.0975353979227398
4130,0.956301610959447,,,-0.11275338652322554,1.0964455381075937
4131,0.9564082372159913,,,-0.11249982043880434,1.0953567307663052
4132,0.9565146772577218,,,-0.11224665749009646,1.0942689750026693
4133,0.956620931252082,,,-0.11199389737004106,1.0931822699208427
4134,0.9567269993666269,,,-0.11174153977129901,1.0920966146253435
4135,0.9568328817690218,,,-0.11148958438625348,1.0910120082210535
4136,0.9569385786270427,,,-0.1112380309070105,1.089928449813218
4137,0.9570440901085752,,,-0.11098687902539953,1.0888459385074476
4138,0.9571494163816147,,,-0.11073612843297402,1.0877644734097185
4139,0.9572545576142658,,,-0.11048577882101199,1.0866840536263744
4140,0.9573595139747423,,,-0.11023582988051654,1.085604678264127
4141,0.9574642856313662,,,-0.10998628130221652,1.0845263464300567
4142,0.9575688727525679,,,-0.10973713277656702,1.083449057231614
4143,0.9576732755068855,,,-0.10948838399375,1.0823728097766203
4144,0.957777494062965,,,-0.10924003464367478,1.0812976031732688
4145,0.9578815285895591,,,-0.10899208441597873,1.080223436530126
4146,0.9579853792555276,,,-0.10874453300002776,1.0791503089561316
4147,0.9580890462298367,,,-0.10849738008491693,1.0780782195606007
4148,0.9581925296815585,,,-0.10825062535947103,1.0770071674532238
4149,0.9582958297798713,,,-0.10800426851224515,1.0759371517440681
4150,0.9583989466940581,,,-0.10775830923152528,1.074868171543579
4151,0.9585018805935075,,,-0.10751274720532886,1.07380022596258
4152,0.9586046316477126,,,-0.10726758212140541,1.0727333141122748
4153,0.9587072000262707,,,-0.10702281366723711,1.0716674351042466
4154,0.9588095858988832,,,-0.10677844153003932,1.0706025880504608
4155,0.9589117894353549,,,-0.10653446539676126,1.0695387720632656
4156,0.9590138108055941,,,-0.10629088495408655,1.068475986255392
4157,0.9591156501796118,,,-0.1060476998884338,1.0674142297399554
4158,0.9592173077275213,,,-0.10580490988595721,1.0663535016304564
4159,0.9593187836195386,,,-0.1055625146325472,1.065293801040782
4160,0.959420078025981,,,-0.10532051381383097,1.064235127085206
4161,0.9595211911172673,,,-0.10507890711517304,1.0631774788783903
4162,0.9596221230639176,,,-0.10483769422167596,1.0621208555353863
4163,0.9597228740365524,,,-0.10459687481818085,1.0610652561716343
4164,0.9598234442058928,,,-0.104356448589268,1.0600106799029663
4165,0.9599238337427597,,,-0.10411641521925746,1.0589571258456052
4166,0.9600240428180736,,,-0.1038767743922097,1.057904593116167
4167,0.9601240716028544,,,-0.10363752579192613,1.0568530808316612
4168,0.9602239202682207,,,-0.10339866910194978,1.0558025881094917
4169,0.9603235889853896,,,-0.10316020400556587,1.0547531140674575
4170,0.9604230779256765,,,-0.10292213018580242,1.053704657823754
4171,0.9605223872604943,,,-0.10268444732543086,1.0526572184969738
4172,0.9606215171613537,,,-0.10244715510696667,1.0516107952061073
4173,0.960720467799862,,,-0.10221025321266994,1.050565387070544
4174,0.9608192393477234,,,-0.101973741324546,1.049520993210073
4175,0.9609178319767384,,,-0.10173761912434606,1.0484776127448843
4176,0.9610162458588034,,,-0.10150188629356782,1.047435244795569
4177,0.9611144811659103,,,-0.10126654251345608,1.0463938884831212
4178,0.9612125380701462,,,-0.10103158746500332,1.0453535429289382
4179,0.961310416743693,,,-0.10079702082895037,1.0443142072548213
4180,0.961408117358827,,,-0.100562842285787,1.0432758805829765
4181,0.9615056400879187,,,-0.1003290515157526,1.0422385620360166
4182,0.9616029851034322,,,-0.10009564819883669,1.0412022507369607
4183,0.961700152577925,,,-0.09986263201477968,1.0401669458092357
4184,0.9617971426840473,,,-0.09963000264307338,1.0391326463766766
4185,0.961893955594542,,,-0.0993977597629617,1.0380993515635282
4186,0.9619905914822444,,,-0.09916590305344124,1.0370670604944456
4187,0.9620870505200814,,,-0.09893443219326194,1.0360357722944946
4188,0.9621833328810713,,,-0.09870334686092769,1.035005486089153
4189,0.9622794387383236,,,-0.098472646734697,1.0339762010043119
4190,0.9623753682650383,,,-0.09824233149258355,1.0329479161662751
4191,0.962471121634506,,,-0.09801240081235695,1.0319206307017614
4192,0.9625666990201069,,,-0.09778285437154326,1.0308943437379052
4193,0.9626621005953111,,,-0.09755369184742568,1.0298690544022564
4194,0.9627573265336775,,,-0.0973249129170452,1.028844761822782
4195,0.9628523770088541,,,-0.09709651725720121,1.027821465127867
4196,0.9629472521945771,,,-0.09686850454445212,1.0267991634463147
4197,0.9630419522646708,,,-0.09664087445511606,1.0257778559073483
4198,0.9631364773930473,,,-0.09641362666527148,1.0247575416406105
4199,0.9632308277537057,,,-0.09618676085075782,1.0237382197761657
4200,0.9633250035207322,,,-0.09596027668717612,1.0227198894445002
4201,0.9634190048682995,,,-0.0957341738498897,1.0217025497765226
4202,0.9635128319706662,,,-0.09550845201402482,1.0206861999035655
4203,0.9636064850021768,,,-0.09528311085447125,1.019670838957385
4204,0.9636999641372612,,,-0.095058150045883,1.0186564660701631
4205,0.9637932695504342,,,-0.09483356926267894,1.0176430803745076
4206,0.9638864014162952,,,-0.09460936817904347,1.0166306810034524
4207,0.9639793599095278,,,-0.09438554646892713,1.0156192670904596
4208,0.9640721452048994,,,-0.09416210380604731,1.0146088377694191
4209,0.9641647574772607,,,-0.09393903986388885,1.0135993921746504
4210,0.9642571969015458,,,-0.09371635431570476,1.0125909294409023
4211,0.9643494636527711,,,-0.09349404683451679,1.0115834487033548
4212,0.9644415579060354,,,-0.0932721170931162,1.0105769490976189
4213,0.9645334798365194,,,-0.09305056476406431,1.0095714297597378
4214,0.9646252296194853,,,-0.09282938951969327,1.0085668898261881
4215,0.9647168074302762,,,-0.09260859103210664,1.0075633284338799
4216,0.9648082134443163,,,-0.09238816897318006,1.0065607447201577
4217,0.9648994478371098,,,-0.09216812301456193,1.0055591378228015
4218,0.9649905107842409,,,-0.09194845282767411,1.0045585068800271
4219,0.9650814024613734,,,-0.09172915808371256,1.0035588510304876
4220,0.9651721230442503,,,-0.09151023845364796,1.0025601694132733
4221,0.9652626727086931,,,-0.09129169360822646,1.001562461167913
4222,0.965353051630602,,,-0.09107352321797034,1.0005657254343745
4223,0.965443259985955,,,-0.0908557269531786,0.9995699613530653
4224,0.9655332979508078,,,-0.0906383044839277,0.9985751680648338
4225,0.965623165701293,,,-0.09042125548007227,0.9975813447109696
4226,0.9657128634136204,,,-0.09020457961124569,0.9965884904332043
4227,0.965802391264076,,,-0.08998827654686083,0.9955966043737123
4228,0.9658917494290217,,,-0.0897723459561107,0.9946056856751117
4229,0.9659809380848952,,,-0.08955678750796915,0.9936157334804646
4230,0.9660699574082092,,,-0.08934160087119156,0.9926267469332785
4231,0.9661588075755515,,,-0.08912678571431545,0.9916387251775064
4232,0.9662474887635841,,,-0.08891234170566127,0.9906516673575477
4233,0.9663360011490433,,,-0.08869826851333297,0.9896655726182492
4234,0.9664243449087386,,,-0.08848456580521877,0.9886804401049054
4235,0.9665125202195533,,,-0.0882712332489918,0.9876962689632597
4236,0.9666005272584429,,,-0.08805827051211082,0.9867130583395046
4237,0.966688366202436,,,-0.08784567726182085,0.9857308073802827
4238,0.9667760372286328,,,-0.08763345316515393,0.9847495152326875
4239,0.9668635405142052,,,-0.08742159788892974,0.9837691810442638
4240,0.9669508762363964,,,-0.08721011109975634,0.9827898039630085
4241,0.9670380445725205,,,-0.08699899246403085,0.9818113831373716
4242,0.9671250456999619,,,-0.08678824164794013,0.9808339177162566
4243,0.9672118797961753,,,-0.0865778583174615,0.9798574068490212
4244,0.9672985470386848,,,-0.08636784213836338,0.9788818496854782
4245,0.9673850476050838,,,-0.08615819277620605,0.9779072453758958
4246,0.9674713816730347,,,-0.08594890989634231,0.9769335930709987
4247,0.9675575494202682,,,-0.08573999316391819,0.9759608919219687
4248,0.9676435510245829,,,-0.08553144224387364,0.9749891410804452
4249,0.9677293866638453,,,-0.08532325680094326,0.974018339698526
4250,0.9678150565159891,,,-0.08511543649965693,0.9730484869287678
4251,0.9679005607590145,,,-0.08490798100434058,0.9720795819241872
4252,0.9679858995709887,,,-0.08470088997911687,0.9711116238382614
4253,0.9680710731300444,,,-0.08449416308790593,0.9701446118249283
4254,0.96815608161438,,,-0.08428779999442598,0.9691785450385877
4255,0.9682409252022596,,,-0.08408180036219412,0.9682134226341017
4256,0.9683256040720114,,,-0.08387616385452698,0.9672492437667957
4257,0.9684101184020285,,,-0.08367089013454149,0.9662860075924585
4258,0.9684944683707678,,,-0.0834659788651555,0.9653237132673436
4259,0.9685786541567498,,,-0.08326142970908858,0.9643623599481692
4260,0.9686626759385583,,,-0.08305724232886269,0.9634019467921195
4261,0.9687465338948397,,,-0.0828534163868029,0.9624424729568447
4262,0.9688302282043028,,,-0.08264995154503807,0.9614839376004622
4263,0.9689137590457185,,,-0.08244684746550163,0.960526339881557
4264,0.9689971265979193,,,-0.08224410380993225,0.9595696789591821
4265,0.9690803310397985,,,-0.08204172023987454,0.9586139539928596
4266,0.9691633725503105,,,-0.08183969641667982,0.9576591641425812
4267,0.9692462513084698,,,-0.08163803200150681,0.9567053085688085
4268,0.969328967493351,,,-0.08143672665532234,0.9557523864324741
4269,0.9694115212840879,,,-0.0812357800389021,0.9548003968949816
4270,0.969493912859874,,,-0.08103519181283132,0.9538493391182072
4271,0.9695761423999607,,,-0.08083496163750553,0.9528992122644994
4272,0.9696582100836584,,,-0.08063508917313125,0.9519500154966799
4273,0.9697401160903348,,,-0.08043557407972678,0.9510017479780446
4274,0.9698218605994156,,,-0.08023641601712282,0.9500544088723635
4275,0.969903443790383,,,-0.08003761464496328,0.9491079973438817
4276,0.9699848658427761,,,-0.07983916962270599,0.9481625125573205
4277,0.9700661269361903,,,-0.07964108060962341,0.9472179536778771
4278,0.9701472272502768,,,-0.07944334726480337,0.9462743198712256
4279,0.970228166964742,,,-0.0792459692471498,0.9453316103035176
4280,0.9703089462593475,,,-0.07904894621538347,0.9443898241413833
4281,0.9703895653139092,,,-0.07885227782804269,0.9434489605519308
4282,0.9704700243082974,,,-0.07865596374348408,0.9425090187027481
4283,0.9705503234224362,,,-0.07846000361988328,0.9415699977619028
4284,0.9706304628363027,,,-0.07826439711523572,0.940631896897943
4285,0.9707104427299273,,,-0.07806914388735732,0.9396947152798979
4286,0.9707902632833927,,,-0.0778742435938852,0.9387584520772784
4287,0.9708699246768335,,,-0.0776796958922785,0.9378231064600774
4288,0.9709494270904363,,,-0.07748550043981904,0.9368886775987707
4289,0.9710287707044388,,,-0.07729165689361212,0.9359551646643174
4290,0.9711079556991296,,,-0.07709816491058721,0.9350225668281607
4291,0.9711869822548475,,,-0.07690502414749875,0.934090883262228
4292,0.9712658505519816,,,-0.07671223426092681,0.9331601131389321
4293,0.9713445607709704,,,-0.07651979490727791,0.9322302556311711
4294,0.9714231130923018,,,-0.07632770574278573,0.9313013099123296
4295,0.9715015076965121,,,-0.07613596642351184,0.9303732751562785
4296,0.9715797447641862,,,-0.07594457660534648,0.9294461505373766
4297,0.9716578244759567,,,-0.07575353594400928,0.9285199352304698
4298,0.971735747012504,,,-0.07556284409505006,0.9275946284108931
4299,0.9718135125545553,,,-0.07537250071384947,0.9266702292544701
4300,0.9718911212828846,,,-0.07518250545561987,0.9257467369375136
4301,0.9719685733783121,,,-0.07499285797540597,0.9248241506368271
4302,0.9720458690217039,,,-0.07480355792808567,0.923902469529704
4303,0.9721230083939714,,,-0.07461460496837075,0.9229816927939294
4304,0.972199991676071,,,-0.07442599875080762,0.9220618196077794
4305,0.9722768190490036,,,-0.07423773892977813,0.921142849150023
4306,0.9723534906938146,,,-0.07404982515950027,0.9202247805999211
4307,0.9724300067915926,,,-0.07386225709402898,0.9193076131372284
4308,0.9725063675234699,,,-0.07367503438725684,0.9183913459421933
4309,0.9725825730706213,,,-0.07348815669291488,0.9174759781955582
4310,0.9726586236142645,,,-0.0733016236645733,0.9165615090785603
4311,0.9727345193356589,,,-0.07311543495564227,0.9156479377729323
4312,0.9728102604161057,,,-0.07292959021937266,0.9147352634609028
4313,0.9728858470369472,,,-0.07274408910885682,0.9138234853251965
4314,0.9729612793795666,,,-0.07255893127702931,0.912912602549035
4315,0.9730365576253872,,,-0.07237411637666769,0.9120026143161372
4316,0.9731116819558725,,,-0.07218964406039326,0.9110935198107198
4317,0.9731866525525252,,,-0.07200551398067188,0.9101853182174982
4318,0.9732614695968875,,,-0.07182172578981466,0.909278008721686
4319,0.9733361332705399,,,-0.07163827913997876,0.9083715905089967
4320,0.9734106437551012,,,-0.07145517368316817,0.9074660627656436
4321,0.9734850012322281,,,-0.07127240907123446,0.90656142467834
4322,0.9735592058836147,,,-0.07108998495587755,0.9056576754343002
4323,0.9736332578909919,,,-0.0709079009886465,0.9047548142212399
4324,0.9737071574361272,,,-0.07072615682094019,0.9038528402273764
4325,0.9737809047008245,,,-0.07054475210400825,0.9029517526414294
4326,0.9738544998669229,,,-0.07036368648895168,0.9020515506526211
4327,0.973927943116297,,,-0.0701829596267237,0.9011522334506773
4328,0.9740012346308564,,,-0.07000257116813054,0.9002538002258272
4329,0.9740743745925448,,,-0.06982252076383211,0.8993562501688043
4330,0.9741473631833399,,,-0.06964280806434289,0.8984595824708466
4331,0.9742202005852534,,,-0.06946343272003266,0.8975637963236972
4332,0.9742928869803297,,,-0.06928439438112728,0.896668890919605
4333,0.974365422550646,,,-0.06910569269770941,0.8957748654513246
4334,0.9744378074783117,,,-0.0689273273197194,0.8948817191121172
4335,0.9745100419454682,,,-0.06874929789695598,0.8939894510957511
4336,0.9745821261342884,,,-0.06857160407907706,0.8930980605965019
4337,0.974654060226976,,,-0.06839424551560051,0.8922075468091528
4338,0.9747258444057654,,,-0.068217221855905,0.8913179089289955
4339,0.974797478852921,,,-0.06804053274923064,0.8904291461518306
4340,0.9748689637507371,,,-0.06786417784467991,0.8895412576739674
4341,0.9749402992815371,,,-0.06768815679121837,0.8886542426922254
4342,0.9750114856276736,,,-0.06751246923767544,0.8877681004039335
4343,0.9750825229715272,,,-0.06733711483274522,0.8868828300069317
4344,0.9751534114955067,,,-0.06716209322498723,0.8859984306995706
4345,0.9752241513820485,,,-0.06698740406282723,0.8851149016807123
4346,0.9752947428136162,,,-0.06681304699455798,0.8842322421497305
4347,0.9753651859726999,,,-0.06663902166834007,0.8833504513065114
4348,0.9754354810418163,,,-0.06646532773220268,0.8824695283514535
4349,0.9755056282035077,,,-0.06629196483404433,0.8815894724854687
4350,0.975575627640342,,,-0.06611893262163372,0.880710282909982
4351,0.975645479534912,,,-0.06594623074261055,0.8798319588269327
4352,0.975715184069835,,,-0.0657738588444862,0.8789544994387741
4353,0.9757847414277527,,,-0.06560181657464463,0.8780779039484744
4354,0.9758541517913303,,,-0.06543010358034312,0.8772021715595169
4355,0.9759234153432563,,,-0.06525871950871309,0.8763273014759002
4356,0.9759925322662422,,,-0.06508766400676083,0.8754532929021392
4357,0.9760615027430216,,,-0.06491693672136839,0.874580145043265
4358,0.9761303269563506,,,-0.06474653729929428,0.8737078571048253
4359,0.9761990050890064,,,-0.06457646538717432,0.8728364282928853
4360,0.9762675373237875,,,-0.06440672063152245,0.8719658578140275
4361,0.9763359238435132,,,-0.06423730267873147,0.8710961448753521
4362,0.9764041648310229,,,-0.0640682111750739,0.8702272886844782
4363,0.976472260469176,,,-0.0638994457667027,0.869359288449543
4364,0.9765402109408512,,,-0.06373100609965215,0.8684921433792032
4365,0.9766080164289461,,,-0.06356289181983861,0.8676258526826348
4366,0.976675677116377,,,-0.0633951025730613,0.8667604155695338
4367,0.9767431931860784,,,-0.06322763800500314,0.8658958312501162
4368,0.9768105648210021,,,-0.06306049776123154,0.8650320989351188
4369,0.9768777922041176,,,-0.06289368148719918,0.8641692178357994
4370,0.9769448755184109,,,-0.06272718882824484,0.863307187163937
4371,0.9770118149468845,,,-0.06256101942959418,0.8624460061318324
4372,0.9770786106725569,,,-0.06239517293636054,0.8615856739523088
4373,0.9771452628784619,,,-0.0622296489935458,0.8607261898387113
4374,0.9772117717476488,,,-0.0620644472460411,0.8598675530049082
4375,0.9772781374631813,,,-0.061899567338627705,0.8590097626652908
4376,0.9773443602081372,,,-0.06173500891597781,0.8581528180347742
4377,0.9774104401656083,,,-0.061570771622655285,0.8572967183287968
4378,0.9774763775186998,,,-0.06140685510311657,0.8564414627633221
4379,0.9775421724505295,,,-0.0612432590017114,0.8555870505548375
4380,0.9776078251442282,,,-0.0610799829626837,0.8547334809203556
4381,0.9776733357829382,,,-0.0609170266301723,0.8538807530774144
4382,0.977738704549814,,,-0.060754389648211816,0.8530288662440771
4383,0.9778039316280209,,,-0.06059207166073342,0.8521778196389336
4384,0.977869017200735,,,-0.060430072311565664,0.8513276124810993
4385,0.977933961451143,,,-0.0602683912444353,0.8504782439902169
4386,0.9779987645624411,,,-0.060107028102968085,0.8496297133864557
4387,0.9780634267178352,,,-0.059945982530689584,0.8487820198905124
4388,0.9781279481005403,,,-0.05978525417102599,0.8479351627236114
4389,0.9781923288937798,,,-0.05962484266730492,0.8470891411075049
4390,0.9782565692807854,,,-0.05946474766275627,0.8462439542644736
4391,0.9783206694447965,,,-0.059304968800513,0.845399601417327
4392,0.9783846295690597,,,-0.05914550572361194,0.844556081789403
4393,0.9784484498368287,,,-0.058986358074994624,0.8437133946045691
4394,0.9785121304313633,,,-0.05882752549750811,0.8428715390872222
4395,0.9785756715359296,,,-0.05866900763390576,0.8420305144622894
4396,0.9786390733337992,,,-0.05851080412684811,0.8411903199552276
4397,0.9787023360082485,,,-0.05835291461890364,0.8403509547920246
4398,0.9787654597425591,,,-0.05819533875254963,0.8395124181991985
4399,0.9788284447200165,,,-0.05803807617017296,0.8386747094037991
4400,0.9788912911239102,,,-0.0578811265140709,0.8378378276334072
4401,0.978953999137533,,,-0.057724489426451996,0.8370017721161355
4402,0.9790165689441807,,,-0.057568164549436814,0.8361665420806286
4403,0.9790790007271516,,,-0.05741215152505883,0.8353321367560634
4404,0.9791412946697461,,,-0.05725644999526521,0.8344985553721497
4405,0.9792034509552663,,,-0.057101059601917636,0.8336657971591298
4406,0.9792654697670155,,,-0.056945979986793134,0.8328338613477794
4407,0.9793273512882976,,,-0.0567912107915849,0.8320027471694075
4408,0.9793890957024173,,,-0.0566367516579031,0.831172453855857
4409,0.9794507031926788,,,-0.05648260222727572,0.830342980639505
4410,0.979512173942386,,,-0.05632876214114939,0.8295143267532625
4411,0.9795735081348417,,,-0.05617523104089017,0.8286864914305755
4412,0.9796347059533473,,,-0.056022008567784436,0.8278594739054246
4413,0.9796957675812028,,,-0.05586909436303964,0.8270332734123256
4414,0.9797566932017053,,,-0.05571648806778519,0.8262078891863297
4415,0.9798174829981497,,,-0.055564189323073235,0.8253833204630239
4416,0.9798781371538278,,,-0.055412197769879504,0.824559566478531
4417,0.9799386558520273,,,-0.055260513049104155,0.8237366264695101
4418,0.9799990392760326,,,-0.05510913480157257,0.8229144996731567
4419,0.9800592876091232,,,-0.05495806266803619,0.822093185327203
4420,0.980119401034574,,,-0.054807296289173364,0.8212726826699184
4421,0.9801793797356544,,,-0.05465683530559015,0.8204529909401093
4422,0.9802392238956282,,,-0.054506679357821164,0.8196341093771198
4423,0.9802989336977531,,,-0.05435682808633038,0.8188160372208316
4424,0.9803585093252801,,,-0.05420728113151201,0.8179987737116646
4425,0.9804179509614533,,,-0.05405803813369129,0.8171823180905766
4426,0.9804772587895092,,,-0.05390909873312531,0.8163666695990642
4427,0.9805364329926765,,,-0.05376046257000388,0.8155518274791627
4428,0.9805954737541753,,,-0.05361212928445031,0.8147377909734461
4429,0.9806543812572175,,,-0.0534640985165223,0.813924559325028
4430,0.9807131556850052,,,-0.053316369906212725,0.8131121317775611
4431,0.9807717972207313,,,-0.053168943093450494,0.8123005075752381
4432,0.9808303060475784,,,-0.05302181771810136,0.8114896859627914
4433,0.9808886823487186,,,-0.052874993419968784,0.8106796661854935
4434,0.9809469263073134,,,-0.05272846983879473,0.8098704474891574
4435,0.9810050381065124,,,-0.05258224661426051,0.8090620291201368
4436,0.9810630179294538,,,-0.05243632338598766,0.8082544103253261
4437,0.9811208659592635,,,-0.0522906997935387,0.8074475903521605
4438,0.9811785823790546,,,-0.052145375476418045,0.8066415684486169
4439,0.9812361673719273,,,-0.05200035007407277,0.8058363438632133
4440,0.981293621120968,,,-0.0518556232258935,0.8050319158450097
4441,0.9813509438092493,,,-0.0517111945712152,0.8042282836436077
4442,0.9814081356198294,,,-0.05156706374931806,0.8034254465091513
4443,0.9814651967357517,,,-0.051423230399428296,0.8026234036923267
4444,0.9815221273400442,,,-0.05127969416071898,0.8018221544443626
4445,0.9815789276157193,,,-0.051136454672310906,0.8010216980170304
4446,0.9816355977457732,,,-0.050993511573273406,0.8002220336626445
4447,0.9816921379131858,,,-0.05085086450262521,0.7994231606340626
4448,0.9817485483009195,,,-0.05070851309933524,0.7986250781846853
4449,0.9818048290919198,,,-0.0505664570023235,0.7978277855684571
4450,0.981860980469114,,,-0.050424695850461866,0.7970312820398662
4451,0.981917002615411,,,-0.05028322928257497,0.7962355668539445
4452,0.9819728957137015,,,-0.050142056937441,0.7954406392662682
4453,0.9820286599468565,,,-0.05000117845379256,0.7946464985329577
4454,0.9820842954977277,,,-0.0498605934703175,0.7938531439106778
4455,0.9821398025491466,,,-0.049720301625659775,0.7930605746566385
4456,0.9821951812839242,,,-0.04958030255842025,0.7922687900285937
4457,0.9822504318848511,,,-0.04944059590715756,0.7914777892848432
4458,0.9823055545346959,,,-0.049301181310388964,0.7906875716842315
4459,0.9823605494162059,,,-0.04916205840659115,0.7898981364861486
4460,0.982415416712106,,,-0.04902322683420112,0.7891094829505301
4461,0.9824701566050986,,,-0.04888468623161699,0.7883216103378572
4462,0.982524769277863,,,-0.04874643623719885,0.7875345179091572
4463,0.9825792549130551,,,-0.0486084764892696,0.7867482049260032
4464,0.9826336136933067,,,-0.0484708066261158,0.7859626706505147
4465,0.9826878458012255,,,-0.04833342628598851,0.7851779143453576
4466,0.9827419514193941,,,-0.04819633510710411,0.7843939352737441
4467,0.9827959307303703,,,-0.04805953272764518,0.7836107326994336
4468,0.982849783916686,,,-0.04792301878576133,0.7828283058867319
4469,0.9829035111608471,,,-0.04778679291956999,0.782046654100492
4470,0.9829571126453329,,,-0.04765085476715735,0.781265776606114
4471,0.9830105885525959,,,-0.047515203966579114,0.7804856726695454
4472,0.9830639390650613,,,-0.04737984015586141,0.7797063415572811
4473,0.9831171643651264,,,-0.047244762973001564,0.7789277825363637
4474,0.9831702646351603,,,-0.047109972055969014,0.7781499948743836
4475,0.9832232400575035,,,-0.046975467042706116,0.7773729778394791
4476,0.9832760908144673,,,-0.04684124757112898,0.7765967307003363
4477,0.9833288170883336,,,-0.046707313279128346,0.7758212527261897
4478,0.9833814190613543,,,-0.04657366380457039,0.7750465431868222
4479,0.9834338969157511,,,-0.0464402987852976,0.774272601352565
4480,0.9834862508337148,,,-0.046307217859129605,0.773499426494298
4481,0.9835384809974048,,,-0.04617442066386401,0.7727270178834499
4482,0.9835905875889491,,,-0.046041906837277276,0.7719553747919979
4483,0.9836425707904436,,,-0.04590967601712552,0.7711844964924687
4484,0.9836944307839515,,,-0.04577772784114539,0.7704143822579376
4485,0.9837461677515033,,,-0.0456460619470549,0.7696450313620296
4486,0.9837977818750958,,,-0.045514677972554284,0.7688764430789186
4487,0.9838492733366925,,,-0.04538357555532682,0.7681086166833283
4488,0.9839006423182223,,,-0.045252754333039706,0.767341551450532
4489,0.9839518890015795,,,-0.04512221394334486,0.7665752466563525
4490,0.9840030135686234,,,-0.04499195402387982,0.7658097015771625
4491,0.9840540162011778,,,-0.044861974212268556,0.765044915489885
4492,0.9841048970810307,,,-0.04473227414612231,0.7642808876719923
4493,0.9841556563899333,,,-0.04460285346304047,0.7635176174015076
4494,0.9842062943096005,,,-0.0444737118006114,0.7627551039570039
4495,0.9842568110217098,,,-0.04434484879641328,0.7619933466176046
4496,0.984307206707901,,,-0.044216264088014955,0.7612323446629838
4497,0.9843574815497759,,,-0.04408795731297679,0.7604720973733661
4498,0.9844076357288978,,,-0.0439599281088515,0.7597126040295266
4499,0.9844576694267911,,,-0.04383217611318503,0.7589538639127913
4500,0.984507582824941,,,-0.043704700963517355,0.7581958763050372
4501,0.9845573761047927,,,-0.043577502297383365,0.7574386404886919
4502,0.9846070494477512,,,-0.04345057975231367,0.7566821557467343
4503,0.9846566030351812,,,-0.04332393296583551,0.7559264213626943
4504,0.984706037048406,,,-0.04319756157547353,0.7551714366206532
4505,0.9847553516687075,,,-0.04307146521875068,0.7544172008052437
4506,0.9848045470773261,,,-0.042945643533189026,0.7536637132016494
4507,0.9848536234554593,,,-0.04282009615631061,0.7529109730956058
4508,0.9849025809842624,,,-0.04269482272563832,0.7521589797734
4509,0.9849514198448471,,,-0.04256982287869669,0.7514077325218703
4510,0.9850001402182819,,,-0.04244509625301278,0.7506572306284072
4511,0.9850487422855909,,,-0.04232064248611702,0.7499074733809526
4512,0.9850972262277541,,,-0.04219646121554403,0.7491584600680006
4513,0.9851455922257065,,,-0.04207255207883351,0.7484101899785971
4514,0.9851938404603379,,,-0.041948914713531044,0.7476626624023398
4515,0.9852419711124922,,,-0.041825548757188975,0.7469158766293787
4516,0.9852899843629677,,,-0.04170245384736724,0.746169831950416
4517,0.9853378803925155,,,-0.041579629621634216,0.7454245276567057
4518,0.9853856593818401,,,-0.04145707571756757,0.7446799630400546
4519,0.9854333215115986,,,-0.04133479177275509,0.7439361373928213
4520,0.9854808669624002,,,-0.04121277742479557,0.7431930500079171
4521,0.9855282959148061,,,-0.04109103231129961,0.7424507001788059
4522,0.9855756085493286,,,-0.04096955606989049,0.7417090871995037
4523,0.985622805046431,,,-0.04084834833820502,0.740968210364579
4524,0.9856698855865272,,,-0.04072740875389435,0.7402280689691534
4525,0.9857168503499812,,,-0.04060673695462486,0.7394886623089006
4526,0.9857636995171066,,,-0.04048633257807899,0.7387499896800475
4527,0.9858104332681662,,,-0.04036619526195607,0.7380120503793731
4528,0.9858570517833718,,,-0.04024632464397319,0.7372748437042099
4529,0.9859035552428835,,,-0.040126720361866014,0.7365383689524427
4530,0.9859499438268096,,,-0.04000738205338968,0.7358026254225094
4531,0.9859962177152056,,,-0.039888309356319596,0.7350676124134008
4532,0.9860423770880746,,,-0.03976950190845229,0.7343333292246605
4533,0.9860884221253662,,,-0.03965095934760628,0.7335997751563853
4534,0.9861343530069764,,,-0.03953268131162289,0.7328669495092247
4535,0.986180169912747,,,-0.039414667438367135,0.7321348515843816
4536,0.9862258730224656,,,-0.039296917365728525,0.7314034806836118
4537,0.9862714625158645,,,-0.03917943073162193,0.7306728361092243
4538,0.9863169385726209,,,-0.03906220717398842,0.7299429171640809
4539,0.9863623013723564,,,-0.03894524633079612,0.7292137231515968
4540,0.986407551094636,,,-0.038828547840041035,0.7284852533757407
4541,0.9864526879189685,,,-0.038712111339747904,0.7277575071410338
4542,0.9864977120248054,,,-0.03859593646797106,0.7270304837525513
4543,0.9865426235915412,,,-0.03848002286279525,0.726304182515921
4544,0.9865874227985122,,,-0.03836437016233647,0.7255786027373242
4545,0.9866321098249966,,,-0.03824897800474286,0.7248537437234956
4546,0.9866766848502141,,,-0.0381338460281955,0.7241296047817232
4547,0.986721148053325,,,-0.038018973870909266,0.7234061852198478
4548,0.9867654996134305,,,-0.037904361171133674,0.7226834843462641
4549,0.9868097397095716,,,-0.03779000756715373,0.7219615014699198
4550,0.9868538685207292,,,-0.03767591269729076,0.7212402359003159
4551,0.9868978862258234,,,-0.03756207619990327,0.720519686947507
4552,0.9869417930037132,,,-0.03744849771338776,0.7197998539221009
4553,0.9869855890331961,,,-0.03733517687617963,0.7190807361352586
4554,0.9870292744930076,,,-0.03722211332675391,0.7183623328986946
4555,0.9870728495618207,,,-0.037109306703626214,0.7176446435246766
4556,0.987116314418246,,,-0.03699675664535354,0.7169276673260258
4557,0.9871596692408307,,,-0.03688446279053508,0.7162114036161165
4558,0.9872029142080582,,,-0.03677242477781312,0.7154958517088764
4559,0.9872460494983484,,,-0.03666064224587382,0.7147810109187867
4560,0.9872890752900564,,,-0.03654911483344812,0.7140668805608814
4561,0.9873319917614726,,,-0.03643784217931251,0.7133534599507485
4562,0.9873747990908222,,,-0.036326823922289926,0.7126407484045287
4563,0.9874174974562647,,,-0.03621605970125059,0.7119287452389162
4564,0.9874600870358938,,,-0.036105549155112784,0.7112174497711583
4565,0.9875025680077365,,,-0.035995291922843786,0.7105068613190557
4566,0.9875449405497531,,,-0.03588528764346061,0.7097969792009623
4567,0.9875872048398363,,,-0.035775535956030946,0.709087802735785
4568,0.9876293610558117,,,-0.03566603649967391,0.7083793312429839
4569,0.9876714093754364,,,-0.035556788913560934,0.7076715640425725
4570,0.9877133499763993,,,-0.0354477928369166,0.706964500455117
4571,0.98775518303632,,,-0.03533904790901945,0.7062581398017371
4572,0.9877969087327494,,,-0.03523055376920285,0.7055524814041053
4573,0.9878385272431682,,,-0.035122310056855836,0.7048475245844471
4574,0.9878800387449874,,,-0.03501431641142391,0.7041432686655411
4575,0.9879214434155472,,,-0.03490657247240993,0.7034397129707188
4576,0.987962741432117,,,-0.03479907787937488,0.7027368568238648
4577,0.9880039329718951,,,-0.03469183227193879,0.7020346995494162
4578,0.9880450182120079,,,-0.0345848352897815,0.7013332404723633
4579,0.9880859973295094,,,-0.03447808657264352,0.7006324789182492
4580,0.9881268705013817,,,-0.034371585760326895,0.6999324142131694
4581,0.9881676379045337,,,-0.03426533249269599,0.6992330456837726
4582,0.9882082997158008,,,-0.03415932640967836,0.6985343726572599
4583,0.988248856111945,,,-0.034053567151265556,0.6978363944613851
4584,0.9882893072696541,,,-0.033948054357514,0.6971391104244544
4585,0.9883296533655413,,,-0.03384278766854578,0.6964425198753269
4586,0.9883698945761451,,,-0.0337377667245495,0.6957466221434139
4587,0.9884100310779284,,,-0.033632991165781105,0.6950514165586791
4588,0.9884500630472784,,,-0.03352846063256473,0.6943569024516388
4589,0.9884899906605066,,,-0.03342417476529352,0.6936630791533616
4590,0.9885298140938475,,,-0.03332013320443045,0.6929699459954681
4591,0.9885695335234592,,,-0.03321633559050919,0.6922775023101316
4592,0.9886091491254221,,,-0.03311278156413491,0.691585747430077
4593,0.988648661075739,,,-0.03300947076598513,0.6908946806885814
4594,0.9886880695503347,,,-0.0329064028368105,0.6902043014194743
4595,0.9887273747250556,,,-0.0328035774174357,0.6895146089571368
4596,0.9887665767756689,,,-0.03270099414876023,0.6888256026365019
4597,0.9888056758778628,,,-0.03259865267175925,0.6881372817930548
4598,0.9888446722072459,,,-0.0324965526274844,0.687449645762832
4599,0.9888835659393465,,,-0.03239469365706464,0.6867626938824217
4600,0.9889223572496124,,,-0.03229307540170707,0.6860764254889642
4601,0.988961046313411,,,-0.03219169750269775,0.6853908399201508
4602,0.988999633306028,,,-0.03209055960140255,0.6847059365142246
4603,0.9890381184026678,,,-0.031989661339267964,0.68402171460998
4604,0.9890765017784523,,,-0.03188900235782193,0.6833381735467625
4605,0.9891147836084215,,,-0.03178858229867467,0.6826553126644694
4606,0.9891529640675325,,,-0.03168840080351949,0.6819731313035485
4607,0.989191043330659,,,-0.031588457514133646,0.681291628804999
4608,0.9892290215725912,,,-0.031488752072379125,0.6806108045103711
4609,0.9892668989680353,,,-0.03138928412020351,0.679930657761766
4610,0.9893046756916133,,,-0.03129005329964077,0.6792511879018353
4611,0.9893423519178622,,,-0.031191059252812094,0.6785723942737817
4612,0.9893799278212343,,,-0.031092301621926728,0.6778942762213584
4613,0.9894174035760958,,,-0.030993780049282774,0.6772168330888695
4614,0.9894547793567273,,,-0.030895494177268033,0.676540064221169
4615,0.9894920553373232,,,-0.030797443648360807,0.6758639689636615
4616,0.9895292316919909,,,-0.030699628105130734,0.675188546662302
4617,0.989566308594751,,,-0.03060204719023961,0.6745137966635956
4618,0.9896032862195366,,,-0.030504700546442193,0.6738397183145973
4619,0.9896401647401929,,,-0.030407587816587037,0.6731663109629125
4620,0.9896769443304768,,,-0.030310708643617307,0.672493573956696
4621,0.9897136251640568,,,-0.030214062670571598,0.6718215066446527
4622,0.9897502074145123,,,-0.030117649540584743,0.6711501083760371
4623,0.9897866912553331,,,-0.03002146889688865,0.6704793785006532
4624,0.9898230768599198,,,-0.0299255203828131,0.6698093163688547
4625,0.9898593644015823,,,-0.029829803641786577,0.6691399213315442
4626,0.9898955540535402,,,-0.029734318317337066,0.668471192740174
4627,0.9899316459889224,,,-0.02963906405309289,0.6678031299467454
4628,0.9899676403807661,,,-0.029544040492783516,0.6671357323038086
4629,0.9900035374020173,,,-0.02944924728024036,0.6664689991644629
4630,0.9900393372255296,,,-0.029354684059397607,0.6658029298823563
4631,0.9900750400240643,,,-0.02926035047429304,0.6651375238116856
4632,0.99011064597029,,,-0.029166246169068825,0.6644727803071959
4633,0.990146155236782,,,-0.029072370787972337,0.6638086987241811
4634,0.9901815679960221,,,-0.028978723975356974,0.6631452784184835
4635,0.9902168844203981,,,-0.02888530537568296,0.6624825187464931
4636,0.9902521046822037,,,-0.028792114633518166,0.6618204190651484
4637,0.9902872289536377,,,-0.02869915139353891,0.6611589787319357
4638,0.9903222574068041,,,-0.028606415300530767,0.6604981971048893
4639,0.9903571902137112,,,-0.028513905999389376,0.6598380735425913
4640,0.9903920275462714,,,-0.028421623135121258,0.6591786074041709
4641,0.9904267695763015,,,-0.028329566352844615,0.6585197980493054
4642,0.9904614164755211,,,-0.02823773529779014,0.6578616448382191
4643,0.9904959684155533,,,-0.028146129615301815,0.6572041471316835
4644,0.9905304255679237,,,-0.02805474895083773,0.6565473042910173
4645,0.9905647881040603,,,-0.02796359294997088,0.655891115678086
4646,0.9905990561952931,,,-0.027872661258389962,0.655235580655302
4647,0.9906332300128536,,,-0.0277819535219002,0.6545806985856244
4648,0.9906673097278746,,,-0.027691469386424125,0.6539264688325588
4649,0.9907012955113899,,,-0.02760120849800239,0.653272890760157
4650,0.9907351875343333,,,-0.027511170502794568,0.6526199637330176
4651,0.9907689859675394,,,-0.027421355047079956,0.6519676871162846
4652,0.9908026909817419,,,-0.02733176177725837,0.6513160602756486
4653,0.9908363027475743,,,-0.027242390339850944,0.6506650825773456
4654,0.9908698214355689,,,-0.027153240381500948,0.6500147533881575
4655,0.9909032472161569,,,-0.027064311548974557,0.6493650720754118
4656,0.9909365802596675,,,-0.026975603489161674,0.6487160380069813
4657,0.9909698207363279,,,-0.026887115849076708,0.6480676505512839
4658,0.9910029688162629,,,-0.026798848275859384,0.6474199090772828
4659,0.9910360246694946,,,-0.02671080041677553,0.646772812954486
4660,0.9910689884659417,,,-0.026622971919217885,0.6461263615529464
4661,0.9911018603754196,,,-0.026535362430706873,0.6454805542432616
4662,0.9911346405676396,,,-0.026447971598891413,0.6448353903965733
4663,0.9911673292122088,,,-0.026360799071549708,0.6441908693845682
4664,0.9911999264786299,,,-0.026273844496590034,0.6435469905794765
4665,0.9912324325363001,,,-0.02618710752205154,0.642903753354073
4666,0.9912648475545118,,,-0.026100587796105024,0.6422611570816759
4667,0.9912971717024515,,,-0.026014284967053738,0.6416192011361472
4668,0.9913294051491995,,,-0.025928198683334173,0.6409778848918926
4669,0.99136154806373,,,-0.02584232859351684,0.6403372077238609
4670,0.9913936006149101,,,-0.025756674346307074,0.6396971690075445
4671,0.9914255629714999,,,-0.0256712355905458,0.6390577681189784
4672,0.991457435302152,,,-0.025586011975210345,0.6384190044347409
4673,0.9914892177754113,,,-0.0255010031494152,0.6377808773319527
4674,0.9915209105597144,,,-0.025416208762412823,0.637143386188277
4675,0.9915525138233892,,,-0.025331628463594408,0.6365065303819197
4676,0.9915840277346548,,,-0.025247261902490683,0.6358703092916286
4677,0.9916154524616213,,,-0.025163108728772678,0.6352347222966936
4678,0.9916467881722888,,,-0.025079168592252524,0.6345997687769467
4679,0.9916780350345475,,,-0.024995441142884225,0.633965448112761
4680,0.9917091932161776,,,-0.024911926030764434,0.6333317596850517
4681,0.9917402628848482,,,-0.024828622906133236,0.6326987028752752
4682,0.9917712442081177,,,-0.02474553141937494,0.6320662770654287
4683,0.991802137353433,,,-0.024662651221018836,0.6314344816380508
4684,0.9918329424881294,,,-0.024579981961739987,0.6308033159762206
4685,0.9918636597794298,,,-0.02449752329236,0.630172779463558
4686,0.9918942893944451,,,-0.024415274863847806,0.6295428714842232
4687,0.9919248315001733,,,-0.024333236327320425,0.6289135914229167
4688,0.9919552862634992,,,-0.024251407334043754,0.628284938664879
4689,0.9919856538511942,,,-0.024169787535433335,0.6276569125958905
4690,0.992015934429916,,,-0.024088376583055116,0.6270295126022714
4691,0.992046128166208,,,-0.024007174128626244,0.6264027380708812
4692,0.992076235226499,,,-0.023926179824015823,0.6257765883891189
4693,0.9921062557771034,,,-0.023845393321245682,0.6251510629449225
4694,0.9921361899842202,,,-0.023764814272491157,0.6245261611267691
4695,0.9921660380139327,,,-0.023684442330081844,0.6239018823236742
4696,0.9921958000322085,,,-0.023604277146502373,0.6232782259251921
4697,0.9922254762048991,,,-0.02352431837439318,0.6226551913214154
4698,0.9922550666977393,,,-0.023444565666551263,0.622032777902975
4699,0.9922845716763472,,,-0.023365018675930962,0.6214109850610394
4700,0.9923139913062234,,,-0.023285677055644705,0.6207898121873152
4701,0.9923433257527512,,,-0.02320654045896379,0.6201692586740465
4702,0.9923725751811958,,,-0.023127608539319125,0.6195493239140145
4703,0.9924017397567044,,,-0.02304888095030202,0.6189300073005379
4704,0.9924308196443055,,,-0.02297035734566491,0.6183113082274723
4705,0.9924598150089087,,,-0.022892037379322154,0.6176932260892098
4706,0.9924887260153042,,,-0.02281392070535076,0.6170757602806795
4707,0.9925175528281631,,,-0.022736006977991167,0.6164589101973462
4708,0.9925462956120361,,,-0.022658295851647994,0.6158426752352116
4709,0.9925749545313538,,,-0.02258078698089079,0.6152270547908129
4710,0.9926035297504263,,,-0.022503480020454807,0.614612048261223
4711,0.9926320214334428,,,-0.022426374625241732,0.6139976550440503
4712,0.9926604297444711,,,-0.02234947045032046,0.613383874537439
4713,0.9926887548474577,,,-0.022272767150927835,0.6127707061400677
4714,0.992716996906227,,,-0.022196264382469404,0.6121581492511503
4715,0.9927451560844811,,,-0.02211996180052017,0.6115462032704354
4716,0.9927732325457999,,,-0.022043859060825347,0.6109348675982059
4717,0.99280122645364,,,-0.021967955819301097,0.610324141635279
4718,0.992829137971335,,,-0.021892251732035288,0.6097140247830061
4719,0.9928569672620949,,,-0.021816746455288236,0.6091045164432719
4720,0.9928847144890061,,,-0.02174143964549345,0.6084956160184954
4721,0.9929123798150302,,,-0.021666330959258396,0.6078873229116285
4722,0.9929399634030049,,,-0.021591420053365208,0.6072796365261565
4723,0.9929674654156428,,,-0.021516706584771457,0.6066725562660973
4724,0.9929948860155313,,,-0.021442190210610886,0.6060660815360018
4725,0.9930222253651324,,,-0.021367870588194154,0.6054602117409535
4726,0.9930494836267822,,,-0.021293747375009563,0.6048549462865681
4727,0.9930766609626909,,,-0.021219820228723825,0.6042502845789929
4728,0.993103757534942,,,-0.02114608880718277,0.6036462260249076
4729,0.9931307735054922,,,-0.021072552768412103,0.6030427700315232
4730,0.9931577090361714,,,-0.02099921177061814,0.6024399160065822
4731,0.9931845642886818,,,-0.020926065472188532,0.6018376633583581
4732,0.9932113394245982,,,-0.02085311353169301,0.6012360114956555
4733,0.9932380346053669,,,-0.020780355607884115,0.6006349598278096
4734,0.9932646499923062,,,-0.020707791359697934,0.6000345077646858
4735,0.9932911857466058,,,-0.02063542044625483,0.59943465471668
4736,0.993317642029326,,,-0.020563242526860166,0.598835400094718
4737,0.9933440190013982,,,-0.020491257261005043,0.5982367433102554
4738,0.993370316823624,,,-0.020419464308367028,0.5976386837752774
4739,0.993396535656675,,,-0.02034786332881088,0.5970412209022982
4740,0.9934226756610927,,,-0.02027645398238927,0.5964443541043611
4741,0.993448736997288,,,-0.020205235929343524,0.5958480827950386
4742,0.9934747198255409,,,-0.02013420883010433,0.5952524063884314
4743,0.9935006243060004,,,-0.020063372345292468,0.5946573242991683
4744,0.9935264505986838,,,-0.019992726135719535,0.5940628359424067
4745,0.9935521988634768,,,-0.019922269862388663,0.5934689407338317
4746,0.9935778692601327,,,-0.01985200318649524,0.5928756380896558
4747,0.9936034619482728,,,-0.019781925769427635,0.5922829274266191
4748,0.9936289770873853,,,-0.019712037272767904,0.5916908081619887
4749,0.9936544148368256,,,-0.019642337358292516,0.5910992797135585
4750,0.9936797753558158,,,-0.01957282568797308,0.5905083414996491
4751,0.9937050588034442,,,-0.019503501923977033,0.5899179929391077
4752,0.9937302653386654,,,-0.01943436572866838,0.5893282334513074
4753,0.9937553951202996,,,-0.01936541676460839,0.588739062456147
4754,0.9937804483070326,,,-0.019296654694556315,0.5881504793740513
4755,0.9938054250574151,,,-0.019228079181470098,0.5875624836259702
4756,0.993830325529863,,,-0.019159689888507095,0.5869750746333791
4757,0.9938551498826564,,,-0.019091486479024762,0.586388251818278
4758,0.9938798982739401,,,-0.01902346861658139,0.5858020146031917
4759,0.9939045708617225,,,-0.018955635964936775,0.585216362411169
4760,0.9939291678038757,,,-0.01888798818805296,0.5846312946657833
4761,0.9939536892581355,,,-0.018820524950094914,0.5840468107911317
4762,0.9939781353821004,,,-0.018753245915431257,0.5834629102118349
4763,0.9940025063332318,,,-0.018686150748634934,0.582879592353037
4764,0.9940268022688536,,,-0.01861923911448395,0.5822968566404051
4765,0.994051023346152,,,-0.018552510677962035,0.5817147025001292
4766,0.994075169722175,,,-0.018485965104259372,0.581133129358922
4767,0.9940992415538321,,,-0.018419602058773278,0.5805521366440184
4768,0.9941232389978942,,,-0.0183534212071089,0.5799717237831754
4769,0.9941471622109934,,,-0.018287422215079927,0.5793918902046717
4770,0.9941710113496223,,,-0.018221604748709257,0.5788126353373079
4771,0.9941947865701338,,,-0.01815596847422972,0.5782339586104053
4772,0.9942184880287415,,,-0.018090513058084744,0.5776558594538067
4773,0.9942421158815183,,,-0.018025238166929067,0.5770783372978756
4774,0.994265670284397,,,-0.01796014346762941,0.5765013915734958
4775,0.9942891513931696,,,-0.017895228627265176,0.5759250217120714
4776,0.9943125593634872,,,-0.017830493313129133,0.5753492271455265
4777,0.9943358943508595,,,-0.0177659371927281,0.5747740073063049
4778,0.9943591565106545,,,-0.01770155993378363,0.5741993616273698
4779,0.9943823459980988,,,-0.017637361204232704,0.5736252895422035
4780,0.9944054629682765,,,-0.0175733406722284,0.5730517904848073
4781,0.9944285075761293,,,-0.017509498006140586,0.5724788638897008
4782,0.9944514799764564,,,-0.017445832874556592,0.5719065091919224
4783,0.9944743803239141,,,-0.017382344946281898,0.5713347258270283
4784,0.9944972087730151,,,-0.0173190338903408,0.5707635132310924
4785,0.9945199654781287,,,-0.017255899375977088,0.5701928708407066
4786,0.9945426505934807,,,-0.017192941072654743,0.5696227980929793
4787,0.9945652642731524,,,-0.017130158650058583,0.5690532944255365
4788,0.994587806671081,,,-0.01706755177809495,0.5684843592765206
4789,0.994610277941059,,,-0.01700512012689238,0.5679159920845906
4790,0.994632678236734,,,-0.01694286336680228,0.5673481922889215
4791,0.9946550077116082,,,-0.016880781168399576,0.5667809593292042
4792,0.9946772665190388,,,-0.016818873202483417,0.5662142926456454
4793,0.9946994548122369,,,-0.016757139140077808,0.5656481916789665
4794,0.9947215727442678,,,-0.01669557865243229,0.5650826558704047
4795,0.9947436204680503,,,-0.01663419141102261,0.5645176846617115
4796,0.9947655981363569,,,-0.01657297708755138,0.5639532774951529
4797,0.9947875059018132,,,-0.016511935353948726,0.5633894338135093
4798,0.9948093439168977,,,-0.016451065882372974,0.5628261530600747
4799,0.9948311123339415,,,-0.01639036834521129,0.5622634346786569
4800,0.9948528113051283,,,-0.016329842415080346,0.5617012781135771
4801,0.9948744409824937,,,-0.016269487764826975,0.5611396828096693
4802,0.9948960015179252,,,-0.01620930406752883,0.5605786482122805
4803,0.9949174930631621,,,-0.01614929099649504,0.5600181737672704
4804,0.9949389157697949,,,-0.016089448225266846,0.5594582589210102
4805,0.9949602697892649,,,-0.016029775427618277,0.5588989031203835
4806,0.9949815552728646,,,-0.015970272277556798,0.5583401058127856
4807,0.9950027723717368,,,-0.015910938449323935,0.5577818664461227
4808,0.9950239212368748,,,-0.015851773617395957,0.5572241844688124
4809,0.9950450020191216,,,-0.015792777456484504,0.556667059329783
4810,0.9950660148691702,,,-0.015733949641537227,0.5561104904784732
4811,0.9950869599375632,,,-0.01567528984773845,0.5555544773648318
4812,0.9951078373746922,,,-0.015616797750509802,0.5549990194393175
4813,0.995128647330798,,,-0.015558473025510859,0.5544441161528988
4814,0.9951493899559699,,,-0.015500315348639791,0.5538897669570532
4815,0.995170065400146,,,-0.015442324396033996,0.5533359713037673
4816,0.9951906738131123,,,-0.015384499844070736,0.5527827286455365
4817,0.9952112153445031,,,-0.015326841369367784,0.5522300384353643
4818,0.9952316901438001,,,-0.015269348648784044,0.5516779001267629
4819,0.9952520983603327,,,-0.015212021359420203,0.5511263131737516
4820,0.9952724401432774,,,-0.015154859178619348,0.5505752770308577
4821,0.9952927156416579,,,-0.015097861783967605,0.5500247911531156
4822,0.9953129250043443,,,-0.015041028853294771,0.5494748549960667
4823,0.9953330683800534,,,-0.014984360064674938,0.5489254680157588
4824,0.9953531459173482,,,-0.01492785509642712,0.548376629668746
4825,0.9953731577646376,,,-0.014871513627115883,0.5478283394120886
4826,0.9953931040701763,,,-0.014815335335551972,0.5472805967033528
4827,0.9954129849820645,,,-0.014759319900792926,0.5467334010006099
4828,0.9954328006482477,,,-0.014703467002143707,0.5461867517624364
4829,0.9954525512165162,,,-0.014647776319157316,0.5456406484479136
4830,0.9954722368345053,,,-0.014592247531635419,0.5450950905166275
4831,0.9954918576496946,,,-0.01453688031962896,0.544550077428668
4832,0.9955114138094082,,,-0.014481674363438779,0.5440056086446291
4833,0.9955309054608142,,,-0.014426629343616227,0.5434616836256084
4834,0.9955503327509244,,,-0.01437174494096378,0.5429183018332068
4835,0.9955696958265942,,,-0.014317020836535653,0.5423754627295281
4836,0.9955889948345222,,,-0.014262456711638415,0.5418331657771789
4837,0.9956082299212505,,,-0.014208052247831586,0.541291410439268
4838,0.9956274012331637,,,-0.014153807126928259,0.5407501961794065
4839,0.9956465089164892,,,-0.014099721030995702,0.540209522461707
4840,0.9956655531172965,,,-0.014045793642355961,0.5396693887507837
4841,0.9956845339814977,,,-0.01399202464358647,0.539129794511752
4842,0.9957034516548464,,,-0.01393841371752065,0.538590739210228
4843,0.9957223062829382,,,-0.013884960547248516,0.5380522223123285
4844,0.99574109801121,,,-0.013831664816117266,0.5375142432846703
4845,0.99575982698494,,,-0.013778526207731892,0.5369768015943703
4846,0.9957784933492474,,,-0.013725544405955772,0.5364398967090448
4847,0.995797097249092,,,-0.013672719094911266,0.5359035280968094
4848,0.9958156388292745,,,-0.013620049958980314,0.5353676952262787
4849,0.9958341182344357,,,-0.01356753668280502,0.534832397566566
4850,0.9958525356090564,,,-0.013515178951288256,0.534297634587283
4851,0.9958708910974575,,,-0.013462976449594245,0.5337634057585392
4852,0.9958891848437995,,,-0.013410928863149152,0.533229710550942
4853,0.9959074169920822,,,-0.01335903587764167,0.5326965484355961
4854,0.9959255876861447,,,-0.01330729717902361,0.5321639188841032
4855,0.995943697069665,,,-0.013255712453510479,0.5316318213685619
4856,0.9959617452861601,,,-0.013204281387582074,0.5311002553615671
4857,0.9959797324789853,,,-0.01315300366798305,0.5305692203362101
4858,0.9959976587913343,,,-0.013101878981723514,0.5300387157660776
4859,0.9960155243662389,,,-0.013050907016079593,0.5295087411252521
4860,0.9960333293465687,,,-0.013000087458594019,0.5289792958883113
4861,0.9960510738750313,,,-0.012949419997076704,0.5284503795303273
4862,0.9960687580941716,,,-0.012898904319605312,0.5279219915268671
4863,0.9960863821463716,,,-0.012848540114525827,0.5273941313539919
4864,0.9961039461738503,,,-0.012798327070453136,0.5268667984882568
4865,0.9961214503186638,,,-0.012748264876271597,0.5263399924067103
4866,0.9961388947227047,,,-0.012698353221135605,0.5258137125868941
4867,0.9961562795277019,,,-0.012648591794470157,0.5252879585068431
4868,0.9961736048752207,,,-0.012598980285971418,0.5247627296450845
4869,0.996190870906662,,,-0.01254951838560729,0.524238025480638
4870,0.996208077763263,,,-0.012500205783617976,0.5237138454930153
4871,0.996225225586096,,,-0.012451042170516536,0.5231901891622193
4872,0.996242314516069,,,-0.01240202723708945,0.5226670559687445
4873,0.9962593446939251,,,-0.012353160674397175,0.5221444453935766
4874,0.996276316260242,,,-0.012304442173774702,0.5216223569181916
4875,0.9962932293554326,,,-0.012255871426832115,0.5211007900245558
4876,0.9963100841197442,,,-0.01220744812545514,0.5205797441951256
4877,0.9963268806932583,,,-0.012159171961805704,0.5200592189128473
4878,0.9963436192158907,,,-0.012111042628322483,0.5195392136611563
4879,0.996360299827391,,,-0.012063059817721445,0.519019727923977
4880,0.9963769226673429,,,-0.01201522322299641,0.5185007611857224
4881,0.9963934878751632,,,-0.011967532537419587,0.517982312931294
4882,0.9964099955901023,,,-0.011919987454542126,0.5174643826460815
4883,0.9964264459512437,,,-0.011872587668194658,0.5169469698159621
4884,0.9964428390975039,,,-0.011825332872487838,0.5164300739273003
4885,0.996459175167632,,,-0.011778222761812883,0.5159136944669478
4886,0.99647545430021,,,-0.011731257030842112,0.5153978309222429
4887,0.9964916766336519,,,-0.01168443537452949,0.5148824827810102
4888,0.9965078423062042,,,-0.011637757488111158,0.5143676495315607
4889,0.9965239514559451,,,-0.011591223067105963,0.5138533306626905
4890,0.9965400042207848,,,-0.011544831807316,0.5133395256636817
4891,0.9965560007384652,,,-0.011498583404827144,0.5128262340243012
4892,0.9965719411465593,,,-0.011452477556009569,0.5123134552348005
4893,0.9965878255824717,,,-0.011406513957518285,0.5118011887859157
4894,0.9966036541834379,,,-0.011360692306293668,0.5112894341688669
4895,0.9966194270865242,,,-0.011315012299561973,0.5107781908753576
4896,0.9966351444286277,,,-0.01126947363483587,0.5102674583975751
4897,0.9966508063464758,,,-0.011224076009914957,0.5097572362281897
4898,0.9966664129766266,,,-0.011178819122886291,0.5092475238603541
4899,0.9966819644554679,,,-0.011133702672124896,0.5087383207877035
4900,0.9966974609192176,,,-0.01108872635629429,0.5082296265043553
4901,0.9967129025039236,,,-0.011043889874346994,0.5077214405049085
4902,0.9967282893454632,,,-0.010999192925525052,0.5072137622844434
4903,0.9967436215795431,,,-0.010954635209360537,0.5067065913385214
4904,0.9967588993416991,,,-0.010910216425676068,0.5061999271631845
4905,0.9967741227672965,,,-0.010865936274585325,0.5056937692549552
4906,0.996789291991529,,,-0.010821794456493542,0.505188117110836
4907,0.9968044071494193,,,-0.010777790672098027,0.5046829702283088
4908,0.9968194683758187,,,-0.01073392462238866,0.5041783281053351
4909,0.9968344758054065,,,-0.0106901960086484,0.5036741902403554
4910,0.9968494295726906,,,-0.010646604532453786,0.5031705561322888
4911,0.9968643298120067,,,-0.010603149895675436,0.5026674252805327
4912,0.9968791766575182,,,-0.010559831800478548,0.5021647971849623
4913,0.9968939702432166,,,-0.010516649949323397,0.5016626713459307
4914,0.9969087107029205,,,-0.010473604044965832,0.5011610472642682
4915,0.9969233981702762,,,-0.010430693790457763,0.500659924441282
4916,0.9969380327787569,,,-0.010387918889147661,0.500159302378756
4917,0.996952614661663,,,-0.010345279044681046,0.49965918057895037
4918,0.9969671439521215,,,-0.010302773961000976,0.49915955854460103
4919,0.9969816207830864,,,-0.010260403342348536,0.49866043577891966
4920,0.996996045287338,,,-0.010218166893263323,0.49816181178559316
4921,0.9970104175974831,,,-0.01017606431858393,0.49766368606878325
4922,0.9970247378459546,,,-0.010134095323448429,0.4971660581331262
4923,0.9970390061650114,,,-0.010092259613294853,0.49666892748373265
4924,0.9970532226867385,,,-0.010050556893861678,0.49617229362618687
4925,0.9970673875430462,,,-0.010008986871188291,0.4956761560665468
4926,0.9970815008656709,,,-0.009967549251615483,0.4951805143113435
4927,0.9970955627861741,,,-0.00992624374178591,0.49468536786758094
4928,0.9971095734359423,,,-0.009885070048644569,0.4941907162427355
4929,0.9971235329461877,,,-0.009844027879439277,0.4936965589447556
4930,0.997137441447947,,,-0.00980311694172113,0.4932028954820617
4931,0.9971512990720818,,,-0.009762336943344978,0.4927097253635455
4932,0.9971651059492783,,,-0.009721687592469892,0.4922170480985699
4933,0.9971788622100474,,,-0.009681168597559625,0.49172486319696845
4934,0.997192567984724,,,-0.009640779667383081,0.49123317016904516
4935,0.9972062234034674,,,-0.00960052051101477,0.4907419685255742
4936,0.997219828596261,,,-0.009560390837835274,0.4902512577777994
4937,0.9972333836929118,,,-0.0095203903575317,0.4897610374374337
4938,0.9972468888230509,,,-0.009480518780098148,0.48927130701665944
4939,0.9972603441161327,,,-0.009440775815836149,0.4887820660281274
4940,0.9972737497014353,,,-0.009401161175355133,0.4882933139849567
4941,0.99728710570806,,,-0.009361674569572874,0.48780505040073446
4942,0.9973004122649312,,,-0.009322315709715945,0.4873172747895155
4943,0.9973136695007964,,,-0.009283084307320163,0.4868299866658217
4944,0.997326877544226,,,-0.009243980074231033,0.4863431855446421
4945,0.9973400365236131,,,-0.009205002722604202,0.48585687094143215
4946,0.9973531465671736,,,-0.009166151964905897,0.4853710423721135
4947,0.9973662078029454,,,-0.009127427513913367,0.48488569935307374
4948,0.9973792203587892,,,-0.009088829082715326,0.484400841401166
4949,0.9973921843623879,,,-0.009050356384712388,0.4839164680337086
4950,0.9974050999412459,,,-0.009012009133617507,0.4834325787684845
4951,0.9974179672226903,,,-0.008973787043456413,0.48294917312374125
4952,0.9974307863338694,,,-0.008935689828568042,0.48246625061819054
4953,0.9974435574017534,,,-0.008897717203604974,0.48198381077100777
4954,0.997456280553134,,,-0.008859868883533857,0.4815018531018318
4955,0.9974689559146243,,,-0.00882214458363584,0.4810203771307645
4956,0.9974815836126586,,,-0.008784544019506997,0.4805393823783704
4957,0.9974941637734925,,,-0.008747066907058756,0.48005886836567646
4958,0.9975066965232026,,,-0.008709712962518316,0.47957883461417156
4959,0.9975191819876862,,,-0.008672481902429082,0.47909928064580626
4960,0.9975316202926614,,,-0.008635373443651067,0.4786202059829925
4961,0.9975440115636671,,,-0.008598387303361328,0.478141610148603
4962,0.9975563559260625,,,-0.008561523199054372,0.47766349266597125
4963,0.9975686535050274,,,-0.008524780848542577,0.4771858530588907
4964,0.9975809044255617,,,-0.008488159969956603,0.47670869085161494
4965,0.9975931088124854,,,-0.008451660281745803,0.4762320055688569
4966,0.9976052667904388,,,-0.008415281502678637,0.4757557967357888
4967,0.9976173784838819,,,-0.008379023351843075,0.4752800638780416
4968,0.9976294440170943,,,-0.008342885548647008,0.47480480652170476
4969,0.9976414635141757,,,-0.008306867812818652,0.47433002419332576
4970,0.997653437099045,,,-0.008270969864406952,0.47385571641990987
4971,0.9976653648954407,,,-0.008235191423781983,0.4733818827289198
4972,0.9976772470269205,,,-0.008199532211635349,0.47290852264827515
4973,0.9976890836168616,,,-0.008163991948980584,0.4724356357063524
4974,0.9977008747884599,,,-0.008128570357153546,0.47196322143198416
4975,0.9977126206647305,,,-0.008093267157812813,0.4714912793544591
4976,0.9977243213685073,,,-0.008058082072940074,0.47101980900352153
4977,0.997735977022443,,,-0.008023014824840526,0.4705488099093709
4978,0.997747587749009,,,-0.00798806513614326,0.47007828160266174
4979,0.9977591536704951,,,-0.007953232729801649,0.4696082236145029
4980,0.9977706749090095,,,-0.007918517329093731,0.46913863547645746
4981,0.9977821515864791,,,-0.007883918657622604,0.4686695167205424
4982,0.9977935838246487,,,-0.007849436439316796,0.46820086687922824
4983,0.9978049717450811,,,-0.007815070398430655,0.4677326854854384
4984,0.9978163154691575,,,-0.007780820259544727,0.46726497207254913
4985,0.9978276151180767,,,-0.007746685747566129,0.4667977261743891
4986,0.9978388708128555,,,-0.007712666587728933,0.46633094732523894
4987,0.9978500826743283,,,-0.007678762505594534,0.46586463505983117
4988,0.9978612508231471,,,-0.007644973227052022,0.46539878891334935
4989,0.9978723753797817,,,-0.007611298478318559,0.46493340842142816
4990,0.9978834564645188,,,-0.00757773798593974,0.46446849312015287
4991,0.9978944941974628,,,-0.007544291476789966,0.46400404254605887
4992,0.9979054886985351,,,-0.0075109586780728104,0.4635400562361316
4993,0.9979164400874745,,,-0.00747773931732138,0.46307653372780583
4994,0.9979273484838365,,,-0.007444633122398677,0.4626134745589657
4995,0.9979382140069938,,,-0.007411639821497961,0.46215087826794393
4996,0.9979490367761358,,,-0.007378759143143105,0.4616887443935219
4997,0.9979598169102687,,,-0.007345990816188959,0.461227072474929
4998,0.9979705545282154,,,-0.0073133345698216945,0.4607658620518422
4999,0.9979812497486154,,,-0.00728079013355917,0.46030511266438606
5000,0.9979919026899244,,,-0.007248357237251272,0.459844823853132
5001,0.998002513470415,,,-0.007216035611080271,0.4593849951590981
5002,0.9980130822081758,,,-0.0071838249855611675,0.45892562612374876
5003,0.9980236090211114,,,-0.007151725091542042,0.45846671628899427
5004,0.9980340940269431,,,-0.007119735660204392,0.45800826519719046
5005,0.9980445373432077,,,-0.007087856423063486,0.45755027239113844
5006,0.9980549390872585,,,-0.007056087111968696,0.4570927374140841
5007,0.9980652993762643,,,-0.00702442745910384,0.4566356598097179
5008,0.9980756183272098,,,-0.006992877196987515,0.45617903912217417
5009,0.9980858960568955,,,-0.006961436058473443,0.4557228748960313
5010,0.9980961326819374,,,-0.006930103776750799,0.4552671666763109
5011,0.9981063283187674,,,-0.006898880085344543,0.45481191400847765
5012,0.9981164830836327,,,-0.006867764718115748,0.4543571164384389
5013,0.9981265970925957,,,-0.0068367574092619374,0.4539027735125444
5014,0.9981366704615344,,,-0.006805857893317405,0.45344888477758566
5015,0.9981467033061422,,,-0.006775065905153542,0.4529954497807959
5016,0.9981566957419273,,,-0.0067443811799791625,0.45254246806984966
5017,0.9981666478842134,,,-0.006713803453340824,0.45208993919286217
5018,0.9981765598481389,,,-0.006683332461123148,0.45163786269838924
5019,0.9981864317486576,,,-0.006652967939549138,0.4511862381354268
5020,0.9981962637005378,,,-0.006622709625180494,0.45073506505341054
5021,0.998206055818363,,,-0.006592557254917933,0.4502843430022157
5022,0.9982158082165311,,,-0.006562510566001494,0.44983407153215643
5023,0.9982255210092551,,,-0.006532569296010857,0.44938425019398553
5024,0.9982351943105624,,,-0.006502733182865646,0.4489348785388943
5025,0.998244828234295,,,-0.006473001964825742,0.4484859561185119
5026,0.9982544228941094,,,-0.006443375380491586,0.4480374824849051
5027,0.9982639784034766,,,-0.006413853168804482,0.4475894571905779
5028,0.998273494875682,,,-0.006384435069046905,0.44714187978847125
5029,0.9982829724238252,,,-0.006355120820842797,0.44669474983196256
5030,0.9982924111608203,,,-0.006325910164157864,0.4462480668748654
5031,0.9983018111993955,,,-0.0062968028392998785,0.4458018304714291
5032,0.998311172652093,,,-0.006267798586918969,0.44535604017633845
5033,0.9983204956312692,,,-0.006238897148007919,0.4449106955447134
5034,0.9983297802490947,,,-0.006210098263902454,0.4444657961321084
5035,0.9983390266175537,,,-0.006181401676281536,0.44402134149451233
5036,0.9983482348484446,,,-0.006152807127167647,0.44357733118834813
5037,0.9983574050533797,,,-0.006124314358927078,0.4431337647704723
5038,0.9983665373437849,,,-0.006095923114270214,0.44269064179817447
5039,0.9983756318309,,,-0.006067633136251814,0.44224796182917725
5040,0.9983846886257784,,,-0.006039444168271297,0.44180572442163585
5041,0.9983937078392875,,,-0.0060113559540730145,0.4413639291341375
5042,0.9984026895821079,,,-0.0059833682377465345,0.4409225755257014
5043,0.9984116339647339,,,-0.0059554807637269115,0.440481663155778
5044,0.9984205410974732,,,-0.005927693276794965,0.44004119158424887
5045,0.9984294110904475,,,-0.005900005522077551,0.4396011603714263
5046,0.9984382440535912,,,-0.005872417245047826,0.439161569078053
5047,0.9984470400966524,,,-0.005844928191525525,0.4387224172653015
5048,0.9984557993291928,,,-0.005817538107677221,0.43828370449477405
5049,0.998464521860587,,,-0.005790246740016592,0.4378454303285021
5050,0.9984732078000229,,,-0.005763053835404687,0.43740759432894605
5051,0.9984818572565018,,,-0.0057359591410501825,0.43697019605899484
5052,0.9984904703388381,,,-0.005708962404509643,0.4365332350819654
5053,0.9984990471556592,,,-0.005682063373687785,0.43609671096160263
5054,0.9985075878154057,,,-0.005655261796837723,0.43566062326207877
5055,0.9985160924263313,,,-0.005628557422561232,0.4352249715479932
5056,0.9985245610965028,,,-0.005601949999808994,0.4347897553843719
5057,0.9985329939337996,,,-0.005575439277880848,0.4343549743366674
5058,0.9985413910459144,,,-0.005549025006426048,0.4339206279707579
5059,0.9985497525403528,,,-0.005522706935443499,0.43348671585294746
5060,0.9985580785244331,,,-0.005496484815282007,0.4330532375499653
5061,0.9985663691052866,,,-0.005470358396640525,0.4326201926289655
5062,0.9985746243898573,,,-0.005444327430568387,0.4321875806575267
5063,0.9985828444849022,,,-0.005418391668465557,0.4317554012036517
5064,0.9985910294969909,,,-0.005392550862082858,0.43132365383576704
5065,0.9985991795325055,,,-0.005366804763522212,0.4308923381227228
5066,0.9986072946976414,,,-0.005341153125236879,0.430461453633792
5067,0.9986153750984063,,,-0.005315595700031682,0.43003099993867044
5068,0.9986234208406204,,,-0.00529013224106324,0.42960097660747626
5069,0.998631432029917,,,-0.0052647625018402,0.4291713832107495
5070,0.9986394087717416,,,-0.005239486236223458,0.4287422193194519
5071,0.9986473511713525,,,-0.005214303198426392,0.4283134845049664
5072,0.9986552593338204,,,-0.005189213143015077,0.4278851783390969
5073,0.9986631333640287,,,-0.005164215824908519,0.42745730039406765
5074,0.9986709733666732,,,-0.00513931099937886,0.4270298502425232
5075,0.9986787794462624,,,-0.0051144984220516075,0.42660282745752787
5076,0.9986865517071171,,,-0.005089777848905843,0.42617623161256535
5077,0.9986942902533706,,,-0.005065149036274444,0.42575006228153844
5078,0.9987019951889688,,,-0.0050406117408442865,0.4253243190387687
5079,0.9987096666176698,,,-0.005016165719656467,0.42489900145899595
5080,0.9987173046430443,,,-0.004991810730106507,0.42447410911737793
5081,0.9987249093684754,,,-0.004967546529944555,0.42404964158949005
5082,0.9987324808971584,,,-0.0049433728772756026,0.423625598451325
5083,0.9987400193321013,,,-0.004919289530559679,0.42320197927929243
5084,0.9987475247761244,,,-0.004895296248612056,0.42277878365021826
5085,0.9987549973318601,,,-0.004871392790603447,0.4223560111413448
5086,0.9987624371017535,,,-0.004847578916060209,0.42193366133033006
5087,0.9987698441880619,,,-0.004823854384864537,0.4215117337952475
5088,0.998777218692855,,,-0.0048002189572546525,0.4210902281145855
5089,0.9987845607180146,,,-0.004776672393825007,0.4206691438672474
5090,0.9987918703652352,,,-0.004753214455526466,0.42024848063255077
5091,0.9987991477360234,,,-0.004729844903666497,0.41982823799022706
5092,0.9988063929316983,,,-0.004706563499909364,0.41940841552042146
5093,0.998813606053391,,,-0.004683370006276305,0.4189890128036924
5094,0.9988207872020453,,,-0.0046602641851457224,0.41857002942101107
5095,0.9988279364784171,,,-0.0046372457992533605,0.4181514649537613
5096,0.9988350539830747,,,-0.004614314611692485,0.41773331898373917
5097,0.9988421398163987,,,-0.004591470385914066,0.4173155910931523
5098,0.998849194078582,,,-0.004568712885726952,0.41689828086462
5099,0.9988562168696299,,,-0.004546041875298043,0.41648138788117245
5100,0.99886320828936,,,-0.004523457119152465,0.41606491172625065
5101,0.9988701684374023,,,-0.004500958382173739,0.415648851983706
5102,0.9988770974131989,,,-0.004478545429603955,0.41523320823779974
5103,0.9988839953160045,,,-0.004456218027043939,0.41481798007320286
5104,0.9988908622448861,,,-0.004433975940453409,0.41440316707499547
5105,0.9988976982987231,,,-0.004411818936151154,0.41398876882866675
5106,0.9989045035762072,,,-0.00438974678081518,0.4135747849201143
5107,0.9989112781758426,,,-0.004367759241482885,0.41316121493564384
5108,0.9989180221959457,,,-0.0043458560855512045,0.41274805846196905
5109,0.9989247357346455,,,-0.004324037080776778,0.41233531508621096
5110,0.9989314188898832,,,-0.004302301995276101,0.4119229843958977
5111,0.9989380717594128,,,-0.004280650597525674,0.41151106597896414
5112,0.9989446944408005,,,-0.004259082656362161,0.41109955942375154
5113,0.9989512870314249,,,-0.00423759794098253,0.4106884643190071
5114,0.9989578496284772,,,-0.004216196220944207,0.4102777802538836
5115,0.9989643823289612,,,-0.00419487726616522,0.4098675068179393
5116,0.9989708852296931,,,-0.0041736408469243425,0.40945764360113723
5117,0.9989773584273016,,,-0.004152486733861237,0.409048190193845
5118,0.998983802018228,,,-0.004131414697976592,0.4086391461868343
5119,0.9989902160987262,,,-0.004110424510632266,0.4082305111712808
5120,0.9989966007648627,,,-0.00408951594355142,0.40782228473876364
5121,0.9990029561125168,,,-0.004068688768818651,0.40741446648126495
5122,0.99900928223738,,,-0.004047942758880129,0.4070070559911697
5123,0.9990155792349568,,,-0.004027277686543729,0.40660005286126527
5124,0.9990218472005644,,,-0.004006693324979156,0.406193456684741
5125,0.9990280862293327,,,-0.0039861894477180755,0.40578726705518786
5126,0.9990342964162043,,,-0.00396576582865424,0.40538148356659814
5127,0.9990404778559346,,,-0.0039454222420436105,0.4049761058133652
5128,0.9990466306430918,,,-0.0039251584625044815,0.4045711333902828
5129,0.999052754872057,,,-0.0039049742650175997,0.404166565892545
5130,0.9990588506370242,,,-0.0038848694249262834,0.40376240291574583
5131,0.9990649180319999,,,-0.0038648437179365377,0.4033586440558786
5132,0.9990709571508042,,,-0.003844896920117174,0.4029552889093359
5133,0.9990769680870697,,,-0.0038250288078999183,0.40255233707290905
5134,0.9990829509342422,,,-0.0038052391580795254,0.40214978814378777
5135,0.9990889057855803,,,-0.003785527747813887,0.40174764171955996
5136,0.999094832734156,,,-0.003765894354624142,0.401345897398211
5137,0.9991007318728542,,,-0.0037463387563947807,0.4009445547781239
5138,0.999106603294373,,,-0.003726860731373749,0.40054361345807843
5139,0.9991124470912236,,,-0.0037074600581725524,0.40014307303725105
5140,0.9991182633557306,,,-0.003688136515766355,0.39974293311521447
5141,0.9991240521800318,,,-0.003668889883494079,0.3993431932919373
5142,0.9991298136560782,,,-0.003649719941058503,0.3989438531677837
5143,0.9991355478756343,,,-0.003630626468526353,0.39854491234351297
5144,0.9991412549302779,,,-0.003611609246328404,0.39814637042027934
5145,0.9991469349114004,,,-0.003592668055259561,0.3977482269996314
5146,0.9991525879102063,,,-0.003573802676478958,0.397350481683512
5147,0.9991582140177141,,,-0.0035550128915100418,0.39695313407425753
5148,0.9991638133247555,,,-0.0035362984822406595,0.3965561837745978
5149,0.9991693859219759,,,-0.0035176592309231437,0.3961596303876558
5150,0.9991749318998346,,,-0.003499094920174394,0.39576347351694713
5151,0.9991804513486044,,,-0.003480605332975957,0.39536771276637966
5152,0.9991859443583719,,,-0.0034621902526741086,0.39497234774025325
5153,0.9991914110190376,,,-0.003443849462979929,0.3945773780432593
5154,0.9991968514203158,,,-0.003425582747969377,0.3941828032804806
5155,0.9992022656517346,,,-0.0034073898920833675,0.3937886230573907
5156,0.9992076538026363,,,-0.003389270680127841,0.39339483697985367
5157,0.9992130159621772,,,-0.0033712248972738363,0.3930014446541238
5158,0.9992183522193274,,,-0.0033532523290575552,0.39260844568684516
5159,0.9992236626628717,,,-0.003335352761380431,0.39221583968505136
5160,0.9992289473814084,,,-0.0033175259805091934,0.39182362625616496
5161,0.9992342064633507,,,-0.0032997717730759327,0.39143180500799735
5162,0.9992394399969257,,,-0.0032820899260781592,0.3910403755487483
5163,0.9992446480701749,,,-0.0032644802268788644,0.39064933748700564
5164,0.9992498307709544,,,-0.003246942463206578,0.39025869043174477
5165,0.9992549881869348,,,-0.003229476423155424,0.3898684339923285
5166,0.9992601204056012,,,-0.0032120818951851737,0.3894785677785066
5167,0.9992652275142532,,,-0.003194758668121298,0.38908909140041537
5168,0.9992703096000052,,,-0.0031775065311550215,0.3887000044685774
5169,0.9992753667497862,,,-0.0031603252738433675,0.3883113065939012
5170,0.9992803990503404,,,-0.003143214686109209,0.38792299738768066
5171,0.9992854065882264,,,-0.0031261745582413093,0.38753507646159513
5172,0.999290389449818,,,-0.003109204680894368,0.3871475434277085
5173,0.9992953477213039,,,-0.0030923048450890653,0.38676039789846933
5174,0.9993002814886881,,,-0.0030754748422120964,0.38637363948671016
5175,0.9993051908377895,,,-0.003058714464016213,0.3859872678056474
5176,0.9993100758542421,,,-0.003042023502620262,0.38560128246888087
5177,0.9993149366234958,,,-0.0030254017505092165,0.3852156830903933
5178,0.9993197732308152,,,-0.003008849000534208,0.38483046928455017
5179,0.9993245857612807,,,-0.002992365045912562,0.38444564066609943
5180,0.999329374299788,,,-0.0029759496802278223,0.3840611968501709
5181,0.9993341389310485,,,-0.0029596026974297845,0.38367713745227605
5182,0.9993388797395892,,,-0.0029433238918345167,0.3832934620883076
5183,0.999343596809753,,,-0.0029271130581243867,0.3829101703745393
5184,0.9993482902256984,,,-0.002910969991348082,0.3825272619276253
5185,0.9993529600713998,,,-0.002894894486920634,0.3821447363646002
5186,0.9993576064306477,,,-0.0028788863406234307,0.3817625933028783
5187,0.9993622293870487,,,-0.0028629453486042414,0.38138083236025344
5188,0.9993668290240252,,,-0.0028470713073772257,0.3809994531548986
5189,0.9993714054248161,,,-0.0028312640138229497,0.38061845530536564
5190,0.9993759586724764,,,-0.002815523265188399,0.38023783843058484
5191,0.9993804888498777,,,-0.0027998488590869866,0.3798576021498645
5192,0.9993849960397079,,,-0.002784240593498562,0.3794777460828909
5193,0.9993894803244713,,,-0.0027686982667694186,0.37909826984972755
5194,0.999393941786489,,,-0.002753221677612299,0.37871917307081493
5195,0.9993983805078989,,,-0.002737810625106396,0.37834045536697036
5196,0.9994027965706554,,,-0.0027224649086973547,0.3779621163593875
5197,0.9994071900565302,,,-0.0027071843281972724,0.3775841556696358
5198,0.9994115610471116,,,-0.002691968683784695,0.3772065729196607
5199,0.999415909623805,,,-0.002676817776004616,0.3768293677317826
5200,0.9994202358678331,,,-0.00266173140576847,0.37645253972869713
5201,0.9994245398602358,,,-0.002646709374354123,0.37607608853347424
5202,0.9994288216818702,,,-0.002631751483405865,0.37570001376955825
5203,0.9994330814134109,,,-0.0026168575349344025,0.37532431506076736
5204,0.9994373191353502,,,-0.00260202733131684,0.37494899203129334
5205,0.9994415349279976,,,-0.0025872606752966685,0.37457404430570107
5206,0.9994457288714808,,,-0.0025725573699837503,0.37419947150892835
5207,0.9994499010457447,,,-0.002557917218854298,0.3738252732662854
5208,0.9994540515305528,,,-0.0025433400257508605,0.3734514492034545
5209,0.999458180405486,,,-0.0025288255948822964,0.37307799894648996
5210,0.9994622877499435,,,-0.0025143737308237542,0.3727049221218174
5211,0.9994663736431428,,,-0.0024999842385166468,0.3723322183562334
5212,0.9994704381641196,,,-0.0024856569232686236,0.37195988727690554
5213,0.9994744813917279,,,-0.002471391590753545,0.3715879285113716
5214,0.9994785034046402,,,-0.0024571880470114515,0.3712163416875395
5215,0.9994825042813477,,,-0.0024430460984485335,0.3708451264336868
5216,0.9994864841001602,,,-0.002428965551837095,0.37047428237846036
5217,0.9994904429392063,,,-0.0024149462143155205,0.3701038091508762
5218,0.9994943808764337,,,-0.0024009878933882395,0.36973370638031894
5219,0.9994982979896088,,,-0.0023870903969256826,0.3693639736965414
5220,0.9995021943563172,,,-0.0023732535331642507,0.3689946107296645
5221,0.9995060700539637,,,-0.002359477110706265,0.36862561711017666
5222,0.9995099251597728,,,-0.0023457609385199273,0.3682569924689337
5223,0.9995137597507877,,,-0.0023321048259392725,0.36788873643715814
5224,0.9995175739038717,,,-0.0023185085826641257,0.3675208486464393
5225,0.9995213676957077,,,-0.0023049720187600497,0.36715332872873263
5226,0.9995251412027979,,,-0.0022914949446582963,0.36678617631635946
5227,0.999528894501465,,,-0.0022780771711557552,0.3664193910420066
5228,0.9995326276678512,,,-0.002264718509414898,0.3660529725387262
5229,0.9995363407779192,,,-0.0022514187709637245,0.36568692043993506
5230,0.9995400339074515,,,-0.0022381777676957035,0.36532123437941466
5231,0.9995437071320511,,,-0.0022249953118697163,0.36495591399131044
5232,0.9995473605271414,,,-0.0022118712161099973,0.3645909589101318
5233,0.9995509941679664,,,-0.002198805293406069,0.36422636877075165
5234,0.9995546081295908,,,-0.002185797357112679,0.3638621432084058
5235,0.9995582024869001,,,-0.0021728472209497354,0.3634982818586931
5236,0.9995617773146004,,,-0.0021599546990022363,0.36313478435757457
5237,0.9995653326872191,,,-0.002147119605720206,0.3627716503413735
5238,0.9995688686791048,,,-0.002134341755918621,0.3624088794467748
5239,0.999572385364427,,,-0.00212162096477734,0.3620464713108249
5240,0.999575882817177,,,-0.0021089570478410257,0.36168442557093117
5241,0.9995793611111674,,,-0.002096349821019075,0.36132274186486174
5242,0.9995828203200323,,,-0.0020837991005855363,0.3609614198307452
5243,0.9995862605172278,,,-0.002071304703179035,0.36060045910707
5244,0.9995896817760315,,,-0.0020588664458026894,0.3602398593326844
5245,0.9995930841695434,,,-0.002046484145824033,0.35987962014679586
5246,0.9995964677706853,,,-0.0020341576209749247,0.35951974118897106
5247,0.9995998326522015,,,-0.002021886689351469,0.3591602220991351
5248,0.9996031788866585,,,-0.002009671169413923,0.3588010625175716
5249,0.9996065065464453,,,-0.001997510879986614,0.358442262084922
5250,0.9996098157037737,,,-0.001985405640257841,0.3580838204421855
5251,0.9996131064306779,,,-0.0019733552697797883,0.3577257372307185
5252,0.9996163787990153,,,-0.001961359588468432,0.35736801209223434
5253,0.9996196328804663,,,-0.0019494184166034413,0.357010644668803
5254,0.9996228687465342,,,-0.001937531574828081,0.35665363460285077
5255,0.9996260864685457,,,-0.0019256988841491168,0.35629698153715983
5256,0.9996292861176509,,,-0.0019139201659367122,0.355940685114868
5257,0.9996324677648236,,,-0.0019021952419243271,0.35558474497946824
5258,0.9996356314808611,,,-0.0018905239342086116,0.35522916077480854
5259,0.9996387773363844,,,-0.0018789060652493034,0.35487393214509144
5260,0.9996419054018387,,,-0.0018673414578691224,0.35451905873487355
5261,0.9996450157474931,,,-0.0018558299352536564,0.3541645401890657
5262,0.999648108443441,,,-0.001844371320951258,0.3538103761529319
5263,0.9996511835596001,,,-0.0018329654388729256,0.35345656627208966
5264,0.9996542411657127,,,-0.0018216121132921936,0.3531031101925092
5265,0.9996572813313455,,,-0.0018103111688450183,0.3527500075605134
5266,0.9996603041258901,,,-0.001799062430529659,0.3523972580227772
5267,0.9996633096185631,,,-0.0017878657237065598,0.3520448612263276
5268,0.999666297878406,,,-0.0017767208740982325,0.351692816818543
5269,0.9996692689742857,,,-0.0017656277077891303,0.3513411244471529
5270,0.999672222974894,,,-0.001754586051225526,0.35098978376023776
5271,0.9996751599487487,,,-0.0017435957312153907,0.35063879440622864
5272,0.9996780799641928,,,-0.0017326565749282634,0.3502881560339067
5273,0.9996809830893953,,,-0.001721768409895125,0.3499378682924028
5274,0.9996838693923512,,,-0.001710931064008267,0.34958793083119755
5275,0.9996867389408812,,,-0.0017001443655211602,0.3492383433001206
5276,0.9996895918026324,,,-0.0016894081430483242,0.3488891053493504
5277,0.9996924280450783,,,-0.0016787222255651932,0.34854021662941403
5278,0.9996952477355188,,,-0.0016680864424079753,0.3481916767911867
5279,0.9996980509410804,,,-0.0016575006232735204,0.3478434854858913
5280,0.9997008377287167,,,-0.0016469645982191763,0.34749564236509833
5281,0.9997036081652076,,,-0.0016364781976626515,0.3471481470807255
5282,0.9997063623171609,,,-0.001626041252381872,0.34680099928503727
5283,0.999709100251011,,,-0.001615653593514835,0.3464541986306446
5284,0.99971182203302,,,-0.0016053150525594667,0.3461077447705046
5285,0.9997145277292774,,,-0.0015950254613734721,0.34576163735792026
5286,0.9997172174057005,,,-0.00158478465217419,0.34541587604654
5287,0.9997198911280345,,,-0.0015745924575384378,0.34507046049035744
5288,0.9997225489618525,,,-0.0015644487104023634,0.34472539034371097
5289,0.9997251909725557,,,-0.0015543532440612893,0.3443806652612836
5290,0.9997278172253738,,,-0.0015443058921695615,0.34403628489810234
5291,0.9997304277853649,,,-0.001534306488740389,0.3436922489095381
5292,0.9997330227174157,,,-0.0015243548681456865,0.3433485569513053
5293,0.9997356020862417,,,-0.0015144508651159154,0.3430052086794615
5294,0.9997381659563872,,,-0.0015045943147399226,0.34266220375040707
5295,0.9997407143922259,,,-0.0014947850524647795,0.3423195418208849
5296,0.9997432474579606,,,-0.0014850229140956138,0.34197722254798013
5297,0.9997457652176236,,,-0.0014753077357954453,0.3416352455891196
5298,0.9997482677350766,,,-0.001465639354085019,0.3412936106020718
5299,0.9997507550740112,,,-0.0014560176058426362,0.34095231724494623
5300,0.9997532272979489,,,-0.0014464423283039852,0.3406113651761934
5301,0.9997556844702413,,,-0.001436913359061967,0.3402707540546042
5302,0.9997581266540702,,,-0.0014274305360665207,0.3399304835393099
5303,0.9997605539124477,,,-0.0014179936976244523,0.33959055328978144
5304,0.9997629663082166,,,-0.0014086026823992544,0.33925096296582935
5305,0.9997653639040505,,,-0.0013992573294109298,0.3389117122276034
5306,0.9997677467624536,,,-0.0013899574780358113,0.3385728007355922
5307,0.9997701149457614,,,-0.001380702968006381,0.3382342281506229
5308,0.9997724685161407,,,-0.001371493639411089,0.33789599413386084
5309,0.9997748075355893,,,-0.0013623293326941652,0.3375580983468093
5310,0.9997771320659371,,,-0.0013532098886554367,0.33722054045130906
5311,0.9997794421688454,,,-0.0013441351484501402,0.3368833201095382
5312,0.9997817379058075,,,-0.001335104953588731,0.33654643698401165
5313,0.9997840193381486,,,-0.0013261191459366939,0.336209890737581
5314,0.9997862865270265,,,-0.0013171775677143541,0.335873681033434
5315,0.999788539533431,,,-0.0013082800614966806,0.3355378075350944
5316,0.999790778418185,,,-0.0012994264702130926,0.3352022699064214
5317,0.9997930032419436,,,-0.001290616637147262,0.33486706781160963
5318,0.9997952140651953,,,-0.0012818504059369166,0.33453220091518865
5319,0.9997974109482614,,,-0.0012731276205736406,0.33419766888202257
5320,0.9997995939512965,,,-0.001264448125402677,0.3338634713773098
5321,0.9998017631342889,,,-0.0012558117651227207,0.33352960806658283
5322,0.9998039185570604,,,-0.001247218384785715,0.33319607861570766
5323,0.9998060602792666,,,-0.0012386678297966495,0.33286288269088365
5324,0.999808188360397,,,-0.001230159945913352,0.33253001995864323
5325,0.9998103028597755,,,-0.001221694579246279,0.3321974900858514
5326,0.99981240383656,,,-0.001213271576258307,0.3318652927397056
5327,0.9998144913497433,,,-0.001204890783764524,0.3315334275877352
5328,0.9998165654581528,,,-0.0011965520489320123,0.3312018942978013
5329,0.9998186262204505,,,-0.0011882552192796366,0.3308706925380964
5330,0.9998206736951337,,,-0.0011800001426778305,0.3305398219771441
5331,0.9998227079405351,,,-0.0011717866673483777,0.33020928228379864
5332,0.9998247290148224,,,-0.0011636146418641925,0.32987907312724474
5333,0.9998267369759994,,,-0.0011554839151491018,0.32954919417699713
5334,0.9998287318819054,,,-0.0011473943364776217,0.3292196451029004
5335,0.9998307137902155,,,-0.0011393457554747385,0.3288904255751286
5336,0.9998326827584414,,,-0.0011313380221156814,0.3285615352641848
5337,0.9998346388439308,,,-0.0011233709867256966,0.3282329738409009
5338,0.999836582103868,,,-0.0011154444999798244,0.32790474097643724
5339,0.9998385125952742,,,-0.001107558412902665,0.32757683634228246
5340,0.9998404303750074,,,-0.0010997125768681536,0.3272492596102529
5341,0.9998423354997624,,,-0.0010919068435993249,0.32692201045249253
5342,0.9998442280260718,,,-0.001084141065168083,0.3265950885414724
5343,0.999846108010305,,,-0.001076415093994967,0.32626849354999055
5344,0.9998479755086699,,,-0.0010687287828489165,0.32594222515117155
5345,0.9998498305772114,,,-0.0010610819848470296,0.3256162830184661
5346,0.999851673271813,,,-0.0010534745534543305,0.32529066682565105
5347,0.9998535036481961,,,-0.0010459063424835269,0.3249653762468287
5348,0.9998553217619207,,,-0.001038377206094769,0.3246404109564266
5349,0.9998571276683853,,,-0.001030886998795407,0.32431577062919736
5350,0.9998589214228272,,,-0.0010234355754397467,0.3239914549402182
5351,0.9998607030803227,,,-0.0010160227912288057,0.3236674635648906
5352,0.9998624726957873,,,-0.0010086485017100633,0.32334379617894027
5353,0.999864230323976,,,-0.0010013125627772164,0.3230204524584164
5354,0.999865976019483,,,-0.0009940148306699247,0.3226974320796916
5355,0.9998677098367426,,,-0.000986755161973565,0.3223747347194616
5356,0.9998694318300289,,,-0.0009795334136189781,0.32205236005474486
5357,0.9998711420534561,,,-0.0009723494428822112,0.3217303077628823
5358,0.9998728405609789,,,-0.0009652031073842678,0.3214085775215369
5359,0.9998745274063925,,,-0.0009580942650908468,0.32108716900869344
5360,0.9998762026433328,,,-0.0009510227743120884,0.3207660819026582
5361,0.9998778663252766,,,-0.0009439884937023122,0.32044531588205866
5362,0.999879518505542,,,-0.0009369912822597562,0.32012487062584316
5363,0.9998811592372883,,,-0.0009300309993263183,0.3198047458132805
5364,0.9998827885735162,,,-0.0009231075045872898,0.31948494112395975
5365,0.9998844065670685,,,-0.0009162206580710929,0.3191654562377899
5366,0.9998860132706294,,,-0.0009093703201490129,0.3188462908349995
5367,0.9998876087367259,,,-0.0009025563515349343,0.31852744459613636
5368,0.9998891930177268,,,-0.0008957786132850672,0.3182089172020674
5369,0.9998907661658437,,,-0.0008890369667976801,0.3178907083339781
5370,0.9998923282331308,,,-0.0008823312738128289,0.3175728176733722
5371,0.9998938792714853,,,-0.0008756613964120848,0.3172552449020717
5372,0.9998954193326477,,,-0.0008690271970182576,0.31693798970221604
5373,0.9998969484682015,,,-0.0008624285383951211,0.31662105175626226
5374,0.999898466729574,,,-0.000855865283647139,0.31630443074698444
5375,0.9998999741680363,,,-0.0008493372962191866,0.3159881263574735
5376,0.9999014708347034,,,-0.0008428444398962681,0.31567213827113666
5377,0.9999029567805343,,,-0.0008363865788032378,0.3153564661716975
5378,0.9999044320563326,,,-0.0008299635774045192,0.3150411097431953
5379,0.9999058967127464,,,-0.0008235753005038217,0.3147260686699851
5380,0.9999073508002686,,,-0.0008172216132438548,0.3144113426367368
5381,0.999908794369237,,,-0.0008109023811060442,0.3140969313284356
5382,0.9999102274698347,,,-0.0008046174699102446,0.313782834430381
5383,0.9999116501520903,,,-0.0007983667458144479,0.31346905162818706
5384,0.9999130624658779,,,-0.0007921500753144981,0.31315558260778165
5385,0.9999144644609174,,,-0.0007859673252437959,0.3128424270554064
5386,0.9999158561867747,,,-0.0007798183627730107,0.31252958465761627
5387,0.9999172376928622,,,-0.0007737030554097866,0.3122170551012794
5388,0.9999186090284387,,,-0.0007676212709984443,0.31190483807357655
5389,0.9999199702426094,,,-0.0007615728777196867,0.31159293326200094
5390,0.9999213213843265,,,-0.0007555577440903024,0.311281340354358
5391,0.9999226625023896,,,-0.0007495757389628685,0.31097005903876496
5392,0.9999239936454453,,,-0.0007436267315254479,0.3106590890036506
5393,0.9999253148619877,,,-0.0007377105913012881,0.3103484299377548
5394,0.9999266262003588,,,-0.0007318271881485222,0.3100380815301285
5395,0.9999279277087485,,,-0.0007259763922598616,0.3097280434701333
5396,0.999929219435195,,,-0.000720158074162293,0.3094183154474408
5397,0.9999305014275846,,,-0.0007143721047167706,0.30910889715203294
5398,0.9999317737336523,,,-0.0007086183551179119,0.3087997882742011
5399,0.999933036400982,,,-0.0007028966968936872,0.3084909885045462
5400,0.9999342894770066,,,-0.0006972070019051111,0.30818249753397814
5401,0.9999355330090082,,,-0.0006915491423459284,0.30787431505371565
5402,0.9999367670441184,,,-0.0006859229907423057,0.30756644075528594
5403,0.9999379916293184,,,-0.000680328419952515,0.3072588743305243
5404,0.9999392068114394,,,-0.0006747653031666219,0.3069516154715739
5405,0.9999404126371628,,,-0.0006692335139061668,0.30664466387088557
5406,0.9999416091530202,,,-0.0006637329260238487,0.30633801922121734
5407,0.9999427964053937,,,-0.0006582634137032059,0.3060316812156341
5408,0.9999439744405163,,,-0.000652824851458299,0.3057256495475075
5409,0.9999451433044719,,,-0.0006474171141333899,0.3054199239105155
5410,0.9999463030431957,,,-0.0006420400769026174,0.305114503998642
5411,0.9999474537024742,,,-0.0006366936152696782,0.3048093895061768
5412,0.9999485953279458,,,-0.000631377605067498,0.3045045801277151
5413,0.9999497279651006,,,-0.0006260919224579074,0.30420007555815715
5414,0.9999508516592809,,,-0.0006208364439313159,0.30389587549270813
5415,0.9999519664556812,,,-0.0006156110463063851,0.3035919796268776
5416,0.9999530723993486,,,-0.0006104156067296976,0.30328838765647964
5417,0.999954169535183,,,-0.0006052500026754286,0.30298509927763195
5418,0.9999552579079374,,,-0.000600114111945014,0.30268211418675606
5419,0.9999563375622177,,,-0.0005950078126668163,0.3023794320805767
5420,0.9999574085424836,,,-0.0005899309832957943,0.3020770526561218
5421,0.9999584708930483,,,-0.0005848835026131642,0.3017749756107218
5422,0.9999595246580789,,,-0.0005798652497260657,0.3014732006420097
5423,0.9999605698815967,,,-0.0005748761040672268,0.30117172744792076
5424,0.9999616066074771,,,-0.0005699159453946216,0.30087055572669175
5425,0.9999626348794504,,,-0.0005649846537911328,0.3005696851768613
5426,0.9999636547411015,,,-0.0005600821096642143,0.300269115497269
5427,0.9999646662358704,,,-0.0005552081937455424,0.2999688463870556
5428,0.9999656694070524,,,-0.0005503627870906782,0.29966887754566246
5429,0.9999666642977982,,,-0.0005455457710787225,0.2993692086728311
5430,0.9999676509511142,,,-0.0005407570274119705,0.2990698394686033
5431,0.9999686294098628,,,-0.0005359964381155673,0.29877076963332055
5432,0.9999695997167624,,,-0.0005312638855371565,0.2984719988676237
5433,0.999970561914388,,,-0.0005265592523465379,0.2981735268724528
5434,0.9999715160451714,,,-0.0005218824215353116,0.29787535334904675
5435,0.9999724621514009,,,-0.0005172332764165299,0.2975774779989431
5436,0.999973400275222,,,-0.0005126117006243467,0.29727990052397746
5437,0.9999743304586376,,,-0.0005080175781136639,0.29698262062628367
5438,0.9999752527435081,,,-0.0005034507931597753,0.2966856380082931
5439,0.9999761671715516,,,-0.0004989112303580162,0.29638895237273455
5440,0.9999770737843443,,,-0.0004943987746234045,0.29609256342263385
5441,0.9999779726233208,,,-0.0004899133111902844,0.29579647086131367
5442,0.999978863729774,,,-0.00048545472561196604,0.2955006743923932
5443,0.9999797471448554,,,-0.0004810229037603672,0.2952051737197878
5444,0.9999806229095758,,,-0.00047661773182565594,0.2949099685477087
5445,0.9999814910648048,,,-0.0004722390963158836,0.2946150585806629
5446,0.9999823516512718,,,-0.0004678868840566282,0.2943204435234526
5447,0.9999832047095655,,,-0.00046356098219062583,0.294026123081175
5448,0.9999840502801347,,,-0.00045926127817741007,0.29373209695922214
5449,0.9999848884032883,,,-0.00045498765979294187,0.2934383648632805
5450,0.9999857191191953,,,-0.0004507400151292474,0.29314492649933066
5451,0.9999865424678858,,,-0.0004465182325940486,0.2928517815736471
5452,0.9999873584892502,,,-0.00044232220091039285,0.2925589297927979
5453,0.9999881672230404,,,-0.000438151809116284,0.2922663708636443
5454,0.9999889687088693,,,-0.00043400694656431317,0.2919741044933407
5455,0.9999897629862115,,,-0.00042988750292128345,0.29168213038933416
5456,0.9999905500944032,,,-0.0004257933681678416,0.291390448259364
5457,0.9999913300726428,,,-0.00042172443259809944,0.29109905781146184
5458,0.999992102959991,,,-0.0004176805868192615,0.29080795875395105
5459,0.9999928687953706,,,-0.00041366172175124954,0.29051715079544654
5460,0.9999936276175677,,,-0.00040966772862632427,0.2902266336448545
5461,0.9999943794652308,,,-0.0004056984989887067,0.2899364070113721
5462,0.9999951243768721,,,-0.0004017539246942028,0.28964647060448706
5463,0.9999958623908669,,,-0.00039783389790981876,0.2893568241339777
5464,0.9999965935454544,,,-0.00039393831111338243,0.2890674673099122
5465,0.9999973178787376,,,-0.00039006705709315964,0.2887783998426487
5466,0.9999980354286837,,,-0.00038622002894747647,0.2884896214428348
5467,0.9999987462331243,,,-0.00038239712008432755,0.2882011318214074
5468,0.9999994503297557,,,-0.0003785982242209973,0.28791293068959223
5469,1.0000001477561389,,,-0.00037482323538367375,0.28762501775890387
5470,1.0000008385497003,,,-0.0003710720479070594,0.28733739274114506
5471,1.0000015227477317,,,-0.0003673445564339819,0.2870500553484067
5472,1.0000022003873903,,,-0.0003636406559150084,0.2867630052930676
5473,1.000002871505699,,,-0.0003599602416080524,0.2864762422877939
5474,1.0000035361395474,,,-0.00035630320907799193,0.2861897660455391
5475,1.0000041943256908,,,-0.00035266945419626405,0.28590357627954355
5476,1.0000048461007514,,,-0.0003490588731404861,0.2856176727033344
5477,1.0000054915012182,,,-0.00034547136239405414,0.28533205503072495
5478,1.0000061305634473,,,-0.00034190681874574953,0.28504672297581485
5479,1.0000067633236622,,,-0.00033836513928934533,0.28476167625298937
5480,1.0000073898179538,,,-0.0003348462214232073,0.28447691457691937
5481,1.0000080100822806,,,-0.00033134996284989957,0.2841924376625609
5482,1.0000086241524697,,,-0.0003278762615757891,0.283908245225155
5483,1.000009232064216,,,-0.0003244250159106369,0.2836243369802273
5484,1.0000098338530832,,,-0.00032099612446721067,0.28334071264358807
5485,1.0000104295545038,,,-0.000317589486160875,0.2830573719313313
5486,1.0000110192037792,,,-0.00031420500020919005,0.28277431455983504
5487,1.0000116028360801,,,-0.0003108425661315138,0.2824915402457609
5488,1.000012180486447,,,-0.0003075020837485957,0.2822090487060536
5489,1.0000127521897897,,,-0.0003041834531821693,0.281926839657941
5490,1.0000133179808883,,,-0.0003008865748545538,0.28164491281893356
5491,1.0000138778943932,,,-0.0002976113494882417,0.2813632679068241
5492,1.0000144319648252,,,-0.00029435767810549485,0.28108190463968763
5493,1.0000149802265759,,,-0.0002911254620279359,0.28080082273588103
5494,1.0000155227139078,,,-0.0002879146028761392,0.28052002191404274
5495,1.000016059460955,,,-0.0002847250025692216,0.28023950189309255
5496,1.0000165905017229,,,-0.0002815565633244281,0.27995926239223107
5497,1.0000171158700883,,,-0.00027840918765672645,0.2796793031309398
5498,1.0000176355998005,,,-0.00027528277837839224,0.27939962382898065
5499,1.0000181497244809,,,-0.00027217723859859826,0.2791202242063957
5500,1.0000186582776232,,,-0.00026909247172299456,0.278841103983507
5501,1.0000191612925942,,,-0.0002660283814533016,0.278562262880916
5502,1.0000196588026333,,,-0.00026298487178688537,0.2782837006195037
5503,1.0000201508408537,,,-0.00025996184701635,0.27800541692043007
5504,1.0000206374402416,,,-0.0002569592117291122,0.27772741150513386
5505,1.000021118633657,,,-0.00025397687080698885,0.2774496840953324
5506,1.000021594453834,,,-0.00025101472942578,0.277172234413021
5507,1.000022064933381,,,-0.0002480726930548425,0.2768950621804733
5508,1.0000225301047811,,,-0.0002451506674566724,0.27661816712024023
5509,1.0000229900003916,,,-0.00024224855868648274,0.27634154895515045
5510,1.0000234446524452,,,-0.0002393662730917853,0.2760652074083094
5511,1.0000238940930497,,,-0.0002365037173119636,0.27578914220309975
5512,1.0000243383541885,,,-0.0002336607982778499,0.27551335306318037
5513,1.0000247774677207,,,-0.00023083742321130203,0.2752378397124866
5514,1.0000252114653814,,,-0.0002280334996247756,0.2749626018752298
5515,1.0000256403787822,,,-0.00022524893532090045,0.27468763927589707
5516,1.0000260642394108,,,-0.00022248363839204815,0.2744129516392509
5517,1.0000264830786316,,,-0.00021973751721991245,0.274138538690329
5518,1.0000268969276866,,,-0.00021701048047508088,0.2738644001544441
5519,1.0000273058176947,,,-0.0002143024371165971,0.27359053575718345
5520,1.0000277097796522,,,-0.00021161329639153667,0.2733169452244087
5521,1.0000281088444334,,,-0.00020894296783457804,0.2730436282822556
5522,1.0000285030427907,,,-0.0002062913612675646,0.2727705846571338
5523,1.0000288924053544,,,-0.0002036583867990755,0.2724978140757263
5524,1.0000292769626338,,,-0.00020104395482399635,0.2722253162649897
5525,1.0000296567450164,,,-0.0001984479760230809,0.27195309095215325
5526,1.0000300317827695,,,-0.00019587036136252156,0.2716811378647192
5527,1.000030402106039,,,-0.0001933110220935063,0.2714094567304621
5528,1.0000307677448508,,,-0.0001907698697517891,0.27113804727742874
5529,1.0000311287291104,,,-0.00018824681615725562,0.27086690923393797
5530,1.0000314850886034,,,-0.00018574177341347558,0.27059604232858003
5531,1.0000318368529957,,,-0.0001832546539072728,0.27032544629021665
5532,1.0000321840518338,,,-0.00018078537030828643,0.2700551208479808
5533,1.000032526714545,,,-0.00017833383556852746,0.26978506573127603
5534,1.0000328648704375,,,-0.00017589996292194417,0.2695152806697767
5535,1.0000331985487014,,,-0.0001734836658839743,0.2692457653934273
5536,1.0000335277784078,,,-0.00017108485825110598,0.26897651963244246
5537,1.0000338525885097,,,-0.0001687034541004386,0.2687075431173065
5538,1.0000341730078426,,,-0.00016633936778923938,0.2684388355787732
5539,1.0000344890651238,,,-0.00016399251395449527,0.2681703967478656
5540,1.0000348007889537,,,-0.00016166280751247388,0.2679022263558757
5541,1.0000351082078154,,,-0.0001593501636582755,0.2676343241343642
5542,1.0000354113500751,,,-0.0001570544978653851,0.2673666898151602
5543,1.0000357102439823,,,-0.00015477572588522883,0.26709932313036094
5544,1.0000360049176702,,,-0.00015251376374673053,0.26683222381233146
5545,1.000036295399156,,,-0.00015026852775585928,0.2665653915937045
5546,1.0000365817163408,,,-0.0001480399344951817,0.26629882620738027
5547,1.0000368638970103,,,-0.00014582790082341387,0.2660325273865258
5548,1.0000371419688348,,,-0.00014363234387497378,0.265766494864575
5549,1.0000374159593695,,,-0.00014145318105952899,0.2655007283752285
5550,1.000037685896055,,,-0.00013929033006154453,0.26523522765245305
5551,1.0000379518062168,,,-0.00013714370883983096,0.2649699924304815
5552,1.0000382137170667,,,-0.00013501323562709674,0.2647050224438124
5553,1.000038471655702,,,-0.00013289882892949192,0.26444031742720975
5554,1.0000387256491063,,,-0.00013080040752615633,0.2641758771157028
5555,1.00003897572415,,,-0.00012871789046876796,0.2639117012445858
5556,1.0000392219075895,,,-0.0001266511970810822,0.26364778954941764
5557,1.000039464226069,,,-0.00012460024695848062,0.26338414176602165
5558,1.0000397027061196,,,-0.00012256495996751499,0.2631207576304853
5559,1.0000399373741595,,,-0.00012054525624544708,0.2628576368791601
5560,1.0000401682564952,,,-0.00011854105619980208,0.26259477924866087
5561,1.000040395379321,,,-0.00011655228050789964,0.26233218447586615
5562,1.0000406187687194,,,-0.00011457885011639864,0.26206985229791746
5563,1.0000408384506614,,,-0.00011262068624084638,0.2618077824522191
5564,1.000041054451007,,,-0.00011067771036521022,0.261545974676438
5565,1.000041266795505,,,-0.00010874984424141823,0.26128442870850344
5566,1.0000414755097937,,,-0.00010683700988890445,0.2610231442866067
5567,1.0000416806194008,,,-0.00010493912959414101,0.260762121149201
5568,1.0000418821497437,,,-0.00010305612591018367,0.2605013590350009
5569,1.00004208012613,,,-0.00010118792165620873,0.26024085768298233
5570,1.000042274573758,,,-9.933443991704563e-05,0.25998061683238227
5571,1.000042465517716,,,-9.749560404271418e-05,0.2597206362226985
5572,1.0000426529829836,,,-9.567133764796647e-05,0.25946091559368906
5573,1.000042836994431,,,-9.386156461181561e-05,0.2592014546853725
5574,1.0000430175768202,,,-9.2066209077078e-05,0.2589422532380271
5575,1.000043194754805,,,-9.028519544990247e-05,0.2586833109921911
5576,1.0000433685529302,,,-8.851844839930415e-05,0.25842462768866203
5577,1.0000435389956337,,,-8.676589285670731e-05,0.2581662030684967
5578,1.0000437061072454,,,-8.502745401546632e-05,0.2579080368730108
5579,1.0000438699119876,,,-8.330305733040453e-05,0.25765012884377864
5580,1.000044030433976,,,-8.159262851734907e-05,0.25739247872263316
5581,1.0000441876972193,,,-7.98960935526568e-05,0.25713508625166526
5582,1.0000443417256193,,,-7.821337867274512e-05,0.25687795117322376
5583,1.0000444925429721,,,-7.654441037363185e-05,0.2566210732299153
5584,1.0000446401729675,,,-7.488911541045316e-05,0.2563644521646037
5585,1.000044784639189,,,-7.324742079699946e-05,0.25610808772041005
5586,1.0000449259651156,,,-7.161925380524725e-05,0.25585197964071227
5587,1.00004506417412,,,-7.000454196488222e-05,0.2555961276691449
5588,1.0000451992894708,,,-6.840321306283158e-05,0.2553405315495989
5589,1.000045331334331,,,-6.681519514278774e-05,0.25508519102622124
5590,1.0000454603317597,,,-6.524041650474118e-05,0.2548301058434147
5591,1.0000455863047115,,,-6.367880570450032e-05,0.2545752757458378
5592,1.000045709276037,,,-6.213029155322491e-05,0.25432070047840444
5593,1.0000458292684835,,,-6.059480311695092e-05,0.2540663797862834
5594,1.0000459463046942,,,-5.90722697161112e-05,0.25381231341489835
5595,1.0000460604072097,,,-5.756262092506542e-05,0.25355850110992767
5596,1.0000461715984672,,,-5.606578657162138e-05,0.253304942617304
5597,1.0000462799008014,,,-5.458169673656108e-05,0.253051637683214
5598,1.0000463853364447,,,-5.311028175316715e-05,0.2527985860540981
5599,1.0000464879275273,,,-5.165147220674061e-05,0.2525457874766504
5600,1.0000465876960773,,,-5.0205198934127985e-05,0.2522932416978183
5601,1.0000466846640217,,,-4.877139302323972e-05,0.25204094846480213
5602,1.0000467788531853,,,-4.734998581257352e-05,0.2517889075250551
5603,1.0000468702852923,,,-4.594090889074238e-05,0.25153711862628314
5604,1.000046958981966,,,-4.4544094095989625e-05,0.25128558151644415
5605,1.000047044964729,,,-4.315947351570873e-05,0.2510342959437483
5606,1.0000471282550036,,,-4.1786979485972456e-05,0.2507832616566575
5607,1.0000472088741121,,,-4.042654459104e-05,0.2505324784038851
5608,1.0000472868432768,,,-3.907810166288686e-05,0.2502819459343959
5609,1.0000473621836203,,,-3.774158378072165e-05,0.2500316639974057
5610,1.0000474349161665,,,-3.64169242705077e-05,0.249781632342381
5611,1.0000475050618396,,,-3.510405670447174e-05,0.24953185071903888
5612,1.0000475726414653,,,-3.380291490063518e-05,0.24928231887734675
5613,1.0000476376757708,,,-3.251343292232352e-05,0.24903303656752201
5614,1.000047700185385,,,-3.123554507768504e-05,0.2487840035400319
5615,1.0000477601908386,,,-2.9969185919209922e-05,0.2485352195455931
5616,1.000047817712565,,,-2.8714290243245213e-05,0.24828668433517165
5617,1.0000478727708995,,,-2.747079308951473e-05,0.24803839765998262
5618,1.0000479253860806,,,-2.6238629740630385e-05,0.24779035927148985
5619,1.0000479755782496,,,-2.501773572161287e-05,0.24754256892140572
5620,1.0000480233674514,,,-2.3808046799403775e-05,0.24729502636169096
5621,1.0000480687736337,,,-2.260949898238263e-05,0.24704773134455424
5622,1.000048111816649,,,-2.142202851988431e-05,0.24680068362245214
5623,1.0000481525162532,,,-2.0245571901703485e-05,0.24655388294808867
5624,1.0000481908921066,,,-1.908006585762184e-05,0.24630732907441524
5625,1.0000482269637743,,,-1.7925447356913333e-05,0.2460610217546303
5626,1.000048260750726,,,-1.6781653607858856e-05,0.24581496074217904
5627,1.0000482922723364,,,-1.5648622057261306e-05,0.24556914579075326
5628,1.000048321547886,,,-1.4526290389961071e-05,0.24532357665429108
5629,1.0000483485965603,,,-1.3414596528343036e-05,0.24507825308697667
5630,1.0000483734374512,,,-1.2313478631852955e-05,0.24483317484324005
5631,1.0000483960895565,,,-1.1222875096509776e-05,0.24458834167775675
5632,1.0000484165717805,,,-1.0142724554413978e-05,0.24434375334544772
5633,1.0000484349029337,,,-9.072965873260801e-06,0.24409940960147894
5634,1.0000484511017342,,,-8.013538155853914e-06,0.24385531020126122
5635,1.0000484651868067,,,-6.964380739610633e-06,0.24361145490045
5636,1.0000484771766833,,,-5.925433196080951e-06,0.24336784345494503
5637,1.0000484870898043,,,-4.896635330453623e-06,0.24312447562089023
5638,1.0000484949445174,,,-3.877927181062754e-06,0.24288135115467335
5639,1.0000485007590785,,,-2.8692490189037504e-06,0.24263846981292572
5640,1.0000485045516523,,,-1.8705413471452398e-06,0.2423958313525221
5641,1.000048506340312,,,-8.817449006281029e-07,0.24215343553058036
5642,1.0000485061430395,,,9.71993546171591e-08,0.24191128210446125
5643,1.0000485039777265,,,1.066350221861556e-06,0.24166937083176818
5644,1.0000484998621737,,,2.0257662741727096e-06,0.24142770147034695
5645,1.0000484938140917,,,2.975505854905002e-06,0.24118627377828555
5646,1.000048485851101,,,3.915627078189268e-06,0.24094508751391386
5647,1.0000484759907322,,,4.846187829426466e-06,0.24070414243580346
5648,1.0000484642504268,,,5.767245765776417e-06,0.24046343830276734
5649,1.000048450647537,,,6.678858316654978e-06,0.24022297487385968
5650,1.0000484351993253,,,7.581082684226242e-06,0.23998275190837567
5651,1.0000484179229665,,,8.473975843889817e-06,0.2397427691658512
5652,1.0000483988355462,,,9.357594544780997e-06,0.23950302640606252
5653,1.0000483779540619,,,1.0231995310257045e-05,0.23926352338902623
5654,1.0000483552954234,,,1.1097234438391942e-05,0.23902425987499892
5655,1.0000483308764525,,,1.195336800247507e-05,0.23878523562447687
5656,1.0000483047138835,,,1.280045185150046e-05,0.2385464503981959
5657,1.000048276824364,,,1.3638541610655593e-05,0.23830790395713108
5658,1.0000482472244538,,,1.4467692681827521e-05,0.23806959606249656
5659,1.0000482159306272,,,1.528796024408616e-05,0.23783152647574526
5660,1.000048182959271,,,1.609939925418939e-05,0.23759369495856864
5661,1.0000481483266859,,,1.6902064447065352e-05,0.23735610127289644
5662,1.0000481120490874,,,1.769601033631211e-05,0.2371187451808966
5663,1.0000480741426048,,,1.8481291214696788e-05,0.23688162644497476
5664,1.0000480346232818,,,1.925796115464523e-05,0.23664474482777428
5665,1.0000479935070776,,,2.002607400873568e-05,0.23640810009217583
5666,1.0000479508098659,,,2.0785683410200848e-05,0.23617169200129717
5667,1.000047906547436,,,2.1536842773416038e-05,0.235935520318493
5668,1.0000478607354926,,,2.227960529440021e-05,0.23569958480735465
5669,1.0000478133896566,,,2.3014023951307538e-05,0.23546388523170989
5670,1.0000477645254648,,,2.3740151504927422e-05,0.23522842135562266
5671,1.0000477141583703,,,2.4458040499175027e-05,0.23499319294339285
5672,1.0000476623037429,,,2.5167743261590253e-05,0.23475819975955603
5673,1.000047608976869,,,2.5869311903831714e-05,0.23452344156888327
5674,1.0000475541929528,,,2.6562798322174647e-05,0.23428891813638086
5675,1.0000474979671152,,,2.7248254198008302e-05,0.2340546292272901
5676,1.000047440314395,,,2.7925730998332793e-05,0.23382057460708702
5677,1.0000473812497488,,,2.859527997625097e-05,0.23358675404148227
5678,1.0000473207880514,,,2.9256952171464266e-05,0.23335316729642072
5679,1.000047258944096,,,2.9910798410776898e-05,0.23311981413808133
5680,1.0000471957325945,,,3.0556869308590604e-05,0.23288669433287687
5681,1.0000471311681773,,,3.119521526739439e-05,0.23265380764745375
5682,1.0000470652653943,,,3.182588647826723e-05,0.2324211538486917
5683,1.0000469980387148,,,3.244893292137117e-05,0.23218873270370355
5684,1.0000469295025276,,,3.306440436645294e-05,0.23195654397983512
5685,1.0000468596711414,,,3.3672350373340495e-05,0.2317245874446648
5686,1.0000467885587851,,,3.427282029243459e-05,0.23149286286600343
5687,1.000046716179608,,,3.486586326521323e-05,0.23126137001189412
5688,1.0000466425476802,,,3.545152822472216e-05,0.23103010865061183
5689,1.0000465676769923,,,3.602986389607823e-05,0.23079907855066334
5690,1.0000464915814562,,,3.660091879696331e-05,0.23056827948078687
5691,1.0000464142749055,,,3.7164741238117644e-05,0.23033771120995195
5692,1.0000463357710951,,,3.7721379323846104e-05,0.23010737350735913
5693,1.000046256083702,,,3.8270880952510455e-05,0.22987726614243978
5694,1.000046175226325,,,3.8813293817025596e-05,0.22964738888485584
5695,1.0000460932124857,,,3.934866540535526e-05,0.22941774150449956
5696,1.000046010055628,,,3.987704300101612e-05,0.2291883237714934
5697,1.0000459257691194,,,4.039847368356794e-05,0.2289591354561896
5698,1.0000458403662495,,,4.0913004329121e-05,0.2287301763291701
5699,1.000045753860232,,,4.142068161082079e-05,0.22850144616124626
5700,1.000045666264204,,,4.192155199935437e-05,0.2282729447234587
5701,1.0000455775912267,,,4.241566176344288e-05,0.22804467178707685
5702,1.000045487854285,,,4.2903056970342403e-05,0.22781662712359904
5703,1.0000453970662888,,,4.3383783486339826e-05,0.22758881050475202
5704,1.000045305240072,,,4.3857886977252636e-05,0.22736122170249085
5705,1.0000452123883938,,,4.432541290891926e-05,0.2271338604889986
5706,1.0000451185239383,,,4.478640654770674e-05,0.22690672663668626
5707,1.0000450236593152,,,4.524091296099552e-05,0.2266798199181923
5708,1.0000449278070596,,,4.56889770176905e-05,0.22645314010638262
5709,1.0000448309796326,,,4.613064338870476e-05,0.22622668697435028
5710,1.0000447331894213,,,4.6565956547469575e-05,0.22600046029541518
5711,1.0000446344487393,,,4.69949607704215e-05,0.225774459843124
5712,1.0000445347698264,,,4.74177001375024e-05,0.2255486853912498
5713,1.0000444341648498,,,4.783421853265446e-05,0.22532313671379192
5714,1.0000443326459036,,,4.824455964432357e-05,0.22509781358497571
5715,1.0000442302250092,,,4.8648766965953216e-05,0.22487271577925227
5716,1.0000441269141156,,,4.904688379647792e-05,0.22464784307129826
5717,1.0000440227250995,,,4.943895324082503e-05,0.2244231952360157
5718,1.000043917669766,,,4.9825018210407044e-05,0.22419877204853167
5719,1.000043811759848,,,5.020512142362236e-05,0.22397457328419818
5720,1.0000437050070075,,,5.0579305406346586e-05,0.22375059871859188
5721,1.0000435974228348,,,5.094761249243222e-05,0.22352684812751378
5722,1.0000434890188497,,,5.131008482420337e-05,0.2233033212869892
5723,1.0000433798065012,,,5.1666764352954366e-05,0.2230800179732674
5724,1.0000432697971675,,,5.2017692839447896e-05,0.22285693796282136
5725,1.000043159002157,,,5.236291185440364e-05,0.22263408103234764
5726,1.000043047432708,,,5.270246277899984e-05,0.22241144695876608
5727,1.0000429350999889,,,5.303638680536982e-05,0.22218903551921965
5728,1.0000428220150985,,,5.336472493709356e-05,0.22196684649107412
5729,1.0000427081890668,,,5.3687517989693255e-05,0.22174487965191797
5730,1.0000425936328545,,,5.4004806591132725e-05,0.221523134779562
5731,1.0000424783573536,,,5.431663118231192e-05,0.22130161165203932
5732,1.0000423623733874,,,5.462303201756088e-05,0.22108031004760492
5733,1.0000422456917113,,,5.4924049165133165e-05,0.2208592297447356
5734,1.000042128323012,,,5.521972250770775e-05,0.22063837052212965
5735,1.0000420102779093,,,5.5510091742872504e-05,0.2204177321587067
5736,1.0000418915669544,,,5.5795196383629536e-05,0.22019731443360746
5737,1.000041772200632,,,5.607507575888212e-05,0.21997711712619347
5738,1.0000416521893596,,,5.6349769013934535e-05,0.21975714001604696
5739,1.0000415315434872,,,5.6619315110986926e-05,0.21953738288297053
5740,1.0000414102732988,,,5.688375282962072e-05,0.21931784550698705
5741,1.0000412883890122,,,5.7143120767301465e-05,0.2190985276683393
5742,1.0000411659007784,,,5.739745733987213e-05,0.2188794291474899
5743,1.0000410428186828,,,5.7646800782041524e-05,0.21866054972512092
5744,1.0000409191527453,,,5.7891189147876695e-05,0.21844188918213386
5745,1.0000407949129202,,,5.81306603113037e-05,0.21822344729964924
5746,1.0000406701090967,,,5.8365251966594556e-05,0.21800522385900648
5747,1.0000405447510992,,,5.8595001628862535e-05,0.2177872186417637
5748,1.0000404188486869,,,5.881994663455708e-05,0.21756943142969745
5749,1.000040292411555,,,5.904012414194921e-05,0.2173518620048025
5750,1.0000401654493343,,,5.925557113162992e-05,0.2171345101492916
5751,1.0000400379715917,,,5.9466324406999076e-05,0.21691737564559538
5752,1.00003990998783,,,5.967242059476286e-05,0.21670045827636192
5753,1.000039781507489,,,5.987389614541723e-05,0.21648375782445678
5754,1.0000396525399446,,,6.007078733374441e-05,0.2162672740729626
5755,1.0000395230945103,,,6.026313025929988e-05,0.21605100680517894
5756,1.000039393180436,,,6.045096084691237e-05,0.21583495580462206
5757,1.00003926280691,,,6.063431484716543e-05,0.21561912085502472
5758,1.000039131983057,,,6.081322783689202e-05,0.21540350174033596
5759,1.0000390007179407,,,6.0987735219664105e-05,0.21518809824472085
5760,1.0000388690205624,,,6.115787222628183e-05,0.21497291015256034
5761,1.0000387368998616,,,6.132367391526665e-05,0.21475793724845096
5762,1.0000386043647167,,,6.148517517334513e-05,0.2145431793172047
5763,1.0000384714239448,,,6.164241071594566e-05,0.21432863614384867
5764,1.0000383380863018,,,6.179541508768125e-05,0.21411430751362504
5765,1.0000382043604834,,,6.194422266284095e-05,0.21390019321199066
5766,1.0000380702551241,,,6.208886764588069e-05,0.21368629302461697
5767,1.000037935778799,,,6.222938407190479e-05,0.21347260673738974
5768,1.0000378009400221,,,6.236580580716492e-05,0.21325913413640885
5769,1.0000376657472487,,,6.249816654953623e-05,0.21304587500798808
5770,1.0000375302088735,,,6.262649982901541e-05,0.21283282913865492
5771,1.0000373943332328,,,6.2750839008196e-05,0.21261999631515036
5772,1.000037258128603,,,6.287121728277001e-05,0.21240737632442855
5773,1.000037121603202,,,6.298766768200234e-05,0.21219496895365678
5774,1.000036984765189,,,6.310022306922266e-05,0.21198277399021517
5775,1.0000368476226649,,,6.320891614231236e-05,0.21177079122169645
5776,1.0000367101836718,,,6.331377943418665e-05,0.21155902043590574
5777,1.0000365724561946,,,6.341484531328069e-05,0.2113474614208604
5778,1.00003643444816,,,6.351214598403977e-05,0.21113611396478968
5779,1.0000362961674374,,,6.360571348740014e-05,0.21092497785613476
5780,1.0000361576218386,,,6.36955797012739e-05,0.21071405288354828
5781,1.0000360188191189,,,6.378177634103351e-05,0.2105033388358942
5782,1.000035879766976,,,6.386433496000027e-05,0.21029283550224773
5783,1.0000357404730515,,,6.394328694991913e-05,0.2100825426718949
5784,1.0000356009449305,,,6.401866354145092e-05,0.20987246013433253
5785,1.000035461190142,,,6.409049580464624e-05,0.20966258767926793
5786,1.000035321216159,,,6.415881464944144e-05,0.20945292509661864
5787,1.0000351810303987,,,6.422365082612727e-05,0.20924347217651237
5788,1.0000350406402227,,,6.428503492583958e-05,0.20903422870928667
5789,1.0000349000529378,,,6.434299738103617e-05,0.20882519448548875
5790,1.0000347592757954,,,6.439756846598231e-05,0.20861636929587532
5791,1.000034618315992,,,6.444877829723123e-05,0.20840775293141228
5792,1.0000344771806697,,,6.449665683409996e-05,0.2081993451832746
5793,1.0000343358769164,,,6.454123387915364e-05,0.20799114584284603
5794,1.0000341944117654,,,6.45825390786895e-05,0.207783154701719
5795,1.0000340527921965,,,6.462060192321146e-05,0.2075753715516943
5796,1.0000339110251353,,,6.465545174790897e-05,0.207367796184781
5797,1.0000337691174543,,,6.46871177331355e-05,0.20716042839319604
5798,1.0000336270759729,,,6.471562890489095e-05,0.20695326796936425
5799,1.0000334849074568,,,6.474101413529955e-05,0.20674631470591803
5800,1.0000333426186194,,,6.476330214308265e-05,0.2065395683956971
5801,1.0000332002161214,,,6.478252149404032e-05,0.2063330288317483
5802,1.000033057706571,,,6.479870060152811e-05,0.2061266958073256
5803,1.0000329150965246,,,6.481186772693337e-05,0.20592056911588952
5804,1.000032772392486,,,6.48220509801558e-05,0.20571464855110724
5805,1.0000326296009079,,,6.482927832007429e-05,0.20550893390685226
5806,1.000032486728191,,,6.483357755503125e-05,0.20530342497720416
5807,1.0000323437806848,,,6.483497634329883e-05,0.2050981215564485
5808,1.0000322007646882,,,6.483350219356265e-05,0.20489302343907653
5809,1.0000320576864488,,,6.482918246539181e-05,0.204688130419785
5810,1.0000319145521632,,,6.482204436971311e-05,0.20448344229347598
5811,1.0000317713679785,,,6.481211496928049e-05,0.20427895885525665
5812,1.0000316281399908,,,6.479942117915759e-05,0.2040746799004391
5813,1.0000314848742466,,,6.478398976718207e-05,0.20387060522454
5814,1.0000313415767426,,,6.476584735444316e-05,0.20366673462328067
5815,1.0000311982534258,,,6.474502041574995e-05,0.20346306789258659
5816,1.0000310549101938,,,6.472153528010825e-05,0.20325960482858732
5817,1.0000309115528951,,,6.469541813118395e-05,0.20305634522761637
5818,1.0000307681873295,,,6.466669500777493e-05,0.20285328888621088
5819,1.0000306248192479,,,6.463539180428718e-05,0.20265043560111137
5820,1.0000304814543526,,,6.460153427120173e-05,0.2024477851692618
5821,1.0000303380982978,,,6.456514801554137e-05,0.202245337387809
5822,1.0000301947566894,,,6.45262585013415e-05,0.2020430920541028
5823,1.0000300514350857,,,6.448489105011642e-05,0.2018410489656956
5824,1.0000299081389974,,,6.444107084132967e-05,0.20163920792034226
5825,1.0000297648738874,,,6.439482291286421e-05,0.2014375687159999
5826,1.0000296216451716,,,6.434617216148347e-05,0.20123613115082772
5827,1.0000294784582189,,,6.4295143343301e-05,0.20103489502318667
5828,1.0000293353183511,,,6.424176107424556e-05,0.2008338601316394
5829,1.0000291922308437,,,6.418604983052596e-05,0.20063302627495
5830,1.000029049200926,,,6.412803394909559e-05,0.20043239325208378
5831,1.0000289062337806,,,6.406773762812577e-05,0.20023196086220713
5832,1.0000287633345444,,,6.400518492745653e-05,0.20003172890468718
5833,1.0000286205083087,,,6.394039976906956e-05,0.19983169717909183
5834,1.0000284777601187,,,6.387340593755191e-05,0.19963186548518927
5835,1.0000283350949748,,,6.380422708055073e-05,0.199432233622948
5836,1.000028192517832,,,6.373288670924115e-05,0.19923280139253657
5837,1.0000280500336005,,,6.365940819878949e-05,0.1990335685943233
5838,1.0000279076471457,,,6.358381478881185e-05,0.19883453502887619
5839,1.0000277653632883,,,6.350612958383703e-05,0.19863570049696266
5840,1.0000276231868048,,,6.342637555376468e-05,0.19843706479954937
5841,1.0000274811224277,,,6.334457553432356e-05,0.198238627737802
5842,1.0000273391748453,,,6.326075222753383e-05,0.19804038911308505
5843,1.0000271973487027,,,6.317492820216488e-05,0.1978423487269617
5844,1.0000270556486008,,,6.308712589419747e-05,0.1976445063811935
5845,1.0000269140790978,,,6.299736760727225e-05,0.19744686187774033
5846,1.0000267726447085,,,6.29056755131561e-05,0.19724941501876003
5847,1.0000266313499049,,,6.281207165219487e-05,0.19705216560660838
5848,1.000026490199116,,,6.271657793377056e-05,0.1968551134438387
5849,1.000026349196729,,,6.261921613675379e-05,0.19665825833320177
5850,1.0000262083470879,,,6.252000790996521e-05,0.19646160007764568
5851,1.0000260676544952,,,6.241897477262328e-05,0.19626513848031554
5852,1.0000259271232115,,,6.231613811480101e-05,0.19606887334455333
5853,1.0000257867574556,,,6.221151919788255e-05,0.19587280447389763
5854,1.0000256465614046,,,6.210513915501514e-05,0.19567693167208355
5855,1.0000255065391945,,,6.199701899155659e-05,0.19548125474304245
5856,1.0000253666949204,,,6.188717958553164e-05,0.19528577349090176
5857,1.000025227032636,,,6.177564168808373e-05,0.19509048771998475
5858,1.0000250875563548,,,6.166242592392221e-05,0.19489539723481036
5859,1.0000249482700496,,,6.154755279177848e-05,0.1947005018400931
5860,1.0000248091776527,,,6.143104266485307e-05,0.1945058013407427
5861,1.0000246702830566,,,6.131291579125824e-05,0.1943112955418639
5862,1.0000245315901137,,,6.119319229447842e-05,0.19411698424875654
5863,1.0000243931026367,,,6.107189217380823e-05,0.19392286726691496
5864,1.0000242548243987,,,6.0949035304803916e-05,0.19372894440202815
5865,1.000024116759134,,,6.082464143973022e-05,0.1935352154599793
5866,1.0000239789105367,,,6.069873020801174e-05,0.19334168024684578
5867,1.000023841282263,,,6.0571321116666366e-05,0.1931483385688989
5868,1.00002370387793,,,6.044243355076112e-05,0.19295519023260363
5869,1.0000235667011161,,,6.031208677385447e-05,0.19276223504461854
5870,1.0000234297553614,,,6.018029992843872e-05,0.19256947281179548
5871,1.0000232930441677,,,6.0047092036382404e-05,0.19237690334117952
5872,1.0000231565709992,,,5.991248199937268e-05,0.1921845264400086
5873,1.000023020339282,,,5.977648859936217e-05,0.1919923419157135
5874,1.0000228843524048,,,5.9639130499006955e-05,0.19180034957591752
5875,1.0000227486137188,,,5.950042624211345e-05,0.19160854922843637
5876,1.000022613126538,,,5.9360394254067504e-05,0.19141694068127793
5877,1.0000224778941391,,,5.9219052842285855e-05,0.19122552374264207
5878,1.0000223429197626,,,5.9076420196645337e-05,0.19103429822092044
5879,1.0000222082066117,,,5.8932514389929934e-05,0.19084326392469633
5880,1.0000220737578536,,,5.878735337826455e-05,0.19065242066274446
5881,1.000021939576619,,,5.864095500155328e-05,0.19046176824403072
5882,1.0000218056660026,,,5.849333698391777e-05,0.19027130647771207
5883,1.0000216720290631,,,5.8344516934131144e-05,0.1900810351731363
5884,1.0000215386688236,,,5.8194512346052105e-05,0.1898909541398419
5885,1.0000214055882717,,,5.804334059906349e-05,0.1897010631875577
5886,1.0000212727903595,,,5.789101895850653e-05,0.18951136212620293
5887,1.0000211402780042,,,5.773756457611069e-05,0.18932185076588687
5888,1.0000210080540877,,,5.758299449043259e-05,0.18913252891690863
5889,1.0000208761214575,,,5.742732562728162e-05,0.18894339638975707
5890,1.0000207444829263,,,5.7270574800159075e-05,0.18875445299511057
5891,1.0000206131412723,,,5.7112758710684026e-05,0.1885656985438368
5892,1.0000204820992398,,,5.695389394902378e-05,0.1883771328469926
5893,1.0000203513595387,,,5.679399699432897e-05,0.18818875571582366
5894,1.000020220924845,,,5.663308421515981e-05,0.18800056696176454
5895,1.0000200907978014,,,5.647117186990808e-05,0.1878125663964383
5896,1.0000199609810168,,,5.630827610723717e-05,0.18762475383165644
5897,1.0000198314770667,,,5.614441296649987e-05,0.18743712907941854
5898,1.000019702288494,,,5.597959837816977e-05,0.18724969195191227
5899,1.0000195734178081,,,5.58138481642684e-05,0.18706244226151308
5900,1.0000194448674857,,,5.564717803878804e-05,0.18687537982078403
5901,1.0000193166399711,,,5.547960360811475e-05,0.18668850444247564
5902,1.000019188737676,,,5.531114037145606e-05,0.1865018159395257
5903,1.0000190611629798,,,5.5141803721259975e-05,0.186315314125059
5904,1.00001893391823,,,5.497160894364304e-05,0.18612899881238726
5905,1.000018807005742,,,5.480057121880532e-05,0.18594286981500885
5906,1.0000186804278002,,,5.462870562145893e-05,0.18575692694660864
5907,1.0000185541866564,,,5.445602712124788e-05,0.18557117002105786
5908,1.000018428284532,,,5.428255058316373e-05,0.18538559885241385
5909,1.0000183027236162,,,5.410829076797035e-05,0.18520021325491984
5910,1.0000181775060684,,,5.3933262332615605e-05,0.18501501304300488
5911,1.000018052634016,,,5.375747983065669e-05,0.18482999803128358
5912,1.0000179281095567,,,5.358095771267228e-05,0.18464516803455588
5913,1.000017803934757,,,5.3403710326679505e-05,0.18446052286780698
5914,1.0000176801116534,,,5.322575191855114e-05,0.1842760623462071
5915,1.0000175566422524,,,5.304709663243308e-05,0.18409178628511125
5916,1.0000174335285306,,,5.28677585111577e-05,0.18390769450005906
5917,1.0000173107724342,,,5.2687751496657396e-05,0.18372378680677473
5918,1.0000171883758802,,,5.2507089430374114e-05,0.1835400630211666
5919,1.0000170663407564,,,5.2325786053673606e-05,0.1833565229593272
5920,1.0000169446689209,,,5.2143855008264423e-05,0.1831731664375329
5921,1.0000168233622027,,,5.196130983659942e-05,0.18298999327224386
5922,1.000016702422402,,,5.177816398228654e-05,0.1828070032801037
5923,1.0000165818512905,,,5.159443079050442e-05,0.1826241962779395
5924,1.0000164616506109,,,5.141012350840934e-05,0.1824415720827614
5925,1.0000163418220773,,,5.1225255285542575e-05,0.1822591305117626
5926,1.0000162223673763,,,5.103983917423367e-05,0.18207687138231907
5927,1.0000161032881656,,,5.085388813001746e-05,0.1818947945119894
5928,1.0000159845860754,,,5.066741501202913e-05,0.18171289971851465
5929,1.000015866262708,,,5.048043258341754e-05,0.18153118681981814
5930,1.0000157483196384,,,5.029295351174553e-05,0.18134965563400526
5931,1.0000156307584136,,,5.010499036939515e-05,0.1811683059793633
5932,1.0000155135805537,,,4.9916555633973166e-05,0.1809871376743612
5933,1.0000153967875518,,,4.972766168870821e-05,0.1808061505376495
5934,1.0000152803808737,,,4.953832082285717e-05,0.1806253443880601
5935,1.0000151643619586,,,4.9348545232103155e-05,0.180444719044606
5936,1.0000150487322192,,,4.915834701895385e-05,0.1802642743264812
5937,1.000014933493042,,,4.896773819314925e-05,0.18008401005306057
5938,1.0000148186457862,,,4.8776730672056464e-05,0.17990392604389954
5939,1.0000147041917862,,,4.8585336281060496e-05,0.17972402211873403
5940,1.0000145901323496,,,4.8393566753973385e-05,0.17954429809748015
5941,1.0000144764687584,,,4.82014337334259e-05,0.17936475380023417
5942,1.0000143632022689,,,4.800894877125977e-05,0.17918538904727221
5943,1.000014250334112,,,4.781612332892488e-05,0.17900620365905015
5944,1.0000141378654934,,,4.762296877787693e-05,0.1788271974562034
5945,1.0000140257975934,,,4.7429496399966647e-05,0.17864837025954672
5946,1.0000139141315674,,,4.7235717387834044e-05,0.17846972189007407
5947,1.0000138028685461,,,4.704164284530314e-05,0.17829125216895841
5948,1.0000136920096354,,,4.684728378777273e-05,0.17811296091755155
5949,1.0000135815559164,,,4.665265114260326e-05,0.17793484795738387
5950,1.0000134715084463,,,4.645775574950429e-05,0.1777569131101643
5951,1.0000133618682578,,,4.6262608360935804e-05,0.17757915619778006
5952,1.0000132526363597,,,4.606721964248333e-05,0.17740157704229642
5953,1.0000131438137367,,,4.587160017325151e-05,0.17722417546595665
5954,1.00001303540135,,,4.5675760446253756e-05,0.17704695129118173
5955,1.0000129274001368,,,4.547971086878906e-05,0.17686990434057023
5956,1.0000128198110114,,,4.528346176283734e-05,0.17669303443689813
5957,1.0000127126348646,,,4.50870233654374e-05,0.17651634140311862
5958,1.0000126058725638,,,4.489040582907454e-05,0.17633982506236195
5959,1.0000124995249537,,,4.469361922205975e-05,0.17616348523793524
5960,1.0000123935928562,,,4.449667352891408e-05,0.17598732175332224
5961,1.0000122880770703,,,4.42995786507491e-05,0.1758113344321833
5962,1.0000121829783728,,,4.4102344405648036e-05,0.17563552309835512
5963,1.0000120782975177,,,4.3904980529047535e-05,0.17545988757585046
5964,1.0000119740352373,,,4.3707496674111134e-05,0.17528442768885813
5965,1.0000118701922414,,,4.35099024121168e-05,0.1751091432617428
5966,1.0000117667692179,,,4.331220723282281e-05,0.17493403411904465
5967,1.0000116637668333,,,4.3114420544852185e-05,0.17475910008547943
5968,1.000011561185732,,,4.2916551676068835e-05,0.1745843409859381
5969,1.0000114590265374,,,4.271860987394994e-05,0.17440975664548683
5970,1.000011357289851,,,4.2520604305959046e-05,0.1742353468893666
5971,1.0000112559762537,,,4.232254405991989e-05,0.17406111154299317
5972,1.0000111550863051,,,4.2124438144395336e-05,0.17388705043195696
5973,1.0000110546205436,,,4.1926295489053674e-05,0.17371316338202275
5974,1.0000109545794875,,,4.172812494503567e-05,0.17353945021912956
5975,1.000010854963634,,,4.152993528533573e-05,0.17336591076939042
5976,1.00001075577346,,,4.1331735205161475e-05,0.17319254485909236
5977,1.0000106570094223,,,4.113353332231191e-05,0.173019352314696
5978,1.0000105586719572,,,4.093533817753411e-05,0.17284633296283558
5979,1.000010460761481,,,4.073715823490289e-05,0.1726734866303187
5980,1.0000103632783905,,,4.053900188217456e-05,0.17250081314412608
5981,1.0000102662230623,,,4.0340877431163733e-05,0.17232831233141155
5982,1.0000101695958536,,,4.0142793118098645e-05,0.17215598401950172
5983,1.0000100733971022,,,3.994475710399063e-05,0.17198382803589587
5984,1.0000099776271265,,,3.9746777474995505e-05,0.17181184420826587
5985,1.0000098822862258,,,3.954886224277578e-05,0.17164003236445582
5986,1.0000097873746805,,,3.9351019344863666e-05,0.171468392332482
5987,1.0000096928927518,,,3.915325664502487e-05,0.1712969239405327
5988,1.000009598840682,,,3.8955581933609965e-05,0.17112562701696798
5989,1.0000095052186955,,,3.875800292791545e-05,0.17095450139031956
5990,1.0000094120269976,,,3.8560527272545724e-05,0.17078354688929065
5991,1.0000093192657755,,,3.836316253977141e-05,0.1706127633427557
5992,1.0000092269351981,,,3.81659162298841e-05,0.17044215057976034
5993,1.0000091350354163,,,3.796879577154755e-05,0.1702717084295211
5994,1.0000090435665632,,,3.777180852215867e-05,0.1701014367214254
5995,1.0000089525287539,,,3.757496176820051e-05,0.16993133528503113
5996,1.0000088619220857,,,3.737826272559612e-05,0.1697614039500667
5997,1.0000087717466388,,,3.71817185400544e-05,0.16959164254643078
5998,1.0000086820024758,,,3.6985336287430356e-05,0.16942205090419213
5999,1.000008592689642,,,3.678912297407275e-05,0.16925262885358944
