t,theta_history,theta_dot_history,theta_ddot_history,m_history,v_history
0,-1.5,,,0.0,0.0
1,-1.4995000000001428,,,-0.3500000000000003,1.225000000000001
2,-1.4990000016325586,,,-0.6960301799801347,2.4454884671694517
3,-1.498500005986724,,,-1.0381305995525887,3.6614768507514732
4,-1.498000014153052,,,-1.3763409186316586,4.872976584622197
5,-1.4975000272228653,,,-1.7107004014284777,6.079999087264595
6,-1.4970000462883666,,,-2.0412479204057665,7.282555761742316
7,-1.496500072442612,,,-2.3680219601930097,8.48065799567354
8,-1.4960001067794835,,,-2.691060621462454,9.67431716120485
9,-1.4955001503936594,,,-3.0104016247663226,10.863544614985116
10,-1.4950002043805877,,,-3.3260823143356264,12.048351698139397
11,-1.4945002698364576,,,-3.638139661840965,13.22874973624287
12,-1.4940003478581716,,,-3.9466102701156913,14.40475003929478
13,-1.493500439543317,,,-4.251530376841819,15.576363901692421
14,-1.4930005459901374,,,-4.552935858199046,16.74360260220513
15,-1.4925006682975057,,,-4.850862232477259,17.906477403948323
16,-1.492000807564895,,,-5.145344663652892,19.064999554357563
17,-1.49150096489235,,,-5.436417964929492,20.21918028516265
18,-1.4910011413804596,,,-5.724116602242853,21.36903081236176
19,-1.4905013381303278,,,-6.008474697731075,22.514562336195617
20,-1.4900015562435458,,,-6.289526033169898,23.655786041121697
21,-1.4895017968221633,,,-6.567304053373657,24.792713095788486
22,-1.4890020609686603,,,-6.841841869562199,25.925354653009766
23,-1.4885023497859184,,,-7.1131722626941105,27.05372184973897
24,-1.4880026643771929,,,-7.381327686766588,28.177825807043554
25,-1.4875030058460834,,,-7.646340272082278,29.297677630079452
26,-1.4870033752965064,,,-7.908241828483434,30.413288408065554
27,-1.4865037738326656,,,-8.1670638485537,31.524669214258253
28,-1.486004202559025,,,-8.42283751078786,32.63183110592604
29,-1.4855046625802786,,,-8.675593682729849,33.73478512432416
30,-1.485005155001323,,,-8.925362924079385,34.83354229466934
31,-1.4845056809272288,,,-9.172175489767488,35.92811362611455
32,-1.4840062414632116,,,-9.416061333001235,37.01851011172385
33,-1.4835068377146041,,,-9.657050108278028,38.10474272844729
34,-1.4830074707868268,,,-9.895171174369722,39.1868224370959
35,-1.4825081417853603,,,-10.130453597276858,40.264760182316714
36,-1.4820088518157162,,,-10.362926153153351,41.3385668925679
37,-1.4815096019834089,,,-10.5926173312019,42.408253480093926
38,-1.481010393393927,,,-10.819555336540425,43.473830840900845
39,-1.4805112271527048,,,-11.043768093039814,44.53530985473162
40,-1.4800121043650942,,,-11.265283246133267,45.59270138504155
41,-1.4795130261363356,,,-11.484128165597532,46.64601627897376
42,-1.4790139935715299,,,-11.700329948306301,47.695265367334784
43,-1.4785150077756097,,,-11.91391542095605,48.74045946457024
44,-1.478016069853312,,,-12.1249111427646,49.781609368740604
45,-1.4775171809091487,,,-12.33334340814267,50.81872586149698
46,-1.4770183420473788,,,-12.539238249338691,51.85181970805712
47,-1.4765195543719796,,,-12.74262143905716,52.880901657181404
48,-1.4760208189866193,,,-12.943518493050773,53.90598244114894
49,-1.475522136994628,,,-13.141954672686621,54.92707277573383
50,-1.47502350949897,,,-13.337954987486718,55.944183360181455
51,-1.4745249376022154,,,-13.53154419764308,56.957324877184874
52,-1.4740264224065118,,,-13.722746816507652,57.96650799286137
53,-1.4735279650135569,,,-13.911587113057294,58.97174335672903
54,-1.4730295665245696,,,-14.09808911433412,59.97304160168351
55,-1.472531228040263,,,-14.282276607861402,60.97041334397485
56,-1.4720329506608152,,,-14.464173144035287,61.963869183184386
57,-1.4715347354858428,,,-14.6438020384926,62.95341970220184
58,-1.4710365836143722,,,-14.82118637445492,63.93907546720246
59,-1.470538496144812,,,-14.996349005049215,64.92084702762429
60,-1.4700404741749256,,,-15.169312555605256,65.8987449161456
61,-1.4695425188018028,,,-15.340099425930015,66.87277964866234
62,-1.4690446311218328,,,-15.508731792559326,67.84296172426583
63,-1.4685468122306766,,,-15.67523161098699,68.80930162522046
64,-1.4680490632232397,,,-15.839620617871581,69.77180981694157
65,-1.467551385193644,,,-16.001920333221168,70.7304967479735
66,-1.467053779235201,,,-16.16215206255616,71.68537284996766
67,-1.4665562464403847,,,-16.320336899050513,72.6364485376608
68,-1.466058787900804,,,-16.47649572565151,73.58373420885339
69,-1.4655614047071754,,,-16.63064921717832,74.52724024438817
70,-1.4650640979492966,,,-16.78281784239955,75.46697700812872
71,-1.4645668687160187,,,-16.933021866090016,76.40295484693833
72,-1.4640697180952205,,,-17.081281351066917,77.33518409065884
73,-1.4635726471737802,,,-17.227616160205635,78.26367505208977
74,-1.4630756570375498,,,-17.372045958435372,79.18843802696745
75,-1.462578748771328,,,-17.51459021471479,80.10948329394441
76,-1.4620819234588338,,,-17.6552682039879,81.0268211145688
77,-1.4615851821826797,,,-17.794099009120362,81.9404617332641
78,-1.4610885260243456,,,-17.93110152281642,82.8504153773088
79,-1.4605919560641525,,,-18.066294449516633,83.7566922568164
80,-1.4600954733812364,,,-18.199696307276636,84.65930256471538
81,-1.4595990790535218,,,-18.33132542962708,85.55825647672951
82,-1.4591027741576958,,,-18.461199967414952,86.4535641513582
83,-1.4586065597691829,,,-18.589337890626503,87.34523572985695
84,-1.4581104369621178,,,-18.715756990191885,88.23328133621813
85,-1.457614406809321,,,-18.84047487977176,89.11771107715172
86,-1.4571184703822726,,,-18.963508997526024,89.99853504206641
87,-1.4566226287510866,,,-19.084876607864807,90.87576330305062
88,-1.4561268829844862,,,-19.204594803181983,91.74940591485392
89,-1.455631234149778,,,-19.322680505571306,92.61947291486847
90,-1.4551356833128266,,,-19.439150468525373,93.48597432311063
91,-1.4546402315380302,,,-19.554021278617604,94.34892014220277
92,-1.4541448798882952,,,-19.667309357167365,95.2083203573553
93,-1.4536496294250112,,,-19.779030961888445,96.06418493634875
94,-1.4531544812080268,,,-19.88920218852103,96.91652382951605
95,-1.4526594362956247,,,-19.997838972447326,97.76534696972506
96,-1.452164495744497,,,-20.10495709029105,98.61066427236119
97,-1.4516696606097215,,,-20.21057216150089,99.45248563531024
98,-1.4511749319447365,,,-20.31469964991811,100.29082093894137
99,-1.4506803108013173,,,-20.417354865328498,101.12568004609028
100,-1.4501857982295527,,,-20.518552964998758,101.95707280204256
101,-1.4496913952778196,,,-20.618308955197527,102.78500903451722
102,-1.449197102992761,,,-20.716637692701198,103.60949855365035
103,-1.4487029224192611,,,-20.81355388628463,104.43055115197909
104,-1.4482088546004224,,,-20.909072098196983,105.2481766044256
105,-1.447714900577542,,,-21.003206745622766,106.06238466828135
106,-1.4472210613900889,,,-21.09597210212825,106.87318508319157
107,-1.4467273380756807,,,-21.187382299093436,107.68058757113982
108,-1.4462337316700602,,,-21.27745132712967,108.48460183643283
109,-1.4457402432070732,,,-21.366193037483086,109.28523756568548
110,-1.4452468737186455,,,-21.453621143424,110.08250442780596
111,-1.4447536242347605,,,-21.539749221622404,110.87641207398116
112,-1.4442604957834368,,,-21.624590713509686,111.66697013766222
113,-1.4437674893907058,,,-21.70815892662674,112.45418823455026
114,-1.4432746060805894,,,-21.790467035958578,113.23807596258234
115,-1.4427818468750788,,,-21.87152808525558,114.01864290191759
116,-1.442289212794112,,,-21.95135498834155,114.79589861492353
117,-1.4417967048555522,,,-22.029960530408648,115.56985264616259
118,-1.4413043240751664,,,-22.107357369299386,116.34051452237885
119,-1.440812071466604,,,-22.1835580367758,117.10789375248496
120,-1.4403199480413755,,,-22.25857493977591,117.87199982754919
121,-1.439827954808832,,,-22.332420361657626,118.63284222078283
122,-1.439336092776143,,,-22.40510646343017,119.39043038752767
123,-1.4388443629482768,,,-22.476645284973237,120.14477376524367
124,-1.4383527663279794,,,-22.547048746243917,120.89588177349692
125,-1.437861303915754,,,-22.61632864847153,121.64376381394781
126,-1.4373699767098407,,,-22.68449667534055,122.38842927033923
127,-1.4368787857061969,,,-22.75156439416167,123.12988750848517
128,-1.4363877318984761,,,-22.817543257031126,123.86814787625946
129,-1.4358968162780092,,,-22.88244460197849,124.60321970358466
130,-1.4354060398337845,,,-22.946279654102906,125.33511230242122
131,-1.4349154035524276,,,-23.009059526698003,126.06383496675687
132,-1.434424908418183,,,-23.070795222365543,126.78939697259611
133,-1.4339345554128944,,,-23.131497634117927,127.51180757795
134,-1.433444345515985,,,-23.191177546469675,128.23107602282613
135,-1.4329542797044401,,,-23.249845636517982,128.94721152921886
136,-1.432464358952787,,,-23.307512475012462,129.6602233010996
137,-1.4319745842330776,,,-23.364188527414214,130.3701205244075
138,-1.4314849565148688,,,-23.419884154944263,131.07691236704025
139,-1.4309954767652056,,,-23.474609615621528,131.78060797884513
140,-1.4305061459486017,,,-23.528375065290412,132.48121649161016
141,-1.430016965027023,,,-23.5811905586381,133.17874701905566
142,-1.4295279349598684,,,-23.633066050201695,133.87320865682588
143,-1.4290390567039541,,,-23.684011395365278,134.56461048248087
144,-1.4285503312134944,,,-23.734036351346983,135.25296155548858
145,-1.4280617594400853,,,-23.78315057817622,135.93827091721718
146,-1.4275733423326877,,,-23.8313636396611,136.62054759092757
147,-1.4270850808376103,,,-23.878685004346206,137.2998005817662
148,-1.4265969758984929,,,-23.925124046460777,137.97603887675788
149,-1.4261090284562896,,,-23.970690046857396,138.64927144479913
150,-1.425621239449253,,,-24.01539219394131,139.31950723665148
151,-1.425133609812917,,,-24.05923958459045,139.98675518493505
152,-1.4246461404800828,,,-24.10224122506625,140.65102420412248
153,-1.4241588323808008,,,-24.144406031915352,141.31232319053294
154,-1.4236716864423564,,,-24.185742832862292,141.97066102232634
155,-1.423184703589254,,,-24.22626036769328,142.62604655949792
156,-1.4226978847432017,,,-24.26596728913111,143.2784886438729
157,-1.4222112308230963,,,-24.304872163701358,143.92799609910134
158,-1.4217247427450082,,,-24.342983472589886,144.57457773065346
159,-1.4212384214221667,,,-24.380309612491793,145.21824232581488
160,-1.4207522677649456,,,-24.416858896451863,145.85899865368225
161,-1.4202662826808483,,,-24.452639554696628,146.496855465159
162,-1.419780467074494,,,-24.487659735458088,147.13182149295147
163,-1.4192948218476034,,,-24.521927505789222,147.76390545156508
164,-1.4188093478989847,,,-24.55545085237132,148.39311603730084
165,-1.4183240461245203,,,-24.588237682313256,149.01946192825204
166,-1.417838917417153,,,-24.62029582394279,149.64295178430118
167,-1.4173539626668725,,,-24.651633027589913,150.26359424711703
168,-1.4168691827607025,,,-24.68225696636241,150.88139794015208
169,-1.4163845785826872,,,-24.712175236913627,151.49637146864012
170,-1.4159001510138791,,,-24.741395360202606,152.10852341959392
171,-1.415415900932326,,,-24.76992478224658,152.7178623618034
172,-1.4149318292130586,,,-24.797770874865986,153.3243968458339
173,-1.414447936728078,,,-24.824940936422,153.92813540402437
174,-1.4139642243463442,,,-24.85144219254671,154.52908655048648
175,-1.4134806929337633,,,-24.877281796866008,155.1272587811031
176,-1.4129973433531764,,,-24.902466831715223,155.7226605735278
177,-1.4125141764643478,,,-24.927004308847643,156.31530038718398
178,-1.4120311931239535,,,-24.95090117013591,156.90518666326454
179,-1.41154839418557,,,-24.974164288266458,157.49232782473163
180,-1.4110657804996634,,,-24.99680046742696,158.07673227631668
181,-1.4105833529135785,,,-25.01881644398695,158.6584084045207
182,-1.410101112271528,,,-25.040218887171594,159.23736457761473
183,-1.4096190594145817,,,-25.061014399728794,159.81360914564038
184,-1.409137195180657,,,-25.081209518589567,160.387150440411
185,-1.4086555204045084,,,-25.100810715521853,160.95799677551253
186,-1.4081740359177164,,,-25.11982439777779,161.52615644630504
187,-1.4076927425486796,,,-25.138256908734515,162.09163772992423
188,-1.4072116411226037,,,-25.15611452852857,162.65444888528322
189,-1.4067307324614924,,,-25.173403474683962,163.21459815307455
190,-1.4062500173841386,,,-25.19012990273397,163.77209375577243
191,-1.4057694967061143,,,-25.2062999068367,164.3269438976352
192,-1.4052891712397626,,,-25.22191952038454,164.87915676470794
193,-1.4048090417941888,,,-25.23699471660748,165.42874052482543
194,-1.4043291091752512,,,-25.251531409170457,165.97570332761515
195,-1.4038493741855536,,,-25.265535452764677,166.52005330450072
196,-1.4033698376244361,,,-25.27901264369308,167.06179856870537
197,-1.4028905002879681,,,-25.291968720449926,167.60094721525576
198,-1.4024113629689396,,,-25.304409364294614,168.13750732098586
199,-1.4019324264568538,,,-25.31634019981976,168.67148694454124
200,-1.4014536915379197,,,-25.327766795513597,169.2028941263834
201,-1.4009751589950445,,,-25.33869466431677,169.73173688879447
202,-1.4004968296078268,,,-25.349129264173566,170.258023235882
203,-1.4000187041525491,,,-25.35907599857765,170.78176115358409
204,-1.3995407834021711,,,-25.368540217112333,171.30295860967448
205,-1.3990630681263232,,,-25.377527215985456,171.8216235537683
206,-1.3985855590913,,,-25.38604223855894,172.33776391732755
207,-1.3981082570600536,,,-25.39409047587305,172.85138761366713
208,-1.3976311627921882,,,-25.4016770671654,173.36250253796098
209,-1.3971542770439533,,,-25.408807100384827,173.87111656724827
210,-1.3966776005682384,,,-25.41548561270007,174.37723756044014
211,-1.396201134114567,,,-25.421717591003436,174.88087335832637
212,-1.3957248784290914,,,-25.427507972409398,175.38203178358236
213,-1.3952488342545872,,,-25.432861644748233,175.88072064077633
214,-1.3947730023304483,,,-25.437783447054727,176.3769477163767
215,-1.394297383392682,,,-25.44227817005201,176.87072077875968
216,-1.3938219781739034,,,-25.446350556630552,177.3620475782171
217,-1.393346787403332,,,-25.450005302322392,177.85093584696452
218,-1.3928718118067864,,,-25.45324705577063,178.33739329914926
219,-1.39239705210668,,,-25.45608041919423,178.82142763085903
220,-1.3919225090220169,,,-25.458509948848196,179.3030465201305
221,-1.391448183268388,,,-25.460540155479144,179.78225762695806
222,-1.3909740755579676,,,-25.46217550477634,180.259068593303
223,-1.3905001865995086,,,-25.463420417818234,180.73348704310274
224,-1.39002651709834,,,-25.464279271514545,181.2055205822802
225,-1.389553067756363,,,-25.464756399043917,181.67517679875363
226,-1.389079839272048,,,-25.46485609028725,182.14246326244626
227,-1.3886068323404317,,,-25.46458259225666,182.60738752529662
228,-1.3881340476531137,,,-25.46394010952021,183.06995712126852
229,-1.3876614858982543,,,-25.462932804622348,183.53017956636182
230,-1.3871891477605718,,,-25.461564798500216,183.98806235862284
231,-1.38671703392134,,,-25.45984017089577,184.44361297815541
232,-1.3862451450583855,,,-25.457762960763787,184.8968388871318
233,-1.3857734818460865,,,-25.45533716667582,185.34774752980405
234,-1.3853020449553703,,,-25.45256674722014,185.79634633251547
235,-1.3848308350537115,,,-25.449455621397636,186.24264270371222
236,-1.3843598528051302,,,-25.446007669013834,186.68664403395516
237,-1.3838890988701908,,,-25.442226731066974,187.12835769593192
238,-1.383418573906001,,,-25.438116610132212,187.56779104446912
239,-1.3829482785662093,,,-25.43368107074202,188.00495141654483
240,-1.3824782135010054,,,-25.42892383976276,188.43984613130112
241,-1.3820083793571185,,,-25.423848606767553,188.87248249005702
242,-1.3815387767778167,,,-25.418459024405387,189.30286777632128
243,-1.3810694064029063,,,-25.412758708766553,189.7310092558058
244,-1.3806002688687313,,,-25.406751239744484,190.15691417643882
245,-1.3801313648081734,,,-25.400440161393924,190.58058976837864
246,-1.3796626948506514,,,-25.393828982285577,191.00204324402728
247,-1.3791942596221214,,,-25.38692117585721,191.42128179804442
248,-1.3787260597450768,,,-25.37972018076125,191.8383126073615
249,-1.3782580958385484,,,-25.372229401208926,192.25314283119613
250,-1.3777903685181052,,,-25.364452207310975,192.66577961106648
251,-1.3773228783958542,,,-25.35639193541498,193.07623007080596
252,-1.376855626080442,,,-25.348051888439308,193.48450131657813
253,-1.3763886121770548,,,-25.339435336203763,193.89060043689162
254,-1.3759218372874193,,,-25.330545515756924,194.2945345026155
255,-1.3754553020098046,,,-25.321385631700217,194.69631056699455
256,-1.3749890069390225,,,-25.311958856508788,195.09593566566483
257,-1.374522952666429,,,-25.30226833084916,195.49341681666945
258,-1.3740571397799264,,,-25.292317163893728,195.88876102047453
259,-1.373591568863964,,,-25.282108433632136,196.28197525998522
260,-1.37312624049954,,,-25.27164518717954,196.673066500562
261,-1.3726611552642038,,,-25.260930441081825,197.0620416900371
262,-1.372196313732058,,,-25.249967181617755,197.4489077587311
263,-1.3717317164737597,,,-25.238758365098136,197.8336716194698
264,-1.3712673640565234,,,-25.227306918162,198.21634016760112
265,-1.3708032570441233,,,-25.215615738069847,198.59692028101207
266,-1.3703393959968955,,,-25.203687692993938,198.9754188201463
267,-1.3698757814717408,,,-25.191525622305754,199.35184262802136
268,-1.3694124140221275,,,-25.179132336860544,199.72619853024636
269,-1.3689492941980939,,,-25.166510619279073,200.09849333503985
270,-1.3684864225462514,,,-25.15366322422656,200.46873383324763
271,-1.3680237996097881,,,-25.140592878688835,200.8369267983609
272,-1.367561425928471,,,-25.12730228224577,201.20307898653462
273,-1.3670993020386502,,,-25.113794107341953,201.5671971366058
274,-1.3666374284732619,,,-25.10007099955471,201.92928797011226
275,-1.366175805761832,,,-25.086135577859444,202.28935819131112
276,-1.36571443443048,,,-25.07199043489234,202.64741448719798
277,-1.3652533150019222,,,-25.057638137210454,203.0034635275258
278,-1.3647924479954763,,,-25.043081225549212,203.35751196482425
279,-1.3643318339270647,,,-25.02832221507738,203.709566434419
280,-1.3638714733092194,,,-25.013363595649448,204.0596335544512
281,-1.3634113666510856,,,-24.998207832055552,204.40771992589728
282,-1.3629515144584263,,,-24.982857364268895,204.75383213258868
283,-1.3624919172336265,,,-24.967314607690707,205.09797674123192
284,-1.3620325754756977,,,-24.951581953392772,205.44016030142856
285,-1.3615734896802831,,,-24.93566176835755,205.78038934569568
286,-1.3611146603396618,,,-24.91955639571592,206.11867038948614
287,-1.3606560879427538,,,-24.903268154982527,206.45500993120925
288,-1.3601977729751251,,,-24.88679934228885,206.78941445225144
289,-1.3597397159189926,,,-24.8701522306139,207.12189041699708
290,-1.359281917253229,,,-24.853329070012656,207.45244427284953
291,-1.358824377453369,,,-24.836332087842226,207.78108245025228
292,-1.3583670969916135,,,-24.819163488985772,208.10781136271018
293,-1.3579100763368355,,,-24.801825456074187,208.4326374068109
294,-1.3574533159545858,,,-24.784320149705593,208.75556696224643
295,-1.3569968163070987,,,-24.76664970866266,209.07660639183487
296,-1.3565405778532973,,,-24.74881625012775,209.39576204154218
297,-1.3560846010487997,,,-24.73082186989595,209.71304024050414
298,-1.355628886345925,,,-24.712668642585975,210.0284473010485
299,-1.3551734341936987,,,-24.694358621848973,210.34198951871713
300,-1.3547182450378596,,,-24.675893840575288,210.65367317228845
301,-1.3542633193208655,,,-24.65727631109912,210.96350452379994
302,-1.3538086574818997,,,-24.638508025401222,211.27148981857067
303,-1.3533542599568769,,,-24.619590955309512,211.57763528522406
304,-1.3529001271784502,,,-24.600527052697757,211.88194713571082
305,-1.3524462595760176,,,-24.581318249682255,212.18443156533195
306,-1.3519926575757282,,,-24.56196645881658,212.4850947527618
307,-1.3515393216004892,,,-24.542473573284386,212.7839428600713
308,-1.3510862520699727,,,-24.522841467090295,213.08098203275145
309,-1.3506334494006222,,,-24.50307199524891,213.37621839973673
310,-1.3501809140056606,,,-24.483166993971942,213.6696580734287
311,-1.3497286462950957,,,-24.46312828085349,213.96130714971977
312,-1.3492766466757282,,,-24.44295765505347,214.25117170801698
313,-1.3488249155511591,,,-24.422656897479243,214.5392578112661
314,-1.3483734533217961,,,-24.402227770965432,214.82557150597563
315,-1.347922260384862,,,-24.381672020451965,215.1101188222409
316,-1.347471337134401,,,-24.360991373160342,215.39290577376855
317,-1.3470206839612866,,,-24.340187538768173,215.67393835790088
318,-1.34657030125323,,,-24.319262209581975,215.9532225556404
319,-1.346120189394786,,,-24.298217060708257,216.2307643316744
320,-1.3456703487673625,,,-24.277053750222915,216.50656963439982
321,-1.3452207797492266,,,-24.255773919338953,216.78064439594803
322,-1.344771482715514,,,-24.23437919257253,217.0529945322098
323,-1.3443224580382354,,,-24.212871177907378,217.32362594286042
324,-1.3438737060862855,,,-24.191251466957585,217.59254451138483
325,-1.3434252272254508,,,-24.169521635128767,217.85975610510297
326,-1.3429770218184172,,,-24.14768324177764,218.1252665751951
327,-1.3425290902247788,,,-24.125737830370017,218.3890817567273
328,-1.342081432801046,,,-24.103686928637256,218.65120746867706
329,-1.3416340499006532,,,-24.08153204873113,218.91164951395893
330,-1.3411869418739677,,,-24.05927468737719,219.17041367945043
331,-1.3407401090682978,,,-24.036916326026592,219.42750573601776
332,-1.3402935518279016,,,-24.014458431006442,219.6829314385419
333,-1.3398472704939952,,,-23.99190245366863,219.93669652594463
334,-1.3394012654047611,,,-23.96924983053722,220.1888067212147
335,-1.3389555368953576,,,-23.946501983454358,220.43926773143406
336,-1.3385100852979264,,,-23.923660319724746,220.68808524780428
337,-1.3380649109416018,,,-23.900726232258698,220.9352649456729
338,-1.33762001415252,,,-23.877701099713757,221.18081248456014
339,-1.3371753952538274,,,-23.85458628663494,221.42473350818517
340,-1.3367310545656892,,,-23.831383143593573,221.66703364449322
341,-1.336286992405299,,,-23.808093007324775,221.90771850568203
342,-1.335843209086887,,,-23.78471720086356,222.14679368822894
343,-1.3353997049217303,,,-23.76125703367963,222.38426477291776
344,-1.3349564802181604,,,-23.737713801810777,222.62013732486588
345,-1.3345135352815736,,,-23.714088787995042,222.85441689355127
346,-1.3340708704144395,,,-23.6903832618015,223.08710901283982
347,-1.3336284859163103,,,-23.666598479759795,223.31821920101245
348,-1.3331863820838301,,,-23.642735685488393,223.5477529607927
349,-1.3327445592107445,,,-23.618796109821538,223.77571577937402
350,-1.3323030175879096,,,-23.59478097093499,224.0021131284473
351,-1.3318617575033012,,,-23.570691474470507,224.22695046422845
352,-1.3314207792420247,,,-23.546528813659098,224.45023322748614
353,-1.3309800830863245,,,-23.522294169443047,224.6719668435695
354,-1.330539669315593,,,-23.497988710596758,224.89215672243589
355,-1.330099538206381,,,-23.473613593846395,225.11080825867884
356,-1.329659690032406,,,-23.449169963988336,225.32792683155594
357,-1.3292201250645634,,,-23.424658954006468,225.54351780501693
358,-1.328780843570935,,,-23.40008168518831,225.75758652773177
359,-1.3283418458167986,,,-23.375439267240015,225.97013833311877
360,-1.3279031320646388,,,-23.350732798400205,226.1811785393728
361,-1.327464702574156,,,-23.32596336555272,226.39071244949366
362,-1.327026557602276,,,-23.30113204433823,226.59874535131436
363,-1.32658869740316,,,-23.276239899264755,226.80528251752955
364,-1.326151122228215,,,-23.25128798381708,227.010329205724
365,-1.3257138323261026,,,-23.226277340565122,227.2138906584011
366,-1.32527682794275,,,-23.201209001271213,227.41597210301157
367,-1.3248401093213593,,,-23.176083986996304,227.61657875198196
368,-1.3244036767024174,,,-23.150903308205166,227.8157158027435
369,-1.3239675303237064,,,-23.125667964870512,228.01338843776082
370,-1.323531670420313,,,-23.10037894657613,228.20960182456074
371,-1.3230960972246395,,,-23.075037232618968,228.4043611157612
372,-1.3226608109664126,,,-23.04964379211023,228.5976714491002
373,-1.3222258118726948,,,-23.02419958407549,228.78953794746477
374,-1.3217911001678937,,,-22.998705557553773,228.97996571891997
375,-1.3213566760737718,,,-22.97316265169572,229.16895985673813
376,-1.3209225398094577,,,-22.947571795860746,229.35652543942774
377,-1.3204886915914555,,,-22.921933909713257,229.5426675307629
378,-1.3200551316336553,,,-22.89624990331791,229.72739117981243
379,-1.319621860147343,,,-22.87052067723394,229.9107014209691
380,-1.3191888773412113,,,-22.844747122608577,230.09260327397914
381,-1.3187561834213688,,,-22.818930121269506,230.27310174397147
382,-1.3183237785913515,,,-22.793070545816448,230.4522018214872
383,-1.3178916630521325,,,-22.767169259711835,230.62990848250902
384,-1.317459837002132,,,-22.741227117370574,230.80622668849082
385,-1.317028300637228,,,-22.71524496424896,230.98116138638713
386,-1.316597054150767,,,-22.68922363693268,231.15471750868275
387,-1.3161660977335732,,,-22.66316396322398,231.32689997342243
388,-1.3157354315739596,,,-22.637066762227956,231.49771368424044
389,-1.3153050558577386,,,-22.610932844438015,231.66716353039038
390,-1.3148749707682321,,,-22.58476301182047,231.83525438677486
391,-1.3144451764862815,,,-22.558558057898328,232.00199111397535
392,-1.3140156731902584,,,-22.53231876783424,232.16737855828188
393,-1.3135864610560752,,,-22.50604591851265,232.331421551723
394,-1.3131575402571956,,,-22.479740278621115,232.49412491209554
395,-1.3127289109646443,,,-22.45340260873084,232.6554934429947
396,-1.312300573347018,,,-22.427033661376438,232.81553193384389
397,-1.311872527570496,,,-22.400634181134862,232.97424515992466
398,-1.3114447737988502,,,-22.374204904703607,233.13163788240684
399,-1.3110173121934554,,,-22.347746560978127,233.28771484837847
400,-1.3105901429133007,,,-22.32125987112848,233.4424807908759
401,-1.3101632661149987,,,-22.294745548675238,233.59594042891388
402,-1.309736681952797,,,-22.268204299564637,233.7480984675157
403,-1.309310390578588,,,-22.241636822243017,233.8989595977433
404,-1.3088843921419195,,,-22.215043807730485,234.04852849672747
405,-1.3084586867900059,,,-22.188425939693904,234.19680982769805
406,-1.3080332746677377,,,-22.161783894519125,234.34380824001408
407,-1.307608155917692,,,-22.13511834138255,234.48952836919412
408,-1.3071833306801437,,,-22.10842994232196,234.63397483694646
409,-1.3067587990930756,,,-22.081719352306653,234.77715225119942
410,-1.3063345612921886,,,-22.054987219306916,234.91906520613168
411,-1.3059106174109127,,,-22.0282341843628,235.0597182822025
412,-1.3054869675804173,,,-22.001460881652203,235.1991160461822
413,-1.3050636119296208,,,-21.97466793855833,235.3372630511824
414,-1.304640550585203,,,-21.94785597573645,235.47416383668636
415,-1.3042177836716133,,,-21.92102560718001,235.60982292857955
416,-1.3037953113110832,,,-21.894177440286132,235.7442448391799
417,-1.303373133623635,,,-21.867312075920413,235.8774340672683
418,-1.3029512507270935,,,-21.840430108481126,236.00939509811886
419,-1.3025296627370961,,,-21.8135321259628,236.14013240352963
420,-1.302108369767103,,,-21.786618710019145,236.2696504418528
421,-1.3016873719284077,,,-21.75969043602538,236.39795365802533
422,-1.3012666693301476,,,-21.73274787313996,236.52504648359934
423,-1.3008462620793144,,,-21.70579158436567,236.6509333367726
424,-1.3004261502807646,,,-21.67882212661015,236.7756186224191
425,-1.3000063340372296,,,-21.651840050745815,236.89910673211944
426,-1.2995868134493263,,,-21.624845901669183,237.02140204419146
427,-1.299167588615567,,,-21.59784021835962,237.14250892372067
428,-1.298748659632371,,,-21.570823533937546,237.2624317225908
429,-1.2983300265940736,,,-21.543796375722007,237.3811747795143
430,-1.2979116895929375,,,-21.516759265287742,237.49874242006297
431,-1.2974936487191624,,,-21.489712718521673,237.6151389566984
432,-1.2970759040608957,,,-21.462657245678823,237.73036868880246
433,-1.2966584557042429,,,-21.435593351437713,237.84443590270803
434,-1.2962413037332776,,,-21.408521534955206,237.9573448717294
435,-1.2958244482300523,,,-21.381442289920813,238.06909985619282
436,-1.295407889274608,,,-21.354356104610474,238.17970510346706
437,-1.2949916269449848,,,-21.327263461939808,238.28916484799402
438,-1.2945756613172328,,,-21.30016483951685,238.3974833113192
439,-1.2941599924654212,,,-21.27306070969426,238.50466470212228
440,-1.2937446204616494,,,-21.245951539621025,238.61071321624763
441,-1.2933295453760567,,,-21.218837791293677,238.71563303673483
442,-1.292914767276833,,,-21.19171992160698,238.81942833384926
443,-1.2925002862302286,,,-21.164598382404126,238.92210326511264
444,-1.2920861023005643,,,-21.137473620526478,239.02366197533343
445,-1.291672215550242,,,-21.11034607786277,239.1241085966375
446,-1.2912586260397545,,,-21.083216191397867,239.22344724849856
447,-1.2908453338276955,,,-21.056084393261045,239.32168203776865
448,-1.2904323389707704,,,-21.02895111077377,239.4188170587087
449,-1.2900196415238057,,,-21.001816766497058,239.514856393019
450,-1.289607241539759,,,-20.974681778278324,239.60980410986963
451,-1.2891951390697296,,,-20.947546559297813,239.70366426593097
452,-1.2887833341629684,,,-20.920411518114552,239.79644090540418
453,-1.2883718268668876,,,-20.893277058711867,239.88813806005166
454,-1.2879606172270706,,,-20.86614358054245,239.97875974922738
455,-1.2875497052872829,,,-20.839011478572985,240.06830997990744
456,-1.2871390910894809,,,-20.811881143328357,240.1567927467204
457,-1.2867287746738227,,,-20.784752960935386,240.24421203197778
458,-1.2863187560786775,,,-20.757627313166193,240.3305718057043
459,-1.2859090353406357,,,-20.730504577481092,240.41587602566835
460,-1.2854996124945188,,,-20.703385127071098,240.5001286374124
461,-1.285090487573389,,,-20.67626933089999,240.58333357428322
462,-1.2846816606085596,,,-20.64915755374601,240.6654947574623
463,-1.284273131629604,,,-20.622050156243102,240.74661609599616
464,-1.2838649006643665,,,-20.594947494921776,240.82670148682652
465,-1.2834569677389709,,,-20.567849922249582,240.9057548148208
466,-1.2830493328778312,,,-20.540757786671175,240.98377995280217
467,-1.2826419961036608,,,-20.513671432647993,241.0607807615799
468,-1.2822349574374827,,,-20.48659120069755,241.1367610899796
469,-1.2818282168986384,,,-20.45951742743234,241.21172477487332
470,-1.2814217745047982,,,-20.432450445598377,241.28567564120988
471,-1.2810156302719709,,,-20.40539058411335,241.35861750204484
472,-1.2806097842145125,,,-20.37833816810439,241.43055415857089
473,-1.280204236345137,,,-20.3512935189455,241.5014894001477
474,-1.2797989866749249,,,-20.32425695429462,241.57142700433224
475,-1.2793940352133333,,,-20.297228788130283,241.6403707369087
476,-1.2789893819682057,,,-20.270209330787985,241.70832435191863
477,-1.2785850269457804,,,-20.24319888899613,241.775291591691
478,-1.278180970150701,,,-20.21619776591169,241.84127618687208
479,-1.2777772115860255,,,-20.18920626115548,241.90628185645548
480,-1.2773737512532357,,,-20.16222467084708,241.97031230781218
481,-1.276970589152246,,,-20.13525328763946,242.0333712367203
482,-1.276567725281414,,,-20.10829240075323,242.09546232739518
483,-1.2761651596375485,,,-20.081342296010565,242.1565892525191
484,-1.2757628922159197,,,-20.054403255868824,242.21675567327125
485,-1.275360923010268,,,-20.027475559453805,242.2759652393575
486,-1.274959252012814,,,-20.0005594825927,242.33422158904017
487,-1.274557879214266,,,-19.97365529784673,242.39152834916783
488,-1.2741568046038312,,,-19.94676327454345,242.44788913520503
489,-1.2737560281692237,,,-19.919883678808755,242.50330755126203
490,-1.273355549896674,,,-19.89301677359856,242.55778719012446
491,-1.2729553697709377,,,-19.866162818730185,242.61133163328293
492,-1.2725554877753054,,,-19.839322070913415,242.6639444509627
493,-1.2721559038916106,,,-19.812494783781293,242.71562920215328
494,-1.27175661810024,,,-19.785681207920586,242.7663894346379
495,-1.2713576303801413,,,-19.758881590901954,242.81622868502313
496,-1.2709589407088329,,,-19.73209617730984,242.8651504787684
497,-1.2705605490624128,,,-19.705325208772063,242.91315833021534
498,-1.270162455415567,,,-19.678568923989133,242.9602557426172
499,-1.2697646597415793,,,-19.651827558763255,243.0064462081684
500,-1.2693671620123388,,,-19.625101346027087,243.0517332080338
501,-1.2689699621983501,,,-19.598390515872193,243.09612021237797
502,-1.2685730602687413,,,-19.57169529557722,243.13961068039458
503,-1.2681764561912727,,,-19.54501590963583,243.1822080603356
504,-1.2677801499323462,,,-19.518352579784317,243.22391578954054
505,-1.267384141457013,,,-19.491705525028998,243.26473729446568
506,-1.2669884307289836,,,-19.465074961673306,243.30467599071312
507,-1.2665930177106346,,,-19.438461103344636,243.34373528305997
508,-1.2661979023630194,,,-19.411864161020933,243.38191856548744
509,-1.2658030846458752,,,-19.385284343057016,243.41922922120978
510,-1.265408564517632,,,-19.358721855210643,243.45567062270342
511,-1.2650143419354218,,,-19.332176900668326,243.4912461317359
512,-1.2646204168550859,,,-19.305649680070914,243.5259590993947
513,-1.2642267892311843,,,-19.27914039153889,243.5598128661162
514,-1.2638334590170035,,,-19.252649230697447,243.59281076171462
515,-1.2634404261645658,,,-19.22617639070134,243.6249561054107
516,-1.2630476906246362,,,-19.19972206225945,243.65625220586048
517,-1.2626552523467323,,,-19.173286433659136,243.68670236118416
518,-1.2622631112791312,,,-19.146869690790375,243.71630985899463
519,-1.261871267368879,,,-19.120472017169604,243.74507797642624
520,-1.2614797205617985,,,-19.094093593963404,243.7730099801634
521,-1.261088470802497,,,-19.067734600011903,243.8001091264691
522,-1.2606975180343751,,,-19.041395211851974,243.82637866121345
523,-1.260306862199635,,,-19.015075603740197,243.85182181990226
524,-1.2599165032392872,,,-18.988775947675613,243.87644182770538
525,-1.2595264410931606,,,-18.962496413422244,243.90024189948517
526,-1.2591366756999092,,,-18.93623716853141,243.92322523982477
527,-1.2587472069970205,,,-18.909998378363806,243.9453950430566
528,-1.2583580349208234,,,-18.88378020611139,243.96675449329047
529,-1.2579691594064966,,,-18.85758281281904,243.98730676444188
530,-1.2575805803880755,,,-18.831406357406024,244.00705502026028
531,-1.2571922977984615,,,-18.80525099668723,244.02600241435704
532,-1.2568043115694285,,,-18.779116885394224,244.04415209023375
533,-1.2564166216316315,,,-18.75300417619607,244.06150718131022
534,-1.2560292279146141,,,-18.72691301971999,244.0780708109524
535,-1.255642130346817,,,-18.700843564571773,244.09384609250043
536,-1.2552553288555846,,,-18.674795957356046,244.1088361292966
537,-1.254868823367173,,,-18.64877034269629,244.12304401471323
538,-1.2544826138067586,,,-18.62276686325471,244.1364728321804
539,-1.2540967000984444,,,-18.59678565975187,244.1491256552139
540,-1.2537110821652686,,,-18.570826870986178,244.16100554744278
541,-1.2533257599292118,,,-18.544890633853154,244.17211556263723
542,-1.2529407333112044,,,-18.518977083364533,244.18245874473618
543,-1.2525560022311342,,,-18.49308635266716,244.1920381278748
544,-1.2521715666078541,,,-18.46721857306172,244.20085673641228
545,-1.2517874263591893,,,-18.44137387402129,244.2089175849591
546,-1.2514035814019449,,,-18.415552383209683,244.21622367840462
547,-1.251020031651913,,,-18.38975422649964,244.2227780119445
548,-1.25063677702388,,,-18.36397952799086,244.22858357110812
549,-1.2502538174316347,,,-18.338228410027817,244.23364333178571
550,-1.2498711527879747,,,-18.312500993217423,244.23796026025585
551,-1.2494887830047139,,,-18.286797396446534,244.24153731321255
552,-1.2491067079926896,,,-18.26111773689926,244.2443774377925
553,-1.2487249276617705,,,-18.23546213007412,244.2464835716022
554,-1.2483434419208626,,,-18.209830689801052,244.24785864274494
555,-1.247962250677917,,,-18.184223528258226,244.24850556984796
556,-1.2475813538399376,,,-18.158640755988696,244.2484272620894
557,-1.2472007513129866,,,-18.133082481916926,244.24762661922517
558,-1.2468204430021927,,,-18.10754881336511,244.24610653161588
559,-1.246440428811758,,,-18.08203985606938,244.24386988025373
560,-1.2460607086449647,,,-18.05655571419581,244.24091953678916
561,-1.2456812824041819,,,-18.031096490356312,244.23725836355771
562,-1.2453021499908727,,,-18.00566228562434,244.23288921360663
563,-1.2449233113056015,,,-17.980253199550457,244.22781493072154
564,-1.2445447662480398,,,-17.95486933017778,244.22203834945304
565,-1.2441665147169738,,,-17.929510774057206,244.2155622951432
566,-1.243788556610311,,,-17.904177626262577,244.208389583952
567,-1.243410891825087,,,-17.878869980405618,244.2005230228839
568,-1.2430335202574718,,,-17.85358792865079,244.19196540981412
569,-1.242656441802777,,,-17.828331561729968,244.18271953351493
570,-1.2422796563554621,,,-17.803100968956993,244.17278817368205
571,-1.2419031638091413,,,-17.777896238242075,244.16217410096075
572,-1.2415269640565898,,,-17.752717456106048,244.15088007697213
573,-1.2411510569897508,,,-17.727564707694516,244.13890885433915
574,-1.2407754424997415,,,-17.70243807679183,244.12626317671274
575,-1.24040012047686,,,-17.67733764583495,244.1129457787979
576,-1.2400250908105916,,,-17.65226349592717,244.0989593863795
577,-1.2396503533896153,,,-17.6272157068517,244.08430671634835
578,-1.2392759081018097,,,-17.602194357085136,244.06899047672692
579,-1.23890175483426,,,-17.577199523810773,244.05301336669527
580,-1.238527893473264,,,-17.552231282931825,244.03637807661673
581,-1.2381543239043387,,,-17.527289709084478,244.01908728806367
582,-1.237781046012226,,,-17.502374875650855,244.0011436738431
583,-1.2374080596808994,,,-17.47748685477182,243.98254989802226
584,-1.2370353647935701,,,-17.452625717359684,243.96330861595416
585,-1.2366629612326931,,,-17.42779153311078,243.94342247430313
586,-1.2362908488799735,,,-17.40298437051792,243.9228941110702
587,-1.235919027616372,,,-17.378204296882718,243.90172615561855
588,-1.2355474973221119,,,-17.35345137832781,243.87992122869872
589,-1.2351762578766845,,,-17.32872567980896,243.85748194247404
590,-1.2348053091588553,,,-17.30402726512702,243.83441090054572
591,-1.2344346510466702,,,-17.2793561969398,243.81071069797812
592,-1.2340642834174609,,,-17.254712536773837,243.78638392132382
593,-1.2336942061478513,,,-17.230096345036003,243.76143314864862
594,-1.2333244191137633,,,-17.20550768102504,243.73586094955672
595,-1.2329549221904226,,,-17.180946602942985,243.70966988521548
596,-1.2325857152523643,,,-17.156413167906443,243.68286250838045
597,-1.232216798173439,,,-17.13190743195781,243.65544136342015
598,-1.2318481708268192,,,-17.107429450076342,243.62740898634092
599,-1.2314798330850032,,,-17.082979276189135,243.59876790481158
600,-1.2311117848198225,,,-17.058556963181996,243.56952063818815
601,-1.2307440259024471,,,-17.03416256291022,243.53966969753856
602,-1.2303765562033908,,,-17.009796126209235,243.50921758566702
603,-1.230009375592517,,,-16.98545770290518,243.47816679713878
604,-1.229642483939044,,,-16.961147341825352,243.4465198183044
605,-1.2292758811115514,,,-16.936865090808574,243.41427912732428
606,-1.2289095669779846,,,-16.912610996715436,243.38144719419293
607,-1.228543541405661,,,-16.88838510543847,243.34802648076337
608,-1.2281778042612748,,,-16.8641874619122,243.3140194407713
609,-1.2278123554109033,,,-16.840018110123108,243.27942851985927
610,-1.2274471947200118,,,-16.815877093119504,243.24425615560088
611,-1.2270823220534592,,,-16.79176445302129,243.2085047775248
612,-1.226717737275503,,,-16.76768023102965,243.1721768071389
613,-1.2263534402498044,,,-16.743624467436625,243.13527465795403
614,-1.225989430839435,,,-16.719597201634596,243.09780073550814
615,-1.2256257089068803,,,-16.695598472125702,243.05975743739003
616,-1.225262274314046,,,-16.671628316531145,243.02114715326314
617,-1.2248991269222629,,,-16.647686771600398,242.98197226488938
618,-1.224536266592292,,,-16.62377387322034,242.9422351461527
619,-1.2241736931843301,,,-16.59988965642431,242.90193816308286
620,-1.223811406558014,,,-16.57603415540104,242.86108367387897
621,-1.2234494065724264,,,-16.55220740350354,242.81967402893292
622,-1.223087693086101,,,-16.528409433257888,242.77771157085303
623,-1.2227262659570268,,,-16.504640276371894,242.7351986344873
624,-1.222365125042654,,,-16.480899963743756,242.69213754694687
625,-1.2220042701998979,,,-16.457188525470556,242.64853062762927
626,-1.2216437012851453,,,-16.43350599085673,242.60438018824172
627,-1.221283418154258,,,-16.409852388422426,242.55968853282428
628,-1.2209234206625785,,,-16.38622774591179,242.51445795777306
629,-1.2205637086649346,,,-16.362632090301172,242.4686907518632
630,-1.2202042820156442,,,-16.339065447807258,242.42238919627192
631,-1.2198451405685207,,,-16.31552784389512,242.37555556460163
632,-1.2194862841768765,,,-16.292019303286164,242.32819212290264
633,-1.2191277126935294,,,-16.268539849966054,242.28030112969614
634,-1.2187694259708055,,,-16.24508950719251,242.231884835997
635,-1.2184114238605457,,,-16.221668297503058,242.1829454853365
636,-1.2180537062141092,,,-16.198276242722688,242.13348531378503
637,-1.2176962728823786,,,-16.174913363971463,242.08350654997471
638,-1.217339123715764,,,-16.15157968167201,242.03301141512202
639,-1.2169822585642087,,,-16.12827521555701,241.9820021230503
640,-1.2166256772771924,,,-16.10499998467653,241.9304808802122
641,-1.2162693797037367,,,-16.08175400740535,241.87844988571212
642,-1.2159133656924093,,,-16.05853730145019,241.82591133132854
643,-1.2155576350913284,,,-16.03534988385687,241.77286740153644
644,-1.2152021877481674,,,-16.012191771017413,241.71932027352935
645,-1.214847023510159,,,-15.989062978677065,241.66527211724176
646,-1.2144921422240997,,,-15.96596352194125,241.61072509537107
647,-1.2141375437363549,,,-15.94289341528246,241.55568136339983
648,-1.2137832278928617,,,-15.919852672547085,241.50014306961765
649,-1.2134291945391347,,,-15.896841306962164,241.44411235514323
650,-1.2130754435202695,,,-15.873859331142082,241.3875913539463
651,-1.2127219746809477,,,-15.85090675709519,241.33058219286943
652,-1.21236878786544,,,-15.827983596230379,241.27308699164982
653,-1.2120158829176113,,,-15.805089859363571,241.21510786294112
654,-1.211663259680925,,,-15.782225556724162,241.1566469123351
655,-1.2113109179984463,,,-15.759390697961393,241.09770623838324
656,-1.2109588577128476,,,-15.736585292150664,241.0382879326184
657,-1.2106070786664116,,,-15.713809347799787,240.9783940795763
658,-1.2102555807010353,,,-15.691062872855175,240.91802675681697
659,-1.2099043636582354,,,-15.66834587470798,240.8571880349462
660,-1.2095534273791506,,,-15.645658360200153,240.79587997763696
661,-1.2092027717045468,,,-15.623000335630476,240.7341046416506
662,-1.208852396474821,,,-15.600371806760496,240.67186407685813
663,-1.2085023015300047,,,-15.577772778820439,240.60916032626153
664,-1.2081524867097684,,,-15.555203256515044,240.54599542601477
665,-1.207802951853425,,,-15.532663244029347,240.48237140544495
666,-1.2074536967999345,,,-15.51015274503441,240.41829028707326
667,-1.207104721387907,,,-15.487671762692994,240.3537540866361
668,-1.206756025455607,,,-15.465220299665173,240.28876481310584
669,-1.2064076088409572,,,-15.442798358113903,240.22332446871187
670,-1.2060594713815425,,,-15.420405939710523,240.15743504896128
671,-1.205711612914613,,,-15.398043045640222,240.0910985426596
672,-1.2053640332770892,,,-15.375709676607432,240.02431693193168
673,-1.2050167323055638,,,-15.353405832841181,239.9570921922421
674,-1.204669709836307,,,-15.331131514100399,239.88942629241598
675,-1.2043229657052699,,,-15.308886719679155,239.8213211946594
676,-1.203976499748087,,,-15.286671448411857,239.7527788545799
677,-1.203630311800082,,,-15.264485698678401,239.68380122120698
678,-1.203284401696269,,,-15.242329468409267,239.61439023701234
679,-1.2029387692713576,,,-15.22020275509056,239.5445478379304
680,-1.2025934143597565,,,-15.198105555769013,239.47427595337837
681,-1.2022483367955763,,,-15.176037867056937,239.40357650627664
682,-1.2019035364126334,,,-15.153999685137117,239.33245141306875
683,-1.2015590130444533,,,-15.131991005767674,239.2609025837417
684,-1.201214766524275,,,-15.110011824286858,239.1889319218459
685,-1.2008707966850527,,,-15.088062135617822,239.11654132451508
686,-1.2005271033594611,,,-15.06614193427333,239.04373268248648
687,-1.2001836863798976,,,-15.044251214360424,238.97050788012046
688,-1.199840545578486,,,-15.022389969585046,238.89686879542054
689,-1.19949768078708,,,-15.000558193256618,238.8228173000531
690,-1.1991550918372669,,,-14.978755878292576,238.74835525936706
691,-1.1988127785603697,,,-14.956983017222854,238.67348453241374
692,-1.1984707407874517,,,-14.935239602194333,238.59820697196622
693,-1.1981289783493194,,,-14.913525624975247,238.52252442453917
694,-1.1977874910765254,,,-14.891841076959532,238.4464387304082
695,-1.1974462787993716,,,-14.870185949171153,238.36995172362936
696,-1.1971053413479134,,,-14.848560232268378,238.29306523205858
697,-1.1967646785519617,,,-14.826963916548005,238.21578107737096
698,-1.1964242902410867,,,-14.805396991949557,238.13810107508013
699,-1.1960841762446208,,,-14.783859448059438,238.0600270345575
700,-1.1957443363916622,,,-14.762351274115037,237.98156075905146
701,-1.1954047705110775,,,-14.740872459008804,237.90270404570646
702,-1.195065478431505,,,-14.719422991292282,237.82345868558218
703,-1.1947264599813572,,,-14.698002859180091,237.7438264636725
704,-1.1943877149888251,,,-14.676612050553894,237.6638091589245
705,-1.1940492432818803,,,-14.6552505529663,237.58340854425748
706,-1.1937110446882782,,,-14.633918353644749,237.50262638658177
707,-1.1933731190355608,,,-14.61261543949534,237.42146444681748
708,-1.1930354661510603,,,-14.591341797106644,237.3399244799134
709,-1.1926980858619014,,,-14.570097412753466,237.25800823486566
710,-1.1923609779950044,,,-14.548882272400563,237.17571745473643
711,-1.1920241423770883,,,-14.527696361706345,237.09305387667254
712,-1.1916875788346735,,,-14.506539666026526,237.01001923192402
713,-1.1913512871940848,,,-14.485412170417748,236.9266152458626
714,-1.191015267281454,,,-14.464313859641155,236.84284363800018
715,-1.1906795189227233,,,-14.443244718165953,236.7587061220073
716,-1.1903440419436473,,,-14.422204730172917,236.67420440573147
717,-1.1900088361697965,,,-14.401193879557871,236.58934019121537
718,-1.1896739014265596,,,-14.380212149935142,236.5041151747153
719,-1.1893392375391467,,,-14.359259524640963,236.41853104671924
720,-1.1890048443325918,,,-14.338335986736858,236.33258949196502
721,-1.1886707216317551,,,-14.317441519012984,236.24629218945847
722,-1.1883368692613265,,,-14.296576103991445,236.1596408124914
723,-1.1880032870458277,,,-14.275739723929574,236.0726370286597
724,-1.1876699748096151,,,-14.25493236082318,235.9852824998812
725,-1.1873369323768823,,,-14.234153996409763,235.89757888241357
726,-1.1870041595716632,,,-14.213404612171708,235.80952782687223
727,-1.1866716562178337,,,-14.19268418933943,235.72113097824806
728,-1.186339422139115,,,-14.171992708894496,235.6323899759252
729,-1.1860074571590762,,,-14.151330151572726,235.54330645369873
730,-1.1856757611011364,,,-14.130696497867246,235.45388203979232
731,-1.1853443337885674,,,-14.110091728031529,235.36411835687582
732,-1.1850131750444965,,,-14.08951582208239,235.27401702208275
733,-1.184682284691909,,,-14.068968759802964,235.18357964702787
734,-1.1843516625536497,,,-14.048450520745641,235.09280783782458
735,-1.1840213084524267,,,-14.027961084234995,235.0017031951023
736,-1.1836912222108131,,,-14.007500429370657,234.9102673140238
737,-1.1833614036512499,,,-13.98706853503018,234.81850178430258
738,-1.1830318525960477,,,-13.966665379871868,234.72640819022
739,-1.1827025688673896,,,-13.946290942337571,234.63398811064255
740,-1.1823735522873338,,,-13.925945200655468,234.54124311903894
741,-1.1820448026778152,,,-13.905628132842812,234.4481747834972
742,-1.1817163198606486,,,-13.885339716708645,234.35478466674172
743,-1.1813881036575302,,,-13.865079929856497,234.2610743261503
744,-1.1810601538900407,,,-13.84484874968705,234.16704531377098
745,-1.1807324703796471,,,-13.824646153400776,234.07269917633909
746,-1.1804050529477053,,,-13.804472118000554,233.97803745529393
747,-1.1800779014154616,,,-13.78432662029426,233.88306168679568
748,-1.179751015604056,,,-13.764209636897329,233.7877734017421
749,-1.179424395334524,,,-13.744121144235287,233.69217412578524
750,-1.1790980404277982,,,-13.724061118546269,233.59626537934804
751,-1.1787719507047116,,,-13.704029535883508,233.50004867764105
752,-1.178446125985999,,,-13.684026372117797,233.40352553067885
753,-1.1781205660922995,,,-13.664051602939924,233.30669744329668
754,-1.1777952708441584,,,-13.644105203863091,233.20956591516676
755,-1.1774702400620294,,,-13.624187150225303,233.11213244081483
756,-1.177145473566277,,,-13.604297417191734,233.01439850963638
757,-1.1768209711771784,,,-13.584435979757076,232.91636560591306
758,-1.1764967327149254,,,-13.564602812747854,232.8180352088289
759,-1.1761727579996268,,,-13.54479789082472,232.71940879248652
760,-1.17584904685131,,,-13.52502118848474,232.62048782592336
761,-1.175525599089924,,,-13.505272680063635,232.5212737731277
762,-1.1752024145353401,,,-13.48555233973802,232.4217680930548
763,-1.174879493007355,,,-13.465860141527596,232.32197223964292
764,-1.174556834325692,,,-13.446196059297355,232.22188766182924
765,-1.1742344383100038,,,-13.426560066759734,232.1215158035659
766,-1.1739123047798738,,,-13.40695213747676,232.0208581038358
767,-1.1735904335548184,,,-13.387372244862162,231.91991599666838
768,-1.1732688244542886,,,-13.367820362183489,231.81869091115558
769,-1.1729474772976722,,,-13.348296462564171,231.71718427146743
770,-1.1726263919042959,,,-13.328800518985593,231.61539749686779
771,-1.1723055680934265,,,-13.309332504289124,231.51333200173005
772,-1.1719850056842736,,,-13.289892391178132,231.4109891955527
773,-1.171664704495991,,,-13.270480152219989,231.30837048297482
774,-1.1713446643476784,,,-13.251095759848045,231.20547726379166
775,-1.171024885058384,,,-13.23173918636359,231.1023109329701
776,-1.1707053664471052,,,-13.212410403937787,230.99887288066407
777,-1.1703861083327913,,,-13.193109384613587,230.8951644922299
778,-1.1700671105343452,,,-13.173836100307643,230.7911871482416
779,-1.1697483728706244,,,-13.154590522812176,230.68694222450625
780,-1.169429895160444,,,-13.13537262379685,230.58243109207916
781,-1.1691116772225776,,,-13.116182374810602,230.47765511727906
782,-1.168793718875759,,,-13.097019747283477,230.37261566170324
783,-1.168476019938684,,,-13.077884712528432,230.26731408224268
784,-1.1681585802300134,,,-13.058777241743119,230.16175173109707
785,-1.1678413995683725,,,-13.039697306011664,230.05592995578985
786,-1.1675244777723544,,,-13.020644876306417,229.9498500991831
787,-1.1672078146605207,,,-13.001619923489681,229.84351349949253
788,-1.1668914100514043,,,-12.982622418315437,229.73692149030236
789,-1.1665752637635098,,,-12.96365233143104,229.63007540058007
790,-1.1662593756153161,,,-12.94470963337891,229.5229765546912
791,-1.1659437454252772,,,-12.925794294598184,229.4156262724142
792,-1.1656283730118246,,,-12.906906285426382,229.30802586895493
793,-1.1653132581933687,,,-12.888045576101026,229.2001766549615
794,-1.1649984007882999,,,-12.869212136761266,229.09207993653874
795,-1.1646838006149904,,,-12.850405937449475,228.98373701526276
796,-1.1643694574917962,,,-12.831626948112833,228.87514918819562
797,-1.1640553712370583,,,-12.812875138604898,228.76631774789962
798,-1.1637415416691042,,,-12.79415047868716,228.65724398245177
799,-1.1634279686062492,,,-12.775452938030568,228.5479291754583
800,-1.1631146518667987,,,-12.75678248621706,228.43837460606886
801,-1.1628015912690488,,,-12.738139092741068,228.32858154899083
802,-1.1624887866312883,,,-12.719522727011,228.21855127450362
803,-1.1621762377718003,,,-12.700933358350722,228.1082850484729
804,-1.1618639445088632,,,-12.682370956001021,227.99778413236473
805,-1.1615519066607523,,,-12.66383548912104,227.88704978325967
806,-1.1612401240457415,,,-12.645326926789718,227.77608325386686
807,-1.1609285964821046,,,-12.626845238007203,227.6648857925381
808,-1.1606173237881163,,,-12.60839039169625,227.55345864328183
809,-1.1603063057820546,,,-12.589962356703618,227.44180304577708
810,-1.1599955422822013,,,-12.571561101801427,227.32992023538733
811,-1.1596850331068433,,,-12.553186595688535,227.21781144317447
812,-1.159374778074275,,,-12.534838806991873,227.10547789591254
813,-1.1590647770027984,,,-12.516517704267777,226.9929208161016
814,-1.1587550297107256,,,-12.498223256003309,226.88014142198134
815,-1.1584455360163795,,,-12.479955430617562,226.76714092754494
816,-1.1581362957380947,,,-12.461714196462946,226.65392054255264
817,-1.1578273086942201,,,-12.443499521826473,226.54048147254528
818,-1.157518574703119,,,-12.425311374931015,226.42682491885805
819,-1.1572100935831706,,,-12.407149723936561,226.31295207863383
820,-1.1569018651527723,,,-12.389014536941454,226.19886414483685
821,-1.1565938892303398,,,-12.370905781983614,226.08456230626606
822,-1.1562861656343089,,,-12.352823427041761,225.97004774756854
823,-1.1559786941831363,,,-12.334767440036602,225.8553216492528
824,-1.1556714746953016,,,-12.316737788832036,225.74038518770226
825,-1.1553645069893081,,,-12.298734441236316,225.6252395351884
826,-1.1550577908836839,,,-12.280757365003224,225.50988585988404
827,-1.154751326196983,,,-12.262806527833215,225.39432532587657
828,-1.1544451127477875,,,-12.244881897374563,225.2785590931811
829,-1.1541391503547074,,,-12.226983441224492,225.16258831775355
830,-1.153833438836383,,,-12.209111126930283,225.04641415150377
831,-1.1535279780114847,,,-12.191264921990388,224.93003774230854
832,-1.153222767698716,,,-12.17344479385552,224.81346023402463
833,-1.1529178077168127,,,-12.15565070992974,224.69668276650168
834,-1.152613097884546,,,-12.137882637571522,224.5797064755952
835,-1.1523086380207217,,,-12.120140544094822,224.46253249317942
836,-1.1520044279441828,,,-12.102424396770113,224.34516194716008
837,-1.1517004674738098,,,-12.084734162825438,224.2275959614873
838,-1.1513967564285221,,,-12.067069809447428,224.10983565616834
839,-1.1510932946272794,,,-12.049431303782324,223.9918821472802
840,-1.150790081889082,,,-12.031818612936982,223.87373654698246
841,-1.1504871180329725,,,-12.014231703979865,223.7553999635299
842,-1.150184402878037,,,-11.996670543942031,223.63687350128498
843,-1.1498819362434056,,,-11.979135099818107,223.51815826073053
844,-1.1495797179482536,,,-11.961625338567256,223.39925533848222
845,-1.149277747811803,,,-11.944141227114127,223.28016582730103
846,-1.1489760256533228,,,-11.926682732349803,223.16089081610576
847,-1.1486745512921308,,,-11.909249821132734,223.04143138998538
848,-1.1483733245475942,,,-11.891842460289665,222.9217886302114
849,-1.1480723452391304,,,-11.87446061661654,222.8019636142503
850,-1.1477716131862084,,,-11.857104256879424,222.68195741577563
851,-1.1474711282083494,,,-11.839773347815385,222.56177110468045
852,-1.1471708901251285,,,-11.822467856133382,222.44140574708948
853,-1.146870898756175,,,-11.805187748515154,222.3208624053713
854,-1.1465711539211734,,,-11.78793299161607,222.20014213815034
855,-1.1462716554398644,,,-11.770703552066003,222.07924600031924
856,-1.1459724031320462,,,-11.753499396470163,221.95817504305077
857,-1.1456733968175752,,,-11.736320491409954,221.83693031380977
858,-1.1453746363163668,,,-11.719166803443793,221.71551285636536
859,-1.1450761214483964,,,-11.702038299107937,221.59392371080267
860,-1.1447778520337006,,,-11.6849349449173,221.47216391353496
861,-1.1444798278923776,,,-11.667856707366251,221.35023449731528
862,-1.1441820488445882,,,-11.650803552929416,221.22813649124853
863,-1.1438845147105574,,,-11.633775448062462,221.1058709208031
864,-1.1435872253105743,,,-11.616772359202878,220.98343880782275
865,-1.1432901804649938,,,-11.599794252770746,220.8608411705382
866,-1.1429933799942364,,,-11.582841095169506,220.73807902357896
867,-1.1426968237187904,,,-11.565912852786706,220.61515337798494
868,-1.1424005114592117,,,-11.549009491994749,220.49206524121803
869,-1.1421044430361253,,,-11.532130979151637,220.36881561717377
870,-1.1418086182702254,,,-11.515277280601692,220.2454055061928
871,-1.141513036982277,,,-11.49844836267629,220.12183590507246
872,-1.1412176989931164,,,-11.481644191694565,219.99810780707816
873,-1.1409226041236522,,,-11.464864733964124,219.87422220195492
874,-1.1406277521948653,,,-11.448109955781735,219.75018007593874
875,-1.140333143027811,,,-11.431379823434037,219.62598241176792
876,-1.1400387764436184,,,-11.414674303198208,219.5016301886945
877,-1.1397446522634924,,,-11.397993361342646,219.37712438249542
878,-1.139450770308714,,,-11.381336964127641,219.25246596548388
879,-1.1391571304006407,,,-11.364705077806036,219.1276559065205
880,-1.1388637323607078,,,-11.348097668623877,219.00269517102456
881,-1.138570576010429,,,-11.331514702821071,218.8775847209852
882,-1.1382776611713967,,,-11.314956146632017,218.75232551497237
883,-1.1379849876652837,,,-11.29842196628624,218.62691850814807
884,-1.1376925553138426,,,-11.281912128009022,218.50136465227737
885,-1.137400363938908,,,-11.265426598022023,218.37566489573933
886,-1.1371084133623965,,,-11.248965342543885,218.24982018353813
887,-1.1368167034063068,,,-11.232528327790845,218.1238314573139
888,-1.1365252338927214,,,-11.216115519977334,217.99769965535367
889,-1.136234004643807,,,-11.199726885316565,217.87142571260227
890,-1.135943015481815,,,-11.183362390021124,217.74501056067308
891,-1.1356522662290822,,,-11.167022000303549,217.61845512785902
892,-1.1353617567080316,,,-11.150705682376895,217.4917603391431
893,-1.1350714867411733,,,-11.134413402455316,217.36492711620932
894,-1.1347814561511047,,,-11.118145126754609,217.23795637745326
895,-1.1344916647605112,,,-11.10190082149278,217.11084903799292
896,-1.1342021123921675,,,-11.085680452890585,216.98360600967916
897,-1.1339127988689373,,,-11.069483987172077,216.8562282011065
898,-1.1336237240137745,,,-11.053311390565135,216.72871651762344
899,-1.133334887649724,,,-11.037162629301998,216.60107186134329
900,-1.1330462895999218,,,-11.021037669619789,216.47329513115446
901,-1.132757929687596,,,-11.00493647776103,216.34538722273098
902,-1.1324698077360675,,,-10.988859019974157,216.217349028543
903,-1.13218192356875,,,-10.972805262514026,216.08918143786715
904,-1.1318942770091514,,,-10.956775171642406,215.96088533679693
905,-1.1316068678808735,,,-10.940768713628481,215.832461608253
906,-1.1313196960076137,,,-10.924785854749338,215.70391113199352
907,-1.131032761213165,,,-10.90882656129045,215.57523478462446
908,-1.130746063321416,,,-10.892890799546153,215.44643343960973
909,-1.1304596021563522,,,-10.876978535820115,215.31750796728156
910,-1.1301733775420568,,,-10.86108973642581,215.18845923485054
911,-1.1298873893027106,,,-10.845224367686976,215.0592881064158
912,-1.1296016372625928,,,-10.829382395938067,214.92999544297513
913,-1.1293161212460816,,,-10.813563787524712,214.800582102435
914,-1.1290308410776548,,,-10.797768508804156,214.6710489396207
915,-1.1287457965818903,,,-10.781996526145697,214.54139680628643
916,-1.1284609875834664,,,-10.76624780593113,214.41162655112498
917,-1.1281764139071626,,,-10.750522314555173,214.28173901977803
918,-1.1278920753778603,,,-10.73482001842589,214.1517350548458
919,-1.1276079718205425,,,-10.719140883965114,214.0216154958971
920,-1.1273241030602954,,,-10.703484877608863,213.89138117947917
921,-1.1270404689223084,,,-10.687851965807749,213.76103293912746
922,-1.126757069231874,,,-10.67224211502738,213.63057160537542
923,-1.1264739038143894,,,-10.656655291748777,213.49999800576433
924,-1.1261909724953563,,,-10.641091462468744,213.3693129648529
925,-1.1259082751003815,,,-10.625550593700284,213.23851730422717
926,-1.1256258114551776,,,-10.610032651972972,213.10761184251
927,-1.1253435813855632,,,-10.59453760383334,212.97659739537085
928,-1.1250615847174634,,,-10.579065415845259,212.84547477553525
929,-1.1247798212769105,,,-10.563616054590304,212.71424479279446
930,-1.124498290890044,,,-10.54818948666813,212.58290825401505
931,-1.1242169933831119,,,-10.532785678696836,212.45146596314837
932,-1.12393592858247,,,-10.517404597313318,212.31991872124001
933,-1.1236550963145833,,,-10.502046209173633,212.1882673264393
934,-1.123374496406026,,,-10.486710480953343,212.0565125740088
935,-1.1230941286834821,,,-10.47139737934787,211.92465525633352
936,-1.1228139929737457,,,-10.456106871072832,211.79269616293047
937,-1.1225340891037214,,,-10.44083892286438,211.6606360804579
938,-1.1222544169004247,,,-10.425593501479542,211.52847579272458
939,-1.121974976190983,,,-10.410370573696543,211.39621608069922
940,-1.1216957668026348,,,-10.395170106315138,211.2638577225196
941,-1.1214167885627315,,,-10.379992066156936,211.13140149350176
942,-1.1211380412987368,,,-10.364836420065707,210.99884816614926
943,-1.1208595248382276,,,-10.349703134907706,210.86619851016238
944,-1.120581239008894,,,-10.334592177571984,210.73345329244717
945,-1.1203031836385402,,,-10.319503514970693,210.60061327712455
946,-1.1200253585550843,,,-10.304437114039382,210.4676792255394
947,-1.1197477635865591,,,-10.289392941737306,210.3346518962697
948,-1.1194703985611125,,,-10.274370965047714,210.20153204513537
949,-1.1191932633070076,,,-10.259371150978145,210.06832042520736
950,-1.118916357652623,,,-10.244393466560716,209.93501778681664
951,-1.1186396814264536,,,-10.229437878852401,209.80162487756303
952,-1.1183632344571106,,,-10.214504354935318,209.66814244232415
953,-1.118087016573322,,,-10.199592861917003,209.53457122326435
954,-1.1178110276039332,,,-10.184703366930679,209.40091195984343
955,-1.1175352673779064,,,-10.169835837135533,209.26716538882553
956,-1.1172597357243221,,,-10.154990239716984,209.13333224428794
957,-1.116984432472379,,,-10.140166541886932,208.99941325762984
958,-1.1167093574513938,,,-10.12536471088404,208.86540915758096
959,-1.1164345104908022,,,-10.11058471397397,208.73132067021038
960,-1.1161598914201594,,,-10.095826518449648,208.59714851893514
961,-1.1158855000691394,,,-10.081090091631506,208.46289342452894
962,-1.1156113362675366,,,-10.066375400867734,208.32855610513073
963,-1.115337399845265,,,-10.051682413534522,208.19413727625326
964,-1.115063690632359,,,-10.037011097036295,208.05963765079176
965,-1.114790208458974,,,-10.022361418805959,207.92505793903234
966,-1.1145169531553862,,,-10.007733346305127,207.7903988486606
967,-1.114243924551993,,,-9.993126847024351,207.6556610847701
968,-1.1139711224793136,,,-9.978541888483353,207.5208453498707
969,-1.1136985467679887,,,-9.963978438231242,207.3859523438972
970,-1.1134261972487816,,,-9.949436463846748,207.25098276421755
971,-1.1131540737525778,,,-9.934915932938424,207.11593730564132
972,-1.1128821761103853,,,-9.920416813144874,206.98081666042802
973,-1.1126105041533356,,,-9.905939072134961,206.8456215182954
974,-1.112339057712683,,,-9.891482677608018,206.71035256642782
975,-1.1120678366198058,,,-9.877047597294048,206.5750104894844
976,-1.1117968407062053,,,-9.862633798953942,206.43959596960744
977,-1.1115260698035079,,,-9.848241250379663,206.30410968643037
978,-1.1112555237434634,,,-9.83386991939446,206.1685523170862
979,-1.1109852023579465,,,-9.819519773853047,206.03292453621557
980,-1.1107151054789568,,,-9.805190781641814,205.89722701597483
981,-1.110445232938619,,,-9.790882910679002,205.76146042604424
982,-1.1101755845691827,,,-9.776596128914896,205.62562543363603
983,-1.1099061602030238,,,-9.762330404332012,205.48972270350242
984,-1.1096369596726432,,,-9.748085704945273,205.3537528979437
985,-1.1093679828106682,,,-9.733861998802197,205.21771667681625
986,-1.109099229449852,,,-9.719659253983064,205.0816146975404
987,-1.108830699423075,,,-9.705477438601097,204.94544761510855
988,-1.1085623925633437,,,-9.691316520802632,204.809216082093
989,-1.1082943087037913,,,-9.677176468767287,204.6729207486539
990,-1.1080264476776789,,,-9.663057250708128,204.53656226254702
991,-1.1077588093183943,,,-9.648958834871836,204.40014126913178
992,-1.107491393459453,,,-9.634881189538863,204.26365841137894
993,-1.1072241999344985,,,-9.6208242830236,204.12711432987848
994,-1.1069572285773022,,,-9.606788083674527,203.9905096628473
995,-1.1066904792217631,,,-9.592772559874371,203.85384504613705
996,-1.1064239517019094,,,-9.578777680040256,203.71712111324183
997,-1.1061576458518976,,,-9.564803412623856,203.58033849530585
998,-1.1058915615060125,,,-9.550849726111544,203.4434978211312
999,-1.1056256984986683,,,-9.536916589024528,203.3065997171854
1000,-1.1053600566644082,,,-9.523003969919008,203.16964480760913
1001,-1.1050946358379048,,,-9.509111837386307,203.03263371422375
1002,-1.10482943585396,,,-9.495240160053013,202.89556705653894
1003,-1.1045644565475057,,,-9.481388906581119,202.75844545176022
1004,-1.104299697753603,,,-9.467558045668149,202.6212695147965
1005,-1.1040351593074438,,,-9.4537475460473,202.48403985826755
1006,-1.1037708410443496,,,-9.439957376487568,202.34675709251158
1007,-1.1035067427997727,,,-9.426187505793873,202.20942182559256
1008,-1.1032428644092955,,,-9.412437902807191,202.07203466330773
1009,-1.1029792057086314,,,-9.398708536404676,201.93459620919506
1010,-1.1027157665336242,,,-9.384999375499778,201.79710706454057
1011,-1.1024525467202493,,,-9.371310389042367,201.65956782838566
1012,-1.1021895461046127,,,-9.357641546018854,201.52197909753457
1013,-1.101926764522952,,,-9.3439928154523,201.3843414665616
1014,-1.1016642018116363,,,-9.330364166402534,201.2466555278184
1015,-1.1014018578071658,,,-9.316755567966267,201.1089218714413
1016,-1.101139732346173,,,-9.303166989277196,200.97114108535854
1017,-1.1008778252654217,,,-9.289598399506122,200.83331375529747
1018,-1.1006161364018083,,,-9.276049767861048,200.6954404647917
1019,-1.100354665592361,,,-9.262521063587284,200.5575217951884
1020,-1.1000934126742403,,,-9.249012255967559,200.41955832565534
1021,-1.099832377484739,,,-9.235523314322108,200.28155063318812
1022,-1.0995715598612825,,,-9.222054208008785,200.14349929261718
1023,-1.099310959641429,,,-9.20860490642315,200.00540487661493
1024,-1.099050576662869,,,-9.19517537899857,199.86726795570283
1025,-1.0987904107634265,,,-9.181765595206315,199.72908909825836
1026,-1.0985304617810583,,,-9.16837552455564,199.59086887052214
1027,-1.0982707295538539,,,-9.155005136593891,199.4526078366049
1028,-1.0980112139200364,,,-9.141654400906578,199.31430655849434
1029,-1.0977519147179624,,,-9.128323287117473,199.17596559606218
1030,-1.0974928317861217,,,-9.11501176488869,199.03758550707113
1031,-1.0972339649631375,,,-9.101719803920775,198.89916684718162
1032,-1.0969753140877672,,,-9.088447373952778,198.7607101699589
1033,-1.0967168789989012,,,-9.075194444762344,198.62221602687976
1034,-1.0964586595355643,,,-9.061960986165788,198.4836849673393
1035,-1.096200655536915,,,-9.048746968018168,198.34511753865797
1036,-1.0959428668422462,,,-9.03555236021337,198.2065142860882
1037,-1.0956852932909844,,,-9.022377132684174,198.06787575282118
1038,-1.0954279347226907,,,-9.009221255402329,197.92920247999368
1039,-1.0951707909770603,,,-8.996084698378631,197.7904950066947
1040,-1.094913861893923,,,-8.982967431662983,197.65175386997225
1041,-1.0946571473132427,,,-8.969869425344468,197.51297960484
1042,-1.0944006470751184,,,-8.956790649551417,197.37417274428392
1043,-1.0941443610197834,,,-8.943731074451472,197.235333819269
1044,-1.0938882889876058,,,-8.930690670251652,197.09646335874572
1045,-1.0936324308190886,,,-8.917669407198414,196.95756188965683
1046,-1.0933767863548691,,,-8.904667255577715,196.8186299369438
1047,-1.0931213554357202,,,-8.891684185715071,196.67966802355343
1048,-1.0928661379025497,,,-8.878720167975619,196.5406766704444
1049,-1.0926111335964002,,,-8.865775172764167,196.40165639659378
1050,-1.0923563423584493,,,-8.852849170525257,196.26260771900343
1051,-1.0921017640300104,,,-8.839942131743214,196.1235311527066
1052,-1.0918473984525316,,,-8.827054026942204,195.98442721077433
1053,-1.0915932454675965,,,-8.814184826686278,195.84529640432186
1054,-1.0913393049169242,,,-8.801334501579433,195.7061392425151
1055,-1.091085576642369,,,-8.788503022265655,195.56695623257696
1056,-1.0908320604859207,,,-8.775690359428964,195.4277478797937
1057,-1.090578756289705,,,-8.762896483793467,195.28851468752143
1058,-1.0903256638959824,,,-8.750121366123402,195.1492571571922
1059,-1.0900727831471497,,,-8.737364977223177,195.00997578832056
1060,-1.0898201138857393,,,-8.72462728793742,194.87067107850964
1061,-1.0895676559544192,,,-8.711908269151017,194.7313435234575
1062,-1.089315409195993,,,-8.699207891789154,194.59199361696344
1063,-1.0890633734534,,,-8.686526126817355,194.45262185093415
1064,-1.0888115485697163,,,-8.673862945241522,194.3132287153899
1065,-1.0885599343881525,,,-8.661218318107968,194.17381469847078
1066,-1.088308530752056,,,-8.648592216503463,194.03438028644285
1067,-1.0880573375049096,,,-8.635984611555253,193.8949259637043
1068,-1.0878063544903327,,,-8.623395474431112,193.75545221279154
1069,-1.08755558155208,,,-8.610824776339358,193.61595951438534
1070,-1.087305018534043,,,-8.598272488528897,193.47644834731693
1071,-1.0870546652802484,,,-8.585738582289245,193.336919188574
1072,-1.0868045216348596,,,-8.573223028950565,193.19737251330685
1073,-1.0865545874421758,,,-8.560725799883688,193.05780879483433
1074,-1.0863048625466325,,,-8.54824686650014,192.9182285046499
1075,-1.0860553467928014,,,-8.535786200252181,192.77863211242757
1076,-1.08580604002539,,,-8.523343772632815,192.63902008602798
1077,-1.0855569420892424,,,-8.510919555175821,192.49939289150424
1078,-1.0853080528293386,,,-8.498513519455775,192.3597509931079
1079,-1.085059372090795,,,-8.486125637088078,192.22009485329485
1080,-1.0848108997188641,,,-8.473755879728964,192.0804249327313
1081,-1.0845626355589348,,,-8.461404219075535,191.9407416902995
1082,-1.0843145794565319,,,-8.449070626865769,191.80104558310373
1083,-1.0840667312573167,,,-8.436755074878546,191.6613370664761
1084,-1.0838190908070868,,,-8.424457534933662,191.52161659398237
1085,-1.0835716579517758,,,-8.412177978891847,191.38188461742772
1086,-1.0833244325374538,,,-8.399916378654778,191.24214158686254
1087,-1.0830774144103272,,,-8.387672706165098,191.10238795058822
1088,-1.0828306034167385,,,-8.375446933406423,190.9626241551629
1089,-1.0825839994031665,,,-8.363239032403362,190.82285064540716
1090,-1.082337602216226,,,-8.351048975221525,190.68306786440974
1091,-1.0820914117026688,,,-8.338876733967538,190.5432762535333
1092,-1.081845427709382,,,-8.326722280789049,190.40347625241992
1093,-1.0815996500833898,,,-8.314585587874738,190.26366829899692
1094,-1.081354078671852,,,-8.302466627454328,190.12385282948242
1095,-1.0811087133220652,,,-8.29036537179859,189.98403027839097
1096,-1.0808635538814615,,,-8.278281793219353,189.84420107853916
1097,-1.0806186001976097,,,-8.266215864069512,189.70436566105118
1098,-1.080373852118215,,,-8.254167556743024,189.5645244553644
1099,-1.080129309491118,,,-8.242136843674919,189.42467788923483
1100,-1.0798849721642962,,,-8.230123697341307,189.28482638874283
1101,-1.079640839985863,,,-8.218128090259379,189.1449703782985
1102,-1.0793969128040677,,,-8.206149994987399,189.00511028064707
1103,-1.079153190467296,,,-8.194189384124721,188.86524651687458
1104,-1.0789096728240695,,,-8.182246230311783,188.7253795064132
1105,-1.078666359723046,,,-8.170320506230103,188.58550966704672
1106,-1.0784232510130192,,,-8.158412184602284,188.445637414916
1107,-1.078180346542919,,,-8.146521238192008,188.30576316452425
1108,-1.077937646161811,,,-8.134647639804042,188.16588732874257
1109,-1.0776951497188971,,,-8.122791362284222,188.02601031881517
1110,-1.077452857063515,,,-8.11095237851946,187.88613254436484
1111,-1.077210768045138,,,-8.099130661437739,187.74625441339825
1112,-1.0769688825133756,,,-8.0873261840081,187.6063763323112
1113,-1.0767272003179733,,,-8.075538919240644,187.4664987058941
1114,-1.076485721308812,,,-8.063768840186524,187.32662193733697
1115,-1.0762444453359084,,,-8.052015919937936,187.18674642823495
1116,-1.0760033722494151,,,-8.040280131628114,187.04687257859345
1117,-1.0757625018996206,,,-8.028561448431319,186.90700078683335
1118,-1.0755218341369488,,,-8.01685984356283,186.76713144979635
1119,-1.0752813688119591,,,-8.005175290278938,186.62726496275002
1120,-1.0750411057753468,,,-7.9935077618769315,186.487401719393
1121,-1.0748010448779426,,,-7.981857231695087,186.34754211186026
1122,-1.0745611859707127,,,-7.97022367311266,186.20768653072818
1123,-1.0743215289047587,,,-7.958607059549869,186.06783536501965
1124,-1.0740820735313177,,,-7.9470073644678845,185.92798900220927
1125,-1.0738428197017622,,,-7.935424561368819,185.7881478282284
1126,-1.0736037672676,,,-7.923858623795707,185.64831222747023
1127,-1.073364916080474,,,-7.9123095253324935,185.50848258279484
1128,-1.0731262659921625,,,-7.90077723960402,185.3686592755343
1129,-1.0728878168545792,,,-7.889261740276009,185.22884268549768
1130,-1.0726495685197726,,,-7.877763001055046,185.089033190976
1131,-1.0724115208399263,,,-7.866280995688562,184.9492311687474
1132,-1.072173673667359,,,-7.854815697964822,184.80943699408186
1133,-1.0719360268545246,,,-7.8433670817129,184.66965104074652
1134,-1.0716985802540115,,,-7.831935120802664,184.52987368101026
1135,-1.0714613337185432,,,-7.820519789144759,184.39010528564887
1136,-1.0712242871009783,,,-7.809121060690583,184.25034622394995
1137,-1.0709874402543096,,,-7.797738909432272,184.11059686371772
1138,-1.0707507930316649,,,-7.786373309402678,183.97085757127803
1139,-1.0705143452863066,,,-7.775024234675344,183.83112871148313
1140,-1.0702780968716317,,,-7.763691659364491,183.69141064771657
1141,-1.0700420476411716,,,-7.752375557624988,183.55170374189802
1142,-1.0698061974485926,,,-7.741075903652334,183.41200835448817
1143,-1.0695705461476948,,,-7.729792671682634,183.27232484449343
1144,-1.0693350935924129,,,-7.718525835992577,183.1326535694708
1145,-1.069099839636816,,,-7.707275370899411,182.99299488553262
1146,-1.0688647841351075,,,-7.696041250760917,182.8533491473514
1147,-1.0686299269416244,,,-7.684823449975389,182.71371670816444
1148,-1.0683952679108382,,,-7.673621942981605,182.5740979197787
1149,-1.0681608068973545,,,-7.6624367042588,182.43449313257543
1150,-1.0679265437559124,,,-7.651267708326647,182.2949026955149
1151,-1.0676924783413855,,,-7.640114929745223,182.15532695614112
1152,-1.0674586105087807,,,-7.628978343114987,182.01576626058642
1153,-1.0672249401132388,,,-7.61785792307675,181.87622095357622
1154,-1.0669914670100342,,,-7.606753644311649,181.73669137843362
1155,-1.0667581910545751,,,-7.595665481541117,181.597177877084
1156,-1.066525112102403,,,-7.584593409526855,181.4576807900597
1157,-1.0662922300091933,,,-7.573537403070807,181.3182004565046
1158,-1.066059544630754,,,-7.562497437015123,181.17873721417865
1159,-1.0658270558230267,,,-7.551473486242138,181.0392913994625
1160,-1.0655947634420868,,,-7.540465525674334,180.89986334736201
1161,-1.065362667344142,,,-7.529473530274313,180.76045339151284
1162,-1.0651307673855337,,,-7.518497475044769,180.62106186418492
1163,-1.064899063422736,,,-7.507537335028451,180.48168909628703
1164,-1.064667555312356,,,-7.496593085308136,180.34233541737115
1165,-1.0644362429111334,,,-7.485664701006595,180.20300115563717
1166,-1.064205126075941,,,-7.474752157286559,180.0636866379372
1167,-1.0639742046637846,,,-7.4638554293506925,179.92439218978
1168,-1.0637434785318016,,,-7.45297449244155,179.78511813533555
1169,-1.0635129475372627,,,-7.442109321841555,179.64586479743932
1170,-1.0632826115375706,,,-7.431259892872956,179.5066324975968
1171,-1.0630524703902609,,,-7.420426180897799,179.36742155598785
1172,-1.062822523953001,,,-7.409608161317888,179.22823229147107
1173,-1.0625927720835904,,,-7.398805809574757,179.08906502158823
1174,-1.062363214639961,,,-7.388019101149626,178.9499200625685
1175,-1.062133851480177,,,-7.377248011563375,178.81079772933296
1176,-1.0619046824624336,,,-7.366492516376501,178.67169833549875
1177,-1.0616757074450587,,,-7.355752591189084,178.53262219338347
1178,-1.0614469262865116,,,-7.345028211640755,178.39356961400952
1179,-1.0612183388453833,,,-7.334319353410653,178.25454090710832
1180,-1.0609899449803963,,,-7.323625992217393,178.11553638112457
1181,-1.0607617445504047,,,-7.312948103819027,177.97655634322055
1182,-1.0605337374143942,,,-7.302285664013003,177.83760109928033
1183,-1.0603059234314811,,,-7.291638648636135,177.69867095391407
1184,-1.0600783024609137,,,-7.281007033564559,177.5597662104621
1185,-1.0598508743620711,,,-7.270390794713695,177.4208871709992
1186,-1.0596236389944633,,,-7.259789908038211,177.2820341363389
1187,-1.0593965962177316,,,-7.249204349531983,177.1432074060374
1188,-1.0591697458916478,,,-7.238634095228054,177.004407278398
1189,-1.0589430878761146,,,-7.228079121198599,176.86563405047505
1190,-1.0587166220311652,,,-7.21753940355488,176.7268880180782
1191,-1.0584903482169636,,,-7.207014918447209,176.58816947577645
1192,-1.0582642662938042,,,-7.19650564206491,176.44947871690235
1193,-1.0580383761221117,,,-7.186011550636272,176.31081603355594
1194,-1.0578126775624412,,,-7.175532620428517,176.172181716609
1195,-1.057587170475478,,,-7.165068827747751,176.03357605570903
1196,-1.0573618547220371,,,-7.154620148938929,175.89499933928334
1197,-1.0571367301630639,,,-7.144186560385809,175.75645185454306
1198,-1.0569117966596335,,,-7.1337680385109135,175.61793388748714
1199,-1.056687054072951,,,-7.123364559775486,175.4794457229065
1200,-1.0564625022643508,,,-7.112976100679449,175.34098764438787
1201,-1.0562381410952972,,,-7.102602637761366,175.20255993431795
1202,-1.0560139704273839,,,-7.092244147598389,175.06416287388717
1203,-1.0557899901223338,,,-7.081900606806226,174.92579674309388
1204,-1.0555662000419994,,,-7.071571992039093,174.7874618207482
1205,-1.0553426000483623,,,-7.061258279989675,174.6491583844759
1206,-1.0551191900035333,,,-7.050959447389074,174.51088671072245
1207,-1.0548959697697515,,,-7.040675471006775,174.37264707475686
1208,-1.0546729392093859,,,-7.030406327650598,174.23443975067562
1209,-1.0544500981849334,,,-7.020151994166654,174.09626501140653
1210,-1.05422744655902,,,-7.0099124474393,173.95812312871266
1211,-1.0540049841944001,,,-6.999687664391097,173.82001437319616
1212,-1.0537827109539568,,,-6.989477621982765,173.6819390143021
1213,-1.0535606267007012,,,-6.979282297213137,173.54389732032234
1214,-1.053338731297773,,,-6.969101667119115,173.4058895583994
1215,-1.0531170246084396,,,-6.958935708775624,173.26791599453014
1216,-1.052895506496097,,,-6.948784399295571,173.12997689356976
1217,-1.0526741768242687,,,-6.938647715829791,172.99207251923542
1218,-1.0524530354566062,,,-6.928525635567009,172.85420313411007
1219,-1.0522320822568887,,,-6.918418135733795,172.71636899964628
1220,-1.0520113170890228,,,-6.908325193594509,172.57857037616986
1221,-1.051790739817043,,,-6.898246786451265,172.4408075228838
1222,-1.0515703503051106,,,-6.888182891643881,172.3030806978718
1223,-1.0513501484175147,,,-6.87813348654983,172.1653901581021
1224,-1.0511301340186714,,,-6.868098548584196,172.02773615943116
1225,-1.0509103069731238,,,-6.858078055199628,171.89011895660735
1226,-1.0506906671455423,,,-6.8480719838862925,171.7525388032747
1227,-1.0504712144007233,,,-6.838080312171826,171.6149959519764
1228,-1.0502519486035908,,,-6.828103017621288,171.47749065415866
1229,-1.050032869619195,,,-6.818140077837113,171.34002316017424
1230,-1.0498139773127126,,,-6.808191470459066,171.2025937192861
1231,-1.049595271549447,,,-6.798257173164191,171.06520257967108
1232,-1.0493767521948274,,,-6.788337163666766,170.92784998842342
1233,-1.0491584191144094,,,-6.778431419718255,170.79053619155846
1234,-1.0489402721738748,,,-6.768539919107258,170.65326143401614
1235,-1.048722311239031,,,-6.758662639659467,170.51602595966466
1236,-1.0485045361758114,,,-6.748799559237613,170.37883001130396
1237,-1.0482869468502753,,,-6.738950655741419,170.24167383066936
1238,-1.0480695431286076,,,-6.729115907107557,170.10455765843506
1239,-1.047852324877118,,,-6.7192952913095905,169.96748173421767
1240,-1.0476352919622425,,,-6.709488786357932,169.83044629657977
1241,-1.0474184442505416,,,-6.699696370299794,169.69345158303332
1242,-1.0472017816087016,,,-6.689918021219135,169.55649783004327
1243,-1.046985303903533,,,-6.680153717236618,169.41958527303103
1244,-1.046769011001972,,,-6.670403436509556,169.28271414637788
1245,-1.0465529027710794,,,-6.660667157231863,169.14588468342848
1246,-1.0463369790780401,,,-6.650944857634009,169.00909711649436
1247,-1.0461212397901645,,,-6.641236515982965,168.87235167685725
1248,-1.0459056847748864,,,-6.631542110582157,168.73564859477264
1249,-1.0456903138997649,,,-6.621861619771417,168.59898809947316
1250,-1.0454751270324825,,,-6.61219502192693,168.46237041917195
1251,-1.0452601240408463,,,-6.602542295461187,168.32579578106603
1252,-1.0450453047927872,,,-6.592903418822933,168.18926441133982
1253,-1.0448306691563598,,,-6.583278370497119,168.05277653516842
1254,-1.0446162169997426,,,-6.573667129004852,167.916332376721
1255,-1.0444019481912377,,,-6.564069672903343,167.7799321591641
1256,-1.0441878625992707,,,-6.5544859807858575,167.64357610466513
1257,-1.0439739600923903,,,-6.544916031281667,167.5072644343955
1258,-1.043760240539269,,,-6.535359803055996,167.3709973685341
1259,-1.0435467038087018,,,-6.525817274809971,167.2347751262705
1260,-1.0433333497696073,,,-6.5162884252805755,167.09859792580838
1261,-1.0431201782910264,,,-6.506773233240592,166.9624659843687
1262,-1.0429071892421231,,,-6.497271677498557,166.82637951819305
1263,-1.0426943824921842,,,-6.487783736898708,166.6903387425469
1264,-1.0424817579106185,,,-6.478309390320931,166.5543438717229
1265,-1.0422693153669578,,,-6.468848616680713,166.41839511904396
1266,-1.0420570547308559,,,-6.459401394929088,166.2824926968668
1267,-1.0418449758720885,,,-6.44996770405259,166.14663681658487
1268,-1.0416330786605539,,,-6.440547523073196,166.01082768863176
1269,-1.0414213629662719,,,-6.431140831048281,165.87506552248433
1270,-1.041209828659384,,,-6.421747607070563,165.73935052666593
1271,-1.040998475610154,,,-6.412367830268052,165.60368290874953
1272,-1.0407873036889665,,,-6.403001479804002,165.46806287536106
1273,-1.040576312766328,,,-6.393648534876853,165.33249063218236
1274,-1.040365502712866,,,-6.384308974720187,165.1969663839545
1275,-1.0401548733993293,,,-6.374982778602672,165.06149033448085
1276,-1.039944424696588,,,-6.365669925828013,164.92606268663025
1277,-1.0397341564756328,,,-6.356370395734897,164.79068364234013
1278,-1.0395240686075753,,,-6.347084167696947,164.6553534026196
1279,-1.0393141609636478,,,-6.337811221122663,164.5200721675526
1280,-1.039104433415203,,,-6.328551535455376,164.38484013630097
1281,-1.0388948858337144,,,-6.319305090173195,164.24965750710751
1282,-1.0386855180907755,,,-6.310071864788956,164.1145244772992
1283,-1.0384763300581,,,-6.300851838850164,163.97944124329
1284,-1.0382673216075216,,,-6.291644991938953,163.84440800058422
1285,-1.0380584926109941,,,-6.282451303672023,163.7094249437793
1286,-1.0378498429405913,,,-6.273270753700591,163.57449226656902
1287,-1.0376413724685063,,,-6.264103321710344,163.43961016174646
1288,-1.0374330810670518,,,-6.254948987421382,163.304778821207
1289,-1.03722496860866,,,-6.245807730588167,163.1699984359514
1290,-1.0370170349658827,,,-6.236679530999472,163.03526919608876
1291,-1.0368092800113904,,,-6.227564368478328,162.90059129083946
1292,-1.0366017036179729,,,-6.218462222881972,162.7659649085382
1293,-1.0363943056585387,,,-6.209373074101795,162.631390236637
1294,-1.0361870860061155,,,-6.200296902063291,162.49686746170812
1295,-1.0359800445338494,,,-6.191233686726003,162.36239676944695
1296,-1.0357731811150048,,,-6.182183408083471,162.22797834467505
1297,-1.035566495622965,,,-6.173146046163182,162.09361237134306
1298,-1.0353599879312316,,,-6.164121581026514,161.95929903253358
1299,-1.035153657913424,,,-6.155109992768687,161.82503851046414
1300,-1.0349475054432795,,,-6.146111261518712,161.69083098649006
1301,-1.0347415303946539,,,-6.1371253674393325,161.55667664110737
1302,-1.0345357326415203,,,-6.1281522907269785,161.4225756539557
1303,-1.03433011205797,,,-6.119192011611712,161.2885282038212
1304,-1.034124668518211,,,-6.110244510357171,161.1545344686392
1305,-1.0339194018965694,,,-6.101309767260528,161.0205946254974
1306,-1.0337143120674883,,,-6.0923877626524225,160.88670885063846
1307,-1.033509398905528,,,-6.0834784768969214,160.75287731946293
1308,-1.0333046622853654,,,-6.0745818903914595,160.61910020653207
1309,-1.0331001020817951,,,-6.065697983566791,160.48537768557068
1310,-1.0328957181697278,,,-6.056826736886934,160.35170992946996
1311,-1.032691510424191,,,-6.047968130849121,160.21809711029022
1312,-1.0324874787203286,,,-6.039122145983744,160.08453939926372
1313,-1.0322836229334014,,,-6.030288762854306,159.9510369667975
1314,-1.0320799429387857,,,-6.021467962057361,159.81758998247605
1315,-1.0318764386119745,,,-6.012659724222472,159.68419861506422
1316,-1.0316731098285763,,,-6.003864030012151,159.55086303250988
1317,-1.0314699564643157,,,-5.995080860121808,159.41758340194664
1318,-1.0312669783950332,,,-5.986310195279701,159.2843598896967
1319,-1.0310641754966847,,,-5.977552016246881,159.15119266127357
1320,-1.0308615476453413,,,-5.968806303817143,159.0180818813847
1321,-1.0306590947171899,,,-5.960073038816968,158.88502771393422
1322,-1.0304568165885324,,,-5.951352202105476,158.7520303220258
1323,-1.0302547131357858,,,-5.942643774574373,158.6190898679651
1324,-1.0300527842354819,,,-5.9339477371478955,158.4862065132627
1325,-1.0298510297642676,,,-5.92526407078276,158.35338041863653
1326,-1.0296494495989041,,,-5.916592756468114,158.22061174401483
1327,-1.0294480436162678,,,-5.907933775225475,158.0879006485386
1328,-1.0292468116933489,,,-5.899287108108688,157.95524729056433
1329,-1.029045753707252,,,-5.89065273620387,157.82265182766662
1330,-1.028844869535196,,,-5.882030640629352,157.69011441664088
1331,-1.028644159054514,,,-5.873420802535634,157.5576352135059
1332,-1.0284436221426525,,,-5.86482320310533,157.42521437350655
1333,-1.0282432586771726,,,-5.856237823553117,157.2928520511162
1334,-1.0280430685357482,,,-5.847664645125682,157.16054840003963
1335,-1.0278430515961672,,,-5.8391036491016655,157.02830357321534
1336,-1.0276432077363307,,,-5.830554816791619,156.8961177228183
1337,-1.0274435368342532,,,-5.822018129537943,156.76399100026248
1338,-1.027244038768062,,,-5.813493568714842,156.63192355620345
1339,-1.0270447134159977,,,-5.804981115728268,156.49991554054094
1340,-1.0268455606564137,,,-5.796480752015869,156.36796710242135
1341,-1.0266465803677762,,,-5.787992459046942,156.2360783902403
1342,-1.026447772428664,,,-5.779516218322372,156.10424955164527
1343,-1.0262491367177682,,,-5.7710520113745885,155.97248073353802
1344,-1.026050673113892,,,-5.762599819767508,155.8407720820772
1345,-1.0258523814959517,,,-5.754159625096484,155.70912374268073
1346,-1.0256542617429747,,,-5.745731408988257,155.57753586002852
1347,-1.0254563137341008,,,-5.737315153100897,155.44600857806472
1348,-1.0252585373485819,,,-5.728910839123757,155.31454204000045
1349,-1.025060932465781,,,-5.720518448777421,155.18313638831606
1350,-1.0248634989651728,,,-5.712137963813648,155.05179176476383
1351,-1.024666236726344,,,-5.703769366015323,154.92050831037025
1352,-1.0244691456289916,,,-5.695412637196406,154.78928616543863
1353,-1.0242722255529246,,,-5.687067759201879,154.6581254695514
1354,-1.0240754763780626,,,-5.678734713907693,154.52702636157264
1355,-1.0238788979844364,,,-5.670413483220719,154.39598897965055
1356,-1.0236824902521873,,,-5.662104049078696,154.26501346121984
1357,-1.0234862530615672,,,-5.653806393450177,154.1340999430041
1358,-1.0232901862929387,,,-5.645520498334479,154.00324856101827
1359,-1.0230942898267747,,,-5.637246345761633,153.87245945057109
1360,-1.0228985635436585,,,-5.628983917792328,153.74173274626736
1361,-1.022703007324283,,,-5.6207331965178655,153.61106858201052
1362,-1.022507621049452,,,-5.612494164060103,153.4804670910048
1363,-1.022312404600078,,,-5.604266802571405,153.34992840575788
1364,-1.022117357857184,,,-5.596051094234591,153.21945265808296
1365,-1.0219224807019025,,,-5.587847021262885,153.0890399791013
1366,-1.0217277730154752,,,-5.579654565899863,152.95869049924457
1367,-1.0215332346792534,,,-5.571473710419402,152.8284043482571
1368,-1.0213388655746976,,,-5.56330443712563,152.6981816551983
1369,-1.021144665583377,,,-5.555146728352875,152.56802254844501
1370,-1.0209506345869699,,,-5.547000566465608,152.4379271556937
1371,-1.0207567724672635,,,-5.538865933858403,152.3078956039629
1372,-1.0205630791061537,,,-5.530742812955875,152.1779280195954
1373,-1.0203695543856448,,,-5.522631186212636,152.04802452826078
1374,-1.0201761981878494,,,-5.514531036113239,151.9181852549574
1375,-1.0199830103949887,,,-5.506442345172133,151.78841032401485
1376,-1.019789990889392,,,-5.498365095933608,151.65869985909626
1377,-1.0195971395534962,,,-5.490299270971744,151.52905398320044
1378,-1.0194044562698465,,,-5.482244852890362,151.3994728186643
1379,-1.0192119409210958,,,-5.47420182432297,151.269956487165
1380,-1.0190195933900044,,,-5.4661701679327175,151.14050510972217
1381,-1.0188274135594402,,,-5.4581498664123425,151.01111880670032
1382,-1.0186354013123784,,,-5.45014090248412,150.8817976978109
1383,-1.0184435565319014,,,-5.442143258899808,150.75254190211456
1384,-1.0182518791011992,,,-5.434156918440607,150.62335153802348
1385,-1.0180603689035679,,,-5.426181863917099,150.49422672330346
1386,-1.017869025822411,,,-5.418218078169204,150.36516757507616
1387,-1.0176778497412386,,,-5.410265544066125,150.23617420982137
1388,-1.0174868405436672,,,-5.4023242445063016,150.1072467433791
1389,-1.01729599811342,,,-5.394394162417355,149.97838529095188
1390,-1.0171053223343263,,,-5.386475280756045,149.84958996710677
1391,-1.0169148130903216,,,-5.378567582508212,149.7208608857777
1392,-1.0167244702654474,,,-5.370671050688729,149.5921981602676
1393,-1.0165342937438513,,,-5.362785668341459,149.46360190325046
1394,-1.0163442834097864,,,-5.354911418539193,149.33507222677355
1395,-1.0161544391476118,,,-5.347048284383608,149.20660924225962
1396,-1.015964760841792,,,-5.339196249005215,149.07821306050892
1397,-1.0157752483768967,,,-5.3313552955633075,148.94988379170144
1398,-1.015585901637601,,,-5.323525407245914,148.82162154539895
1399,-1.015396720508685,,,-5.31570656726975,148.69342643054722
1400,-1.0152077048750336,,,-5.307898758880161,148.56529855547797
1401,-1.0150188546216374,,,-5.30010196535108,148.43723802791112
1402,-1.0148301696335909,,,-5.292316169984975,148.3092449549568
1403,-1.0146416497960935,,,-5.284541356112801,148.18131944311753
1404,-1.0144532949944491,,,-5.276777507093948,148.0534615982902
1405,-1.0142651051140659,,,-5.269024606316193,147.92567152576822
1406,-1.0140770800404562,,,-5.26128263719565,147.79794933024357
1407,-1.0138892196592364,,,-5.253551583176721,147.6702951158088
1408,-1.013701523856127,,,-5.245831427732048,147.54270898595925
1409,-1.0135139925169525,,,-5.238122154362463,147.41519104359492
1410,-1.0133266255276403,,,-5.230423746596935,147.2877413910226
1411,-1.0131394227742223,,,-5.22273618799253,147.16036012995795
1412,-1.0129523841428332,,,-5.2150594621343505,147.03304736152742
1413,-1.012765509519711,,,-5.207393552635494,146.90580318627036
1414,-1.0125787987911974,,,-5.199738443137004,146.77862770414103
1415,-1.0123922518437367,,,-5.192094117307819,146.65152101451056
1416,-1.0122058685638762,,,-5.184460558844721,146.52448321616905
1417,-1.0120196488382658,,,-5.176837751472294,146.39751440732744
1418,-1.0118335925536583,,,-5.169225678942868,146.27061468561965
1419,-1.011647699596909,,,-5.161624325036474,146.14378414810443
1420,-1.0114619698549754,,,-5.154033673560796,146.01702289126743
1421,-1.0112764032149173,,,-5.146453708351119,145.89033101102314
1422,-1.0110909995638966,,,-5.1388844132702864,145.76370860271683
1423,-1.0109057587891774,,,-5.131325772208644,145.63715576112662
1424,-1.0107206807781255,,,-5.123777769083997,145.51067258046527
1425,-1.0105357654182083,,,-5.11624038784156,145.38425915438228
1426,-1.0103510125969952,,,-5.1087136124539105,145.25791557596574
1427,-1.0101664222021567,,,-5.101197426920938,145.1316419377443
1428,-1.0099819941214647,,,-5.093691815269795,145.00543833168908
1429,-1.0097977282427926,,,-5.086196761554857,144.87930484921569
1430,-1.0096136244541145,,,-5.078712249857661,144.75324158118596
1431,-1.0094296826435056,,,-5.071238264286872,144.62724861791003
1432,-1.0092459026991418,,,-5.063774788978222,144.50132604914813
1433,-1.0090622845093,,,-5.056321808094473,144.37547396411264
1434,-1.0088788279623575,,,-5.048879305825363,144.24969245146977
1435,-1.008695532946792,,,-5.04144726638756,144.12398159934162
1436,-1.0085123993511815,,,-5.034025674024613,143.99834149530798
1437,-1.0083294270642043,,,-5.026614513006908,143.87277222640822
1438,-1.0081466159746384,,,-5.0192137676316175,143.74727387914317
1439,-1.0079639659713622,,,-5.011823422222653,143.621846539477
1440,-1.0077814769433535,,,-5.004443461130619,143.496490292839
1441,-1.00759914877969,,,-4.997073868732766,143.3712052241256
1442,-1.007416981369549,,,-4.989714629432941,143.24599141770196
1443,-1.007234974602207,,,-4.9823657276615405,143.1208489574041
1444,-1.0070531283670394,,,-4.975027147875467,142.99577792654046
1445,-1.0068714425535217,,,-4.967698874558079,142.87077840789397
1446,-1.0066899170512276,,,-4.960380892219143,142.74585048372367
1447,-1.00650855174983,,,-4.953073185394789,142.62099423576666
1448,-1.0063273465391005,,,-4.9457757386474634,142.49620974523987
1449,-1.0061463013089094,,,-4.93848853656588,142.37149709284185
1450,-1.0059654159492253,,,-4.931211563764976,142.2468563587546
1451,-1.0057846903501155,,,-4.923944804885863,142.12228762264536
1452,-1.0056041244017453,,,-4.9166882445957825,141.9977909636684
1453,-1.0054237179943781,,,-4.909441867588057,141.87336646046668
1454,-1.0052434710183755,,,-4.902205658582044,141.7490141911739
1455,-1.0050633833641966,,,-4.894979602323095,141.62473423341598
1456,-1.0048834549223988,,,-4.887763683582499,141.50052666431299
1457,-1.0047036855836364,,,-4.880557887157444,141.37639156048087
1458,-1.0045240752386617,,,-4.873362197870969,141.25232899803325
1459,-1.0043446237783242,,,-4.866176600571917,141.12833905258302
1460,-1.0041653310935705,,,-4.859001080134889,141.00442179924428
1461,-1.0039861970754447,,,-4.851835621460199,140.880577312634
1462,-1.003807221615087,,,-4.844680209473827,140.75680566687365
1463,-1.0036284046037354,,,-4.837534829127373,140.63310693559106
1464,-1.003449745932724,,,-4.830399465398011,140.50948119192213
1465,-1.0032712454934838,,,-4.823274103288445,140.3859285085125
1466,-1.003092903177542,,,-4.816158727826863,140.26244895751924
1467,-1.0029147188765222,,,-4.8090533240668885,140.1390426106126
1468,-1.0027366924821444,,,-4.801957877087538,140.01570953897772
1469,-1.0025588238862244,,,-4.794872371993175,139.8924498133163
1470,-1.0023811129806741,,,-4.787796793913462,139.76926350384824
1471,-1.0022035596575012,,,-4.78073112800332,139.64615068031347
1472,-1.002026163808809,,,-4.773675359442879,139.52311141197342
1473,-1.0018489253267966,,,-4.766629473437434,139.4001457676129
1474,-1.0016718441037582,,,-4.759593455217401,139.27725381554163
1475,-1.0014949200320835,,,-4.752567290038271,139.1544356235959
1476,-1.0013181530042574,,,-4.745550963180562,139.03169125914036
1477,-1.0011415429128596,,,-4.738544459949781,138.90902078906953
1478,-1.0009650896505653,,,-4.731547765676372,138.7864242798095
1479,-1.0007887931101438,,,-4.724560865715677,138.66390179731957
1480,-1.0006126531844597,,,-4.717583745447889,138.5414534070939
1481,-1.0004366697664717,,,-4.710616390278002,138.4190791741631
1482,-1.0002608427492332,,,-4.703658785635778,138.29677916309592
1483,-1.0000851720258916,,,-4.69671091697569,138.1745534380008
1484,-0.999909657489689,,,-4.689772769776887,138.0524020625275
1485,-0.9997342990339609,,,-4.682844329543143,137.9303250998688
1486,-0.9995590965521373,,,-4.67592558180282,137.80832261276197
1487,-0.9993840499377414,,,-4.669016512108813,137.6863946634904
1488,-0.9992091590843907,,,-4.662117106038517,137.5645413138853
1489,-0.9990344238857958,,,-4.655227349193776,137.44276262532716
1490,-0.9988598442357608,,,-4.6483472272008415,137.32105865874743
1491,-0.9986854200281832,,,-4.641476725710327,137.19942947463002
1492,-0.9985111511570536,,,-4.634615830397166,137.07787513301298
1493,-0.9983370375164557,,,-4.627764526960568,136.95639569348992
1494,-0.9981630790005661,,,-4.620922801123971,136.83499121521172
1495,-0.9979892755036541,,,-4.614090638635003,136.71366175688794
1496,-0.9978156269200817,,,-4.607268025265434,136.5924073767886
1497,-0.9976421331443035,,,-4.600454946811135,136.47122813274547
1498,-0.9974687940708665,,,-4.593651389092035,136.3501240821538
1499,-0.99729560959441,,,-4.586857337952077,136.22909528197374
1500,-0.9971225796096653,,,-4.580072779259171,136.108141788732
1501,-0.996949704011456,,,-4.573297698905157,135.9872636585233
1502,-0.9967769826946975,,,-4.566532082805756,135.8664609470118
1503,-0.9966044155543969,,,-4.559775916900529,135.7457337094329
1504,-0.9964320024856532,,,-4.553029187152837,135.62508200059443
1505,-0.9962597433836567,,,-4.546291879549793,135.5045058748784
1506,-0.9960876381436894,,,-4.539563980102223,135.38400538624236
1507,-0.9959156866611242,,,-4.532845474844619,135.26358058822103
1508,-0.9957438888314254,,,-4.5261363498351,135.14323153392763
1509,-0.9955722445501485,,,-4.519436591155367,135.02295827605556
1510,-0.9954007537129396,,,-4.512746184910663,134.90276086687976
1511,-0.9952294162155358,,,-4.506065117229726,134.78263935825822
1512,-0.995058231953765,,,-4.49939337426475,134.66259380163345
1513,-0.9948872008235452,,,-4.492730942191343,134.542624248034
1514,-0.9947163227208854,,,-4.4860778072084795,134.42273074807588
1515,-0.9945455975418844,,,-4.479433955538465,134.302913351964
1516,-0.9943750251827316,,,-4.472799373426888,134.18317210949374
1517,-0.9942046055397061,,,-4.466174047142581,134.06350707005228
1518,-0.9940343385091773,,,-4.459557962977579,133.9439182826201
1519,-0.9938642239876041,,,-4.452951107247075,133.82440579577244
1520,-0.9936942618715352,,,-4.446353466289379,133.70496965768072
1521,-0.9935244520576089,,,-4.439765026465874,133.58560991611395
1522,-0.9933547944425529,,,-4.433185774160981,133.46632661844026
1523,-0.9931852889231843,,,-4.426615695782108,133.3471198116282
1524,-0.9930159353964092,,,-4.420054777759616,133.22798954224828
1525,-0.992846733759223,,,-4.413503006546772,133.10893585647426
1526,-0.9926776839087101,,,-4.406960368619711,132.98995880008465
1527,-0.9925087857420435,,,-4.400426850477393,132.87105841846412
1528,-0.9923400391564849,,,-4.393902438641559,132.7522347566049
1529,-0.992171444049385,,,-4.387387119656696,132.63348785910813
1530,-0.9920030003181823,,,-4.380880880089988,132.5148177701853
1531,-0.9918347078604043,,,-4.374383706531282,132.39622453365956
1532,-0.9916665665736663,,,-4.367895585593043,132.2777081929673
1533,-0.9914985763556717,,,-4.361416503910313,132.15926879115938
1534,-0.9913307371042123,,,-4.354946448140669,132.04090637090243
1535,-0.9911630487171672,,,-4.348485404964184,131.92262097448045
1536,-0.9909955110925037,,,-4.342033361083388,131.80441264379598
1537,-0.9908281241282765,,,-4.335590303223222,131.6862814203716
1538,-0.9906608877226277,,,-4.329156218131002,131.5682273453512
1539,-0.990493801773787,,,-4.322731092576375,131.45025045950135
1540,-0.9903268661800712,,,-4.31631491335128,131.3323508032127
1541,-0.990160080839884,,,-4.309907667269909,131.21452841650128
1542,-0.9899934456517168,,,-4.30350934116866,131.09678333900985
1543,-0.9898269605141472,,,-4.297119921906106,130.97911561000927
1544,-0.9896606253258399,,,-4.290739396362948,130.86152526839982
1545,-0.9894944399855461,,,-4.2843677514419785,130.7440123527125
1546,-0.9893284043921037,,,-4.278004974068036,130.62657690111038
1547,-0.9891625184444368,,,-4.271651051187972,130.50921895138993
1548,-0.9889967820415559,,,-4.2653059697706075,130.3919385409823
1549,-0.9888311950825578,,,-4.258969716806688,130.27473570695471
1550,-0.988665757466625,,,-4.252642279308854,130.15761048601166
1551,-0.9885004690930261,,,-4.246323644311593,130.04056291449632
1552,-0.9883353298611157,,,-4.240013798871201,129.92359302839176
1553,-0.9881703396703339,,,-4.233712730065747,129.80670086332233
1554,-0.9880054984202061,,,-4.227420424995029,129.68988645455488
1555,-0.9878408060103437,,,-4.221136870780536,129.57314983700007
1556,-0.9876762623404431,,,-4.214862054565408,129.45649104521365
1557,-0.987511867310286,,,-4.208595963514399,129.3399101133978
1558,-0.9873476208197389,,,-4.202338584813832,129.22340707540224
1559,-0.9871835227687538,,,-4.196089905671566,129.10698196472572
1560,-0.987019573057367,,,-4.1898499133169524,128.9906348145172
1561,-0.9868557715856999,,,-4.183618595000799,128.87436565757702
1562,-0.9866921182539584,,,-4.177395937995327,128.7581745263583
1563,-0.9865286129624329,,,-4.171181929594138,128.64206145296805
1564,-0.986365255611498,,,-4.164976557112168,128.5260264691686
1565,-0.9862020461016129,,,-4.1587798078856535,128.41006960637876
1566,-0.9860389843333207,,,-4.15259166927209,128.29419089567494
1567,-0.9858760702072485,,,-4.146412128650195,128.17839036779267
1568,-0.9857133036241075,,,-4.140241173419867,128.06266805312757
1569,-0.9855506844846923,,,-4.134078791002152,127.9470239817367
1570,-0.9853882126898816,,,-4.127924968839198,127.83145818333982
1571,-0.9852258881406375,,,-4.121779694394222,127.71597068732054
1572,-0.9850637107380052,,,-4.115642955151468,127.60056152272756
1573,-0.9849016803831138,,,-4.109514738616173,127.48523071827593
1574,-0.9847397969771751,,,-4.103395032314521,127.36997830234822
1575,-0.9845780604214841,,,-4.097283823793613,127.25480430299572
1576,-0.9844164706174189,,,-4.091181100621425,127.13970874793972
1577,-0.9842550274664402,,,-4.085086850386769,127.0246916645726
1578,-0.9840937308700918,,,-4.079001060699261,126.9097530799591
1579,-0.9839325807299996,,,-4.072923719189271,126.79489302083752
1580,-0.9837715769478723,,,-4.0668548135079,126.68011151362087
1581,-0.983610719425501,,,-4.060794331326931,126.56540858439809
1582,-0.983450008064759,,,-4.054742260338793,126.4507842589352
1583,-0.9832894427676017,,,-4.0486985882565305,126.33623856267651
1584,-0.9831290234360663,,,-4.042663302813757,126.22177152074578
1585,-0.9829687499722723,,,-4.036636391764623,126.10738315794735
1586,-0.9828086222784209,,,-4.030617842883776,125.99307349876743
1587,-0.9826486402567947,,,-4.0246076439663225,125.87884256737512
1588,-0.982488803809758,,,-4.018605782827794,125.76469038762365
1589,-0.9823291128397567,,,-4.012612247304107,125.65061698305152
1590,-0.9821695672493177,,,-4.006627025251526,125.53662237688367
1591,-0.9820101669410494,,,-4.000650104546628,125.42270659203258
1592,-0.9818509118176411,,,-3.9946814730862625,125.30886965109947
1593,-0.9816918017818631,,,-3.988721118787518,125.19511157637542
1594,-0.9815328367365668,,,-3.9827690295876823,125.08143238984248
1595,-0.9813740165846839,,,-3.976825193444207,124.96783211317484
1596,-0.9812153412292272,,,-3.9708895983346704,124.85431076773999
1597,-0.9810568105732894,,,-3.96496223225674,124.74086837459976
1598,-0.9808984245200443,,,-3.959043083228137,124.62750495451151
1599,-0.9807401829727455,,,-3.9531321392865997,124.51422052792923
1600,-0.9805820858347268,,,-3.9472293884898453,124.40101511500467
1601,-0.9804241330094023,,,-3.941334818915535,124.28788873558845
1602,-0.9802663244002658,,,-3.9354484186612373,124.17484140923112
1603,-0.980108659910891,,,-3.9295701758443915,124.06187315518436
1604,-0.9799511394449313,,,-3.923700078602271,123.94898399240199
1605,-0.9797937629061196,,,-3.917838115091948,123.83617393954113
1606,-0.9796365301982686,,,-3.911984273490257,123.72344301496327
1607,-0.9794794412252699,,,-3.9061385419937578,123.61079123673535
1608,-0.9793224958910945,,,-3.9003009088187004,123.49821862263092
1609,-0.9791656940997928,,,-3.8944713622009894,123.38572519013108
1610,-0.9790090357554939,,,-3.888649890396147,123.27331095642573
1611,-0.9788525207624059,,,-3.8828364816792784,123.16097593841455
1612,-0.9786961490248157,,,-3.8770311243450344,123.04872015270806
1613,-0.9785399204470889,,,-3.871233806707577,122.93654361562875
1614,-0.9783838349336696,,,-3.8654445171005443,122.82444634321214
1615,-0.9782278923890805,,,-3.859663243877013,122.7124283512078
1616,-0.9780720927179223,,,-3.853889975409465,122.60048965508047
1617,-0.9779164358248743,,,-3.84812470008975,122.48863027001104
1618,-0.9777609216146937,,,-3.842367406329052,122.3768502108977
1619,-0.9776055499922157,,,-3.8366180825578526,122.26514949235691
1620,-0.9774503208623534,,,-3.830876717225896,122.15352812872447
1621,-0.9772952341300978,,,-3.825143298802154,122.04198613405663
1622,-0.9771402897005173,,,-3.819417815774791,121.93052352213101
1623,-0.9769854874787579,,,-3.8137002566511295,121.81914030644774
1624,-0.9768308273700433,,,-3.8079906099576144,121.70783650023043
1625,-0.9766763092796743,,,-3.8022888642397774,121.59661211642725
1626,-0.9765219331130287,,,-3.7965950080622037,121.48546716771193
1627,-0.9763676987755618,,,-3.790909030008496,121.3744016664848
1628,-0.9762136061728057,,,-3.7852309186812403,121.26341562487379
1629,-0.9760596552103693,,,-3.779560662701971,121.15250905473545
1630,-0.9759058457939382,,,-3.773898250711137,121.04168196765598
1631,-0.9757521778292749,,,-3.768243671368066,120.93093437495224
1632,-0.9755986512222182,,,-3.7625969133509307,120.82026628767278
1633,-0.9754452658786835,,,-3.7569579653567144,120.70967771659878
1634,-0.9752920217046623,,,-3.751326816101176,120.59916867224507
1635,-0.9751389186062225,,,-3.745703454318818,120.48873916486122
1636,-0.9749859564895078,,,-3.7400878687628483,120.37838920443241
1637,-0.9748331352607382,,,-3.73448004820515,120.26811880068051
1638,-0.9746804548262095,,,-3.7288799814362448,120.15792796306502
1639,-0.974527915092293,,,-3.723287657265259,120.04781670078407
1640,-0.9743755159654358,,,-3.717703064519892,119.9377850227754
1641,-0.9742232573521606,,,-3.7121261920463793,119.82783293771739
1642,-0.9740711391590655,,,-3.7065570287094607,119.71796045402994
1643,-0.9739191612928237,,,-3.700995563392346,119.6081675798755
1644,-0.9737673236601839,,,-3.6954417849966803,119.49845432316008
1645,-0.9736156261679696,,,-3.6898956824425118,119.38882069153411
1646,-0.9734640687230794,,,-3.684357244668257,119.27926669239353
1647,-0.9733126512324869,,,-3.678826460630669,119.16979233288068
1648,-0.9731613736032402,,,-3.6733033193048015,119.06039761988521
1649,-0.9730102357424621,,,-3.6677878096839764,118.95108256004514
1650,-0.9728592375573503,,,-3.6622799207797523,118.84184715974777
1651,-0.9727083789551763,,,-3.6567796416218883,118.73269142513061
1652,-0.9725576598432862,,,-3.6512869612583123,118.62361536208232
1653,-0.9724070801291006,,,-3.6458018687550875,118.51461897624371
1654,-0.9722566397201138,,,-3.6403243531963803,118.40570227300863
1655,-0.9721063385238942,,,-3.6348544036844253,118.2968652575249
1656,-0.971956176448084,,,-3.629392009339494,118.1881079346953
1657,-0.9718061534003993,,,-3.6239371592998606,118.0794303091784
1658,-0.9716562692886299,,,-3.618489842721771,117.97083238538964
1659,-0.971506524020639,,,-3.6130500487794075,117.86231416750209
1660,-0.9713569175043631,,,-3.607617766664859,117.75387565944752
1661,-0.9712074496478125,,,-3.6021929855880854,117.64551686491717
1662,-0.9710581203590701,,,-3.5967756947768867,117.53723778736281
1663,-0.9709089295462925,,,-3.5913658834768705,117.42903842999756
1664,-0.970759877117709,,,-3.585963540951418,117.32091879579683
1665,-0.9706109629816217,,,-3.5805686564816535,117.21287888749924
1666,-0.9704621870464059,,,-3.575181219366411,117.10491870760751
1667,-0.9703135492205089,,,-3.569801218922202,116.99703825838934
1668,-0.9701650494124513,,,-3.5644286444831836,116.88923754187836
1669,-0.9700166875308257,,,-3.5590634854011256,116.78151655987499
1670,-0.9698684634842972,,,-3.553705731045379,116.67387531394735
1671,-0.9697203771816031,,,-3.548355370802843,116.5663138054321
1672,-0.9695724285315528,,,-3.5430123940779352,116.45883203543542
1673,-0.9694246174430279,,,-3.537676790292557,116.35143000483383
1674,-0.9692769438249816,,,-3.5323485488860635,116.24410771427506
1675,-0.9691294075864394,,,-3.5270276593152303,116.13686516417899
1676,-0.968982008636498,,,-3.521714111054223,116.02970235473846
1677,-0.968834746884326,,,-3.516407893594565,115.92261928592022
1678,-0.9686876222391635,,,-3.5111089964451057,115.8156159574657
1679,-0.9685406346103217,,,-3.505817409131989,115.70869236889196
1680,-0.9683937839071834,,,-3.500533121198622,115.60184851949253
1681,-0.9682470700392025,,,-3.495256122205643,115.49508440833829
1682,-0.9681004929159037,,,-3.48998640173089,115.38840003427825
1683,-0.967954052446883,,,-3.4847239493693705,115.28179539594052
1684,-0.9678077485418072,,,-3.4794687547332295,115.17527049173309
1685,-0.9676615811104136,,,-3.474220807451718,115.06882531984472
1686,-0.9675155500625102,,,-3.468980097171161,114.96245987824575
1687,-0.9673696553079758,,,-3.4637466135549286,114.85617416468898
1688,-0.9672238967567595,,,-3.4585203462834038,114.74996817671048
1689,-0.9670782743188804,,,-3.453301285053951,114.64384191163049
1690,-0.9669327879044283,,,-3.4480894195808847,114.53779536655418
1691,-0.9667874374235628,,,-3.442884739595441,114.43182853837253
1692,-0.9666422227865135,,,-3.437687234845744,114.32594142376318
1693,-0.96649714390358,,,-3.4324968950967767,114.22013401919124
1694,-0.9663522006851318,,,-3.4273137101303495,114.11440632091006
1695,-0.9662073930416079,,,-3.42213766974507,114.00875832496217
1696,-0.9660627208835167,,,-3.4169687637563118,113.90319002718002
1697,-0.9659181841214366,,,-3.4118069819961847,113.79770142318678
1698,-0.9657737826660149,,,-3.4066523143135043,113.69229250839726
1699,-0.9656295164279683,,,-3.40150475057376,113.5869632780186
1700,-0.9654853853180828,,,-3.3963642806590872,113.4817137270512
1701,-0.9653413892472132,,,-3.391230894468235,113.37654385028944
1702,-0.9651975281262835,,,-3.386104581916536,113.27145364232251
1703,-0.9650538018662862,,,-3.3809853329358766,113.16644309753525
1704,-0.964910210378283,,,-3.3758731374746676,113.06151221010889
1705,-0.9647667535734038,,,-3.3707679854978134,112.95666097402189
1706,-0.9646234313628474,,,-3.3656698669866816,112.85188938305073
1707,-0.9644802436578808,,,-3.360578771939073,112.74719743077073
1708,-0.9643371903698392,,,-3.3554946903691927,112.64258511055675
1709,-0.9641942714101265,,,-3.3504176123076195,112.53805241558408
1710,-0.9640514866902141,,,-3.345347527801276,112.43359933882918
1711,-0.9639088361216418,,,-3.3402844269133993,112.32922587307047
1712,-0.9637663196160172,,,-3.3352282997235108,112.2249320108891
1713,-0.9636239370850157,,,-3.3301791363273865,112.12071774466976
1714,-0.9634816884403804,,,-3.325136926837029,112.01658306660141
1715,-0.9633395735939221,,,-3.3201016613806353,111.91252796867809
1716,-0.9631975924575188,,,-3.31507333010257,111.80855244269968
1717,-0.9630557449431162,,,-3.310051923163334,111.70465648027266
1718,-0.9629140309627271,,,-3.3050374307395356,111.6008400728109
1719,-0.9627724504284316,,,-3.3000298430238617,111.49710321153637
1720,-0.9626310032523768,,,-3.2950291502250484,111.39344588747998
1721,-0.9624896893467768,,,-3.2900353425678515,111.28986809148229
1722,-0.9623485086239125,,,-3.285048410293017,111.18636981419426
1723,-0.9622074609961316,,,-3.2800683436572537,111.08295104607801
1724,-0.9620665463758487,,,-3.2750951329332016,110.9796117774076
1725,-0.9619257646755445,,,-3.2701287684094056,110.87635199826973
1726,-0.9617851158077665,,,-3.2651692403902848,110.77317169856454
1727,-0.9616445996851285,,,-3.260216539196104,110.67007086800633
1728,-0.9615042162203106,,,-3.255270655162945,110.5670494961243
1729,-0.9613639653260588,,,-3.250331578642679,110.46410757226326
1730,-0.9612238469151856,,,-3.2453993000029357,110.36124508558443
1731,-0.9610838609005691,,,-3.2404738096270758,110.25846202506614
1732,-0.9609440071951533,,,-3.2355550979141627,110.15575837950453
1733,-0.960804285711948,,,-3.230643155278934,110.05313413751436
1734,-0.9606646963640286,,,-3.225737972151772,109.95058928752968
1735,-0.9605252390645362,,,-3.220839538978676,109.84812381780453
1736,-0.9603859137266771,,,-3.2159478462212343,109.74573771641377
1737,-0.9602467202637232,,,-3.211062884356595,109.64343097125368
1738,-0.9601076585890114,,,-3.206184643877439,109.54120357004273
1739,-0.9599687286159438,,,-3.2013131152919496,109.43905550032231
1740,-0.9598299302579877,,,-3.196448289123787,109.33698674945745
1741,-0.9596912634286752,,,-3.191590155912058,109.23499730463747
1742,-0.9595527280416031,,,-3.1867387062112895,109.13308715287677
1743,-0.9594143240104333,,,-3.1818939305913996,109.03125628101546
1744,-0.9592760512488919,,,-3.17705581963767,108.92950467572014
1745,-0.95913790967077,,,-3.1722243639507175,108.82783232348456
1746,-0.9589998991899227,,,-3.167399554146467,108.7262392106303
1747,-0.9588620197202697,,,-3.1625813808561234,108.62472532330752
1748,-0.958724271175795,,,-3.1577698347261443,108.5232906474956
1749,-0.9585866534705463,,,-3.1529649064182115,108.42193516900389
1750,-0.9584491665186358,,,-3.1481665866092032,108.32065887347237
1751,-0.9583118102342394,,,-3.143374865991168,108.21946174637235
1752,-0.958174584531597,,,-3.1385897352712955,108.11834377300711
1753,-0.958037489325012,,,-3.13381118517189,108.0173049385127
1754,-0.9579005245288517,,,-3.1290392064303423,107.91634522785846
1755,-0.9577636900575466,,,-3.124273789799103,107.81546462584784
1756,-0.9576269858255909,,,-3.119514926045656,107.71466311711903
1757,-0.9574904117475421,,,-3.114762605952488,107.61394068614561
1758,-0.957353967738021,,,-3.1100168203170657,107.51329731723726
1759,-0.9572176537117112,,,-3.105277559951805,107.4127329945404
1760,-0.9570814695833597,,,-3.100544815684046,107.3122477020389
1761,-0.9569454152677763,,,-3.095818578356025,107.21184142355472
1762,-0.9568094906798337,,,-3.091098838824847,107.11151414274856
1763,-0.9566736957344671,,,-3.086385587962461,107.01126584312055
1764,-0.9565380303466748,,,-3.08167881665563,106.91109650801091
1765,-0.9564024944315173,,,-3.076978515805907,106.81100612060061
1766,-0.9562670879041175,,,-3.0722846763296054,106.71099466391199
1767,-0.9561318106796609,,,-3.067597289157775,106.61106212080946
1768,-0.9559966626733951,,,-3.0629163452361743,106.51120847400016
1769,-0.9558616438006299,,,-3.058241835525243,106.41143370603453
1770,-0.955726753976737,,,-3.053573751000075,106.31173779930707
1771,-0.9555919931171503,,,-3.048912082650395,106.21212073605689
1772,-0.9554573611373653,,,-3.044256821480528,106.11258249836841
1773,-0.9553228579529396,,,-3.039607958509375,106.013123068172
1774,-0.955188483479492,,,-3.034965484770388,105.9137424272446
1775,-0.9550542376327034,,,-3.0303293913115392,105.81444055721033
1776,-0.9549201203283156,,,-3.0256996691952995,105.71521743954122
1777,-0.9547861314821323,,,-3.0210763094986093,105.61607305555773
1778,-0.9546522710100181,,,-3.0164593033128537,105.51700738642947
1779,-0.9545185388278989,,,-3.0118486417438355,105.41802041317577
1780,-0.9543849348517618,,,-3.0072443159117497,105.31911211666633
1781,-0.9542514589976546,,,-3.0026463169511564,105.22028247762191
1782,-0.9541181111816862,,,-2.9980546360109566,105.12153147661482
1783,-0.9539848913200263,,,-2.9934692642543648,105.02285909406964
1784,-0.9538517993289051,,,-2.9888901928588836,104.92426531026382
1785,-0.9537188351246135,,,-2.9843174130162775,104.82575010532828
1786,-0.953585998623503,,,-2.9797509159325477,104.72731345924805
1787,-0.9534532897419854,,,-2.975190692827906,104.62895535186286
1788,-0.9533207083965327,,,-2.970636734936749,104.53067576286777
1789,-0.9531882545036773,,,-2.966089033507633,104.43247467181376
1790,-0.9530559279800116,,,-2.9615475798032462,104.3343520581084
1791,-0.952923728742188,,,-2.9570123651003875,104.23630790101632
1792,-0.952791656706919,,,-2.952483380689937,104.13834217965994
1793,-0.9526597117909767,,,-2.947960617876831,104.04045487302007
1794,-0.9525278939111931,,,-2.9434440679800398,103.94264595993643
1795,-0.9523962029844596,,,-2.938933722332538,103.84491541910829
1796,-0.9522646389277273,,,-2.934429572281281,103.74726322909508
1797,-0.9521332016580067,,,-2.9299316091871823,103.64968936831696
1798,-0.9520018910923679,,,-2.9254398244250837,103.55219381505542
1799,-0.9518707071479398,,,-2.9209542093837326,103.45477654745387
1800,-0.9517396497419106,,,-2.9164747554657575,103.35743754351829
1801,-0.9516087187915279,,,-2.9120014540876418,103.26017678111765
1802,-0.9514779142140977,,,-2.907534296679698,103.16299423798469
1803,-0.9513472359269853,,,-2.903073274686045,103.0658898917164
1804,-0.9512166838476147,,,-2.8986183795645806,102.96886371977459
1805,-0.9510862578934685,,,-2.894169602786959,102.8719156994865
1806,-0.9509559579820879,,,-2.8897269358385644,102.77504580804538
1807,-0.9508257840310725,,,-2.885290370218487,102.67825402251107
1808,-0.9506957359580805,,,-2.880859897439497,102.58154031981054
1809,-0.9505658136808284,,,-2.876435509028021,102.48490467673851
1810,-0.9504360171170906,,,-2.872017196524118,102.38834706995794
1811,-0.9503063461846999,,,-2.867604951481453,102.29186747600072
1812,-0.950176800801547,,,-2.8631987654672737,102.19546587126811
1813,-0.9500473808855806,,,-2.8587986300623855,102.09914223203141
1814,-0.9499180863548072,,,-2.8544045368611273,102.00289653443241
1815,-0.9497889171272912,,,-2.850016477471347,101.90672875448408
1816,-0.9496598731211542,,,-2.8456344435143768,101.81063886807101
1817,-0.9495309542545758,,,-2.84125842662501,101.71462685095005
1818,-0.9494021604457928,,,-2.8368884184514744,101.61869267875085
1819,-0.9492734916130996,,,-2.8325244106554104,101.52283632697635
1820,-0.9491449476748476,,,-2.828166394911846,101.4270577710034
1821,-0.9490165285494455,,,-2.8238143629091725,101.33135698608332
1822,-0.9488882341553592,,,-2.8194683063491204,101.23573394734238
1823,-0.9487600644111114,,,-2.8151282169467353,101.1401886297824
1824,-0.9486320192352817,,,-2.8107940864303544,101.04472100828127
1825,-0.9485040985465067,,,-2.806465906541581,100.94933105759353
1826,-0.9483763022634797,,,-2.8021436690352637,100.85401875235084
1827,-0.9482486303049502,,,-2.7978273656794688,100.75878406706258
1828,-0.9481210825897248,,,-2.793516988255459,100.66362697611636
1829,-0.9479936590366662,,,-2.789212528557669,100.5685474537786
1830,-0.9478663595646936,,,-2.7849139783936816,100.473545474195
1831,-0.9477391840927822,,,-2.7806213295842035,100.3786210113911
1832,-0.9476121325399638,,,-2.7763345739630423,100.28377403927283
1833,-0.9474852048253258,,,-2.772053703377083,100.18900453162699
1834,-0.9473584008680119,,,-2.7677787096862643,100.09431246212182
1835,-0.9472317205872215,,,-2.763509584763555,99.99969780430754
1836,-0.9471051639022098,,,-2.75924632049493,99.90516053161681
1837,-0.9469787307322878,,,-2.754988908779348,99.81070061736531
1838,-0.946852420996822,,,-2.7507373415287275,99.71631803475223
1839,-0.9467262346152345,,,-2.7464916106679236,99.62201275686081
1840,-0.9466001715070029,,,-2.7422517081347038,99.52778475665882
1841,-0.94647423159166,,,-2.738017625879726,99.43363400699913
1842,-0.9463484147887938,,,-2.733789355866515,99.33956048062018
1843,-0.9462227210180476,,,-2.72956689007144,99.2455641501465
1844,-0.9460971501991197,,,-2.7253502204836884,99.15164498808923
1845,-0.9459717022517632,,,-2.7211393391052474,99.05780296684664
1846,-0.9458463770957865,,,-2.7169342379508774,98.96403805870459
1847,-0.9457211746510522,,,-2.7127349090480903,98.87035023583708
1848,-0.9455960948374782,,,-2.7085413444371262,98.77673947030677
1849,-0.9454711375750366,,,-2.704353536170932,98.68320573406541
1850,-0.9453463027837542,,,-2.700171476315135,98.58974899895442
1851,-0.9452215903837121,,,-2.695995156948025,98.49636923670532
1852,-0.9450970002950458,,,-2.6918245701605277,98.40306641894028
1853,-0.9449725324379451,,,-2.687659708056182,98.30984051717259
1854,-0.9448481867326539,,,-2.683500562751121,98.21669150280714
1855,-0.9447239630994702,,,-2.679347126374045,98.12361934714095
1856,-0.9445998614587457,,,-2.675199391066201,98.03062402136365
1857,-0.9444758817308866,,,-2.6710573489813605,97.93770549655795
1858,-0.9443520238363523,,,-2.666920992285797,97.84486374370013
1859,-0.9442282876956561,,,-2.662790313158261,97.75209873366055
1860,-0.9441046732293651,,,-2.658665303789961,97.6594104372041
1861,-0.9439811803580996,,,-2.6545459563845393,97.56679882499073
1862,-0.9438578090025337,,,-2.6504322631580504,97.47426386757589
1863,-0.9437345590833944,,,-2.6463242163389373,97.38180553541099
1864,-0.9436114305214625,,,-2.6422218081680113,97.28942379884397
1865,-0.9434884232375714,,,-2.638125030898428,97.19711862811967
1866,-0.9433655371526082,,,-2.634033876795666,97.10488999338038
1867,-0.9432427721875124,,,-2.629948338137505,97.01273786466628
1868,-0.9431201282632767,,,-2.625868407214002,96.9206622119159
1869,-0.9429976053009467,,,-2.621794076327473,96.82866300496661
1870,-0.9428752032216204,,,-2.617725337792467,96.73674021355514
1871,-0.9427529219464488,,,-2.6136621839357455,96.64489380731791
1872,-0.9426307613966352,,,-2.609604607096261,96.55312375579166
1873,-0.9425087214934355,,,-2.605552599625135,96.46143002841377
1874,-0.9423868021581578,,,-2.601506153885636,96.36981259452284
1875,-0.9422650033121628,,,-2.597465262253157,96.27827142335907
1876,-0.942143324876863,,,-2.5934299171151953,96.18680648406473
1877,-0.9420217667737234,,,-2.589400110871329,96.09541774568467
1878,-0.9419003289242607,,,-2.5853758359331973,96.00410517716675
1879,-0.9417790112500437,,,-2.581357084724477,95.91286874736225
1880,-0.941657813672693,,,-2.5773438496808616,95.8217084250264
1881,-0.9415367361138809,,,-2.5733361232500407,95.73062417881877
1882,-0.9414157784953315,,,-2.5693338978916764,95.63961597730376
1883,-0.9412949407388204,,,-2.5653371660773843,95.54868378895102
1884,-0.9411742227661746,,,-2.5613459202907105,95.45782758213593
1885,-0.9410536244992728,,,-2.5573601530271097,95.36704732514
1886,-0.9409331458600446,,,-2.5533798567939257,95.27634298615139
1887,-0.9408127867704713,,,-2.5494050241103685,95.18571453326528
1888,-0.940692547152585,,,-2.5454356475074937,95.09516193448434
1889,-0.940572426928469,,,-2.541471719528181,95.00468515771917
1890,-0.9404524260202575,,,-2.537513232727114,94.91428417078875
1891,-0.9403325443501356,,,-2.5335601796707574,94.82395894142086
1892,-0.9402127818403392,,,-2.529612552937337,94.73370943725251
1893,-0.940093138413155,,,-2.5256703451168185,94.64353562583042
1894,-0.9399736139909203,,,-2.5217335488108863,94.5534374746114
1895,-0.9398542084960229,,,-2.517802156632922,94.46341495096281
1896,-0.9397349218509009,,,-2.5138761612079845,94.373468022163
1897,-0.9396157539780431,,,-2.5099555551727883,94.28359665540168
1898,-0.9394967047999883,,,-2.5060403311756834,94.19380081778044
1899,-0.9393777742393256,,,-2.502130481876633,94.10408047631311
1900,-0.9392589622186942,,,-2.4982259999471945,94.0144355979262
1901,-0.9391402686607835,,,-2.494326878070498,93.9248661494593
1902,-0.9390216934883324,,,-2.490433108941225,93.8353720976656
1903,-0.9389032366241301,,,-2.4865446852655886,93.74595340921216
1904,-0.9387848979910154,,,-2.482661599761312,93.65661005068048
1905,-0.9386666775118767,,,-2.4787838451576087,93.56734198856681
1906,-0.9385485751096521,,,-2.474911414195162,93.47814918928262
1907,-0.938430590707329,,,-2.4710442996261026,93.38903161915496
1908,-0.9383127242279447,,,-2.4671824942139913,93.29998924442697
1909,-0.9381949755945852,,,-2.4633259907337965,93.21102203125818
1910,-0.9380773447303863,,,-2.4594747819718736,93.12212994572504
1911,-0.9379598315585327,,,-2.455628860725946,93.0333129538212
1912,-0.9378424360022583,,,-2.4517882198050827,92.94457102145805
1913,-0.9377251579848459,,,-2.44795285202968,92.85590411446502
1914,-0.9376079974296273,,,-2.444122750231441,92.76731219859006
1915,-0.9374909542599831,,,-2.440297907253355,92.67879523949998
1916,-0.9373740283993425,,,-2.4364783159496755,92.59035320278092
1917,-0.9372572197711836,,,-2.4326639691859033,92.50198605393868
1918,-0.937140528299033,,,-2.428854859838765,92.41369375839922
1919,-0.9370239539064659,,,-2.425050980796192,92.32547628150893
1920,-0.9369074965171055,,,-2.4212523249573015,92.23733358853515
1921,-0.9367911560546237,,,-2.4174588852323766,92.14926564466649
1922,-0.9366749324427407,,,-2.413670654542846,92.06127241501324
1923,-0.9365588256052246,,,-2.409887625821264,91.9733538646078
1924,-0.9364428354658917,,,-2.4061097920112906,91.88550995840502
1925,-0.9363269619486062,,,-2.402337146067672,91.79774066128265
1926,-0.9362112049772804,,,-2.398569680956221,91.71004593804166
1927,-0.9360955644758743,,,-2.3948073896537956,91.62242575340667
1928,-0.9359800403683955,,,-2.391050265148282,91.53488007202638
1929,-0.9358646325788996,,,-2.3872983004385726,91.44740885847385
1930,-0.9357493410314894,,,-2.3835514885345477,91.36001207724699
1931,-0.9356341656503154,,,-2.379809822457055,91.27268969276888
1932,-0.9355191063595756,,,-2.3760732952378905,91.18544166938815
1933,-0.935404163083515,,,-2.3723418999197783,91.09826797137944
1934,-0.9352893357464263,,,-2.3686156295563525,91.01116856294368
1935,-0.9351746242726487,,,-2.364894477212136,90.92414340820851
1936,-0.9350600285865693,,,-2.3611784359625227,90.83719247122868
1937,-0.9349455486126216,,,-2.3574674988937576,90.75031571598639
1938,-0.9348311842752861,,,-2.3537616591029153,90.6635131063917
1939,-0.9347169354990903,,,-2.3500609096978846,90.57678460628286
1940,-0.9346028022086083,,,-2.346365243797346,90.49013017942671
1941,-0.9344887843284608,,,-2.342674654530754,90.40354978951908
1942,-0.9343748817833155,,,-2.3389891350383176,90.3170434001851
1943,-0.9342610944978861,,,-2.3353086784709807,90.23061097497958
1944,-0.9341474223969329,,,-2.331633277990403,90.14425247738744
1945,-0.9340338654052627,,,-2.327962926768942,90.057967870824
1946,-0.9339204234477282,,,-2.324297617989632,89.9717571186354
1947,-0.9338070964492285,,,-2.320637344846167,89.8856201840989
1948,-0.933693884334709,,,-2.31698210054288,89.7995570304233
1949,-0.9335807870291607,,,-2.313331878294726,89.71356762074933
1950,-0.9334678044576207,,,-2.309686671327261,89.62765191814991
1951,-0.933354936545172,,,-2.3060464728766243,89.54180988563058
1952,-0.9332421832169433,,,-2.3024112761895195,89.45604148612986
1953,-0.933129544398109,,,-2.298781074523195,89.37034668251957
1954,-0.9330170200138892,,,-2.295155861145427,89.2847254376052
1955,-0.9329046099895494,,,-2.291535629334497,89.19917771412628
1956,-0.9327923142504004,,,-2.287920372379179,89.11370347475673
1957,-0.9326801327217987,,,-2.2843100835787147,89.0283026821052
1958,-0.9325680653291459,,,-2.2807047562427982,88.94297529871542
1959,-0.9324561119978888,,,-2.2771043836915577,88.85772128706655
1960,-0.9323442726535193,,,-2.2735089592555346,88.77254060957357
1961,-0.9322325472215742,,,-2.269918476275667,88.68743322858755
1962,-0.9321209356276356,,,-2.2663329281032705,88.60239910639605
1963,-0.9320094377973304,,,-2.2627523081000196,88.51743820522346
1964,-0.9318980536563299,,,-2.259176609637929,88.43255048723132
1965,-0.9317867831303508,,,-2.2556058260993366,88.34773591451874
1966,-0.9316756261451538,,,-2.2520399508768825,88.26299444912259
1967,-0.9315645826265443,,,-2.2484789773734937,88.178326053018
1968,-0.9314536525003725,,,-2.2449228990023635,88.09373068811861
1969,-0.9313428356925327,,,-2.241371709186934,88.00920831627694
1970,-0.9312321321289636,,,-2.2378254013608787,87.9247588992847
1971,-0.9311215417356482,,,-2.2342839689680822,87.84038239887315
1972,-0.9310110644386135,,,-2.2307474054626244,87.75607877671345
1973,-0.9309007001639307,,,-2.2272157043087613,87.67184799441695
1974,-0.930790448837715,,,-2.2236888589809065,87.58769001353555
1975,-0.9306803103861254,,,-2.2201668629636138,87.50360479556203
1976,-0.930570284735365,,,-2.2166497097515587,87.41959230193036
1977,-0.9304603718116803,,,-2.2131373928495206,87.33565249401609
1978,-0.9303505715413618,,,-2.2096299057723647,87.25178533313658
1979,-0.9302408838507435,,,-2.2061272420450244,87.16799078055143
1980,-0.930131308666203,,,-2.2026293952024836,87.08426879746274
1981,-0.930021845914161,,,-2.1991363587897577,87.00061934501545
1982,-0.929912495521082,,,-2.195648126361877,86.91704238429767
1983,-0.9298032574134736,,,-2.1921646914838675,86.83353787634103
1984,-0.9296941315178865,,,-2.188686047730735,86.75010578212091
1985,-0.9295851177609148,,,-2.1852121886874465,86.66674606255688
1986,-0.9294762160691955,,,-2.1817431079489116,86.58345867851294
1987,-0.9293674263694085,,,-2.178278799119966,86.50024359079785
1988,-0.9292587485882768,,,-2.174819255815353,86.41710076016551
1989,-0.9291501826525661,,,-2.171364471659708,86.33403014731515
1990,-0.9290417284890847,,,-2.1679144402875363,86.25103171289179
1991,-0.9289333860246839,,,-2.164469155343202,86.16810541748643
1992,-0.9288251551862573,,,-2.161028610480904,86.08525122163647
1993,-0.9287170359007411,,,-2.1575927993646635,86.00246908582594
1994,-0.9286090280951139,,,-2.154161715668304,85.91975897048584
1995,-0.9285011316963968,,,-2.1507353530754343,85.83712083599447
1996,-0.9283933466316531,,,-2.147313705279432,85.75455464267772
1997,-0.9282856728279881,,,-2.1438967659834254,85.67206035080936
1998,-0.9281781102125496,,,-2.1404845289002754,85.58963792061138
1999,-0.9280706587125271,,,-2.1370769877525597,85.50728731225432
2000,-0.9279633182551523,,,-2.1336741362725555,85.42500848585746
2001,-0.9278560887676987,,,-2.1302759682022203,85.34280140148927
2002,-0.9277489701774814,,,-2.1268824772931776,85.2606660191676
2003,-0.9276419624118576,,,-2.1234936573066974,85.17860229886007
2004,-0.927535065398226,,,-2.1201095020136806,85.09661020048429
2005,-0.9274282790640269,,,-2.1167300051946407,85.01468968390823
2006,-0.9273216033367421,,,-2.1133551606396876,84.93284070895045
2007,-0.9272150381438947,,,-2.1099849621485105,84.85106323538047
2008,-0.9271085834130495,,,-2.1066194035303605,84.769357222919
2009,-0.9270022390718122,,,-2.1032584786040336,84.68772263123829
2010,-0.92689600504783,,,-2.099902181197854,84.6061594199624
2011,-0.9267898812687909,,,-2.0965505051496582,84.5246675486675
2012,-0.9266838676624243,,,-2.0932034443067757,84.44324697688215
2013,-0.9265779641565003,,,-2.0898609925260145,84.3618976640876
2014,-0.92647217067883,,,-2.086523143673643,84.28061956971811
2015,-0.9263664871572654,,,-2.0831898916253735,84.19941265316116
2016,-0.9262609135196992,,,-2.0798612302663466,84.11827687375785
2017,-0.9261554496940647,,,-2.076537153491112,84.03721219080309
2018,-0.9260500956083358,,,-2.073217655203614,83.95621856354593
2019,-0.925944851190527,,,-2.069902729317174,83.87529595118987
2020,-0.9258397163686933,,,-2.0665923697544746,83.79444431289309
2021,-0.9257346910709299,,,-2.063286570447541,83.71366360776878
2022,-0.9256297752253723,,,-2.059985325337727,83.63295379488538
2023,-0.9255249687601963,,,-2.0566886283756975,83.55231483326692
2024,-0.925420271603618,,,-2.0533964735214103,83.47174668189325
2025,-0.9253156836838932,,,-2.0501088547441024,83.39124929970035
2026,-0.925211204929318,,,-2.0468257660222724,83.3108226455806
2027,-0.9251068352682282,,,-2.0435472013436633,83.23046667838304
2028,-0.9250025746289998,,,-2.040273154705247,83.15018135691368
2029,-0.9248984229400482,,,-2.037003620113208,83.06996663993576
2030,-0.9247943801298285,,,-2.0337385915829262,82.98982248617001
2031,-0.9246904461268357,,,-2.0304780631389625,82.90974885429499
2032,-0.9245866208596042,,,-2.0272220288150398,82.82974570294726
2033,-0.9244829042567078,,,-2.0239704826540295,82.74981299072174
2034,-0.9243792962467597,,,-2.020723418707933,82.66995067617192
2035,-0.9242757967584126,,,-2.0174808310378674,82.59015871781021
2036,-0.9241724057203584,,,-2.014242713714048,82.51043707410815
2037,-0.924069123061328,,,-2.011009060815774,82.43078570349665
2038,-0.9239659487100916,,,-2.0077798664314086,82.35120456436634
2039,-0.9238628825954583,,,-2.004555124658368,82.27169361506779
2040,-0.9237599246462762,,,-2.0013348296031017,82.19225281391175
2041,-0.9236570747914323,,,-1.9981189753810782,82.1128821191695
2042,-0.9235543329598525,,,-1.9949075561167684,82.03358148907303
2043,-0.9234516990805011,,,-1.9917005659436293,81.95435088181536
2044,-0.9233491730823815,,,-1.9884979990040894,81.87519025555075
2045,-0.9232467548945354,,,-1.9852998494495313,81.79609956839504
2046,-0.9231444444460432,,,-1.9821061114402772,81.71707877842579
2047,-0.9230422416660234,,,-1.978916779145572,81.63812784368268
2048,-0.9229401464836334,,,-1.9757318467435683,81.55924672216767
2049,-0.9228381588280685,,,-1.9725513084213098,81.48043537184532
2050,-0.9227362786285623,,,-1.9693751583747168,81.40169375064298
2051,-0.9226345058143867,,,-1.9662033908085694,81.3230218164511
2052,-0.9225328403148514,,,-1.9630359999364924,81.24441952712351
2053,-0.9224312820593044,,,-1.959872979980939,81.16588684047757
2054,-0.9223298309771314,,,-1.9567143251731762,81.08742371429453
2055,-0.9222284869977562,,,-1.9535600297532687,81.00903010631974
2056,-0.9221272500506402,,,-1.9504100879700628,80.9307059742629
2057,-0.9220261200652826,,,-1.9472644940811716,80.85245127579832
2058,-0.9219250969712202,,,-1.9441232423529595,80.77426596856516
2059,-0.9218241806980273,,,-1.9409863270605263,80.6961500101677
2060,-0.921723371175316,,,-1.9378537424876923,80.61810335817557
2061,-0.9216226683327354,,,-1.934725482926982,80.54012597012402
2062,-0.9215220720999724,,,-1.9316015426796096,80.46221780351414
2063,-0.9214215824067509,,,-1.9284819160554634,80.3843788158131
2064,-0.921321199182832,,,-1.9253665973730902,80.30660896445443
2065,-0.921220922358014,,,-1.9222555809596802,80.22890820683826
2066,-0.9211207518621325,,,-1.9191488611510517,80.15127650033152
2067,-0.9210206876250597,,,-1.916046432291636,80.07371380226826
2068,-0.9209207295767051,,,-1.9129482887344618,79.99622006994981
2069,-0.9208208776470148,,,-1.9098544248411404,79.91879526064508
2070,-0.9207211317659718,,,-1.9067648349818505,79.84143933159078
2071,-0.9206214918635959,,,-1.9036795135353228,79.76415223999163
2072,-0.9205219578699432,,,-1.900598454888825,79.68693394302066
2073,-0.9204225297151067,,,-1.8975216534381465,79.6097843978194
2074,-0.920323207329216,,,-1.8944491035875841,79.53270356149815
2075,-0.9202239906424368,,,-1.8913807997499263,79.45569139113618
2076,-0.9201248795849712,,,-1.8883167363464384,79.37874784378201
2077,-0.9200258740870579,,,-1.8852569078068475,79.30187287645359
2078,-0.9199269740789716,,,-1.882201308569328,79.22506644613856
2079,-0.9198281794910231,,,-1.8791499330804864,79.14832850979452
2080,-0.9197294902535594,,,-1.8761027757953457,79.07165902434924
2081,-0.9196309062969635,,,-1.8730598311773317,78.99505794670084
2082,-0.9195324275516543,,,-1.8700210936982578,78.91852523371807
2083,-0.9194340539480866,,,-1.8669865578383098,78.84206084224054
2084,-0.919335785416751,,,-1.8639562180860314,78.76566472907896
2085,-0.9192376218881738,,,-1.860930068938309,78.68933685101533
2086,-0.919139563292917,,,-1.8579081049003585,78.61307716480316
2087,-0.9190416095615781,,,-1.8548903204857083,78.53688562716778
2088,-0.9189437606247903,,,-1.8518767102161866,78.46076219480648
2089,-0.9188460164132222,,,-1.8488672686219059,78.38470682438876
2090,-0.9187483768575775,,,-1.8458619902412479,78.30871947255658
2091,-0.9186508418885956,,,-1.84286086962085,78.23280009592455
2092,-0.918553411437051,,,-1.83986390131559,78.15694865108019
2093,-0.9184560854337535,,,-1.836871079888572,78.08116509458408
2094,-0.9183588638095476,,,-1.833882399911111,78.00544938297017
2095,-0.9182617464953133,,,-1.8308978559627196,77.92980147274596
2096,-0.9181647334219655,,,-1.827917442631093,77.85422132039271
2097,-0.9180678245204537,,,-1.8249411545120944,77.77870888236566
2098,-0.9179710197217624,,,-1.8219689862097406,77.70326411509429
2099,-0.9178743189569111,,,-1.8190009323361882,77.62788697498246
2100,-0.9177777221569536,,,-1.8160369875117184,77.55257741840872
2101,-0.9176812292529787,,,-1.813077146364723,77.47733540172646
2102,-0.9175848401761094,,,-1.8101214035316908,77.40216088126414
2103,-0.9174885548575035,,,-1.8071697536571918,77.3270538133255
2104,-0.917392373228353,,,-1.8042221913938645,77.25201415418982
2105,-0.9172962952198844,,,-1.801278711402401,77.17704186011206
2106,-0.9172003207633584,,,-1.7983393083515324,77.1021368873231
2107,-0.91710444979007,,,-1.7954039769180155,77.02729919203
2108,-0.9170086822313482,,,-1.7924727117866177,76.95252873041615
2109,-0.9169130180185563,,,-1.7895455076501041,76.8778254586415
2110,-0.9168174570830914,,,-1.7866223592092219,76.80318933284276
2111,-0.9167219993563847,,,-1.7837032611726873,76.72862030913365
2112,-0.9166266447699012,,,-1.7807882082571715,76.65411834360505
2113,-0.9165313932551398,,,-1.7778771951872863,76.57968339232525
2114,-0.916436244743633,,,-1.77497021669557,76.50531541134013
2115,-0.9163411991669472,,,-1.7720672675224745,76.4310143566734
2116,-0.9162462564566822,,,-1.7691683424163491,76.35678018432675
2117,-0.9161514165444714,,,-1.7662734361334291,76.2826128502801
2118,-0.9160566793619818,,,-1.7633825434378207,76.2085123104918
2119,-0.9159620448409136,,,-1.7604956591014869,76.13447852089881
2120,-0.9158675129130005,,,-1.7576127779042339,76.0605114374169
2121,-0.9157730835100094,,,-1.7547338946336977,75.98661101594091
2122,-0.9156787565637405,,,-1.7518590040853297,75.91277721234488
2123,-0.9155845320060272,,,-1.7489881010623833,75.83900998248227
2124,-0.9154904097687357,,,-1.7461211803759003,75.7653092821862
2125,-0.9153963897837655,,,-1.7432582368446965,75.69167506726959
2126,-0.9153024719830488,,,-1.7403992652953488,75.61810729352537
2127,-0.915208656298551,,,-1.737544260562181,75.54460591672675
2128,-0.9151149426622699,,,-1.73469321748725,75.47117089262728
2129,-0.9150213310062364,,,-1.7318461309203332,75.3978021769612
2130,-0.9149278212625139,,,-1.7290029957189137,75.3244997254435
2131,-0.9148344133631986,,,-1.7261638067481675,75.25126349377021
2132,-0.9147411072404189,,,-1.7233285588809495,75.17809343761854
2133,-0.9146479028263361,,,-1.72049724699778,75.10498951264711
2134,-0.9145548000531436,,,-1.7176698659868317,75.03195167449609
2135,-0.9144617988530673,,,-1.714846410743916,74.95897987878746
2136,-0.9143688991583654,,,-1.712026876172469,74.88607408112514
2137,-0.9142761009013283,,,-1.7092112571835387,74.81323423709524
2138,-0.9141834040142784,,,-1.7063995486957717,74.74046030226619
2139,-0.9140908084295705,,,-1.7035917456353986,74.66775223218896
2140,-0.9139983140795911,,,-1.7007878429362229,74.59510998239726
2141,-0.9139059208967589,,,-1.6979878355396054,74.52253350840769
2142,-0.9138136288135246,,,-1.695191718394452,74.45002276571996
2143,-0.9137214377623702,,,-1.6923994864572005,74.3775777098171
2144,-0.9136293476758102,,,-1.6896111346918068,74.30519829616557
2145,-0.9135373584863901,,,-1.6868266580697324,74.23288448021549
2146,-0.9134454701266874,,,-1.6840460515699303,74.16063621740082
2147,-0.9133536825293114,,,-1.6812693101788325,74.08845346313957
2148,-0.9132619956269024,,,-1.678496428890337,74.01633617283396
2149,-0.9131704093521325,,,-1.6757274027057933,73.94428430187058
2150,-0.9130789236377049,,,-1.6729622266339912,73.8722978056206
2151,-0.9129875384163546,,,-1.670200895691146,73.80037663943996
2152,-0.9128962536208474,,,-1.6674434049008868,73.72852075866952
2153,-0.9128050691839803,,,-1.6646897492942427,73.65673011863527
2154,-0.9127139850385817,,,-1.66193992390963,73.58500467464847
2155,-0.9126230011175108,,,-1.6591939237928384,73.51334438200588
2156,-0.9125321173536581,,,-1.6564517439970199,73.44174919598991
2157,-0.9124413336799447,,,-1.6537133795826737,73.3702190718688
2158,-0.9123506500293228,,,-1.6509788256176352,73.29875396489678
2159,-0.9122600663347753,,,-1.6482480771770613,73.22735383031429
2160,-0.9121695825293159,,,-1.645521129343419,73.15601862334809
2161,-0.912079198545989,,,-1.642797977206472,73.08474829921151
2162,-0.9119889143178694,,,-1.6400786158632672,73.01354281310458
2163,-0.9118987297780629,,,-1.637363040418123,72.9424021202142
2164,-0.9118086448597053,,,-1.6346512459826157,72.87132617571433
2165,-0.9117186594959631,,,-1.6319432276755672,72.80031493476616
2166,-0.9116287736200331,,,-1.6292389806230319,72.72936835251829
2167,-0.9115389871651426,,,-1.6265384999582844,72.65848638410688
2168,-0.9114493000645487,,,-1.6238417808218066,72.5876689846558
2169,-0.9113597122515391,,,-1.621148818361275,72.51691610927692
2170,-0.9112702236594314,,,-1.6184596077315474,72.44622771307009
2171,-0.9111808342215734,,,-1.6157741440946518,72.37560375112345
2172,-0.9110915438713426,,,-1.6130924226197725,72.30504417851358
2173,-0.9110023525421468,,,-1.6104144384832377,72.23454895030562
2174,-0.9109132601674234,,,-1.6077401868685077,72.16411802155348
2175,-0.9108242666806396,,,-1.6050696629661614,72.09375134729997
2176,-0.9107353720152928,,,-1.6024028619738844,72.023448882577
2177,-0.9106465761049093,,,-1.5997397790964563,71.95321058240572
2178,-0.9105578788830457,,,-1.5970804095457378,71.88303640179669
2179,-0.9104692802832879,,,-1.5944247485406595,71.81292629575006
2180,-0.9103807802392512,,,-1.591772791307208,71.74288021925574
2181,-0.9102923786845803,,,-1.5891245330784143,71.6728981272935
2182,-0.9102040755529497,,,-1.5864799690943412,71.60297997483322
2183,-0.9101158707780627,,,-1.5838390946020715,71.53312571683499
2184,-0.9100277642936521,,,-1.5812019048556947,71.46333530824928
2185,-0.9099397560334798,,,-1.578568395116295,71.39360870401715
2186,-0.9098518459313369,,,-1.5759385606519394,71.32394585907034
2187,-0.9097640339210437,,,-1.5733123967376652,71.25434672833144
2188,-0.9096763199364492,,,-1.570689898655468,71.18481126671412
2189,-0.9095887039114314,,,-1.5680710616942886,71.1153394291232
2190,-0.9095011857798975,,,-1.5654558811500014,71.04593117045486
2191,-0.9094137654757831,,,-1.5628443523254032,70.9765864455968
2192,-0.909326442933053,,,-1.5602364705301988,70.90730520942834
2193,-0.9092392180857003,,,-1.5576322310809907,70.83808741682064
2194,-0.909152090867747,,,-1.5550316293012667,70.76893302263683
2195,-0.9090650612132434,,,-1.5524346605213866,70.69984198173215
2196,-0.9089781290562686,,,-1.5498413200785714,70.63081424895414
2197,-0.9088912943309302,,,-1.5472516033168913,70.56184977914275
2198,-0.908804556971364,,,-1.5446655055872527,70.49294852713054
2199,-0.9087179169117342,,,-1.542083022247387,70.42411044774279
2200,-0.9086313740862333,,,-1.539504148661838,70.35533549579769
2201,-0.908544928429082,,,-1.53692888020195,70.28662362610645
2202,-0.9084585798745292,,,-1.5343572122458569,70.2179747934735
2203,-0.9083723283568519,,,-1.531789140178469,70.1493889526966
2204,-0.9082861738103551,,,-1.5292246593914613,70.08086605856698
2205,-0.9082001161693719,,,-1.5266637652832622,70.01240606586958
2206,-0.9081141553682631,,,-1.5241064532590414,69.94400892938306
2207,-0.9080282913414176,,,-1.5215527187306974,69.87567460388004
2208,-0.9079425240232519,,,-1.519002557116847,69.80740304412726
2209,-0.9078568533482104,,,-1.5164559638428121,69.73919420488565
2210,-0.9077712792507652,,,-1.5139129343406088,69.67104804091056
2211,-0.9076858016654158,,,-1.5113734640489356,69.60296450695185
2212,-0.9076004205266895,,,-1.5088375484131609,69.53494355775405
2213,-0.9075151357691412,,,-1.5063051828853122,69.46698514805651
2214,-0.907429947327353,,,-1.5037763629240641,69.39908923259357
2215,-0.9073448551359345,,,-1.5012510839947264,69.33125576609463
2216,-0.9072598591295227,,,-1.4987293415692327,69.26348470328436
2217,-0.9071749592427816,,,-1.4962111311261286,69.19577599888285
2218,-0.9070901554104027,,,-1.4936964481505604,69.1281296076057
2219,-0.9070054475671047,,,-1.4911852881342629,69.06054548416417
2220,-0.9069208356476332,,,-1.4886776465755482,68.99302358326537
2221,-0.9068363195867608,,,-1.4861735189792946,68.92556385961237
2222,-0.9067518993192875,,,-1.483672900856934,68.85816626790431
2223,-0.9066675747800397,,,-1.4811757877264418,68.79083076283659
2224,-0.906583345903871,,,-1.4786821751123236,68.72355729910099
2225,-0.9064992126256618,,,-1.4761920585456054,68.65634583138582
2226,-0.9064151748803191,,,-1.4737054335638216,68.58919631437601
2227,-0.9063312326027766,,,-1.4712222957110028,68.52210870275331
2228,-0.9062473857279948,,,-1.4687426405376658,68.4550829511964
2229,-0.9061636341909607,,,-1.4662664636008007,68.38811901438102
2230,-0.9060799779266878,,,-1.4637937604638611,68.32121684698012
2231,-0.9059964168702161,,,-1.4613245266967512,68.254376403664
2232,-0.9059129509566121,,,-1.4588587578758154,68.1875976391004
2233,-0.9058295801209684,,,-1.4563964495838273,68.12088050795471
2234,-0.9057463042984041,,,-1.4539375974099773,68.05422496489004
2235,-0.9056631234240645,,,-1.4514821969498624,67.98763096456737
2236,-0.9055800374331212,,,-1.4490302438054738,67.92109846164573
2237,-0.9054970462607717,,,-1.4465817335851872,67.85462741078224
2238,-0.9054141498422397,,,-1.4441366619037503,67.78821776663234
2239,-0.9053313481127748,,,-1.4416950243822722,67.72186948384986
2240,-0.9052486410076528,,,-1.4392568166482118,67.65558251708717
2241,-0.9051660284621751,,,-1.4368220343353675,67.58935682099529
2242,-0.9050835104116692,,,-1.434390673083865,67.5231923502241
2243,-0.9050010867914883,,,-1.4319627285401468,67.45708905942232
2244,-0.9049187575370111,,,-1.4295381963569616,67.39104690323781
2245,-0.9048365225836424,,,-1.4271170721933517,67.32506583631756
2246,-0.9047543818668125,,,-1.4246993517146433,67.25914581330794
2247,-0.9046723353219769,,,-1.4222850305924353,67.19328678885469
2248,-0.904590382884617,,,-1.419874104504588,67.12748871760317
2249,-0.9045085244902396,,,-1.4174665691352115,67.06175155419842
2250,-0.9044267600743767,,,-1.4150624201746562,66.99607525328533
2251,-0.904345089572586,,,-1.4126616533195007,66.93045976950869
2252,-0.90426351292045,,,-1.4102642642725411,66.86490505751341
2253,-0.9041820300535769,,,-1.4078702487427803,66.7994110719446
2254,-0.9041006409075998,,,-1.4054796024454168,66.73397776744768
2255,-0.904019345418177,,,-1.4030923211018342,66.66860509866852
2256,-0.9039381435209919,,,-1.40070840043959,66.60329302025356
2257,-0.9038570351517528,,,-1.3983278361924047,66.53804148684996
2258,-0.9037760202461931,,,-1.395950624100152,66.47285045310568
2259,-0.903695098740071,,,-1.393576759908846,66.4077198736696
2260,-0.9036142705691697,,,-1.3912062393706326,66.34264970319173
2261,-0.9035335356692968,,,-1.388839058243777,66.2776398963232
2262,-0.9034528939762853,,,-1.3864752122926545,66.21269040771647
2263,-0.9033723454259921,,,-1.384114697287738,66.14780119202543
2264,-0.9032918899542993,,,-1.381757509005589,66.0829722039055
2265,-0.9032115274971135,,,-1.3794036432288455,66.0182033980138
2266,-0.9031312579903656,,,-1.3770530957462128,65.9534947290092
2267,-0.9030510813700112,,,-1.3747058623524515,65.88884615155247
2268,-0.9029709975720301,,,-1.3723619388483674,65.82425762030644
2269,-0.9028910065324267,,,-1.3700213210408012,65.75972908993604
2270,-0.9028111081872294,,,-1.3676840047426175,65.69526051510849
2271,-0.9027313024724912,,,-1.3653499857726943,65.63085185049333
2272,-0.902651589324289,,,-1.3630192599559123,65.56650305076265
2273,-0.902571968678724,,,-1.3606918231231449,65.50221407059112
2274,-0.9024924404719216,,,-1.358367671111247,65.43798486465613
2275,-0.9024130046400308,,,-1.3560467997630452,65.3738153876379
2276,-0.9023336611192252,,,-1.3537292049273266,65.30970559421961
2277,-0.9022544098457018,,,-1.3514148824588286,65.2456554390875
2278,-0.9021752507556818,,,-1.349103828218229,65.181664876931
2279,-0.9020961837854101,,,-1.3467960380721347,65.11773386244279
2280,-0.9020172088711554,,,-1.3444915078930717,65.05386235031902
2281,-0.9019383259492102,,,-1.3421902335594749,64.99005029525931
2282,-0.9018595349558904,,,-1.339892210955677,64.92629765196692
2283,-0.9017808358275359,,,-1.3375974359718996,64.86260437514886
2284,-0.9017022285005099,,,-1.3353059045042412,64.79897041951598
2285,-0.901623712911199,,,-1.3330176124546682,64.7353957397831
2286,-0.9015452889960137,,,-1.330732555731003,64.67188029066911
2287,-0.9014669566913875,,,-1.3284507302469162,64.60842402689708
2288,-0.9013887159337775,,,-1.3261721319219135,64.54502690319438
2289,-0.9013105666596638,,,-1.3238967566813276,64.48168887429279
2290,-0.9012325088055501,,,-1.321624600456307,64.41840989492856
2291,-0.9011545423079631,,,-1.319355659183806,64.3551899198426
2292,-0.9010766671034527,,,-1.3170899288065747,64.29202890378053
2293,-0.9009988831285919,,,-1.3148274052731481,64.2289268014928
2294,-0.9009211903199766,,,-1.3125680845378367,64.16588356773481
2295,-0.900843588614226,,,-1.3103119625607165,64.10289915726698
2296,-0.9007660779479819,,,-1.3080590353076178,64.03997352485491
2297,-0.9006886582579092,,,-1.3058092987501169,63.97710662526947
2298,-0.9006113294806957,,,-1.3035627488655235,63.914298413286865
2299,-0.9005340915530516,,,-1.3013193816368733,63.851548843688775
2300,-0.9004569444117103,,,-1.2990791930529162,63.788857871262465
2301,-0.9003798879934276,,,-1.2968421791081064,63.72622545080087
2302,-0.9003029222349821,,,-1.2946083358025933,63.663651537102695
2303,-0.9002260470731748,,,-1.2923776591422107,63.601136084972545
2304,-0.9001492624448294,,,-1.2901501451384672,63.538679049221024
2305,-0.9000725682867919,,,-1.287925789808536,63.47628038466479
2306,-0.899995964535931,,,-1.285704589175245,63.413940046126726
2307,-0.8999194511291375,,,-1.2834865392670671,63.35165798843599
2308,-0.8998430280033247,,,-1.2812716361181105,63.28943416642813
2309,-0.8997666950954282,,,-1.2790598757681075,63.22726853494521
2310,-0.8996904523424056,,,-1.2768512542624062,63.16516104883588
2311,-0.899614299681237,,,-1.27464576765196,63.10311166295548
2312,-0.8995382370489243,,,-1.2724434119933175,63.04112033216616
2313,-0.8994622643824918,,,-1.2702441833486129,62.979187011336954
2314,-0.8993863816189855,,,-1.2680480777855567,62.917311655343894
2315,-0.8993105886954738,,,-1.2658550913774254,62.855494219070096
2316,-0.8992348855490465,,,-1.263665220203051,62.793734657405885
2317,-0.8991592721168158,,,-1.2614784603468128,62.732032925248866
2318,-0.8990837483359153,,,-1.2592948078986264,62.670388977504025
2319,-0.8990083141435007,,,-1.2571142589539346,62.608802769083844
2320,-0.8989329694767492,,,-1.254936809613698,62.547274254908366
2321,-0.8988577142728598,,,-1.252762455984384,62.48580338990532
2322,-0.8987825484690531,,,-1.2505911941779588,62.42439012901022
2323,-0.8987074720025715,,,-1.2484230203118762,62.363034427166426
2324,-0.8986324848106786,,,-1.2462579305090695,62.30173623932527
2325,-0.8985575868306596,,,-1.2440959208979403,62.240495520446146
2326,-0.8984827779998211,,,-1.24193698761235,62.17931222549659
2327,-0.8984080582554914,,,-1.2397811267916101,62.11818630945239
2328,-0.8983334275350198,,,-1.2376283345804722,62.05711772729767
2329,-0.8982588857757768,,,-1.2354786071291186,61.996106434024995
2330,-0.8981844329151546,,,-1.233331940593153,61.935152384635444
2331,-0.8981100688905661,,,-1.2311883311335907,61.87425553413872
2332,-0.8980357936394456,,,-1.2290477749168494,61.81341583755324
2333,-0.8979616070992487,,,-1.2269102681147388,61.7526332499062
2334,-0.8978875092074515,,,-1.2247758069044528,61.691907726233715
2335,-0.8978134999015517,,,-1.2226443874685586,61.631239221580884
2336,-0.8977395791190675,,,-1.220516005994988,61.57062769100187
2337,-0.8976657467975384,,,-1.2183906586770272,61.510073089559995
2338,-0.8975920028745243,,,-1.2162683417133087,61.449575372327864
2339,-0.8975183472876064,,,-1.2141490513078006,61.38913449438739
2340,-0.8974447799743863,,,-1.2120327836697977,61.32875041082995
2341,-0.8973713008724865,,,-1.209919535013913,61.26842307675643
2342,-0.89729790991955,,,-1.2078093015600664,61.20815244727733
2343,-0.8972246070532407,,,-1.2057020795334774,61.147938477512845
2344,-0.8971513922112428,,,-1.2035978651646546,61.08778112259297
2345,-0.8970782653312613,,,-1.2014966546893868,61.027680337657564
2346,-0.8970052263510214,,,-1.199398444348734,60.96763607785645
2347,-0.8969322752082689,,,-1.1973032303890174,60.90764829834949
2348,-0.8968594118407699,,,-1.1952110090618109,60.84771695430671
2349,-0.8967866361863109,,,-1.193121776623931,60.787842000908334
2350,-0.8967139481826988,,,-1.1910355293374288,60.7280233933449
2351,-0.8966413477677606,,,-1.18895226346958,60.668261086817324
2352,-0.8965688348793435,,,-1.1868719752928756,60.60855503653703
2353,-0.8964964094553148,,,-1.1847946610850133,60.548905197725965
2354,-0.8964240714335623,,,-1.182720317128888,60.48931152561676
2355,-0.8963518207519934,,,-1.1806489397125823,60.42977397545276
2356,-0.8962796573485357,,,-1.1785805251293586,60.37029250248812
2357,-0.8962075811611367,,,-1.1765150696776487,60.31086706198789
2358,-0.8961355921277641,,,-1.1744525696610455,60.25149760922812
2359,-0.896063690186405,,,-1.1723930213882932,60.1921840994959
2360,-0.8959918752750667,,,-1.1703364211732792,60.13292648808947
2361,-0.8959201473317764,,,-1.1682827653350245,60.07372473031831
2362,-0.8958485062945806,,,-1.1662320501976746,60.014578781503204
2363,-0.8957769521015458,,,-1.164184272090491,59.95548859697631
2364,-0.8957054846907582,,,-1.1621394273478414,59.89645413208128
2365,-0.8956341040003233,,,-1.1600975123091914,59.837475342173306
2366,-0.8955628099683666,,,-1.1580585233190956,59.77855218261921
2367,-0.8954916025330326,,,-1.1560224567271882,59.71968460879752
2368,-0.8954204816324859,,,-1.153989308888174,59.66087257609858
2369,-0.8953494472049099,,,-1.1519590761618206,59.602116039924596
2370,-0.8952784991885079,,,-1.1499317549129475,59.5434149556897
2371,-0.8952076375215021,,,-1.1479073415114192,59.48476927882007
2372,-0.8951368621421343,,,-1.1458858323321353,59.426178964754
2373,-0.8950661729886654,,,-1.143867223755022,59.367643968941955
2374,-0.8949955699993757,,,-1.1418515121650232,59.30916424684667
2375,-0.8949250531125644,,,-1.1398386939520913,59.25073975394321
2376,-0.89485462226655,,,-1.1378287655111787,59.192370445719064
2377,-0.8947842773996699,,,-1.1358217232422294,59.13405627767422
2378,-0.8947140184502808,,,-1.13381756355017,59.07579720532123
2379,-0.8946438453567581,,,-1.1318162828448999,59.01759318418529
2380,-0.8945737580574964,,,-1.1298178775412844,58.959444169804314
2381,-0.894503756490909,,,-1.1278223440591446,58.90135011772904
2382,-0.8944338405954281,,,-1.1258296788232496,58.84331098352304
2383,-0.8943640103095047,,,-1.1238398782633068,58.78532672276285
2384,-0.8942942655716087,,,-1.1218529388139538,58.727397291038045
2385,-0.8942246063202286,,,-1.1198688569147497,58.66952264395127
2386,-0.8941550324938716,,,-1.1178876290101665,58.61170273711834
2387,-0.8940855440310636,,,-1.1159092515495805,58.55393752616835
2388,-0.8940161408703489,,,-1.1139337209872635,58.496226966743656
2389,-0.8939468229502906,,,-1.1119610337823742,58.43857101450005
2390,-0.8938775902094702,,,-1.10999118639895,58.380969625106765
2391,-0.8938084425864876,,,-1.1080241753058975,58.32342275424658
2392,-0.8937393800199613,,,-1.106059996976985,58.26593035761586
2393,-0.893670402448528,,,-1.1040986478908332,58.208492390924675
2394,-0.8936015098108429,,,-1.1021401245309073,58.151108809896826
2395,-0.8935327020455792,,,-1.1001844233855076,58.093779570269945
2396,-0.8934639790914288,,,-1.0982315409477623,58.03650462779555
2397,-0.8933953408871015,,,-1.0962814737156175,57.97928393823913
2398,-0.8933267873713253,,,-1.0943342181918299,57.92211745738019
2399,-0.8932583184828464,,,-1.0923897708839578,57.86500514101235
2400,-0.8931899341604291,,,-1.0904481283043528,57.8079469449434
2401,-0.8931216343428557,,,-1.0885092869701514,57.750942824995384
2402,-0.8930534189689265,,,-1.0865732434032662,57.69399273700463
2403,-0.8929852879774598,,,-1.0846399941303781,57.63709663682186
2404,-0.8929172413072918,,,-1.0827095356829277,57.580254480312256
2405,-0.8928492788972765,,,-1.080781864597107,57.5234662233555
2406,-0.8927814006862858,,,-1.0788569774138503,57.466731821845855
2407,-0.8927136066132094,,,-1.076934870678827,57.41005123169225
2408,-0.8926458966169548,,,-1.075015540942433,57.35342440881832
2409,-0.8925782706364472,,,-1.0730989847597812,57.2968513091625
2410,-0.8925107286106294,,,-1.0711851986906948,57.24033188867806
2411,-0.8924432704784618,,,-1.0692741792996985,57.18386610333319
2412,-0.8923758961789225,,,-1.0673659231560095,57.12745390911109
2413,-0.8923086056510072,,,-1.0654604268335301,57.07109526200998
2414,-0.892241398833729,,,-1.0635576869108394,57.014790118043216
2415,-0.8921742756661184,,,-1.0616576999711846,56.958538433239326
2416,-0.8921072360872235,,,-1.0597604626024733,56.90234016364209
2417,-0.8920402800361097,,,-1.0578659713972642,56.846195265310605
2418,-0.8919734074518597,,,-1.0559742229527607,56.790103694319335
2419,-0.8919066182735736,,,-1.0540852138708017,56.73406540675818
2420,-0.8918399124403688,,,-1.052198940757853,56.67808035873255
2421,-0.8917732898913797,,,-1.050315400225,56.62214850636344
2422,-0.8917067505657582,,,-1.0484345888879392,56.566269805787435
2423,-0.8916402944026731,,,-1.0465565033669704,56.51044421315685
2424,-0.8915739213413105,,,-1.0446811402869878,56.45467168463974
2425,-0.8915076313208734,,,-1.042808496277473,56.398952176419996
2426,-0.8914414242805819,,,-1.0409385679724863,56.34328564469737
2427,-0.8913753001596731,,,-1.039071352010658,56.28767204568756
2428,-0.8913092588974012,,,-1.0372068450351821,56.23211133562229
2429,-0.891243300433037,,,-1.0353450436938068,56.17660347074933
2430,-0.8911774247058684,,,-1.033485944638827,56.12114840733258
2431,-0.8911116316551999,,,-1.0316295445270758,56.06574610165214
2432,-0.8910459212203532,,,-1.0297758400199177,56.01039651000434
2433,-0.8909802933406664,,,-1.0279248277832393,55.95509958870185
2434,-0.8909147479554945,,,-1.026076504487442,55.899855294073674
2435,-0.8908492850042091,,,-1.0242308668074342,55.84466358246527
2436,-0.8907839044261985,,,-1.022387911422623,55.789524410238585
2437,-0.8907186061608674,,,-1.0205476350169065,55.73443773377209
2438,-0.8906533901476373,,,-1.0187100342786652,55.67940350946088
2439,-0.8905882563259463,,,-1.0168751059007557,55.624421693716734
2440,-0.8905232046352486,,,-1.0150428465805008,55.569492242968124
2441,-0.8904582350150152,,,-1.0132132530196836,55.51461511366032
2442,-0.8903933474047335,,,-1.011386321924538,55.45979026225543
2443,-0.8903285417439071,,,-1.009562050005742,55.40501764523246
2444,-0.890263817972056,,,-1.0077404339784093,55.35029721908737
2445,-0.8901991760287165,,,-1.0059214705620816,55.29562894033315
2446,-0.8901346158534411,,,-1.0041051564807206,55.24101276549983
2447,-0.8900701373857988,,,-1.0022914884627012,55.18644865113459
2448,-0.8900057405653744,,,-1.0004804632408022,55.131936553801786
2449,-0.8899414253317692,,,-0.9986720775521997,55.07747643008301
2450,-0.8898771916246003,,,-0.9968663281384589,55.023068236577146
2451,-0.8898130393835012,,,-0.9950632117455264,54.968711929900444
2452,-0.8897489685481211,,,-0.9932627251237226,54.91440746668654
2453,-0.8896849790581254,,,-0.991464865027734,54.86015480358655
2454,-0.8896210708531954,,,-0.9896696282166053,54.805953897269106
2455,-0.8895572438730285,,,-0.987877011453732,54.75180470442039
2456,-0.8894934980573377,,,-0.9860870115068524,54.697707181744214
2457,-0.889429833345852,,,-0.9842996251480404,54.6436612859621
2458,-0.8893662496783163,,,-0.9825148491536972,54.58966697381326
2459,-0.8893027469944913,,,-0.9807326803045447,54.53572420205472
2460,-0.8892393252341532,,,-0.9789531153856168,54.48183292746135
2461,-0.889175984337094,,,-0.9771761511862523,54.42799310682589
2462,-0.8891127242431216,,,-0.9754017845000875,54.37420469695904
2463,-0.8890495448920593,,,-0.9736300121250484,54.3204676546895
2464,-0.8889864462237461,,,-0.971860830863343,54.266781936864035
2465,-0.8889234281780366,,,-0.9700942375214539,54.21314750034748
2466,-0.8888604906948008,,,-0.968330228910131,54.15956430202286
2467,-0.8887976337139243,,,-0.9665688018443837,54.106032298791376
2468,-0.8887348571753081,,,-0.9648099531434732,54.05255144757252
2469,-0.8886721610188687,,,-0.9630536796309055,53.99912170530406
2470,-0.8886095451845379,,,-0.9612999781344237,53.94574302894217
2471,-0.8885470096122631,,,-0.9595488454860005,53.89241537546138
2472,-0.8884845542420066,,,-0.9578002785218306,53.83913870185473
2473,-0.8884221790137463,,,-0.9560542740823236,53.78591296513375
2474,-0.8883598838674753,,,-0.9543108290120962,53.732738122328534
2475,-0.8882976687432019,,,-0.9525699401599653,53.67961413048779
2476,-0.8882355335809495,,,-0.95083160437894,53.626540946678894
2477,-0.8881734783207568,,,-0.9490958185262144,53.57351852798792
2478,-0.8881115029026774,,,-0.9473625794631606,53.520546831519724
2479,-0.8880496072667802,,,-0.9456318840553207,53.46762581439795
2480,-0.887987791353149,,,-0.9439037291724002,53.41475543376511
2481,-0.8879260551018826,,,-0.9421781116882597,53.36193564678263
2482,-0.887864398453095,,,-0.9404550284809087,53.309166410630866
2483,-0.8878028213469148,,,-0.9387344764324972,53.256447682509204
2484,-0.8877413237234858,,,-0.9370164524293092,53.20377941963607
2485,-0.8876799055229665,,,-0.9353009533617551,53.151161579248985
2486,-0.8876185666855303,,,-0.9335879761243643,53.09859411860461
2487,-0.8875573071513655,,,-0.9318775176157781,53.04607699497881
2488,-0.887496126860675,,,-0.9301695747387425,52.99361016566668
2489,-0.8874350257536765,,,-0.9284641444001007,52.94119358798262
2490,-0.8873740037706025,,,-0.9267612235107865,52.88882721926033
2491,-0.8873130608517,,,-0.925060808985816,52.83651101685291
2492,-0.8872521969372309,,,-0.9233628977442816,52.78424493813288
2493,-0.8871914119674714,,,-0.9216674867093438,52.732028940492235
2494,-0.8871307058827126,,,-0.9199745728082249,52.679862981342474
2495,-0.8870700786232598,,,-0.9182841529722011,52.62774701811466
2496,-0.8870095301294332,,,-0.9165962241365957,52.57568100825947
2497,-0.8869490603415671,,,-0.914910783240772,52.52366490924722
2498,-0.8868886692000104,,,-0.9132278272281262,52.47169867856793
2499,-0.8868283566451265,,,-0.9115473530460801,52.41978227373136
2500,-0.8867681226172931,,,-0.9098693576460739,52.36791565226704
2501,-0.8867079670569022,,,-0.9081938379835595,52.316098771724334
2502,-0.8866478899043603,,,-0.906520791017993,52.264331589672494
2503,-0.8865878911000878,,,-0.904850213712828,52.21261406370066
2504,-0.8865279705845199,,,-0.9031821030355085,52.16094615141797
2505,-0.8864681282981056,,,-0.9015164559574615,52.10932781045351
2506,-0.8864083641813082,,,-0.8998532694540904,52.05775899845644
2507,-0.8863486781746052,,,-0.8981925405047676,52.00623967309602
2508,-0.8862890702184882,,,-0.8965342660928278,51.95476979206161
2509,-0.886229540253463,,,-0.8948784432055611,51.90334931306277
2510,-0.8861700882200493,,,-0.8932250688342055,51.85197819382924
2511,-0.8861107140587808,,,-0.8915741399739405,51.80065639211105
2512,-0.8860514177102056,,,-0.8899256536238799,51.74938386567851
2513,-0.8859921991148851,,,-0.8882796067870646,51.69816057232227
2514,-0.8859330582133953,,,-0.8866359964704563,51.64698646985337
2515,-0.8858739949463257,,,-0.88499481968493,51.59586151610324
2516,-0.8858150092542798,,,-0.8833560734452671,51.54478566892381
2517,-0.8857561010778751,,,-0.8817197547701491,51.49375888618749
2518,-0.8856972703577426,,,-0.88008586068215,51.44278112578725
2519,-0.8856385170345273,,,-0.8784543882077299,51.391852345636615
2520,-0.8855798410488881,,,-0.8768253343772281,51.34097250366976
2521,-0.8855212423414973,,,-0.8751986962248558,51.290141557841515
2522,-0.8854627208530411,,,-0.87357447078869,51.2393594661274
2523,-0.8854042765242193,,,-0.8719526551106659,51.188626186523685
2524,-0.8853459092957453,,,-0.8703332462365707,51.137941677047436
2525,-0.8852876191083462,,,-0.8687162412160364,51.08730589573652
2526,-0.8852294059027627,,,-0.8671016371025334,51.036718800649666
2527,-0.8851712696197489,,,-0.8654894309533634,50.986180349866494
2528,-0.8851132102000726,,,-0.8638796198296527,50.93569050148758
2529,-0.8850552275845149,,,-0.8622722007963453,50.88524921363445
2530,-0.8849973217138706,,,-0.8606671709221965,50.83485644444967
2531,-0.8849394925289477,,,-0.859064527279766,50.78451215209682
2532,-0.8848817399705677,,,-0.8574642669454113,50.7342162947606
2533,-0.8848240639795656,,,-0.8558663869992807,50.68396883064681
2534,-0.8847664644967895,,,-0.8542708845253069,50.63376971798243
2535,-0.884708941463101,,,-0.8526777566111999,50.583618915015634
2536,-0.8846514948193749,,,-0.8510870003484411,50.533516380015826
2537,-0.8845941245064993,,,-0.8494986128322758,50.483462071273685
2538,-0.8845368304653756,,,-0.847912591161707,50.433455947101194
2539,-0.8844796126369182,,,-0.8463289324394889,50.383497965831694
2540,-0.8844224709620548,,,-0.8447476337721197,50.3335880858199
2541,-0.8843654053817264,,,-0.8431686922698354,50.283726265441935
2542,-0.8843084158368868,,,-0.8415921050466033,50.23391246309539
2543,-0.8842515022685031,,,-0.8400178692201152,50.18414663719934
2544,-0.8841946646175556,,,-0.8384459819117809,50.134428746194374
2545,-0.8841379028250372,,,-0.8368764402467213,50.08475874854264
2546,-0.8840812168319543,,,-0.8353092413537624,50.0351366027279
2547,-0.8840246065793259,,,-0.8337443823654285,49.985562267255524
2548,-0.8839680720081842,,,-0.8321818604179355,49.93603570065255
2549,-0.8839116130595741,,,-0.8306216726511848,49.88655686146772
2550,-0.8838552296745537,,,-0.8290638162087561,49.837125708271486
2551,-0.8837989217941936,,,-0.8275082882379018,49.787742199656094
2552,-0.8837426893595776,,,-0.8259550858895395,49.738406294235574
2553,-0.883686532311802,,,-0.8244042063182463,49.68911795064579
2554,-0.8836304505919763,,,-0.8228556466822522,49.639877127544466
2555,-0.8835744441412224,,,-0.8213094041434335,49.59068378361124
2556,-0.8835185129006751,,,-0.8197654758673061,49.541537877547675
2557,-0.8834626568114817,,,-0.8182238590230198,49.49243936807731
2558,-0.8834068758148026,,,-0.816684550783351,49.44338821394565
2559,-0.8833511698518105,,,-0.8151475483246968,49.394384373920275
2560,-0.8832955388636908,,,-0.8136128488270687,49.345427806790795
2561,-0.8832399827916417,,,-0.8120804494740861,49.29651847136893
2562,-0.8831845015768738,,,-0.8105503474529695,49.24765632648851
2563,-0.8831290951606102,,,-0.8090225399545348,49.19884133100556
2564,-0.8830737634840867,,,-0.8074970241731863,49.15007344379827
2565,-0.8830185064885516,,,-0.8059737973069109,49.10135262376705
2566,-0.8829633241152656,,,-0.8044528565572716,49.052678829834576
2567,-0.8829082163055016,,,-0.8029341991294012,49.00405202094581
2568,-0.8828531830005455,,,-0.8014178222319956,48.955472156068
2569,-0.8827982241416952,,,-0.7999037230773081,48.906939194190784
2570,-0.882743339670261,,,-0.7983918988811426,48.85845309432616
2571,-0.8826885295275657,,,-0.7968823468628478,48.81001381550852
2572,-0.8826337936549443,,,-0.7953750642453105,48.76162131679471
2573,-0.8825791319937443,,,-0.7938700482549496,48.71327555726405
2574,-0.8825245444853251,,,-0.7923672961217098,48.66497649601833
2575,-0.8824700310710588,,,-0.7908668050790553,48.616724092181904
2576,-0.8824155916923294,,,-0.7893685723639635,48.56851830490165
2577,-0.8823612262905334,,,-0.7878725952169192,48.52035909334706
2578,-0.882306934807079,,,-0.786378870881908,48.47224641671023
2579,-0.8822527171833872,,,-0.7848873966064103,48.42418023420589
2580,-0.8821985733608905,,,-0.7833981696413946,48.37616050507147
2581,-0.8821445032810339,,,-0.7819111872413125,48.32818718856707
2582,-0.8820905068852745,,,-0.7804264466640911,48.280260243975555
2583,-0.8820365841150812,,,-0.778943945171128,48.23237963060253
2584,-0.8819827349119352,,,-0.7774636800272845,48.184545307776396
2585,-0.8819289592173296,,,-0.7759856485008799,48.13675723484837
2586,-0.8818752569727694,,,-0.7745098478636852,48.0890153711925
2587,-0.8818216281197716,,,-0.7730362753909166,48.04131967620574
2588,-0.8817680725998653,,,-0.7715649283612303,47.99367010930789
2589,-0.8817145903545915,,,-0.7700958040567154,47.94606662994173
2590,-0.881661181325503,,,-0.7686288997628888,47.89850919757296
2591,-0.8816078454541644,,,-0.7671642127686884,47.85099777169028
2592,-0.8815545826821523,,,-0.7657017403664673,47.80353231180539
2593,-0.881501392951055,,,-0.7642414798519881,47.756112777453026
2594,-0.8814482762024728,,,-0.762783428524416,47.70873912819098
2595,-0.8813952323780175,,,-0.7613275836863138,47.66141132360014
2596,-0.881342261419313,,,-0.7598739426436352,47.614129323284516
2597,-0.8812893632679948,,,-0.7584225027057189,47.56689308687125
2598,-0.8812365378657099,,,-0.756973261185283,47.51970257401064
2599,-0.8811837851541173,,,-0.7555262153984187,47.472557744376196
2600,-0.8811311050748876,,,-0.7540813626645841,47.42545855766464
2601,-0.8810784975697029,,,-0.752638700306599,47.378404973595934
2602,-0.8810259625802571,,,-0.7511982256506381,47.331396951913305
2603,-0.8809735000482556,,,-0.7497599360262255,47.28443445238329
2604,-0.8809211099154154,,,-0.7483238287662288,47.23751743479572
2605,-0.8808687921234652,,,-0.7468899012068532,47.1906458589638
2606,-0.8808165466141451,,,-0.7454581506876353,47.143819684724086
2607,-0.8807643733292068,,,-0.7440285745514374,47.097038871936526
2608,-0.8807122722104134,,,-0.742601170144442,47.0503033804845
2609,-0.8806602431995395,,,-0.7411759348161451,47.00361317027482
2610,-0.8806082862383713,,,-0.7397528659193509,46.956968201237764
2611,-0.8805564012687063,,,-0.7383319608101658,46.910368433327115
2612,-0.8805045882323534,,,-0.7369132168479928,46.86381382652014
2613,-0.8804528470711331,,,-0.7354966313955253,46.817304340817685
2614,-0.8804011777268771,,,-0.7340822018187414,46.77083993624412
2615,-0.8803495801414284,,,-0.7326699254868982,46.72442057284743
2616,-0.8802980542566415,,,-0.731259799772526,46.67804621069918
2617,-0.8802466000143822,,,-0.7298518220514222,46.63171680989459
2618,-0.8801952173565274,,,-0.7284459897026458,46.58543233055253
2619,-0.8801439062249655,,,-0.7270423001085119,46.53919273281553
2620,-0.880092666561596,,,-0.725640750654585,46.492997976849836
2621,-0.8800414983083298,,,-0.7242413387296744,46.44684802284542
2622,-0.8799904014070888,,,-0.7228440617258279,46.40074283101599
2623,-0.8799393757998064,,,-0.7214489170383259,46.35468236159901
2624,-0.8798884214284269,,,-0.7200559020656758,46.30866657485576
2625,-0.879837538234906,,,-0.7186650142096066,46.26269543107131
2626,-0.8797867261612101,,,-0.7172762508750627,46.21676889055457
2627,-0.8797359851493173,,,-0.7158896094701988,46.170886913638306
2628,-0.8796853151412163,,,-0.7145050874063735,46.12504946067916
2629,-0.8796347160789072,,,-0.7131226820981444,46.07925649205765
2630,-0.8795841879044011,,,-0.711742390963262,46.03350796817825
2631,-0.8795337305597201,,,-0.7103642114226637,45.98780384946935
2632,-0.8794833439868972,,,-0.7089881409004691,45.9421440963833
2633,-0.8794330281279767,,,-0.7076141768239737,45.89652866939644
2634,-0.8793827829250137,,,-0.706242316623643,45.8509575290091
2635,-0.8793326083200743,,,-0.7048725577331081,45.805430635745644
2636,-0.8792825042552356,,,-0.7035048975891587,45.75994795015448
2637,-0.8792324706725855,,,-0.7021393336317383,45.71450943280808
2638,-0.8791825075142229,,,-0.7007758633039385,45.66911504430298
2639,-0.8791326147222577,,,-0.6994144840519932,45.62376474525983
2640,-0.8790827922388105,,,-0.6980551933252734,45.57845849632341
2641,-0.8790330400060129,,,-0.6966979885762814,45.53319625816263
2642,-0.8789833579660072,,,-0.6953428672606454,45.48797799147058
2643,-0.8789337460609469,,,-0.6939898268371136,45.442803656964514
2644,-0.8788842042329957,,,-0.6926388647675493,45.397673215385886
2645,-0.8788347324243286,,,-0.691289978516925,45.35258662750039
2646,-0.8787853305771313,,,-0.6899431655533167,45.30754385409794
2647,-0.8787359986336,,,-0.688598423347899,45.262544855992715
2648,-0.8786867365359418,,,-0.6872557493749392,45.21758959402317
2649,-0.8786375442263746,,,-0.6859151411117916,45.172678029052044
2650,-0.878588421647127,,,-0.6845765960388928,45.127810121966405
2651,-0.8785393687404383,,,-0.6832401116397554,45.08298583367765
2652,-0.8784903854485582,,,-0.6819056854009632,45.038205125121515
2653,-0.8784414717137474,,,-0.6805733148121655,44.99346795725812
2654,-0.8783926274782772,,,-0.6792429973660717,44.94877429107196
2655,-0.8783438526844293,,,-0.6779147305584458,44.904124087571944
2656,-0.8782951472744962,,,-0.6765885118881009,44.85951730779138
2657,-0.878246511190781,,,-0.6752643388568944,44.814953912788035
2658,-0.8781979443755974,,,-0.6739422089697219,44.77043386364413
2659,-0.8781494467712695,,,-0.6726221197345121,44.72595712146636
2660,-0.8781010183201321,,,-0.6713040686622217,44.68152364738591
2661,-0.8780526589645304,,,-0.6699880532668295,44.63713340255847
2662,-0.8780043686468204,,,-0.6686740710653316,44.592786348164246
2663,-0.8779561473093683,,,-0.6673621195777357,44.548482445408006
2664,-0.8779079948945508,,,-0.6660521963270559,44.50422165551906
2665,-0.8778599113447554,,,-0.6647442988393073,44.460003939751296
2666,-0.8778118966023796,,,-0.663438424643501,44.4158292593832
2667,-0.8777639506098317,,,-0.6621345712716381,44.37169757571787
2668,-0.8777160733095303,,,-0.6608327362587053,44.327608850082996
2669,-0.8776682646439044,,,-0.6595329171426692,44.28356304383095
2670,-0.8776205245553933,,,-0.6582351114644707,44.23956011833873
2671,-0.8775728529864469,,,-0.6569393167680202,44.19560003500801
2672,-0.8775252498795254,,,-0.6556455306001923,44.15168275526517
2673,-0.8774777151770992,,,-0.6543537505108203,44.107808240561276
2674,-0.8774302488216492,,,-0.6530639740526915,44.0639764523721
2675,-0.8773828507556667,,,-0.6517761987815409,44.02018735219817
2676,-0.8773355209216531,,,-0.6504904222560475,43.97644090156476
2677,-0.8772882592621203,,,-0.6492066420378276,43.93273706202188
2678,-0.8772410657195903,,,-0.6479248556914309,43.88907579514435
2679,-0.8771939402365955,,,-0.6466450607843341,43.84545706253177
2680,-0.8771468827556785,,,-0.6453672548869369,43.80188082580855
2681,-0.8770998932193923,,,-0.6440914355725559,43.75834704662392
2682,-0.8770529715702999,,,-0.6428176004174199,43.714855686651944
2683,-0.8770061177509747,,,-0.6415457470006646,43.67140670759155
2684,-0.8769593317040002,,,-0.6402758729043277,43.62800007116652
2685,-0.8769126133719701,,,-0.6390079757133434,43.5846357391255
2686,-0.8768659626974884,,,-0.6377420530155375,43.541313673242065
2687,-0.876819379623169,,,-0.6364781024016224,43.498033835314665
2688,-0.8767728640916364,,,-0.6352161214651915,43.45479618716669
2689,-0.8767264160455247,,,-0.6339561078027148,43.41160069064645
2690,-0.8766800354274786,,,-0.6326980590135334,43.36844730762722
2691,-0.8766337221801528,,,-0.6314419726998544,43.325336000007226
2692,-0.8765874762462119,,,-0.6301878464667459,43.28226672970966
2693,-0.8765412975683308,,,-0.6289356779221321,43.23923945868272
2694,-0.8764951860891943,,,-0.6276854646767881,43.196254148899584
2695,-0.8764491417514976,,,-0.6264372043443349,43.15331076235846
2696,-0.8764031644979455,,,-0.6251908945412343,43.11040926108258
2697,-0.8763572542712534,,,-0.6239465328867839,43.06754960712021
2698,-0.8763114110141463,,,-0.6227041170031122,43.02473176254467
2699,-0.8762656346693594,,,-0.6214636445151737,42.98195568945434
2700,-0.8762199251796376,,,-0.6202251130507433,42.93922134997268
2701,-0.8761742824877364,,,-0.6189885202404122,42.896528706248226
2702,-0.8761287065364209,,,-0.617753863717582,42.85387772045464
2703,-0.8760831972684663,,,-0.6165211411184607,42.81126835479069
2704,-0.8760377546266576,,,-0.6152903500820568,42.76870057148025
2705,-0.8759923785537899,,,-0.6140614882501753,42.726174332772345
2706,-0.8759470689926683,,,-0.6128345532674118,42.68368960094114
2707,-0.8759018258861078,,,-0.6116095427811481,42.641246338285974
2708,-0.8758566491769332,,,-0.6103864544415476,42.59884450713134
2709,-0.8758115388079794,,,-0.6091652859015496,42.55648406982692
2710,-0.875766494722091,,,-0.607946034816865,42.5141649887476
2711,-0.8757215168621229,,,-0.6067286988459711,42.47188722629346
2712,-0.8756766051709393,,,-0.6055132756501068,42.42965074488979
2713,-0.8756317595914147,,,-0.6042997628932679,42.38745550698711
2714,-0.8755869800664334,,,-0.603088158242202,42.345301475061184
2715,-0.8755422665388896,,,-0.6018784593664035,42.30318861161303
2716,-0.8754976189516871,,,-0.6006706639381093,42.26111687916891
2717,-0.8754530372477398,,,-0.5994647696322936,42.21908624028036
2718,-0.8754085213699714,,,-0.5982607741266627,42.1770966575242
2719,-0.8753640712613152,,,-0.5970586751016511,42.135148093502536
2720,-0.8753196868647145,,,-0.5958584702404159,42.09324051084278
2721,-0.8752753681231225,,,-0.5946601572288323,42.051373872197644
2722,-0.8752311149795019,,,-0.5934637337554886,42.009548140245165
2723,-0.8751869273768255,,,-0.5922691975116817,41.96776327768871
2724,-0.8751428052580755,,,-0.5910765461914123,41.92601924725699
2725,-0.8750987485662444,,,-0.5898857774913798,41.88431601170405
2726,-0.8750547572443339,,,-0.588696889110978,41.84265353380932
2727,-0.875010831235356,,,-0.5875098787522899,41.80103177637757
2728,-0.8749669704823319,,,-0.5863247441200833,41.75945070223897
2729,-0.8749231749282929,,,-0.5851414829218058,41.71791027424907
2730,-0.8748794445162799,,,-0.5839600928675803,41.67641045528881
2731,-0.8748357791893435,,,-0.5827805716702001,41.63495120826454
2732,-0.8747921788905442,,,-0.5816029170451245,41.593532496108025
2733,-0.8747486435629518,,,-0.5804271267104736,41.55215428177645
2734,-0.8747051731496462,,,-0.579253198387024,41.510816528252434
2735,-0.8746617675937169,,,-0.5780811297982041,41.469519198544035
2736,-0.874618426838263,,,-0.5769109186700891,41.42826225568476
2737,-0.8745751508263931,,,-0.5757425627313967,41.38704566273356
2738,-0.8745319395012259,,,-0.5745760597134822,41.345869382774886
2739,-0.8744887928058894,,,-0.5734114073503342,41.30473337891863
2740,-0.8744457106835215,,,-0.5722486033785695,41.26363761430017
2741,-0.8744026930772695,,,-0.5710876455374289,41.2225820520804
2742,-0.8743597399302905,,,-0.5699285315687719,41.18156665544567
2743,-0.8743168511857512,,,-0.5687712592170729,41.14059138760788
2744,-0.874274026786828,,,-0.5676158262294164,41.0996562118044
2745,-0.8742312666767068,,,-0.5664622303554919,41.05876109129816
2746,-0.8741885707985833,,,-0.5653104693475898,41.017905989377596
2747,-0.8741459390956624,,,-0.5641605409605966,40.977090869356694
2748,-0.8741033715111591,,,-0.5630124429519907,40.936315694574965
2749,-0.8740608679882977,,,-0.5618661730818372,40.89558042839749
2750,-0.8740184284703122,,,-0.5607217291127837,40.85488503421489
2751,-0.8739760529004461,,,-0.559579108810056,40.81422947544336
2752,-0.8739337412219526,,,-0.5584383099414532,40.773613715524675
2753,-0.8738914933780942,,,-0.5572993302773431,40.73303771792618
2754,-0.8738493093121436,,,-0.5561621675906582,40.692501446140795
2755,-0.8738071889673822,,,-0.5550268196568904,40.65200486368706
2756,-0.8737651322871016,,,-0.5538932842540872,40.61154793410909
2757,-0.8737231392146029,,,-0.5527615591628471,40.57113062097661
2758,-0.8736812096931963,,,-0.5516316421663146,40.530752887884965
2759,-0.8736393436662021,,,-0.5505035310501762,40.49041469845512
2760,-0.8735975410769498,,,-0.5493772236026562,40.450116016333645
2761,-0.8735558018687785,,,-0.5482527176145112,40.40985680519276
2762,-0.8735141259850369,,,-0.5471300108790267,40.36963702873032
2763,-0.873472513369083,,,-0.5460091011920123,40.329456650669805
2764,-0.8734309639642849,,,-0.5448899863517969,40.28931563476037
2765,-0.8733894777140194,,,-0.5437726641592249,40.249213944776805
2766,-0.8733480545616735,,,-0.5426571324176511,40.209151544519564
2767,-0.8733066944506434,,,-0.5415433889329371,40.169128397814774
2768,-0.8732653973243347,,,-0.5404314315134461,40.12914446851423
2769,-0.8732241631261629,,,-0.5393212579700392,40.08919972049539
2770,-0.8731829917995526,,,-0.5382128661160702,40.049294117661404
2771,-0.8731418832879381,,,-0.5371062537673821,40.00942762394113
2772,-0.8731008375347631,,,-0.536001418742302,39.969600203289076
2773,-0.8730598544834809,,,-0.5348983588616374,39.92981181968548
2774,-0.8730189340775542,,,-0.5337970719486712,39.89006243713629
2775,-0.8729780762604551,,,-0.5326975558291578,39.85035201967311
2776,-0.8729372809756654,,,-0.5315998083313187,39.81068053135331
2777,-0.8728965481666762,,,-0.5305038272858379,39.771047936259954
2778,-0.8728558777769881,,,-0.5294096105258579,39.73145419850182
2779,-0.8728152697501115,,,-0.5283171558869751,39.69189928221344
2780,-0.8727747240295657,,,-0.527226461207236,39.65238315155505
2781,-0.8727342405588797,,,-0.5261375243271322,39.61290577071262
2782,-0.8726938192815922,,,-0.5250503430895966,39.57346710389789
2783,-0.872653460141251,,,-0.5239649153399991,39.5340671153483
2784,-0.8726131630814137,,,-0.522881238926142,39.49470576932707
2785,-0.8725729280456471,,,-0.5217993116982561,39.45538303012316
2786,-0.8725327549775276,,,-0.5207191315089963,39.416098862051285
2787,-0.872492643820641,,,-0.5196406962134373,39.376853229451925
2788,-0.8724525945185825,,,-0.5185640036690695,39.337646096691316
2789,-0.8724126070149568,,,-0.5174890517357945,39.29847742816146
2790,-0.8723726812533782,,,-0.5164158382759212,39.25934718828014
2791,-0.8723328171774702,,,-0.5153443611541615,39.220255341490905
2792,-0.872293014730866,,,-0.5142746182376259,39.18120185226308
2793,-0.8722532738572079,,,-0.5132066073958192,39.14218668509177
2794,-0.872213594500148,,,-0.5121403265006372,39.10320980449788
2795,-0.8721739766033477,,,-0.5110757734263613,39.06427117502808
2796,-0.8721344201104779,,,-0.5100129460496552,39.02537076125485
2797,-0.8720949249652188,,,-0.5089518422495602,38.98650852777645
2798,-0.8720554911112602,,,-0.5078924599074914,38.94768443921694
2799,-0.8720161184923013,,,-0.5068347969072333,38.90889846022619
2800,-0.8719768070520507,,,-0.5057788511349358,38.870150555479846
2801,-0.8719375567342265,,,-0.50472462047911,38.83144068967939
2802,-0.8718983674825561,,,-0.5036721028306244,38.7927688275521
2803,-0.8718592392407767,,,-0.5026212960826999,38.754134933851056
2804,-0.8718201719526345,,,-0.5015721981309069,38.71553897335515
2805,-0.8717811655618855,,,-0.5005248068731603,38.67698091086911
2806,-0.8717422200122948,,,-0.4994791202097154,38.638460711223466
2807,-0.8717033352476374,,,-0.4984351360431646,38.599978339274564
2808,-0.8716645112116973,,,-0.49739285227843244,38.56153375990458
2809,-0.8716257478482682,,,-0.496352266822772,38.52312693802151
2810,-0.8715870451011531,,,-0.4953133775857608,38.48475783855918
2811,-0.8715484029141648,,,-0.4942761824792966,38.446426426477245
2812,-0.8715098212311251,,,-0.4932406794175935,38.40813266676119
2813,-0.8714712999958654,,,-0.4922068663171777,38.369876524422324
2814,-0.8714328391522266,,,-0.4911747410968837,38.33165796449779
2815,-0.8713944386440591,,,-0.4901443016778502,38.293476952050575
2816,-0.8713560984152227,,,-0.489115545983516,38.2553334521695
2817,-0.8713178184095866,,,-0.488088471939616,38.21722742996922
2818,-0.8712795985710294,,,-0.4870630774741774,38.179158850590234
2819,-0.8712414388434395,,,-0.48603936051751534,38.14112767919888
2820,-0.8712033391707145,,,-0.4850173190022292,38.10313388098734
2821,-0.8711652994967614,,,-0.4839969508631987,38.065177421173644
2822,-0.8711273197654968,,,-0.48297825403757966,38.02725826500165
2823,-0.8710893999208469,,,-0.48196122646480005,37.989376377741074
2824,-0.871051539906747,,,-0.4809458660865564,37.951531724687484
2825,-0.8710137396671421,,,-0.4799321708468093,37.91372427116229
2826,-0.8709759991459868,,,-0.47892013869178,37.87595398251274
2827,-0.8709383182872449,,,-0.47790976756994613,37.83822082411195
2828,-0.8709006970348898,,,-0.4769010554320379,37.80052476135887
2829,-0.8708631353329046,,,-0.4758940002310341,37.76286575967832
2830,-0.8708256331252816,,,-0.4748885999221584,37.72524378452094
2831,-0.8707881903560226,,,-0.47388485246287526,37.687658801363256
2832,-0.8707508069691391,,,-0.47288275581288597,37.650110775707624
2833,-0.8707134829086519,,,-0.471882307934125,37.61259967308225
2834,-0.8706762181185915,,,-0.470883506790756,37.57512545904121
2835,-0.8706390125429977,,,-0.4698863503491679,37.53768809916442
2836,-0.8706018661259199,,,-0.4688908365779711,37.500287559057654
2837,-0.8705647788114171,,,-0.4678969634479936,37.462923804352535
2838,-0.8705277505435577,,,-0.4669047289322771,37.425596800706536
2839,-0.8704907812664195,,,-0.46591413100607326,37.388306513802995
2840,-0.8704538709240902,,,-0.46492516764683983,37.3510529093511
2841,-0.8704170194606666,,,-0.46393783683423684,37.31383595308588
2842,-0.8703802268202554,,,-0.46295213655012263,37.27665561076822
2843,-0.8703434929469727,,,-0.46196806477855035,37.239511848184875
2844,-0.870306817784944,,,-0.46098561950576383,37.202404631148426
2845,-0.8702702012783046,,,-0.460004798720194,37.165333925497315
2846,-0.870233643371199,,,-0.45902560041245516,37.12829969709583
2847,-0.8701971440077818,,,-0.45804802257534083,37.091301911834115
2848,-0.8701607031322166,,,-0.45707206320382043,37.054340535628164
2849,-0.870124320688677,,,-0.4560977202950352,37.01741553441982
2850,-0.8700879966213458,,,-0.45512499184829475,36.98052687417676
2851,-0.8700517308744158,,,-0.4541538758650729,36.94367452089253
2852,-0.8700155233920889,,,-0.4531843703490043,36.9068584405865
2853,-0.869979374118577,,,-0.45221647330588044,36.87007859930389
2854,-0.8699432829981013,,,-0.4512501827436462,36.83333496311577
2855,-0.869907249974893,,,-0.45028549667239587,36.79662749811905
2856,-0.8698712749931924,,,-0.4493224131043696,36.75995617043648
2857,-0.8698353579972498,,,-0.4483609300539496,36.72332094621665
2858,-0.8697994989313249,,,-0.4474010455376565,36.686721791633985
2859,-0.8697636977396872,,,-0.4464427575741457,36.65015867288875
2860,-0.8697279543666157,,,-0.44548606418420356,36.61363155620704
2861,-0.869692268756399,,,-0.4445309633907438,36.577140407840794
2862,-0.8696566408533356,,,-0.44357745321880393,36.54068519406778
2863,-0.8696210706017333,,,-0.4426255316955414,36.504265881191586
2864,-0.8695855579459099,,,-0.4416751968502301,36.46788243554165
2865,-0.8695501028301925,,,-0.4407264467142566,36.43153482347321
2866,-0.8695147051989183,,,-0.4397792793211167,36.39522301136735
2867,-0.8694793649964337,,,-0.4388336927064116,36.35894696563097
2868,-0.8694440821670953,,,-0.43788968490784425,36.322706652696795
2869,-0.8694088566552691,,,-0.43694725396521605,36.28650203902336
2870,-0.8693736884053308,,,-0.4360063979204229,36.25033309109502
2871,-0.8693385773616659,,,-0.43506711481745175,36.21419977542196
2872,-0.8693035234686693,,,-0.4341294027023771,36.178102058540155
2873,-0.8692685266707463,,,-0.4331932596233571,36.1420399070114
2874,-0.8692335869123113,,,-0.43225868363063025,36.1060132874233
2875,-0.8691987041377888,,,-0.43132567277651196,36.07002216638927
2876,-0.8691638782916128,,,-0.43039422511539055,36.03406651054851
2877,-0.8691291093182272,,,-0.42946433870372397,35.99814628656605
2878,-0.8690943971620857,,,-0.42853601160003635,35.96226146113268
2879,-0.8690597417676517,,,-0.4276092418649141,35.926412000965016
2880,-0.8690251430793984,,,-0.4266840275610028,35.890597872805444
2881,-0.8689906010418088,,,-0.4257603667530033,35.85481904342216
2882,-0.8689561155993758,,,-0.4248382575076685,35.81907547960915
2883,-0.8689216866966019,,,-0.4239176978937996,35.78336714818615
2884,-0.8688873142779995,,,-0.42299868598224283,35.74769401599871
2885,-0.8688529982880909,,,-0.4220812198458857,35.71205604991815
2886,-0.8688187386714084,,,-0.4211652975596537,35.67645321684155
2887,-0.8687845353724937,,,-0.4202509172005068,35.64088548369178
2888,-0.8687503883358986,,,-0.4193380768474358,35.60535281741747
2889,-0.8687162975061848,,,-0.41842677458145905,35.56985518499302
2890,-0.868682262827924,,,-0.41751700848561896,35.53439255341858
2891,-0.8686482842456975,,,-0.4166087766449785,35.49896488972008
2892,-0.8686143617040967,,,-0.41570207714661767,35.463572160949184
2893,-0.8685804951477226,,,-0.41479690807963027,35.428214334183316
2894,-0.8685466845211866,,,-0.41389326753512035,35.39289137652565
2895,-0.8685129297691097,,,-0.4129911536061986,35.3576032551051
2896,-0.8684792308361228,,,-0.4120905643879793,35.32234993707632
2897,-0.868445587666867,,,-0.41119149797757676,35.28713138961971
2898,-0.8684120002059931,,,-0.4102939524741017,35.25194757994139
2899,-0.868378468398162,,,-0.40939792597865815,35.216798475273215
2900,-0.8683449921880446,,,-0.40850341659433986,35.18168404287278
2901,-0.8683115715203218,,,-0.40761042242622714,35.14660425002339
2902,-0.8682782063396843,,,-0.4067189415813832,35.111559064034054
2903,-0.8682448965908331,,,-0.40582897216885105,35.076548452239514
2904,-0.868211642218479,,,-0.4049405122996499,35.04157238200021
2905,-0.8681784431673429,,,-0.40405356008677196,35.0066308207023
2906,-0.8681452993821559,,,-0.40316811364517907,34.97172373575763
2907,-0.8681122108076588,,,-0.4022841710917993,34.936851094603746
2908,-0.8680791773886027,,,-0.4014017305455237,34.90201286470389
2909,-0.868046199069749,,,-0.4005207901272029,34.86720901354699
2910,-0.8680132757958688,,,-0.3996413479596438,34.83243950864766
2911,-0.8679804075117435,,,-0.39876340216760636,34.7977043175462
2912,-0.8679475941621646,,,-0.3978869508778001,34.76300340780856
2913,-0.8679148356919336,,,-0.39701199221888106,34.72833674702639
2914,-0.8678821320458624,,,-0.3961385243214482,34.69370430281698
2915,-0.8678494831687729,,,-0.3952665453180404,34.65910604282331
2916,-0.867816889005497,,,-0.39439605334313305,34.62454193471399
2917,-0.8677843495008771,,,-0.3935270465331347,34.59001194618329
2918,-0.8677518645997656,,,-0.39265952302638396,34.55551604495112
2919,-0.8677194342470251,,,-0.3917934809631462,34.521054198763046
2920,-0.8676870583875286,,,-0.3909289184856102,34.486626375390266
2921,-0.867654736966159,,,-0.390065833737885,34.4522325426296
2922,-0.8676224699278098,,,-0.38920422486599676,34.41787266830351
2923,-0.8675902572173845,,,-0.3883440900178853,34.38354672026006
2924,-0.867558098779797,,,-0.3874854273434009,34.34925466637295
2925,-0.8675259945599713,,,-0.3866282349943014,34.31499647454147
2926,-0.867493944502842,,,-0.38577251112424854,34.28077211269054
2927,-0.8674619485533538,,,-0.38491825388880524,34.24658154877066
2928,-0.8674300066564617,,,-0.38406546144543197,34.21242475075794
2929,-0.8673981187571314,,,-0.3832141319534838,34.178301686654066
2930,-0.8673662848003383,,,-0.3823642635742072,34.14421232448632
2931,-0.8673345047310688,,,-0.3815158544707369,34.11015663230755
2932,-0.8673027784943192,,,-0.38066890280809246,34.07613457819619
2933,-0.8672711060350966,,,-0.37982340675317555,34.04214613025624
2934,-0.8672394872984183,,,-0.3789793644747663,34.00819125661726
2935,-0.8672079222293119,,,-0.3781367741435207,33.97426992543435
2936,-0.8671764107728156,,,-0.37729563393196697,33.94038210488819
2937,-0.8671449528739782,,,-0.37645594201450266,33.90652776318498
2938,-0.8671135484778586,,,-0.3756176965673916,33.872706868556484
2939,-0.8670821975295265,,,-0.3747808957687605,33.83891938925998
2940,-0.867050899974062,,,-0.37394553779859624,33.80516529357826
2941,-0.8670196557565557,,,-0.3731116208387424,33.77144454981968
2942,-0.8669884648221087,,,-0.3722791430728963,33.73775712631806
2943,-0.8669573271158326,,,-0.37144810268660594,33.70410299143277
2944,-0.8669262425828498,,,-0.3706184978672669,33.67048211354866
2945,-0.8668952111682929,,,-0.3697903268041193,33.63689446107609
2946,-0.8668642328173054,,,-0.36896358768824455,33.6033400024509
2947,-0.8668333074750413,,,-0.3681382787125626,33.56981870613442
2948,-0.8668024350866652,,,-0.3673143980718285,33.536330540613456
2949,-0.8667716155973525,,,-0.36649194396262963,33.50287547440028
2950,-0.866740848952289,,,-0.3656709145833826,33.46945347603263
2951,-0.8667101350966713,,,-0.3648513081343302,33.43606451407372
2952,-0.8666794739757067,,,-0.3640331228175383,33.4027085571122
2953,-0.8666488655346132,,,-0.3632163568368929,33.36938557376216
2954,-0.8666183097186194,,,-0.36240100839809714,33.33609553266314
2955,-0.866587806472965,,,-0.36158707570866816,33.30283840248011
2956,-0.8665573557428999,,,-0.3607745569779343,33.269614151903475
2957,-0.8665269574736852,,,-0.359963450417032,33.23642274964903
2958,-0.8664966116105928,,,-0.35915375423890256,33.20326416445801
2959,-0.8664663180989051,,,-0.35834546665828965,33.17013836509705
2960,-0.8664360768839154,,,-0.357538585891736,33.13704532035818
2961,-0.8664058879109281,,,-0.3567331101575804,33.10398499905882
2962,-0.8663757511252582,,,-0.355929037675955,33.07095737004177
2963,-0.8663456664722318,,,-0.3551263666687821,33.03796240217521
2964,-0.8663156338971855,,,-0.35432509535977136,33.00500006435271
2965,-0.8662856533454671,,,-0.35352522197441677,32.97207032549318
2966,-0.8662557247624355,,,-0.35272674473999366,32.93917315454089
2967,-0.8662258480934603,,,-0.3519296618855559,32.906308520465466
2968,-0.8661960232839219,,,-0.351133971641933,32.87347639226187
2969,-0.866166250279212,,,-0.350339672241727,32.84067673895041
2970,-0.8661365290247333,,,-0.3495467619193098,32.807909529576705
2971,-0.8661068594658992,,,-0.34875523891081994,32.775174733211706
2972,-0.8660772415481344,,,-0.34796510145416015,32.74247231895168
2973,-0.8660476752168746,,,-0.3471763477889939,32.70980225591818
2974,-0.8660181604175666,,,-0.34638897615674313,32.67716451325807
2975,-0.8659886970956683,,,-0.3456029848005849,32.64455906014351
2976,-0.8659592851966486,,,-0.3448183719654486,32.61198586577193
2977,-0.8659299246659875,,,-0.34403513589801343,32.579444899366045
2978,-0.8659006154491764,,,-0.343253274846705,32.54693613017383
2979,-0.8658713574917177,,,-0.3424727870616929,32.51445952746854
2980,-0.8658421507391251,,,-0.34169367079488766,32.482015060548655
2981,-0.8658129951369232,,,-0.340915924299938,32.449602698737905
2982,-0.8657838906306483,,,-0.34013954583222805,32.417222411385275
2983,-0.8657548371658476,,,-0.3393645336488743,32.384874167864965
2984,-0.8657258346880795,,,-0.33859088600872306,32.352557937576385
2985,-0.865696883142914,,,-0.3378186011723473,32.32027368994418
2986,-0.8656679824759324,,,-0.3370476774020442,32.28802139441819
2987,-0.8656391326327268,,,-0.33627811296183224,32.25580102047345
2988,-0.8656103335589015,,,-0.3355099061174483,32.22361253761019
2989,-0.8655815852000713,,,-0.334743055136345,32.191455915353814
2990,-0.865552887501863,,,-0.3339775582876878,32.159331123254915
2991,-0.8655242404099145,,,-0.3332134138423523,32.12723813088923
2992,-0.8654956438698753,,,-0.33245062007292153,32.095176907857656
2993,-0.8654670978274063,,,-0.33168917525368313,32.06314742378625
2994,-0.8654386022281796,,,-0.3309290776606265,32.031149648326206
2995,-0.8654101570178793,,,-0.33017032557144027,31.99918355115384
2996,-0.8653817621422005,,,-0.3294129172655093,31.9672491019706
2997,-0.8653534175468504,,,-0.3286568510239122,31.93534627050305
2998,-0.8653251231775471,,,-0.32790212512941835,31.903475026502853
2999,-0.8652968789800207,,,-0.32714873786648546,31.87163533974678
3000,-0.865268684900013,,,-0.32639668752125667,31.83982718003669
3001,-0.865240540883277,,,-0.3256459723815578,31.808050517199515
3002,-0.8652124468755775,,,-0.32489659073689475,31.776305321087264
3003,-0.8651844028226913,,,-0.32414854087845085,31.744591561577014
3004,-0.8651564086704063,,,-0.3234018210990841,31.712909208570895
3005,-0.8651284643645226,,,-0.32265642969332436,31.68125823199608
3006,-0.8651005698508518,,,-0.3219123649573709,31.64963860180479
3007,-0.8650727250752173,,,-0.32116962518908965,31.618050287974256
3008,-0.8650449299834541,,,-0.3204282086880105,31.586493260506753
3009,-0.8650171845214092,,,-0.3196881137553245,31.554967489429558
3010,-0.8649894886349415,,,-0.31894933869388165,31.523472944794943
3011,-0.8649618422699215,,,-0.31821188180818777,31.492009596680184
3012,-0.8649342453722316,,,-0.31747574140440205,31.460577415187537
3013,-0.8649066978877663,,,-0.31674091579033453,31.42917637044423
3014,-0.8648791997624317,,,-0.3160074032754434,31.397806432602476
3015,-0.864851750942146,,,-0.31527520217083227,31.366467571839426
3016,-0.8648243513728393,,,-0.3145443107892476,31.33515975835719
3017,-0.8647970010004539,,,-0.3138147274450762,31.30388296238281
3018,-0.8647696997709436,,,-0.31308645045434264,31.272637154168272
3019,-0.8647424476302749,,,-0.3123594781347064,31.241422303990472
3020,-0.8647152445244256,,,-0.3116338088054596,31.21023838215122
3021,-0.8646880903993861,,,-0.3109094407875242,31.179085358977233
3022,-0.8646609852011587,,,-0.3101863724034495,31.147963204820115
3023,-0.864633928875758,,,-0.30946460197740966,31.116871890056366
3024,-0.8646069213692102,,,-0.30874412783520094,31.085811385087354
3025,-0.8645799626275544,,,-0.3080249483042393,31.05478166033931
3026,-0.8645530525968415,,,-0.30730706171355787,31.02378268626332
3027,-0.8645261912231343,,,-0.3065904663938042,30.99281443333533
3028,-0.8644993784525086,,,-0.30587516067723797,30.961876872056106
3029,-0.8644726142310518,,,-0.30516114289772817,30.930969972951257
3030,-0.864445898504864,,,-0.30444841139075096,30.9000937065712
3031,-0.8644192312200573,,,-0.3037369644933869,30.86924804349117
3032,-0.8643926123227562,,,-0.3030268005443183,30.838432954311187
3033,-0.8643660417590977,,,-0.3023179178838271,30.807648409656075
3034,-0.8643395194752311,,,-0.3016103148537921,30.776894380175428
3035,-0.8643130454173181,,,-0.30090398979768646,30.746170836543616
3036,-0.8642866195315329,,,-0.30019894106057526,30.715477749459765
3037,-0.8642602417640619,,,-0.2994951669891131,30.684815089647756
3038,-0.8642339120611044,,,-0.2987926659315415,30.65418282785621
3039,-0.8642076303688719,,,-0.2980914362376866,30.623580934858474
3040,-0.8641813966335886,,,-0.2973914762589564,30.593009381452617
3041,-0.864155210801491,,,-0.29669278434833857,30.562468138461426
3042,-0.8641290728188286,,,-0.29599535886039796,30.53195717673238
3043,-0.864102982631863,,,-0.29529919815127403,30.501476467137657
3044,-0.864076940186869,,,-0.29460430057867854,30.471025980574115
3045,-0.8640509454301335,,,-0.293910664501893,30.440605687963277
3046,-0.8640249983079565,,,-0.2932182882817663,30.410215560251334
3047,-0.8639990987666506,,,-0.2925271702807124,30.379855568409123
3048,-0.863973246752541,,,-0.29183730886270765,30.349525683432127
3049,-0.8639474422119657,,,-0.2911487023932886,30.319225876340454
3050,-0.8639216850912759,,,-0.2904613492395496,30.288956118178838
3051,-0.8638959753368349,,,-0.28977524777014024,30.258716380016622
3052,-0.8638703128950195,,,-0.2890903963552631,30.22850663294774
3053,-0.863844697712219,,,-0.2884067933666714,30.198326848090733
3054,-0.8638191297348355,,,-0.28772443717766644,30.16817699658871
3055,-0.8637936089092846,,,-0.28704332616309525,30.138057049609348
3056,-0.8637681351819941,,,-0.2863634586993485,30.107966978344887
3057,-0.8637427084994054,,,-0.2856848331643577,30.077906754012115
3058,-0.8637173288079725,,,-0.28500744793759336,30.04787634785236
3059,-0.8636919960541627,,,-0.28433130140006213,30.017875731131472
3060,-0.8636667101844562,,,-0.2836563919343049,29.98790487513982
3061,-0.8636414711453463,,,-0.28298271792439417,29.957963751192285
3062,-0.8636162788833395,,,-0.2823102777559317,29.928052330628233
3063,-0.8635911333449554,,,-0.2816390698160465,29.898170584811528
3064,-0.8635660344767268,,,-0.2809690924933921,29.8683184851305
3065,-0.8635409822251995,,,-0.2803003441781446,29.83849600299795
3066,-0.8635159765369328,,,-0.2796328232620001,29.808703109851123
3067,-0.8634910173584991,,,-0.2789665281381727,29.77893977715172
3068,-0.8634661046364842,,,-0.2783014572013917,29.74920597638586
3069,-0.8634412383174871,,,-0.2776376088478999,29.719501679064088
3070,-0.8634164183481201,,,-0.2769749814754508,29.689826856721368
3071,-0.863391644675009,,,-0.2763135734833068,29.660181480917057
3072,-0.8633669172447928,,,-0.2756533832722366,29.6305655232349
3073,-0.8633422360041241,,,-0.27499440924451296,29.600978955283022
3074,-0.863317600899669,,,-0.27433664980391054,29.57142174869391
3075,-0.8632930118781069,,,-0.2736801033557036,29.54189387512442
3076,-0.8632684688861308,,,-0.27302476830666383,29.512395306255744
3077,-0.8632439718704473,,,-0.27237064306505804,29.482926013793406
3078,-0.8632195207777764,,,-0.2717177260406459,29.453485969467263
3079,-0.8631951155548518,,,-0.2710660156446777,29.424075145031477
3080,-0.8631707561484209,,,-0.2704155102898923,29.394693512264514
3081,-0.8631464425052445,,,-0.26976620839051463,29.365341042969128
3082,-0.8631221745720974,,,-0.26911810836225375,29.33601770897236
3083,-0.8630979522957679,,,-0.2684712086223004,29.30672348212551
3084,-0.8630737756230582,,,-0.26782550758932505,29.277458334304136
3085,-0.863049644500784,,,-0.2671810036834755,29.24822223740805
3086,-0.8630255588757751,,,-0.2665376953263749,29.219015163361288
3087,-0.8630015186948751,,,-0.26589558094111915,29.18983708411212
3088,-0.8629775239049412,,,-0.26525465895227535,29.16068797163302
3089,-0.8629535744528447,,,-0.26461492778587903,29.131567797920663
3090,-0.8629296702854709,,,-0.2639763858694324,29.10247653499592
3091,-0.8629058113497188,,,-0.26333903163190203,29.073414154903833
3092,-0.8628819975925016,,,-0.2627028635037166,29.044380629713615
3093,-0.8628582289607464,,,-0.26206787991676495,29.015375931518637
3094,-0.8628345054013944,,,-0.2614340793043938,28.98640003243641
3095,-0.8628108268614008,,,-0.2608014601014057,28.95745290460858
3096,-0.8627871932877349,,,-0.2601700207440569,28.92853452020091
3097,-0.8627636046273803,,,-0.259539759670055,28.899644851403277
3098,-0.8627400608273347,,,-0.25891067531855716,28.870783870429655
3099,-0.8627165618346098,,,-0.25828276613016793,28.841951549518104
3100,-0.8626931075962316,,,-0.25765603054693687,28.813147860930766
3101,-0.8626696980592407,,,-0.25703046701235677,28.784372776953834
3102,-0.8626463331706914,,,-0.2564060739713613,28.755626269897565
3103,-0.8626230128776529,,,-0.2557828498703232,28.726908312096246
3104,-0.8625997371272083,,,-0.25516079315705187,28.698218875908204
3105,-0.8625765058664553,,,-0.2545399022807916,28.66955793371577
3106,-0.8625533190425061,,,-0.2539201756922192,28.640925457925295
3107,-0.8625301766024871,,,-0.2533016118434423,28.612321420967113
3108,-0.8625070784935394,,,-0.2526842091879969,28.583745795295542
3109,-0.8624840246628185,,,-0.25206796618084554,28.555198553388873
3110,-0.8624610150574944,,,-0.2514528812783753,28.526679667749352
3111,-0.8624380496247518,,,-0.25083895293839553,28.498189110903176
3112,-0.8624151283117899,,,-0.250226179620136,28.469726855400474
3113,-0.8623922510658225,,,-0.24961455978424485,28.441292873815293
3114,-0.8623694178340783,,,-0.24900409189278647,28.412887138745603
3115,-0.8623466285638004,,,-0.24839477440923952,28.384509622813262
3116,-0.8623238832022467,,,-0.247786605798495,28.35616029866402
3117,-0.8623011816966901,,,-0.24717958452685412,28.3278391389675
3118,-0.8622785239944182,,,-0.24657370906202628,28.299546116417197
3119,-0.8622559100427332,,,-0.24596897787312727,28.271281203730442
3120,-0.8622333397889523,,,-0.24536538943067704,28.24304437364842
3121,-0.8622108131804078,,,-0.24476294220659786,28.21483559893613
3122,-0.8621883301644467,,,-0.2441616346742123,28.186654852382397
3123,-0.8621658906884311,,,-0.24356146530824124,28.158502106799844
3124,-0.8621434946997378,,,-0.24296243258480188,28.13037733502489
3125,-0.862121142145759,,,-0.24236453498140584,28.102280509917723
3126,-0.8620988329739017,,,-0.24176777097695712,28.074211604362308
3127,-0.8620765671315882,,,-0.24117213905175025,28.046170591266357
3128,-0.8620543445662558,,,-0.24057763768746826,28.01815744356133
3129,-0.8620321652253571,,,-0.23998426536718076,27.99017213420241
3130,-0.8620100290563596,,,-0.23939202057534203,27.962214636168508
3131,-0.8619879360067463,,,-0.23880090179778896,27.934284922462233
3132,-0.8619658860240152,,,-0.23821090752173937,27.90638296610989
3133,-0.8619438790556802,,,-0.23762203623578984,27.87850874016147
3134,-0.8619219150492696,,,-0.23703428642991398,27.850662217690623
3135,-0.861899993952328,,,-0.23644765659546038,27.82284337179466
3136,-0.8618781157124147,,,-0.23586214522515084,27.79505217559454
3137,-0.8618562802771047,,,-0.23527775081307833,27.76728860223485
3138,-0.8618344875939886,,,-0.23469447185470524,27.739552624883792
3139,-0.8618127376106723,,,-0.23411230684686138,27.711844216733184
3140,-0.8617910302747773,,,-0.23353125428774216,27.684163350998432
3141,-0.8617693655339407,,,-0.23295131267690672,27.656510000918527
3142,-0.8617477433358152,,,-0.23237248051527598,27.628884139756025
3143,-0.861726163628069,,,-0.23179475630513094,27.601285740797046
3144,-0.8617046263583862,,,-0.2312181385501106,27.573714777351253
3145,-0.8616831314744664,,,-0.23064262575521033,27.546171222751838
3146,-0.8616616789240251,,,-0.2300682164267798,27.518655050355513
3147,-0.8616402686547935,,,-0.22949490907252135,27.4911662335425
3148,-0.8616189006145186,,,-0.22892270220148797,27.463704745716512
3149,-0.8615975747509633,,,-0.22835159432408164,27.436270560304745
3150,-0.8615762910119064,,,-0.2277815839520514,27.408863650757866
3151,-0.8615550493451425,,,-0.2272126695984914,27.381483990549995
3152,-0.8615338496984822,,,-0.22664484977783947,27.3541315531787
3153,-0.8615126920197523,,,-0.2260781230058749,27.326806312164972
3154,-0.8614915762567954,,,-0.2255124877997169,27.299508241053232
3155,-0.86147050235747,,,-0.22494794267782262,27.272237313411296
3156,-0.8614494702696511,,,-0.22438448615998552,27.24499350283038
3157,-0.8614284799412296,,,-0.22382211676733343,27.217776782925075
3158,-0.8614075313201125,,,-0.22326083302232694,27.190587127333345
3159,-0.8613866243542232,,,-0.22270063344875746,27.163424509716506
3160,-0.8613657589915011,,,-0.2221415165717455,27.136288903759215
3161,-0.8613449351799023,,,-0.22158348091773897,27.109180283169458
3162,-0.8613241528673987,,,-0.22102652501451134,27.082098621678536
3163,-0.8613034120019788,,,-0.2204706473911599,27.055043893041052
3164,-0.8612827125316475,,,-0.21991584657810404,27.028016071034905
3165,-0.861262054404426,,,-0.2193621211070835,27.001015129461273
3166,-0.8612414375683523,,,-0.21880946951115657,26.97404104214459
3167,-0.8612208619714803,,,-0.2182578903246984,26.947093782932548
3168,-0.8612003275618808,,,-0.21770738208339932,26.92017332569607
3169,-0.8611798342876413,,,-0.21715794332426308,26.893279644329315
3170,-0.8611593820968656,,,-0.21660957258560504,26.866412712749646
3171,-0.8611389709376743,,,-0.2160622684070506,26.83957250489763
3172,-0.8611186007582047,,,-0.2155160293295334,26.812758994737024
3173,-0.8610982715066107,,,-0.21497085389529366,26.78597215625475
3174,-0.861077983131063,,,-0.2144267406478765,26.7592119634609
3175,-0.8610577355797491,,,-0.21388368813213018,26.7324783903887
3176,-0.8610375288008733,,,-0.21334169489420446,26.705771411094524
3177,-0.8610173627426567,,,-0.21280075948154892,26.679090999657863
3178,-0.8609972373533376,,,-0.21226088044291125,26.652437130181315
3179,-0.8609771525811708,,,-0.21172205632833563,26.62580977679057
3180,-0.8609571083744284,,,-0.211184285689161,26.59920891363441
3181,-0.8609371046813995,,,-0.21064756707801954,26.572634514884673
3182,-0.86091714145039,,,-0.21011189904883482,26.546086554736256
3183,-0.8608972186297231,,,-0.2095772801568203,26.519565007407106
3184,-0.8608773361677391,,,-0.20904370895847763,26.493069847138187
3185,-0.8608574940127953,,,-0.20851118401159494,26.466601048193493
3186,-0.8608376921132664,,,-0.20797970387524536,26.44015858486001
3187,-0.8608179304175443,,,-0.20744926710978526,26.413742431447716
3188,-0.860798208874038,,,-0.20691987227685268,26.387352562289564
3189,-0.8607785274311742,,,-0.20639151793936575,26.360988951741472
3190,-0.8607588860373966,,,-0.20586420266152103,26.334651574182306
3191,-0.8607392846411663,,,-0.2053379250087919,26.30834040401387
3192,-0.860719723190962,,,-0.20481268354792692,26.28205541566088
3193,-0.8607002016352798,,,-0.2042884768469483,26.255796583570984
3194,-0.8606807199226334,,,-0.20376530347515037,26.229563882214705
3195,-0.8606612780015538,,,-0.20324316200309778,26.203357286085456
3196,-0.8606418758205898,,,-0.2027220510026241,26.17717676969952
3197,-0.8606225133283079,,,-0.20220196904683027,26.151022307596037
3198,-0.8606031904732918,,,-0.20168291471008284,26.124893874336987
3199,-0.8605839072041435,,,-0.2011648865680126,26.098791444507178
3200,-0.8605646634694822,,,-0.20064788319751284,26.072714992714232
3201,-0.8605454592179455,,,-0.20013190317673793,26.04666449358858
3202,-0.8605262943981881,,,-0.19961694508510178,26.020639921783435
3203,-0.860507168958883,,,-0.19910300750327614,25.994641251974787
3204,-0.8604880828487211,,,-0.19859008901318922,25.96866845886139
3205,-0.8604690360164111,,,-0.1980781881980241,25.94272151716474
3206,-0.8604500284106797,,,-0.19756730364221717,25.916800401629068
3207,-0.8604310599802716,,,-0.19705743393145664,25.890905087021334
3208,-0.8604121306739495,,,-0.19654857765268102,25.8650355481312
3209,-0.8603932404404945,,,-0.19604073339407757,25.839191759771015
3210,-0.8603743892287053,,,-0.19553389974508079,25.81337369677582
3211,-0.8603555769873994,,,-0.19502807529637098,25.787581334003317
3212,-0.8603368036654119,,,-0.19452325863987271,25.761814646333853
3213,-0.8603180692115965,,,-0.1940194483687533,25.73607360867043
3214,-0.8602993735748252,,,-0.19351664307742128,25.710358195938664
3215,-0.8602807167039882,,,-0.19301484136152508,25.684668383086784
3216,-0.8602620985479942,,,-0.19251404181795137,25.65900414508562
3217,-0.8602435190557701,,,-0.19201424304482365,25.633365456928587
3218,-0.8602249781762614,,,-0.1915154436415008,25.607752293631666
3219,-0.8602064758584322,,,-0.1910176422085756,25.5821646302334
3220,-0.8601880120512649,,,-0.19052083734787326,25.556602441794873
3221,-0.8601695867037606,,,-0.19002502766245,25.531065703399694
3222,-0.860151199764939,,,-0.1895302117565916,25.505554390154
3223,-0.8601328511838385,,,-0.18903638823581184,25.480068477186418
3224,-0.860114540909516,,,-0.18854355570685125,25.454607939648067
3225,-0.8600962688910474,,,-0.1880517127776755,25.429172752712546
3226,-0.8600780350775271,,,-0.1875608580574741,25.403762891575905
3227,-0.8600598394180686,,,-0.18707099015665893,25.378378331456645
3228,-0.8600416818618041,,,-0.18658210768686276,25.3530190475957
3229,-0.8600235623578846,,,-0.18609420926093795,25.327685015256424
3230,-0.8600054808554801,,,-0.18560729349295496,25.302376209724574
3231,-0.8599874373037798,,,-0.18512135899820092,25.277092606308305
3232,-0.8599694316519916,,,-0.18463640439317835,25.251834180338136
3233,-0.8599514638493426,,,-0.18415242829560358,25.22660090716696
3234,-0.8599335338450792,,,-0.18366942932440558,25.20139276217002
3235,-0.8599156415884666,,,-0.18318740609972442,25.17620972074489
3236,-0.8598977870287893,,,-0.18270635724290996,25.151051758311468
3237,-0.859879970115351,,,-0.18222628137652042,25.125918850311958
3238,-0.8598621907974748,,,-0.181747177124321,25.100810972210862
3239,-0.8598444490245031,,,-0.18126904311128264,25.075728099494956
3240,-0.8598267447457975,,,-0.18079187796358054,25.05067020767329
3241,-0.8598090779107389,,,-0.18031568030859277,25.025637272277155
3242,-0.859791448468728,,,-0.17984044877489908,25.000629268860088
3243,-0.8597738563691848,,,-0.1793661819922794,24.97564617299785
3244,-0.8597563015615487,,,-0.17889287859171263,24.950687960288406
3245,-0.8597387839952787,,,-0.17842053720537515,24.925754606351923
3246,-0.8597213036198535,,,-0.17794915646663959,24.90084608683075
3247,-0.8597038603847714,,,-0.17747873501007352,24.8759623773894
3248,-0.8596864542395504,,,-0.17700927147143805,24.851103453714536
3249,-0.8596690851337281,,,-0.17654076448768657,24.826269291514972
3250,-0.8596517530168619,,,-0.17607321269696344,24.801459866521636
3251,-0.8596344578385293,,,-0.17560661473860262,24.77667515448758
3252,-0.8596171995483273,,,-0.1751409692531265,24.75191513118794
3253,-0.8595999780958729,,,-0.17467627488224444,24.72717977241994
3254,-0.8595827934308029,,,-0.17421253026885158,24.70246905400288
3255,-0.8595656455027745,,,-0.17374973405702746,24.677782951778106
3256,-0.8595485342614644,,,-0.17328788489203492,24.653121441609006
3257,-0.8595314596565697,,,-0.17282698142031863,24.628484499381
3258,-0.8595144216378077,,,-0.17236702228950387,24.603872101001514
3259,-0.8594974201549154,,,-0.1719080061483953,24.57928422239998
3260,-0.8594804551576504,,,-0.17144993164697572,24.554720839527803
3261,-0.8594635265957903,,,-0.1709927974364047,24.53018192835837
3262,-0.8594466344191332,,,-0.17053660216901737,24.50566746488702
3263,-0.8594297785774972,,,-0.1700813444983233,24.481177425131026
3264,-0.8594129590207211,,,-0.16962702307900504,24.456711785129595
3265,-0.8593961756986639,,,-0.16917363656691706,24.432270520943845
3266,-0.8593794285612051,,,-0.1687211836190844,24.4078536086568
3267,-0.8593627175582447,,,-0.16826966289370143,24.383461024373357
3268,-0.8593460426397032,,,-0.16781907305013075,24.359092744220288
3269,-0.8593294037555216,,,-0.16736941274890185,24.334748744346225
3270,-0.8593128008556618,,,-0.16692068065170992,24.310429000921634
3271,-0.859296233890106,,,-0.16647287542141467,24.286133490138816
3272,-0.8592797028088575,,,-0.1660259957220391,24.26186218821188
3273,-0.85926320756194,,,-0.16558004021876827,24.237615071376737
3274,-0.8592467480993982,,,-0.16513500757794813,24.21339211589108
3275,-0.8592303243712974,,,-0.16469089646708437,24.189193298034372
3276,-0.8592139363277241,,,-0.16424770555484117,24.165018594107835
3277,-0.8591975839187856,,,-0.16380543351103996,24.14086798043443
3278,-0.8591812670946101,,,-0.16336407900665836,24.116741433358843
3279,-0.8591649858053467,,,-0.162923640713829,24.092638929247478
3280,-0.8591487400011659,,,-0.16248411730583823,24.068560444488433
3281,-0.8591325296322591,,,-0.16204550745712507,24.044505955491495
3282,-0.8591163546488386,,,-0.16160780984327996,24.020475438688113
3283,-0.8591002150011384,,,-0.1611710231410437,23.996468870531395
3284,-0.8590841106394134,,,-0.16073514602830624,23.97248622749609
3285,-0.8590680415139397,,,-0.16030017718410552,23.94852748607858
3286,-0.8590520075750149,,,-0.15986611528862632,23.924592622796848
3287,-0.8590360087729579,,,-0.1594329590231992,23.900681614190475
3288,-0.8590200450581091,,,-0.15900070707029929,23.876794436820635
3289,-0.8590041163808303,,,-0.1585693581135451,23.852931067270067
3290,-0.8589882226915047,,,-0.15813891083769768,23.829091482143056
3291,-0.8589723639405369,,,-0.15770936392865909,23.805275658065437
3292,-0.8589565400783535,,,-0.1572807160734716,23.78148357168456
3293,-0.8589407510554025,,,-0.15685296596031645,23.7577151996693
3294,-0.8589249968221534,,,-0.15642611227851272,23.733970518710013
3295,-0.8589092773290977,,,-0.1560001537185163,23.710249505518547
3296,-0.8588935925267486,,,-0.15557508897191877,23.686552136828215
3297,-0.858877942365641,,,-0.15515091673144626,23.662878389393782
3298,-0.8588623267963317,,,-0.15472763569095846,23.63922823999145
3299,-0.8588467457693993,,,-0.15430524454544742,23.615601665418847
3300,-0.8588311992354446,,,-0.15388374199103658,23.59199864249501
3301,-0.85881568714509,,,-0.15346312672497955,23.568419148060368
3302,-0.8588002094489803,,,-0.15304339744565926,23.544863158976735
3303,-0.8587847660977821,,,-0.15262455285258658,23.521330652127286
3304,-0.8587693570421843,,,-0.15220659164639957,23.49782160441655
3305,-0.8587539822328978,,,-0.15178951252886225,23.474335992770392
3306,-0.8587386416206558,,,-0.15137331420286357,23.450873794135997
3307,-0.8587233351562139,,,-0.15095799537241644,23.42743498548186
3308,-0.8587080627903496,,,-0.15054355474265657,23.404019543797766
3309,-0.8586928244738632,,,-0.15012999101984145,23.38062744609478
3310,-0.858677620157577,,,-0.14971730291134944,23.357258669405233
3311,-0.8586624497923359,,,-0.14930548912567856,23.3339131907827
3312,-0.8586473133290072,,,-0.14889454837244565,23.310590987301993
3313,-0.858632210718481,,,-0.1484844793623851,23.287292036059146
3314,-0.8586171419116695,,,-0.14807528080734808,23.264016314171393
3315,-0.858602106859508,,,-0.1476669514203014,23.24076379877716
3316,-0.858587105512954,,,-0.14725948991532647,23.21753446703605
3317,-0.8585721378229881,,,-0.14685289500761847,23.19432829612883
3318,-0.8585572037406134,,,-0.14644716541348515,23.17114526325741
3319,-0.8585423032168558,,,-0.1460422998503459,23.147985345644834
3320,-0.8585274362027641,,,-0.14563829703673076,23.12484852053526
3321,-0.85851260264941,,,-0.1452351556922795,23.10173476519395
3322,-0.8584978025078881,,,-0.14483287453774052,23.078644056907255
3323,-0.8584830357293161,,,-0.14443145229496998,23.0555763729826
3324,-0.8584683022648344,,,-0.14403088768693073,23.032531690748467
3325,-0.8584536020656067,,,-0.14363117943769144,23.00950998755438
3326,-0.8584389350828199,,,-0.14323232627242546,22.9865112407709
3327,-0.8584243012676838,,,-0.1428343269174101,22.96353542778959
3328,-0.8584097005714315,,,-0.14243718010002546,22.940582526023025
3329,-0.8583951329453196,,,-0.14204088454875358,22.917652512904755
3330,-0.8583805983406274,,,-0.14164543899317752,22.894745365889307
3331,-0.8583660967086583,,,-0.14125084216398032,22.87186106245216
3332,-0.8583516280007384,,,-0.1408570927929441,22.848999580089743
3333,-0.8583371921682176,,,-0.14046418961294913,22.826160896319394
3334,-0.8583227891624693,,,-0.14007213135797295,22.803344988679378
3335,-0.8583084189348902,,,-0.13968091676308933,22.780551834728847
3336,-0.8582940814369008,,,-0.13929054456446743,22.757781412047844
3337,-0.8582797766199449,,,-0.13890101349937087,22.735033698237274
3338,-0.8582655044354904,,,-0.13851232230615676,22.71230867091889
3339,-0.8582512648350286,,,-0.1381244697242749,22.68960630773529
3340,-0.8582370577700745,,,-0.1377374544942667,22.666926586349888
3341,-0.8582228831921672,,,-0.13735127535776442,22.644269484446916
3342,-0.8582087410528694,,,-0.1369659310574903,22.62163497973139
3343,-0.8581946313037676,,,-0.13658142033725548,22.59902304992911
3344,-0.8581805538964725,,,-0.13619774194195924,22.576433672786635
3345,-0.8581665087826187,,,-0.13581489461758817,22.55386682607128
3346,-0.8581524959138648,,,-0.13543287711121513,22.531322487571085
3347,-0.8581385152418934,,,-0.13505168817099852,22.50880063509482
3348,-0.8581245667184114,,,-0.13467132654618136,22.48630124647195
3349,-0.8581106502951498,,,-0.13429179098709032,22.463824299552638
3350,-0.8580967659238636,,,-0.13391308024513499,22.44136977220771
3351,-0.8580829135563324,,,-0.13353519307280692,22.418937642328668
3352,-0.8580690931443599,,,-0.13315812822367887,22.39652788782765
3353,-0.8580553046397741,,,-0.13278188445240383,22.37414048663742
3354,-0.8580415479944276,,,-0.13240646051471425,22.35177541671137
3355,-0.8580278231601973,,,-0.1320318551674212,22.32943265602348
3356,-0.8580141300889847,,,-0.13165806716841344,22.307112182568332
3357,-0.8580004687327158,,,-0.13128509527665677,22.28481397436106
3358,-0.8579868390433412,,,-0.13091293825219297,22.262538009437367
3359,-0.8579732409728359,,,-0.13054159485613911,22.240284265853496
3360,-0.8579596744732,,,-0.13017106385068666,22.218052721686213
3361,-0.8579461394964579,,,-0.12980134399910076,22.195843355032796
3362,-0.8579326359946592,,,-0.1294324340657193,22.173656144011023
3363,-0.8579191639198779,,,-0.12906433281595214,22.151491066759153
3364,-0.8579057232242131,,,-0.12869703901628032,22.129348101435912
3365,-0.8578923138597888,,,-0.12833055143425523,22.107227226220477
3366,-0.857878935778754,,,-0.12796486883849784,22.08512841931246
3367,-0.8578655889332826,,,-0.12759998999869787,22.063051658931908
3368,-0.8578522732755736,,,-0.12723591368561304,22.04099692331926
3369,-0.857838988757851,,,-0.1268726386710682,22.018964190735353
3370,-0.8578257353323642,,,-0.12651016372795468,21.996953439461407
3371,-0.8578125129513875,,,-0.12614848763022932,21.974964647799002
3372,-0.8577993215672206,,,-0.12578760915291387,21.95299779407006
3373,-0.8577861611321884,,,-0.1254275270720941,21.931052856616848
3374,-0.8577730315986414,,,-0.12506824016491908,21.90912981380194
3375,-0.857759932918955,,,-0.12470974720960042,21.887228644008218
3376,-0.8577468650455305,,,-0.12435204698541148,21.865349325638856
3377,-0.8577338279307944,,,-0.12399513827268664,21.843491837117295
3378,-0.8577208215271989,,,-0.1236390198528205,21.82165615688724
3379,-0.8577078457872215,,,-0.1232836905082672,21.799842263412636
3380,-0.8576949006633656,,,-0.12292914902253961,21.77805013517766
3381,-0.8576819861081602,,,-0.12257539418020866,21.7562797506867
3382,-0.8576691020741598,,,-0.12222242476690247,21.734531088464347
3383,-0.857656248513945,,,-0.12187023956930576,21.712804127055367
3384,-0.8576434253801217,,,-0.12151883737515906,21.691098845024708
3385,-0.8576306326253224,,,-0.12116821697325791,21.66941522095746
3386,-0.8576178702022047,,,-0.12081837715345228,21.647753233458864
3387,-0.8576051380634527,,,-0.12046931670664576,21.626112861154276
3388,-0.8575924361617764,,,-0.12012103442479481,21.604494082689165
3389,-0.8575797644499116,,,-0.11977352910090819,21.582896876729095
3390,-0.8575671228806203,,,-0.11942679952904607,21.561321221959705
3391,-0.8575545114066908,,,-0.11908084450431948,21.539767097086706
3392,-0.8575419299809374,,,-0.1187356628228895,21.518234480835854
3393,-0.8575293785562007,,,-0.11839125328196662,21.496723351952937
3394,-0.8575168570853475,,,-0.11804761467981005,21.475233689203773
3395,-0.8575043655212711,,,-0.11770474581572701,21.45376547137417
3396,-0.8574919038168909,,,-0.11736264549007204,21.432318677269937
3397,-0.857479471925153,,,-0.11702131250424633,21.410893285716853
3398,-0.8574670697990298,,,-0.11668074566069703,21.38948927556066
3399,-0.8574546973915201,,,-0.11634094376291661,21.368106625667043
3400,-0.8574423546556497,,,-0.11600190561544212,21.346745314921616
3401,-0.8574300415444704,,,-0.11566363002385459,21.32540532222991
3402,-0.8574177580110612,,,-0.11532611579477836,21.304086626517353
3403,-0.8574055040085276,,,-0.11498936173588037,21.282789206729262
3404,-0.8573932794900017,,,-0.11465336665586955,21.261513041830824
3405,-0.8573810844086425,,,-0.11431812936449616,21.240258110807076
3406,-0.8573689187176359,,,-0.11398364867255113,21.2190243926629
3407,-0.8573567823701946,,,-0.1136499233918654,21.197811866423
3408,-0.8573446753195585,,,-0.11331695233530932,21.176620511131894
3409,-0.8573325975189942,,,-0.11298473431679198,21.155450305853893
3410,-0.8573205489217952,,,-0.11265326815126064,21.134301229673085
3411,-0.8573085294812826,,,-0.11232255265469993,21.11317326169333
3412,-0.8572965391508041,,,-0.11199258664413142,21.092066381038233
3413,-0.8572845778837349,,,-0.11166336893761292,21.070980566851137
3414,-0.8572726456334774,,,-0.11133489835423782,21.049915798295103
3415,-0.8572607423534611,,,-0.11100717371413452,21.0288720545529
3416,-0.8572488679971428,,,-0.11068019383846579,21.00784931482698
3417,-0.857237022518007,,,-0.11035395754942823,20.986847558339484
3418,-0.8572252058695654,,,-0.11002846367025153,20.965866764332198
3419,-0.857213418005357,,,-0.10970371102519802,20.944906912066568
3420,-0.8572016588789485,,,-0.10937969843956195,20.923967980823658
3421,-0.8571899284439342,,,-0.10905642473966898,20.903049949904155
3422,-0.8571782266539358,,,-0.10873388875287551,20.88215279862834
3423,-0.857166553462603,,,-0.10841208930756821,20.86127650633609
3424,-0.8571549088236127,,,-0.10809102523316329,20.840421052386837
3425,-0.8571432926906699,,,-0.107770695360106,20.819586416159584
3426,-0.8571317050175074,,,-0.10745109851987006,20.798772577052866
3427,-0.8571201457578856,,,-0.10713223354495705,20.77797951448474
3428,-0.8571086148655932,,,-0.10681409926889587,20.757207207892783
3429,-0.8570971122944464,,,-0.10649669452624219,20.73645563673406
3430,-0.8570856379982895,,,-0.10618001815257781,20.71572478048512
3431,-0.857074191930995,,,-0.10586406898451017,20.69501461864198
3432,-0.8570627740464634,,,-0.10554884585967175,20.6743251307201
3433,-0.8570513842986232,,,-0.10523434761671957,20.653656296254375
3434,-0.8570400226414312,,,-0.10492057309533458,20.63300809479913
3435,-0.8570286890288724,,,-0.10460752113622114,20.61238050592809
3436,-0.8570173834149601,,,-0.1042951905811065,20.59177350923437
3437,-0.8570061057537358,,,-0.10398358027274027,20.571187084330454
3438,-0.8569948559992695,,,-0.10367268905489373,20.550621210848202
3439,-0.8569836341056595,,,-0.10336251577235951,20.530075868438807
3440,-0.8569724400270327,,,-0.10305305927095097,20.509551036772795
3441,-0.8569612737175443,,,-0.10274431839750167,20.489046695540008
3442,-0.8569501351313782,,,-0.10243629199986483,20.46856282444959
3443,-0.8569390242227469,,,-0.10212897892691282,20.44809940322997
3444,-0.8569279409458915,,,-0.10182237802853669,20.42765641162885
3445,-0.8569168852550818,,,-0.10151648815564561,20.407233829413176
3446,-0.8569058571046163,,,-0.10121130816016634,20.38683163636915
3447,-0.8568948564488225,,,-0.10090683689504276,20.366449812302182
3448,-0.8568838832420564,,,-0.10060307321423542,20.34608833703691
3449,-0.8568729374387033,,,-0.10030001597272095,20.32574719041716
3450,-0.8568620189931769,,,-0.09999766402649157,20.305426352305936
3451,-0.8568511278599205,,,-0.09969601623255467,20.28512580258541
3452,-0.8568402639934058,,,-0.09939507144893223,20.2648455211569
3453,-0.8568294273481342,,,-0.09909482853466041,20.244585487940864
3454,-0.8568186178786357,,,-0.09879528634978904,20.22434568287688
3455,-0.8568078355394697,,,-0.09849644375538111,20.204126085923633
3456,-0.8567970802852248,,,-0.09819829961351231,20.183926677058892
3457,-0.856786352070519,,,-0.0979008527872706,20.16374743627951
3458,-0.8567756508499993,,,-0.09760410214075568,20.1435883436014
3459,-0.8567649765783423,,,-0.09730804653907855,20.12344937905951
3460,-0.856754329210254,,,-0.09701268484836104,20.10333052270783
3461,-0.8567437087004697,,,-0.09671801593573535,20.08323175461935
3462,-0.8567331150037543,,,-0.09642403866934361,20.063153054886083
3463,-0.8567225480749022,,,-0.09613075191833739,20.043094403619012
3464,-0.8567120078687377,,,-0.09583815455287728,20.02305578094809
3465,-0.8567014943401142,,,-0.09554624544413244,20.00303716702223
3466,-0.8566910074439152,,,-0.09525502346428014,19.98303854200929
3467,-0.8566805471350538,,,-0.09496448748650528,19.963059886096044
3468,-0.856670113368473,,,-0.09467463638500004,19.94310117948818
3469,-0.8566597060991453,,,-0.09438546903496342,19.923162402410284
3470,-0.8566493252820735,,,-0.09409698431260073,19.903243535105823
3471,-0.8566389708722901,,,-0.09380918109512326,19.883344557837127
3472,-0.8566286428248576,,,-0.09352205826074779,19.863465450885375
3473,-0.8566183410948686,,,-0.0932356146886962,19.843606194550585
3474,-0.8566080656374456,,,-0.09294984925919504,19.82376676915159
3475,-0.8565978164077415,,,-0.09266476085347508,19.80394715502604
3476,-0.8565875933609389,,,-0.09238034835377097,19.784147332530367
3477,-0.8565773964522512,,,-0.09209661064332077,19.764367282039775
3478,-0.8565672256369216,,,-0.09181354660636555,19.744606983948238
3479,-0.8565570808702236,,,-0.091531155128149,19.72486641866847
3480,-0.8565469621074615,,,-0.091249435094917,19.705145566631916
3481,-0.8565368693039696,,,-0.09096838539391724,19.685444408288742
3482,-0.8565268024151127,,,-0.09068800491339889,19.66576292410781
3483,-0.8565167613962862,,,-0.09040829254261207,19.646101094576668
3484,-0.856506746202916,,,-0.09012924717180756,19.626458900201538
3485,-0.8564967567904586,,,-0.08985086769223641,19.606836321507295
3486,-0.8564867931144009,,,-0.0895731529961495,19.587233339037454
3487,-0.856476855130261,,,-0.08929610197679717,19.567649933354158
3488,-0.8564669427935871,,,-0.08901971352842894,19.54808608503816
3489,-0.8564570560599588,,,-0.088743986546293,19.528541774688815
3490,-0.856447194884986,,,-0.0884689199266359,19.509016982924045
3491,-0.8564373592243097,,,-0.08819451256670217,19.489511690380358
3492,-0.856427549033602,,,-0.08792076336473399,19.470025877712793
3493,-0.8564177642685654,,,-0.08764767121997079,19.45055952559494
3494,-0.8564080048849341,,,-0.08737523503264888,19.431112614718902
3495,-0.8563982708384728,,,-0.08710345370400109,19.411685125795294
3496,-0.8563885620849776,,,-0.08683232613625648,19.392277039553218
3497,-0.8563788785802757,,,-0.08656185123263994,19.372888336740253
3498,-0.8563692202802254,,,-0.08629202789737181,19.353518998122443
3499,-0.8563595871407164,,,-0.08602285503566756,19.334169004484274
3500,-0.8563499791176695,,,-0.08575433155373746,19.314838336628668
3501,-0.856340396167037,,,-0.08548645635878627,19.295526975376962
3502,-0.8563308382448025,,,-0.08521922835901281,19.2762349015689
3503,-0.856321305306981,,,-0.08495264646360971,19.256962096062598
3504,-0.8563117973096191,,,-0.08468670958276305,19.23770853973456
3505,-0.8563023142087949,,,-0.084421416627652,19.218474213479638
3506,-0.8562928559606178,,,-0.08415676651044855,19.199259098211026
3507,-0.8562834225212291,,,-0.08389275814431713,19.180063174860255
3508,-0.8562740138468019,,,-0.08362939044341433,19.160886424377154
3509,-0.8562646298935406,,,-0.08336666232288861,19.14172882772986
3510,-0.8562552706176815,,,-0.08310457269887987,19.12259036590479
3511,-0.8562459359754928,,,-0.08284312048851922,19.10347101990663
3512,-0.8562366259232747,,,-0.08258230460992867,19.084370770758312
3513,-0.8562273404173588,,,-0.08232212398222084,19.065289599501007
3514,-0.8562180794141091,,,-0.08206257752549864,19.04622748719412
3515,-0.8562088428699214,,,-0.08180366416085487,19.027184414915247
3516,-0.8561996307412235,,,-0.08154538281037207,19.00816036376019
3517,-0.8561904429844753,,,-0.08128773239712214,18.989155314842925
3518,-0.856181279556169,,,-0.08103071184516607,18.970169249295594
3519,-0.8561721404128286,,,-0.08077432007955362,18.95120214826848
3520,-0.8561630255110108,,,-0.0805185560263231,18.932253992930004
3521,-0.856153934807304,,,-0.08026341861250098,18.913324764466708
3522,-0.8561448682583294,,,-0.0800089067661017,18.894414444083235
3523,-0.8561358258207403,,,-0.07975501941612735,18.875523013002315
3524,-0.8561268074512225,,,-0.07950175549256741,18.85665045246476
3525,-0.8561178131064942,,,-0.07924911392639843,18.837796743729424
3526,-0.856108842743306,,,-0.0789970936495838,18.818961868073227
3527,-0.8560998963184413,,,-0.07874569359507345,18.800145806791104
3528,-0.8560909737887159,,,-0.07849491269680363,18.78134854119601
3529,-0.8560820751109782,,,-0.0782447498896966,18.762570052618894
3530,-0.8560732002421093,,,-0.07799520410966039,18.743810322408695
3531,-0.8560643491390232,,,-0.07774627429358852,18.72506933193232
3532,-0.8560555217586663,,,-0.07749795937935976,18.706347062574636
3533,-0.8560467180580181,,,-0.07725025830583783,18.68764349573844
3534,-0.856037937994091,,,-0.07700317001287123,18.668958612844463
3535,-0.85602918152393,,,-0.07675669344129293,18.650292395331345
3536,-0.8560204486046135,,,-0.07651082753292013,18.63164482465562
3537,-0.8560117391932524,,,-0.07626557123055402,18.613015882291702
3538,-0.8560030532469909,,,-0.07602092347797959,18.594405549731874
3539,-0.8559943907230064,,,-0.07577688321996524,18.57581380848627
3540,-0.8559857515785092,,,-0.07553344940226275,18.557240640082856
3541,-0.8559771357707429,,,-0.07529062097160687,18.538686026067424
3542,-0.8559685432569841,,,-0.07504839687571513,18.52014994800357
3543,-0.8559599739945432,,,-0.07480677606328771,18.501632387472686
3544,-0.8559514279407633,,,-0.0745657574840071,18.483133326073936
3545,-0.8559429050530212,,,-0.07432534008853789,18.46465274542425
3546,-0.855934405288727,,,-0.07408552282852658,18.446190627158302
3547,-0.8559259286053243,,,-0.07384630465660137,18.427746952928505
3548,-0.8559174749602902,,,-0.07360768452637188,18.409321704404988
3549,-0.8559090443111353,,,-0.07336966139242898,18.39091486327558
3550,-0.8559006366154037,,,-0.0731322342103446,18.372526411245794
3551,-0.8558922518306733,,,-0.07289540193667142,18.354156330038826
3552,-0.8558838899145556,,,-0.07265916352894278,18.335804601395527
3553,-0.8558755508246956,,,-0.07242351794567244,18.31747120707439
3554,-0.8558672345187724,,,-0.07218846414635427,18.299156128851543
3555,-0.8558589409544989,,,-0.07195400109146224,18.28085934852072
3556,-0.8558506700896215,,,-0.07172012774245004,18.262580847893265
3557,-0.8558424218819207,,,-0.07148684306175097,18.2443206087981
3558,-0.8558341962892111,,,-0.07125414601277774,18.226078613081715
3559,-0.8558259932693411,,,-0.07102203555992226,18.20785484260816
3560,-0.8558178127801931,,,-0.07079051066855545,18.189649279259026
3561,-0.8558096547796837,,,-0.07055957030502712,18.17146190493343
3562,-0.8558015192257636,,,-0.07032921343666566,18.153292701547997
3563,-0.8557934060764175,,,-0.07009943903177798,18.13514165103685
3564,-0.8557853152896645,,,-0.0698702460596492,18.117008735351597
3565,-0.8557772468235578,,,-0.06964163349054255,18.098893936461305
3566,-0.8557692006361851,,,-0.06941360029569921,18.080797236352502
3567,-0.8557611766856682,,,-0.0691861454473381,18.06271861702915
3568,-0.8557531749301635,,,-0.06895926791865573,18.044658060512635
3569,-0.8557451953278616,,,-0.06873296668382597,18.026615548841743
3570,-0.8557372378369879,,,-0.068507240718,18.00859106407267
3571,-0.8557293024158018,,,-0.068282088997306,17.990584588278978
3572,-0.8557213890225978,,,-0.0680575104988491,17.97259610355159
3573,-0.8557134976157046,,,-0.0678335042007111,17.954625591998795
3574,-0.8557056281534858,,,-0.06761006908195047,17.9366730357462
3575,-0.8556977805943397,,,-0.06738720412260206,17.918738416936737
3576,-0.8556899548966991,,,-0.06716490830367698,17.900821717730643
3577,-0.8556821510190318,,,-0.06694318060716249,17.882922920305454
3578,-0.8556743689198403,,,-0.06672202001602182,17.865042006855973
3579,-0.855666608557662,,,-0.06650142551419397,17.84717895959426
3580,-0.8556588698910692,,,-0.06628139608659361,17.82933376074963
3581,-0.8556511528786692,,,-0.066061930719111,17.81150639256863
3582,-0.8556434574791042,,,-0.06584302839861172,17.793696837315025
3583,-0.8556357836510515,,,-0.06562468811293659,17.775905077269776
3584,-0.8556281313532236,,,-0.06540690885090154,17.758131094731038
3585,-0.8556205005443679,,,-0.06518968960229746,17.740374872014133
3586,-0.855612891183267,,,-0.06497302935789007,17.722636391451548
3587,-0.855605303228739,,,-0.06475692710941978,17.70491563539291
3588,-0.8555977366396368,,,-0.06454138184960159,17.687212586204982
3589,-0.8555901913748489,,,-0.0643263925721249,17.669527226271633
3590,-0.8555826673932991,,,-0.06411195827165342,17.651859537993836
3591,-0.8555751646539466,,,-0.06389807794382506,17.63420950378965
3592,-0.8555676831157858,,,-0.06368475058525175,17.616577106094205
3593,-0.8555602227378469,,,-0.06347197519351937,17.598962327359693
3594,-0.8555527834791955,,,-0.06325975076718765,17.581365150055337
3595,-0.8555453652989327,,,-0.06304807630579001,17.56378555666739
3596,-0.855537968156195,,,-0.06283695080983345,17.546223529699123
3597,-0.8555305920101549,,,-0.0626263732807984,17.528679051670803
3598,-0.8555232368200205,,,-0.0624163427211387,17.511152105119674
3599,-0.8555159025450354,,,-0.062206858134281416,17.49364267259996
3600,-0.8555085891444791,,,-0.06199791852462677,17.476150736682833
3601,-0.8555012965776672,,,-0.061789522897547994,17.458676279956403
3602,-0.8554940248039505,,,-0.0615816702593913,17.44121928502571
3603,-0.8554867737827163,,,-0.06137435961747568,17.4237797345127
3604,-0.8554795434733875,,,-0.06116758998009286,17.406357611056215
3605,-0.8554723338354231,,,-0.0609613603565072,17.388952897311988
3606,-0.855465144828318,,,-0.0607556697569556,17.371565575952605
3607,-0.8554579764116034,,,-0.06055051719264739,17.354195629667515
3608,-0.8554508285448463,,,-0.060345901675764244,17.336843041163004
3609,-0.8554437011876501,,,-0.06014182221946007,17.319507793162174
3610,-0.8554365942996542,,,-0.05993827783786097,17.302189868404945
3611,-0.8554295078405344,,,-0.05973526754606509,17.28488924964802
3612,-0.8554224417700026,,,-0.0595327903601426,17.267605919664895
3613,-0.855415396047807,,,-0.05933084529713552,17.250339861245823
3614,-0.8554083706337324,,,-0.05912943137505773,17.23309105719781
3615,-0.8554013654875997,,,-0.05892854761289483,17.215859490344602
3616,-0.8553943805692664,,,-0.05872819303060408,17.198645143526658
3617,-0.8553874158386264,,,-0.058528366649114344,17.181447999601154
3618,-0.8553804712556102,,,-0.058329067490325966,17.164268041441954
3619,-0.8553735467801848,,,-0.05813029457711074,17.147105251939603
3620,-0.8553666423723538,,,-0.057932046933311804,17.129959614001308
3621,-0.8553597579921574,,,-0.05773432358374359,17.11283111055092
3622,-0.8553528935996724,,,-0.057537123554191744,17.09571972452894
3623,-0.8553460491550126,,,-0.05734044587141304,17.07862543889248
3624,-0.8553392246183283,,,-0.05714428956313538,17.06154823661526
3625,-0.8553324199498068,,,-0.05694865365805767,17.044488100687584
3626,-0.8553256351096721,,,-0.05675353718584974,17.02744501411635
3627,-0.855318870058185,,,-0.056558939177152365,17.010418959925
3628,-0.8553121247556434,,,-0.05636485866357712,16.993409921153543
3629,-0.8553053991623822,,,-0.05617129467770636,16.976417880858506
3630,-0.8552986932387732,,,-0.05597824625309317,16.959442822112948
3631,-0.8552920069452251,,,-0.05578571242426131,16.942484728006423
3632,-0.855285340242184,,,-0.055593692226705134,16.925543581644988
3633,-0.8552786930901328,,,-0.05540218469688957,16.90861936615116
3634,-0.8552720654495919,,,-0.05521118887225004,16.89171206466394
3635,-0.8552654572811186,,,-0.055020703791192456,16.874821660338757
3636,-0.8552588685453075,,,-0.05483072849309312,16.85794813634748
3637,-0.8552522992027907,,,-0.05464126201829869,16.841091475878404
3638,-0.8552457492142373,,,-0.05445230340812618,16.824251662136216
3639,-0.8552392185403541,,,-0.054263851704862844,16.807428678342006
3640,-0.855232707141885,,,-0.054075905951766194,16.790622507733232
3641,-0.8552262149796116,,,-0.05388846519306396,16.773833133563716
3642,-0.8552197420143528,,,-0.053701528473954,16.757060539103627
3643,-0.8552132882069651,,,-0.053515094840604335,16.740304707639467
3644,-0.8552068535183424,,,-0.05332916334015306,16.723565622474055
3645,-0.8552004379094165,,,-0.05314373302070829,16.70684326692652
3646,-0.8551940413411565,,,-0.0529588029313482,16.690137624332273
3647,-0.8551876637745695,,,-0.05277437212212094,16.673448678043005
3648,-0.8551813051707,,,-0.05259043964404459,16.656776411426673
3649,-0.8551749654906305,,,-0.05240700454910723,16.640120807867472
3650,-0.8551686446954813,,,-0.05222406589026677,16.623481850765835
3651,-0.8551623427464101,,,-0.05204162272145105,16.60685952353841
3652,-0.8551560596046132,,,-0.05185967409755769,16.59025380961806
3653,-0.8551497952313241,,,-0.051678219074454246,16.57366469245382
3654,-0.8551435495878147,,,-0.05149725670897797,16.557092155510915
3655,-0.8551373226353947,,,-0.05131678605893599,16.540536182270728
3656,-0.8551311143354118,,,-0.051136806183105156,16.52399675623079
3657,-0.8551249246492518,,,-0.050957316141232056,16.50747386090476
3658,-0.8551187535383388,,,-0.05077831499403303,16.49096747982242
3659,-0.8551126009641347,,,-0.05059980180319412,16.474477596529656
3660,-0.8551064668881397,,,-0.0504217756313711,16.458004194588447
3661,-0.8551003512718924,,,-0.050244235542189424,16.44154725757684
3662,-0.8550942540769694,,,-0.050067180600244204,16.42510676908895
3663,-0.8550881752649856,,,-0.049890609871100215,16.40868271273494
3664,-0.8550821147975944,,,-0.0497145224212919,16.392275072141004
3665,-0.8550760726364874,,,-0.04953891731832339,16.375883830949356
3666,-0.8550700487433948,,,-0.04936379363066839,16.35950897281822
3667,-0.8550640430800849,,,-0.049189150427770285,16.343150481421798
3668,-0.8550580556083648,,,-0.04901498678004208,16.326808340450285
3669,-0.8550520862900799,,,-0.04884130175886641,16.310482533609825
3670,-0.8550461350871142,,,-0.04866809443659553,16.29417304462252
3671,-0.8550402019613905,,,-0.04849536388655133,16.2778798572264
3672,-0.8550342868748699,,,-0.04832310918302532,16.261602955175412
3673,-0.8550283897895524,,,-0.048151329401278635,16.245342322239424
3674,-0.8550225106674765,,,-0.047980023617542056,16.229097942204177
3675,-0.8550166494707195,,,-0.04780919090901597,16.212869798871303
3676,-0.8550108061613976,,,-0.047638830353870405,16.196657876058293
3677,-0.8550049807016656,,,-0.047468941031245056,16.180462157598487
3678,-0.8549991730537173,,,-0.047299522021249256,16.164282627341063
3679,-0.8549933831797853,,,-0.04713057240496197,16.148119269151014
3680,-0.8549876110421412,,,-0.046962091264431856,16.131972066909146
3681,-0.8549818566030953,,,-0.046794077682677244,16.11584100451206
3682,-0.8549761198249972,,,-0.046626530743686154,16.099726065872126
3683,-0.8549704006702353,,,-0.04645944953241626,16.08362723491749
3684,-0.8549646991012373,,,-0.046292833134795,16.067544495592042
3685,-0.8549590150804697,,,-0.046126680637719526,16.051477831855408
3686,-0.8549533485704383,,,-0.045960991129056716,16.03542722768294
3687,-0.854947699533688,,,-0.045795763697643224,16.019392667065706
3688,-0.8549420679328029,,,-0.04563099743328546,16.00337413401045
3689,-0.8549364537304065,,,-0.04546669142675963,15.987371612539611
3690,-0.8549308568891614,,,-0.045302844769811744,15.971385086691294
3691,-0.8549252773717694,,,-0.04513945655515768,15.955414540519248
3692,-0.8549197151409719,,,-0.0449765258764831,15.93945995809287
3693,-0.8549141701595494,,,-0.04481405182844359,15.923521323497175
3694,-0.8549086423903222,,,-0.04465203350666461,15.907598620832792
3695,-0.8549031317961495,,,-0.044490470007741534,15.891691834215942
3696,-0.8548976383399305,,,-0.044329360429239684,15.875800947778437
3697,-0.8548921619846036,,,-0.044168703869694334,15.85992594566765
3698,-0.8548867026931469,,,-0.04400849942861078,15.84406681204651
3699,-0.854881260428578,,,-0.04384874620646434,15.828223531093487
3700,-0.8548758351539542,,,-0.04368944330470034,15.81239608700258
3701,-0.8548704268323722,,,-0.043530589825734226,15.7965844639833
3702,-0.8548650354269688,,,-0.043372184872951504,15.780788646260653
3703,-0.8548596609009201,,,-0.043214227550707855,15.765008618075134
3704,-0.8548543032174423,,,-0.04305671696432913,15.749244363682706
3705,-0.8548489623397911,,,-0.042899652220111356,15.73349586735479
3706,-0.8548436382312623,,,-0.0427430324253208,15.717763113378252
3707,-0.8548383308551912,,,-0.042586856688194015,15.702046086055384
3708,-0.8548330401749533,,,-0.04243112411793783,15.686344769703895
3709,-0.8548277661539639,,,-0.04227583382472939,15.670659148656897
3710,-0.8548225087556783,,,-0.042120984919716255,15.654989207262883
3711,-0.8548172679435917,,,-0.04196657651501636,15.639334929885727
3712,-0.8548120436812393,,,-0.0418126077237181,15.623696300904662
3713,-0.8548068359321965,,,-0.04165907765988035,15.60807330471426
3714,-0.8548016446600787,,,-0.0415059854385325,15.592465925724433
3715,-0.8547964698285413,,,-0.0413533301756745,15.576874148360405
3716,-0.8547913114012801,,,-0.04120111098827691,15.561297957062708
3717,-0.8547861693420309,,,-0.041049326994280905,15.545737336287162
3718,-0.8547810436145697,,,-0.040897977312598366,15.530192270504868
3719,-0.854775934182713,,,-0.04074706106311191,15.514662744202186
3720,-0.8547708410103172,,,-0.0405965773666749,15.499148741880724
3721,-0.8547657640612792,,,-0.0404465253451115,15.483650248057328
3722,-0.8547607032995365,,,-0.04029690412121675,15.468167247264065
3723,-0.8547556586890664,,,-0.04014771281875659,15.452699724048207
3724,-0.8547506301938872,,,-0.0399989505624679,15.437247662972224
3725,-0.8547456177780571,,,-0.03985061647805853,15.421811048613764
3726,-0.8547406214056752,,,-0.03970270969220739,15.406389865565638
3727,-0.8547356410408808,,,-0.03955522933256446,15.390984098435812
3728,-0.8547306766478541,,,-0.03940817452775083,15.375593731847394
3729,-0.8547257281908154,,,-0.03926154440735882,15.360218750438612
3730,-0.8547207956340259,,,-0.039115338101951926,15.344859138862809
3731,-0.8547158789417875,,,-0.03896955474306494,15.329514881788425
3732,-0.8547109780784424,,,-0.038824193463203996,15.31418596389898
3733,-0.8547060930083739,,,-0.038679253395846575,15.298872369893068
3734,-0.8547012236960057,,,-0.038534733675441614,15.283574084484338
3735,-0.8546963701058023,,,-0.03839063343740952,15.268291092401478
3736,-0.8546915322022692,,,-0.0382469518181422,15.253023378388216
3737,-0.8546867099499525,,,-0.03810368795500318,15.23777092720328
3738,-0.8546819033134393,,,-0.03796084098632761,15.222533723620414
3739,-0.8546771122573573,,,-0.037818410051422315,15.20731175242834
3740,-0.8546723367463753,,,-0.03767639429056586,15.192104998430759
3741,-0.8546675767452031,,,-0.03753479284500862,15.17691344644633
3742,-0.8546628322185913,,,-0.03739360485697281,15.16173708130866
3743,-0.8546581031313315,,,-0.03725282946965254,15.146575887866291
3744,-0.8546533894482565,,,-0.0371124658272139,15.131429850982682
3745,-0.8546486911342399,,,-0.03697251307479498,15.1162989555362
3746,-0.8546440081541966,,,-0.03683297035850594,15.101183186420103
3747,-0.8546393404730824,,,-0.03669383682542906,15.086082528542528
3748,-0.8546346880558945,,,-0.036555111623618804,15.07099696682648
3749,-0.854630050867671,,,-0.0364167939021019,15.05592648620981
3750,-0.8546254288734912,,,-0.03627888281087737,15.04087107164521
3751,-0.8546208220384759,,,-0.036141377500916554,15.0258307081002
3752,-0.8546162303277869,,,-0.036004277124163216,15.010805380557105
3753,-0.8546116537066274,,,-0.03586758083353362,14.995795074013053
3754,-0.8546070921402418,,,-0.035731287782916524,14.98079977347995
3755,-0.8546025455939159,,,-0.0355953971271733,14.965819463984474
3756,-0.854598014032977,,,-0.03545990802213795,14.950854130568061
3757,-0.8545934974227936,,,-0.03532481962461721,14.93590375828689
3758,-0.8545889957287757,,,-0.03519013109239057,14.92096833221187
3759,-0.8545845089163746,,,-0.03505584158421032,14.906047837428625
3760,-0.8545800369510834,,,-0.03492195025980167,14.891142259037482
3761,-0.8545755797984365,,,-0.034788456279862774,14.876251582153456
3762,-0.8545711374240098,,,-0.03465535880606478,14.861375791906239
3763,-0.8545667097934209,,,-0.03452265700105195,14.846514873440185
3764,-0.8545622968723288,,,-0.0343903500284416,14.831668811914295
3765,-0.8545578986264342,,,-0.03425843705282431,14.816837592502207
3766,-0.8545535150214795,,,-0.034126917239763875,14.80202120039218
3767,-0.8545491460232487,,,-0.0339957897557974,14.787219620787079
3768,-0.8545447915975676,,,-0.03386505376843537,14.772432838904368
3769,-0.8545404517103036,,,-0.03373470844616173,14.757660839976092
3770,-0.8545361263273658,,,-0.0336047529584339,14.74290360924886
3771,-0.8545318154147052,,,-0.033475186475682886,14.728161131983837
3772,-0.8545275189383147,,,-0.03334600816931329,14.713433393456732
3773,-0.8545232368642288,,,-0.033217217211703405,14.698720378957779
3774,-0.854518969158524,,,-0.033088812776205324,14.684022073791725
3775,-0.8545147157873185,,,-0.03296079403714489,14.669338463277821
3776,-0.8545104767167726,,,-0.032833160169821865,14.654669532749805
3777,-0.8545062519130885,,,-0.032705910350509904,14.640015267555889
3778,-0.8545020413425103,,,-0.03257904375645668,14.625375653058741
3779,-0.8544978449713241,,,-0.032452559565883964,14.610750674635483
3780,-0.854493662765858,,,-0.03232645695798761,14.59614031767767
3781,-0.8544894946924823,,,-0.032200735112937695,14.581544567591271
3782,-0.8544853407176088,,,-0.03207539321187853,14.566963409796672
3783,-0.8544812008076922,,,-0.03195043043692873,14.552396829728648
3784,-0.8544770749292286,,,-0.03182584597118131,14.537844812836354
3785,-0.8544729630487568,,,-0.03170163899870372,14.523307344583316
3786,-0.8544688651328572,,,-0.03157780870453791,14.508784410447408
3787,-0.8544647811481529,,,-0.031454354274700405,14.494275995920852
3788,-0.8544607110613089,,,-0.031331274896182364,14.479782086510193
3789,-0.8544566548390324,,,-0.031208569756949633,14.46530266773629
3790,-0.854452612448073,,,-0.031086238045942804,14.45083772513431
3791,-0.8544485838552226,,,-0.030964278953077285,14.436387244253696
3792,-0.8544445690273152,,,-0.030842691669243402,14.421951210658174
3793,-0.8544405679312275,,,-0.030721475386306388,14.40752960992573
3794,-0.8544365805338779,,,-0.030600629297106503,14.393122427648596
3795,-0.854432606802228,,,-0.030480152595459067,14.37872964943324
3796,-0.8544286467032811,,,-0.030360044476154525,14.364351260900351
3797,-0.8544247002040833,,,-0.03024030413495851,14.349987247684828
3798,-0.8544207672717231,,,-0.03012093076861193,14.335637595435761
3799,-0.8544168478733313,,,-0.03000192357483101,14.32130228981643
3800,-0.8544129419760813,,,-0.029883281752307336,14.306981316504274
3801,-0.8544090495471891,,,-0.029765004500707952,14.292674661190892
3802,-0.8544051705539131,,,-0.029647091020675385,14.27838230958203
3803,-0.8544013049635542,,,-0.02952954051382777,14.264104247397555
3804,-0.854397452743456,,,-0.02941235218275879,14.249840460371455
3805,-0.8543936138610048,,,-0.029295525231037883,14.235590934251823
3806,-0.8543897882836292,,,-0.02917905886321019,14.221355654800835
3807,-0.8543859759788008,,,-0.029062952284796686,14.207134607794748
3808,-0.8543821769140337,,,-0.02894720470229419,14.192927779023885
3809,-0.8543783910568846,,,-0.028831815323175452,14.178735154292612
3810,-0.8543746183749531,,,-0.028716783355889203,14.164556719419343
3811,-0.8543708588358814,,,-0.02860210800986024,14.150392460236505
3812,-0.8543671124073544,,,-0.028487788495489448,14.136242362590545
3813,-0.8543633790570999,,,-0.028373824024153876,14.122106412341903
3814,-0.8543596587528886,,,-0.028260213808206775,14.107984595365007
3815,-0.8543559514625336,,,-0.028146957060977702,14.093876897548256
3816,-0.8543522571538914,,,-0.028034052996772536,14.079783304794006
3817,-0.8543485757948609,,,-0.027921500830873577,14.065703803018563
3818,-0.8543449073533841,,,-0.027809299779539554,14.051638378152163
3819,-0.8543412517974458,,,-0.027697449060005704,14.03758701613896
3820,-0.8543376090950737,,,-0.02758594789048384,14.023549702937022
3821,-0.8543339792143386,,,-0.027474795490162372,14.009526424518302
3822,-0.8543303621233541,,,-0.027363991079206416,13.995517166868641
3823,-0.8543267577902769,,,-0.027253533878757803,13.981521915987742
3824,-0.8543231661833065,,,-0.02714342311093516,13.967540657889167
3825,-0.8543195872706857,,,-0.027033657998833966,13.953573378600318
3826,-0.8543160210207,,,-0.026924237766526592,13.939620064162426
3827,-0.8543124674016783,,,-0.026815161639062356,13.92568070063054
3828,-0.8543089263819924,,,-0.02670642884246756,13.91175527407351
3829,-0.8543053979300572,,,-0.026598038603745613,13.897843770573978
3830,-0.8543018820143307,,,-0.026489990150877003,13.88394617622836
3831,-0.8542983786033139,,,-0.026382282712819387,13.870062477146837
3832,-0.8542948876655514,,,-0.026274915519507634,13.856192659453342
3833,-0.8542914091696304,,,-0.026167887801853883,13.842336709285549
3834,-0.8542879430841818,,,-0.02606119879174757,13.828494612794856
3835,-0.8542844893778793,,,-0.025954847722055533,13.81466635614637
3836,-0.8542810480194399,,,-0.025848833826621998,13.8008519255189
3837,-0.8542776189776241,,,-0.02574315634026865,13.787051307104946
3838,-0.8542742022212355,,,-0.025637814498794688,13.773264487110676
3839,-0.8542707977191208,,,-0.025532807538976923,13.759491451755924
3840,-0.8542674054401703,,,-0.02542813469856972,13.745732187274166
3841,-0.8542640253533175,,,-0.025323795216305116,13.73198667991252
3842,-0.854260657427539,,,-0.02521978833189286,13.718254915931723
3843,-0.8542573016318551,,,-0.025116113286020453,13.704536881606124
3844,-0.8542539579353293,,,-0.025012769320353165,13.690832563223667
3845,-0.8542506263070685,,,-0.024909755677534146,13.67714194708588
3846,-0.854247306716223,,,-0.0248070716011844,13.663465019507866
3847,-0.8542439991319863,,,-0.0247047163359029,13.649801766818284
3848,-0.8542407035235958,,,-0.024602689127266524,13.636152175359337
3849,-0.854237419860332,,,-0.024500989221830208,13.622516231486767
3850,-0.8542341481115188,,,-0.02439961586712695,13.608893921569829
3851,-0.8542308882465237,,,-0.02429856831166782,13.59528523199129
3852,-0.854227640234758,,,-0.024197845804942015,13.581690149147413
3853,-0.8542244040456759,,,-0.024097447597416957,13.568108659447939
3854,-0.8542211796487756,,,-0.023997372940538237,13.55454074931608
3855,-0.8542179670135986,,,-0.023897621086729742,13.540986405188509
3856,-0.8542147661097301,,,-0.023798191289393606,13.527445613515336
3857,-0.8542115769067988,,,-0.023699082802910304,13.513918360760107
3858,-0.854208399374477,,,-0.02360029488263872,13.500404633399784
3859,-0.8542052334824806,,,-0.023501826784916087,13.486904417924737
3860,-0.854202079200569,,,-0.023403677767058102,13.473417700838729
3861,-0.8541989364985455,,,-0.023305847087358916,13.459944468658902
3862,-0.8541958053462568,,,-0.02320833400509121,13.446484707915767
3863,-0.8541926857135934,,,-0.02311113778050619,13.433038405153189
3864,-0.8541895775704894,,,-0.02301425767483364,13.419605546928379
3865,-0.8541864808869226,,,-0.022917692950281936,13.406186119811876
3866,-0.8541833956329145,,,-0.022821442870038094,13.392780110387536
3867,-0.8541803217785302,,,-0.022725506698267783,13.37938750525252
3868,-0.8541772592938789,,,-0.02262988370011535,13.366008291017282
3869,-0.854174208149113,,,-0.022534573141703894,13.352642454305556
3870,-0.8541711683144292,,,-0.022439574290135236,13.33928998175434
3871,-0.8541681397600676,,,-0.02234488641348997,13.325950860013892
3872,-0.8541651224563122,,,-0.02225050878082749,13.312625075747706
3873,-0.8541621163734908,,,-0.022156440662186038,13.299312615632507
3874,-0.854159121481975,,,-0.02206268132858268,13.286013466358241
3875,-0.8541561377521802,,,-0.021969230052013358,13.272727614628055
3876,-0.8541531651545657,,,-0.021876086105452913,13.259455047158285
3877,-0.8541502036596346,,,-0.02178324876285509,13.246195750678451
3878,-0.8541472532379337,,,-0.02169071729915258,13.232949711931239
3879,-0.854144313860054,,,-0.021598490990257013,13.219716917672487
3880,-0.85414138549663,,,-0.02150656911305902,13.206497354671175
3881,-0.8541384681183405,,,-0.021414950945428193,13.193291009709414
3882,-0.8541355616959079,,,-0.02132363576621317,13.180097869582431
3883,-0.8541326662000985,,,-0.021232622855241585,13.166917921098557
3884,-0.8541297816017228,,,-0.021141911493320117,13.153751151079216
3885,-0.854126907871635,,,-0.021051500962234508,13.14059754635891
3886,-0.8541240449807334,,,-0.020961390544749568,13.127457093785209
3887,-0.85412119289996,,,-0.020871579524609194,13.114329780218736
3888,-0.8541183516003011,,,-0.020782067186536354,13.101215592533158
3889,-0.8541155210527868,,,-0.020692852816233148,13.088114517615173
3890,-0.8541127012284911,,,-0.02060393570038075,13.075026542364492
3891,-0.8541098920985323,,,-0.02051531512663948,13.061951653693834
3892,-0.8541070936340724,,,-0.020426990383648768,13.048889838528911
3893,-0.8541043058063177,,,-0.020338960761027227,13.035841083808412
3894,-0.8541015285865182,,,-0.02025122554937256,13.022805376483996
3895,-0.8540987619459682,,,-0.020163784040261635,13.00978270352028
3896,-0.854096005856006,,,-0.020076635526250455,12.996773051894818
3897,-0.8540932602880139,,,-0.019989779300874182,12.9837764085981
3898,-0.8540905252134183,,,-0.01990321465864713,12.970792760633532
3899,-0.8540878006036897,,,-0.01981694089506277,12.957822095017429
3900,-0.8540850864303426,,,-0.019730957306593702,12.944864398778995
3901,-0.8540823826649357,,,-0.019645263190691695,12.931919658960318
3902,-0.8540796892790719,,,-0.019559857845787648,12.918987862616357
3903,-0.8540770062443979,,,-0.01947474057129161,12.906068996814927
3904,-0.8540743335326046,,,-0.01938991066759279,12.893163048636685
3905,-0.8540716711154275,,,-0.019305367436059498,12.880270005175124
3906,-0.8540690189646455,,,-0.019221110179039196,12.867389853536553
3907,-0.8540663770520822,,,-0.019137138199858423,12.854522580840094
3908,-0.8540637453496052,,,-0.019053450802822867,12.84166817421766
3909,-0.854061123829126,,,-0.018970047293217284,12.828826620813949
3910,-0.8540585124626007,,,-0.018886926977305523,12.815997907786434
3911,-0.8540559112220292,,,-0.018804089162330475,12.803182022305341
3912,-0.8540533200794559,,,-0.018721533156514113,12.790378951553647
3913,-0.8540507390069692,,,-0.018639258269057477,12.777588682727062
3914,-0.8540481679767016,,,-0.018557263810140587,12.764811203034018
3915,-0.85404560696083,,,-0.01847554909092248,12.752046499695657
3916,-0.8540430559315755,,,-0.018394113423541174,12.73929455994582
3917,-0.8540405148612034,,,-0.018312956121113683,12.726555371031035
3918,-0.854037983722023,,,-0.018232076497735956,12.713828920210501
3919,-0.8540354624863882,,,-0.01815147386848285,12.701115194756081
3920,-0.8540329511266967,,,-0.018071147549408147,12.688414181952288
3921,-0.854030449615391,,,-0.017991096857544468,12.67572586909627
3922,-0.8540279579249572,,,-0.017911321110903326,12.663050243497802
3923,-0.8540254760279262,,,-0.01783181962847501,12.650387292479268
3924,-0.8540230038968729,,,-0.01775259173022865,12.63773700337566
3925,-0.8540205415044164,,,-0.01767363673711211,12.625099363534556
3926,-0.8540180888232202,,,-0.017594953971051996,12.612474360316108
3927,-0.854015645825992,,,-0.017516542754953592,12.599861981093039
3928,-0.8540132124854838,,,-0.017438402412700872,12.587262213250618
3929,-0.8540107887744919,,,-0.017360532269156428,12.574675044186659
3930,-0.8540083746658569,,,-0.01728293165016145,12.562100461311504
3931,-0.8540059701324636,,,-0.017205599882535668,12.549538452048012
3932,-0.8540035751472412,,,-0.01712853629407736,12.536989003831545
3933,-0.8540011896831632,,,-0.017051740213563277,12.52445210410996
3934,-0.8539988137132472,,,-0.016975210970748576,12.511927740343591
3935,-0.8539964472105552,,,-0.01689894789636683,12.499415900005244
3936,-0.8539940901481938,,,-0.016822950322129944,12.486916570580181
3937,-0.8539917424993135,,,-0.01674721758072816,12.47442973956611
3938,-0.8539894042371095,,,-0.016671749005829916,12.46195539447317
3939,-0.8539870753348208,,,-0.016596543932081917,12.449493522823921
3940,-0.8539847557657311,,,-0.01652160169510901,12.43704411215333
3941,-0.8539824455031684,,,-0.016446921631514115,12.424607150008764
3942,-0.853980144520505,,,-0.016372503078878227,12.412182623949976
3943,-0.8539778527911573,,,-0.016298345375760352,12.399770521549089
3944,-0.8539755702885865,,,-0.016224447861697418,12.387370830390585
3945,-0.8539732969862976,,,-0.016150809877204242,12.374983538071303
3946,-0.8539710328578404,,,-0.016077430763773482,12.362608632200413
3947,-0.8539687778768087,,,-0.016004309863875542,12.350246100399412
3948,-0.8539665320168408,,,-0.01593144652095857,12.33789593030211
3949,-0.8539642952516193,,,-0.015858840079448332,12.32555810955462
3950,-0.8539620675548711,,,-0.015786489884748192,12.313232625815349
3951,-0.8539598489003676,,,-0.015714395283239004,12.300919466754971
3952,-0.8539576392619244,,,-0.015642555622279095,12.288618620056438
3953,-0.8539554386134013,,,-0.015570970250204172,12.27633007341495
3954,-0.8539532469287028,,,-0.01549963851632724,12.26405381453795
3955,-0.8539510641817775,,,-0.015428559770938554,12.251789831145114
3956,-0.8539488903466184,,,-0.015357733365305529,12.239538110968336
3957,-0.8539467253972628,,,-0.015287158651672676,12.227298641751718
3958,-0.8539445693077924,,,-0.015216834983261512,12.215071411251554
3959,-0.8539424220523333,,,-0.015146761714270493,12.202856407236325
3960,-0.8539402836050558,,,-0.01507693819987495,12.190653617486683
3961,-0.8539381539401748,,,-0.01500736379622698,12.178463029795443
3962,-0.8539360330319492,,,-0.014938037860455404,12.166284631967562
3963,-0.8539339208546824,,,-0.014868959750665628,12.154118411820138
3964,-0.8539318173827224,,,-0.014800128825939578,12.141964357182394
3965,-0.8539297225904611,,,-0.014731544446335672,12.129822455895665
3966,-0.8539276364523349,,,-0.014663205972888642,12.117692695813389
3967,-0.8539255589428247,,,-0.014595112767609492,12.105575064801092
3968,-0.8539234900364556,,,-0.014527264193485398,12.09346955073638
3969,-0.8539214297077969,,,-0.014459659614479634,12.081376141508924
3970,-0.8539193779314626,,,-0.014392298395531413,12.06929482502045
3971,-0.8539173346821106,,,-0.01432517990255588,12.057225589184728
3972,-0.8539152999344436,,,-0.014258303502443954,12.045168421927558
3973,-0.8539132736632082,,,-0.014191668563062271,12.033123311186763
3974,-0.8539112558431956,,,-0.01412527445325305,12.021090244912171
3975,-0.8539092464492412,,,-0.014059120542833967,12.009069211065608
3976,-0.8539072454562247,,,-0.013993206202598118,11.997060197620884
3977,-0.8539052528390702,,,-0.013927530804313868,11.985063192563786
3978,-0.853903268572746,,,-0.01386209372072477,11.973078183892056
3979,-0.853901292632265,,,-0.013796894325549402,11.961105159615393
3980,-0.8538993249926841,,,-0.013731931993481338,11.94914410775543
3981,-0.8538973656291045,,,-0.01366720610018897,11.937195016345731
3982,-0.8538954145166718,,,-0.013602716022315393,11.925257873431772
3983,-0.853893471630576,,,-0.01353846113747835,11.913332667070934
3984,-0.8538915369460514,,,-0.013474440824270057,11.901419385332494
3985,-0.8538896104383763,,,-0.01341065446225711,11.889518016297606
3986,-0.8538876920828735,,,-0.01334710143198037,11.877628548059292
3987,-0.8538857818549102,,,-0.013283781114954788,11.865750968722436
3988,-0.8538838797298974,,,-0.013220692893669379,11.853885266403767
3989,-0.8538819856832911,,,-0.013157836151586971,11.842031429231847
3990,-0.8538800996905909,,,-0.01309521027314421,11.830189445347063
3991,-0.853878221727341,,,-0.013032814643751308,11.818359302901618
3992,-0.8538763517691297,,,-0.01297064864979201,11.806540990059506
3993,-0.8538744897915898,,,-0.012908711678623409,11.794734494996518
3994,-0.853872635770398,,,-0.012847003118575815,11.782939805900222
3995,-0.8538707896812755,,,-0.01278552235895262,11.771156910969946
3996,-0.8538689514999876,,,-0.012724268790030182,11.759385798416782
3997,-0.853867121202344,,,-0.01266324180305765,11.747626456463555
3998,-0.8538652987641984,,,-0.01260244079025685,11.73587887334483
3999,-0.8538634841614487,,,-0.012541865144822143,11.72414303730689
4000,-0.8538616773700374,,,-0.012481514260920272,11.712418936607726
4001,-0.8538598783659507,,,-0.012421387533690187,11.70070655951703
4002,-0.8538580871252193,,,-0.012361484359242938,11.689005894316175
4003,-0.853856303623918,,,-0.012301804134661514,11.677316929298213
4004,-0.8538545278381657,,,-0.012242346258000678,11.66563965276786
4005,-0.8538527597441257,,,-0.012183110128286828,11.653974053041484
4006,-0.8538509993180052,,,-0.0121240951455178,11.64232011844709
4007,-0.8538492465360559,,,-0.012065300710662781,11.630677837324317
4008,-0.8538475013745732,,,-0.012006726225662106,11.619047198024422
4009,-0.853845763809897,,,-0.011948371093427095,11.607428188910268
4010,-0.8538440338184111,,,-0.011890234717839872,11.595820798356312
4011,-0.8538423113765438,,,-0.011832316503753259,11.5842250147486
4012,-0.853840596460767,,,-0.011774615856990578,11.572640826484749
4013,-0.8538388890475972,,,-0.011717132184345457,11.561068221973937
4014,-0.8538371891135946,,,-0.011659864893581688,11.549507189636891
4015,-0.8538354966353637,,,-0.011602813393433047,11.537957717905885
4016,-0.8538338115895532,,,-0.011545977093603103,11.526419795224712
4017,-0.8538321339528555,,,-0.01148935540476509,11.514893410048685
4018,-0.8538304637020074,,,-0.011432947738561685,11.503378550844628
4019,-0.8538288008137898,,,-0.01137675350760482,11.491875206090851
4020,-0.8538271452650272,,,-0.01132077212547554,11.480383364277156
4021,-0.8538254970325887,,,-0.011265003006723806,11.468903013904809
4022,-0.853823856093387,,,-0.01120944556686828,11.457434143486543
4023,-0.853822222424379,,,-0.011154099222396165,11.445976741546536
4024,-0.8538205960025657,,,-0.011098963390763026,11.434530796620411
4025,-0.8538189768049919,,,-0.011044037490392566,11.423096297255213
4026,-0.8538173648087464,,,-0.010989320940676473,11.411673232009406
4027,-0.8538157599909622,,,-0.010934813161974151,11.400261589452855
4028,-0.8538141623288159,,,-0.010880513575612623,11.388861358166826
4029,-0.8538125717995285,,,-0.010826421603886251,11.377472526743963
4030,-0.8538109883803646,,,-0.010772536670056577,11.366095083788283
4031,-0.8538094120486328,,,-0.010718858198352114,11.354729017915163
4032,-0.8538078427816856,,,-0.010665385613968122,11.343374317751332
4033,-0.8538062805569197,,,-0.010612118343066409,11.332030971934854
4034,-0.8538047253517751,,,-0.010559055812775137,11.320698969115124
4035,-0.8538031771437363,,,-0.010506197451188573,11.309378297952854
4036,-0.8538016359103313,,,-0.010453542687366946,11.298068947120058
4037,-0.8538001016291321,,,-0.010401090951336135,11.286770905300045
4038,-0.8537985742777546,,,-0.010348841674087545,11.27548416118741
4039,-0.8537970538338584,,,-0.01029679428757787,11.26420870348802
4040,-0.8537955402751469,,,-0.010244948224728786,11.252944520918998
4041,-0.8537940335793676,,,-0.010193302919426852,11.241691602208723
4042,-0.8537925337243113,,,-0.010141857806523193,11.23044993609681
4043,-0.8537910406878131,,,-0.010090612321833312,11.219219511334106
4044,-0.8537895544477515,,,-0.010039565902136872,11.208000316682673
4045,-0.8537880749820489,,,-0.009988717985177436,11.196792340915778
4046,-0.8537866022686714,,,-0.009938068009662213,11.185595572817885
4047,-0.853785136285629,,,-0.00988761541526188,11.174410001184643
4048,-0.8537836770109752,,,-0.009837359642610337,11.163235614822874
4049,-0.8537822244228073,,,-0.009787300133304443,11.15207240255056
4050,-0.8537807784992661,,,-0.00973743632990376,11.14092035319684
4051,-0.8537793392185365,,,-0.00968776767593035,11.12977945560199
4052,-0.8537779065588467,,,-0.009638293615868529,11.118649698617416
4053,-0.8537764804984685,,,-0.00958901359516457,11.107531071105644
4054,-0.8537750610157177,,,-0.009539927060226511,11.096423561940309
4055,-0.8537736480889533,,,-0.009491033458423864,11.085327160006141
4056,-0.8537722416965781,,,-0.0094423322380874,11.074241854198958
4057,-0.8537708418170384,,,-0.009393822848508829,11.06316763342565
4058,-0.8537694484288243,,,-0.009345504739940617,11.052104486604177
4059,-0.8537680615104691,,,-0.009297377363595661,11.041052402663551
4060,-0.85376668104055,,,-0.009249440171647106,11.030011370543823
4061,-0.8537653069976874,,,-0.009201692617227987,11.018981379196083
4062,-0.8537639393605453,,,-0.00915413415443105,11.007962417582435
4063,-0.8537625781078313,,,-0.009106764238308394,10.996954474676
4064,-0.8537612232182963,,,-0.009059582324871304,10.985957539460896
4065,-0.8537598746707348,,,-0.009012587871089866,10.97497160093223
4066,-0.8537585324439847,,,-0.008965780334892781,10.963996648096087
4067,-0.8537571965169273,,,-0.008919159175167082,10.953032669969518
4068,-0.8537558668684871,,,-0.0088727238517578,10.942079655580535
4069,-0.8537545434776325,,,-0.008826473825467708,10.93113759396809
4070,-0.8537532263233747,,,-0.00878040855805705,10.920206474182077
4071,-0.8537519153847687,,,-0.008734527512243248,10.909286285283308
4072,-0.8537506106409125,,,-0.008688830151700659,10.898377016343513
4073,-0.8537493120709476,,,-0.00864331594106018,10.887478656445325
4074,-0.8537480196540589,,,-0.00859798434590906,10.876591194682266
4075,-0.8537467333694743,,,-0.008552834832790578,10.865714620158743
4076,-0.853745453196465,,,-0.008507866869203701,10.854848921990031
4077,-0.8537441791143456,,,-0.008463079923602838,10.84399408930227
4078,-0.853742911102474,,,-0.008418473465397508,10.833150111232447
4079,-0.853741649140251,,,-0.008374046964952083,10.822316976928388
4080,-0.8537403932071208,,,-0.008329799893585399,10.811494675548744
4081,-0.8537391432825707,,,-0.008285731723570553,10.80068319626299
4082,-0.8537378993461312,,,-0.00824184192813453,10.789882528251404
4083,-0.8537366613773759,,,-0.008198129981457884,10.779092660705063
4084,-0.8537354293559215,,,-0.008154595358674485,10.768313582825828
4085,-0.8537342032614278,,,-0.008111237535871127,10.757545283826335
4086,-0.8537329830735976,,,-0.008068055990087282,10.746787752929986
4087,-0.8537317687721768,,,-0.008025050199314708,10.736040979370937
4088,-0.8537305603369545,,,-0.007982219642497193,10.72530495239409
4089,-0.8537293577477626,,,-0.00793956379953022,10.714579661255074
4090,-0.853728160984476,,,-0.007897082151260604,10.703865095220246
4091,-0.8537269700270126,,,-0.007854774179486186,10.693161243566673
4092,-0.8537257848553332,,,-0.007812639366955493,10.68246809558212
4093,-0.8537246054494417,,,-0.007770677197367419,10.671785640565048
4094,-0.8537234317893848,,,-0.007728887155370881,10.661113867824598
4095,-0.8537222638552521,,,-0.007687268726564495,10.650452766680578
4096,-0.8537211016271758,,,-0.007645821397496228,10.639802326463457
4097,-0.8537199450853316,,,-0.0076045446556630356,10.629162536514352
4098,-0.8537187942099371,,,-0.007563437989510548,10.618533386185023
4099,-0.8537176489812536,,,-0.007522500888432689,10.607914864837849
4100,-0.8537165093795845,,,-0.007481732842771375,10.597306961845833
4101,-0.8537153753852765,,,-0.007441133343816131,10.586709666592586
4102,-0.8537142469787186,,,-0.00740070188380375,10.576122968472312
4103,-0.8537131241403426,,,-0.007360437955917917,10.565546856889801
4104,-0.8537120068506232,,,-0.00732034105428889,10.554981321260422
4105,-0.8537108950900776,,,-0.007280410673993113,10.544426351010108
4106,-0.8537097888392656,,,-0.007240646311052846,10.533881935575344
4107,-0.8537086880787899,,,-0.007201047462435825,10.523348064403164
4108,-0.8537075927892953,,,-0.007161613626054903,10.512824726951134
4109,-0.8537065029514697,,,-0.0071223443007676504,10.502311912687343
4110,-0.8537054185460431,,,-0.0070832389863759795,10.491809611090398
4111,-0.8537043395537883,,,-0.007044297183625811,10.481317811649403
4112,-0.8537032659555206,,,-0.0070055183942066565,10.470836503863957
4113,-0.8537021977320975,,,-0.0069669021207512775,10.460365677244145
4114,-0.8537011348644195,,,-0.0069284478668352615,10.449905321310519
4115,-0.8537000773334288,,,-0.0068901551369766785,10.439455425594094
4116,-0.8536990251201106,,,-0.006852023436635705,10.429015979636338
4117,-0.8536979782054924,,,-0.006814052272214189,10.418586972989159
4118,-0.8536969365706438,,,-0.006776241151055314,10.408168395214895
4119,-0.8536959001966768,,,-0.006738589581443173,10.39776023588631
4120,-0.8536948690647459,,,-0.006701097072602361,10.38736248458657
4121,-0.8536938431560477,,,-0.006663763134697604,10.376975130909246
4122,-0.8536928224518211,,,-0.006626587278833399,10.3665981644583
4123,-0.8536918069333472,,,-0.006589569017053548,10.356231574848069
4124,-0.8536907965819495,,,-0.006552707862340781,10.345875351703263
4125,-0.8536897913789934,,,-0.0065160033286163314,10.33552948465895
4126,-0.8536887913058865,,,-0.006479454930739587,10.32519396336055
4127,-0.8536877963440788,,,-0.0064430621845076,10.314868777463813
4128,-0.8536868064750621,,,-0.006406824606654716,10.304553916634827
4129,-0.8536858216803704,,,-0.006370741714852209,10.294249370549993
4130,-0.8536848419415798,,,-0.006334813027707749,10.283955128896022
4131,-0.8536838672403082,,,-0.006299038064765092,10.27367118136992
4132,-0.8536828975582158,,,-0.006263416346503583,10.263397517678987
4133,-0.8536819328770047,,,-0.006227947394337801,10.253134127540795
4134,-0.8536809731784186,,,-0.006192630730617081,10.242881000683186
4135,-0.8536800184442436,,,-0.006157465878625092,10.232638126844257
4136,-0.8536790686563074,,,-0.006122452362579423,10.222405495772357
4137,-0.8536781237964797,,,-0.006087589707631138,10.212183097226065
4138,-0.8536771838466718,,,-0.00605287743986437,10.201970920974194
4139,-0.8536762487888371,,,-0.006018315086295816,10.19176895679577
4140,-0.8536753186049706,,,-0.005983902174874378,10.181577194480026
4141,-0.8536743932771091,,,-0.005949638234480655,10.171395623826394
4142,-0.8536734727873312,,,-0.005915522794926546,10.16122423464449
4143,-0.853672557117757,,,-0.005881555386954776,10.151063016754106
4144,-0.8536716462505485,,,-0.005847735542238465,10.140911959985207
4145,-0.8536707401679091,,,-0.005814062793380675,10.130771054177908
4146,-0.853669838852084,,,-0.005780536673913924,10.120640289182472
4147,-0.8536689422853598,,,-0.005747156718299758,10.110519654859296
4148,-0.8536680504500649,,,-0.005713922461928293,10.10040914107891
4149,-0.853667163328569,,,-0.005680833441117749,10.090308737721953
4150,-0.8536662809032832,,,-0.005647889193113984,10.080218434679178
4151,-0.8536654031566605,,,-0.005615089256090024,10.070138221851428
4152,-0.8536645300711949,,,-0.005582433169145626,10.060068089149636
4153,-0.853663661629422,,,-0.005549920472306768,10.05000802649481
4154,-0.8536627978139187,,,-0.005517550706525185,10.039958023818025
4155,-0.8536619386073034,,,-0.005485323413677937,10.029918071060413
4156,-0.8536610839922356,,,-0.005453238136566878,10.019888158173151
4157,-0.8536602339514161,,,-0.005421294418918182,10.009868275117455
4158,-0.8536593884675872,,,-0.005389491805381854,9.999858411864567
4159,-0.8536585475235321,,,-0.005357829841531334,9.989858558395746
4160,-0.8536577111020753,,,-0.005326308073862901,9.979868704702255
4161,-0.8536568791860827,,,-0.005294926049795199,9.969888840785359
4162,-0.853656051758461,,,-0.0052636833176688234,9.959918956656306
4163,-0.8536552288021582,,,-0.005232579426745761,9.949959042336326
4164,-0.8536544103001632,,,-0.0052016139272089,9.940009087856613
4165,-0.8536535962355061,,,-0.0051707863701615535,9.930069083258317
4166,-0.8536527865912579,,,-0.005140096307626928,9.920139018592538
4167,-0.8536519813505307,,,-0.005109543292547639,9.910218883920313
4168,-0.8536511804964773,,,-0.005079126878785248,9.900308669312611
4169,-0.8536503840122917,,,-0.005048846621119651,9.890408364850314
4170,-0.8536495918812085,,,-0.005018702075248676,9.880517960624216
4171,-0.8536488040865035,,,-0.004988692797787508,9.870637446735005
4172,-0.8536480206114928,,,-0.004958818346268186,9.860766813293262
4173,-0.8536472414395339,,,-0.00492907827913908,9.850906050419447
4174,-0.8536464665540244,,,-0.004899472155764423,9.841055148243885
4175,-0.8536456959384032,,,-0.004869999536423697,9.831214096906768
4176,-0.8536449295761496,,,-0.00484065998231119,9.821382886558128
4177,-0.8536441674507834,,,-0.004811453055535436,9.811561507357844
4178,-0.8536434095458654,,,-0.004782378319118688,9.801749949475624
4179,-0.8536426558449965,,,-0.004753435336996394,9.791948203090994
4180,-0.8536419063318187,,,-0.004724623674016626,9.782156258393295
4181,-0.853641160990014,,,-0.0046959428959396,9.772374105581664
4182,-0.8536404198033052,,,-0.004667392569437082,9.762601734865033
4183,-0.8536396827554554,,,-0.00463897226209192,9.752839136462114
4184,-0.8536389498302683,,,-0.0046106815423974075,9.74308630060139
4185,-0.8536382210115879,,,-0.004582519979756836,9.733343217521112
4186,-0.8536374962832984,,,-0.004554487144482889,9.723609877469274
4187,-0.8536367756293244,,,-0.004526582607797094,9.71388627070362
4188,-0.8536360590336308,,,-0.004498805941829275,9.704172387491623
4189,-0.8536353464802228,,,-0.0044711567196170044,9.694468218110483
4190,-0.8536346379531456,,,-0.004443634515105026,9.684773752847114
4191,-0.853633933436485,,,-0.004416238903144738,9.675088981998133
4192,-0.8536332329143663,,,-0.004388969459493594,9.66541389586985
4193,-0.8536325363709555,,,-0.004361825760814545,9.655748484778263
4194,-0.8536318437904583,,,-0.0043348073846754655,9.646092739049045
4195,-0.8536311551571206,,,-0.004307913909548608,9.636446649017534
4196,-0.8536304704552283,,,-0.004281144914810014,9.626810205028725
4197,-0.8536297896691072,,,-0.004254499980738955,9.617183397437259
4198,-0.853629112783123,,,-0.00422797868851732,9.607566216607413
4199,-0.8536284397816813,,,-0.004201580620229113,9.597958652913096
4200,-0.8536277706492278,,,-0.004175305358859749,9.588360696737832
4201,-0.8536271053702476,,,-0.004149152488295614,9.578772338474751
4202,-0.8536264439292657,,,-0.00412312159332338,9.569193568526586
4203,-0.8536257863108471,,,-0.004097212259629417,9.55962437730566
4204,-0.8536251324995962,,,-0.004071424073799284,9.550064755233874
4205,-0.8536244824801572,,,-0.00404575662331702,9.5405146927427
4206,-0.853623836237214,,,-0.004020209496564649,9.53097418027317
4207,-0.8536231937554901,,,-0.003994782282821544,9.521443208275867
4208,-0.8536225550197485,,,-0.003969474572263822,9.51192176721092
4209,-0.8536219200147915,,,-0.003944285955963764,9.502409847547986
4210,-0.8536212887254614,,,-0.003919216025889173,9.492907439766249
4211,-0.8536206611366394,,,-0.0038942643749028177,9.483414534354404
4212,-0.8536200372332464,,,-0.0038694305967617473,9.47393112181065
4213,-0.8536194170002428,,,-0.003844714286116772,9.464457192642683
4214,-0.8536188004226279,,,-0.003820115038511789,9.454992737367682
4215,-0.8536181874854408,,,-0.003795632450383142,9.445537746512304
4216,-0.8536175781737596,,,-0.0037712661190590986,9.436092210612673
4217,-0.8536169724727015,,,-0.003747015642759148,9.426656120214364
4218,-0.8536163703674232,,,-0.0037228806205934013,9.417229465872408
4219,-0.8536157718431202,,,-0.003698860652561982,9.40781223815127
4220,-0.8536151768850274,,,-0.003674955339554343,9.398404427624843
4221,-0.8536145854784186,,,-0.0036511642833487188,9.389006024876444
4222,-0.8536139976086067,,,-0.0036274870866114064,9.379617020498797
4223,-0.8536134132609435,,,-0.0036039233528962124,9.370237405094027
4224,-0.8536128324208199,,,-0.0035804726866437604,9.360867169273654
4225,-0.8536122550736654,,,-0.0035571346931808695,9.351506303658574
4226,-0.8536116812049489,,,-0.003533908978719877,9.342154798879061
4227,-0.8536111108001776,,,-0.0035107951503580656,9.332812645574752
4228,-0.8536105438448978,,,-0.003487792816076967,9.323479834394636
4229,-0.8536099803246944,,,-0.0034649015847417184,9.314156355997051
4230,-0.8536094202251912,,,-0.0034421210661004058,9.304842201049667
4231,-0.8536088635320505,,,-0.0034194508707834498,9.29553736022948
4232,-0.8536083102309732,,,-0.0033968906103029055,9.286241824222808
4233,-0.8536077603076989,,,-0.0033744398970517947,9.276955583725274
4234,-0.8536072137480059,,,-0.0033520983443034893,9.267678629441797
4235,-0.8536066705377106,,,-0.0033298655662110446,9.25841095208659
4236,-0.8536061306626682,,,-0.0033077411778064665,9.249152542383145
4237,-0.8536055941087722,,,-0.003285724795000146,9.239903391064226
4238,-0.8536050608619546,,,-0.0032638160345800824,9.230663488871857
4239,-0.8536045309081858,,,-0.003242014514211303,9.221432826557313
4240,-0.8536040042334742,,,-0.0032203198524351486,9.212211394881116
4241,-0.8536034808238666,,,-0.0031987316686685925,9.20299918461302
4242,-0.8536029606654482,,,-0.003177249583203556,9.193796186532007
4243,-0.8536024437443422,,,-0.0031558732172062183,9.18460239142627
4244,-0.8536019300467101,,,-0.0031346021927164064,9.175417790093213
4245,-0.8536014195587514,,,-0.0031134361326468174,9.166242373339436
4246,-0.8536009122667034,,,-0.0030923746607823786,9.157076131980727
4247,-0.853600408156842,,,-0.003071417401779517,9.147919056842055
4248,-0.8535999072154806,,,-0.0030505639811655074,9.138771138757557
4249,-0.8535994094289708,,,-0.0030298140253377753,9.129632368570531
4250,-0.8535989147837019,,,-0.0030091671615631813,9.120502737133434
4251,-0.8535984232661011,,,-0.0029886230179773233,9.111382235307854
4252,-0.8535979348626336,,,-0.00296818122358384,9.102270853964521
4253,-0.853597449559802,,,-0.0029478414082537,9.093168583983287
4254,-0.8535969673441469,,,-0.0029276032027244787,9.084075416253118
4255,-0.8535964882022465,,,-0.0029074662385997086,9.07499134167209
4256,-0.8535960121207167,,,-0.0028874301483480837,9.065916351147376
4257,-0.8535955390862108,,,-0.0028674945653027924,9.056850435595235
4258,-0.8535950690854198,,,-0.0028476591236608136,9.047793585941008
4259,-0.8535946021050722,,,-0.0028279234584821914,9.038745793119105
4260,-0.853594138131934,,,-0.0028082872056892716,9.029707048072998
4261,-0.8535936771528085,,,-0.002788750002066025,9.02067734175521
4262,-0.8535932191545366,,,-0.0027693114852573287,9.011656665127308
4263,-0.8535927641239961,,,-0.002749971293768186,9.002645009159895
4264,-0.8535923120481026,,,-0.0027307290669630387,8.993642364832596
4265,-0.8535918629138086,,,-0.0027115844450650646,8.984648723134056
4266,-0.8535914167081039,,,-0.0026925370691553434,8.975664075061923
4267,-0.8535909734180155,,,-0.0026735865811722045,8.96668841162285
4268,-0.8535905330306075,,,-0.002654732623910476,8.95772172383247
4269,-0.853590095532981,,,-0.0026359748410207215,8.948764002715407
4270,-0.8535896609122743,,,-0.002617312877008503,8.93981523930525
4271,-0.8535892291556623,,,-0.0025987463772336517,8.930875424644553
4272,-0.8535888002503572,,,-0.002580274987909466,8.921944549784822
4273,-0.853588374183608,,,-0.0025618983561020497,8.913022605786509
4274,-0.8535879509427006,,,-0.002543616129729468,8.904109583719002
4275,-0.8535875305149575,,,-0.0025254279575611044,8.895205474660616
4276,-0.8535871128877381,,,-0.00250733348921677,8.886310269698583
4277,-0.8535866980484386,,,-0.0024893323751660488,8.877423959929049
4278,-0.8535862859844915,,,-0.0024714242667274794,8.868546536457051
4279,-0.8535858766833663,,,-0.002453608816067806,8.859677990396529
4280,-0.8535854701325689,,,-0.0024358856762012097,8.850818312870294
4281,-0.8535850663196419,,,-0.002418254500988561,8.84196749501004
4282,-0.8535846652321643,,,-0.00240071494513665,8.833125527956323
4283,-0.8535842668577512,,,-0.002383266664197382,8.824292402858553
4284,-0.8535838711840547,,,-0.002365909314567029,8.815468110874992
4285,-0.8535834781987627,,,-0.002348642553485443,8.806652643172736
4286,-0.8535830878895997,,,-0.0023314660390352762,8.797845990927712
4287,-0.8535827002443264,,,-0.0023143794301411836,8.78904814532467
4288,-0.8535823152507396,,,-0.0022973823865690773,8.780259097557172
4289,-0.8535819328966724,,,-0.002280474568925305,8.771478838827578
4290,-0.853581553169994,,,-0.0022636556386558876,8.76270736034705
4291,-0.8535811760586095,,,-0.0022469252580457244,8.753944653335532
4292,-0.8535808015504603,,,-0.0022302830902177725,8.745190709021745
4293,-0.8535804296335237,,,-0.0022137287991323136,8.736445518643182
4294,-0.8535800602958125,,,-0.002197262049586103,8.72770907344609
4295,-0.853579693525376,,,-0.002180882507211551,8.718981364685469
4296,-0.853579329310299,,,-0.0021645898384760154,8.710262383625063
4297,-0.8535789676387021,,,-0.0021483837106809033,8.701552121537349
4298,-0.8535786084987417,,,-0.002132263791960917,8.692850569703527
4299,-0.8535782518786098,,,-0.0021162297512832004,8.684157719413516
4300,-0.8535778977665343,,,-0.0021002812584465912,8.67547356196594
4301,-0.8535775461507783,,,-0.0020844179840807733,8.666798088668122
4302,-0.8535771970196409,,,-0.0020686395996454775,8.658131290836076
4303,-0.8535768503614561,,,-0.002052945777429665,8.649473159794498
4304,-0.8535765061645941,,,-0.0020373361905506584,8.640823686876756
4305,-0.85357616441746,,,-0.0020218105129533965,8.632182863424879
4306,-0.8535758251084942,,,-0.0020063684194095814,8.623550680789556
4307,-0.8535754882261727,,,-0.001991009585516815,8.614927130330122
4308,-0.8535751537590066,,,-0.0019757336876978352,8.60631220341455
4309,-0.8535748216955423,,,-0.0019605404031996566,8.597705891419443
4310,-0.8535744920243614,,,-0.00194542941009274,8.58910818573002
4311,-0.8535741647340804,,,-0.0019304003872701691,8.58051907774012
4312,-0.853573839813351,,,-0.0019154530144467944,8.571938558852183
4313,-0.85357351725086,,,-0.0019005869721584186,8.563366620477243
4314,-0.8535731970353289,,,-0.0018858019417609328,8.55480325403492
4315,-0.8535728791555144,,,-0.0018710976054294956,8.546248450953417
4316,-0.8535725636002081,,,-0.0018564736461576953,8.537702202669502
4317,-0.8535722503582361,,,-0.0018419297477566703,8.529164500628504
4318,-0.8535719394184597,,,-0.0018274655948543155,8.520635336284306
4319,-0.8535716307697744,,,-0.0018130808728943823,8.512114701099337
4320,-0.8535713244011108,,,-0.0017987752681356186,8.50360258654456
4321,-0.8535710203014341,,,-0.0017845484676509722,8.495098984099462
4322,-0.8535707184597437,,,-0.001770400159326691,8.486603885252054
4323,-0.853570418865074,,,-0.001756330031861457,8.478117281498852
4324,-0.8535701215064936,,,-0.0017423377747655612,8.469639164344876
4325,-0.8535698263731055,,,-0.0017284230783600316,8.46116952530364
4326,-0.8535695334540473,,,-0.0017145856337757327,8.452708355897139
4327,-0.8535692427384907,,,-0.00170082513295256,8.444255647655849
4328,-0.8535689542156417,,,-0.001687141268638503,8.435811392118708
4329,-0.8535686678747408,,,-0.0016735337343888215,8.42737558083312
4330,-0.8535683837050624,,,-0.001660002224565206,8.418948205354932
4331,-0.853568101695915,,,-0.0016465464343348027,8.410529257248438
4332,-0.8535678218366414,,,-0.0016331660596694134,8.402118728086366
4333,-0.8535675441166181,,,-0.0016198607973445963,8.39371660944987
4334,-0.8535672685252559,,,-0.0016066303449387767,8.385322892928519
4335,-0.8535669950519994,,,-0.0015934744008323826,8.376937570120292
4336,-0.853566723686327,,,-0.0015803926642069513,8.368560632631569
4337,-0.853566454417751,,,-0.0015673848350442423,8.360192072077119
4338,-0.8535661872358175,,,-0.001554450614125318,8.351831880080098
4339,-0.8535659221301062,,,-0.0015415897030296789,8.343480048272035
4340,-0.8535656590902305,,,-0.0015288018041344183,8.335136568292826
4341,-0.8535653981058376,,,-0.0015160866206132477,8.326801431790727
4342,-0.8535651391666081,,,-0.001503443856435639,8.318474630422346
4343,-0.8535648822622561,,,-0.001490873216365932,8.310156155852626
4344,-0.8535646273825293,,,-0.0014783744059624,8.301845999754851
4345,-0.8535643745172086,,,-0.0014659471315763904,8.293544153810625
4346,-0.8535641236561083,,,-0.0014535911003514227,8.285250609709873
4347,-0.8535638747890764,,,-0.001441306020222197,8.276965359150825
4348,-0.8535636279059935,,,-0.0014290915999137842,8.268688393840014
4349,-0.8535633829967739,,,-0.0014169475489406622,8.260419705492264
4350,-0.853563140051365,,,-0.0014048735776058356,8.252159285830684
4351,-0.8535628990597471,,,-0.0013928693969998992,8.243907126586654
4352,-0.8535626600119337,,,-0.0013809347190001306,8.235663219499827
4353,-0.8535624228979712,,,-0.0013690692562695324,8.227427556318114
4354,-0.8535621877079391,,,-0.0013572727222559886,8.219200128797674
4355,-0.8535619544319497,,,-0.0013455448311912937,8.210980928702911
4356,-0.8535617230601481,,,-0.0013338852980902323,8.20276994780646
4357,-0.8535614935827122,,,-0.0013222938387496646,8.194567177889189
4358,-0.8535612659898527,,,-0.0013107701697475703,8.186372610740174
4359,-0.853561040271813,,,-0.0012993140084421614,8.178186238156709
4360,-0.8535608164188689,,,-0.001287925072970919,8.170008051944286
4361,-0.8535605944213293,,,-0.0012766030822496564,8.161838043916593
4362,-0.8535603742695349,,,-0.001265347755971616,8.153676205895499
4363,-0.8535601559538595,,,-0.0012541588146064973,8.145522529711053
4364,-0.853559939464709,,,-0.0012430359793995363,8.13737700720147
4365,-0.8535597247925217,,,-0.0012319789723705672,8.12923963021313
4366,-0.8535595119277685,,,-0.0012209875163130522,8.121110390600562
4367,-0.8535593008609521,,,-0.0012100613347931853,8.11298928022644
4368,-0.8535590915826077,,,-0.001199200152148919,8.104876290961576
4369,-0.8535588840833026,,,-0.0011884036934889748,8.096771414684907
4370,-0.8535586783536362,,,-0.0011776716846919613,8.088674643283493
4371,-0.8535584743842399,,,-0.0011670038524053898,8.080585968652505
4372,-0.8535582721657772,,,-0.0011563999240447262,8.072505382695217
4373,-0.8535580716889434,,,-0.0011458596277924222,8.064432877323002
4374,-0.8535578729444658,,,-0.0011353826925969556,8.056368444455316
4375,-0.8535576759231036,,,-0.0011249688481719375,8.048312076019696
4376,-0.8535574806156476,,,-0.0011146178249950385,8.040263763951753
4377,-0.8535572870129204,,,-0.001104329354307111,8.032223500195157
4378,-0.8535570951057764,,,-0.0010941031681111929,8.02419127670164
4379,-0.8535569048851013,,,-0.0010839389991715326,8.016167085430972
4380,-0.8535567163418126,,,-0.001073836581012644,8.008150918350973
4381,-0.8535565294668594,,,-0.001063795647918319,8.000142767437485
4382,-0.8535563442512222,,,-0.001053815934930654,7.992142624674379
4383,-0.8535561606859127,,,-0.0010438971778491083,7.984150482053542
4384,-0.8535559787619741,,,-0.0010340391132294998,7.976166331574862
4385,-0.8535557984704809,,,-0.0010242414783830046,7.9681901652462335
4386,-0.8535556198025389,,,-0.001014504011375229,7.960221975083537
4387,-0.853555442749285,,,-0.0010048264510252073,7.95226175311064
4388,-0.8535552673018871,,,-0.0009952085369043949,7.944309491359381
4389,-0.8535550934515446,,,-0.0009856500093357308,7.93636518186957
4390,-0.8535549211894874,,,-0.0009761506093926013,7.928428816688976
4391,-0.8535547505069767,,,-0.0009667100788979081,7.920500387873317
4392,-0.8535545813953045,,,-0.0009573281604230306,7.912579887486257
4393,-0.8535544138457938,,,-0.0009480045972868331,7.904667307599394
4394,-0.8535542478497982,,,-0.000938739133554732,7.896762640292255
4395,-0.8535540833987021,,,-0.0009295315140376429,7.888865877652286
4396,-0.8535539204839206,,,-0.0009203814842909865,7.880977011774845
4397,-0.8535537590968997,,,-0.000911288790613719,7.8730960347631935
4398,-0.8535535992291156,,,-0.0009022531800473224,7.86522293872849
4399,-0.8535534408720752,,,-0.0008932744003747965,7.857357715789781
4400,-0.8535532840173159,,,-0.0008843522001196827,7.849500358073992
4401,-0.8535531286564054,,,-0.0008754863285450272,7.841650857715923
4402,-0.8535529747809419,,,-0.0008666765356523541,7.833809206858237
4403,-0.8535528223825539,,,-0.0008579225721807066,7.825975397651455
4404,-0.8535526714529,,,-0.0008492241896056396,7.818149422253946
4405,-0.8535525219836693,,,-0.0008405811401381436,7.810331272831919
4406,-0.8535523739665806,,,-0.0008319931767237202,7.80252094155942
4407,-0.8535522273933832,,,-0.000823460053041317,7.794718420618316
4408,-0.8535520822558562,,,-0.0008149815235023207,7.786923702198292
4409,-0.8535519385458088,,,-0.0008065573432495081,7.779136778496847
4410,-0.85355179625508,,,-0.0007981872681560781,7.771357641719277
4411,-0.8535516553755388,,,-0.0007898710548246139,7.763586284078676
4412,-0.8535515158990838,,,-0.0007816084605860414,7.755822697795922
4413,-0.8535513778176437,,,-0.0007733992434986434,7.7480668750996715
4414,-0.8535512411231765,,,-0.0007652431623469852,7.740318808226354
4415,-0.85355110580767,,,-0.0007571399766409316,7.73257848942016
4416,-0.8535509718631418,,,-0.0007490894466145884,7.724845910933036
4417,-0.8535508392816387,,,-0.0007410913332252778,7.717121065024676
4418,-0.8535507080552371,,,-0.0007331453981525274,7.7094039439625135
4419,-0.853550578176043,,,-0.0007252514037970214,7.701694540021715
4420,-0.8535504496361913,,,-0.0007174091132795486,7.693992845485171
4421,-0.8535503224278468,,,-0.000709618290440009,7.686298852643489
4422,-0.853550196543203,,,-0.0007018786998363344,7.678612553794985
4423,-0.853550071974483,,,-0.0006941901067434534,7.670933941245677
4424,-0.8535499487139387,,,-0.0006865522771522859,7.663263007309275
4425,-0.8535498267538515,,,-0.0006789649777686716,7.6555997443071755
4426,-0.8535497060865314,,,-0.0006714279760123266,7.647944144568454
4427,-0.8535495867043175,,,-0.0006639410400158026,7.640296200429856
4428,-0.8535494685995779,,,-0.0006565039386234377,7.632655904235789
4429,-0.8535493517647096,,,-0.0006491164413903226,7.625023248338318
4430,-0.8535492361921382,,,-0.0006417783185812284,7.617398225097153
4431,-0.8535491218743182,,,-0.0006344893411695762,7.609780826879645
4432,-0.8535490088037326,,,-0.0006272492808363719,7.6021710460607785
4433,-0.8535488969728933,,,-0.0006200579099691395,7.59456887502316
4434,-0.8535487863743405,,,-0.000612915001660895,7.586974306157018
4435,-0.8535486770006432,,,-0.0006058203297090826,7.5793873318601825
4436,-0.8535485688443986,,,-0.0005987736686144901,7.571807944538093
4437,-0.8535484618982323,,,-0.0005917747935802414,7.564236136603778
4438,-0.8535483561547984,,,-0.0005848234805106535,7.556671900477857
4439,-0.8535482516067793,,,-0.0005779195060102455,7.5491152285885255
4440,-0.8535481482468854,,,-0.0005710626473826528,7.541566113371551
4441,-0.8535480460678555,,,-0.0005642526826295507,7.534024547270264
4442,-0.8535479450624565,,,-0.0005574893904495935,7.526490522735555
4443,-0.8535478452234831,,,-0.0005507725502373743,7.51896403222586
4444,-0.8535477465437585,,,-0.0005441019420823084,7.511445068207157
4445,-0.8535476490161333,,,-0.0005374773467676015,7.5039336231529585
4446,-0.8535475526334864,,,-0.0005308985457691509,7.4964296895443026
4447,-0.8535474573887241,,,-0.0005243653212544722,7.4889332598697465
4448,-0.8535473632747809,,,-0.0005178774560816356,7.481444326625358
4449,-0.8535472702846187,,,-0.0005114347337982053,7.473962882314708
4450,-0.8535471784112275,,,-0.0005050369386401171,7.4664889194488655
4451,-0.8535470876476243,,,-0.0004986838555306523,7.459022430546387
4452,-0.8535469979868541,,,-0.00049237527007932,7.451563408133311
4453,-0.8535469094219892,,,-0.00048611096858077656,7.444111844743149
4454,-0.8535468219461293,,,-0.0004798907380137829,7.436667732916878
4455,-0.8535467355524016,,,-0.00047371436604006124,7.429231065202935
4456,-0.8535466502339604,,,-0.00046758164100325623,7.421801834157209
4457,-0.8535465659839875,,,-0.00046149235192781787,7.414380032343031
4458,-0.8535464827956918,,,-0.00045544628851793104,7.406965652331169
4459,-0.8535464006623092,,,-0.0004494432411564338,7.399558686699822
4460,-0.853546319577103,,,-0.00044348300090369275,7.392159128034608
4461,-0.8535462395333633,,,-0.0004375653594965478,7.38476696892856
4462,-0.8535461605244071,,,-0.000431690109347205,7.37738220198212
4463,-0.8535460825435786,,,-0.00042585704354214935,7.370004819803126
4464,-0.8535460055842484,,,-0.00042006595584103795,7.362634815006809
4465,-0.8535459296398143,,,-0.0004143166406755899,7.355272180215786
4466,-0.8535458547037008,,,-0.00040860889314853265,7.347916908060049
4467,-0.8535457807693588,,,-0.0004029425090324562,7.340568991176962
4468,-0.8535457078302661,,,-0.00039731728476875437,7.333228422211251
4469,-0.8535456358799268,,,-0.00039173301746646134,7.325895193814996
4470,-0.8535455649118718,,,-0.0003861895049012284,7.318569298647626
4471,-0.8535454949196584,,,-0.00038068654551415564,7.311250729375909
4472,-0.85354542589687,,,-0.0003752239384107331,7.303939478673948
4473,-0.8535453578371167,,,-0.0003698014833597167,7.29663553922317
4474,-0.8535452907340346,,,-0.0003644189807920201,7.289338903712322
4475,-0.8535452245812862,,,-0.00035907623179959124,7.28204956483746
4476,-0.85354515937256,,,-0.0003537730381343259,7.274767515301947
4477,-0.8535450951015707,,,-0.00034850920220694,7.26749274781644
4478,-0.853545031762059,,,-0.0003432845270858565,7.260225255098884
4479,-0.8535449693477916,,,-0.0003380988164961309,7.252965029874511
4480,-0.8535449078525611,,,-0.0003329518748182807,7.245712064875822
4481,-0.8535448472701861,,,-0.00032784350708719274,7.23846635284259
4482,-0.8535447875945108,,,-0.00032277351899105537,7.231227886521844
4483,-0.8535447288194054,,,-0.0003177417168701677,7.223996658667868
4484,-0.8535446709387654,,,-0.00031274790771585863,7.216772662042193
4485,-0.8535446139465124,,,-0.00030779189916935016,7.209555889413586
4486,-0.8535445578365932,,,-0.0003028734995206762,7.202346333558046
4487,-0.8535445026029803,,,-0.00029799251770749673,7.195143987258797
4488,-0.8535444482396717,,,-0.0002931487633139998,7.187948843306277
4489,-0.8535443947406907,,,-0.0002883420465698185,7.180760894498135
4490,-0.8535443421000859,,,-0.0002835721783488876,7.1735801336392235
4491,-0.8535442903119314,,,-0.00027883897016826317,7.166406553541589
4492,-0.8535442393703263,,,-0.00027414223418708276,7.159240147024465
4493,-0.853544189269395,,,-0.0002694817832053934,7.152080906914267
4494,-0.8535441400032869,,,-0.00026485743066299183,7.144928826044583
4495,-0.8535440915661766,,,-0.0002602689906383516,7.13778389725617
4496,-0.8535440439522636,,,-0.00025571627784746765,7.1306461133969385
4497,-0.8535439971557722,,,-0.00025119910764270813,7.123515467321958
4498,-0.8535439511709519,,,-0.0002467172960117084,7.116391951893438
4499,-0.8535439059920769,,,-0.00024227065957623683,7.109275559980728
4500,-0.8535438616134459,,,-0.0002378590155910534,7.1021662844603055
4501,-0.8535438180293826,,,-0.00023348218194276687,7.095064118215775
4502,-0.8535437752342353,,,-0.0002291399771487211,7.087969054137854
4503,-0.8535437332223768,,,-0.00022483222035582566,7.080881085124374
4504,-0.8535436919882043,,,-0.0002205587313394339,7.073800204080263
4505,-0.8535436515261399,,,-0.00021631933050219666,7.0667264039175475
4506,-0.8535436118306297,,,-0.00021211383887294506,7.05965967755534
4507,-0.8535435728961441,,,-0.00020794207810554023,7.052600017919835
4508,-0.8535435347171784,,,-0.00020380387047768122,7.045547417944301
4509,-0.8535434972882513,,,-0.0001996990388898535,7.038501870569073
4510,-0.8535434606039064,,,-0.0001956274068641194,7.031463368741545
4511,-0.8535434246587109,,,-0.00019158879854301814,7.024431905416165
4512,-0.8535433894472564,,,-0.00018758303868836158,7.0174074735544245
4513,-0.8535433549641583,,,-0.0001836099526801263,7.010390066124854
4514,-0.8535433212040561,,,-0.00017966936651533458,7.003379676103019
4515,-0.853543288161613,,,-0.00017576110680684882,6.996376296471503
4516,-0.8535432558315161,,,-0.0001718850007822625,6.989379920219912
4517,-0.8535432242084764,,,-0.00016804087628273992,6.982390540344861
4518,-0.8535431932872284,,,-0.00016422856176183653,6.975408149849966
4519,-0.8535431630625304,,,-0.00016044788628441552,6.968432741745843
4520,-0.8535431335291642,,,-0.00015669867952543298,6.961464309050096
4521,-0.8535431046819353,,,-0.0001529807717688196,6.95450284478731
4522,-0.8535430765156724,,,-0.0001492939939063204,6.947548341989048
4523,-0.8535430490252278,,,-0.00014563817743632382,6.940600793693839
4524,-0.8535430222054771,,,-0.00014201315446274668,6.933660192947175
4525,-0.8535429960513192,,,-0.00013841875769380192,6.926726532801502
4526,-0.8535429705576764,,,-0.00013485482044095593,6.919799806316213
4527,-0.8535429457194939,,,-0.00013132117661767456,6.912880006557644
4528,-0.8535429215317402,,,-0.00012781766073830127,6.9059671265990605
4529,-0.8535428979894067,,,-0.0001243441079169068,6.899061159520659
4530,-0.8535428750875081,,,-0.00012090035386611025,6.8921620984095515
4531,-0.853542852821082,,,-0.00011748623489592081,6.885269936359767
4532,-0.8535428311851885,,,-0.00011410158791263108,6.878384666472238
4533,-0.853542810174911,,,-0.0001107462504175483,6.871506281854797
4534,-0.8535427897853554,,,-0.0001074200605059691,6.86463477562217
4535,-0.8535427700116504,,,-0.00010412285686588043,6.857770140895965
4536,-0.8535427508489473,,,-0.00010085447877690418,6.850912370804671
4537,-0.8535427322924202,,,-9.761476610904833e-05,6.844061458483647
4538,-0.8535427143372655,,,-9.440355932163469e-05,6.837217397075118
4539,-0.8535426969787021,,,-9.122069946206876e-05,6.8303801797281665
4540,-0.8535426802119714,,,-8.80660281646529e-05,6.823549799598725
4541,-0.8535426640323374,,,-8.49393876494602e-05,6.81672624984957
4542,-0.8535426484350859,,,-8.184062072121083e-05,6.809909523650318
4543,-0.8535426334155253,,,-7.87695707680174e-05,6.803099614177412
4544,-0.8535426189689861,,,-7.572608176028057e-05,6.796296514614121
4545,-0.8535426050908209,,,-7.270999824948032e-05,6.78950021815053
4546,-0.8535425917764045,,,-6.97211653670325e-05,6.782710717983534
4547,-0.8535425790211334,,,-6.675942882308578e-05,6.775928007316831
4548,-0.8535425668204264,,,-6.382463490538394e-05,6.769152079360916
4549,-0.8535425551697241,,,-6.0916630478090726e-05,6.762382927333073
4550,-0.8535425440644889,,,-5.803526298061748e-05,6.755620544457369
4551,-0.853542533500205,,,-5.518038042647589e-05,6.748864923964646
4552,-0.8535425234723784,,,-5.235183140202229e-05,6.742116059092518
4553,-0.8535425139765365,,,-4.954946506538327e-05,6.735373943085357
4554,-0.8535425050082285,,,-4.6773131145223256e-05,6.7286385691942945
4555,-0.8535424965630253,,,-4.402267993957332e-05,6.721909930677208
4556,-0.8535424886365189,,,-4.129796231469826e-05,6.7151880207987205
4557,-0.8535424812243232,,,-3.85988297038552e-05,6.708472832830187
4558,-0.8535424743220731,,,-3.592513410620664e-05,6.701764360049692
4559,-0.8535424679254249,,,-3.327672808556233e-05,6.695062595742045
4560,-0.8535424620300562,,,-3.0653464769240325e-05,6.688367533198766
4561,-0.853542456631666,,,-2.8055197846868315e-05,6.681679165718088
4562,-0.853542451725974,,,-2.548178156925919e-05,6.674997486604942
4563,-0.8535424473087213,,,-2.2933070747182322e-05,6.668322489170957
4564,-0.8535424433756701,,,-2.0408920750178262e-05,6.661654166734448
4565,-0.8535424399226033,,,-1.7909187505443e-05,6.654992512620414
4566,-0.8535424369453247,,,-1.543372749659016e-05,6.648337520160526
4567,-0.8535424344396593,,,-1.2982397762474429e-05,6.641689182693127
4568,-0.8535424324014526,,,-1.0555055896053397e-05,6.63504749356322
4569,-0.8535424308265708,,,-8.151560043167508e-06,6.6284124461224625
4570,-0.853542429710901,,,-5.771768901389958e-06,6.621784033729161
4571,-0.8535424290503507,,,-3.415541718821466e-06,6.615162249748263
4572,-0.8535424288408482,,,-1.0827382928926717e-06,6.608547087551353
4573,-0.853542429078342,,,1.2267810307548906e-06,6.601938540516641
4574,-0.8535424297588013,,,3.5131553595009633e-06,6.595336602028962
4575,-0.8535424308782157,,,5.776523254922012e-06,6.588741265479764
4576,-0.8535424324325949,,,8.017022733950474e-06,6.582152524267104
4577,-0.853542434417969,,,1.023479127009347e-05,6.575570371795642
4578,-0.8535424368303883,,,1.2429965794572714e-05,6.568994801476633
4579,-0.8535424396659235,,,1.4602682697550727e-05,6.562425806727919
4580,-0.853542442920665,,,1.67530778292604e-05,6.555863380973927
4581,-0.8535424465907233,,,1.8881286501260952e-05,6.549307517645657
4582,-0.8535424506722292,,,2.09874434875614e-05,6.54275821018068
4583,-0.8535424551613331,,,2.3071683025843827e-05,6.5362154520231295
4584,-0.8535424600542054,,,2.5134138818634458e-05,6.529679236623693
4585,-0.8535424653470364,,,2.7174944034467444e-05,6.523149557439608
4586,-0.853542471036036,,,2.9194231309094768e-05,6.516626407934657
4587,-0.8535424771174338,,,3.1192132746666255e-05,6.510109781579156
4588,-0.8535424835874792,,,3.316877992089783e-05,6.503599671849953
4589,-0.8535424904424409,,,3.512430387631239e-05,6.497096072230416
4590,-0.8535424976786075,,,3.7058835129370683e-05,6.490598976210434
4591,-0.8535425052922867,,,3.8972503669661824e-05,6.484108377286402
4592,-0.8535425132798058,,,4.086543896109972e-05,6.477624268961221
4593,-0.8535425216375115,,,4.273776994312529e-05,6.471146644744288
4594,-0.8535425303617697,,,4.4589625031878904e-05,6.464675498151492
4595,-0.8535425394489655,,,4.642113212136997e-05,6.458210822705206
4596,-0.8535425488955033,,,4.823241858471032e-05,6.45175261193428
4597,-0.8535425586978065,,,5.0023611275233114e-05,6.445300859374035
4598,-0.8535425688523176,,,5.179483652775157e-05,6.438855558566256
4599,-0.8535425793554982,,,5.354622015971183e-05,6.432416703059188
4600,-0.8535425902038286,,,5.527788747237427e-05,6.425984286407528
4601,-0.8535426013938084,,,5.698996325201852e-05,6.419558302172416
4602,-0.8535426129219558,,,5.868257177109201e-05,6.413138743921433
4603,-0.8535426247848076,,,6.0355836789480326e-05,6.4067256052285915
4604,-0.8535426369789196,,,6.200988155561375e-05,6.400318879674331
4605,-0.8535426495008662,,,6.364482880766503e-05,6.39391856084551
4606,-0.8535426623472404,,,6.526080077481048e-05,6.387524642335398
4607,-0.8535426755146537,,,6.68579191783188e-05,6.381137117743676
4608,-0.8535426889997362,,,6.843630523281538e-05,6.3747559806764205
4609,-0.8535427027991362,,,6.999607964740076e-05,6.368381224746106
4610,-0.8535427169095208,,,7.153736262691342e-05,6.362012843571591
4611,-0.853542731327575,,,7.306027387308654e-05,6.355650830778119
4612,-0.8535427460500024,,,7.456493258570668e-05,6.349295179997305
4613,-0.8535427610735244,,,7.605145746384063e-05,6.342945884867134
4614,-0.8535427763948812,,,7.751996670700577e-05,6.336602939031952
4615,-0.8535427920108304,,,7.897057801635965e-05,6.330266336142462
4616,-0.8535428079181481,,,8.040340859591331e-05,6.3239360698557165
4617,-0.8535428241136281,,,8.181857515368356e-05,6.31761213383511
4618,-0.8535428405940825,,,8.321619390288704e-05,6.311294521750372
4619,-0.8535428573563408,,,8.459638056317124e-05,6.3049832272775665
4620,-0.8535428743972509,,,8.595925036172653e-05,6.2986782440990785
4621,-0.8535428917136777,,,8.730491803453812e-05,6.292379565903611
4622,-0.8535429093025045,,,8.863349782755003e-05,6.286087186386179
4623,-0.853542927160632,,,8.99451034978529e-05,6.279801099248102
4624,-0.8535429452849782,,,9.123984831488657e-05,6.273521298196998
4625,-0.8535429636724792,,,9.251784506159512e-05,6.26724777694678
4626,-0.8535429823200881,,,9.377920603564591e-05,6.260980529217643
4627,-0.8535430012247756,,,9.502404305061408e-05,6.254719548736063
4628,-0.8535430203835298,,,9.625246743716424e-05,6.248464829234793
4629,-0.8535430397933561,,,9.746459004422918e-05,6.242216364452849
4630,-0.8535430594512772,,,9.866052124019443e-05,6.235974148135511
4631,-0.8535430793543328,,,9.984037091409789e-05,6.22973817403431
4632,-0.85354309949958,,,0.00010100424847680384,6.22350843590703
4633,-0.8535431198840927,,,0.00010215226286224534,6.217284927517696
4634,-0.8535431405049623,,,0.00010328452252851649,6.211067642636566
4635,-0.8535431613592965,,,0.00010440113545910475,6.2048565750401306
4636,-0.8535431824442207,,,0.00010550220916410647,6.198651718511104
4637,-0.8535432037568764,,,0.00010658785068135927,6.192453066838417
4638,-0.8535432252944225,,,0.00010765816657767408,6.186260613817211
4639,-0.8535432470540344,,,0.00010871326295001043,6.180074353248834
4640,-0.8535432690329041,,,0.00010975324542661342,6.173894278940832
4641,-0.8535432912282405,,,0.00011077821916825021,6.167720384706941
4642,-0.8535433136372689,,,0.00011178828886942544,6.161552664367087
4643,-0.8535433362572312,,,0.00011278355875945557,6.155391111747374
4644,-0.8535433590853858,,,0.00011376413260375896,6.149235720680081
4645,-0.8535433821190075,,,0.00011473011370499551,6.1430864850036535
4646,-0.8535434053553874,,,0.00011568160490425251,6.136943398562699
4647,-0.853543428791833,,,0.00011661870858221866,6.130806455207981
4648,-0.853543452425668,,,0.00011754152666041747,6.124675648796413
4649,-0.8535434762542323,,,0.0001184501606023261,6.1185509731910495
4650,-0.8535435002748821,,,0.00011934471141458516,6.112432422261083
4651,-0.8535435244849896,,,0.00012022527964818319,6.106319989881837
4652,-0.8535435488819428,,,0.00012109196539963358,6.10021366993476
4653,-0.8535435734631461,,,0.00012194486831217539,6.094113456307419
4654,-0.8535435982260196,,,0.00012278408757692208,6.088019342893492
4655,-0.853543623167999,,,0.00012360972193404776,6.081931323592767
4656,-0.8535436482865365,,,0.00012442186967401905,6.075849392311127
4657,-0.8535436735790994,,,0.0001252206286387083,6.0697735429605535
4658,-0.8535436990431712,,,0.0001260060962226244,6.0637037694591145
4659,-0.8535437246762507,,,0.00012677836937404228,6.0576400657309595
4660,-0.8535437504758525,,,0.00012753754459620127,6.0515824257063136
4661,-0.8535437764395066,,,0.00012828371794851813,6.045530843321474
4662,-0.8535438025647588,,,0.00012901698504774774,6.039485312518799
4663,-0.8535438288491699,,,0.00012973744106912357,6.033445827246707
4664,-0.8535438552903164,,,0.00013044518074757983,6.027412381459666
4665,-0.85354388188579,,,0.0001311402983789171,6.021384969118189
4666,-0.8535439086331977,,,0.00013182288782096513,6.01536358418883
4667,-0.853543935530162,,,0.00013249304249479172,6.009348220644178
4668,-0.8535439625743199,,,0.00013315085538580186,6.003338872462846
4669,-0.8535439897633241,,,0.00013379641904501239,5.997335533629471
4670,-0.8535440170948423,,,0.00013442982559017618,5.991338198134705
4671,-0.8535440445665569,,,0.00013505116670696187,5.985346859975207
4672,-0.8535440721761655,,,0.00013566053365012153,5.979361513153643
4673,-0.8535440999213805,,,0.0001362580172446913,5.973382151678674
4674,-0.8535441277999293,,,0.00013684370788711762,5.967408769564953
4675,-0.8535441558095539,,,0.0001374176955464658,5.961441360833118
4676,-0.8535441839480111,,,0.0001379800697655806,5.955479919509787
4677,-0.8535442122130724,,,0.00013853091966227986,5.9495244396275515
4678,-0.853544240602524,,,0.0001390703339305049,5.9435749152249695
4679,-0.8535442691141666,,,0.0001395984008414775,5.937631340346561
4680,-0.8535442977458154,,,0.0001401152082448672,5.931693709042802
4681,-0.8535443264953001,,,0.00014062084356999583,5.925762015370118
4682,-0.8535443553604649,,,0.00014111539382703032,5.919836253390876
4683,-0.8535443843391683,,,0.00014159894560802978,5.913916417173385
4684,-0.8535444134292831,,,0.0001420715850882402,5.908002500791881
4685,-0.8535444426286963,,,0.00014253339802721164,5.9020944983265275
4686,-0.8535444719353094,,,0.00014298446976996647,5.89619240386341
4687,-0.8535445013470375,,,0.00014342488524813368,5.890296211494526
4688,-0.8535445308618105,,,0.00014385472898119188,5.88440591531778
4689,-0.8535445604775718,,,0.00014427408507757536,5.878521509436981
4690,-0.853544590192279,,,0.00014468303723583136,5.872642987961831
4691,-0.8535446200039037,,,0.0001450816687458013,5.866770345007927
4692,-0.8535446499104313,,,0.0001454700624898168,5.860903574696747
4693,-0.8535446799098612,,,0.00014584830094382597,5.855042671155646
4694,-0.8535447100002062,,,0.0001462164661785353,5.849187628517856
4695,-0.8535447401794932,,,0.00014657463986061524,5.843338440922475
4696,-0.8535447704457628,,,0.00014692290325382754,5.837495102514458
4697,-0.8535448007970691,,,0.00014726133722022092,5.83165760744462
4698,-0.8535448312314797,,,0.000147590022221235,5.825825949869622
4699,-0.8535448617470759,,,0.0001479090383188865,5.820000123951969
4700,-0.8535448923419523,,,0.00014821846517696556,5.814180123860004
4701,-0.8535449230142171,,,0.00014851838206213162,5.808365943767903
4702,-0.8535449537619919,,,0.00014880886784510896,5.802557577855666
4703,-0.8535449845834114,,,0.00014909000100180402,5.796755020309111
4704,-0.8535450154766238,,,0.0001493618596144869,5.790958265319874
4705,-0.8535450464397902,,,0.00014962452137297428,5.7851673070854
4706,-0.8535450774710853,,,0.0001498780635757208,5.7793821398089325
4707,-0.8535451085686966,,,0.00015012256313101023,5.773602757699513
4708,-0.8535451397308248,,,0.00015035809655809066,5.767829154971977
4709,-0.8535451709556835,,,0.00015058473998833812,5.762061325846942
4710,-0.8535452022414994,,,0.0001508025691663908,5.7562992645508055
4711,-0.8535452335865121,,,0.00015101165945132072,5.75054296531574
4712,-0.8535452649889739,,,0.00015121208581775404,5.744792422379683
4713,-0.85354529644715,,,0.00015140392285706408,5.739047629986337
4714,-0.8535453279593185,,,0.00015158724477845498,5.7333085823851615
4715,-0.85354535952377,,,0.00015176212541017224,5.727575273831363
4716,-0.8535453911388078,,,0.00015192863820059446,5.721847698585894
4717,-0.8535454228027479,,,0.0001520868562194162,5.716125850915448
4718,-0.8535454545139189,,,0.00015223685215875267,5.710409725092451
4719,-0.8535454862706617,,,0.0001523786983342909,5.704699315395055
4720,-0.8535455180713298,,,0.0001525124666865093,5.698994616107135
4721,-0.8535455499142891,,,0.00015263822878169438,5.693295621518282
4722,-0.8535455817979177,,,0.00015275605581316888,5.687602325923798
4723,-0.8535456137206063,,,0.0001528660186024103,5.681914723624689
4724,-0.8535456456807576,,,0.00015296818760015364,5.67623280892766
4725,-0.8535456776767867,,,0.00015306263288759414,5.67055657614511
4726,-0.8535457097071205,,,0.00015314942417744045,5.664886019595125
4727,-0.8535457417701985,,,0.0001532286308151435,5.6592211336014735
4728,-0.8535457738644718,,,0.00015330032177996683,5.6535619124936
4729,-0.8535458059884039,,,0.00015336456568613055,5.647908350606618
4730,-0.8535458381404699,,,0.0001534214307839791,5.642260442281308
4731,-0.8535458703191571,,,0.0001534709849610578,5.63661818186411
4732,-0.8535459025229645,,,0.00015351329574330716,5.630981563707116
4733,-0.8535459347504029,,,0.000153548430296121,5.625350582168067
4734,-0.8535459669999949,,,0.0001535764554255227,5.619725231610344
4735,-0.8535459992702747,,,0.00015359743757931209,5.614105506402969
4736,-0.8535460315597885,,,0.00015361144284813843,5.60849140092059
4737,-0.8535460638670938,,,0.000153618536966665,5.602882909543484
4738,-0.8535460961907596,,,0.00015361878531467324,5.597280026657547
4739,-0.8535461285293667,,,0.00015361225291820444,5.591682746654287
4740,-0.8535461608815073,,,0.00015359900445065483,5.586091063930824
4741,-0.8535461932457846,,,0.0001535791042339349,5.580504972889878
4742,-0.8535462256208138,,,0.00015355261623959513,5.574924467939768
4743,-0.853546258005221,,,0.00015351960408988705,5.569349543494404
4744,-0.8535462903976437,,,0.00015348013105895143,5.563780193973281
4745,-0.8535463227967306,,,0.00015343426007387913,5.558216413801477
4746,-0.8535463552011416,,,0.00015338205371588564,5.552658197409643
4747,-0.8535463876095477,,,0.00015332357422135837,5.547105539234001
4748,-0.853546420020631,,,0.0001532588834830446,5.541558433716332
4749,-0.8535464524330846,,,0.00015318804305111195,5.536016875303983
4750,-0.8535464848456126,,,0.00015311111413428275,5.530480858449848
4751,-0.85354651725693,,,0.00015302815760093468,5.524950377612369
4752,-0.8535465496657627,,,0.0001529392339802394,5.519425427255532
4753,-0.8535465820708475,,,0.000152844403463241,5.513906001848857
4754,-0.853546614470932,,,0.00015274372590399005,5.508392095867393
4755,-0.8535466468647744,,,0.0001526372608206132,5.502883703791717
4756,-0.8535466792511437,,,0.0001525250673964476,5.497380820107924
4757,-0.8535467116288196,,,0.00015240720448117266,5.491883439307624
4758,-0.8535467439965921,,,0.00015228373059183748,5.486391555887932
4759,-0.8535467763532623,,,0.00015215470391405104,5.480905164351472
4760,-0.8535468086976412,,,0.00015202018230302727,5.475424259206359
4761,-0.8535468410285507,,,0.0001518802232847086,5.469948834966203
4762,-0.8535468733448229,,,0.00015173488405685148,5.4644788861501015
4763,-0.8535469056453003,,,0.00015158422149012335,5.45901440728263
4764,-0.8535469379288358,,,0.0001514282921292597,5.453555392893841
4765,-0.8535469701942925,,,0.00015126715219404956,5.448101837519257
4766,-0.8535470024405437,,,0.00015110085758053782,5.442653735699865
4767,-0.853547034666473,,,0.0001509294638620244,5.437211081982111
4768,-0.8535470668709739,,,0.00015075302629024445,5.431773870917895
4769,-0.8535470990529502,,,0.00015057159979639463,5.426342097064563
4770,-0.8535471312113158,,,0.00015038523899229132,5.420915754984906
4771,-0.8535471633449943,,,0.0001501939981713705,5.415494839247151
4772,-0.8535471954529193,,,0.0001499979313098333,5.410079344424957
4773,-0.8535472275340348,,,0.0001497970920677488,5.40466926509741
4774,-0.8535472595872939,,,0.00014959153379007938,5.399264595849016
4775,-0.8535472916116602,,,0.0001493813095078022,5.393865331269697
4776,-0.8535473236061065,,,0.0001491664719389974,5.388471465954785
4777,-0.8535473555696157,,,0.00014894707348991207,5.383082994505017
4778,-0.8535473875011801,,,0.00014872316625604465,5.377699911526529
4779,-0.8535474193998018,,,0.00014849480202326287,5.37232221163085
4780,-0.8535474512644926,,,0.00014826203226880842,5.366949889434899
4781,-0.8535474830942735,,,0.00014802490816242476,5.361582939560977
4782,-0.8535475148881754,,,0.00014778348056741598,5.3562213566367625
4783,-0.8535475466452381,,,0.00014753780004169941,5.350865135295307
4784,-0.8535475783645113,,,0.0001472879168389544,5.3455142701750304
4785,-0.853547610045054,,,0.00014703388090962628,5.340168755919711
4786,-0.8535476416859341,,,0.0001467757419019914,5.334828587178485
4787,-0.8535476732862294,,,0.0001465135491632648,5.329493758605841
4788,-0.8535477048450263,,,0.00014624735174064354,5.324164264861609
4789,-0.8535477363614208,,,0.00014597719838237505,5.318840100610963
4790,-0.8535477678345178,,,0.00014570313753882818,5.313521260524411
4791,-0.8535477992634315,,,0.00014542521736357573,5.308207739277789
4792,-0.8535478306472849,,,0.00014514348571440392,5.302899531552259
4793,-0.8535478619852103,,,0.00014485799015443178,5.297596632034302
4794,-0.8535478932763486,,,0.00014456877795313052,5.292299035415709
4795,-0.85354792451985,,,0.00014427589608739474,5.287006736393583
4796,-0.8535479557148731,,,0.00014397939124259417,5.281719729670328
4797,-0.8535479868605858,,,0.0001436793098136682,5.276438009953647
4798,-0.8535480179561644,,,0.00014337569790611167,5.271161571956535
4799,-0.8535480490007944,,,0.00014306860133708407,5.265890410397272
4800,-0.8535480799936694,,,0.00014275806563642332,5.260624519999422
4801,-0.8535481109339922,,,0.00014244413604772032,5.255363895491826
4802,-0.8535481418209738,,,0.00014212685752935646,5.250108531608592
4803,-0.8535481726538341,,,0.0001418062747555435,5.244858423089098
4804,-0.8535482034318012,,,0.00014148243211736694,5.239613564677982
4805,-0.8535482341541119,,,0.00014115537372388527,5.234373951125137
4806,-0.8535482648200112,,,0.00014082514340309392,5.2291395771857045
4807,-0.853548295428753,,,0.0001404917847030351,5.223910437620074
4808,-0.853548325979599,,,0.00014015534089275423,5.21868652719387
4809,-0.8535483564718193,,,0.00013981585496342027,5.213467840677956
4810,-0.8535483869046925,,,0.00013947336962935028,5.208254372848423
4811,-0.8535484172775054,,,0.00013912792732899269,5.203046118486585
4812,-0.8535484475895528,,,0.00013877957022600732,5.197843072378975
4813,-0.8535484778401378,,,0.00013842834021027245,5.19264522931734
4814,-0.8535485080285713,,,0.00013807427889893958,5.1874525840986365
4815,-0.8535485381541726,,,0.0001377174276374864,5.182265131525021
4816,-0.853548568216269,,,0.00013735782750066614,5.17708286640385
4817,-0.8535485982141955,,,0.0001369955192935849,5.171905783547673
4818,-0.8535486281472953,,,0.00013663054355274627,5.166733877774225
4819,-0.8535486580149192,,,0.00013626294054702295,5.161567143906424
4820,-0.8535486878164261,,,0.00013589275027874344,5.156405576772367
4821,-0.8535487175511827,,,0.0001355200124846387,5.15124917120532
4822,-0.8535487472185632,,,0.00013514476663691283,5.146097922043718
4823,-0.8535487768179499,,,0.00013476705194424954,5.140951824131156
4824,-0.8535488063487325,,,0.00013438690735280437,5.1358108723163856
4825,-0.8535488358103084,,,0.00013400437154727107,5.130675061453311
4826,-0.8535488652020826,,,0.0001336194829518532,5.125544386400981
4827,-0.8535488945234677,,,0.00013323227973127468,5.120418842023586
4828,-0.8535489237738838,,,0.00013284279979182032,5.115298423190452
4829,-0.8535489529527585,,,0.0001324510807823126,5.110183124776036
4830,-0.8535489820595266,,,0.0001320571600951186,5.10507294165992
4831,-0.8535490110936306,,,0.00013166107486723582,5.099967868726806
4832,-0.8535490400545203,,,0.00013126286198115832,5.094867900866514
4833,-0.8535490689416527,,,0.00013086255806597837,5.08977303297397
4834,-0.8535490977544922,,,0.0001304601994983619,5.08468325994921
4835,-0.8535491264925102,,,0.00013005582240353155,5.079598576697364
4836,-0.8535491551551857,,,0.00012964946265628475,5.074518978128664
4837,-0.8535491837420045,,,0.00012924115588197897,5.069444459158424
4838,-0.8535492122524596,,,0.0001288309374575253,5.064375014707048
4839,-0.8535492406860511,,,0.00012841884251237168,5.059310639700018
4840,-0.8535492690422861,,,0.00012800490592955222,5.054251329067892
4841,-0.8535492973206787,,,0.00012758916234659247,5.049197077746294
4842,-0.8535493255207501,,,0.00012717164615657446,5.044147880675916
4843,-0.8535493536420283,,,0.0001267523915090447,5.0391037328025075
4844,-0.8535493816840481,,,0.00012633143231105944,5.034064629076871
4845,-0.8535494096463513,,,0.00012590880222813084,5.029030564454862
4846,-0.8535494375284862,,,0.00012548453468523018,5.024001533897377
4847,-0.8535494653300083,,,0.00012505866286779437,5.018977532370352
4848,-0.8535494930504794,,,0.0001246312197226335,5.013958554844757
4849,-0.8535495206894684,,,0.0001242022379589762,5.008944596296593
4850,-0.8535495482465505,,,0.00012377175004938415,5.0039356517068825
4851,-0.8535495757213075,,,0.00012333978823076888,4.998931716061668
4852,-0.8535496031133281,,,0.00012290638450537596,4.993932784352007
4853,-0.8535496304222072,,,0.00012247157064171064,4.988938851573964
4854,-0.8535496576475464,,,0.00012203537817548517,4.983949912728607
4855,-0.8535496847889535,,,0.00012159783841065891,4.978965962822007
4856,-0.8535497118460431,,,0.00012115898242038365,4.973986996865224
4857,-0.8535497388184358,,,0.00012071884104792607,4.969013009874311
4858,-0.8535497657057587,,,0.00012027744490766546,4.964043996870301
4859,-0.8535497925076453,,,0.00011983482438605479,4.959079952879209
4860,-0.8535498192237352,,,0.00011939100964252763,4.954120872932023
4861,-0.8535498458536742,,,0.00011894603061051167,4.9491667520647
4862,-0.8535498723971144,,,0.00011849991699837868,4.944217585318161
4863,-0.8535498988537141,,,0.00011805269829038503,4.939273367738286
4864,-0.8535499252231377,,,0.00011760440374761605,4.9343340943759095
4865,-0.8535499515050554,,,0.00011715506240893883,4.929399760286815
4866,-0.8535499776991439,,,0.00011670470309194091,4.924470360531729
4867,-0.8535500038050855,,,0.00011625335439389083,4.91954589017632
4868,-0.8535500298225687,,,0.00011580104469267115,4.914626344291187
4869,-0.8535500557512878,,,0.00011534780214776002,4.909711717951862
4870,-0.8535500815909431,,,0.00011489365470109617,4.904802006238801
4871,-0.8535501073412408,,,0.0001144386300781131,4.8998972042373765
4872,-0.8535501330018928,,,0.0001139827557885674,4.89499730703788
4873,-0.8535501585726166,,,0.00011352605912757192,4.890102309735508
4874,-0.8535501840531359,,,0.00011306856717648107,4.885212207430366
4875,-0.8535502094431798,,,0.00011261030680383819,4.880326995227458
4876,-0.8535502347424831,,,0.00011215130466626909,4.875446668236681
4877,-0.8535502599507865,,,0.00011169158720948661,4.870571221572824
4878,-0.8535502850678359,,,0.00011123118066912963,4.865700650355562
4879,-0.853550310093383,,,0.00011077011107174025,4.860834949709448
4880,-0.853550335027185,,,0.00011030840423569567,4.855974114763911
4881,-0.8535503598690047,,,0.00010984608577209086,4.851118140653253
4882,-0.8535503846186103,,,0.00010938318108568335,4.846267022516639
4883,-0.8535504092757753,,,0.0001089197153757842,4.841420755498096
4884,-0.8535504338402787,,,0.0001084557136372156,4.836579334746507
4885,-0.8535504583119049,,,0.00010799120066118777,4.831742755415606
4886,-0.8535504826904435,,,0.00010752620103623379,4.826911012663971
4887,-0.8535505069756896,,,0.00010706073914911719,4.822084101655026
4888,-0.8535505311674432,,,0.00010659483918573505,4.817262017557027
4889,-0.8535505552655098,,,0.00010612852513204749,4.812444755543066
4890,-0.8535505792697001,,,0.00010566182077492686,4.807632310791058
4891,-0.8535506031798299,,,0.00010519474970313163,4.802824678483742
4892,-0.85355062699572,,,0.00010472733530813742,4.798021853808676
4893,-0.8535506507171965,,,0.00010425960078505722,4.793223831958226
4894,-0.8535506743440903,,,0.00010379156913359702,4.788430608129569
4895,-0.8535506978762375,,,0.00010332326315888627,4.783642177524684
4896,-0.8535507213134791,,,0.00010285470547237125,4.7788585353503485
4897,-0.853550744655661,,,0.00010238591849275259,4.774079676818132
4898,-0.8535507679026343,,,0.00010191692444684254,4.769305597144392
4899,-0.8535507910542545,,,0.00010144774537046688,4.7645362915502725
4900,-0.8535508141103822,,,0.00010097840310935779,4.759771755261694
4901,-0.8535508370708831,,,0.0001005089193199979,4.755011983509352
4902,-0.8535508599356271,,,0.00010003931547055794,4.750256971528709
4903,-0.8535508827044893,,,9.956961284175408e-05,4.745506714559997
4904,-0.8535509053773493,,,9.909983252769211e-05,4.740761207848203
4905,-0.8535509279540915,,,9.862999543681878e-05,4.736020446643071
4906,-0.8535509504346048,,,9.816012229274366e-05,4.731284426199095
4907,-0.8535509728187829,,,9.76902336351016e-05,4.726553141775514
4908,-0.853550995106524,,,9.722034982048654e-05,4.721826588636309
4909,-0.8535510172977308,,,9.675049102324278e-05,4.717104762050195
4910,-0.8535510393923105,,,9.628067723638152e-05,4.7123876572906225
4911,-0.8535510613901749,,,9.581092827246159e-05,4.707675269635763
4912,-0.8535510832912402,,,9.534126376439922e-05,4.702967594368513
4913,-0.8535511050954271,,,9.48717031663852e-05,4.698264626776486
4914,-0.8535511268026604,,,9.440226575468176e-05,4.693566362152006
4915,-0.8535511484128697,,,9.393297062855814e-05,4.688872795792107
4916,-0.8535511699259886,,,9.346383671109679e-05,4.684183922998526
4917,-0.853551191341955,,,9.299488275005381e-05,4.679499739077696
4918,-0.8535512126607113,,,9.252612731872395e-05,4.674820239340745
4919,-0.853551233882204,,,9.205758881677491e-05,4.67014541910349
4920,-0.8535512550063837,,,9.158928547109097e-05,4.6654752736864324
4921,-0.8535512760332054,,,9.112123533663928e-05,4.660809798414752
4922,-0.8535512969626279,,,9.065345629733194e-05,4.656148988618304
4923,-0.8535513177946144,,,9.018596606682616e-05,4.651492839631612
4924,-0.853551338529132,,,8.971878218937867e-05,4.64684134679387
4925,-0.8535513591661521,,,8.925192204071359e-05,4.642194505448928
4926,-0.8535513797056499,,,8.878540282881524e-05,4.637552310945294
4927,-0.8535514001476046,,,8.83192415947795e-05,4.632914758636127
4928,-0.8535514204919993,,,8.785345521366556e-05,4.6282818438792335
4929,-0.8535514407388212,,,8.7388060395317e-05,4.623653562037061
4930,-0.8535514608880612,,,8.692307368518342e-05,4.619029908476696
4931,-0.8535514809397143,,,8.645851146514734e-05,4.614410878569857
4932,-0.8535515008937792,,,8.599438995434714e-05,4.609796467692892
4933,-0.8535515207502583,,,8.55307252100229e-05,4.605186671226769
4934,-0.8535515405091579,,,8.506753312831828e-05,4.60058148455708
4935,-0.8535515601704882,,,8.460482944509658e-05,4.595980903074028
4936,-0.8535515797342628,,,8.414262973676634e-05,4.591384922172427
4937,-0.8535515992004991,,,8.368094942107213e-05,4.586793537251697
4938,-0.8535516185692181,,,8.321980375797506e-05,4.582206743715856
4939,-0.8535516378404447,,,8.275920785040018e-05,4.577624536973522
4940,-0.8535516570142071,,,8.229917664506075e-05,4.573046912437899
4941,-0.8535516760905372,,,8.183972493330101e-05,4.568473865526783
4942,-0.8535516950694704,,,8.138086735182817e-05,4.563905391662548
4943,-0.8535517139510456,,,8.092261838359723e-05,4.5593414862721495
4944,-0.8535517327353053,,,8.046499235855347e-05,4.554782144787113
4945,-0.8535517514222952,,,8.000800345446096e-05,4.550227362643535
4946,-0.8535517700120647,,,7.955166569769158e-05,4.545677135282073
4947,-0.8535517885046665,,,7.90959929640373e-05,4.541131458147945
4948,-0.8535518069001566,,,7.864099897948326e-05,4.536590326690926
4949,-0.8535518251985944,,,7.81866973209908e-05,4.532053736365339
4950,-0.8535518434000426,,,7.773310141731271e-05,4.52752168263005
4951,-0.8535518615045672,,,7.728022454975588e-05,4.522994160948473
4952,-0.8535518795122374,,,7.682807985301187e-05,4.518471166788553
4953,-0.8535518974231258,,,7.637668031587693e-05,4.513952695622769
4954,-0.8535519152373078,,,7.592603878208038e-05,4.509438742928126
4955,-0.8535519329548624,,,7.547616795107805e-05,4.504929304186156
4956,-0.8535519505758716,,,7.502708037875778e-05,4.500424374882904
4957,-0.8535519681004206,,,7.457878847828894e-05,4.495923950508933
4958,-0.8535519855285973,,,7.413130452084792e-05,4.491428026559314
4959,-0.8535520028604933,,,7.368464063641637e-05,4.486936598533623
4960,-0.8535520200962027,,,7.323880881456252e-05,4.482449661935936
4961,-0.8535520372358227,,,7.279382090514364e-05,4.477967212274827
4962,-0.8535520542794539,,,7.23496886191703e-05,4.473489245063357
4963,-0.8535520712271993,,,7.190642352946199e-05,4.469015755819079
4964,-0.8535520880791652,,,7.146403707150069e-05,4.4645467400640255
4965,-0.8535521048354605,,,7.102254054416019e-05,4.460082193324707
4966,-0.8535521214961973,,,7.058194511041947e-05,4.45562211113211
4967,-0.8535521380614903,,,7.014226179819755e-05,4.451166489021685
4968,-0.8535521545314573,,,6.970350150103797e-05,4.446715322533353
4969,-0.8535521709062185,,,6.926567497889746e-05,4.442268607211491
4970,-0.8535521871858972,,,6.882879285887782e-05,4.437826338604935
4971,-0.8535522033706193,,,6.839286563597716e-05,4.4333885122669665
4972,-0.8535522194605136,,,6.795790367384696e-05,4.428955123755319
4973,-0.8535522354557114,,,6.752391720551045e-05,4.424526168632167
4974,-0.8535522513563465,,,6.709091633411817e-05,4.420101642464122
4975,-0.8535522671625558,,,6.665891103372277e-05,4.415681540822229
4976,-0.8535522828744785,,,6.62279111499393e-05,4.411265859281962
4977,-0.8535522984922564,,,6.579792640075889e-05,4.40685459342322
4978,-0.8535523140160342,,,6.536896637721656e-05,4.402447738830322
4979,-0.8535523294459586,,,6.494104054415454e-05,4.398045291092001
4980,-0.8535523447821792,,,6.451415824095132e-05,4.393647245801405
4981,-0.853552360024848,,,6.408832868223888e-05,4.389253598556085
4982,-0.8535523751741195,,,6.366356095866167e-05,4.384864344957996
4983,-0.8535523902301505,,,6.323986403753033e-05,4.3804794806134915
4984,-0.8535524051931004,,,6.281724676363313e-05,4.376099001133317
4985,-0.8535524200631308,,,6.239571785984384e-05,4.371722902132611
4986,-0.853552434840406,,,6.197528592795014e-05,4.3673511792308926
4987,-0.8535524495250922,,,6.155595944927388e-05,4.362983828052063
4988,-0.8535524641173583,,,6.113774678545823e-05,4.3586208442244
4989,-0.8535524786173753,,,6.072065617913598e-05,4.354262223380553
4990,-0.8535524930253164,,,6.0304695754635664e-05,4.3499079611575375
4991,-0.8535525073413573,,,5.988987351871602e-05,4.345558053196735
4992,-0.8535525215656758,,,5.9476197361266535e-05,4.341212495143881
4993,-0.8535525356984519,,,5.906367505596986e-05,4.336871282649069
4994,-0.8535525497398677,,,5.8652314261028665e-05,4.3325344113667414
4995,-0.8535525636901076,,,5.8242122519885265e-05,4.328201876955686
4996,-0.853552577549358,,,5.783310726188069e-05,4.323873675079032
4997,-0.8535525913178075,,,5.7425275802969404e-05,4.319549801404243
4998,-0.8535526049956467,,,5.7018635346391283e-05,4.315230251603119
4999,-0.8535526185830683,,,5.661319298341686e-05,4.310915021351788
