t,theta_history,m_history,v_history
0,2.0,0.0,0.0
1,1.999000000000102,0.9800000000000009,9.604000000000008
2,1.9980000045237298,1.948420959840183,19.163558462706476
3,1.9970000165912802,2.905380596996659,28.67882076289839
4,1.996000039226582,3.850995456143678,38.14993200974475
5,1.9950000754568145,4.7853809208646005,47.577037046340976
6,1.9940001283124247,5.708651225245611,56.960280449247584
7,1.9930002008270453,6.620919465353346,66.2998065280312
8,1.9920002960374117,7.5222976105976,75.59575932480793
9,1.9910004169832785,8.412896514980261,84.84828261378918
10,1.9900005667073373,9.2928259282316,94.05751990082982
11,1.9890007482551324,10.162194506835075,103.22361442297887
12,1.9880009646749779,11.021109824941705,112.34670914803272
13,1.9870012190178734,11.869678385175204,121.42694677409087
14,1.9860015143374203,12.708005629328886,130.4644697291142
15,1.9850018536897376,13.53619594895547,139.45942017048606
16,1.9840022401333772,14.354352695850858,148.4119399845757
17,1.9830026767292401,15.162578192432912,157.32217078630464
18,1.9820031665404911,15.960973742016325,166.19025391871574
19,1.9810037126324742,16.749639638984597,175.0163304525449
20,1.980004318072628,17.528675178860155,183.8005411857957
21,1.9790049859303995,18.298178668273636,192.54302664331675
22,1.9780057192771607,19.058247434833337,201.24392707638205
23,1.9770065211861214,19.808977836895842,209.90338246227412
24,1.9760073947322445,20.550465273238814,218.52153250387016
25,1.9750083429921603,21.28280419263692,227.09851662923114
26,1.974009369044081,22.00608810334186,235.63447399119386
27,1.9730104759677143,22.720409582467465,244.12954346696617
28,1.972011666844178,23.42586028528084,252.58386365772503
29,1.971012944755914,24.122530954400435,260.997572888218
30,1.9700143127866014,24.81051142890202,269.3708092063675
31,1.9690157740210714,25.48989065333348,277.7037103828788
32,1.9680173315452205,26.160756686639324,285.9964139108503
33,1.967018988445924,26.82319671099584,294.2490570053881
34,1.9660207478109497,27.47729704055776,302.461776603223
35,1.9650226127288721,28.12314313011735,310.63470936233125
36,1.964024586288985,28.760819583676767,318.7679916615586
37,1.9630266715812152,29.3904101629346,326.8617596002474
38,1.962028871696037,30.011997795687403,334.91614899786754
39,1.9610311897243837,30.625664584147113,342.93129539365043
40,1.9600336287575628,31.231491813175158,350.90733404622665
41,1.9590361918871684,31.829559958434125,358.84439993326714
42,1.9580388822049946,32.41994869445778,366.7426277511274
43,1.9570417028029492,33.00273690264031,374.602151914496
44,1.9560446567729672,33.57800267914549,382.42310655604626
45,1.955047747206924,34.14582334273674,390.2056255260912
46,1.9540509771965486,34.706275442528685,397.9498423922428
47,1.9530543498333373,35.25943476566115,405.6558904390744
48,1.9520578682084668,35.80537634489627,413.3239026677872
49,1.9510615354127088,36.34417446613955,420.9540117958797
50,1.950065354536342,36.8759026758856,428.5463502568221
51,1.949069328669067,37.40063378858929,436.1010501997333
52,1.9480734608999193,37.91843989396311,443.61824348906225
53,1.947077754317183,38.429392364201476,451.0980617042731
54,1.9460822120083052,38.93356186113261,458.54063613953423
55,1.9450868370598091,39.43101834329891,465.9460978034107
56,1.9440916325572086,39.92183107296635,473.31457741856127
57,1.943096601584922,40.40606862306371,480.64620542143894
58,1.9421017472261861,40.883798884052304,487.9411119619953
59,1.9411070725629709,41.35508907072692,495.19942690338934
60,1.9401125806758934,41.82000572894868,502.4212798216997
61,1.9391182746441324,42.27861474231047,509.6068000056415
62,1.9381241575453432,42.73098133873558,516.7561164562865
63,1.9371302324555717,43.17717009701036,523.8693578867881
64,1.9361365024491701,43.617244953251344,530.9466527221095
65,1.9351429705987115,44.05126920730774,537.9881290987574
66,1.9341496399749047,44.47930552909971,544.9939148645183
67,1.9331565136465103,44.901415964893246,551.9641375781993
68,1.9321635946802556,45.317661943512164,558.8989245093741
69,1.9311708861407497,45.72810428248795,565.7984026381321
70,1.930178391090401,46.13280319414797,572.6626986548318
71,1.929186112589331,46.531818291642786,579.4919389598593
72,1.9281940536952924,46.92520859491305,586.2862496633899
73,1.9272022174635839,47.31303253659671,593.0457565851544
74,1.9262106069469678,47.69534796787702,599.7705852542105
75,1.9252192251955862,48.072212164272045,606.4608609087169
76,1.924228075256878,48.44368183136617,613.1167084957132
77,1.923237160175496,48.809813110484214,619.7382526709034
78,1.922246482993225,49.17066158430877,626.325617798444
79,1.9212560467488984,49.52628228244126,632.8789279507362
80,1.920265854478316,49.876729686907325,639.3983069082227
81,1.9192759092141631,50.222057737607145,645.8838781591891
82,1.918286213985928,50.562319837711115,652.3357648995692
83,1.9172967718198206,50.89756885900153,658.7540900327555
84,1.9163075857386913,51.22785714716081,665.1389761694131
85,1.9153186587619502,51.553236527006774,671.4905456272993
86,1.9143299939054863,51.87375830767549,677.8089204310863
87,1.913341594181587,52.18947328775225,684.09422231219
88,1.9123534625988583,52.500431760351184,690.3465727086019
89,1.9113656021621446,52.806683518143984,696.5660927647261
90,1.910378015872449,53.10827785833836,702.7529033312211
91,1.9093907067268545,53.40526358760659,708.9071249648458
92,1.9084036777184448,53.69768902696476,715.0288779283097
93,1.9074169318362255,53.985602016603174,721.1182821901288
94,1.906430472065046,54.2690499206684,727.1754574244845
95,1.9054443013855211,54.54807963199746,733.2005230110891
96,1.9044584227739534,54.82273757680459,739.1935980350536
97,1.903472839202256,55.093069719321164,745.154801286762
98,1.9024875536378754,55.3591215663891,751.0842512617494
99,1.9015025690437144,55.62093817200833,756.9820661605845
100,1.900517888378056,55.87856414183878,762.8483638887576
101,1.8995335145944874,56.13204363765722,768.6832620565724
102,1.8985494506418237,56.38142038176957,774.4868779790429
103,1.8975656994640333,56.62673766137905,780.2593286757946
104,1.8965822640001624,56.86803833291056,786.0007308709708
105,1.8955991471842601,57.1053648262918,791.7112009931435
106,1.8946163519453048,57.338759149191624,797.3908551752289
107,1.8936338812071294,57.568262891215866,803.0398092544073
108,1.8926517378883487,57.793917228061254,808.6581787720479
109,1.8916699249022855,58.015762925627726,814.2460789736391
110,1.8906884451568977,58.233840344089614,819.8036248087218
111,1.8897073015547066,58.44818944192609,825.3309309308288
112,1.8887264969927242,58.65884977991125,830.8281116974289
113,1.8877460343623822,58.86586052506435,836.2952811698747
114,1.8867659165494604,59.06926045456042,841.732553113356
115,1.8857861464340155,59.269087959601855,847.1400409968575
116,1.8848067268903115,59.46538104925117,852.517857993122
117,1.8838276607867492,59.65817735422553,857.8661169786167
118,1.8828489509857969,59.84751413065318,863.1849305335061
119,1.8818706003439207,60.03342826379243,868.4744109416283
120,1.8808926117115166,60.21595627171334,873.7346701904769
121,1.8799149879328414,60.39513430894263,878.9658199711868
122,1.8789377318459457,60.570998170072116,884.1679716785254
123,1.8779608462826052,60.74358329333106,889.3412364108888
124,1.876984334068255,60.91292476412278,894.485724970301
125,1.8760081980219225,61.079057318525855,899.6015478624206
126,1.875032440956161,61.24201534676041,904.6888152965495
127,1.8740570656769844,61.401832896619645,909.747637185648
128,1.8730820749838022,61.55854367686707,914.7781231463546
129,1.8721074716693542,61.71218106059977,919.7803824990091
130,1.8711332585196467,61.86277808857807,924.7545242676823
131,1.8701594383138886,62.01036747252186,929.7006571802093
132,1.8691860138244276,62.15498159837397,934.6188896682274
133,1.868212987816688,62.29665252953095,939.5093298672198
134,1.867240363049108,62.4354120100415,944.3720856165621
135,1.8662681422730774,62.57129146777295,949.2072644595759
136,1.8652963282328767,62.70432201754608,954.0149736435852
137,1.864324923665616,62.834534464238615,958.7953201199786
138,1.8633539313011744,62.96195930585766,963.5484105442749
139,1.8623833538621397,63.08662673658146,968.2743512761954
140,1.8614131940637497,63.20856664977074,972.9732483797387
141,1.8604434546138324,63.32780864094996,977.645207623262
142,1.859474138212748,63.44438201075875,982.2903344795656
143,1.8585052475533306,63.55831576787385,986.9087341259828
144,1.8575367853208307,63.669638631901876,991.500511444475
145,1.8565687541928582,63.778379036243166,996.06577102173
146,1.8556011568393262,63.884565130927,1000.6046171492659
147,1.8546339959223945,63.9882247854185,1005.1171538235395
148,1.8536672740964146,64.08938559139747,1009.6034847460596
149,1.852700994007874,64.18807486550949,1014.0637133235041
150,1.8517351582953427,64.28431965208954,1018.4979426678422
151,1.8507697695894187,64.37814672585834,1022.9062755964612
152,1.8498048305126744,64.46958259459187,1027.2888146322982
153,1.848840343679604,64.55865350176414,1031.645662003975
154,1.847876311696571,64.64538542916355,1035.97691964594
155,1.8469127371617566,64.72980409948325,1040.2826891986113
156,1.845949622665108,64.8119349788854,1044.5630720085278
157,1.8449869707882876,64.8918032795401,1048.8181691285026
158,1.844024784104623,64.96943396213872,1053.0480813177812
159,1.843063065179057,65.0448517383823,1057.2529090422051
160,1.8421018165680987,65.118081073445,1061.432752474379
161,1.8411410408197746,65.189146188413,1065.5877114938428
162,1.8401807404735802,65.2580710626991,1069.7178856872476
163,1.8392209180604326,65.32487943643308,1073.8233743485378
164,1.838261576102624,65.38959481282835,1077.9042764791343
165,1.837302717113774,65.45224046052488,1081.9606907881268
166,1.8363443435987845,65.51283941590876,1085.9927156924657
167,1.8353864580537944,65.57141448540864,1090.0004493171614
168,1.834429062966134,65.62798824776927,1093.9839894954875
169,1.8334721608142803,65.68258305630226,1097.9434337691875
170,1.832515754067815,65.73522104111449,1101.8788793886865
171,1.831559845187379,65.78592411131417,1105.7904233133067
172,1.830604436624631,65.83471395719506,1109.6781622114886
173,1.8296495308222054,65.88161205239872,1113.5421924610139
174,1.8286951302136698,65.92663965605524,1117.382610149236
175,1.8277412372234847,65.96981781490277,1121.1995110733112
176,1.8267878542669622,66.01116736538563,1124.9929907404373
177,1.825834983750227,66.05070893573179,1128.7631443680946
178,1.824882628070176,66.0884629480094,1132.5100668842906
179,1.8239307896144399,66.12444962016293,1136.2338529278118
180,1.822979470761345,66.15868896802901,1139.934596848476
181,1.8220286738798748,66.19120080733211,1143.6123927073913
182,1.8210784013296333,66.22200475566038,1147.2673342772177
183,1.8201286554608085,66.25112023442176,1150.8995150424341
184,1.8191794386141353,66.27856647078062,1154.5090281996088
185,1.818230753120861,66.30436249957506,1158.0959666576737
186,1.8172826013027097,66.32852716521518,1161.660423038203
187,1.8163349854718478,66.3510791235623,1165.2024896756955
188,1.8153879079308501,66.3720368437896,1168.7222586178623
189,1.8144413709726668,66.39141861022411,1172.2198216259167
190,1.81349537688059,66.40924252417041,1175.6952701748687
191,1.812549927928222,66.42552650571616,1179.1486954538238
192,1.8116050263794434,66.44028829551962,1182.5801883662857
193,1.810660674488382,66.45354545657936,1185.9898395304626
194,1.8097168744993815,66.46531537598639,1189.3777392795773
195,1.8087736286469724,66.4756152666588,1192.7439776621818
196,1.8078309391558423,66.48446216905914,1196.0886444424746
197,1.8068888082408059,66.4918729528947,1199.4118291006234
198,1.8059472381067778,66.49786431880086,1202.7136208330903
199,1.8050062309487442,66.50245280000775,1205.9941085529617
200,1.8040657889517353,66.50565476399014,1209.2533808902808
201,1.8031259142907987,66.50748641410112,1212.491526192385
202,1.802186609130973,66.50796379118944,1215.7086325242462
203,1.8012478756272625,66.50710277520065,1218.9047876688164
204,1.8003097159246118,66.50491908676251,1222.0800791273737
205,1.7993721321578806,66.50142828875445,1225.2345941198755
206,1.7984351264518208,66.49664578786152,1228.3684195853134
207,1.797498700921052,66.49058683611283,1231.4816421820715
208,1.7965628576700385,66.48326653240474,1234.5743482882904
209,1.7956275987930679,66.4746998240089,1237.6466240022307
210,1.7946929263742277,66.46490150806514,1240.6985551426455
211,1.7937588424873852,66.45388623305979,1243.7302272491513
212,1.7928253491961654,66.4416685002891,1246.741725582605
213,1.791892448553932,66.42826266530813,1249.7331351254852
214,1.7909601426037665,66.41368293936533,1252.704540582273
215,1.7900284333784495,66.39794339082279,1255.656026379842
216,1.7890973229004419,66.3810579465624,1258.5876766678455
217,1.7881668131818667,66.36304039337803,1261.4995753191124
218,1.7872369062244908,66.34390437935389,1264.3918059300433
219,1.786307604019709,66.32366341522918,1267.2644518210102
220,1.785378908548526,66.3023308757492,1270.11759603676
221,1.7844508217815416,66.27992000100306,1272.9513213468226
222,1.7835233456789337,66.25644389774801,1275.7657102459195
223,1.7825964821904445,66.23191554072076,1278.5608449543777
224,1.7816702332553656,66.20634777393569,1281.3368074185453
225,1.780744600802523,66.17975331197016,1284.0936793112123
226,1.779819586750265,66.15214474123717,1286.8315420320323
227,1.7788951930064485,66.12353452124522,1289.5504767079483
228,1.7779714214684261,66.09393498584583,1292.2505641936225
229,1.777048274023035,66.06335834446863,1294.9318850718669
230,1.7761257525465843,66.03181668334405,1297.594519654079
231,1.7752038589048456,65.99932196671418,1300.23854798068
232,1.774282594953041,65.96588603803131,1302.864049821555
233,1.773361962535834,65.93152062114481,1305.471104676497
234,1.7724419634873192,65.89623732147614,1308.0597917756543
235,1.7715225996310144,65.86004762718213,1310.63019007998
236,1.7706038727798514,65.82296291030693,1313.1823782816834
237,1.769685784736168,65.78499442792238,1315.7164348046877
238,1.7687683372917002,65.74615332325716,1318.2324378050857
239,1.767851532227576,65.70645062681463,1320.7304651716026
240,1.7669353713143081,65.6658972574798,1323.210594526059
241,1.766019856311788,65.62450402361507,1325.6729032238375
242,1.7651049889692803,65.58228162414542,1328.1174683543522
243,1.7641907710254179,65.53924064963255,1330.5443667415207
244,1.7632772042081972,65.49539158333856,1332.9536749442375
245,1.7623642902349739,65.45074480227912,1335.345469256853
246,1.761452030812459,65.40531057826604,1337.719825709652
247,1.7605404276367163,65.35909907893972,1340.0768200693367
248,1.7596294823931586,65.31212036879124,1342.4165278395112
249,1.7587191967565463,65.26438441017437,1344.739024261169
250,1.757809572390985,65.21590106430764,1347.0443843131839
251,1.7569006109499243,65.16668009226638,1349.3326827128005
252,1.7559923140761569,65.11673115596496,1351.6039939161312
253,1.7550846834018177,65.06606381912947,1353.8583921186523
254,1.7541777205483846,65.01468754826055,1356.0959512557035
255,1.753271427126678,64.96261171358688,1358.3167450029907
256,1.7523658047368624,64.90984559000913,1360.5208467770894
257,1.7514608549684467,64.85639835803462,1362.708329735953
258,1.7505565794002873,64.8022791047028,1364.8792667794194
259,1.7496529796005889,64.74749682450148,1367.0337305497246
260,1.748750057126908,64.69206042027402,1369.1717934320145
261,1.7478478135261553,64.63597870411765,1371.2935275548612
262,1.7469462503346,64.57926039827282,1373.3990047907805
263,1.7460453690778728,64.52191413600383,1375.4882967567523
264,1.7451451712709707,64.46394846247067,1377.5614748147427
265,1.7442456584182613,64.40537183559239,1379.618610072227
266,1.7433468320134886,64.34619262690181,1381.6597733827177
267,1.7424486935397778,64.28641912239189,1383.6850353462912
268,1.7415512444696417,64.22605952335368,1385.6944663101192
269,1.740654486264987,64.16512194720605,1387.6881363690006
270,1.7397584203771215,64.10361442831719,1389.6661153658954
271,1.7388630482467597,64.04154491881805,1391.628472892461
272,1.7379683713040326,63.978921289407715,1393.5752782895906
273,1.7370743909684938,63.91575133015088,1395.5066006479528
274,1.7361811086491288,63.85204275126742,1397.4225088085336
275,1.7352885257443638,63.78780318391418,1399.3230713631797
276,1.7343966436420741,63.723040180959096,1401.2083566551444
277,1.7335054637195946,63.65776121774765,1403.078432779634
278,1.7326149873437289,63.591973692861764,1404.933367584358
279,1.73172521587076,63.52568492887127,1406.773228670078
280,1.7308361506464605,63.45890217307792,1408.5980833911617
281,1.7299477930061042,63.39163259825209,1410.407998856136
282,1.7290601442744775,63.32388330336223,1412.2030419282426
283,1.7281732057658903,63.25566131429713,1413.9832792259958
284,1.727286978784189,63.186973584581075,1415.748777123741
285,1.7264014646227683,63.11782699608196,1417.499601752215
286,1.7255166645645852,63.04822835971243,1419.235818999108
287,1.7246325798821707,62.97818441612413,1420.9574945096274
288,1.7237492118376443,62.90770183639512,1422.664693687062
289,1.7228665616827274,62.83678722271053,1424.3574816933494
290,1.721984630658758,62.765447109036494,1426.0359234496427
291,1.721103419996705,62.693687961787546,1427.7000836368804
292,1.7202229309171828,62.62151618048731,1429.3500266963574
293,1.7193431646304669,62.54893809842282,1430.9858168302958
294,1.7184641223365096,62.47595998329236,1432.6075180024188
295,1.7175858052249553,62.40258803784692,1434.2151939385258
296,1.7167082144751578,62.32882840052538,1435.808908127067
297,1.7158313512561953,62.25468714608347,1437.3887238197224
298,1.714955216726889,62.18017028621647,1438.954704031978
299,1.714079812035819,62.105283770175916,1440.506911543707
300,1.7132051383213416,62.030033485380116,1442.0454088997499
301,1.7123311967116086,61.9544252580188,1443.5702584104963
302,1.711457988324584,61.87846485365175,1445.0815221524679
303,1.7105855142680628,61.802157977801585,1446.5792619689028
304,1.7097137756396903,61.72551027654072,1448.0635394703409
305,1.70884277352698,61.648527337072586,1449.5344160352097
306,1.7079725090073339,61.57121468830713,1450.9919528104117
307,1.7071029831480613,61.49357780143068,1452.4362107119132
308,1.7062341970063994,61.41562209047021,1453.8672504253325
309,1.7053661516295329,61.337352912852076,1455.2851324065314
310,1.7044988480546144,61.258775569955326,1456.6899168822054
311,1.7036322873087857,61.17989530765949,1458.081663850476
312,1.7027664704091983,61.10071731688709,1459.4604330814839
313,1.7019013983630347,61.021246734140774,1460.8262841179828
314,1.7010370721675299,60.94148864203525,1462.1792762759337
315,1.7001734928099936,60.86144806982395,1463.5194686451007
316,1.699310661267832,60.781129993920565,1464.8469200896475
317,1.6984485785085692,60.7005393384155,1466.1616892487334
318,1.6975872454898717,60.61968097558723,1467.4638345371122
319,1.6967266631595694,60.53855972640864,1468.7534141457306
320,1.6958668324556798,60.4571803610485,1470.0304860423266
321,1.6950077543064308,60.375547599367934,1471.29510797203
322,1.6941494296302841,60.293666111412065,1472.5473374579628
323,1.6932918593359594,60.21154051789691,1473.7872318018406
324,1.6924350443224583,60.129175390691394,1475.0148480845735
325,1.6915789854790886,60.046575253294804,1476.23024316687
326,1.6907236836854886,59.963744581309435,1477.4334736898381
327,1.6898691398116523,59.880687802908696,1478.6245960755903
328,1.6890153547179534,59.79740929930063,1479.8036665278464
329,1.6881623292551715,59.71391340518691,1480.970741032539
330,1.687310064264517,59.6302044092173,1482.1258753584184
331,1.6864585605776563,59.54628655443978,1483.2691250576563
332,1.6856078190167387,59.46216403874619,1484.400545466454
333,1.6847578403944214,59.37784101531352,1485.5201917056474
334,1.6839086255138964,59.29332159304101,1486.6281186813137
335,1.6830601751689163,59.208609836982795,1487.7243810853788
336,1.6822124901438213,59.12370976877652,1488.809033396224
337,1.6813655712135662,59.03862536706763,1489.8821298792948
338,1.680519419143747,58.95336056792963,1490.9437245877075
339,1.679674034690628,58.86791926528015,1491.993871362859
340,1.6788294186011705,58.782305311293044,1493.0326238350337
341,1.6779855716130585,58.696522516806404,1494.0600354240141
342,1.6771424944547275,58.61057465172662,1495.0761593396883
343,1.6763001878453927,58.52446544542854,1496.08104858266
344,1.6754586524950763,58.43819858715166,1497.074755944858
345,1.6746178891046364,58.35177772639253,1498.057334010145
346,1.673777898365795,58.26520647329326,1499.0288351549284
347,1.6729386809611673,58.17848839902635,1499.9893115487691
348,1.67210023756429,58.09162703617563,1500.9388151549922
349,1.6712625688396503,58.00462587911366,1501.8773977312965
350,1.6704256754427151,57.9174883843753,1502.8051108303655
351,1.6695895580199602,57.830217971027736,1503.7220058004766
352,1.6687542172088996,57.74281802103693,1504.6281337861117
353,1.6679196536381158,57.65529187963041,1505.5235457285671
354,1.6670858679272884,57.56764285565661,1506.4082923665646
355,1.6662528606872247,57.47987422194067,1507.2824242368604
356,1.6654206325198897,57.39198921563684,1508.1459916748563
357,1.664589184018436,57.3039910385774,1508.999044815209
358,1.663758515767234,57.2158828576182,1509.84163359244
359,1.6629286283419031,57.12766780498085,1510.673807741547
360,1.662099522309341,57.03934897859163,1511.4956167986115
361,1.6612711982277555,56.95092944241702,1512.30711010141
362,1.6604436566466942,56.86241222679603,1513.1083367900228
363,1.6596168981070767,56.773800328769326,1513.899345807443
364,1.6587909231412248,56.68509671240509,1514.680185900187
365,1.6579657322728938,56.59630430912179,1515.4509056189017
366,1.657141326017304,56.50742601800778,1516.2115533189742
367,1.6563177048811717,56.41846470613777,1516.9621771611403
368,1.6554948693627412,56.32942320888632,1517.7028251120923
369,1.6546728199518161,56.24030433023821,1518.4335449450869
370,1.653851557129791,56.15111084309583,1519.154384240553
371,1.6530310813696834,56.061845489583575,1519.8653903866998
372,1.6522113931361655,55.97251098134933,1520.5666105801224
373,1.6513924928855968,55.88310999986301,1521.2580918264093
374,1.650574381066055,55.79364519671217,1521.939880940749
375,1.6497570581173693,55.70411919389482,1522.612024548535
376,1.6489405244711524,55.614534584109364,1523.2745690859726
377,1.6481247805508326,55.52489393104174,1523.9275608006833
378,1.6473098267716864,55.43519976964978,1524.5710457523096
379,1.6464956635408712,55.345454606444804,1525.2050698131197
380,1.6456822912574578,55.255660919770534,1525.829678668611
381,1.644869710312463,55.16582116007925,1526.444917818114
382,1.6440579210888824,55.075937750205306,1527.0508325753947
383,1.6432469239617236,54.98601308563602,1527.6474680692575
384,1.6424367192980385,54.89604953477989,1528.2348692441471
385,1.641627307456957,54.80604943923227,1528.8130808607502
386,1.6408186887897194,54.71601511403844,1529.382147496596
387,1.6400108636397095,54.625948847954184,1529.9421135466564
388,1.6392038323424887,54.53585290370376,1530.4930232239465
389,1.638397595225828,54.44572951823549,1531.0349205601233
390,1.6375921526097423,54.35558090297478,1531.5678494060846
391,1.6367875048065228,54.26540924407477,1532.0918534325674
392,1.6359836521207713,54.17521670266452,1532.606976130744
393,1.6351805948494331,54.08500541509482,1533.113260812821
394,1.6343783332818307,53.99477749318161,1533.610750612633
395,1.6335768676996971,53.90453502444708,1534.0994884862405
396,1.6327761983772098,53.81428007235841,1534.5795172125227
397,1.6319763255810238,53.724014676564224,1535.0508793937731
398,1.6311772495703059,53.633740853128764,1535.5136174562924
399,1.630378970596768,53.5434605947638,1535.9677736509811
400,1.6295814889047011,53.45317587105831,1536.413390053932
401,1.6287848047310087,53.36288862870594,1536.8505085670215
402,1.627988918305241,53.272600791730255,1537.2791709184994
403,1.6271938298496285,53.18231426170787,1537.6994186635802
404,1.6263995395791155,53.092030917989376,1538.1112931850307
405,1.625606047701395,53.00175261791814,1538.5148356937589
406,1.6248133544169412,52.91148119704708,1538.9100872294016
407,1.6240214599190448,52.8212184693532,1539.2970886609112
408,1.623230364393846,52.73096622745021,1539.6758806871412
409,1.6224400680203686,52.64072624279902,1540.0465038374316
410,1.6216505709705544,52.55050026591621,1540.4089984721927
411,1.6208618734092968,52.46029002658052,1540.7634047834888
412,1.6200739754944746,52.370097234037345,1541.109762795621
413,1.6192868773769868,52.279923577201224,1541.4481123657085
414,1.6185005792007856,52.189770724856444,1541.7784931842693
415,1.6177150811029113,52.09964032585568,1542.1009447758006
416,1.6169303832135253,52.0095340093167,1542.415506499357
417,1.6161464856559455,51.91945338481725,1542.7222175491293
418,1.615363388546679,51.82940004258799,1543.021116955021
419,1.6145810919954566,51.73937555370361,1543.3122435832258
420,1.6137995961052676,51.64938147027211,1543.5956361368019
421,1.613018900972392,51.55941932562226,1543.871333156246
422,1.6122390066864367,51.46949063448924,1544.1393730200678
423,1.6114599133303673,51.37959689319853,1544.3997939453616
424,1.610681620980544,51.289739579848,1544.6526339883785
425,1.6099041297067542,51.19992015448829,1544.8979310450961
426,1.6091274395722472,51.11014005930139,1545.1357228517884
427,1.608351550633768,51.0204007187776,1545.3660469855945
428,1.6075764629415907,50.93070353989069,1545.5889408650853
429,1.6068021765395535,50.84104991227147,1545.804441750831
430,1.6060286914650914,50.751441208379624,1546.0125867459662
431,1.605256007749271,50.66187878367395,1546.2134127967533
432,1.6044841254168236,50.57236397678089,1546.4069566931473
433,1.6037130444861794,50.48289810966158,1546.5932550693572
434,1.6029427649695014,50.39348248777713,1546.772344404407
435,1.602173286872719,50.30411840025241,1546.9442610226972
436,1.6014046101955617,50.214807120038316,1547.1090410945624
437,1.6006367349315926,50.125549904072344,1547.2667206368299
438,1.599869661068243,50.03634799343774,1547.4173355133767
439,1.5991033885868446,49.94720261352107,1547.5609214356853
440,1.5983379174626644,49.85811497416833,1547.6975139633978
441,1.5975732476649374,49.769086269839455,1547.8271485048706
442,1.5968093791569005,49.680117679761466,1547.9498603177256
443,1.5960463118958261,49.5912103680801,1548.0656845094027
444,1.5952840458330553,49.50236548400996,1548.174656037709
445,1.5945225809140315,49.41358416198327,1548.276809711368
446,1.5937619170783337,49.32486752179721,1548.3721801905688
447,1.5930020542597096,49.236216668759766,1548.4608019875104
448,1.5922429923861094,49.14763269383428,1548.5427094669499
449,1.5914847313797185,49.059116673782576,1548.6179368467444
450,1.5907272711569906,48.970669671306666,1548.686518198397
451,1.5899706116286818,48.88229273518922,1548.7484874475958
452,1.5892147526998828,48.79398690043253,1548.8038783747572
453,1.5884596942700517,48.70575318839631,1548.8527246155647
454,1.587705436233048,48.61759260693406,1548.8950596615068
455,1.5869519784771646,48.52950615052817,1548.9309168604145
456,1.586199320885161,48.44149480042374,1548.9603294169985
457,1.5854474633342963,48.35355952476108,1548.9833303933824
458,1.584696405696362,48.265701278707,1548.9999527096372
459,1.583946147837714,48.177921004584775,1549.0102291443134
460,1.583196689619306,48.090219632002956,1549.0141923349722
461,1.5824480308967217,48.002598077982874,1549.011874778716
462,1.581700171520208,47.91505724708493,1549.0033088327154
463,1.5809531113347057,47.82759803153373,1548.9885267147383
464,1.5802068501798843,47.740221311341976,1548.9675605036753
465,1.5794613878901722,47.652927954433196,1548.9404421400645
466,1.5787167242947904,47.565718816763294,1548.9072034266158
467,1.5779728592177837,47.478594742440926,1548.867876028732
468,1.5772297924780538,47.39155656384675,1548.8224914750317
469,1.5764875238893905,47.30460510175152,1548.771081157867
470,1.575746053260504,47.21774116543308,1548.7136763338438
471,1.575005380395057,47.130965552792176,1548.6503081243377
472,1.5742655050916963,47.044279050467225,1548.5810075160114
473,1.5735264271440845,46.95768243394797,1548.5058053613277
474,1.5727881463409321,46.87117646768805,1548.4247323790644
475,1.5720506624660286,46.784761905216456,1548.3378191548252
476,1.5713139752982748,46.698439489248,1548.2450961415511
477,1.570578084611713,46.61220995179268,1548.1465936600296
478,1.5698429901755602,46.52607401426396,1548.0423418994023
479,1.5691086917542376,46.44003238758613,1547.9323709176733
480,1.5683751891074031,46.35408577230053,1547.816710642213
481,1.567642481989982,46.26823485867083,1547.6953908702628
482,1.5669105701521975,46.182480326787264,1547.5684412694384
483,1.5661794533396032,46.096822846669895,1547.435891378231
484,1.5654491312931127,46.011263078370874,1547.2977706065074
485,1.564719603749031,45.925801672075735,1547.1541082360086
486,1.5639908704390848,45.84043926820374,1547.004933420848
487,1.5632629310904538,45.755176497507236,1546.8502751880071
488,1.562535785425801,45.670013981170065,1546.6901624378302
489,1.5618094331633032,45.58495233090507,1546.5246239445178
490,1.561083874016681,45.49999214905063,1546.3536883566196
491,1.5603591076952301,45.4151340286663,1546.1773841975241
492,1.5596351339038508,45.33037855362753,1545.995739865949
493,1.558911952343078,45.24572629871948,1545.8087836364284
494,1.5581895627091118,45.16117782972994,1545.6165436598
495,1.5574679646938479,45.07673370354136,1545.4190479636904
496,1.5567471579849057,44.99239446822201,1545.2163244529993
497,1.5560271422656604,44.90816066311628,1545.0084009103812
498,1.5553079172152708,44.82403281893408,1544.7953049967275
499,1.5545894825087103,44.74001145783944,1544.577064251646
500,1.5538718378167953,44.65609709353822,1544.3537060939402
501,1.5531549828062154,44.572290231365024,1544.1252578220847
502,1.5524389171395625,44.48859136836923,1543.8917466147027
503,1.5517236404753603,44.40500099340024,1543.6531995310395
504,1.5510091524680927,44.32151958719196,1543.4096435114357
505,1.5502954527682338,44.238147622446334,1543.1611053777983
506,1.549582541022276,44.154885563916274,1542.9076118340722
507,1.54887041687276,44.071733868487605,1542.6491894667076
508,1.5481590799583023,43.988692985260386,1542.3858647451286
509,1.5474485299136242,43.90576335562935,1542.1176640221984
510,1.5467387663695815,43.82294541336363,1541.8446135346842
511,1.5460297889531915,43.740239584685725,1541.5667394037214
512,1.5453215972876624,43.65764628834968,1541.2840676352744
513,1.5446141909924207,43.57516593571856,1540.9966241205975
514,1.5439075696831401,43.492798930841126,1540.7044346366945
515,1.5432017329717698,43.410545670527874,1540.407524846776
516,1.5424966804665612,43.32840654442626,1540.105920300715
517,1.5417924117720976,43.24638193509524,1539.7996464355042
518,1.5410889264893204,43.164472218079126,1539.4887285757065
519,1.5403862242155577,43.082677761980676,1539.1731919339097
520,1.5396843045445516,43.000998928533555,1538.853061611176
521,1.5389831670664857,42.91943607267407,1538.5283625974917
522,1.5382828113680125,42.837989542612206,1538.1991197722155
523,1.5375832370322808,42.756659679902015,1537.8653579045247
524,1.5368844436389628,42.675446819511336,1537.5271016538602
525,1.5361864307642812,42.5943512898908,1537.1843755703712
526,1.535489197981036,42.513373413042245,1536.837204095357
527,1.5347927448586316,42.43251350458643,1536.485611561708
528,1.5340970709631037,42.35177187383013,1536.1296221943455
529,1.5334021758571454,42.271148823832554,1535.7692601106594
530,1.5327080591001347,42.190644651471196,1535.404549320946
531,1.5320147202481602,42.110259647506986,1535.035513728843
532,1.5313221588540473,42.029994096648856,1534.662177131763
533,1.5306303744673855,41.949848277617704,1534.284563221327
534,1.5299393666345535,41.86982246320969,1533.9026955837958
535,1.5292491348987458,41.78991692035899,1533.5165977004983
536,1.5285596787999984,41.710131910199934,1533.1262929482616
537,1.527870997875215,41.63046768812853,1532.7318045998377
538,1.5271830916581919,41.55092450386343,1532.3331558243287
539,1.5264959596796448,41.47150260150627,1531.9303696876113
540,1.5258096014672335,41.39220221960151,1531.52346915276
541,1.5251240165455877,41.313023591195574,1531.1124770804684
542,1.524439204436332,41.23396694389562,1530.6974162294687
543,1.5237551646581111,41.15503249992753,1530.278309256952
544,1.5230718967266155,41.07622047619353,1529.855178718984
545,1.5223894001546057,40.99753108432912,1529.4280470709218
546,1.5217076744519376,40.91896453075957,1528.996936667828
547,1.521026719125587,40.8405210167558,1528.5618697648847
548,1.520346533679675,40.762200738489774,1528.1228685178041
549,1.5196671176154912,40.68400388708931,1527.6799549832401
550,1.5189884704315193,40.60593064869246,1527.2331511191962
551,1.5183105916234612,40.527981204501245,1526.7824787854343
552,1.5176334806842608,40.45015573083499,1526.3279597438795
553,1.516957137104129,40.372454399183106,1525.8696156590267
554,1.516281560370567,40.29487737625731,1525.4074680983429
555,1.5156067499683903,40.217424824043455,1524.9415385326695
556,1.5149327053797528,40.140096899852786,1524.4718483366232
557,1.5142594260841706,40.06289375637273,1523.9984187889957
558,1.5135869115585452,39.98581554171721,1523.521271073151
559,1.5129151612771872,39.90886239947645,1523.0404262774223
560,1.5122441747118396,39.832034468766324,1522.5559053955078
561,1.5115739513317017,39.75533188427725,1522.0677293268636
562,1.5109044906034512,39.67875477632254,1521.5759188770974
563,1.5102357919912681,39.60230327088643,1521.0804947583583
564,1.5095678549568574,39.525977489671476,1520.5814775897277
565,1.508900678959472,39.44977755014563,1520.0788878976068
566,1.5082342634559356,39.37370356558881,1519.5727461161048
567,1.5075686079006647,39.29775564513903,1519.0630725874234
568,1.5069037117456918,39.22193389383807,1518.5498875622422
569,1.506239574440688,39.14623841267677,1518.033211200101
570,1.5055761954329845,39.07066929863982,1517.5130635697813
571,1.5049135741675954,38.99522664475015,1516.9894646496873
572,1.50425171008724,38.919910540112895,1516.4624343282244
573,1.503590602632364,38.844721069958936,1515.9319924041768
574,1.5029302512411622,38.769658315688055,1515.3981585870838
575,1.5022706553496001,38.69472235491158,1514.8609524976146
576,1.5016118143914352,38.619913261494766,1514.3203936679417
577,1.500953727798239,38.54523110559861,1513.776501542114
578,1.5002963949994184,38.470675953721404,1513.2292954764262
579,1.4996398154222366,38.396247868739806,1512.6787947397897
580,1.4989839884918352,38.32194690994954,1512.1250185141
581,1.4983289136312548,38.24777313310572,1511.567985894604
582,1.4976745902614559,38.17372659046274,1511.0077158902648
583,1.4970210178013406,38.09980733081385,1510.4442274241271
584,1.4963681956677723,38.02601539953029,1509.8775393336791
585,1.4957161232755976,37.95235083860008,1509.3076703712147
586,1.495064800037666,37.87881368666643,1508.7346392041932
587,1.4944142253648511,37.80540397906578,1508.1584644155987
588,1.4937643986660705,37.73212174786547,1507.5791645042973
589,1.4931153193483064,37.658967021901056,1506.996757885394
590,1.492466986816626,37.58593982681325,1506.4112628905864
591,1.491819400474201,37.51304018508455,1505.8226977685201
592,1.4911725597223278,37.44026811607544,1505.23108068514
593,1.490526463960448,37.367623636060316,1504.6364297240411
594,1.4898811125861675,37.29510675826303,1504.0387628868198
595,1.4892365049952763,37.22271749289208,1503.4380980934202
596,1.4885926405817684,37.15045584717551,1502.8344531824832
597,1.4879495187378609,37.0783218253954,1502.2278459116912
598,1.4873071388540136,37.0063154289221,1501.618293958113
599,1.486665500318948,36.93443665624808,1501.0058149185475
600,1.4860246025196668,36.862685503021474,1500.3904263098648
601,1.4853844448414733,36.7910619620793,1499.7721455693477
602,1.484745026667989,36.71956602348035,1499.1509900550311
603,1.4841063473811738,36.648197674537776,1498.52697704604
604,1.4834684063613446,36.576956899851375,1497.900123742926
605,1.482831202987193,36.505843681339485,1497.270447268004
606,1.4821947366358053,36.43485799827069,1496.6379646656853
607,1.4815590066826794,36.3639998272951,1496.0026929028113
608,1.4809240125017444,36.29326914247547,1495.3646488689856
609,1.480289753465378,36.22266591531781,1494.7238493769034
610,1.4796562289444255,36.15219011480195,1494.0803111626826
611,1.4790234383082168,36.081841707411584,1493.4340508861903
612,1.478391380924585,36.01162065716417,1492.7850851313704
613,1.4777600561598845,35.94152692564049,1492.1334304065686
614,1.477129463379008,35.87156047201389,1491.479103144857
615,1.4764996019454046,35.80172125307931,1490.8221197043572
616,1.4758704712210977,35.732009223281956,1490.1624963685626
617,1.4752420705667013,35.66242433474577,1489.5002493466575
618,1.4746143993414385,35.59296653730154,1488.8353947738376
619,1.4739874569031581,35.52363577851482,1488.1679487116285
620,1.4733612426083522,35.45443200371352,1487.497927148201
621,1.4727357558121728,35.38535515601523,1486.825345998688
622,1.4721109958684488,35.31640517635433,1486.1502211054985
623,1.4714869621297035,35.247582003508775,1485.4725682386318
624,1.4708636539471704,35.17888557412667,1484.7924030959869
625,1.4702410706708107,35.110315822752526,1484.109741303676
626,1.469619211649329,35.04187268185335,1483.4245984163329
627,1.4689980762301906,34.97355608184437,1482.7369899174212
628,1.4683776637596375,34.905365951114604,1482.0469312195419
629,1.4677579735827047,34.83730221605212,1481.354437664739
630,1.4671390050432362,34.76936480106911,1480.6595245248043
631,1.4665207574839014,34.70155362862661,1479.9622070015814
632,1.465903230246211,34.63386861925913,1479.262500227267
633,1.4652864226705322,34.56630969159891,1478.5604192647133
634,1.464670334096106,34.498876762399995,1477.8559791077273
635,1.4640549638610616,34.431569746562104,1477.1491946813696
636,1.4634403113024321,34.3643885571542,1476.4400808422524
637,1.462826375756171,34.29733310543788,1475.728652378835
638,1.4622131565571663,34.2304033008905,1475.0149240117205
639,1.461600653039257,34.16359905122811,1474.2989103939485
640,1.4609888645352471,34.09692026242815,1473.5806261112891
641,1.4603777903769224,34.03036683875188,1472.8600856825344
642,1.4597674298950638,33.963938682766674,1472.1373035597883
643,1.4591577824194633,33.897635695368024,1471.4122941287567
644,1.4585488472789383,33.831457775801375,1470.6850717090358
645,1.4579406238013473,33.765404821683696,1469.9556505543994
646,1.4573331113136034,33.69947672902488,1469.2240448530843
647,1.4567263091416898,33.63367339224893,1468.490268728075
648,1.4561202166106733,33.567994704214925,1467.7543362373888
649,1.45551483304472,33.50244055623776,1467.0162613743562
650,1.4549101577671089,33.43701083810873,1466.2760580679048
651,1.4543061901002454,33.371705438115875,1465.5337401828374
652,1.4537029293656771,33.30652424306412,1464.7893215201125
653,1.4531003748841065,33.24146713829524,1464.0428158171217
654,1.4524985259754055,33.176534007707644,1463.2942367479673
655,1.4518973819586292,33.11172473377588,1462.543597923737
656,1.4512969421520294,33.047039197570044,1461.7909128927802
657,1.4506972058730692,32.98247727877496,1461.0361951409798
658,1.4500981724384352,32.91803885570914,1460.2794580920263
659,1.449499841164052,32.85372380534362,1459.5207151076877
660,1.4489022113650958,32.789532003320524,1458.7599794880807
661,1.4483052823560068,32.72546332397154,1457.9972644719398
662,1.447709053450503,32.66151764033614,1457.2325832368851
663,1.447113523961594,32.597694824179655,1456.4659488996895
664,1.4465186932015928,32.533994746011146,1455.6973745165442
665,1.4459245604821296,32.47041727510111,1454.926873083324
666,1.445331125114165,32.406962279499055,1454.1544575358505
667,1.4447383864080017,32.34362962605078,1453.3801407501558
668,1.4441463436732986,32.28041918041562,1452.6039355427424
669,1.4435549962190823,32.21733080708344,1451.8258546708453
670,1.4429643433537607,32.154364369391466,1451.0459108326904
671,1.4423743843851342,32.09151972954097,1450.2641166677536
672,1.4417851186204098,32.02879674861377,1449.4804847570172
673,1.441196545366212,31.966195286588594,1448.695027623227
674,1.4406086639285953,31.903715202357226,1447.907757731147
675,1.4400214736130574,31.841356353740544,1447.1186874878142
676,1.4394349737245502,31.77911859750437,1446.3278292427908
677,1.4388491635674918,31.717001789375182,1445.5351952884166
678,1.4382640424457789,31.655005784055625,1444.7407978600604
679,1.4376796096627984,31.593130435239924,1443.9446491363692
680,1.4370958645214396,31.531375595629093,1443.146761239518
681,1.436512806324105,31.469741116946025,1442.3471462354569
682,1.435930434372723,31.408226849950413,1441.545816134159
683,1.4353487479687583,31.34683264445352,1440.7427828898649
684,1.434767746413224,31.28555834933281,1439.9380584013286
685,1.434187429006693,31.22440381254642,1439.131654512061
686,1.4336077950493087,31.163368881147495,1438.3235830105725
687,1.4330288438407972,31.102453401298376,1437.513855630615
688,1.4324505746804774,31.041657218284648,1436.7024840514223
689,1.4318729868672726,30.980980176529027,1435.8894798979509
690,1.4312960796997214,30.920422119605135,1435.0748547411179
691,1.4307198524759885,30.859982890251118,1434.2586200980384
692,1.4301443044938758,30.79966233038312,1433.4407874322635
693,1.4295694350508326,30.73946028110865,1432.621368154015
694,1.4289952434439666,30.67937658273976,1431.8003736204212
695,1.4284217289700547,30.619411074806155,1430.9778151357496
696,1.4278488909255531,30.559563596068113,1430.1537039516406
697,1.4272767286066081,30.49983398452931,1429.328051267339
698,1.4267052413090664,30.44022207744949,1428.5008682299256
699,1.4261344283284847,30.380727711357025,1427.672165934545
700,1.4255642889601412,30.32135072206133,1426.8419554246377
701,1.4249948224990447,30.26209094466516,1426.0102476921656
702,1.4244260282399452,30.202948213576796,1425.1770536778401
703,1.4238579054773437,30.143922362522066,1424.342384271348
704,1.423290453505502,30.085013224556278,1423.5062503115764
705,1.4227236716184528,30.026220632076022,1422.6686625868372
706,1.4221575591100095,29.96754441683085,1421.8296318350901
707,1.4215921152737756,29.908984409934828,1420.989168744165
708,1.421027339403155,29.850540441877968,1420.1472839519834
709,1.4204632307913605,29.792212342537574,1419.3039880467784
710,1.4198997887314244,29.73399994118942,1418.459291567315
711,1.4193370125162075,29.67590306651886,1417.6132050031076
712,1.418774901438408,29.61792154663178,1416.7657387946383
713,1.4182134547905714,29.560055209065485,1415.9169033335736
714,1.4176526718651,29.502303880799424,1415.0667089629796
715,1.4170925519542605,29.44466738826584,1414.2151659775377
716,1.4165330943501955,29.3871455573603,1413.3622846237574
717,1.4159742983449302,29.32973821345209,1412.5080751001906
718,1.4154161632303826,29.272445181394552,1411.652547557643
719,1.4148586882983722,29.215266285535275,1410.7957120993854
720,1.414301872840629,29.15820134972618,1409.9375787813638
721,1.4137457161488012,29.101250197333524,1409.0781576124093
722,1.4131902175144655,29.044412651247775,1408.2174585544465
723,1.4126353762291346,28.987688533893394,1407.3554915227007
724,1.4120811915842657,28.931077667238533,1406.4922663859054
725,1.4115276628712699,28.87457987280459,1405.627792966507
726,1.4109747893815194,28.818194971675695,1404.7620810408714
727,1.410422570406357,28.7619227845081,1403.8951403394867
728,1.4098710052371037,28.705763131539445,1403.0269805471669
729,1.409320093165067,28.64971583259793,1402.1576113032547
730,1.408769833481549,28.59378070711143,1401.2870422018223
731,1.4082202254778555,28.53795757411646,1400.4152827918722
732,1.4076712684453023,28.48224625226708,1399.5423425775373
733,1.4071229616752243,28.42664655984368,1398.6682310182796
734,1.4065753044589835,28.37115831476171,1397.7929575290882
735,1.4060282960879762,28.31578133458029,1396.9165314806762
736,1.4054819358536412,28.26051543651071,1396.0389621996783
737,1.4049362230474678,28.20536043742488,1395.1602589688441
738,1.4043911569610024,28.15031615386368,1394.2804310272352
739,1.4038467368858574,28.095382402045196,1393.3994875704173
740,1.4033029621137179,28.040558997872896,1392.517437750654
741,1.4027598319363495,27.98584575694371,1391.6342906770983
742,1.4022173456456055,27.93124249455602,1390.750055415985
743,1.4016755025334349,27.876749025717547,1389.8647409908197
744,1.4011343018918887,27.8223651651532,1388.9783563825702
745,1.400593743013128,27.768090727312806,1388.090910529854
746,1.4000538251894303,27.713925526378755,1387.2024123291267
747,1.3995145477131983,27.659869376273576,1386.3128706348696
748,1.3989759098769645,27.60592209066742,1385.4222942597758
749,1.3984379109734006,27.552083482985484,1384.5306919749357
750,1.3979005502953228,27.498353366415326,1383.6380725100223
751,1.3973638271356996,27.444731553914124,1382.7444445534745
752,1.3968277407876584,27.39121785821583,1381.849816752681
753,1.3962922905444919,27.33781209183828,1380.9541977141616
754,1.3957574756996656,27.2845140670902,1380.0575960037509
755,1.3952232955468238,27.23132359607815,1379.1600201467766
756,1.3946897493797963,27.178240490713378,1378.261478628241
757,1.3941568364926056,27.125264562718613,1377.3619798930008
758,1.3936245561794722,27.072395623634783,1376.4615323459439
759,1.3930929077348226,27.019633484827647,1375.5601443521684
760,1.3925618904532941,26.966977957494365,1374.657824237159
761,1.3920315036297426,26.91442885266999,1373.7545802869633
762,1.3915017465592474,26.86198598123389,1372.8504207483672
763,1.390972618537119,26.809649153916112,1371.9453538290693
764,1.390444118858904,26.757418181303645,1371.039387697855
765,1.3899162468203923,26.70529287384665,1370.13253048477
766,1.389389001717622,26.65327304186458,1369.2247902812917
767,1.3888623828468862,26.60135849555228,1368.3161751405014
768,1.3883363895047394,26.549549044985977,1367.406693077255
769,1.387811020988002,26.49784450012923,1366.4963520683539
770,1.3872862765937672,26.446244670838798,1365.5851600527124
771,1.3867621556194074,26.39474936687045,1364.6731249315283
772,1.3862386573625785,26.343358397884703,1363.7602545684497
773,1.3857157811212262,26.29207157345251,1362.8465567897426
774,1.3851935261935922,26.240888703060865,1361.9320393844573
775,1.384671891878219,26.18980959611836,1361.0167101045936
776,1.3841508774739566,26.138834061960665,1360.1005766652663
777,1.3836304822799665,26.087961909855963,1359.1836467448695
778,1.3831107055957284,26.03719294901032,1358.2659279852394
779,1.3825915467210448,25.986526988572965,1357.3474279918175
780,1.3820730049560472,25.935963837641562,1356.4281543338136
781,1.3815550796012008,25.88550330526737,1355.508114544365
782,1.38103776995731,25.83514520046039,1354.5873161206996
783,1.3805210753255233,25.7848893321944,1353.6657665242942
784,1.3800049950073392,25.734735509411998,1352.7434731810342
785,1.3794895283046107,25.68468354102953,1351.8204434813724
786,1.3789746745195504,25.634733235941976,1350.896684780487
787,1.378460432954736,25.58488440302781,1349.972204398438
788,1.3779468029131152,25.535136851153773,1349.0470096203242
789,1.37743378369801,25.48549038917958,1348.1211076964391
790,1.3769213746131221,25.43594482596261,1347.194505842426
791,1.3764095749625382,25.386499970362518,1346.2672112394318
792,1.375898384050734,25.33715563124579,1345.3392310342615
793,1.3753878011825793,25.287911617490256,1344.4105723395305
794,1.3748778256633432,25.238767737989555,1343.481242233818
795,1.3743684567986976,25.189723801657518,1342.5512477618176
796,1.373859693894723,25.14077961743254,1341.6205959344893
797,1.3733515362579125,25.091934994281864,1340.6892937292089
798,1.3728439831951769,25.043189741205847,1339.7573480899189
799,1.372337034013848,24.994543667242144,1338.8247659272763
800,1.3718306880216848,24.945996581469867,1337.891554118802
801,1.3713249445268763,24.897548293013685,1336.957719509028
802,1.3708198028380465,24.84919861104786,1336.0232689096447
803,1.3703152622642594,24.800947344800274,1335.0882090996472
804,1.369811322115022,24.752794303556364,1334.152546825481
805,1.36930798170029,24.70473929666304,1333.2162888011878
806,1.3688052403304707,24.656782133532534,1332.2794417085486
807,1.3683030973164276,24.608922623646233,1331.3420121972292
808,1.367801551969485,24.56116057655842,1330.4040068849226
809,1.367300603601432,24.513495801900017,1329.4654323574914
810,1.3668002515245252,24.465928109382247,1328.5262951691102
811,1.366300495051495,24.418457308800274,1327.586601842407
812,1.3658013334955474,24.37108321003679,1326.646358868603
813,1.3653027661703698,24.323805623065546,1325.705572707654
814,1.3648047923901332,24.27662435795487,1324.764249788389
815,1.3643074114694969,24.2295392248711,1323.8223965086493
816,1.3638106227236126,24.182550034082023,1322.8800192354265
817,1.3633144254681275,24.135656595960228,1321.9371243050007
818,1.3628188190191886,24.088858720986433,1320.993718023077
819,1.3623238026934457,24.042156219752794,1320.0498066649216
820,1.3618293758080557,23.99554890296612,1319.1053964754985
821,1.3613355376806862,23.94903658145111,1318.160493669604
822,1.3608422876295183,23.902619066153495,1317.2151044320015
823,1.3603496249732514,23.856296168143174,1316.2692349175557
824,1.3598575490311056,23.8100676986173,1315.3228912513653
825,1.3593660591228258,23.763933468903314,1314.376079528897
826,1.3588751545686848,23.717893290461983,1313.4288058161162
827,1.358384834689487,23.67194697489033,1312.4810761496203
828,1.3578950988065712,23.62609433392459,1311.532896536768
829,1.3574059462418149,23.580335179443107,1310.5842729558112
830,1.3569173763176365,23.534669323469174,1309.6352113560242
831,1.3564293883569996,23.489096578173857,1308.6857176578333
832,1.355941981683415,23.44361675587879,1307.7357977529446
833,1.355455155620945,23.398229669058903,1306.785457504474
834,1.3549689094942063,23.352935130345145,1305.8347027470727
835,1.3544832426283724,23.307732952527157,1304.883539287056
836,1.3539981543491775,23.26262294855591,1303.9319729025283
837,1.3535136439829194,23.21760493154631,1302.98000934351
838,1.3530297108564624,23.172678714779774,1302.0276543320624
839,1.35254635429724,23.127844111706754,1301.0749135624128
840,1.3520635736332582,23.08310093594925,1300.121792701078
841,1.3515813681930986,23.038449001303277,1299.1682973869888
842,1.3510997373059206,22.9938881217413,1298.2144332316125
843,1.350618680301465,22.94941811141463,1297.2602058190757
844,1.3501381965100563,22.905038784655815,1296.3056207062866
845,1.3496582852626058,22.86074995598095,1295.350683423056
846,1.3491789458906138,22.816551440092006,1294.395399472218
847,1.3487001777261736,22.77244305187909,1293.4397743297518
848,1.3482219801019724,22.728424606422703,1292.4838134448996
849,1.3477443523512953,22.684495918995935,1291.5275222402872
850,1.347267293808028,22.64065680506666,1290.5709061120426
851,1.3467908038066578,22.596907080299683,1289.6139704299144
852,1.3463148816822783,22.55324656055886,1288.6567205373885
853,1.3458395267705905,22.509675061909196,1287.6991617518065
854,1.3453647384079057,22.46619240061889,1286.741299364482
855,1.344890515931148,22.422798393161393,1285.7831386408168
856,1.3444168586778569,22.37949285621739,1284.8246848204158
857,1.3439437659861895,22.336275606676782,1283.8659431172034
858,1.343471237194923,22.293146461640646,1282.9069187195375
859,1.3429992716434564,22.250105238423135,1281.9476167903235
860,1.3425278686718145,22.207151754553376,1280.9880424671278
861,1.3420570276206485,22.16428582777734,1280.0282008622912
862,1.3415867478312389,22.12150727605967,1279.0680970630413
863,1.3411170286454979,22.078815917585498,1278.1077361316043
864,1.3406478694059714,22.036211570762216,1277.1471231053176
865,1.3401792694558414,21.993694054221244,1276.1862629967397
866,1.3397112281389278,21.95126318681976,1275.2251607937612
867,1.3392437447996908,21.90891878764239,1274.2638214597155
868,1.3387768187832327,21.866660676002905,1273.3022499334868
869,1.3383104494353009,21.82448867144587,1272.3404511296212
870,1.3378446361022887,21.78240259374826,1271.378429938434
871,1.3373793781312378,21.740402262921073,1270.416191226118
872,1.3369146748698408,21.698487499210916,1269.4537398348514
873,1.3364505256664427,21.65665812310154,1268.491080582905
874,1.3359869298700429,21.614913955315384,1267.528218264749
875,1.3355238868302965,21.573254816815087,1266.5651576511586
876,1.3350613958975177,21.531680528804948,1265.60190348932
877,1.3345994564226804,21.490190912732405,1264.6384605029361
878,1.3341380677574204,21.44878579028947,1263.6748333923313
879,1.333677229254037,21.40746498341413,1262.7110268345548
880,1.3332169402654954,21.366228314291742,1261.7470454834854
881,1.332757200145428,21.32507560535641,1260.7828939699348
882,1.332298008248136,21.284006679292315,1259.81857690175
883,1.3318393639285915,21.243021359035055,1258.8540988639165
884,1.3313812665424392,21.20211946777293,1257.88946441866
885,1.3309237154459976,21.161300828948246,1256.9246781055476
886,1.330466709996261,21.120565266258538,1255.959744441589
887,1.3300102495509012,21.07991260365784,1254.994667921338
888,1.3295543334682687,21.039342665357882,1254.0294530169913
889,1.329098961107395,20.998855275829303,1253.0641041784895
890,1.328644131827993,20.95845025980281,1252.0986258336156
891,1.3281898449904594,20.91812744227034,1251.1330223880943
892,1.3277360999558765,20.877886648486193,1250.16729822569
893,1.3272828960860126,20.83772770396815,1249.2014577083053
894,1.3268302327433241,20.797650434498568,1248.2355051760778
895,1.326378109290957,20.75765466612545,1247.2694449474782
896,1.3259265250927483,20.717740225163517,1246.3032813194059
897,1.3254754795132269,20.67790693819522,1245.3370185672861
898,1.3250249719176155,20.63815463207178,1244.370660945165
899,1.3245750016718318,20.598483133914183,1243.4042126858053
900,1.3241255681424897,20.558892271114154,1242.4376780007815
901,1.3236766706969008,20.519381871335124,1241.471061080574
902,1.3232283087030754,20.47995176251318,1240.504366094663
903,1.3227804815297242,20.44060177285799,1239.537597191623
904,1.3223331885462588,20.401331730853702,1238.5707584992156
905,1.321886429122794,20.36214146525985,1237.6038541244818
906,1.321440202630148,20.323030805112218,1236.6368881538353
907,1.3209945084398438,20.2839995797237,1235.669864653154
908,1.3205493459241107,20.24504761868515,1234.7027876678715
909,1.3201047144558853,20.206174751866175,1233.7356612230687
910,1.3196606134088125,20.16738080941598,1232.7684893235644
911,1.3192170421572464,20.12866562176413,1231.8012759540056
912,1.318774000076252,20.09002901962134,1230.8340250789572
913,1.3183314865416058,20.05147083398022,1229.866740642992
914,1.3178895009297966,20.012990896116015,1228.8994265707797
915,1.317448042618027,19.974589037587354,1227.932086767176
916,1.3170071109842145,19.93626509023693,1226.96472511731
917,1.3165667054069916,19.898018886192208,1225.997345486673
918,1.316126825265708,19.85985025786611,1225.029951721206
919,1.3156874699404302,19.821759037957662,1224.0625476473867
920,1.3152486388119438,19.783745059452663,1223.0951370723158
921,1.3148103312617532,19.745808155624303,1222.1277237838046
922,1.3143725466720833,19.707948160033787,1221.16031155046
923,1.3139352844258798,19.670164906530946,1220.1929041217704
924,1.3134985439068105,19.632458229254812,1219.225505228191
925,1.3130623244992659,19.594827962634216,1218.2581185812287
926,1.3126266255883599,19.557273941388328,1217.2907478735265
927,1.312191446559931,19.51979600052722,1216.3233967789474
928,1.3117567868005426,19.48239397535239,1215.3560689526587
929,1.3113226456974842,19.445067701457297,1214.3887680312146
930,1.3108890226387715,19.40781701472785,1213.4214976326398
931,1.310455917013148,19.370641751342912,1212.4542613565118
932,1.3100233282100848,19.333541747774785,1211.4870627840435
933,1.3095912556197822,19.29651684078966,1210.519905478164
934,1.3091596986331695,19.259566867448093,1209.5527929836016
935,1.3087286566419065,19.222691665105433,1208.585728826964
936,1.3082981290383833,19.185891071412254,1207.618716516819
937,1.3078681152157214,19.149164924314775,1206.6517595437754
938,1.3074386145677745,19.11251306205526,1205.684861380563
939,1.3070096264891284,19.075935323172413,1204.7180254821117
940,1.3065811503751026,19.039431546501753,1203.7512552856313
941,1.3061531856217496,19.00300157117599,1202.7845542106909
942,1.3057257316258566,18.966645236625368,1201.8179256592964
943,1.3052987877849453,18.93036238257803,1200.8513730159698
944,1.3048723534972728,18.894152849060326,1199.8848996478264
945,1.3044464281618318,18.858016476397154,1198.918508904653
946,1.3040210111783512,18.82195310521226,1197.9522041189848
947,1.3035961019472968,18.78596257642854,1196.9859886061822
948,1.3031716998698715,18.750044731268325,1196.0198656645073
949,1.3027478043480156,18.714199411253666,1195.0538385752006
950,1.3023244147844075,18.678426458206584,1194.0879106025561
951,1.3019015305824642,18.642725714249337,1193.1220849939975
952,1.3014791511463413,18.607097021804666,1192.1563649801528
953,1.3010572758809338,18.57154022359602,1191.1907537749296
954,1.300635904191876,18.536055162647788,1190.225254575589
955,1.3002150354855424,18.500641682285504,1189.2598705628204
956,1.2997946691690476,18.46529962613606,1188.2946049008153
957,1.2993748046502467,18.430028838127885,1187.3294607373405
958,1.2989554413377358,18.39482916249115,1186.364441203811
959,1.298536578640852,18.359700443757916,1185.399549415364
960,1.2981182159696742,18.324642526762318,1184.4347884709296
961,1.2977003527350228,18.289655256640714,1183.4701614533046
962,1.2972829883484602,18.254738478831815,1182.5056714292243
963,1.296866122222291,18.219892039076843,1181.5413214494326
964,1.2964497537695625,18.185115783419644,1180.5771145487547
965,1.2960338824040643,18.150409558206807,1179.6130537461675
966,1.295618507540329,18.115773210087767,1178.64914204487
967,1.2952036285936326,18.081206586014915,1177.685382432354
968,1.2947892449799938,18.04670953324368,1176.7217778804736
969,1.294375356116175,18.01228189933261,1175.7583313455157
970,1.2939619614196824,17.97792353214345,1174.7950457682678
971,1.2935490603087656,17.943634279841202,1173.8319240740889
972,1.293136652202418,17.909413990894176,1172.8689691729764
973,1.2927247365203771,17.87526251407405,1171.9061839596363
974,1.2923133126831245,17.84117969845589,1170.9435713135497
975,1.2919023801118859,17.807165393418206,1169.9811340990416
976,1.2914919382286312,17.773219448642955,1169.0188751653482
977,1.2910819864560745,17.73934171411556,1168.0567973466839
978,1.2906725242176746,17.70553204012492,1167.0949034623084
979,1.2902635509376343,17.67179027726341,1166.1331963165928
980,1.2898550660409012,17.63811627642686,1165.1716786990871
981,1.289447068953167,17.60450988881456,1164.210353384585
982,1.289039559100868,17.570970965929224,1163.2492231331898
983,1.2886325359111852,17.53749935957695,1162.2882906903806
984,1.288225998812044,17.5040949218672,1161.327558787076
985,1.287819947232114,17.47075750521274,1160.3670301397008
986,1.2874143806008094,17.4374869623296,1159.4067074502489
987,1.2870092983482886,17.404283146237002,1158.4465934063483
988,1.2866046999054548,17.371145910257294,1157.4866906813252
989,1.2862005847039548,17.338075108015882,1156.5270019342672
990,1.28579695217618,17.30507059344115,1155.567529810087
991,1.285393801755266,17.27213222076437,1154.608276939586
992,1.284991132875092,17.239259844519598,1153.6492459395156
993,1.2845889449702814,17.206453319543588,1152.6904394126416
994,1.2841872374762013,17.173712500975682,1151.731859947805
995,1.2837860098289624,17.14103724425769,1150.7735101199853
996,1.2833852614654189,17.108427405133764,1149.8153924903609
997,1.2829849918231684,17.075882839650298,1148.8575096063712
998,1.282585200340552,17.043403404155764,1147.8998640017783
999,1.2821858864566535,17.010988955300597,1146.9424581967266
1000,1.2817870496112997,16.978639350037035,1145.985294697805
1001,1.2813886892450603,16.946354445618976,1145.028375998106
1002,1.280990804799247,16.914134099601817,1144.0717045772856
1003,1.2805933957159146,16.8819781698423,1143.1152829016246
1004,1.2801964614378591,16.849886514498326,1142.159113424087
1005,1.2798000014086193,16.81785899202881,1141.2031985843796
1006,1.2794040150724748,16.785895461193473,1140.2475408090104
1007,1.279008501874447,16.75399578105267,1139.2921425113486
1008,1.2786134612602988,16.7221598109672,1138.337006091682
1009,1.2782188926765334,16.690387410598102,1137.382133937276
1010,1.277824795570395,16.658678439906478,1136.427528422431
1011,1.2774311693898681,16.627032759153245,1135.47319190854
1012,1.2770380135836774,16.59545022889896,1134.5191267441471
1013,1.2766453276012872,16.563930710003596,1133.5653352650033
1014,1.2762531108929014,16.5324740636263,1132.6118197941246
1015,1.2758613629094633,16.50108015122519,1131.658582641848
1016,1.2754700831026546,16.46974883455711,1130.705626105888
1017,1.2750792709248961,16.4384799756774,1129.7529524713934
1018,1.2746889258293463,16.40727343693965,1128.8005640110025
1019,1.2742990472699023,16.376129080995455,1127.848462984899
1020,1.273909634701198,16.34504677079417,1126.8966516408675
1021,1.273520687578605,16.31402636958264,1125.945132214349
1022,1.2731322053582312,16.283067740904954,1124.9939069284953
1023,1.2727441874969216,16.25217074860218,1124.0429779942242
1024,1.2723566334522571,16.221335256812086,1123.0923476102732
1025,1.271969542682554,16.190561129968874,1122.1420179632546
1026,1.271582914646864,16.1598482328029,1121.1919912277092
1027,1.271196748804974,16.129196430340393,1120.2422695661594
1028,1.2708110446174052,16.09860558790317,1119.2928551291639
1029,1.2704258015454128,16.068075571108338,1118.3437500553703
1030,1.2700410190509857,16.037606245868016,1117.3949564715674
1031,1.2696566965968459,16.00719747838902,1116.4464764927393
1032,1.2692728336464487,15.976849135172568,1115.498312222117
1033,1.2688894296639812,15.946561083013975,1114.5504657512313
1034,1.2685064841143627,15.916333189002337,1113.6029391599645
1035,1.2681239964632438,15.886165320520224,1112.6557345166027
1036,1.2677419661770062,15.856057345243357,1111.7088538778867
1037,1.2673603927227621,15.826009131140289,1110.7622992890642
1038,1.2669792755683535,15.796020546472077,1109.8160727839404
1039,1.2665986141823524,15.766091459791957,1108.8701763849288
1040,1.2662184080340595,15.736221739945012,1107.9246121031026
1041,1.2658386565935043,15.706411256067833,1106.9793819382448
1042,1.265459359331444,15.676659877588177,1106.0344878788983
1043,1.2650805157193639,15.646967474224635,1105.0899319024165
1044,1.2647021252294757,15.617333915986276,1104.1457159750119
1045,1.2643241873347182,15.587759073172297,1103.2018420518073
1046,1.263946701508756,15.558242816371683,1102.258312076884
1047,1.263569667225979,15.528785016462836,1101.3151279833314
1048,1.2631930839615022,15.499385544613222,1100.372291693296
1049,1.2628169511911649,15.470044272279013,1099.4298051180297
1050,1.2624412683915303,15.440761071204719,1098.4876701579387
1051,1.2620660350398847,15.411535813422812,1097.545888702632
1052,1.2616912506142375,15.382368371253369,1096.6044626309688
1053,1.2613169145933196,15.353258617303686,1095.6633938111067
1054,1.2609430264565842,15.32420642446791,1094.7226841005497
1055,1.2605695856842047,15.29521166592665,1093.7823353461947
1056,1.2601965917570757,15.266274215146604,1092.8423493843798
1057,1.2598240441568107,15.23739394588016,1091.9027280409307
1058,1.2594519423657433,15.208570732165029,1090.9634731312078
1059,1.2590802858669254,15.17980444832383,1090.024586460152
1060,1.2587090741441267,15.151094968963715,1089.0860698223325
1061,1.2583383066818346,15.122442168975963,1088.147925001992
1062,1.2579679829652528,15.093845923535586,1087.2101537730925
1063,1.2575981024803018,15.065306108100923,1086.2727578993617
1064,1.2572286647136173,15.036822598413245,1085.3357391343388
1065,1.2568596691525498,15.008395270496337,1084.399099221419
1066,1.256491115285164,14.980024000656101,1083.462839893899
1067,1.2561230026002388,14.951708665480142,1082.526962875022
1068,1.2557553305872653,14.923449141837347,1081.591469878023
1069,1.2553880987364474,14.89524530687748,1080.6563626061727
1070,1.2550213065387008,14.867097038030762,1079.7216427528222
1071,1.2546549534856517,14.839004213007444,1078.7873120014465
1072,1.254289039069637,14.810966709797395,1077.85337202569
1073,1.2539235627837033,14.782984406669671,1076.919824489409
1074,1.2535585241216058,14.755057182172092,1075.986671046715
1075,1.2531939225778086,14.727184915130811,1075.0539133420195
1076,1.252829757647483,14.699367484649892,1074.1215530100762
1077,1.2524660288265073,14.671604770110863,1073.1895916760245
1078,1.2521027356114665,14.643896651172293,1072.2580309554319
1079,1.2517398774996504,14.616243007769352,1071.326872454337
1080,1.2513774539890545,14.58864372011338,1070.3961177692918
1081,1.2510154645783778,14.561098668691432,1069.4657684874037
1082,1.250653908767023,14.533607734265852,1068.5358261863785
1083,1.2502927860550954,14.50617079787382,1067.606292434561
1084,1.2499320959434028,14.47878774082691,1066.6771687909777
1085,1.2495718379334537,14.451458444710642,1065.748456805378
1086,1.2492120115274576,14.424182791384037,1064.8201580182756
1087,1.2488526162283238,14.396960662979161,1063.892273960989
1088,1.2484936515396603,14.369791941900676,1062.9648061556836
1089,1.248135116965774,14.342676510825388,1062.037756115412
1090,1.2477770120116691,14.315614252701788,1061.1111253441545
1091,1.247419336183047,14.288605050749602,1060.1849153368591
1092,1.2470620889863049,14.261648788459324,1059.2591275794832
1093,1.2467052699285357,14.234745349591762,1058.333763549032
1094,1.246348878517527,14.207894618177582,1057.4088247135994
1095,1.24599291426176,14.181096478516832,1056.4843125324073
1096,1.2456373766704094,14.15435081517849,1055.5602284558454
1097,1.2452822652533417,14.127657512999996,1054.6365739255107
1098,1.2449275795211157,14.101016457086782,1053.7133503742461
1099,1.2445733189849804,14.074427532811809,1052.7905592261804
1100,1.2442194831568754,14.047890625815096,1051.868201896766
1101,1.2438660715494292,14.021405622003247,1050.9462797928188
1102,1.243513083675959,13.994972407548982,1050.024794312555
1103,1.2431605190504695,13.968590868890667,1049.103746845632
1104,1.2428083771876528,13.942260892731836,1048.1831387731838
1105,1.2424566576028866,13.91598236604072,1047.2629714678615
1106,1.242105359812234,13.889755176049764,1046.3432462938688
1107,1.2417544833324432,13.86357921025516,1045.4239646070016
1108,1.2414040276809455,13.837454356416359,1044.5051277546845
1109,1.2410539923758555,13.811380502555597,1043.5867370760084
1110,1.2407043769359698,13.785357536957415,1042.6687939017677
1111,1.2403551808807665,13.759385348168175,1041.7512995544973
1112,1.2400064037304042,13.733463824995582,1040.8342553485095
1113,1.239658045005721,13.707592856508196,1039.9176625899304
1114,1.2393101042282344,13.68177233203495,1039.0015225767368
1115,1.2389625809201394,13.656002141164665,1038.0858365987926
1116,1.2386154746043085,13.630282173745568,1037.1706059378846
1117,1.2382687848042908,13.6046123198848,1036.2558318677586
1118,1.2379225110443106,13.57899246994793,1035.3415156541562
1119,1.2375766528492675,13.55342251455847,1034.427658554849
1120,1.2372312097447347,13.527902344597376,1033.5142618196753
1121,1.2368861812569585,13.502431851202573,1032.6013266905757
1122,1.2365415669128579,13.477010925768457,1031.688854401627
1123,1.2361973662400227,13.451639459945401,1030.7768461790786
1124,1.235853578766714,13.426317345639266,1029.8653032413872
1125,1.2355102040218622,13.401044475010911,1028.9542267992513
1126,1.2351672415350665,13.375820740475696,1028.0436180556458
1127,1.2348246908365947,13.35064603470299,1027.133478205857
1128,1.2344825514573816,13.325520250615675,1026.2238084375165
1129,1.234140822929028,13.300443281389652,1025.3146099306352
1130,1.2337995047838006,13.27541502045335,1024.4058838576382
1131,1.2334585965546307,13.25043536148722,1023.4976313833974
1132,1.2331180977751135,13.225504198423248,1022.589853665267
1133,1.2327780079795068,13.200621425444453,1021.6825518531155
1134,1.2324383267027306,13.17578693698439,1020.7757270893597
1135,1.2320990534803662,13.15100062772665,1019.8693805089986
1136,1.2317601878486555,13.126262392604366,1018.9635132396453
1137,1.2314217293444993,13.101572126799713,1018.0581264015611
1138,1.2310836775054574,13.076929725743408,1017.1532211076882
1139,1.2307460318697474,13.052335085114208,1016.2487984636817
1140,1.2304087919762434,13.027788100838412,1015.3448595679431
1141,1.2300719573644758,13.00328866908936,1014.4414055116523
1142,1.22973552757463,12.978836686286932,1013.5384373787997
1143,1.2293995021475457,12.95443204909705,1012.6359562462188
1144,1.2290638806247158,12.930074654431174,1011.733963183618
1145,1.2287286625482858,12.905764399445795,1010.8324592536123
1146,1.2283938474610527,12.881501181541944,1009.9314455117553
1147,1.2280594349064642,12.857284898364682,1009.0309230065708
1148,1.2277254244286178,12.833115447802601,1008.130892779584
1149,1.2273918155722598,12.808992727987318,1007.231355865353
1150,1.227058607882785,12.784916637292975,1006.3323132915001
1151,1.2267258009062347,12.760887074335734,1005.4337660787425
1152,1.226393394189297,12.736903937973278,1004.5357152409234
1153,1.226061387279305,12.7129671273043,1003.6381617850433
1154,1.2257297797242361,12.689076541668008,1002.7411067112894
1155,1.225398571072712,12.665232080643614,1001.8445510130672
1156,1.2250677608739964,12.641433644049837,1000.9484956770305
1157,1.2247373486779949,12.61768113194439,1000.0529416831115
1158,1.224407334035254,12.59397444462349,999.1578900045512
1159,1.2240777164969598,12.570313482621335,998.2633416079291
1160,1.2237484956149383,12.546698146709621,997.3692974531932
1161,1.2234196709416527,12.523128337897022,996.4757584936898
1162,1.223091242030204,12.49960395742869,995.5827256761928
1163,1.2227632084343294,12.476124906785753,994.6901999409336
1164,1.2224355697084015,12.452691087684812,993.7981822216296
1165,1.2221083254074272,12.429302402077433,992.9066734455146
1166,1.2217814750870475,12.405958752149646,992.0156745333667
1167,1.2214550183035355,12.382660040321438,991.125186399538
1168,1.2211289546137964,12.359406169246254,990.2352099519834
1169,1.2208032835753664,12.336197041810484,989.3457460922887
1170,1.2204780047464112,12.313032561132971,988.4567957156995
1171,1.2201531176857259,12.289912630564494,987.56835971115
1172,1.2198286219527334,12.266837153687277,986.680438961291
1173,1.2195045171074843,12.243806034314478,985.7930343425177
1174,1.2191808027106548,12.220819176489687,984.9061467249986
1175,1.2188574783235469,12.197876484486423,984.0197769727029
1176,1.2185345435080868,12.174977862807632,983.1339259434283
1177,1.2182119978268244,12.152123216185181,982.248594488829
1178,1.2178898408429322,12.12931244957936,981.363783454443
1179,1.217568072120204,12.106545468178373,980.47949367972
1180,1.2172466912230546,12.083822177397842,979.5957259980481
1181,1.2169256977165188,12.0611424828803,978.7124812367816
1182,1.2166050911662498,12.038506290494691,977.8297602172678
1183,1.2162848711385192,12.01591350633587,976.9475637548742
1184,1.2159650372002155,11.993364036724099,976.065892659015
1185,1.2156455889188431,11.970857788204544,975.1847477331785
1186,1.2153265258625219,11.94839466754678,974.3041297749529
1187,1.2150078475999857,11.925974581744283,973.4240395760536
1188,1.214689553700582,11.903597438013938,972.5444779223493
1189,1.2143716437342702,11.881263143795529,971.665445593888
1190,1.2140541172716217,11.858971606751247,970.7869433649236
1191,1.213736973883818,11.836722734765187,969.9089720039419
1192,1.2134202131426504,11.81451643594285,969.0315322736865
1193,1.2131038346205187,11.792352618610643,968.1546249311845
1194,1.2127878378904307,11.770231191315382,967.2782507277722
1195,1.2124722225260005,11.748152062823792,966.4024104091211
1196,1.2121569881014487,11.72611514212201,965.5271047152631
1197,1.2118421341916004,11.70412033841509,964.652334380616
1198,1.2115276603718848,11.682167561126498,963.7781001340087
1199,1.2112135662183339,11.660256719897626,962.9044026987062
1200,1.2108998513075824,11.638387724587288,962.0312427924354
1201,1.2105865152168656,11.616560485271226,961.1586211274088
1202,1.210273557524019,11.594774912241618,960.2865384103507
1203,1.2099609778074782,11.573030916006578,959.4149953425209
1204,1.2096487756462766,11.551328407289665,958.5439926197402
1205,1.2093369506200449,11.529667297029384,957.6735309324139
1206,1.2090255023090104,11.508047496378698,956.8036109655573
1207,1.208714430293996,11.486468916704531,955.9342333988192
1208,1.2084037341564196,11.464931469587277,955.0653989065065
1209,1.208093413478292,11.443435066820307,954.1971081576083
1210,1.2077834678422175,11.421979620409475,953.3293618158198
1211,1.2074738968313916,11.400565042572632,952.4621605395658
1212,1.2071647000296013,11.379191245739129,951.5955049820257
1213,1.206855877021223,11.35785814254933,950.7293957911554
1214,1.2065474273912222,11.33656564585412,949.8638336097126
1215,1.2062393507251525,11.315313668714419,948.9988190752795
1216,1.2059316466091548,11.29410212440069,948.1343528202857
1217,1.205624314629956,11.27293092639245,947.2704354720327
1218,1.2053173543748679,11.251799988377785,946.4070676527158
1219,1.2050107654317872,11.23070922425286,945.5442499794482
1220,1.2047045473891935,11.209658548121439,944.6819830642831
1221,1.2043986998361491,11.188647874294386,943.8202675142376
1222,1.2040932223622978,11.167677117289191,942.9591039313143
1223,1.2037881145578635,11.146746191829482,942.098492912525
1224,1.20348337601365,11.125855012844536,941.2384350499126
1225,1.20317900632104,11.105003495468797,940.3789309305741
1226,1.2028750050719932,11.084191555041398,939.5199811366828
1227,1.202571371859047,11.063419107105672,938.6615862455101
1228,1.2022681062753138,11.042686067408672,937.8037468294484
1229,1.2019652079144814,11.02199235190069,936.946463456033
1230,1.2016626763708114,11.001337876734777,936.0897366879639
1231,1.2013605112391383,10.980722558266256,935.2335670831278
1232,1.2010587121148688,10.960146313052254,934.3779551946202
1233,1.2007572785939808,10.93960905785121,933.5229015707666
1234,1.2004562102730225,10.919110709622405,932.6684067551446
1235,1.200155506749111,10.898651185525484,931.814471286605
1236,1.199855167619932,10.878230402919973,930.9610956992938
1237,1.1995551924837387,10.857848279364811,930.1082805226729
1238,1.1992555809393501,10.837504732617864,929.256026281542
1239,1.1989563325861516,10.81719968063546,928.4043334960589
1240,1.1986574470240927,10.796933041571904,927.5532026817618
1241,1.1983589238536865,10.776704733779017,926.7026343495891
1242,1.1980607626760087,10.756514675805647,925.8526290059009
1243,1.1977629630926971,10.736362786397207,925.0031871524997
1244,1.1974655247059502,10.716248984495204,924.1543092866511
1245,1.1971684471185264,10.696173189236761,923.3059959011046
1246,1.196871729933743,10.676135319954154,922.4582474841134
1247,1.1965753727554753,10.656135296174334,921.611064519456
1248,1.1962793751881557,10.63617303761846,920.7644474864558
1249,1.1959837368367727,10.61624846420144,919.9183968600012
1250,1.1956884573068702,10.596361496031449,919.0729131105663
1251,1.1953935362045462,10.57651205340947,918.2279967042309
1252,1.195098973136452,10.556700056828827,917.3836481027002
1253,1.1948047677097917,10.53692542697472,916.5398677633251
1254,1.1945109195323202,10.517188084723758,915.6966561391217
1255,1.1942174282123437,10.497487951143496,914.8540136787913
1256,1.1939242933587175,10.47782494749197,914.0119408267399
1257,1.1936315145808458,10.458198995217233,913.1704380230979
1258,1.1933390914886806,10.4386100159569,912.3295057037393
1259,1.1930470236927204,10.419057931537685,911.489144300302
1260,1.1927553108040099,10.399542663974929,910.6493542402058
1261,1.1924639524341387,10.380064135472155,909.8101359466724
1262,1.1921729481952406,10.3606222684206,908.971489838745
1263,1.1918822976999919,10.341216985398763,908.1334163313065
1264,1.1915920005616119,10.321848209171941,907.2959158350989
1265,1.1913020563938603,10.302515862691777,906.4589887567422
1266,1.191012464811038,10.283219869095802,905.6226354987532
1267,1.1907232254279847,10.263960151706982,904.7868564595644
1268,1.1904343378600786,10.24473663403326,903.9516520335425
1269,1.1901458017232356,10.225549239767107,903.1170226110069
1270,1.189857616633908,10.206397892785061,902.2829685782484
1271,1.1895697822090845,10.187282517147286,901.4494903175479
1272,1.1892822980662876,10.168203037097111,900.6165882071941
1273,1.1889951638235743,10.149159377060585,899.7842626215023
1274,1.188708379099534,10.130151461646024,898.9525139308322
1275,1.1884219435132888,10.111179215643565,898.1213425016066
1276,1.188135856684491,10.092242564024717,897.2907486963287
1277,1.187850118233324,10.073341431941913,896.4607328736007
1278,1.1875647277805,10.054475744728059,895.6312953881414
1279,1.187279684947259,10.035645427896098,894.8024365908041
1280,1.1869949893553693,10.016850407138557,893.974156828594
1281,1.186710640627125,9.998090608327107,893.1464564446865
1282,1.1864266383853463,9.979365957512115,892.319335778444
1283,1.1861429822533778,9.960676380922205,891.4927951654344
1284,1.1858596718550876,9.942021804963819,890.6668349374473
1285,1.1855767068148668,9.923402156220765,889.8414554225126
1286,1.1852940867576285,9.904817361453796,889.0166569449168
1287,1.1850118113088066,9.886267347600148,888.1924398252207
1288,1.1847298800943555,9.867752041773118,887.3688043802766
1289,1.1844482927407483,9.84927137126162,886.5457509232452
1290,1.1841670488749763,9.830825263529748,885.7232797636124
1291,1.1838861481245484,9.812413646216342,884.9013912072063
1292,1.1836055901174898,9.79403644713455,884.0800855562146
1293,1.1833253744823413,9.775693594271395,883.2593631092005
1294,1.1830455008481582,9.757385015787344,882.4392241611201
1295,1.1827659688445096,9.739110640015872,881.6196690033387
1296,1.1824867781014774,9.720870395463031,880.800697923647
1297,1.1822079282496551,9.702664210807017,879.9823112062787
1298,1.1819294189201477,9.684492014897744,879.1645091319257
1299,1.1816512497445697,9.666353736756408,878.3472919777549
1300,1.1813734203550452,9.648249305575069,877.5306600174249
1301,1.1810959303842063,9.63017865071621,876.7146135211016
1302,1.1808187794651928,9.612141701712323,875.8991527554746
1303,1.1805419672316504,9.594138388265472,875.0842779837733
1304,1.1802654933177308,9.576168640246875,874.2699894657827
1305,1.1799893573580902,9.558232387696478,873.4562874578595
1306,1.1797135589878884,9.540329560822528,872.643172212948
1307,1.1794380978427885,9.522460090001156,871.8306439805958
1308,1.1791629735589553,9.504623905775947,871.0187030069695
1309,1.1788881857730544,9.486820938857532,870.2073495348706
1310,1.1786137341222522,9.469051120123153,869.3965838037503
1311,1.1783396182442138,9.451314380616253,868.5864060497264
1312,1.178065837777103,9.43361065154606,867.7768165055975
1313,1.1777923923595808,9.415939864287155,866.967815400859
1314,1.1775192816308049,9.398301950379077,866.1594029617183
1315,1.177246505230429,9.380696841525884,865.3515794111102
1316,1.1769740627986014,9.363124469595755,864.5443449687115
1317,1.176701953975964,9.345584766620568,863.7376998509571
1318,1.1764301784036522,9.32807766479549,862.9316442710546
1319,1.1761587357232932,9.310603096478562,862.1261784389987
1320,1.1758876255770057,9.293160994190291,861.3213025615875
1321,1.1756168476073987,9.275751290613233,860.5170168424357
1322,1.1753464014575707,9.25837391859159,859.713321481991
1323,1.1750762867711086,9.241028811130796,858.9102166775477
1324,1.1748065031920873,9.223715901397112,858.1077026232621
1325,1.1745370503650685,9.206435122717219,857.3057795101668
1326,1.1742679279350996,9.189186408577806,856.5044475261851
1327,1.1739991355477133,9.171969692625174,855.703706856146
1328,1.1737306728489265,9.154784908664821,854.9035576817982
1329,1.1734625394852394,9.137631990661045,854.1040001818246
1330,1.1731947351036343,9.12051087273654,853.3050345318569
1331,1.1729272593515754,9.103421489171993,852.5066609044891
1332,1.1726601118770077,9.08636377440568,851.7088794692926
1333,1.1723932923283555,9.06933766303307,850.9116903928299
1334,1.1721268003545227,9.052343089806424,850.1150938386684
1335,1.1718606356048906,9.035379989634398,849.3190899673949
1336,1.1715947977293182,9.018448297581642,848.5236789366295
1337,1.1713292863781406,9.001547948868403,847.728860901039
1338,1.1710641012021683,8.984678878870131,846.9346360123513
1339,1.1707992418526865,8.967841023117085,846.141004419369
1340,1.1705347079814539,8.951034317293935,845.347966267983
1341,1.1702704992407023,8.934258697239374,844.5555217011861
1342,1.1700066152831354,8.917514098945716,843.7636708590869
1343,1.1697430557619282,8.900800458558518,842.9724138789231
1344,1.1694798203307253,8.884117712376174,842.1817508950752
1345,1.1692169086436415,8.867465796849537,841.3916820390796
1346,1.1689543203552595,8.850844648581525,840.602207439642
1347,1.16869205512063,8.834254204326731,839.8133272226514
1348,1.1684301125952703,8.817694400991037,839.0250415111924
1349,1.168168492435164,8.801165175631231,838.2373504255589
1350,1.1679071942967596,8.78466646545462,837.4502540832673
1351,1.1676462178369695,8.76819820781864,836.6637525990691
1352,1.16738556271317,8.75176034023048,835.8778460849647
1353,1.1671252285831994,8.735352800346687,835.0925346502158
1354,1.1668652151053585,8.7189755259728,834.3078184013585
1355,1.1666055219384077,8.702628455062957,833.5236974422161
1356,1.1663461487415685,8.686311525719518,832.7401718739121
1357,1.166087095174521,8.670024676192686,831.9572417948826
1358,1.1658283608974036,8.653767844880127,831.1749073008896
1359,1.165569945570812,8.637540970326594,830.3931684850327
1360,1.1653118488557985,8.621343991223547,829.6120254377628
1361,1.1650540704138717,8.60517684640878,828.8314782468939
1362,1.1647966099069942,8.589039474866041,828.0515269976157
1363,1.1645394669975833,8.572931815724667,827.2721717725066
1364,1.164282641348509,8.556853808259202,826.4934126515449
1365,1.164026132623094,8.540805391889025,825.7152497121224
1366,1.1637699404851127,8.524786506177982,824.937683029056
1367,1.1635140645987896,8.508797090834014,824.1607126746001
1368,1.1632585046287993,8.49283708570878,823.3843387184586
1369,1.1630032602402656,8.476906430797301,822.6085612277972
1370,1.16274833109876,8.461005066237584,821.8333802672556
1371,1.1624937168703018,8.445132932310251,821.0587958989591
1372,1.1622394172213566,8.429289969438178,820.284808182531
1373,1.1619854318188356,8.413476118186127,819.5114171751042
1374,1.161731760330095,8.397691319260383,818.7386229313331
1375,1.1614784024229345,8.381935513508388,817.9664255034061
1376,1.1612253577655978,8.366208641918377,817.194824941056
1377,1.1609726260267703,8.350510645619018,816.4238212915731
1378,1.1607202068755793,8.334841465879048,815.653414599816
1379,1.1604680999815924,8.319201044106917,814.8836049082234
1380,1.1602163050148173,8.303589321850422,814.1143922568264
1381,1.1599648216457008,8.288006240796353,813.3457766832585
1382,1.1597136495451277,8.272451742770132,812.5777582227684
1383,1.1594627883844204,8.256925769735457,811.810336908231
1384,1.1592122378353376,8.241428263793944,811.0435127701587
1385,1.158961997570074,8.225959167184776,810.2772858367127
1386,1.1587120672612594,8.210518422284343,809.5116561337146
1387,1.1584624465819573,8.195105971605889,808.7466236846572
1388,1.1582131352056648,8.179721757799163,807.9821885107157
1389,1.1579641328063115,8.164365723650064,807.2183506307593
1390,1.1577154390582582,8.149037812080287,806.455110061362
1391,1.1574670536362974,8.13373796614698,805.6924668168133
1392,1.1572189762156508,8.118466129042384,804.9304209091298
1393,1.15697120647197,8.103222244093494,804.1689723480658
1394,1.1567237440813345,8.088006254761709,803.4081211411245
1395,1.156476588720252,8.072818104642478,802.6478672935683
1396,1.1562297400656565,8.057657737464963,801.8882108084302
1397,1.1559831977949084,8.042525097091685,801.1291516865242
1398,1.155736961585793,8.027420127518191,800.3706899264561
1399,1.1554910311165203,8.012342772872696,799.6128255246341
1400,1.1552454060657236,7.997292977415751,798.85555847528
1401,1.1550000861124592,7.982270685539895,798.0988887704387
1402,1.1547550709362056,7.967275841769319,797.3428163999897
1403,1.1545103602168618,7.952308390759521,796.5873413516572
1404,1.1542659536347482,7.937368277296968,795.8324636110206
1405,1.154021850870604,7.922455446298757,795.0781831615247
1406,1.1537780516055876,7.907569842812281,794.3244999844908
1407,1.1535345555212753,7.892711412014883,793.5714140591259
1408,1.1532913622996608,7.877880099213528,792.8189253625338
1409,1.153048471623154,7.863075849844467,792.067033869725
1410,1.1528058831745804,7.848298609472897,791.3157395536272
1411,1.152563596637181,7.833548323792631,790.5650423850948
1412,1.15232161169461,7.8188249386257676,789.8149423329197
1413,1.1520799280309355,7.804128399922352,789.0654393638412
1414,1.151838545330638,7.78945865376005,788.3165334425555
1415,1.1515974632786092,7.774815646343819,787.5682245317264
1416,1.1513566815601526,7.760199324005572,786.8205125919948
1417,1.1511161998609811,7.745609633203854,786.0733975819885
1418,1.1508760178672175,7.731046520523512,785.3268794583327
1419,1.1506361352653927,7.71650993267537,784.5809581756587
1420,1.1503965517424457,7.701999816495898,783.8356336866149
1421,1.1501572669857227,7.687516118946892,783.0909059418756
1422,1.149918280682976,7.673058787115144,782.346774890151
1423,1.1496795925223633,7.658627768212123,781.603240478197
1424,1.1494412021924472,7.64422300957365,780.8603026508246
1425,1.149203109382194,7.629844458659573,780.1179613509094
1426,1.1489653137809732,7.615492063053449,779.3762165194014
1427,1.148727815078557,7.601165770462223,778.6350680953342
1428,1.1484906129651187,7.586865528715904,777.8945160158346
1429,1.148253707131233,7.572591285767254,777.154560216132
1430,1.1480170972678745,7.558342989691463,776.4152006295677
1431,1.147780783066417,7.544120588685831,775.6764371876042
1432,1.1475447642186332,7.529924031069457,774.9382698198343
1433,1.147309040416693,7.515753265282918,774.200698453991
1434,1.147073611353164,7.5016082398879576,773.4637230159559
1435,1.1468384767210098,7.487488903567169,772.7273434297689
1436,1.1466036362135894,7.473395205123681,771.9915596176371
1437,1.1463690895246565,7.45932709348085,771.2563714999441
1438,1.1461348363483594,7.445284517681943,770.5217789952585
1439,1.145900876379239,7.431267426889829,769.7877820203438
1440,1.145667209312229,7.417275770386669,769.0543804901664
1441,1.145433834842655,7.403309497573604,768.3215743179053
1442,1.145200752666233,7.389368557970449,767.5893634149605
1443,1.1449679624790694,7.375452901215382,766.8577476909625
1444,1.1447354639776608,7.361562477064643,766.1267270537801
1445,1.144503256858892,7.34769723539222,765.3963014095301
1446,1.1442713408200356,7.333857126189547,764.6664706625858
1447,1.1440397155587518,7.3200420995652005,763.9372347155853
1448,1.1438083807730872,7.306252105744593,763.2085934694409
1449,1.143577336161474,7.2924870950696725,762.480546823347
1450,1.1433465814227297,7.278747017998616,761.7530946747895
1451,1.143116116256056,7.265031825105531,761.0262369195534
1452,1.1428859403610379,7.251341467080155,760.2999734517321
1453,1.1426560534376433,7.237675894727553,759.5743041637354
1454,1.1424264551862224,7.224035058967817,758.8492289462986
1455,1.1421971453075066,7.210418910835774,758.1247476884903
1456,1.1419681235026078,7.19682740148068,757.4008602777209
1457,1.1417393894730177,7.183260482165929,756.6775665997512
1458,1.141510942920607,7.169718104268753,755.9548665387006
1459,1.1412827835476251,7.156200219279928,755.2327599770551
1460,1.1410549110566992,7.142706778803479,754.5112467956761
1461,1.140827325150833,7.129237734556386,753.7903268738081
1462,1.1406000255334063,7.115793038368291,753.0700000890872
1463,1.1403730119081752,7.102372642181205,752.3502663175491
1464,1.1401462839792695,7.088976498049218,751.6311254336373
1465,1.1399198414511937,7.0756045581382025,750.9125773102108
1466,1.1396936840288254,7.062256774725532,750.194621818553
1467,1.1394678114174146,7.048933100199784,749.4772588283785
1468,1.1392422233225834,7.035633487060456,748.7604882078422
1469,1.139016919450325,7.022357887917672,748.0443098235467
1470,1.138791899507003,7.009106255491902,747.3287235405501
1471,1.1385671631993506,6.995878542613672,746.613729222374
1472,1.13834271023447,6.982674702223276,745.8993267310117
1473,1.138118540319832,6.969494687370499,745.1855159269355
1474,1.1378946531632743,6.9563384512143225,744.4722966691046
1475,1.1376710484730022,6.943205947022647,743.759668814973
1476,1.1374477259575864,6.930097128172009,743.047632220497
1477,1.1372246853259635,6.917011948147298,742.336186740143
1478,1.1370019262874347,6.903950360541474,741.6253322268954
1479,1.136779448551665,6.89091231905529,740.9150685322634
1480,1.1365572518286828,6.87789777749701,740.2053955062896
1481,1.1363353358288795,6.864906689782127,739.4963129975569
1482,1.1361137002630077,6.851939009933092,738.7878208531961
1483,1.1358923448421818,6.838994692079032,738.0799189188936
1484,1.135671269277876,6.826073690455471,737.3726070388985
1485,1.135450473281925,6.813175959404057,736.6658850560306
1486,1.1352299565665223,6.8003014533722865,735.9597528116869
1487,1.1350097188442194,6.787450126913228,735.25421014585
1488,1.134789759827926,6.77462193468525,734.5492568970948
1489,1.1345700792309086,6.761816831451746,733.8448929025955
1490,1.13435067676679,6.749034772080863,733.1411179981336
1491,1.1341315521495483,6.736275711545228,732.4379320181049
1492,1.1339127050935172,6.72353960492168,731.7353347955265
1493,1.1336941353133838,6.710826407390996,731.0333261620439
1494,1.1334758425241893,6.698136074237623,730.3319059479386
1495,1.1332578264413278,6.68546856084941,729.6310739821347
1496,1.133040086780545,6.672823822717338,728.9308300922065
1497,1.1328226232579384,6.660201815435253,728.2311741043852
1498,1.1326054355899562,6.6476024946996,727.5321058435658
1499,1.1323885234933968,6.635025816309154,726.8336251333144
1500,1.132171886685408,6.6224717361647585,726.1357317958754
1501,1.1319555248834863,6.609940210269057,725.4384256521774
1502,1.131739437805476,6.597431194726232,724.7417065218416
1503,1.131523625169569,6.58494464574174,724.0455742231874
1504,1.1313080866943042,6.572480519622049,723.3500285732398
1505,1.1310928220985657,6.5600387727743765,722.6550693877363
1506,1.1308778311015837,6.547619361706427,721.9606964811334
1507,1.1306631134229326,6.535222243026135,721.2669096666136
1508,1.130448668782531,6.522847373441402,720.5737087560922
1509,1.1302344969006408,6.510494709759837,719.8810935602236
1510,1.1300205974978665,6.498164208888501,719.1890638884082
1511,1.1298069702951545,6.485855827833646,718.4976195487994
1512,1.1295936150137929,6.4735695237004585,717.8067603483097
1513,1.1293805313754097,6.461305253692804,717.1164860926173
1514,1.1291677191019733,6.449062975112972,716.4267965861733
1515,1.1289551779157916,6.436842645361419,715.7376916322077
1516,1.1287429075395108,6.4246442219365125,715.0491710327357
1517,1.1285309076961152,6.412467662434284,714.3612345885647
1518,1.1283191781089266,6.400312924548167,713.6738820993007
1519,1.1281077185016029,6.388179966068753,712.9871133633544
1520,1.1278965285981386,6.376068744883532,712.3009281779479
1521,1.1276856081228632,6.363979218976647,711.6153263391209
1522,1.127474956800441,6.351911346428642,710.9303076417372
1523,1.1272645743558702,6.339865085416211,710.2458718794907
1524,1.1270544605144825,6.327840394211951,709.5620188449122
1525,1.1268446150019424,6.315837231184113,708.8787483293754
1526,1.1266350375442462,6.3038555547963515,708.196060123103
1527,1.1264257278677217,6.291895323607483,707.5139540151732
1528,1.1262166856990274,6.279956496271235,706.8324297935256
1529,1.1260079107651524,6.268039031536001,706.1514872449677
1530,1.1257994027934144,6.2561428882445975,705.4711261551806
1531,1.1255911615114607,6.244268025334016,704.7913463087257
1532,1.125383186647266,6.2324144018351815,704.11214748905
1533,1.1251754779291334,6.220581976872712,703.4335294784931
1534,1.1249680350856923,6.208770709664671,702.7554920582926
1535,1.1247608578458983,6.196980559522329,702.0780350085901
1536,1.124553945939033,6.185211485849919,701.4011581084372
1537,1.1243472990947025,6.1734634481444,700.7248611358024
1538,1.1241409170428378,6.161736405995214,700.0491438675753
1539,1.1239347995136928,6.150030319084049,699.374006079574
1540,1.123728946237845,6.1383451471846,698.6994475465502
1541,1.1235233569461944,6.126680850162328,698.0254680421955
1542,1.1233180313699624,6.115037387974228,697.3520673391469
1543,1.1231129692406916,6.103414720668587,696.6792452089926
1544,1.1229081702902453,6.091812808384751,696.0070014222782
1545,1.1227036342508063,6.08023161135289,695.3353357485123
1546,1.1224993608548772,6.068671089893759,694.6642479561717
1547,1.122295349835279,6.0571312044184715,693.9937378127078
1548,1.1220916009251505,6.045611915428258,693.323805084552
1549,1.121888113857948,6.034113183514236,692.6544495371213
1550,1.1216848883674444,6.022634969357181,691.9856709348243
1551,1.121481924187729,6.011177233727289,691.3174690410664
1552,1.1212792210532063,5.999739937483951,690.6498436182554
1553,1.121076778698596,5.988323041575518,689.9827944278077
1554,1.1208745968589318,5.976926507039076,689.3163212301528
1555,1.1206726752695608,5.965550295000212,688.6504237847397
1556,1.1204710136661438,5.9541943666727875,687.9851018500422
1557,1.1202696117846533,5.94285868335871,687.3203551835641
1558,1.1200684693613743,5.931543206447709,686.6561835418447
1559,1.1198675861329022,5.920247897417104,685.9925866804648
1560,1.1196669618361432,5.908972717831582,685.3295643540513
1561,1.1194665962083137,5.897717629342972,684.6671163162829
1562,1.1192664889869393,5.886482593690015,684.005242319896
1563,1.1190666399098539,5.87526757269815,683.343942116689
1564,1.1188670487152002,5.864072528279279,682.6832154575287
1565,1.118667715141428,5.852897422431551,682.0230620923547
1566,1.118468638927294,5.841742217239137,681.3634817701852
1567,1.1182698198118612,5.830606874872009,680.7044742391222
1568,1.1180712575344987,5.819491357585719,680.0460392463563
1569,1.1178729518348798,5.808395627721176,679.3881765381726
1570,1.1176749024529828,5.797319647704431,678.7308858599555
1571,1.11747710912909,5.786263380046452,678.0741669561936
1572,1.1172795716037869,5.7752267873429055,677.4180195704855
1573,1.1170822896179613,5.764209832273942,676.7624434455444
1574,1.1168852629128034,5.753212477603977,676.1074383232032
1575,1.116688491229805,5.742234686181473,675.4530039444198
1576,1.1164919743107584,5.7312764209387215,674.7991400492824
1577,1.1162957118977563,5.72033764489163,674.145846377014
1578,1.1160997037331915,5.709418321139505,673.4931226659774
1579,1.1159039495597551,5.6985184128648365,672.8409686536808
1580,1.1157084491204374,5.687637883333086,672.1893840767821
1581,1.1155132021585263,5.676776695892472,671.5383686710944
1582,1.1153182084176072,5.665934813973755,670.8879221715905
1583,1.115123467641562,5.655112201090029,670.2380443124082
1584,1.1149289795745692,5.644308820836505,669.5887348268548
1585,1.1147347439611022,5.633524636890304,668.9399934474121
1586,1.1145407605459297,5.622759613010242,668.2918199057415
1587,1.1143470290741149,5.6120137130366246,667.6442139326884
1588,1.1141535492910146,5.601286900891032,666.9971752582875
1589,1.1139603209422793,5.590579140576115,666.3507036117669
1590,1.1137673437738513,5.579890396175383,665.7047987215536
1591,1.1135746175319658,5.569220631852999,665.059460315278
1592,1.113382141963149,5.558569811853569,664.4146881197781
1593,1.1131899168142183,5.547937900501936,663.7704818611052
1594,1.112997941832281,5.537324862202978,663.1268412645276
1595,1.1128062167647348,5.526730661441396,662.4837660545359
1596,1.112614741359266,5.5161552627815125,661.8412559548475
1597,1.1124235153638498,5.505598630867067,661.1993106884111
1598,1.1122325385267493,5.495060730421011,660.5579299774114
1599,1.112041810596515,5.484541526245305,659.9171135432737
1600,1.1118513313219849,5.474040983220715,659.2768611066683
1601,1.1116611004522825,5.463559066306611,658.6371723875154
1602,1.1114711177368175,5.453095740540763,657.9980471049894
1603,1.1112813829252846,5.442650971039145,657.3594849775233
1604,1.1110918957676632,5.432224722995728,656.7214857228133
1605,1.110902656014217,5.421816961682284,656.0840490578236
1606,1.110713663415493,5.411427652448185,655.4471746987903
1607,1.110524917722321,5.401056760720204,654.810862361226
1608,1.1103364186858133,5.390704252002315,654.1751117599246
1609,1.1101481660573642,5.380370091875499,653.5399226089651
1610,1.1099601595886488,5.370054245997542,652.9052946217166
1611,1.1097723990316233,5.359756680102841,652.2712275108421
1612,1.1095848841385239,5.349477360002206,651.6377209883033
1613,1.1093976146618663,5.339216251582665,651.0047747653643
1614,1.1092105903544454,5.328973320807269,650.3723885525968
1615,1.1090238109693344,5.318748533714898,649.7405620598837
1616,1.1088372762598846,5.308541856420062,649.1092949964236
1617,1.1086509859797244,5.298353255112714,648.4785870707349
1618,1.1084649398827595,5.288182696058051,647.8484379906603
1619,1.1082791377231713,5.278030145596326,647.2188474633708
1620,1.1080935792554172,5.267895570142652,646.5898151953701
1621,1.1079082642342295,5.2577789361868135,645.9613408924985
1622,1.1077231924146156,5.247680210293072,645.3334242599373
1623,1.1075383635518568,5.237599359099978,644.7060650022129
1624,1.1073537774015076,5.2275363493201805,644.0792628232008
1625,1.1071694337193958,5.217491147740239,643.4530174261298
1626,1.1069853322616217,5.207463721220427,642.8273285135862
1627,1.1068014727845572,5.197454036694556,642.2021957875177
1628,1.1066178550448458,5.187462061169776,641.5776189492375
1629,1.1064344787994018,5.177487761726393,640.9535976994283
1630,1.1062513438054098,5.167531105517682,640.3301317381466
1631,1.106068449820324,5.157592059769701,639.7072207648265
1632,1.1058857966018678,5.147670591781102,639.0848644782833
1633,1.1057033839080337,5.137766668922948,638.4630625767182
1634,1.1055212114970816,5.1278802586385295,637.841814757722
1635,1.1053392791275396,5.118011328443174,637.2211207182787
1636,1.1051575865582026,5.10815984592407,636.6009801547698
1637,1.1049761335481323,5.098325778740079,635.9813927629781
1638,1.104794919856656,5.088509094621549,635.3623582380914
1639,1.104613945243367,5.07870976137014,634.7438762747068
1640,1.104433209468123,5.068927746858638,634.1259465668344
1641,1.1042527122910466,5.0591630190307715,633.5085688079005
1642,1.1040724534725237,5.049415545901034,632.8917426907525
1643,1.1038924327732043,5.039685295554502,632.275467907662
1644,1.1037126499540006,5.029972236146653,631.6597441503286
1645,1.103533104776088,5.0202763359031914,631.0445711098843
1646,1.1033537970009024,5.010597563119864,630.4299484768961
1647,1.1031747263901421,5.000935886162283,629.8158759413712
1648,1.102995892705766,4.991291273465749,629.2023531927596
1649,1.1028172957099924,4.981663693535073,628.5893799199581
1650,1.1026389351653003,4.9720531149444,627.9769558113143
1651,1.1024608108344276,4.962459506337028,627.3650805546299
1652,1.1022829224803707,4.952882836425239,626.7537538371647
1653,1.1021052698663842,4.943323073990119,626.14297534564
1654,1.1019278527559806,4.933780187881382,625.5327447662423
1655,1.1017506709129294,4.924254147017199,624.923061784627
1656,1.1015737241012566,4.914744920384018,624.3139260859216
1657,1.1013970120852445,4.905252477036396,623.7053373547302
1658,1.101220534629431,4.895776786096824,623.0972952751362
1659,1.1010442914986092,4.886317816755551,622.489799530706
1660,1.1008682824578264,4.876875538270418,621.882849804493
1661,1.1006925072723845,4.8674499199666785,621.2764457790407
1662,1.1005169657078386,4.858040931236833,620.6705871363863
1663,1.100341657529997,4.848648541540457,620.0652735580642
1664,1.1001665825049203,4.8392727204040265,619.4605047251094
1665,1.099991740398922,4.829913437420753,618.8562803180616
1666,1.099817130978566,4.820570662250411,618.2526000169678
1667,1.0996427540106684,4.811244364619171,617.649463501386
1668,1.0994686092622947,4.801934514319427,617.0468704503887
1669,1.0992946965007615,4.792641081209633,616.4448205425665
1670,1.0991210154936346,4.783364035214134,615.8433134560312
1671,1.0989475660087284,4.774103346322994,615.2423488684193
1672,1.0987743478141068,4.764858984591838,614.6419264568954
1673,1.0986013606780807,4.7556309201416775,614.0420458981554
1674,1.0984286043692093,4.7464191231587485,613.4427068684299
1675,1.098256078656299,4.737223563894346,612.8439090434879
1676,1.098083783308402,4.728044212664656,612.2456520986394
1677,1.0979117180948175,4.718881039850597,611.6479357087393
1678,1.0977398827850897,4.709734015897649,611.0507595481902
1679,1.097568277149008,4.700603111315692,610.4541232909462
1680,1.097396900956607,4.6914882966788465,609.8580266105157
1681,1.0972257539781642,4.682389542625307,609.262469179965
1682,1.0970548359842023,4.67330681985718,608.6674506719212
1683,1.096884146745486,4.664240099140322,608.0729707585755
1684,1.096713686033023,4.65518935130418,607.4790291116864
1685,1.0965434536180638,4.646154547241629,606.8856254025831
1686,1.0963734492720996,4.63713565790881,606.2927593021684
1687,1.0962036727668634,4.628132654324972,605.700430480922
1688,1.096034123874329,4.619145507572311,605.1086386089036
1689,1.0958648023667101,4.6101741887958125,604.5173833557559
1690,1.0956957080164609,4.6012186692030905,603.9266643907082
1691,1.095526840596274,4.59227892006423,603.3364813825789
1692,1.0953581998790813,4.58335491271163,602.7468339997787
1693,1.0951897856380535,4.574446618539843,602.1577219103141
1694,1.0950215976465982,4.565554009005421,601.56914478179
1695,1.0948536356783611,4.556677055626757,600.9811022814131
1696,1.0946858995072248,4.547815729983929,600.3935940759947
1697,1.0945183889073082,4.538970003718546,599.8066198319536
1698,1.094351103652966,4.5301398485335875,599.2201792153197
1699,1.0941840435187888,4.521325236193255,598.6342718917364
1700,1.094017208279602,4.512526138522813,598.0488975264636
1701,1.0938505977104658,4.503742527408435,597.4640557843812
1702,1.093684211586674,4.494974374797052,596.8797463299917
1703,1.0935180496837549,4.486221652696198,596.2959688274228
1704,1.0933521117774692,4.477484333173856,595.7127229404313
1705,1.0931863976438105,4.468762388358306,595.130008332405
1706,1.093020907059005,4.460055790437976,594.5478246663664
1707,1.0928556397995102,4.451364511661284,593.9661716049748
1708,1.0926905956420152,4.442688524336492,593.3850488105298
1709,1.09252577436344,4.4340278008315535,592.8044559449743
1710,1.0923611757409346,4.425382313573962,592.2243926698967
1711,1.0921967995518795,4.416752035050604,591.6448586465343
1712,1.0920326455738845,4.408136937807605,591.0658535357759
1713,1.091868713584788,4.399536994450181,590.4873769981648
1714,1.0917050033626574,4.390952177642496,589.9094286939012
1715,1.091541514685788,4.382382460107502,589.3320082828455
1716,1.0913782473327032,4.373827814626804,588.7551154245209
1717,1.0912152010821528,4.3652882140405005,588.1787497781161
1718,1.091052375713114,4.356763631247046,587.6029110024881
1719,1.0908897710047902,4.348254039203096,587.0275987561649
1720,1.0907273867366103,4.339759410923367,586.4528126973485
1721,1.0905652226882288,4.331279719480487,585.8785524839174
1722,1.0904032786395252,4.32281493800485,585.3048177734291
1723,1.0902415543706034,4.31436503968447,584.7316082231233
1724,1.0900800496617915,4.305929997764841,584.1589234899244
1725,1.0899187642936408,4.297509785548787,583.586763230444
1726,1.0897576980469261,4.289104376396318,583.0151271009838
1727,1.0895968507026448,4.2807137437244895,582.4440147575381
1728,1.0894362220420166,4.2723378610072595,581.8734258557964
1729,1.089275811846483,4.263976701775341,581.3033600511466
1730,1.0891156198977066,4.255630239616065,580.7338169986766
1731,1.0889556459775713,4.2472984481732325,580.164796353178
1732,1.0887958898681815,4.238981301146978,579.5962977691477
1733,1.0886363513518613,4.2306787722936265,579.0283209007913
1734,1.0884770302111546,4.22239083542555,578.4608654020254
1735,1.0883179262288247,4.2141174644110295,577.89393092648
1736,1.0881590391878533,4.205858633174113,577.3275171275012
1737,1.0880003688714404,4.19761431569448,576.7616236581537
1738,1.0878419150630039,4.189384486007294,576.1962501712235
1739,1.0876836775461793,4.181169118203072,575.6313963192202
1740,1.087525656104819,4.172968186427539,575.0670617543799
1741,1.0873678505229918,4.164781664881494,574.5032461286669
1742,1.087210260584983,4.15660952782067,573.939949093777
1743,1.087052886075293,4.148451749555595,573.3771703011398
1744,1.086895726778638,4.140308304451458,572.8149094019208
1745,1.086738782479949,4.132179166927972,572.2531660470243
1746,1.0865820529643708,4.124064311459233,571.6919398870955
1747,1.086425538017263,4.115963712573589,571.1312305725235
1748,1.0862692374241982,4.1078773448535015,570.5710377534427
1749,1.0861131509709625,4.09980518293541,570.0113610797365
1750,1.0859572784435543,4.091747201509598,569.4522002010386
1751,1.0858016196281846,4.083703375320059,568.8935547667363
1752,1.085646174311276,4.07567367916436,568.335424425972
1753,1.0854909422794625,4.067658087893509,567.7778088276461
1754,1.0853359233195896,4.05965657641182,567.2207076204197
1755,1.085181117218713,4.051669119676782,566.664120452716
1756,1.0850265237640981,4.043695692698924,566.1080469727235
1757,1.084872142743221,4.035736270541683,565.552486828398
1758,1.084717973943767,4.027790828321274,564.9974396674647
1759,1.0845640171536293,4.019859341206555,564.4429051374213
1760,1.0844102721609106,4.011941784418895,563.8888828855394
1761,1.0842567387539213,4.004038133232049,563.3353725588671
1762,1.0841034167211794,3.9961483629720185,562.7823738042315
1763,1.0839503058514106,3.988272449016929,562.2298862682408
1764,1.083797405933547,3.980410366796894,561.6779095972864
1765,1.083644716756727,3.9725620917938893,561.1264434375458
1766,1.0834922381102952,3.964727599541621,560.5754874349841
1767,1.083339969783802,3.9569068656253985,560.0250412353563
1768,1.083187911567003,3.949099865682004,559.4751044842102
1769,1.0830360632498581,3.941306575399566,558.9256768268879
1770,1.0828844246225322,3.93352697051743,558.3767579085282
1771,1.0827329954753935,3.925761026826031,557.8283473740694
1772,1.0825817755990144,3.918008720166766,557.2804448682502
1773,1.0824307647841698,3.9102700264318693,556.7330500356132
1774,1.082279962821838,3.9025449215642816,556.1861625205064
1775,1.0821293695031993,3.894833381557528,555.6397819670854
1776,1.081978984619636,3.88713538245559,555.0939080193154
1777,1.0818288079627318,3.8794509003527797,554.548540320974
1778,1.0816788393242718,3.871779911393615,554.0036785156525
1779,1.0815290784962417,3.864122391772695,553.4593222467587
1780,1.0813795252708274,3.8564783177345743,552.9154711575185
1781,1.081230179440415,3.848847665573641,552.3721248909783
1782,1.0810810407975902,3.8412304116339904,551.8292830900072
1783,1.0809321091351374,3.833626532309302,551.2869453972986
1784,1.08078338424604,3.826036004042717,550.7451114553727
1785,1.0806348659234797,3.818458803326715,550.2037809065786
1786,1.0804865539608366,3.8108949067029907,549.6629533930959
1787,1.0803384481516876,3.8033442907623325,549.1226285569375
1788,1.0801905482898073,3.7958069321445005,548.5828060399507
1789,1.080042854169167,3.788282807538105,548.04348548382
1790,1.0798953655839338,3.7807718936804844,547.5046665300686
1791,1.079748082328472,3.7732741673575845,546.9663488200611
1792,1.0796010041973403,3.7657896054038376,546.4285319950046
1793,1.0794541309852934,3.758318184702044,545.8912156959515
1794,1.0793074624872803,3.7508598821832497,545.3543995638009
1795,1.0791609984984447,3.7434146748266275,544.818083239301
1796,1.0790147388141245,3.735982539659358,544.2822663630508
1797,1.0788686832298509,3.72856345375651,543.746948575502
1798,1.0787228315413486,3.7211573942409233,543.2121295169613
1799,1.0785771835445352,3.713764338283087,542.6778088275923
1800,1.078431739035521,3.7063842631010253,542.143986147417
1801,1.0782864978106077,3.6990171459601773,541.6106611163179
1802,1.0781414596662897,3.6916629641732794,541.0778333740404
1803,1.077996624399252,3.6843216951002504,540.5455025601941
1804,1.0778519918063711,3.6769933161480712,540.0136683142548
1805,1.0777075616847138,3.669677804770672,539.4823302755669
1806,1.0775633338315374,3.662375138468813,538.9514880833447
1807,1.0774193080442886,3.65508529478997,538.4211413766742
1808,1.077275484120604,3.647808251328219,537.8912897945158
1809,1.0771318618583092,3.640543985724121,537.3619329757054
1810,1.0769884410554185,3.633292475664606,536.8330705589561
1811,1.0768452215101343,3.626053698882857,536.3047021828611
1812,1.0767022030208473,3.618827633158201,535.7768274858942
1813,1.0765593853861355,3.6116142563159883,535.2494461064125
1814,1.0764167684047645,3.6044135462274838,534.7225576826581
1815,1.0762743518756865,3.59722548080975,534.1961618527596
1816,1.0761321355980404,3.5900500380255367,533.6702582547342
1817,1.075990119371151,3.582887195883166,533.1448465264895
1818,1.0758483029945287,3.575736932436421,532.6199263058248
1819,1.0757066862678695,3.5685992257844332,532.0954972304338
1820,1.0755652689910544,3.5614740540715704,531.5715589379054
1821,1.0754240509641493,3.5543613954873248,531.048111065726
1822,1.0752830319874038,3.547261228266202,530.5251532512812
1823,1.0751422118612517,3.540173530687611,530.0026851318574
1824,1.0750015903863104,3.5330982810757505,529.4807063446439
1825,1.0748611673633806,3.526035457799501,528.9592165267339
1826,1.0747209425934454,3.518985039272314,528.4382153151272
1827,1.0745809158776707,3.5119470039521024,527.9177023467308
1828,1.0744410870174044,3.5049213303411295,527.3976772583618
1829,1.0743014558141761,3.497907996985901,526.8781396867481
1830,1.0741620220696968,3.490906982477056,526.3590892685307
1831,1.0740227855858586,3.4839182654492573,525.8405256402652
1832,1.0738837461647341,3.476941824581084,525.3224484384234
1833,1.0737449036085762,3.4699776385949224,524.8048572993952
1834,1.0736062577198178,3.463025686256859,524.2877518594897
1835,1.0734678083010714,3.4560859463765725,523.7711317549378
1836,1.0733295551551287,3.449158397807226,523.2549966218927
1837,1.0731914980849606,3.4422430194453617,522.7393460964328
1838,1.0730536368937158,3.435339790230792,522.2241798145621
1839,1.0729159713847218,3.428448689146494,521.7094974122128
1840,1.0727785013614837,3.421569695218504,521.1952985252464
1841,1.072641226627684,3.414702787515811,520.6815827894552
1842,1.072504146987182,3.40784794515025,520.1683498405646
1843,1.072367262244015,3.401005147276399,519.655599314234
1844,1.0722305722023953,3.394174373091473,519.1433308460587
1845,1.0720940766667117,3.3873556018352176,518.6315440715712
1846,1.071957775441529,3.3805488127898067,518.1202386262432
1847,1.0718216683315873,3.3737539852797376,517.6094141454871
1848,1.0716857551418015,3.3669710986717263,517.0990702646571
1849,1.0715500356772614,3.3602001323746054,516.5892066190513
1850,1.0714145097432308,3.3534410658392186,516.0798228439128
1851,1.071279177145148,3.34669387855832,515.5709185744316
1852,1.0711440376886243,3.339958550066469,515.0624934457461
1853,1.071009091179445,3.3332350599399296,514.5545470929445
1854,1.070874337423568,3.3265233877965663,514.0470791510661
1855,1.0707397762271238,3.319823513295744,513.5400892551035
1856,1.0706054073964153,3.3131354161382243,513.0335770400031
1857,1.0704712307379172,3.3064590760660657,512.5275421406677
1858,1.0703372460582758,3.2997944728625215,512.0219841919572
1859,1.070203453164309,3.2931415863519393,511.5169028286904
1860,1.0700698518630052,3.286500396399659,511.01229768564633
1861,1.0699364419615234,3.279870882911914,510.508168397566
1862,1.0698032232671932,3.273253025835731,510.00451459915354
1863,1.069670195587514,3.2666468051588278,509.50133592507785
1864,1.0695373587301547,3.2600522009095174,508.9986320099741
1865,1.0694047125029533,3.2534691931566058,508.4964024884448
1866,1.069272256713917,3.2468977620092936,507.9946469950619
1867,1.0691399911712214,3.2403378876170765,507.4933651643675
1868,1.0690079156832104,3.233789550169649,506.992556630876
1869,1.0688760300583962,3.227252729896804,506.49222102907476
1870,1.0687443341054577,3.2207274070683343,505.99235799342614
1871,1.0686128276332418,3.2142135619939367,505.4929671583686
1872,1.0684815104507623,3.2077111750231135,504.9940481583181
1873,1.0683503823671994,3.2012202265450758,504.49560062766966
1874,1.0682194431918994,3.194740696988644,503.99762420079867
1875,1.0680886927343751,3.188272566822155,503.5001185120621
1876,1.0679581308043045,3.1818158165533625,503.0030831958002
1877,1.067827757211531,3.1753704267293417,502.5065178863375
1878,1.0676975717660628,3.1689363779363933,502.01042221798457
1879,1.0675675742780733,3.1625136507999483,501.514795825039
1880,1.0674377645578996,3.1561022259844718,501.01963834178713
1881,1.067308142416043,3.149702084193368,500.52494940250494
1882,1.067178707663169,3.143313206168884,500.03072864145986
1883,1.0670494601101055,3.1369355726920185,499.53697569291177
1884,1.0669203995678445,3.1305691645824223,499.04369019111437
1885,1.06679152584754,3.124213962698308,498.55087177031675
1886,1.0666628387605086,3.1178699479363545,498.05852006476437
1887,1.066534338118229,3.111537101231613,497.5666347087006
1888,1.0664060237323418,3.105215403557414,497.0752153363679
1889,1.066277895414649,3.098904835925273,496.58426158200905
1890,1.0661499529771135,3.0926053793848003,496.0937730798688
1891,1.0660221962318595,3.086317015023604,495.6037494641948
1892,1.0658946249911712,3.0800397239672,495.11419036923877
1893,1.0657672390674933,3.073773487378921,494.62509542925824
1894,1.0656400382734303,3.0675182864598205,494.1364642785174
1895,1.0655130224217466,3.0612741024485843,493.6482965512886
1896,1.0653861913253653,3.0550409166214374,493.1605918818535
1897,1.0652595447973687,3.048818710292053,492.67334990450433
1898,1.0651330826509982,3.0426074648114625,492.18657025354514
1899,1.0650068046996526,3.036407161567962,491.7002525632931
1900,1.0648807107568894,3.0302177819870244,491.21439646807954
1901,1.0647548006364238,3.024039307531207,490.7290016022514
1902,1.064629074152128,3.017871719700062,490.2440676001724
1903,1.0645035311180318,3.011715000030048,489.75959409622413
1904,1.0643781713483214,3.0055691300944383,489.27558072480736
1905,1.0642529946573398,2.9994340915032316,488.79202712034316
1906,1.064128000859586,2.9933098659030644,488.30893291727426
1907,1.0640031897697146,2.9871964349771205,487.82629775006615
1908,1.0638785612025365,2.9810937804450424,487.3441212532082
1909,1.0637541149730176,2.9750018840628436,486.8624030612149
1910,1.0636298508962785,2.9689207276228196,486.3811428086271
1911,1.0635057687875944,2.96285029295346,485.90034013001303
1912,1.0633818684623952,2.9567905619193606,485.41999465996963
1913,1.063258149736265,2.950741516421136,484.9401060331235
1914,1.0631346124249414,2.944703138395332,484.4606738841324
1915,1.0630112563443155,2.938675409814339,483.981697847686
1916,1.0628880813104318,2.932658312686304,483.50317755850733
1917,1.0627650871394871,2.926651829055045,483.02511265135365
1918,1.0626422736478316,2.9206559409999646,482.5475027610178
1919,1.0625196406519672,2.9146706306359618,482.07034752232937
1920,1.062397187968548,2.908695880113348,481.5936465701555
1921,1.06227491541438,2.9027316716177607,481.11739953940224
1922,1.0621528228064203,2.8967779873700787,480.64160606501576
1923,1.062030909961777,2.8908348096263348,480.16626578198316
1924,1.0619091766977096,2.8849021206776317,479.69137832533386
1925,1.0617876228316276,2.878979902850058,479.2169433301404
1926,1.061666248181091,2.8730681385046024,478.74296043151986
1927,1.0615450525638095,2.867166810037069,478.26942926463465
1928,1.0614240357976428,2.861275899877994,477.79634946469383
1929,1.0613031977005998,2.8553953904925606,477.32372066695393
1930,1.0611825380908384,2.8495252643805173,476.85154250672036
1931,1.0610620567866655,2.843665504076091,476.3798146193481
1932,1.0609417536065364,2.8378160921479076,475.908536640243
1933,1.0608216283690548,2.831977011198904,475.4377082048628
1934,1.060701680892972,2.826148243866251,474.96732894871815
1935,1.060581910997187,2.820329772821265,474.4973985073736
1936,1.0604623185007465,2.8145215807693282,474.0279165164487
1937,1.060342903222844,2.8087236504498074,473.5588826116192
1938,1.0602236649828198,2.8029359646359695,473.09029642861765
1939,1.0601046036001611,2.7971585061349007,472.6221576032348
1940,1.059985718894501,2.791391257787425,472.15446577132064
1941,1.0598670106856185,2.785634202468023,471.68722056878505
1942,1.0597484787934384,2.77988732308475,471.22042163159915
1943,1.059630123038031,2.774150602579155,470.7540685957963
1944,1.0595119432396116,2.7684240239262,470.2881610974728
1945,1.0593939392185403,2.7627075701341806,469.8226987727893
1946,1.059276110795322,2.7570012242446427,469.3576812579713
1947,1.0591584577906055,2.7513049693323053,468.8931081893107
1948,1.059040980025184,2.745618788504979,468.4289792031663
1949,1.0589236773199944,2.7399426649034875,467.9652939359651
1950,1.0588065494961167,2.7342765817015855,467.50205202420307
1951,1.0586895963747747,2.728620522105882,467.0392531044462
1952,1.0585728177773344,2.72297446935576,466.57689681333136
1953,1.0584562135253048,2.717338406723297,466.1149827875676
1954,1.0583397834403374,2.711712317513188,465.65351066393663
1955,1.0582235273442255,2.7060961850626652,465.1924800792941
1956,1.0581074450589047,2.7004899927414203,464.7318906705704
1957,1.0579915364064516,2.6948937239515263,464.2717420747717
1958,1.0578758012090845,2.6893073621273595,463.81203392898067
1959,1.0577602392891625,2.683730890735523,463.35276587035776
1960,1.0576448504691853,2.6781642932747665,462.89393753614183
1961,1.0575296345717935,2.6726075532759115,462.43554856365125
1962,1.0574145914197677,2.667060654301773,461.97759859028463
1963,1.0572997208360284,2.6615235799470827,461.52008725352187
1964,1.057185022643636,2.655996313838413,461.0630141909252
1965,1.05707049666579,2.650478839634099,460.60637904013964
1966,1.0569561427258294,2.644971141024162,460.1501814388945
1967,1.0568419606472317,2.6394732017302367,459.69442102500375
1968,1.0567279502536133,2.6339850055054916,459.2390974363672
1969,1.0566141113687288,2.6285065361345548,458.78421031097133
1970,1.0565004438164711,2.6230377774334372,458.32975928689007
1971,1.056386947420871,2.6175787132494595,457.8757440022859
1972,1.0562736220060962,2.6121293274611745,457.4221640954104
1973,1.0561604673964529,2.606689603978294,456.96901920460544
1974,1.0560474834163833,2.601259526741613,456.5163089683039
1975,1.0559346698904668,2.595839079722936,456.06403302503054
1976,1.0558220266434195,2.5904282469250006,455.6121910134029
1977,1.0557095535000935,2.585027012381406,455.1607825721319
1978,1.0555972502854774,2.5796353601565367,454.70980734002313
1979,1.0554851168246948,2.5742532743454904,454.25926495597736
1980,1.0553731529430055,2.568880739074004,453.80915505899145
1981,1.0552613584658042,2.5635177384983785,453.3594772881593
1982,1.0551497332186208,2.5581642568054077,452.9102312826726
1983,1.0550382770271198,2.552820278212305,452.46141668182156
1984,1.0549269897171005,2.547485786966629,452.0130331249959
1985,1.0548158711144962,2.5421607673462128,451.5650802516856
1986,1.0547049210453738,2.536845203659089,451.1175577014817
1987,1.0545941393359348,2.531539080243421,450.67046511407716
1988,1.0544835258125138,2.5262423814674264,450.2238021292676
1989,1.0543730803015785,2.5209550917293098,449.7775683869521
1990,1.0542628026297296,2.5156771954571866,449.3317635271341
1991,1.0541526926237008,2.510408677109014,448.8863871899221
1992,1.0540427501103582,2.5051495211725197,448.4414390155305
1993,1.0539329749167001,2.499899712165129,447.9969186442803
1994,1.053823366869857,2.4946592346338967,447.55282571660007
1995,1.0537139257970904,2.489428073155432,447.1091598730265
1996,1.0536046515257944,2.484206212335832,446.6659207542054
1997,1.0534955438834939,2.478993636810608,446.22310800089224
1998,1.0533866026978445,2.473790331244618,445.7807212539531
1999,1.053277827796633,2.4685962803319943,445.33876015436545
2000,1.0531692190077766,2.4634114687960746,444.8972243432186
2001,1.0530607761593227,2.458235881389333,444.45611346171495
2002,1.052952499079449,2.453069502893307,444.01542715117023
2003,1.0528443875964628,2.447912318118534,443.57516505301476
2004,1.0527364415388012,2.442764311904476,443.1353268087937
2005,1.0526286607350301,2.4376254691194545,442.6959120601682
2006,1.0525210450138454,2.43249577466058,442.2569204489158
2007,1.0524135942040707,2.4273752134536832,441.81835161693147
2008,1.052306308134659,2.422263770453248,441.3802052062281
2009,1.0521991866346918,2.417161430642341,440.9424808589373
2010,1.0520922295333783,2.4120681790325453,440.5051782173102
2011,1.0519854366600556,2.4069840006638907,440.0682969237181
2012,1.0518788078441887,2.4019088806047875,439.63183662065325
2013,1.05177234291537,2.3968428039519574,439.1957969507294
2014,1.051666041703319,2.3917857558303677,438.76017755668266
2015,1.0515599040378822,2.3867377213931618,438.3249780813722
2016,1.0514539297490328,2.3816986858215943,437.89019816778085
2017,1.0513481186668707,2.376668634324963,437.45583745901587
2018,1.0512424706216217,2.3716475521405416,437.02189559830964
2019,1.0511369854436379,2.3666354245335137,436.58837222902037
2020,1.051031662963397,2.361632236796907,436.15526699463265
2021,1.0509265030115025,2.3566379742515253,435.72257953875834
2022,1.0508215054186831,2.351652622245884,435.29030950513715
2023,1.0507166700157928,2.346676166156143,434.85845653763727
2024,1.0506119966338103,2.3417085913860425,434.42702028025604
2025,1.050507485103839,2.3367498833668354,433.99600037712077
2026,1.0504031352571066,2.3318000275572226,433.5653964724892
2027,1.0502989469249653,2.326859009443289,433.1352082107504
2028,1.050194919938891,2.3219268145384366,432.70543523642516
2029,1.0500910541304833,2.31700342838332,432.27607719416676
2030,1.0499873493314658,2.3120888365457826,431.8471337287617
2031,1.0498838053736848,2.307183024620791,431.4186044851303
2032,1.04978042208911,2.3022859782303704,430.9904891083272
2033,1.0496771993098342,2.297397683023542,430.5627872435423
2034,1.0495741368680722,2.2925181246762563,430.13549853610107
2035,1.0494712345961619,2.287647288891331,429.7086226314655
2036,1.0493684923265627,2.282785161398387,429.28215917523454
2037,1.0492659098918566,2.277931727953785,428.8561078131446
2038,1.0491634871247468,2.273086974340559,428.4304681910705
2039,1.0490612238580586,2.268250886368359,428.0052399550258
2040,1.048959119924738,2.263423449873381,427.58042275116367
2041,1.0488571751578524,2.258604650718311,427.1560162257773
2042,1.04875538939059,2.253794474792255,426.7320200253007
2043,1.04865376245626,2.2489929080106816,426.30843379630903
2044,1.0485522941882914,2.2441999363153577,425.88525718551955
2045,1.048450984420234,2.239415545674286,425.46248983979183
2046,1.0483498329857575,2.234639722081643,425.04013140612875
2047,1.0482488397186507,2.2298724515577173,424.61818153167684
2048,1.0481480044528229,2.225113720148847,424.196639863727
2049,1.0480473270223023,2.2203635139273588,423.7755060497149
2050,1.0479468072612366,2.2156218189915053,423.3547797372219
2051,1.0478464450038918,2.2108886214654064,422.93446057397523
2052,1.0477462400846533,2.2061639074989836,422.5145482078488
2053,1.0476461923380247,2.2014476632679023,422.0950422868639
2054,1.0475463015986277,2.1967398749735096,421.6759424591894
2055,1.0474465677012024,2.1920405288427744,421.2572483731427
2056,1.0473469904806068,2.1873496111282256,420.8389596771902
2057,1.0472475697718162,2.1826671081078928,420.4210760199475
2058,1.0471483054099238,2.177993006085244,420.00359705018064
2059,1.04704919723014,2.173327291389129,419.58652241680596
2060,1.0469502450677919,2.1686699503737152,419.1698517688912
2061,1.0468514487583238,2.1640209694184307,418.75358475565565
2062,1.0467528081372963,2.1593803349279033,418.337721026471
2063,1.0466543230403869,2.154748033331902,417.92226023086175
2064,1.0465559933033888,2.150124051085275,417.5072020185058
2065,1.0464578187622118,2.1455083746678945,417.09254603923483
2066,1.0463597992528808,2.1409009905845937,416.6782919430351
2067,1.046261934611537,2.1363018853651106,416.26443938004775
2068,1.0461642246744365,2.131711045564028,415.85098800056943
2069,1.046066669277951,2.1271284577607137,415.43793745505286
2070,1.0459692682585668,2.122554108559265,415.02528739410735
2071,1.0458720214528854,2.1179879845884484,414.61303746849933
2072,1.0457749286976226,2.1134300725016395,414.2011873291527
2073,1.0456779898296087,2.1088803589767693,413.7897366271495
2074,1.0455812046857882,2.104338830716263,413.3786850137306
2075,1.0454845731032198,2.099805474446984,412.96803214029575
2076,1.0453880949190757,2.0952802769201733,412.55777765840463
2077,1.0452917699706419,2.090763224911397,412.14792121977683
2078,1.0451955980953176,2.086254305220484,411.7384624762927
2079,1.0450995791306155,2.081753504671472,411.3294010799938
2080,1.0450037129141612,2.07726081011255,410.9207366830833
2081,1.044907999283693,2.0727762084159984,410.5124689379266
2082,1.0448124380770618,2.068299686478137,410.1045974970516
2083,1.0447170291322314,2.063831231219266,409.69712201314945
2084,1.0446217722872773,2.059370829583608,409.2900421390749
2085,1.0445266673803872,2.054918468539254,408.8833575278468
2086,1.0444317142498607,2.0504741350781064,408.4770678326485
2087,1.0443369127341091,2.0460378162158235,408.0711727068286
2088,1.044242262671655,2.041609498991762,407.665671803901
2089,1.0441477639011325,2.037189170468923,407.26056477754577
2090,1.0440534162612867,2.0327768177338967,406.85585128160943
2091,1.0439592195909735,2.028372427896804,406.4515309701055
2092,1.0438651737291595,2.0239759880912436,406.0476034972148
2093,1.0437712785149222,2.019587485474237,405.6440685172861
2094,1.0436775337874489,2.0152069072261725,405.2409256848364
2095,1.0435839393860373,2.01083424055075,404.83817465455155
2096,1.043490495150095,2.006469472674927,404.4358150812867
2097,1.0433972009191392,2.002112590848863,404.03384662006664
2098,1.0433040565327973,1.9977635823458673,403.6322689260863
2099,1.0432110618308055,1.993422434462341,403.2310816547112
2100,1.043118216653009,1.989089134517726,402.83028446147785
2101,1.0430255208393628,1.9847636698544489,402.42987700209426
2102,1.0429329742299303,1.9804460278378682,402.0298589324404
2103,1.0428405766648836,1.9761361958562198,401.6302299085685
2104,1.0427483279845031,1.9718341613205639,401.23098958670363
2105,1.042656228029178,1.9675399116647305,400.832137623244
2106,1.042564276639405,1.963253434345267,400.43367367476156
2107,1.042472473655789,1.9589747168413845,400.03559739800227
2108,1.0423808189190429,1.9547037466549042,399.6379084498865
2109,1.0422893122699866,1.9504405113102055,399.2406064875096
2110,1.042197953549548,1.9461849983541715,398.84369116814224
2111,1.0421067425987618,1.941937195356138,398.44716214923085
2112,1.0420156792587698,1.9376970899078398,398.051019088398
2113,1.0419247633708209,1.9334646696233584,397.6552616434428
2114,1.0418339947762703,1.9292399221390695,397.25988947234134
2115,1.04174337331658,1.9250228351135912,396.864902233247
2116,1.0416528988333182,1.9208133962277318,396.47029958449116
2117,1.0415625711681593,1.9166115931844379,396.07608118458313
2118,1.0414723901628837,1.912417413708742,395.68224669221104
2119,1.0413823556593775,1.9082308455477115,395.2887957662418
2120,1.0412924674996324,1.9040518764703964,394.89572806572176
2121,1.0412027255257457,1.899880494267779,394.50304324987707
2122,1.0411131295799196,1.8957166867527213,394.110740978114
2123,1.0410236795044618,1.891560441759915,393.7188209100193
2124,1.040934375141785,1.8874117471458294,393.32728270536074
2125,1.0408452163344064,1.8832705907886607,392.93612602408734
2126,1.0407562029249477,1.8791369605882822,392.5453505263298
2127,1.0406673347561355,1.8750108444661922,392.1549558724009
2128,1.0405786116708,1.8708922303654645,391.76494172279587
2129,1.040490033511876,1.8667811062506976,391.3753077381927
2130,1.0404016001224021,1.8626774601079645,390.98605357945263
2131,1.0403133113455205,1.858581279944762,390.59717890762033
2132,1.040225167024477,1.8544925537899621,390.20868338392455
2133,1.040137167002621,1.8504112696937605,389.82056666977815
2134,1.0400493111234046,1.846337415727627,389.43282842677877
2135,1.0399615992303837,1.8422709799842572,389.04546831670893
2136,1.0398740311672168,1.8382119505775214,388.6584860015366
2137,1.0397866067776649,1.8341603156424167,388.2718811434153
2138,1.039699325905592,1.8301160633350158,387.88565340468494
2139,1.0396121883949643,1.8260791818324196,387.49980244787145
2140,1.0395251940898502,1.8220496593327073,387.1143279356878
2141,1.0394383428344203,1.8180274840548878,386.72922953103387
2142,1.039351634472947,1.8140126442388504,386.34450689699713
2143,1.0392650688498044,1.8100051281453169,385.9601596968529
2144,1.0391786458094687,1.8060049240557925,385.5761875940644
2145,1.039092365196517,1.8020120202725174,385.1925902522835
2146,1.0390062268556277,1.798026405118419,384.80936733535077
2147,1.0389202306315808,1.7940480669370629,384.426518507296
2148,1.0388343763692567,1.7900769940926056,384.0440434323385
2149,1.038748663913637,1.786113174969746,383.6619417748873
2150,1.0386630931098038,1.7821565979736782,383.2802131995413
2151,1.0385776638029394,1.778207251530043,382.89885737109034
2152,1.038492375838327,1.7742651240848812,382.5178739545147
2153,1.0384072290613497,1.7703302041045852,382.13726261498584
2154,1.0383222233174905,1.7664024800758522,381.7570230178666
2155,1.0382373584523323,1.7624819405056373,381.3771548287115
2156,1.038152634311558,1.7585685739211059,380.9976577132673
2157,1.0380680507409494,1.7546623688695864,380.61853133747286
2158,1.0379836075863884,1.7507633139185244,380.23977536745986
2159,1.0378993046938558,1.7468713976554349,379.86138946955293
2160,1.0378151419094315,1.742986608687856,379.4833733102699
2161,1.0377311190792944,1.739108935643303,379.10572655632217
2162,1.0376472360497222,1.7352383671692206,378.72844887461514
2163,1.0375634926670911,1.7313748919329384,378.35153993224833
2164,1.037479888777876,1.7275184986216232,377.9749993965157
2165,1.0373964242286497,1.7236691759422338,377.598826934906
2166,1.037313098866084,1.7198269126214745,377.2230222151031
2167,1.0372299125369477,1.7159916974057503,376.8475849049861
2168,1.0371468650881084,1.7121635190611195,376.47251467263
2169,1.0370639563665307,1.70834236637325,376.0978111863054
2170,1.0369811862192773,1.7045282281473724,375.7234741144794
2171,1.036898554493508,1.7007210932082353,375.34950312581554
2172,1.0368160610364805,1.69692095040006,374.97589788917406
2173,1.0367337056955488,1.693127788586495,374.6026580736123
2174,1.0366514883181643,1.6893415966505718,374.229783348385
2175,1.0365694087518753,1.6855623634946588,373.8572733829445
2176,1.036487466844327,1.6817900780404176,373.48512784694105
2177,1.0364056624432605,1.6780247292287576,373.1133464102231
2178,1.036323995396514,1.6742663060197918,372.74192874283744
2179,1.0362424655520215,1.670514797392792,372.3708745150297
2180,1.0361610727578134,1.666770192346145,372.00018339724437
2181,1.0360798168620162,1.6630324798973077,371.6298550601253
2182,1.035998697712852,1.6593016490827635,371.2598891745157
2183,1.0359177151586385,1.655577688957978,370.8902854114587
2184,1.0358368690477895,1.6518605885973556,370.52104344219737
2185,1.0357561592288136,1.6481503370941946,370.15216293817514
2186,1.0356755855503152,1.6444469235606445,369.7836435710359
2187,1.0355951478609935,1.6407503371276622,369.41548501262434
2188,1.0355148460096428,1.6370605669449683,369.0476869349863
2189,1.0354346798451524,1.633377602181004,368.68024901036875
2190,1.035354649216506,1.6297014320228878,368.31317091122037
2191,1.0352747539727822,1.626032045676372,367.94645231019155
2192,1.035194993963154,1.6223694323657998,367.58009288013477
2193,1.0351153690368886,1.6187135813340632,367.2140922941047
2194,1.0350358790433476,1.6150644818425588,366.8484502253587
2195,1.0349565238319864,1.611422123171146,366.4831663473567
2196,1.0348773032523546,1.6077864946181049,366.1182403337618
2197,1.0347982171540953,1.604157585500092,365.7536718584401
2198,1.0347192653869453,1.6005353851520994,365.3894605954615
2199,1.0346404478007352,1.5969198829274118,365.0256062190994
2200,1.0345617642453884,1.5933110681975653,364.66210840383116
2201,1.0344832145709222,1.5897089303523035,364.2989668243383
2202,1.0344047986274465,1.586113458799537,363.93618115550686
2203,1.0343265162651645,1.582524642965301,363.5737510724273
2204,1.034248367334372,1.5789424722937142,363.21167625039504
2205,1.034170351685458,1.575366936246936,362.8499563649106
2206,1.0340924691689033,1.5717980243051257,362.48859109167967
2207,1.034014719635282,1.568235725966401,362.1275801066136
2208,1.03393710293526,1.5646800307467967,361.7669230858293
2209,1.0338596189195954,1.5611309281802233,361.4066197056498
2210,1.0337822674391386,1.5575884078184252,361.0466696426041
2211,1.033705048344832,1.554052459230941,360.68707257342777
2212,1.0336279614877095,1.5505230720050622,360.3278281750627
2213,1.033551006718897,1.5470002357457915,359.9689361246578
2214,1.033474183889612,1.543483940075803,359.61039609956885
2215,1.033397492851163,1.539974174635401,359.2522077773589
2216,1.03332093345495,1.53647092908248,358.8943708357983
2217,1.0332445055524646,1.5329741930924838,358.5368849528652
2218,1.0331682089952892,1.5294839563583658,358.1797498067454
2219,1.0330920436350968,1.5260002085905475,357.8229650758327
2220,1.0330160093236518,1.5225229395168802,357.46653043872925
2221,1.032940105912809,1.5190521388826035,357.1104455742455
2222,1.0328643332545138,1.5155877964503062,356.75471016140045
2223,1.032788691200802,1.5121299019998862,356.399323879422
2224,1.0327131796037998,1.5086784453285107,356.044286407747
2225,1.0326377983157236,1.5052334162505767,355.68959742602146
2226,1.03256254718888,1.5017948045976715,355.33525661410073
2227,1.0324874260756653,1.4983626002185328,354.98126365204973
2228,1.032412434828566,1.4949367929790107,354.6276182201432
2229,1.0323375733001579,1.491517372762027,354.2743199988656
2230,1.0322628413431068,1.4881043294675365,353.9213686689118
2231,1.032188238810168,1.4846976530124887,353.5687639111866
2232,1.0321137655541859,1.4812973333307882,353.2165054068054
2233,1.0320394214280944,1.4779033603732556,352.86459283709445
2234,1.0319652062849163,1.4745157241075901,352.5130258835905
2235,1.0318911199777636,1.471134414518329,352.16180422804143
2236,1.0318171623598373,1.4677594216068102,351.8109275524063
2237,1.0317433332844272,1.464390735391134,351.46039553885555
2238,1.0316696326049115,1.4610283459061246,351.11020786977093
2239,1.0315960601747571,1.457672243203291,350.7603642277461
2240,1.0315226158475195,1.45432241735079,350.4108642955864
2241,1.0314492994768425,1.4509788584333876,350.06170775630926
2242,1.031376110916458,1.447641556552421,349.7128942931443
2243,1.0313030500201863,1.4443105018257612,349.36442358953343
2244,1.031230116641935,1.4409856843877742,349.0162953291311
2245,1.0311573106357006,1.4376670943892844,348.6685091958043
2246,1.0310846318555666,1.4343547219975363,348.32106487363296
2247,1.0310120801557046,1.431048557396158,347.97396204691
2248,1.0309396553903736,1.4277485907851222,347.6272004001414
2249,1.03086735741392,1.4244548123807106,347.2807796180465
2250,1.0307951860807776,1.4211672124154753,346.9346993855579
2251,1.0307231412454676,1.4178857811382026,346.58895938782206
2252,1.0306512227625981,1.414610508813876,346.243559310199
2253,1.0305794304868643,1.4113413857236385,345.8984988382626
2254,1.0305077642730485,1.4080784021647565,345.55377765780094
2255,1.0304362239760194,1.4048215484505826,345.20939545481616
2256,1.0303648094507327,1.4015708149105188,344.86535191552474
2257,1.0302935205522306,1.3983261918899812,344.5216467263577
2258,1.0302223571356417,1.3950876697503618,344.17827957396054
2259,1.0301513190561813,1.3918552388689933,343.8352501451937
2260,1.0300804061691509,1.3886288896391124,343.4925581271324
2261,1.0300096183299379,1.3854086124698235,343.15020320706685
2262,1.029938955394016,1.3821943977860631,342.80818507250257
2263,1.0298684172169446,1.3789862360285632,342.46650341116026
2264,1.0297980036543692,1.3757841176538157,342.1251579109761
2265,1.0297277145620212,1.3725880331340365,341.7841482601019
2266,1.0296575497957174,1.3693979729571297,341.4434741469051
2267,1.0295875092113604,1.3662139276266525,341.1031352599689
2268,1.029517592664938,1.3630358876617783,340.7631312880926
2269,1.0294478000125236,1.3598638435972628,340.4234619202916
2270,1.0293781311102757,1.3566977859834077,340.08412684579736
2271,1.029308585814438,1.3535377053860254,339.7451257540579
2272,1.0292391639813392,1.3503835923864045,339.40645833473747
2273,1.0291698654673933,1.3472354375812736,339.06812427771706
2274,1.0291006901290987,1.3440932315827674,338.7301232730943
2275,1.0290316378230389,1.3409569650183908,338.3924550111837
2276,1.0289627084058819,1.3378266285309852,338.0551191825167
2277,1.0288939017343806,1.334702212778692,337.7181154778417
2278,1.0288252176653718,1.33158370843492,337.38144358812445
2279,1.028756656055777,1.3284711061883092,337.04510320454784
2280,1.0286882167626024,1.325364396742697,336.7090940185123
2281,1.0286198996429374,1.3222635708170833,336.3734157216357
2282,1.0285517045539567,1.319168619145597,336.03806800575353
2283,1.028483631352918,1.3160795324774608,335.7030505629191
2284,1.0284156798971635,1.3129963015769583,335.3683630854034
2285,1.028347850044119,1.3099189172233987,335.0340052656956
2286,1.028280141651294,1.3068473702110828,334.69997679650277
2287,1.0282125545762821,1.3037816513492704,334.3662773707502
2288,1.0281450886767596,1.3007217514621454,334.0329066815815
2289,1.0280777438104869,1.2976676613887823,333.69986442235853
2290,1.0280105198353076,1.2946193719831125,333.3671502866617
2291,1.0279434166091483,1.291576874113891,333.03476396829
2292,1.0278764339900195,1.288540158664663,332.7027051612612
2293,1.0278095718360138,1.2855092165337296,332.3709735598116
2294,1.0277428300053078,1.2824840386341159,332.0395688583965
2295,1.0276762083561601,1.2794646158935365,331.70849075169014
2296,1.027609706746913,1.2764509392543635,331.3777389345859
2297,1.0275433250359909,1.2734429996735923,331.04731310219626
2298,1.027477063081901,1.27044078812281,330.71721294985286
2299,1.0274109207432334,1.2674442955881606,330.3874381731068
2300,1.0273448978786603,1.2644535130703147,330.0579884677285
2301,1.0272789943469365,1.2614684315844342,329.7288635297079
2302,1.0272132100068987,1.2584890421601418,329.4000630552547
2303,1.0271475447174665,1.2555153358414868,329.07158674079807
2304,1.0270819983376411,1.2525473036869135,328.74343428298704
2305,1.0270165707265062,1.249584936769229,328.4156053786905
2306,1.026951261743227,1.2466282261755708,328.08809972499733
2307,1.026886071247051,1.2436771630073733,327.7609170192163
2308,1.026820999097307,1.2407317383803376,327.43405695887645
2309,1.026756045153406,1.237791943424398,327.10751924172683
2310,1.0266912092748406,1.2348577692836908,326.7813035657368
2311,1.0266264913211847,1.231929207116522,326.4554096290961
2312,1.026561891152094,1.2290062480953357,326.12983713021487
2313,1.0264974086273053,1.226088883406682,325.8045857677237
2314,1.026433043606637,1.2231771042511865,325.4796552404738
2315,1.0263687959499883,1.2202709018435167,325.1550452475369
2316,1.0263046655173402,1.2173702674123525,324.8307554882057
2317,1.0262406521687544,1.2144751922003534,324.50678566199326
2318,1.0261767557643733,1.211585667464128,324.1831354686339
2319,1.0261129761644208,1.2087016844742022,323.8598046080826
2320,1.0260493132292015,1.2058232345149882,323.5367927805153
2321,1.0259857668191006,1.2029503088847537,323.2140996863293
2322,1.025922336794584,1.2000828988955905,322.89172502614264
2323,1.0258590230161986,1.1972209958733835,322.56966850079476
2324,1.0257958253445711,1.1943645911577803,322.24792981134624
2325,1.0257327436404096,1.1915136761021596,321.9265086590791
2326,1.0256697777645016,1.1886682420736019,321.60540474549657
2327,1.0256069275777158,1.185828280452857,321.28461777232343
2328,1.0255441929410005,1.1829937826343149,320.9641474415058
2329,1.0254815737153846,1.1801647400259747,320.64399345521156
2330,1.025419069761977,1.1773411440494146,320.32415551583
2331,1.0253566809419663,1.174522986139761,320.0046333259722
2332,1.0252944071166217,1.171710257745659,319.6854265884708
2333,1.0252322481472915,1.1689029503292414,319.36653500638045
2334,1.0251702038954045,1.166101055366099,319.0479582829774
2335,1.0251082742224686,1.1633045643452509,318.7296961217599
2336,1.025046458990072,1.1605134687691139,318.4117482264481
2337,1.0249847580598823,1.1577277601534735,318.0941143009841
2338,1.0249231712936462,1.154947430027453,317.77679404953193
2339,1.0248616985531902,1.152172469933485,317.459787176478
2340,1.0248003397004204,1.1494028714272808,317.14309338643056
2341,1.0247390945973218,1.1466386260778014,316.82671238422006
2342,1.024677963105959,1.1438797254672277,316.5106438748993
2343,1.0246169450884757,1.1411261611909311,316.1948875637433
2344,1.0245560404070944,1.1383779248574446,315.8794431562493
2345,1.024495248924117,1.135635008088433,315.564310358137
2346,1.0244345705019244,1.132897402518664,315.24948887534833
2347,1.0243740050029762,1.1301650997959791,314.9349784140478
2348,1.0243135522898108,1.1274380915812645,314.6207786806224
2349,1.0242532122250456,1.124716369548422,314.3068893816814
2350,1.0241929846713769,1.12199992538434,313.993310224057
2351,1.0241328694915792,1.1192887507888656,313.68004091480356
2352,1.024072866548506,1.1165828374747746,313.3670811611984
2353,1.0240129757050889,1.1138821771677438,313.0544306707414
2354,1.0239531968243383,1.1111867616063218,312.74208915115497
2355,1.0238935297693428,1.1084965825419006,312.43005631038443
2356,1.0238339744032696,1.1058116317386877,312.11833185659776
2357,1.023774530589364,1.103131900973677,311.8069154981858
2358,1.0237151981909496,1.1004573820366208,311.49580694376215
2359,1.023655977071428,1.0977880667300015,311.1850059021633
2360,1.0235968670942792,1.0951239468690035,310.8745120824486
2361,1.023537868123061,1.0924650142814851,310.5643251939003
2362,1.023478980021409,1.0898112608079509,310.2544449460235
2363,1.023420202653037,1.087162678301523,309.9448710485465
2364,1.0233615358817367,1.0845192586279133,309.63560321142023
2365,1.0233029795713775,1.0818809936653968,309.32664114481906
2366,1.0232445335859066,1.0792478753047825,309.01798455914
2367,1.0231861977893486,1.0766198954493866,308.70963316500337
2368,1.0231279720458062,1.0739970460150043,308.40158667325244
2369,1.0230698562194591,1.0713793189298828,308.0938447949536
2370,1.023011850174565,1.0687667061346933,307.78640724139643
2371,1.022953953775459,1.0661591995825046,307.47927372409356
2372,1.0228961668865535,1.0635567912387547,307.1724439547809
2373,1.0228384893723381,1.0609594730812244,306.8659176454173
2374,1.02278092109738,1.0583672371000095,306.5596945081851
2375,1.0227234619263232,1.055780075297494,306.25377425548965
2376,1.0226661117238893,1.053197979688323,305.9481565999596
2377,1.0226088703548768,1.0506209422993764,305.64284125444675
2378,1.0225517376841613,1.0480489551697405,305.3378279320263
2379,1.0224947135766957,1.0454820103506828,305.03311634599663
2380,1.0224377978975094,1.0429200999056243,304.72870620987936
2381,1.0223809905117092,1.040363215910113,304.42459723741956
2382,1.0223242912844783,1.0378113504517976,304.1207891425854
2383,1.022267700081077,1.035264495630401,303.8172816395684
2384,1.0222112167668422,1.0327226435576926,303.51407444278357
2385,1.022154841207188,1.0301857863574637,303.21116726686904
2386,1.0220985732676042,1.0276539161655,302.90855982668637
2387,1.0220424128136583,1.0251270251295561,302.6062518373204
2388,1.0219863597109935,1.0226051054093281,302.3042430140794
2389,1.02193041382533,1.0200881491764289,302.00253307249494
2390,1.0218745750224645,1.0175761486143609,301.701121728322
2391,1.0218188431682698,1.0150690959184911,301.40000869753874
2392,1.021763218128695,1.0125669832960242,301.0991936963469
2393,1.0217076997697663,1.0100698029659776,300.7986764411715
2394,1.0216522879575851,1.0075775471591546,300.4984566486609
2395,1.0215969825583298,1.0050902081181199,300.19853403568686
2396,1.0215417834382545,1.0026077780971727,299.8989083193444
2397,1.0214866904636901,1.000130249362322,299.59957921695207
2398,1.0214317035010427,0.997657614191261,299.30054644605167
2399,1.0213768224167952,0.9951898648733406,299.00180972440836
2400,1.0213220470775062,0.9927269937095456,298.7033687700106
2401,1.0212673773498102,0.9902689930124683,298.4052233010704
2402,1.0212128131004177,0.9878158551062834,298.1073730360229
2403,1.021158354196115,0.985367572326723,297.80981769352667
2404,1.0211040005037642,0.9829241370210514,297.5125569924636
2405,1.0210497518903034,0.9804855415480398,297.21559065193895
2406,1.0209956082227465,0.9780517782779418,296.9189183912812
2407,1.0209415693681825,0.9756228395924678,296.62253993004214
2408,1.0208876351937768,0.9731987178847608,296.32645498799695
2409,1.0208338055667698,0.970779405559371,296.0306632851441
2410,1.020780080354478,0.9683648950322317,295.7351645417052
2411,1.020726459424293,0.9659551787306336,295.4399584781253
2412,1.0206729426436825,0.9635502490932015,295.14504481507254
2413,1.0206195298801888,0.9611500985698689,294.8504232734384
2414,1.0205662210014304,0.9587547196218533,294.55609357433764
2415,1.0205130158751006,0.9563641047216328,294.26205543910805
2416,1.0204599143689683,0.9539782463529206,293.96830858931077
2417,1.020406916350878,0.9515971370106413,293.67485274673004
2418,1.0203540216887488,0.9492207692009068,293.3816876333733
2419,1.0203012302505756,0.9468491354409917,293.08881297147116
2420,1.0202485419044283,0.9444822282593094,292.7962284834773
2421,1.0201959565184517,0.9421200401953882,292.5039338920686
2422,1.0201434739608661,0.939762563799847,292.2119289201449
2423,1.0200910940999668,0.9374097916343717,291.9202132908292
2424,1.020038816804124,0.9350617162716911,291.6287867274676
2425,1.0199866419417827,0.9327183302955533,291.3376489536292
2426,1.0199345693814637,0.9303796263007016,291.046799693106
2427,1.0198825989917617,0.9280455968928515,290.75623866991305
2428,1.0198307306413472,0.9257162346886665,290.4659656082884
2429,1.019778964198965,0.9233915323157348,290.175980232693
2430,1.019727299533435,0.9210714824125458,289.88628226781077
2431,1.0196757365136517,0.9187560776284663,289.5968714385485
2432,1.0196242750085849,0.9164453106237183,289.3077474700357
2433,1.0195729148872783,0.9141391740693541,289.0189100876249
2434,1.019521656018851,0.9118376606472343,288.7303590168914
2435,1.0194704982724965,0.909540763050004,288.44209398363324
2436,1.0194194415174829,0.9072484739810699,288.15411471387125
2437,1.019368485623153,0.9049607861545772,287.86642093384893
2438,1.0193176304589247,0.9026776922953869,287.57901237003256
2439,1.0192668758942893,0.9003991851390521,287.29188874911097
2440,1.0192162217988137,0.898125257431796,287.0050497979957
2441,1.0191656680421388,0.8958559019304887,286.7184952438209
2442,1.0191152144939801,0.8935911114026241,286.43222481394326
2443,1.0190648610241275,0.8913308786262981,286.146238235942
2444,1.019014607502445,0.8890751963901852,285.86053523761893
2445,1.0189644537988718,0.8868240574935158,285.5751155469981
2446,1.0189143997834207,0.8845774547460545,285.2899788923263
2447,1.0188644453261793,0.8823353809680772,285.00512500207253
2448,1.0188145902973091,0.8800978289903485,284.7205536049281
2449,1.0187648345670461,0.8778647916540998,284.4362644298069
2450,1.0187151780057007,0.8756362618110065,284.1522572058448
2451,1.0186656204836573,0.8734122323231663,283.86853166240024
2452,1.0186161618713745,0.8711926960630769,283.58508752905357
2453,1.0185668020393854,0.8689776459136137,283.3019245356075
2454,1.0185175408582967,0.8667670747680079,283.01904241208683
2455,1.0184683781987898,0.8645609755298246,282.73644088873846
2456,1.0184193139316198,0.8623593411129407,282.45411969603134
2457,1.018370347927616,0.8601621644415232,282.17207856465643
2458,1.0183214800576819,0.8579694384500072,281.89031722552664
2459,1.0182727101927949,0.8557811560830745,281.6088354097769
2460,1.0182240382040064,0.8535973102956315,281.3276328487639
2461,1.0181754639624419,0.8514178940527879,281.0467092740663
2462,1.0181269873393006,0.849242900329835,280.7660644174845
2463,1.0180786082058562,0.8470723221122238,280.48569801104054
2464,1.0180303264334558,0.8449061523955445,280.2056097869784
2465,1.0179821418935207,0.8427443841855041,279.9257994777636
2466,1.0179340544575457,0.8405870104979057,279.6462668160832
2467,1.0178860639971,0.8384340243586267,279.367011534846
2468,1.0178381703838262,0.836285418803598,279.08803336718216
2469,1.0177903734894411,0.8341411868787827,278.8093320464435
2470,1.017742673185735,0.8320013216401551,278.5309073062031
2471,1.0176950693445723,0.829865816153679,278.2527588802555
2472,1.017647561837891,0.8277346634952878,277.9748865026166
2473,1.0176001505377028,0.8256078567508626,277.69728990752344
2474,1.0175528353160932,0.8234853890162116,277.4199688294344
2475,1.0175056160452214,0.8213672533970497,277.142923003029
2476,1.0174584925973202,0.819253443008977,276.86615216320797
2477,1.0174114648446966,0.8171439509774584,276.58965604509297
2478,1.0173645326597305,0.8150387704378033,276.31343438402683
2479,1.017317695914876,0.8129378945351442,276.0374869155732
2480,1.0172709544826608,0.8108413164244168,275.76181337551674
2481,1.017224308235686,0.8087490292703394,275.4864134998629
2482,1.0171777570466265,0.8066610262473922,275.21128702483804
2483,1.0171313007882306,0.804577300539797,274.9364336868892
2484,1.0170849393333203,0.802497845341497,274.66185322268404
2485,1.0170386725547913,0.8004226538561363,274.38754536911097
2486,1.0169925003256126,0.79835171929704,274.113509863279
2487,1.0169464225188272,0.7962850348871936,273.83974644251754
2488,1.016900439007551,0.7942225938592233,273.5662548443766
2489,1.0168545496649737,0.7921643894553757,273.29303480662645
2490,1.0168087543643587,0.7901104149274979,273.0200860672578
2491,1.0167630529790428,0.7880606635370172,272.7474083644816
2492,1.0167174453824361,0.7860151285549221,272.47500143672914
2493,1.0166719314480224,0.7839738032617412,272.20286502265174
2494,1.0166265110493586,0.7819366809475243,271.9309988611208
2495,1.0165811840600756,0.7799037549118226,271.65940269122797
2496,1.0165359503538771,0.7778750184636686,271.3880762522847
2497,1.0164908098045409,0.7758504649215566,271.11701928382246
2498,1.0164457622859178,0.7738300876134235,270.84623152559243
2499,1.016400807671932,0.771813879876629,270.5757127175658
2500,1.0163559458365812,0.7698018350579359,270.3054625999333
2501,1.0163111766539368,0.7677939465134909,270.0354809131055
2502,1.016266499998143,0.7657902076088053,269.7657673977124
2503,1.0162219157434178,0.763790611718736,269.49632179460366
2504,1.0161774237640526,0.7617951522274652,269.22714384484834
2505,1.016133023934412,0.7598038225284824,268.95823328973495
2506,1.0160887161289338,0.7578166160245646,268.6895898707713
2507,1.0160445002221294,0.7558335261277571,268.42121332968446
2508,1.0160003760885836,0.7538545462593548,268.15310340842075
2509,1.0159563436029544,0.751879669849883,267.88525984914565
2510,1.015912402639973,0.7499088903390787,267.6176823942437
2511,1.0158685530744445,0.7479422011758713,267.35037078631825
2512,1.0158247947812464,0.745979595818364,267.08332476819186
2513,1.0157811276353303,0.7440210677338153,266.81654408290586
2514,1.015737551511721,0.7420666103986193,266.55002847372026
2515,1.0156940662855165,0.7401162172982884,266.2837776841139
2516,1.0156506718318878,0.7381698819274334,266.0177914577842
2517,1.0156073680260798,0.7362275977897457,265.7520695386472
2518,1.0155641547434102,0.7342893583979784,265.4866116708375
2519,1.0155210318592702,0.732355157273928,265.2214175987079
2520,1.0154779992491245,0.7304249879484157,264.9564870668298
2521,1.0154350567885109,0.7284988439612696,264.6918198199929
2522,1.0153922043530403,0.7265767188613058,264.4274156032049
2523,1.0153494418183973,0.7246586062063101,264.1632741616918
2524,1.0153067690603395,0.7227444995630201,263.8993952408976
2525,1.0152641859546978,0.7208343925071071,263.6357785864843
2526,1.0152216923773767,0.7189282786231576,263.3724239443319
2527,1.0151792882043535,0.7170261515046553,263.1093310605381
2528,1.0151369733116793,0.7151280047539634,262.84649968141844
2529,1.0150947475754784,0.7132338319823063,262.5839295535061
2530,1.015052610871948,0.7113436268097516,262.3216204235519
2531,1.015010563077359,0.7094573828651927,262.0595720385242
2532,1.0149686040680552,0.7075750937863303,261.7977841456088
2533,1.0149267337204542,0.7056967532196555,261.53625649220885
2534,1.0148849519110466,0.703822354820431,261.27498882594483
2535,1.0148432585163965,0.7019518922526742,261.01398089465437
2536,1.014801653413141,0.7000853591891393,260.75323244639236
2537,1.0147601364779908,0.6982227493112999,260.49274322943063
2538,1.0147187075877298,0.6963640563093312,260.232512992258
2539,1.014677366619215,0.6945092738820928,259.97254148358024
2540,1.014636113449377,0.692658395737111,259.7128284523199
2541,1.01459494795522,0.6908114155905614,259.45337364761633
2542,1.014553870013821,0.6889683271672518,259.19417681882544
2543,1.0145128795023304,0.687129124200605,258.93523771551975
2544,1.0144719762979721,0.6852938004326412,258.6765560874882
2545,1.0144311602780434,0.6834623496139609,258.4181316847363
2546,1.0143904313199148,0.6816347655037278,258.1599642574857
2547,1.0143497893010303,0.6798110418696519,257.9020535561744
2548,1.014309234098907,0.6779911724879722,257.64439933145644
2549,1.014268765591136,0.67617515114344,257.38700133420207
2550,1.014228383655381,0.6743629716293011,257.1298593154974
2551,1.0141880881693794,0.6725546277472805,256.87297302664456
2552,1.0141478790109422,0.6707501133075638,256.61634221916137
2553,1.0141077560579534,0.6689494221287816,256.3599666447815
2554,1.014067719188371,0.6671525480379921,256.10384605545414
2555,1.0140277682802254,0.6653594848706645,255.8479802033441
2556,1.0139879032116217,0.6635702264706628,255.5923688408316
2557,1.0139481238607375,0.6617847666902283,255.33701172051232
2558,1.0139084301058243,0.6600030993899643,255.0819085951972
2559,1.013868821825207,0.6582252184388181,254.82705921791236
2560,1.0138292988972837,0.6564511177140655,254.57246334189904
2561,1.013789861200526,0.6546807911012943,254.3181207206135
2562,1.0137505086134793,0.6529142324943875,254.06403110772698
2563,1.0137112410147622,0.651151435795507,253.81019425712552
2564,1.0136720582830672,0.6493923949150779,253.55660992290996
2565,1.0136329602971599,0.6476371037717716,253.3032778593957
2566,1.0135939469358795,0.6458855562924901,253.05019782111287
2567,1.0135550180781387,0.6441377464123493,252.797369562806
2568,1.0135161736029243,0.6423936680746634,252.54479283943402
2569,1.0134774133892959,0.6406533152309285,252.29246740617018
2570,1.0134387373163871,0.6389166818408067,252.0403930184019
2571,1.013400145263405,0.6371837618721103,251.78856943173074
2572,1.0133616371096301,0.6354545493007857,251.53699640197232
2573,1.0133232127344172,0.6337290381108973,251.28567368515615
2574,1.0132848720171939,0.6320072222946123,251.0346010375256
2575,1.013246614837462,0.6302890958521842,250.78377821553772
2576,1.0132084410747966,0.6285746527919376,250.53320497586333
2577,1.0131703506088467,0.6268638871302522,250.28288107538674
2578,1.0131323433193349,0.6251567928915472,250.03280627120571
2579,1.0130944190860576,0.623453364108266,249.7829803206314
2580,1.013056577788885,0.6217535948208599,249.53340298118817
2581,1.0130188193077605,0.6200574790777733,249.2840740106137
2582,1.012981143522702,0.6183650109354282,249.03499316685864
2583,1.012943550313801,0.6166761844582082,248.78616020808664
2584,1.012906039561222,0.6149909937184437,248.53757489267423
2585,1.0128686111452043,0.6133094327963963,248.28923697921076
2586,1.0128312649460605,0.6116314957802435,248.04114622649826
2587,1.0127940008441771,0.6099571767660633,247.7933023935514
2588,1.0127568187200149,0.6082864698578196,247.54570523959728
2589,1.012719718454108,0.6066193691673464,247.29835452407545
2590,1.0126826999270644,0.6049558688143328,247.05125000663773
2591,1.0126457630195662,0.6032959629263084,246.80439144714813
2592,1.0126089076123697,0.6016396456386275,246.55777860568284
2593,1.0125721335863047,0.5999869110944548,246.31141124253
2594,1.012535440822275,0.5983377534447502,246.06528911818964
2595,1.0124988292012589,0.5966921668482534,245.81941199337368
2596,1.012462298604308,0.5950501454714703,245.57377962900563
2597,1.0124258489125482,0.5934116834886567,245.3283917862207
2598,1.0123894800071798,0.5917767750818048,245.08324822636555
2599,1.0123531917694766,0.5901454144406276,244.83834871099828
2600,1.012316984080787,0.5885175957625447,244.59369300188825
2601,1.0122808568225332,0.5868933132526672,244.3492808610161
2602,1.0122448098762116,0.585272561123784,244.10511205057347
2603,1.0122088431233927,0.583655333596346,243.8611863329631
2604,1.0121729564457211,0.5820416248984528,243.61750347079848
2605,1.0121371497249159,0.5804314292658371,243.37406322690407
2606,1.01210142284277,0.5788247409418514,243.1308653643149
2607,1.012065775681151,0.5772215541774527,242.8879096462766
2608,1.0120302081220005,0.5756218632311886,242.64519583624534
2609,1.0119947200473345,0.574025662369183,242.40272369788758
2610,1.011959311339243,0.5724329458651218,242.16049299508012
2611,1.0119239818798909,0.5708437080002386,241.91850349190992
2612,1.0118887315515168,0.5692579430633006,241.676754952674
2613,1.0118535602364342,0.5676756453505942,241.43524714187936
2614,1.0118184678170308,0.5660968091659118,241.19397982424277
2615,1.0117834541757686,0.5645214288205364,240.95295276469088
2616,1.0117485191951845,0.5629494986332286,240.71216572835985
2617,1.0117136627578893,0.5613810129302128,240.47161848059548
2618,1.0116788847465688,0.5598159660451619,240.23131078695297
2619,1.0116441850439828,0.5582543523191853,239.99124241319683
2620,1.0116095635329663,0.5566961661008133,239.75141312530081
2621,1.0115750200964284,0.5551414017459847,239.51182268944774
2622,1.011540554617353,0.5535900536180322,239.2724708720295
2623,1.0115061669787988,0.5520421160876687,239.0333574396468
2624,1.0114718570638987,0.5504975835329745,238.79448215910926
2625,1.0114376247558607,0.5489564503393826,238.55584479743504
2626,1.0114034699379675,0.5474187108996653,238.31744512185094
2627,1.011369392493576,0.5458843596139216,238.07928289979222
2628,1.0113353923061188,0.5443533908895621,237.8413578989025
2629,1.0113014692591027,0.5428257991412972,237.60366988703365
2630,1.0112676232361093,0.5413015787911225,237.36621863224568
2631,1.0112338541207953,0.5397807242683057,237.12900390280657
2632,1.011200161796892,0.5382632300093735,236.8920254671923
2633,1.0111665461482058,0.5367490904580979,236.65528309408657
2634,1.0111330070586182,0.5352383000654833,236.41877655238088
2635,1.0110995444120856,0.5337308532897532,236.18250561117424
2636,1.011066158092639,0.5322267445963369,235.94647003977317
2637,1.011032847984385,0.5307259684578561,235.71066960769153
2638,1.0109996139715052,0.5292285193541125,235.47510408465044
2639,1.0109664559382556,0.527734391772074,235.2397732405782
2640,1.010933373768968,0.5262435802058621,235.0046768456101
2641,1.0109003673480494,0.5247560791567386,234.76981467008838
2642,1.0108674365599817,0.5232718831330929,234.53518648456205
2643,1.010834581289322,0.5217909866504291,234.30079205978686
2644,1.010801801420703,0.520313384231353,234.06663116672507
2645,1.010769096838832,0.5188390704055593,233.83270357654553
2646,1.0107364674284924,0.5173680397098188,233.59900906062327
2647,1.0107039130745425,0.5159002866879655,233.36554739053977
2648,1.010671433661916,0.5144358058908843,233.13231833808246
2649,1.0106390290756222,0.5129745918764979,232.8993216752449
2650,1.0106066992007456,0.5115166392097541,232.6665571742265
2651,1.0105744439224464,0.5100619424626139,232.43402460743252
2652,1.0105422631259602,0.5086104962140382,232.20172374747378
2653,1.010510156696598,0.5071622950499755,231.96965436716675
2654,1.0104781245197465,0.5057173335633492,231.73781623953332
2655,1.0104461664808682,0.5042756063540459,231.5062091378007
2656,1.010414282465501,0.502837108028902,231.27483283540136
2657,1.0103824723592585,0.5014018332016922,231.0436871059728
2658,1.01035073604783,0.49996977649311647,230.81277172335754
2659,1.0103190734169811,0.49854093253078824,230.58208646160298
2660,1.0102874843525522,0.4971152959492219,230.35163109496125
2661,1.0102559687404602,0.4956928613898206,230.12140539788913
2662,1.0102245264666976,0.4942736235008643,229.8914091450479
2663,1.0101931574173328,0.4928575769374972,229.66164211130325
2664,1.0101618614785104,0.49144471636171605,229.43210407172518
2665,1.0101306385364506,0.4900350364423578,229.20279480158783
2666,1.01009948847745,0.4886285318550877,228.9737140763694
2667,1.0100684111878806,0.4872251972823874,228.744861671752
2668,1.010037406554191,0.4858250274135427,228.51623736362163
2669,1.0100064744629058,0.48442801694463195,228.28784092806788
2670,1.0099756148006258,0.48303416057851395,228.05967214138406
2671,1.0099448274540277,0.48164345302481615,227.8317307800668
2672,1.0099141123098647,0.48025588899992294,227.60401662081617
2673,1.009883469254966,0.47887146322696383,227.3765294405354
2674,1.0098528981762376,0.47749017043580155,227.1492690163309
2675,1.0098223989606612,0.4761120053630206,226.922235125512
2676,1.0097919714952952,0.47473696275191557,226.69542754559097
2677,1.0097616156672744,0.4733650373524793,226.46884605428275
2678,1.0097313313638099,0.47199622392139146,226.24249042950495
2679,1.0097011184721896,0.470630517222007,226.01636044937771
2680,1.0096709768797776,0.4692679120243445,225.79045589222355
2681,1.0096409064740146,0.46790840310507487,225.56477653656722
2682,1.0096109071424182,0.4665519852475098,225.33932216113564
2683,1.0095809787725822,0.46519865324159043,225.1140925448578
2684,1.0095511212521775,0.46384840188387594,224.8890874668646
2685,1.0095213344689515,0.46250122597753196,224.66430670648865
2686,1.0094916183107285,0.4611571203323199,224.43975004326427
2687,1.0094619726654093,0.459816079764585,224.21541725692737
2688,1.0094323974209718,0.4584780990972455,223.99130812741527
2689,1.0094028924654708,0.4571431731597814,223.76742243486655
2690,1.0093734576870381,0.4558112967882233,223.54375995962099
2691,1.0093440929738822,0.45448246482514104,223.32032048221944
2692,1.0093147982142887,0.45315667211963295,223.0971037834037
2693,1.0092855732966204,0.4518339135273147,222.87410964411637
2694,1.0092564181093169,0.4505141839103081,222.65133784550076
2695,1.0092273325408954,0.4491974781372304,222.42878816890075
2696,1.0091983164799496,0.44788379108318316,222.2064603958606
2697,1.0091693698151512,0.4465731176297414,221.98435430812503
2698,1.0091404924352485,0.44526545266494266,221.76246968763888
2699,1.0091116842290675,0.44396079108327624,221.54080631654708
2700,1.0090829450855114,0.4426591277856724,221.31936397719448
2701,1.009054274893561,0.4413604576794916,221.09814245212587
2702,1.0090256735422738,0.44006477567851365,220.87714152408563
2703,1.0089971409207859,0.4387720767029271,220.65636097601782
2704,1.00896867691831,0.4374823556793186,220.4358005910659
2705,1.0089402814241366,0.43619560754066217,220.21546015257272
2706,1.0089119543276341,0.43491182722630867,219.99533944408032
2707,1.0088836955182485,0.4336310096819752,219.77543824932982
2708,1.008855504885503,0.4323531498597348,219.5557563522613
2709,1.008827382318999,0.43107824271800527,219.33629353701374
2710,1.0087993277084157,0.4298062832215397,219.11704958792475
2711,1.0087713409435097,0.4285372663414153,218.8980242895306
2712,1.008743421914116,0.4272711870550232,218.67921742656605
2713,1.0087155705101472,0.4260080403460582,218.4606287839641
2714,1.008687786621594,0.4247478212045083,218.24225814685605
2715,1.0086600701385249,0.42349052462664466,218.02410530057125
2716,1.0086324209510866,0.4222361456150109,217.80617003063702
2717,1.0086048389495041,0.42098467917841326,217.58845212277856
2718,1.0085773240240803,0.41973612033191027,217.37095136291873
2719,1.008549876065196,0.4184904640968027,217.15366753717802
2720,1.008522494963311,0.41724770550062307,216.93660043187433
2721,1.0084951806089624,0.4160078395771261,216.71974983352294
2722,1.0084679328927666,0.4147708613662782,216.50311552883633
2723,1.008440751705418,0.4135367659142477,216.28669730472404
2724,1.008413636937689,0.4123055482733947,216.0704949482926
2725,1.0083865884804313,0.41107720350226123,215.85450824684534
2726,1.0083596062245743,0.40985172666556124,215.6387369878823
2727,1.0083326900611265,0.40862911283417086,215.42318095910014
2728,1.0083058398811746,0.40740935708511833,215.20783994839184
2729,1.0082790555758843,0.40619245450157415,214.99271374384682
2730,1.0082523370365,0.4049784001728415,214.77780213375067
2731,1.0082256841543444,0.4037671891943464,214.563104906585
2732,1.0081990968208199,0.40255881666762783,214.34862185102742
2733,1.0081725749274066,0.40135327770032825,214.13435275595126
2734,1.0081461183656646,0.40015056740618377,213.9202974104256
2735,1.0081197270272322,0.3989506809050146,213.70645560371509
2736,1.008093400803827,0.39775361332271547,213.49282712527972
2737,1.0080671395872454,0.39655935979124585,213.27941176477484
2738,1.008040943269363,0.39536791544862065,213.06620931205097
2739,1.008014811742135,0.39417927543890063,212.85321955715364
2740,1.007988744897595,0.3929934349121829,212.64044229032328
2741,1.0079627426278566,0.39181038902459153,212.42787730199515
2742,1.007936804825112,0.39063013293826804,212.21552438279915
2743,1.0079109313816332,0.3894526618213622,212.00338332355963
2744,1.0078851221897713,0.3882779708480224,211.79145391529545
2745,1.0078593771419573,0.38710605519838653,211.5797359492196
2746,1.007833696130701,0.3859369100585727,211.36822921673934
2747,1.0078080790485924,0.3847705306206701,211.15693350945583
2748,1.0077825257883006,0.3836069120827293,210.94584861916417
2749,1.0077570362425747,0.38244604964875356,210.73497433785317
2750,1.0077316103042433,0.3812879385286895,210.5243104577053
2751,1.0077062478662147,0.3801325739384178,210.31385677109645
2752,1.0076809488214769,0.37897995109974447,210.1036130705959
2753,1.007655713063098,0.3778300652403913,209.89357914896618
2754,1.007630540484226,0.37668291159398726,209.6837547991629
2755,1.0076054309780886,0.37553848540005924,209.4741398143346
2756,1.0075803844379936,0.37439678190402315,209.26473398782267
2757,1.0075554007573289,0.37325779635717493,209.05553711316122
2758,1.0075304798295626,0.37212152401668175,208.84654898407695
2759,1.0075056215482425,0.37098796014557306,208.63776939448894
2760,1.0074808258069972,0.3698571000127316,208.42919813850864
2761,1.007456092499535,0.3687289388928847,208.22083501043966
2762,1.0074314215196452,0.3676034720665956,208.01267980477763
2763,1.0074068127611966,0.3664806948202545,207.80473231621016
2764,1.007382266118139,0.36536060244606994,207.59699233961658
2765,1.0073577814845025,0.3642431902420599,207.38945967006794
2766,1.0073333587543976,0.36312845351204337,207.18213410282672
2767,1.0073089978220156,0.3620163875656315,206.97501543334687
2768,1.0072846985816282,0.3609069877182192,206.76810345727355
2769,1.007260460927588,0.3598002492909765,206.56139797044312
2770,1.007236284754328,0.3586961676108397,206.3548987688829
2771,1.007212169956362,0.35759473801050334,206.14860564881099
2772,1.0071881164282852,0.3564959558284112,205.94251840663634
2773,1.007164124064773,0.3553998164087481,205.73663683895847
2774,1.007140192760582,0.3543063151014316,205.53096074256734
2775,1.00711632241055,0.35321544726210324,205.32548991444324
2776,1.0070925129095953,0.35212720825212035,205.1202241517567
2777,1.007068764152718,0.35104159343854785,204.91516325186825
2778,1.007045076034999,0.3499585981941496,204.71030701232846
2779,1.0070214484516,0.34887821789738044,204.5056552308776
2780,1.0069978812977647,0.3478004479323776,204.30120770544568
2781,1.0069743744688175,0.34672528368895267,204.09696423415224
2782,1.0069509278601647,0.34565272056258334,203.89292461530619
2783,1.0069275413672936,0.34458275395440524,203.68908864740573
2784,1.0069042148857732,0.34351537927120385,203.48545612913824
2785,1.006880948311254,0.34245059192540617,203.28202685938004
2786,1.006857741539468,0.3413883873350729,203.07880063719637
2787,1.0068345944662287,0.34032876092389014,202.87577726184114
2788,1.0068115069874317,0.33927170812116153,202.67295653275696
2789,1.0067884789990542,0.33821722436180013,202.47033824957487
2790,1.0067655103971551,0.3371653050863205,202.26792221211423
2791,1.006742601077875,0.33611594574083076,202.06570822038265
2792,1.0067197509374368,0.3350691417770246,201.86369607457578
2793,1.0066969598721451,0.3340248886521735,201.66188557507718
2794,1.0066742277783867,0.33298318182911857,201.4602765224583
2795,1.0066515545526302,0.3319440167762631,201.25886871747812
2796,1.0066289400914268,0.3309073889675646,201.0576619610833
2797,1.0066063842914095,0.32987329388252695,200.85665605440786
2798,1.0065838870492936,0.32884172700619274,200.655850798773
2799,1.0065614482618768,0.32781268382913537,200.45524599568716
2800,1.006539067826039,0.3267861598474515,200.25484144684572
2801,1.0065167456387432,0.3257621505627534,200.05463695413093
2802,1.0064944815970336,0.3247406514821614,199.8546323196118
2803,1.006472275598038,0.3237216581182958,199.6548273455439
2804,1.0064501275389663,0.32270516598926974,199.4552218343693
2805,1.0064280373171115,0.3216911706186816,199.25581558871633
2806,1.0064060048298487,0.3206796675356072,199.05660841139957
2807,1.006384029974636,0.3196706522745927,198.8576001054196
2808,1.0063621126490145,0.3186641203756465,198.65879047396302
2809,1.0063402527506078,0.3176600673842326,198.46017932040212
2810,1.0063184501771227,0.31665848885126224,198.26176644829485
2811,1.006296704826349,0.3156593803330874,198.0635516613847
2812,1.0062750165961591,0.31466273739149264,197.86553476360058
2813,1.0062533853845093,0.31366855559368845,197.66771555905657
2814,1.0062318110894382,0.3126768305123033,197.4700938520519
2815,1.0062102936090682,0.3116875577253769,197.27266944707074
2816,1.0061888328416047,0.3107007328163524,197.07544214878214
2817,1.0061674286853364,0.3097163513740697,196.87841176203986
2818,1.0061460810386356,0.30873440899275784,196.68157809188222
2819,1.0061247897999577,0.3077549012720278,196.48494094353194
2820,1.0061035548678419,0.3067778238168655,196.28850012239607
2821,1.0060823761409108,0.30580317223762477,196.09225543406578
2822,1.0060612535178708,0.30483094215001993,195.89620668431633
2823,1.0060401868975115,0.3038611291751189,195.7003536791068
2824,1.006019176178707,0.3028937289393361,195.50469622458007
2825,1.0059982212604142,0.3019287370744254,195.30923412706264
2826,1.0059773220416746,0.3009661492174731,195.1139671930645
2827,1.0059564784216133,0.30000596101089105,194.91889522927892
2828,1.0059356902994396,0.29904816810240953,194.72401804258246
2829,1.0059149575744464,0.29809276614507046,194.52933544003469
2830,1.005894280146011,0.2971397507972204,194.33484722887817
2831,1.0058736579135947,0.29618911772250367,194.14055321653825
2832,1.0058530907767431,0.2952408625898556,193.94645321062293
2833,1.005832578635086,0.29429498107349567,193.7525470189227
2834,1.005812121388337,0.29335146885292057,193.55883444941054
2835,1.005791718936295,0.29241032161289754,193.3653153102416
2836,1.0057713711788427,0.2914715350434575,193.17198940975325
2837,1.0057510780159475,0.29053510483988854,192.9788565564647
2838,1.0057308393476612,0.28960102670272897,192.78591655907715
2839,1.0057106550741202,0.28866929633776084,192.5931692264734
2840,1.0056905250955455,0.2877399094560032,192.4006143677179
2841,1.005670449312243,0.28681286177370535,192.2082517920565
2842,1.0056504276246034,0.2858881490123404,192.01608130891634
2843,1.005630459933102,0.28496576689859865,191.82410272790577
2844,1.0056105461382994,0.2840457111643811,191.63231585881414
2845,1.0055906861408406,0.2831279775467927,191.44072051161166
2846,1.0055708798414558,0.28221256178813614,191.24931649644935
2847,1.0055511271409605,0.281299459635905,191.05810362365884
2848,1.0055314279402552,0.2803886668427778,190.8670817037522
2849,1.0055117821403252,0.27948017916661094,190.67625054742186
2850,1.0054921896422417,0.2785739923704328,190.48560996554045
2851,1.005472650347161,0.27767010222243704,190.29515976916068
2852,1.0054531641563242,0.27676850449597656,190.1048997695152
2853,1.0054337309710586,0.2758691949695568,189.91482977801647
2854,1.0054143506927764,0.27497216942682967,189.72494960625656
2855,1.0053950232229756,0.2740774236565871,189.53525906600711
2856,1.00537574846324,0.27318495345275484,189.34575796921908
2857,1.0053565263152386,0.27229475461438635,189.15644612802274
2858,1.0053373566807264,0.2714068229456564,188.96732335472743
2859,1.005318239461544,0.2705211542558548,188.77838946182146
2860,1.0052991745596183,0.26963774435938065,188.589644261972
2861,1.0052801618769613,0.26875658907573563,188.40108756802493
2862,1.0052612013156716,0.2678776842295182,188.21271919300466
2863,1.0052422927779336,0.2670010256504175,188.024538950114
2864,1.0052234361660177,0.26612660917320724,187.83654665273409
2865,1.0052046313822804,0.2652544306377395,187.64874211442418
2866,1.0051858783291647,0.26438448588893887,187.46112514892158
2867,1.0051671769091994,0.2635167707767963,187.27369557014143
2868,1.005148527025,0.2626512811563634,187.0864531921766
2869,1.005129928579268,0.261788012887746,186.8993978292976
2870,1.0051113814747918,0.26092696183609865,186.71252929595238
2871,1.0050928856144459,0.26006812387161843,186.52584740676616
2872,1.0050744409011914,0.25921149486953926,186.33935197654145
2873,1.005056047238076,0.25835707071012587,186.15304282025772
2874,1.0050377045282346,0.25750484727866796,185.96691975307135
2875,1.005019412674888,0.2566548204654745,185.78098259031555
2876,1.0050011715813438,0.2558069861658677,185.59523114750013
2877,1.0049829811509972,0.25496134028017753,185.40966524031137
2878,1.0049648412873298,0.2541178787137355,185.22428468461194
2879,1.0049467518939101,0.25327659737686953,185.03908929644075
2880,1.004928712874394,0.25243749218489764,184.85407889201272
2881,1.0049107241325241,0.25160055905812273,184.66925328771882
2882,1.0048927855721304,0.25076579392182663,184.48461230012575
2883,1.0048748970971297,0.24993319270626455,184.30015574597587
2884,1.0048570586115266,0.24910275134665932,184.11588344218717
2885,1.0048392700194126,0.24827446578319598,183.9317952058529
2886,1.0048215312249669,0.24744833196101607,183.74789085424163
2887,1.0048038421324557,0.24662434583021206,183.56417020479708
2888,1.004786202646233,0.2458025033458219,183.38063307513792
2889,1.0047686126707407,0.24498280046782342,183.19727928305764
2890,1.0047510721105077,0.24416523316112884,183.01410864652445
2891,1.0047335808701507,0.2433497973955794,182.83112098368113
2892,1.0047161388543746,0.2425364891459397,182.64831611284487
2893,1.0046987459679715,0.24172530439189244,182.46569385250717
2894,1.0046814021158215,0.24091623911803295,182.28325402133368
2895,1.0046641072028928,0.24010928931386372,182.10099643816406
2896,1.0046468611342416,0.23930445097378916,181.9189209220119
2897,1.004629663815012,0.23850172009711018,181.7370272920644
2898,1.0046125151504364,0.23770109268801895,181.55531536768245
2899,1.004595415045835,0.23690256475559338,181.3737849684004
2900,1.004578363406616,0.23610613231379216,181.19243591392592
2901,1.004561360138277,0.23531179138144903,181.01126802413984
2902,1.0045444051464028,0.2345195379822681,180.830281119096
2903,1.0045274983366668,0.23372936814481815,180.6494750190213
2904,1.0045106396148313,0.2329412779025276,180.46884954431525
2905,1.0044938288867469,0.2321552632936795,180.28840451555004
2906,1.0044770660583524,0.23137132036140606,180.1081397534704
2907,1.0044603510356758,0.23058944515368368,179.9280550789934
2908,1.0044436837248332,0.2298096337233278,179.74815031320827
2909,1.00442706403203,0.22903188212798778,179.5684252773764
2910,1.0044104918635604,0.22825618643014187,179.38887979293108
2911,1.0043939671258069,0.22748254269709212,179.20951368147743
2912,1.0043774897252413,0.22671094700095934,179.0303267647922
2913,1.0043610595684243,0.22594139541867808,178.85131886482367
2914,1.0043446765620057,0.22517388403199148,178.67248980369155
2915,1.0043283406127246,0.22440840892744657,178.4938394036868
2916,1.0043120516274089,0.22364496619638918,178.3153674872714
2917,1.004295809512976,0.22288355193495893,178.13707387707845
2918,1.004279614176432,0.2221241622440844,177.9589583959118
2919,1.0042634655248734,0.2213667932294782,177.781020866746
2920,1.0042473634654852,0.22061144100163205,177.6032611127262
2921,1.004231307905542,0.2198581016758119,177.42567895716792
2922,1.0042152987524082,0.21910677137205326,177.248274223557
2923,1.0041993359135377,0.21835744621515613,177.07104673554943
2924,1.0041834192964738,0.2176101223346804,176.8939963169712
2925,1.0041675488088497,0.21686479586494092,176.71712279181818
2926,1.0041517243583884,0.21612146294500284,176.54042598425596
2927,1.0041359458529024,0.21538011971867677,176.36390571861972
2928,1.0041202132002944,0.21464076233451412,176.1875618194141
2929,1.004104526308557,0.21390338694580238,176.01139411131308
2930,1.0040888850857725,0.21316798971056045,175.83540241915978
2931,1.0040732894401136,0.2124345667915338,175.6595865679664
2932,1.0040577392798429,0.21170311435619016,175.48394638291398
2933,1.004042234513313,0.21097362857671456,175.30848168935245
2934,1.0040267750489673,0.2102461056300049,175.13319231280025
2935,1.0040113607953387,0.20952054169766726,174.95807807894434
2936,1.003995991661051,0.2087969329660113,174.78313881364005
2937,1.0039806675548182,0.2080752756260458,174.60837434291093
2938,1.0039653883854447,0.20735556587347412,174.4337844929486
2939,1.0039501540618256,0.20663779990868958,174.25936909011259
2940,1.0039349644929465,0.20592197393677109,174.08512796093024
2941,1.0039198195878836,0.20520808416747852,173.9110609320966
2942,1.0039047192558035,0.20449612681524834,173.7371678304742
2943,1.003889663405964,0.20378609809918907,173.5634484830929
2944,1.0038746519477135,0.20307799424307696,173.38990271714994
2945,1.0038596847904913,0.20237181147535155,173.21653036000953
2946,1.0038447618438273,0.20166754602911122,173.04333123920296
2947,1.003829883017343,0.2009651941421088,172.8703051824283
2948,1.0038150482207506,0.2002647520567474,172.69745201755032
2949,1.0038002573638531,0.19956621602007577,172.52477157260037
2950,1.003785510356545,0.19886958228378418,172.35226367577624
2951,1.0037708071088118,0.19817484710420002,172.17992815544193
2952,1.0037561475307308,0.19748200674228364,172.00776484012763
2953,1.00374153153247,0.19679105746362405,171.83577355852955
2954,1.003726959024289,0.1961019955384345,171.66395413950968
2955,1.0037124299165385,0.19541481724154844,171.49230641209587
2956,1.0036979441196614,0.19472951885241513,171.3208302054815
2957,1.0036835015441916,0.1940460966550956,171.14952534902542
2958,1.0036691021007549,0.19336454693825833,170.97839167225175
2959,1.0036547457000684,0.1926848659951753,170.8074290048498
2960,1.0036404322529413,0.19200705012371755,170.63663717667404
2961,1.0036261616702742,0.19133109562635117,170.46601601774367
2962,1.00361193386306,0.19065699881013326,170.29556535824278
2963,1.003597748742383,0.1899847559867078,170.12528502852004
2964,1.0035836062194199,0.1893143634723015,169.9551748590886
2965,1.003569506205439,0.18864581758771976,169.785234680626
2966,1.003555448611801,0.18797911465834263,169.61546432397398
2967,1.0035414333499584,0.18731425101412086,169.44586362013837
2968,1.0035274603314561,0.18665122298957174,169.2764324002889
2969,1.0035135294679312,0.18599002692377517,169.10717049575916
2970,1.003499640671113,0.18533065916036978,168.9380777380464
2971,1.0034857938528232,0.18467311604754877,168.76915395881133
2972,1.0034719889249757,0.18401739393805613,168.60039898987813
2973,1.0034582257995772,0.1833634891891825,168.43181266323418
2974,1.0034445043887266,0.1827113981627615,168.26339481103
2975,1.0034308246046155,0.18206111722516566,168.0951452655791
2976,1.0034171863595283,0.18141264274730265,167.92706385935784
2977,1.0034035895658415,0.18076597110461132,167.75915042500523
2978,1.0033900341360251,0.1801210986770578,167.5914047953229
2979,1.0033765199826412,0.17947802184913195,167.42382680327486
2980,1.0033630470183452,0.1788367370098431,167.25641628198747
2981,1.0033496151558852,0.17819724055271666,167.08917306474922
2982,1.003336224308102,0.17755952887579005,166.92209698501063
2983,1.00332287438793,0.176923598381609,166.75518787638404
2984,1.0033095653083963,0.17628944547722392,166.58844557264362
2985,1.0032962969826211,0.17565706657418595,166.4218699077251
2986,1.0032830693238177,0.17502645808854342,166.25546071572566
2987,1.003269882245293,0.17439761644083807,166.0892178309039
2988,1.0032567356604467,0.17377053805610132,165.92314108767948
2989,1.003243629482772,0.1731452193638506,165.75723032063323
2990,1.0032305636258556,0.17252165679808562,165.59148536450687
2991,1.0032175380033777,0.17189984679728493,165.4259060542029
2992,1.0032045525291116,0.17127978580440212,165.26049222478446
2993,1.0031916071169247,0.17066147026686218,165.09524371147518
2994,1.0031787016807774,0.17004489663655797,164.9301603496591
2995,1.0031658361347242,0.1694300613698466,164.7652419748805
2996,1.0031530103929134,0.16881696092754583,164.6004884228437
2997,1.0031402243695866,0.1682055917749307,164.4358995294131
2998,1.0031274779790795,0.16759595038172964,164.2714751306128
2999,1.0031147711358217,0.16698803322212125,164.10721506262666
