t,theta_history,m_history,v_history
0,-1.5,0.0,0.0
1,-1.5,-0.3483397404152887,1.2249779498756828
2,-1.4992928814852369,-0.6928246831405717,2.4460026732009603
3,-1.4984763606706855,-1.0331456238175112,3.6606400857582875
4,-1.4976103024822152,-1.369297205383336,4.8685799611201475
5,-1.4967158381742618,-1.7012814736285977,6.069565992211265
6,-1.495802930311782,-2.0291212062851156,7.2634886402851775
7,-1.4948770780535918,-2.3528440909166033,8.45027512609292
8,-1.4939416409775716,-2.6724820327576584,9.629884554539808
9,-1.49299882332411,-2.988069136791654,10.802293974374775
10,-1.4920501502463748,-3.2996408946555995,11.967492688220261
11,-1.4910967214440753,-3.6072337512638546,13.125479310352391
12,-1.4901393564414103,-3.9108842830301462,14.276255732214183
13,-1.4891786827033575,-4.210630057586942,15.419833803299133
14,-1.4882151916342228,-4.506508524599156,16.556226983893986
15,-1.487249275540692,-4.798556530775415,17.685446637860498
16,-1.4862812528338598,-5.086811613979742,18.807512028849644
17,-1.4853113857077904,-5.3713113808657855,19.92244566725385
18,-1.4843398928275608,-5.652092968189359,21.030269103555227
19,-1.4833669586242333,-5.929193058414929,22.131002899621876
20,-1.4823927402315267,-6.2026483304217725,23.224670271602292
21,-1.481417372755574,-6.4724952558526265,24.31129550378016
22,-1.480440973330651,-6.738770103871365,25.390903974942113
23,-1.4794636442827347,-7.001508948124456,26.46352222905605
24,-1.4784854756269963,-7.260747638129008,27.5291777501636
25,-1.4775065470603674,-7.516521731030092,28.58789838997528
26,-1.4765269295662113,-7.768866322483998,29.639710879122447
27,-1.475546686715895,-8.017816217465889,30.684642253202234
28,-1.4745658757381834,-8.26340597558391,31.72272022141647
29,-1.4735845484031553,-8.505669886286144,32.75397294492139
30,-1.4726027517572298,-8.74464193449745,33.778428731301716
31,-1.4716205287382755,-8.980355802006533,34.796116024360856
32,-1.4706379186938028,-9.212844898211554,35.807063653981416
33,-1.4696549578204359,-9.442142371968254,36.81130092510188
34,-1.4686716795384416,-9.668281079631516,37.80885732807355
35,-1.4676881148120415,-9.891293542588128,38.799762112059376
36,-1.4667042924239801,-10.111211954734916,39.7840443357044
37,-1.4657202392129227,-10.328068235128367,40.76173331560544
38,-1.4647359802800834,-10.5418940686081,41.73285899748342
39,-1.4637515391699867,-10.752720840192044,42.697451333640295
40,-1.4627669380274828,-10.960579582430553,43.65553973874037
41,-1.4617821977343284,-11.165501024741918,44.60715351888928
42,-1.4607973380300856,-11.367515613698856,45.55232204296442
43,-1.4598123776192087,-11.566653521448305,46.491074802304524
44,-1.4588273342660156,-11.76294464703724,47.423441403332234
45,-1.4578422248790608,-11.95641861052292,48.349451486861156
46,-1.456857065586145,-12.14710475606098,49.26913473407913
47,-1.4558718718013128,-12.335032153313428,50.18252085666652
48,-1.4548866582848183,-12.520229599013238,51.089639588727444
49,-1.4539014391969338,-12.70272561263515,51.99052061603185
50,-1.4529162281462016,-12.882548418296915,52.88519336120308
51,-1.4519310382325077,-13.05972596067086,53.77368711108568
52,-1.4509458820861625,-13.23428590665045,54.65603101218159
53,-1.449960771903299,-13.406255659172084,55.532254178570575
54,-1.4489757194781052,-13.575662358306252,56.402385679975275
55,-1.4479907362320985,-13.74253288165353,57.266454522062844
56,-1.447005833240746,-13.90689384945209,58.12448967074792
57,-1.4460210212577491,-14.068771625993843,58.97652004163993
58,-1.4450363107371997,-14.228192323124137,59.822574514472905
59,-1.4440517118538854,-14.38518181343204,60.662682059124926
60,-1.443067234522169,-14.53976572648324,61.4968716672279
61,-1.442082888413167,-14.691969446925691,62.32517230528339
62,-1.4410986829704393,-14.841818119498821,63.14761294728711
63,-1.4401146274244965,-14.989336646260522,63.96422251929639
64,-1.439130730806065,-15.134549688430932,64.77502989357563
65,-1.4381470019583076,-15.277481669963045,65.58006390213522
66,-1.4371634495481242,-15.41815677896878,66.37935332929261
67,-1.4361800820765973,-15.556598970591304,67.17292691665841
68,-1.4351969078886544,-15.692831966111356,67.96081333107398
69,-1.434213935181985,-15.826879256431395,68.74304117502396
70,-1.433231172015305,-15.958764104361299,69.51963898997502
71,-1.4322486263160505,-16.088509545652265,70.29063524131631
72,-1.4312663058874897,-16.216138384697146,71.05605823019818
73,-1.4302842184151234,-16.34167320022753,71.81593613914946
74,-1.4293023714727437,-16.465136348333566,72.57029704403232
75,-1.4283207725281104,-16.586549966848857,73.3191689402758
76,-1.4273394289482855,-16.705935977858832,74.06257974817804
77,-1.4263583480046245,-16.823316088512655,74.80055729693481
78,-1.4253775368774064,-16.938711788464996,75.53312926183072
79,-1.424397002660022,-17.052144355756436,76.26032321162029
80,-1.4234167523629773,-17.16363486101486,76.98216663772058
81,-1.4224367929177035,-17.27320416908586,77.69868694937452
82,-1.4214571311801156,-17.380872940304194,78.40991146550748
83,-1.4204777739339374,-17.486661633342713,79.11586742408353
84,-1.4194987278938278,-17.5905905067646,79.81658197869211
85,-1.4185199997083175,-17.692679621083286,80.51208219788357
86,-1.417541595962553,-17.79294884031977,81.20239506231918
87,-1.4165635231808789,-17.891417833909284,81.8875474643199
88,-1.4155857878292597,-17.988106078824053,82.56756621020229
89,-1.4146083963175609,-18.083032861289492,83.24247801933967
90,-1.4136313550016943,-18.17621727881138,83.9123095261314
91,-1.4126546701856417,-18.26767824221873,84.57708728242906
92,-1.4116783481233615,-18.35743447700307,85.23683775190148
93,-1.4107023950205777,-18.445504524738805,85.89158730487249
94,-1.409726817036457,-18.53190674507116,86.54136222047994
95,-1.4087516202851902,-18.616659317885855,87.18618869232213
96,-1.4077768108374946,-18.699780244914624,87.82609282727792
97,-1.4068023947220316,-18.781287352050942,88.46110065504905
98,-1.4058283779267662,-18.861198290500756,89.0912381194281
99,-1.404854766400232,-18.939530538397022,89.71653107623935
100,-1.403881566052718,-19.01630140210245,90.33700528935387
101,-1.4029087827573874,-19.091528018053253,90.95268643189418
102,-1.4019364223513318,-19.165227354133197,91.5636000833559
103,-1.4009644906365657,-19.23741621181019,92.16977173612645
104,-1.3999929933809754,-19.30811122771443,92.77122679513984
105,-1.3990219363192147,-19.377328874959368,93.36799057454527
106,-1.39805132515355,-19.445085464913433,93.96008830053971
107,-1.3970811655546629,-19.511397150514092,94.54754514192933
108,-1.3961114631624796,-19.576279926753493,95.13038619328297
109,-1.3951422235869229,-19.639749631419313,95.70863646067498
110,-1.3941734524085898,-19.701821946391814,96.28232085779251
111,-1.393205155179385,-19.76251239918581,96.85146420698541
112,-1.3922373374231218,-19.821836364424936,97.41609123916544
113,-1.3912700046360933,-19.879809065535035,97.97622659671158
114,-1.3903031622876143,-19.936445576231883,98.53189483419439
115,-1.3893368158205373,-19.99176082185683,99.08312041628508
116,-1.3883709706517353,-20.04576958017882,99.62992770726922
117,-1.3874056321725383,-20.098486483354257,100.17234097871204
118,-1.3864408057491562,-20.149926019204326,100.71038440891073
119,-1.385476496723083,-20.200102532784268,101.24408208505596
120,-1.3845127104114796,-20.24903022776774,101.773458003696
121,-1.3835494521075378,-20.29672316776207,102.29853607009643
122,-1.3825867270808234,-20.343195277737664,102.81934009865701
123,-1.3816245405775986,-20.38846034535497,103.33589381325804
124,-1.3806628978211282,-20.43253202219956,103.8482208460381
125,-1.3797018040119666,-20.475423825146148,104.35634473788096
126,-1.37874126432823,-20.517149137691394,104.86028893896682
127,-1.377781283925851,-20.557721211148365,105.36007680740478
128,-1.3768218679388198,-20.597153166066025,105.85573161159324
129,-1.3758630214794123,-20.635457993510553,106.34727653049467
130,-1.3749047496384075,-20.672648556158265,106.83473465130687
131,-1.3739470574852861,-20.708737589572934,107.31812896983872
132,-1.37298995006842,-20.743737703496993,107.79748239197566
133,-1.37203343241525,-20.777661383141965,108.27281773446042
134,-1.371077509532456,-20.810520990120693,108.74415772072388
135,-1.370122186406107,-20.84232876371027,109.21152498161773
136,-1.369167468001804,-20.873096822129465,109.67494205749693
137,-1.368213359264816,-20.9028371636689,110.13443139772028
138,-1.3672598651202075,-20.93156166794518,110.5900153621874
139,-1.3663069904729586,-20.959282096939532,111.04171621985108
140,-1.3653547402080755,-20.98601009617786,111.48955614949395
141,-1.364403119190694,-21.011757195873805,111.93355723960866
142,-1.3634521322661746,-21.036534811421806,112.37374147430972
143,-1.3625017842601568,-21.060354244657454,112.81013073707196
144,-1.3615520799786187,-21.083226685374267,113.24274682021385
145,-1.360603024207949,-21.10516321244998,113.67161142587797
146,-1.3596546217150156,-21.12617479481649,114.09674616428364
147,-1.3587068772472257,-21.146272292628126,114.51817255564136
148,-1.357759795532582,-21.165466458279898,114.9359120300243
149,-1.3568133812797347,-21.183767937415887,115.34998592653687
150,-1.3558676391780269,-21.201187269940238,115.76041549354726
151,-1.354922573897535,-21.217734891122284,116.16722188981497
152,-1.3539781900891064,-21.233421132550642,116.57042618386274
153,-1.3530344923843909,-21.24825622313211,116.97004935410749
154,-1.35209148539587,-21.262250290032416,117.36611228747495
155,-1.351149173716877,-21.275413359646986,117.75863577953957
156,-1.350207561921614,-21.287755358666,118.14764053662472
157,-1.3492666545651708,-21.299286115039646,118.53314717597884
158,-1.3483264561835384,-21.31001535882818,118.91517622389873
159,-1.3473869712936173,-21.31995272320898,119.29374811703643
160,-1.346448204393224,-21.3291077454277,119.66888320282929
161,-1.345510159961096,-21.337489867688895,120.04060173911732
162,-1.3445728424568917,-21.34510843808078,120.40892389453407
163,-1.3436362563211908,-21.351972711519803,120.7738697492292
164,-1.3427004059754906,-21.35809185063305,121.13545929495595
165,-1.341765295822202,-21.36347492665953,121.49371243526487
166,-1.3408309302446422,-21.36813092031159,121.84864898553197
167,-1.3398973136070262,-21.37206872266167,122.2002886730043
168,-1.3389644502544547,-21.37529713592219,122.54865113544741
169,-1.3380323445128983,-21.377824874356435,122.89375592238784
170,-1.3371010006891821,-21.379660565142505,123.23562249540218
171,-1.3361704230709681,-21.380812749198157,123.57427022832506
172,-1.3352406159267367,-21.38128988200683,123.90971840701236
173,-1.3343115835057657,-21.381100334132288,124.24198621983268
174,-1.3333833300380855,-21.380252392107398,124.57109275985306
175,-1.3324558597344374,-21.378754259514473,124.89705703312936
176,-1.3315291767862492,-21.37661405776274,125.21989795855939
177,-1.3306032853656107,-21.373839826921724,125.5396343698517
178,-1.3296781896252514,-21.370439526524443,125.85628501597631
179,-1.3287538936985182,-21.366421036295666,126.16986855966682
180,-1.3278304016993479,-21.361792156872916,126.48040357677733
181,-1.3269077177222375,-21.356560610603054,126.78790855702678
182,-1.325985845842215,-21.350734042251887,127.09240190329388
183,-1.3250647901148072,-21.344320019799845,127.39390193278113
184,-1.324144554576009,-21.33732603514091,127.69242687661747
185,-1.3232251432422524,-21.329759504828758,127.98799488011198
186,-1.3223065601103718,-21.321627770801786,128.28062400302426
187,-1.321388809157573,-21.312938101086168,128.57033221963943
188,-1.3204718943413987,-21.303697690535458,128.8571374194974
189,-1.3195558195996966,-21.29391366153433,129.14105740767278
190,-1.3186405888505859,-21.283593064685565,129.4221099048225
191,-1.317726205992424,-21.27274287949619,129.7003125471775
192,-1.3168126749037727,-21.261370015016656,129.9756828855759
193,-1.3158999994433618,-21.249481310529006,130.24823838585203
194,-1.314988183450052,-21.237083536241997,130.51799642969888
195,-1.3140772307428004,-21.224183393960107,130.78497431514688
196,-1.3131671451206253,-21.21078751771815,131.04918925644142
197,-1.3122579303625717,-21.19690247446774,131.3106583848787
198,-1.311349590227677,-21.18253476469466,131.56939874856815
199,-1.3104421284549372,-21.16769082307166,131.8254273128768
200,-1.3095355487632716,-21.15237701907534,132.07876096047724
201,-1.3086298548514892,-21.136599657617374,132.32941649145195
202,-1.3077250503982545,-21.1203649796641,132.57741062362084
203,-1.306821139062053,-21.103679162842486,132.82275999271562
204,-1.305918124481158,-21.08654832206218,133.065481152762
205,-1.305016010273597,-21.06897851010284,133.30559057606848
206,-1.3041148000371185,-21.05097571819907,133.5431046530686
207,-1.303214497349158,-21.03254587665039,133.77803969307416
208,-1.3023151057668054,-21.01369485540525,134.01041192463467
209,-1.301416628826774,-20.99442846463675,134.24023749560428
210,-1.3005190700453673,-20.97475245529733,134.46753247282155
211,-1.299622432918448,-20.954672519681274,134.69231284213947
212,-1.2987267209214044,-20.934194291964225,134.91459450753217
213,-1.297831937509116,-20.91332334879208,135.1343932921912
214,-1.2969380861159212,-20.89206520983584,135.351724939596
215,-1.2960451701555864,-20.870425338344116,135.56660511375634
216,-1.2951531930212778,-20.8484091416769,135.77904939938767
217,-1.2942621580855322,-20.826021971852278,135.989073302275
218,-1.2933720687002281,-20.803269126050115,136.1966922487927
219,-1.2924829281965575,-20.78015584715047,136.40192158661787
220,-1.2915947398849974,-20.75668732426846,136.60477658532375
221,-1.2907075070552843,-20.732868693258496,136.8052724364948
222,-1.2898212329763876,-20.708705037222135,137.0034242538364
223,-1.2889359208964852,-20.684201387020515,137.1992470735674
224,-1.2880515740429372,-20.6593627217657,137.39275585455619
225,-1.2871681956222631,-20.6341939693204,137.58396547860787
226,-1.2862857888201176,-20.60870000678306,137.77289075054136
227,-1.2854043568012676,-20.58288566097678,137.9595463985522
228,-1.2845239027095703,-20.55675570893067,138.14394707451223
229,-1.2836444296679506,-20.530314878353597,138.32610735400254
230,-1.2827659407783811,-20.50356784808345,138.50604173594928
231,-1.28188843912186,-20.47651924858149,138.6837646434659
232,-1.28101192775839,-20.449173662392912,138.85929042437613
233,-1.2801364097269616,-20.421535624608612,139.0326333514606
234,-1.2792618880455335,-20.39360962330013,139.2038076222087
235,-1.2783883657110153,-20.365400099976593,139.37282735919246
236,-1.2775158456992506,-20.33691145004438,139.5397066107692
237,-1.2766443309650004,-20.30814802323301,139.70445935106534
238,-1.275773824441929,-20.27911412404112,139.86709948038302
239,-1.274904329042589,-20.249814012167796,140.02764082542484
240,-1.2740358476584082,-20.220251902933978,140.1860971394389
241,-1.2731683831596763,-20.190431967708147,140.34248210238948
242,-1.272301938395533,-20.160358334323746,140.49680932108473
243,-1.2714365161939554,-20.13003508749108,140.64909232933726
244,-1.2705721193617476,-20.0994662692165,140.7993445885193
245,-1.2697087506845302,-20.06865587921551,140.94757948794236
246,-1.2688464129267312,-20.037607875307867,141.09381034497704
247,-1.2679851088315788,-20.0063261738288,141.23805040540182
248,-1.267124841121093,-19.974814650009915,141.3803128434041
249,-1.2662656124960787,-19.94307713837819,141.5206107618423
250,-1.2654074256361207,-19.911117433143612,141.65895719249937
251,-1.2645502831995763,-19.878939288588782,141.79536509648656
252,-1.2636941878235721,-19.846546419447936,141.92984736446715
253,-1.2628391421240002,-19.81394250127361,142.0624168166409
254,-1.2619851486955147,-19.78113117082414,142.1930862032232
255,-1.26113221011153,-19.748116026434243,142.32186820483653
256,-1.2602803289242195,-19.714900628376643,142.44877543270647
257,-1.2594295076645148,-19.681488499233655,142.5738204290578
258,-1.2585797488421075,-19.647883124258737,142.69701566778866
259,-1.2577310549454515,-19.614087951766024,142.81837355708356
260,-1.2568834284417711,-19.580106393454567,142.93790643775156
261,-1.2560368717770676,-19.545941824750535,143.05562658270125
262,-1.2551913873761227,-19.5115975851443,143.1715461970164
263,-1.2543469776425034,-19.477076978545362,143.28567741841297
264,-1.2535036449585673,-19.442383273609597,143.39803231730332
265,-1.2526613916854699,-19.407519704084322,143.50862289713447
266,-1.2518202201631707,-19.372489469134816,143.61746109443277
267,-1.2509801327104415,-19.337295733675617,143.7245587791048
268,-1.2501411316248743,-19.301941628694387,143.82992775454102
269,-1.2493032191828908,-19.266430251579262,143.9335797580189
270,-1.2484663976397519,-19.23076466644972,144.03552646129964
271,-1.2476306692295696,-19.194947904462776,144.1357794706058
272,-1.2467960361653185,-19.15898296412671,144.23435032682366
273,-1.2459625006388488,-19.122872811625165,144.3312505060959
274,-1.2451300648208994,-19.086620381118873,144.42649141996276
275,-1.2442987308611133,-19.05022857505246,144.52008441559934
276,-1.243468500888052,-19.01370026445582,144.61204077596665
277,-1.242639377009212,-18.97703828924365,144.70237172004835
278,-1.2418113613110406,-18.940245458508606,144.79108840298196
279,-1.2409844558589544,-18.90332455082668,144.87820191661666
280,-1.2401586626973558,-18.866278314540313,144.9637232896987
281,-1.2393339838496535,-18.829109468055726,145.04766348823946
282,-1.2385104213182823,-18.79182070011977,145.13003341542745
283,-1.2376879770847227,-18.754414670104477,145.21084391183476
284,-1.2368666531095225,-18.716894008289938,145.29010575585676
285,-1.2360464513323182,-18.679261316143673,145.36782966407316
286,-1.2352273736718575,-18.641519166598727,145.44402629156798
287,-1.2344094220260244,-18.60367010431976,145.51870623200523
288,-1.2335925982718625,-18.56571664597948,145.59188001798276
289,-1.2327769042655998,-18.527661280529884,145.663558121445
290,-1.231962341842676,-18.48950646945455,145.73375095354817
291,-1.2311489128177675,-18.451254647039605,145.80246886515425
292,-1.2303366189848157,-18.412908220636393,145.86972214720856
293,-1.2295254621170548,-18.374469570916922,145.93552103091102
294,-1.228715443967041,-18.335941052128188,145.99987568801257
295,-1.227906566266682,-18.297324992351264,146.06279623116973
296,-1.2270988307272679,-18.258623693740205,146.1242927139456
297,-1.2262922390395021,-18.219839432783715,146.18437513137155
298,-1.2254867928735331,-18.180974460542384,146.24305342006247
299,-1.2246824938789875,-18.142031002897284,146.300337458569
300,-1.2238793436850033,-18.103011260789316,146.3562370675669
301,-1.223077343900264,-18.06391741045521,146.41076200998472
302,-1.2222764961130335,-18.024751603665177,146.4639219912038
303,-1.2214768018911903,-17.985515967957312,146.51572665943215
304,-1.220678262782265,-17.94621260687569,146.566185606131
305,-1.2198808803134753,-17.906843600196964,146.61530836616512
306,-1.2190846559917654,-17.86741100415376,146.6631044179298
307,-1.218289591303843,-17.827916851668956,146.70958318373016
308,-1.2174956877162182,-17.788363152575556,146.75475403002412
309,-1.2167029466752433,-17.748751893835152,146.79862626756142
310,-1.2159113696071524,-17.709085039759007,146.84120915169925
311,-1.2151209579181022,-17.66936453223288,146.8825118828679
312,-1.2143317129942137,-17.629592290923615,146.92254360666428
313,-1.2135436362016148,-17.58977021350161,146.96131341424527
314,-1.2127567288864824,-17.549900175841433,146.99883034226409
315,-1.2119709923750863,-17.509984032237128,147.03510337327583
316,-1.2111864279738325,-17.47002361561159,147.07014143611534
317,-1.2104030369693084,-17.430020737718063,147.10395340595764
318,-1.2096208206283279,-17.389977189346336,147.1365481045602
319,-1.2088397801979762,-17.34989474052285,147.16793430061907
320,-1.2080599169056576,-17.309775140713658,147.19812071006953
321,-1.2072812319591415,-17.269620119019596,147.2271159962785
322,-1.2065037265466103,-17.229431384373516,147.25492877036274
323,-1.2057274018367086,-17.18921062574009,147.28156759154075
324,-1.204952258978591,-17.148959512300156,147.30704096719467
325,-1.2041782991019725,-17.108679693643843,147.33135735311072
326,-1.203405523317178,-17.068372799958823,147.35452515354345
327,-1.2026339327151925,-17.02804044222068,147.37655272167743
328,-1.2018635283677115,-16.98768421237208,147.39744835982944
329,-1.2010943113271937,-16.947305683516408,147.41722031987936
330,-1.2003262826269128,-16.906906410092365,147.43587680340497
331,-1.1995594432810102,-16.8664879280603,147.45342596204074
332,-1.1987937942845488,-16.82605175507715,147.46987589762986
333,-1.198029336613567,-16.78559939067191,147.48523466240033
334,-1.1972660712251324,-16.745132316423657,147.4995102592498
335,-1.1965039990573973,-16.70465199613402,147.51271064200793
336,-1.195743121029654,-16.664159876001694,147.52484371574616
337,-1.1949834380423905,-16.62365738479115,147.5359173369826
338,-1.1942249509773473,-16.583145934000225,147.54593931381248
339,-1.193467660697574,-16.54262691803068,147.55491740622713
340,-1.1927115680474867,-16.50210171434907,147.56285932631977
341,-1.191956673852926,-16.461571683657414,147.56977273867244
342,-1.1912029789212153,-16.421038170053926,147.57566526051792
343,-1.19045048404122,-16.38050250119195,147.5805444618989
344,-1.1896991899834062,-16.339965988434116,147.58441786532399
345,-1.1889490974998993,-16.29942992701384,147.58729294534237
346,-1.1882002073245417,-16.25889559619112,147.58917712982128
347,-1.187452520172952,-16.218364259415615,147.59007780050192
348,-1.186706036742587,-16.17783716447721,147.59000229316598
349,-1.1859607577128026,-16.137315543659994,147.58895789791458
350,-1.1852166837449165,-16.096800613894473,147.58695185935323
351,-1.1844738154822698,-16.056293576902316,147.5839913766915
352,-1.18373215355029,-16.015795619348516,147.5800836040615
353,-1.1829916985565538,-15.975307912986635,147.57523565069764
354,-1.1822524510908503,-15.93483161480671,147.56945458132572
355,-1.1815144117252452,-15.89436786718036,147.56274741642008
356,-1.1807775810141454,-15.853917797999747,147.55512113235665
357,-1.1800419594943636,-15.81348252082347,147.54658266169324
358,-1.1793075476851835,-15.77306313501385,147.53713889334665
359,-1.1785743460884253,-15.732660725875904,147.526796672811
360,-1.177842355188511,-15.69227636479585,147.51556280242465
361,-1.1771115754525323,-15.651911109382667,147.503444041714
362,-1.1763820073303148,-15.611566003591678,147.49044710731894
363,-1.1756536512544868,-15.571242077868222,147.47657867340894
364,-1.1749265076405455,-15.53094034927628,147.46184537181136
365,-1.1742005768869246,-15.490661821631349,147.44625379235015
366,-1.1734758593750625,-15.450407485631414,147.4298104830804
367,-1.1727523554694703,-15.410178318982917,147.41252195042128
368,-1.1720300655178004,-15.36997528653266,147.39439465947243
369,-1.1713089898509155,-15.329799340392492,147.37543503420846
370,-1.1705891287829575,-15.289651420064567,147.35564945768485
371,-1.1698704826114175,-15.249532452567005,147.33504427229803
372,-1.169153051617205,-15.209443352554686,147.31362577996185
373,-1.1684368360647184,-15.169385022446686,147.2914002424392
374,-1.1677218362019153,-15.129358352541296,147.26837388138847
375,-1.1670080522603827,-15.089364221138629,147.24455287864083
376,-1.1662954844554088,-15.049403494657719,147.2199433763551
377,-1.1655841329860528,-15.00947702775803,147.19455147738051
378,-1.164873998035217,-14.969585663449017,147.16838324533276
379,-1.1641650797697185,-14.929730233215976,147.1414447050304
380,-1.163457378340361,-14.88991155712712,147.11374184254845
381,-1.1627508938820068,-14.850130443947451,147.0852806054236
382,-1.1620456265136496,-14.81038769125327,147.05606690288352
383,-1.1613415763384871,-14.770684085541658,147.02610660599467
384,-1.1606387434439929,-14.73102040234327,146.9954055479535
385,-1.1599371279019899,-14.691397406328585,146.96396952424826
386,-1.1592367297687243,-14.65181585141772,146.93180429287406
387,-1.1585375490849377,-14.612276480888609,146.89891557455124
388,-1.1578395858759412,-14.572780027480897,146.86530905283993
389,-1.1571428401516894,-14.533327213505203,146.8309903745167
390,-1.156447311906854,-14.493918750942765,146.79596514968657
391,-1.1557530011208974,-14.4545553415533,146.76023895209167
392,-1.155059907758149,-14.415237676975616,146.72381731925105
393,-1.1543680317678775,-14.375966438829746,146.68670575268237
394,-1.1536773730843675,-14.33674229881395,146.64890971802456
395,-1.1529879316269929,-14.29756591881198,146.61043464541447
396,-1.1522997073002927,-14.258437950983843,146.57128592952714
397,-1.1516126999940464,-14.219359037868099,146.53146892987382
398,-1.1509269095833483,-14.180329812479926,146.49098897098816
399,-1.1502423359286844,-14.141350898403692,146.44985134256473
400,-1.149558978876007,-14.102422909889642,146.408061299672
401,-1.1488768382568102,-14.06354645194691,146.36562406290682
402,-1.1481959138882065,-14.024722120439517,146.32254481864405
403,-1.147516205573002,-13.985950502178726,146.27882871927594
404,-1.1468377130997724,-13.947232175012145,146.23448088335064
405,-1.14616043624294,-13.908567707918436,146.18950639585265
406,-1.1454843747628491,-13.869957661093396,146.14391030829822
407,-1.1448095284058426,-13.831402586043588,146.09769763903483
408,-1.1441358969043391,-13.792903025671382,146.05087337335246
409,-1.1434634799769086,-13.75445951436369,146.00344246367735
410,-1.1427922773283496,-13.716072578077124,145.95540982970618
411,-1.1421222886497657,-13.677742734429993,145.90678035876545
412,-1.1414535136186421,-13.639470492778461,145.85755890579912
413,-1.1407859518989227,-13.60125635430842,145.80775029372472
414,-1.1401196031410872,-13.563100812117247,145.75735931357968
415,-1.139454466982227,-13.525004351294058,145.70639072465897
416,-1.1387905430461243,-13.48696744900583,145.65484925478756
417,-1.1381278309433267,-13.44899057457653,145.60273960043347
418,-1.1374663302712262,-13.411074189568506,145.55006642690137
419,-1.1368060406141358,-13.373218747861188,145.49683436849597
420,-1.1361469615433661,-13.33542469573051,145.44304802871477
421,-1.1354890926173031,-13.297692471930308,145.3887119804629
422,-1.1348324333814852,-13.260022507766044,145.3338307661181
423,-1.1341769833686801,-13.222415227174716,145.27840889776158
424,-1.1335227420989622,-13.184871046798497,145.22245085735366
425,-1.1328697090797895,-13.147390376062974,145.1659610969796
426,-1.1322178838060812,-13.109973617250446,145.10894403898007
427,-1.1315672657602949,-13.072621165577338,145.05140407623398
428,-1.1309178544125034,-13.035333409261302,144.99334557217364
429,-1.1302696492204727,-12.998110729601924,144.93477286115538
430,-1.129622649629739,-12.960953501049481,144.87569024870916
431,-1.128976855073686,-12.923862091274485,144.81610201167032
432,-1.128332264973623,-12.886836861243182,144.75601239829967
433,-1.1276888787388617,-12.849878165283629,144.69542562833658
434,-1.127046695766794,-12.812986351156496,144.63434589316452
435,-1.1264057154429679,-12.776161760124376,144.57277735601608
436,-1.125765937141166,-12.73940472702019,144.51072415216285
437,-1.1251273602234815,-12.702715580315688,144.4481903890935
438,-1.1244899840403957,-12.666094642185108,144.38518014660264
439,-1.1238538079308547,-12.629542228576419,144.32169747707707
440,-1.1232188312223463,-12.593058649273736,144.25774640553996
441,-1.1225850532309773,-12.556644207965366,144.19333092992022
442,-1.1219524732615496,-12.520299202305118,144.1284550211119
443,-1.121321090607637,-12.484023923979322,144.0631226232206
444,-1.1206909045516622,-12.447818658766742,143.9973376536541
445,-1.120061914364973,-12.411683686607876,143.931104003446
446,-1.1194341193079196,-12.375619281660914,143.8644255372378
447,-1.1188075186299296,-12.339625712365114,143.79730609348746
448,-1.1181821115695856,-12.303703241505533,143.72974948473038
449,-1.1175578973547007,-12.267852126268856,143.66175949761384
450,-1.1169348752023953,-12.232072618305754,143.5933398931089
451,-1.1163130443191724,-12.196364963790682,143.52449440666985
452,-1.1156924039009943,-12.160729403479912,143.45522674838185
453,-1.115072953133358,-12.125166172771088,143.38554060315576
454,-1.1144546911913713,-12.089675501758979,143.3154396308238
455,-1.1138376172398279,-12.05425761529674,143.24492746638785
456,-1.1132217304332834,-12.018912733048214,143.17400772005544
457,-1.1126070299161313,-11.983641069547106,143.1026839774597
458,-1.1119935148226772,-11.94844283425082,143.03095979968523
459,-1.1113811842772143,-11.913318231598213,142.95883872350223
460,-1.1107700373940987,-11.878267461061329,142.886324261493
461,-1.1101600732778236,-11.843290717203438,142.81341990231175
462,-1.1095512910230947,-11.808388189727765,142.74012911070395
463,-1.1089436897149048,-11.773560063534989,142.66645532777383
464,-1.1083372684286077,-11.738806518776812,142.59240197115167
465,-1.1077320262299937,-11.704127730903178,142.51797243501522
466,-1.107127962175363,-11.66952387071845,142.44317009033998
467,-1.1065250753116005,-11.634995104431324,142.36799828498877
468,-1.1059233646762492,-11.600541593704811,142.29246034384397
469,-1.1053228292975843,-11.566163495708071,142.2165595690062
470,-1.1047234681946867,-11.531860963164787,142.1402992398698
471,-1.104125280377517,-11.497634144405144,142.06368261334575
472,-1.1035282648469877,-11.463483183411181,141.98671292391887
473,-1.102932420595038,-11.429408219868792,141.9093933838826
474,-1.1023377466047053,-11.39540938921353,141.83172718340455
475,-1.101744241850199,-11.361486822679987,141.753717490718
476,-1.101151905296973,-11.32764064734583,141.675367452167
477,-1.100560735901798,-11.293870986183395,141.59668019248917
478,-1.0999707326128338,-11.260177958101078,141.51765881479264
479,-1.099381894369702,-11.226561677993335,141.43830640081868
480,-1.0987942201035572,-11.193022256784118,141.35862601102593
481,-1.0982077087371593,-11.159559801469664,141.27862068467593
482,-1.0976223591849452,-11.126174415168334,141.19829344008795
483,-1.0970381703530996,-11.092866197161618,141.11764727468886
484,-1.0964551411396266,-11.05963524293714,141.03668516513076
485,-1.0958732704344212,-11.026481644234293,140.95541006749036
486,-1.0952925571193395,-10.993405489085331,140.8738249173421
487,-1.0947130000682694,-10.960406861860104,140.7919326299645
488,-1.0941345981472015,-10.927485843305229,140.7097361003822
489,-1.093557350214299,-10.894642510589728,140.6272382036051
490,-1.092981255119968,-10.861876937342885,140.54444179465165
491,-1.0924063117069271,-10.829189193697673,140.46134970875178
492,-1.0918325188102778,-10.796579346328848,140.3779647613633
493,-1.0912598752575724,-10.764047458496915,140.29428974839203
494,-1.090688379868885,-10.731593590083497,140.21032744620632
495,-1.090118031456879,-10.699217797634603,140.1260806118879
496,-1.0895488288268769,-10.66692013439822,140.04155198332276
497,-1.088980770776928,-10.634700650362076,139.95674427927233
498,-1.0884138560978773,-10.602559392295655,139.871660199604
499,-1.0878480835734339,-10.570496403783475,139.7863024252953
500,-1.0872834519802381,-10.538511725264922,139.700673618611
501,-1.0867199600879298,-10.506605394073368,139.61477642327455
502,-1.0861576066592156,-10.47477744447061,139.52861346452462
503,-1.0855963904499362,-10.44302790768495,139.4421873492843
504,-1.0850363102091338,-10.41135681194553,139.3555006662038
505,-1.0844773646791181,-10.379764182521624,139.26855598588577
506,-1.0839195525955339,-10.348250041754632,139.18135586088292
507,-1.083362872687426,-10.316814409096063,139.0939028259073
508,-1.082807323677307,-10.28545730114071,139.00619939788774
509,-1.0822529042812217,-10.254178731663176,138.91824807614452
510,-1.0816996132088137,-10.222978711648844,138.83005134240872
511,-1.0811474491633903,-10.191857249331749,138.74161166105583
512,-1.0805964108419877,-10.16081435022585,138.6529314791534
513,-1.080046496935436,-10.129850017158342,138.56401322657229
514,-1.0794977061284239,-10.098964250304777,138.47485931616382
515,-1.0789500370995633,-10.06815704721828,138.38547214374822
516,-1.0784034885214528,-10.037428402864592,138.2958540881523
517,-1.0778580590607425,-10.006778309654113,138.20600751138943
518,-1.077313747378196,-9.976206757470793,138.1159347587617
519,-1.0767705521287547,-9.945713733707048,138.0256381590876
520,-1.076228471961601,-9.915299223293077,137.93512002475657
521,-1.0756875055202215,-9.884963208729868,137.84438265191096
522,-1.0751476514424685,-9.854705670116132,137.7534283204341
523,-1.0746089083606236,-9.82452658518182,137.6622592941549
524,-1.0740712749014594,-9.7944259293163,137.57087782089636
525,-1.0735347496863015,-9.76440367559967,137.4792861326336
526,-1.0729993313310904,-9.734459794829615,137.3874864455125
527,-1.0724650184464422,-9.704594255554126,137.2954809600696
528,-1.0719318096377104,-9.674807024096918,137.203271861197
529,-1.0713997035050469,-9.6450980645873,137.11086131830498
530,-1.0708686986434615,-9.615467338990054,137.0182514854751
531,-1.0703387936428834,-9.585914807130319,136.92544450146835
532,-1.0698099870882212,-9.556440426724524,136.83244248993358
533,-1.0692822775594215,-9.527044153406305,136.73924755945336
534,-1.0687556636315303,-9.497725940752511,136.64586180359834
535,-1.068230143874751,-9.468485740313346,136.55228730111355
536,-1.0677057168545037,-9.439323501636396,136.4585261159396
537,-1.067182381131484,-9.410239172294355,136.364580297374
538,-1.066660135261722,-9.381232697909837,136.27045188011394
539,-1.0661389777966397,-9.352304022184203,136.17614288445318
540,-1.0656189072831097,-9.323453086920361,136.08165531627827
541,-1.0650999222635125,-9.294679832049699,135.9869911672125
542,-1.064582021275794,-9.265984195655639,135.89215241462938
543,-1.064065202853523,-9.237366114001565,135.7971410218654
544,-1.0635494655259474,-9.208825521552397,135.70195893822174
545,-1.0630348078180516,-9.180362351000978,135.60660809912028
546,-1.0625212282506125,-9.15197653329271,135.5110904262088
547,-1.0620087253402553,-9.123667997646768,135.41540782735515
548,-1.0614972975995098,-9.095436671583244,135.31956219685512
549,-1.060986943536866,-9.067282480944739,135.22355541546094
550,-1.0604776616568288,-9.039205349919419,135.127389350455
551,-1.0599694504599735,-9.011205201066376,135.0310658558201
552,-1.0594623084430004,-8.983281955335181,134.9345867722198
553,-1.058956234098789,-8.955435532091045,134.8379539271747
554,-1.058451225916453,-8.927665849135753,134.7411691350656
555,-1.0579472823813927,-8.899972822731879,134.6442341973097
556,-1.0574444019753502,-8.872356367621352,134.5471509023473
557,-1.0569425831764616,-8.844816397050513,134.4499210258455
558,-1.0564418244593108,-8.817352822789776,134.35254633070858
559,-1.0559421242949818,-8.789965555156506,134.2550285672189
560,-1.0554434811511113,-8.762654503033454,134.15736947303245
561,-1.0549458934919413,-8.735419573892258,134.05957077335614
562,-1.0544493597783708,-8.70826067381365,133.96163418101335
563,-1.0539538784680076,-8.681177707506254,133.8635613964471
564,-1.0534594480152195,-8.65417057832968,133.76535410791627
565,-1.0529660668711858,-8.627239188312089,133.66701399149562
566,-1.0524737334839476,-8.60038343817067,133.56854271116288
567,-1.0519824462984588,-8.573603227332915,133.4699419189401
568,-1.0514922037566368,-8.546898453953311,133.3712132548875
569,-1.0510030042974114,-8.520269014935677,133.2723583472982
570,-1.0505148463567757,-8.493714805950082,133.17337881269168
571,-1.0500277283678348,-8.467235721453008,133.07427625594727
572,-1.0495416487608553,-8.440831654704354,132.9750522703072
573,-1.0490566059633146,-8.41450249778867,132.8757084375513
574,-1.0485725983999492,-8.388248141631252,132.7762463279896
575,-1.0480896244928029,-8.3620684760173,132.67666750058518
576,-1.0476076826612748,-8.335963389608823,132.57697350299173
577,-1.047126771322168,-8.30993276996459,132.47716587171143
578,-1.046646888889736,-8.28397650355598,132.37724613209636
579,-1.0461680337757313,-8.258094475783917,132.2772157984075
580,-1.045690204389451,-8.232286570998602,132.1770763739909
581,-1.0452133991377839,-8.20655267251401,132.07682935125493
582,-1.044737616425258,-8.180892662626276,131.97647621180053
583,-1.0442628546540855,-8.155306422630854,131.87601842650452
584,-1.0437891122242091,-8.12979383283663,131.77545745549278
585,-1.0433163875333478,-8.10435477258551,131.67479474834465
586,-1.0428446789770418,-8.078989120266192,131.5740317440703
587,-1.0423739849486982,-8.053696753331895,131.4731698712505
588,-1.041904303839635,-8.028477548314948,131.37221054805246
589,-1.0414356340391266,-8.00333138084428,131.2711551823688
590,-1.0409679739344475,-7.978258125658452,131.17000517177524
591,-1.0405013219109163,-7.953257656623365,131.06876190369343
592,-1.0400356763519392,-7.928329846746192,130.96742675539758
593,-1.0395710356390542,-7.903474568191856,130.8660010941471
594,-1.0391073981519732,-7.878691692296103,130.76448627719222
595,-1.038644762268626,-7.8539810895812545,130.66288365187862
596,-1.0381831263652017,-7.8293426297721895,130.56119455576567
597,-1.0377224888161924,-7.804776181808141,130.45942031658615
598,-1.0372628479944346,-7.780281613858924,130.35756225237193
599,-1.0368042022711503,-7.755858793339128,130.25562167152887
600,-1.0363465500159899,-7.731507586920467,130.15359987283864
601,-1.0358898895970727,-7.707227860548435,130.05149814564024
602,-1.035434219381028,-7.683019479453255,129.94931776976875
603,-1.034979537733036,-7.658882308165346,129.84706001570302
604,-1.0345258430168678,-7.634816210527705,129.74472614459006
605,-1.0340731335949263,-7.610821049710542,129.6423174083679
606,-1.0336214078282857,-7.586896688222539,129.53983504974678
607,-1.0331706640767315,-7.563042987926192,129.43728030236866
608,-1.0327209006987996,-7.539259810048749,129.33465439077762
609,-1.0322721160518153,-7.515547015195974,129.2319585305253
610,-1.031824308491933,-7.4919044633641985,129.1291939282145
611,-1.0313774763741737,-7.468332013953556,129.02636178158266
612,-1.0309316180524641,-7.444829525780659,128.92346327957586
613,-1.0304867318796749,-7.4213968570886175,128.82049960232288
614,-1.0300428162076578,-7.398033865561789,128.71747192129888
615,-1.0295998693872839,-7.374740408336718,128.61438139934347
616,-1.0291578897684803,-7.351516342013054,128.5112291906834
617,-1.0287168757002678,-7.328361522667325,128.4080164410791
618,-1.0282768255307972,-7.305275805862132,128.30474428778174
619,-1.027837737607386,-7.282259046659832,128.2014138596922
620,-1.0273996102765548,-7.259311099632406,128.0980262773491
621,-1.0269624418840633,-7.236431818873664,127.99458265303038
622,-1.0265262307749456,-7.213621058008964,127.89108409074892
623,-1.026090975293547,-7.190878670208211,127.78753168640063
624,-1.0256566737835573,-7.168204508194835,127.68392652773512
625,-1.0252233245880478,-7.145598424257732,127.58026969446003
626,-1.0247909260495047,-7.123060270261272,127.4765622582655
627,-1.0243594765098643,-7.100589897656194,127.3728052828942
628,-1.0239289743105466,-7.078187157489815,127.2689998241989
629,-1.0234994177924899,-7.05585190041565,127.16514693016632
630,-1.0230708052961843,-7.03358397670552,127.0612476410516
631,-1.0226431351617051,-7.011383236257879,126.95730298935183
632,-1.0222164057287462,-6.989249528607469,126.85331399985134
633,-1.021790615336653,-6.967182702937232,126.74928168974968
634,-1.021365762324455,-6.945182608085511,126.64520706860702
635,-1.0209418450308985,-6.92324909255799,126.54109113851896
636,-1.020518861794479,-6.901382004535351,126.43693489408115
637,-1.0200968109534725,-6.879581191883981,126.33273932249872
638,-1.0196756908459683,-6.857846502164247,126.2285054035867
639,-1.0192554998098997,-6.836177782641035,126.12423410987947
640,-1.0188362361830756,-6.814574880291116,126.01992640660836
641,-1.0184178983032113,-6.7930376418136404,125.91558325181909
642,-1.0180004845079598,-6.771565913638186,125.81120559638109
643,-1.0175839931349415,-6.750159541933966,125.70679438406086
644,-1.0171684225217756,-6.7288183726183854,125.60235055156595
645,-1.0167537710061094,-6.707542251365284,125.4978750285725
646,-1.0163400369256483,-6.686331023614569,125.39336873783098
647,-1.0159272186181858,-6.665184534578916,125.28883259513158
648,-1.015515314421632,-6.644102629253106,125.18426750940391
649,-1.0151043226740437,-6.623085152423198,125.07967438280457
650,-1.0146942417136526,-6.602131948672132,124.97505411062693
651,-1.0142850698788943,-6.5812428623900825,124.87040758147155
652,-1.0138768055084366,-6.560417737780891,124.7657356772304
653,-1.0134694469412078,-6.53965641887105,124.66103927318919
654,-1.0130629925164245,-6.518958749516485,124.5563192380295
655,-1.0126574405736193,-6.49832457341116,124.45157643391673
656,-1.0122527894526687,-6.477753734093333,124.34681171648133
657,-1.01184903749382,-6.457246074954646,124.24202593494297
658,-1.0114461830377184,-6.436801439246231,124.13721993208654
659,-1.0110442244254338,-6.416419670086566,124.03239454433567
660,-1.010643159998488,-6.396100610468669,123.92755060180086
661,-1.01024298809888,-6.375844103267028,123.82268892831088
662,-1.0098437070691126,-6.355649991245311,123.71781034148576
663,-1.0094453152522191,-6.3355181170621035,123.61291565271546
664,-1.0090478109917882,-6.315448323278937,123.50800566726629
665,-1.0086511926319892,-6.2954404523671545,123.40308118432814
666,-1.008255458517598,-6.27549434671285,123.29814299695956
667,-1.007860606994022,-6.255609848626155,123.1931918922688
668,-1.0074666364073244,-6.23578680034577,123.08822865133818
669,-1.0070735451042494,-6.216025044046521,122.98325404931684
670,-1.0066813314322465,-6.196324421844874,122.8782688554297
671,-1.006289993739494,-6.176684775806352,122.7732738330826
672,-1.005899530374924,-6.157105947950653,122.66826973984217
673,-1.0055099396882456,-6.137587780259127,122.56325732754728
674,-1.0051212200299682,-6.118130114679522,122.45823734226539
675,-1.0047333697514251,-6.098732793132763,122.35321052437065
676,-1.0043463872047969,-6.079395657518962,122.24817760859432
677,-1.0039602707431339,-6.060118549722861,122.14313932404636
678,-1.0035750187203791,-6.040901311620207,122.03809639428148
679,-1.0031906294913906,-6.0217437850826485,121.93304953729307
680,-1.002807101411964,-6.002645811984438,121.82799946561218
681,-1.002424432838854,-5.983607234207513,121.72294688631253
682,-1.0020426221297976,-5.964627893646177,121.6178925010024
683,-1.0016616676435337,-5.945707632214671,121.51283700597675
684,-1.0012815677398264,-5.926846291850179,121.40778109212658
685,-1.0009023207794852,-5.908043714519748,121.30272544506089
686,-1.0005239251243867,-5.889299742224797,121.19767074510843
687,-1.0001463791374952,-5.870614217006943,121.09261766736283
688,-0.999769681182883,-5.851986980952126,120.98756688165567
689,-0.9993938296257515,-5.8334178761966955,120.88251905267988
690,-0.999018822832451,-5.814906744931527,120.77747483998286
691,-0.9986446591705008,-5.7964534294077,120.67243489804216
692,-0.9982713370086091,-5.778057771941017,120.56739987628357
693,-0.9978988547166932,-5.759719614916523,120.46237041909681
694,-0.9975272106658979,-5.74143880079378,120.35734716590167
695,-0.9971564032286159,-5.723215172110974,120.2523307511552
696,-0.9967864307785063,-5.70504857149024,120.14732180442758
697,-0.9964172916905136,-5.68693884164159,120.04232095039677
698,-0.9960489843408868,-5.668885825367218,119.9373288088693
699,-0.9956815071071974,-5.650889365567359,119.83234599489889
700,-0.995314858368358,-5.6329493052424215,119.72737311868225
701,-0.9949490365046405,-5.615065487499285,119.62241078571618
702,-0.9945840398976941,-5.597237755554529,119.51745959677763
703,-0.9942198669305629,-5.579465952739027,119.41252014796007
704,-0.9938565159877037,-5.56174992250152,119.30759303068015
705,-0.9934939854550036,-5.544089508413742,119.20267883178113
706,-0.9931322737197965,-5.526484554173352,119.09777813349308
707,-0.9927713791708812,-5.508934903608705,118.99289151350516
708,-0.9924113001985375,-5.491440400682252,118.88801954497023
709,-0.9920520351945433,-5.474000889494552,118.7831627965516
710,-0.9916935825521909,-5.456616214288492,118.67832183247901
711,-0.9913359406663033,-5.439286219452411,118.57349721253806
712,-0.9909791079332508,-5.422010749524273,118.46868949213113
713,-0.9906230827509668,-5.40478964919501,118.3638992222831
714,-0.9902678635189632,-5.387622763312197,118.25912694968973
715,-0.9899134486383468,-5.370509936884311,118.15437321678795
716,-0.9895598365118343,-5.3534510150825705,118.04963856167332
717,-0.9892070255437677,-5.336445843246356,117.9449235182559
718,-0.9888550141401296,-5.319494266885247,117.84022861621244
719,-0.9885038007085579,-5.302596131682894,117.73555438103286
720,-0.988153383658361,-5.285751283500088,117.63090133405099
721,-0.9878037614005323,-5.268959568378667,117.52626999250884
722,-0.9874549323477643,-5.252220832543661,117.42166086951215
723,-0.9871068949144634,-5.235534922407422,117.31707447411962
724,-0.9867596475167638,-5.218901684572244,117.21251131134674
725,-0.9864131885725419,-5.202320965833488,117.1079718821867
726,-0.9860675165014293,-5.185792613182908,117.00345668365915
727,-0.9857226297248273,-5.169316473811021,116.89896620880191
728,-0.9853785266659196,-5.15289239511074,116.79450094675042
729,-0.9850352057496867,-5.136520224679838,116.69006138273815
730,-0.984692665402918,-5.120199810323874,116.58564799812913
731,-0.9843509040542253,-5.103931000059317,116.48126127045366
732,-0.984009920134056,-5.087713642115307,116.37690167337408
733,-0.9836697120747052,-5.071547584938023,116.27256967682841
734,-0.9833302783103287,-5.055432677191768,116.16826574694281
735,-0.9829916172769552,-5.03936876776252,116.06399034611317
736,-0.9826537274124986,-5.023355705760173,115.95974393302407
737,-0.98231660715677,-5.007393340521465,115.85552696268806
738,-0.9819802549514902,-4.991481521611725,115.75133988641541
739,-0.9816446692403005,-4.975620098828322,115.64718315191121
740,-0.9813098484687752,-4.959808922202407,115.5430572032606
741,-0.9809757910844329,-4.944047842001481,115.43896248095585
742,-0.9806424955367474,-4.928336708731949,115.3348994219395
743,-0.9803099602771598,-4.9126753731410515,115.23086845960638
744,-0.9799781837590886,-4.897063686219632,115.12687002385881
745,-0.9796471644379414,-4.881501499203969,115.02290454109583
746,-0.9793169007711251,-4.865988663578054,114.91897243424805
747,-0.978987391218057,-4.850525031076133,114.81507412282632
748,-0.978658634240175,-4.8351104536840195,114.71121002290099
749,-0.9783306283009479,-4.819744783642494,114.60738054720748
750,-0.9780033718658859,-4.804427873447766,114.50358610504699
751,-0.9776768634025507,-4.789159575854766,114.3998271024129
752,-0.9773511013805648,-4.773939743878619,114.29610394198895
753,-0.9770260842716222,-4.758768230796697,114.19241702316219
754,-0.9767018105494973,-4.743644890150236,114.08876674203096
755,-0.9763782786900552,-4.728569575746892,113.98515349147651
756,-0.9760554871712604,-4.713542141661893,113.88157766113065
757,-0.9757334344731864,-4.698562442240195,113.77803963742309
758,-0.9754121190780246,-4.683630332098383,113.67453980361348
759,-0.9750915394700937,-4.66874566612606,113.57107853978589
760,-0.9747716941358484,-4.653908299487993,113.46765622290283
761,-0.9744525815638878,-4.63911808762538,113.36427322679442
762,-0.9741342002449644,-4.624374886257782,113.26092992220813
763,-0.9738165486719926,-4.6096785513848655,113.15762667683184
764,-0.9734996253400569,-4.59502893928741,113.05436385527086
765,-0.9731834287464197,-4.580425906529825,112.95114181914066
766,-0.9728679573905306,-4.56586930996049,112.8479609269991
767,-0.972553209774033,-4.5513590067144705,112.74482153446449
768,-0.972239184400773,-4.53689485421418,112.64172399417608
769,-0.9719258797768063,-4.522476710171069,112.53866865581217
770,-0.9716132944104068,-4.508104432586957,112.4356558661282
771,-0.9713014268120729,-4.493777879755857,112.33268596900841
772,-0.9709902754945359,-4.47949691026459,112.2297593054184
773,-0.9706798389727667,-4.465261382994708,112.12687621346227
774,-0.970370115763983,-4.451071157123651,112.02403702839122
775,-0.9700611043876565,-4.436926092125802,111.92124208261501
776,-0.9697528033655193,-4.422826047774099,111.81849170575755
777,-0.9694452112215713,-4.408770884140922,111.71578622465209
778,-0.9691383264820866,-4.394760461599509,111.61312596337778
779,-0.9688321476756199,-4.380794640825131,111.51051124327242
780,-0.968526673333013,-4.366873282795848,111.407942382923
781,-0.9682219019874014,-4.352996248794431,111.30541969825187
782,-0.9679178321742203,-4.339163400408391,111.20294350244819
783,-0.9676144624312105,-4.325374599532143,111.10051410606377
784,-0.9673117912984248,-4.311629708367155,110.99813181696864
785,-0.9670098173182335,-4.297928589423434,110.89579694040891
786,-0.9667085390353305,-4.284271105520425,110.793509779029
787,-0.9664079549967386,-4.270657119788102,110.6912706328889
788,-0.9661080637518153,-4.257086495667449,110.58907979943496
789,-0.9658088638522585,-4.243559096911979,110.48693757358785
790,-0.9655103538521113,-4.23007478758835,110.38484424773435
791,-0.9652125323077674,-4.21663343207705,110.28280011171458
792,-0.9649153977779766,-4.203234895073706,110.18080545288258
793,-0.9646189488238496,-4.1898790415894736,110.07886055608991
794,-0.9643231840088626,-4.176565736952108,109.97696570372575
795,-0.9640281018988628,-4.163294846806708,109.87512117572473
796,-0.9637337010620725,-4.15006623711625,109.7733272495802
797,-0.9634399800690939,-4.136879774162889,109.67158420039657
798,-0.9631469374929141,-4.123735324547812,109.56989230083299
799,-0.962854571908909,-4.11063275519293,109.46825182120158
800,-0.9625628818948476,-4.0975719333407,109.36666302941782
801,-0.9622718660308968,-4.08455272655533,109.26512619106359
802,-0.9619815228996247,-4.071575002723186,109.16364156938388
803,-0.9616918510860055,-4.058638630053484,109.06220942529602
804,-0.9614028491774229,-4.045743477078683,108.96083001740472
805,-0.9611145157636741,-4.032889412655518,108.8595036020624
806,-0.9608268494369736,-4.020076305965108,108.75823043333197
807,-0.9605398487919569,-4.0073040265135855,108.6570107630018
808,-0.9602535124256838,-3.994572444132921,108.55584484064589
809,-0.9599678389376425,-3.9818814289810036,108.45473291359804
810,-0.9596828269297523,-3.9692308515423966,108.35367522698797
811,-0.9593984750063673,-3.956620582628738,108.25267202375204
812,-0.9591147817742796,-3.944050493379051,108.15172354464437
813,-0.9588317458427221,-3.931520455260561,108.05083002828245
814,-0.9585493658233721,-3.9190303400684057,107.9499917111029
815,-0.9582676403303539,-3.9065800199269183,107.84920882745934
816,-0.9579865679802416,-3.8941693672891664,107.74848160955005
817,-0.9577061473920622,-3.8817982549379315,107.6478102874878
818,-0.9574263771872978,-3.869466555985705,107.54719508929408
819,-0.957147255989889,-3.857174143875126,107.44663624091417
820,-0.9568687824262366,-3.844920892379219,107.3461339662409
821,-0.9565909551252046,-3.8327066756019006,107.24568848713803
822,-0.9563137727181225,-3.8205313679778974,107.14530002340788
823,-0.956037233838787,-3.8083948442732587,107.04496879284899
824,-0.9557613371234653,-3.796296979585698,106.94469501128471
825,-0.9554860812108963,-3.7842376493444534,106.8444788925228
826,-0.9552114647422928,-3.7722167293108373,106.74432064840653
827,-0.954937486361344,-3.7602340955782987,106.64422048882874
828,-0.9546641447142168,-3.7482896245725326,106.54417862173644
829,-0.9543914384495579,-3.736383193051929,106.44419525315583
830,-0.9541193662184956,-3.7245146781072096,106.34427058716606
831,-0.9538479266746411,-3.7126839571622843,106.24440482597838
832,-0.9535771184740907,-3.700890907973604,106.1445981698804
833,-0.9533069402754266,-3.689135408630915,106.04485081730373
834,-0.9530373907397189,-3.6774173375569394,105.94516296481405
835,-0.9527684685305269,-3.6657365735076564,105.84553480711767
836,-0.9525001723138998,-3.6540929955722854,105.7459665370865
837,-0.952232500758379,-3.642486483173471,105.64645834577651
838,-0.951965452534998,-3.63091691606706,105.5470104224138
839,-0.9516990263172846,-3.619384174342402,105.44762295444909
840,-0.9514332207812614,-3.6078881384223114,105.34829612754437
841,-0.9511680346054465,-3.5964286890628463,105.24903012554874
842,-0.9509034664708549,-3.5850057073536643,105.14982513057585
843,-0.9506395150609989,-3.5736190747177448,105.05068132298872
844,-0.9503761790618891,-3.562268672911344,104.95159888139408
845,-0.9501134571620349,-3.5509543840241884,104.85257798268299
846,-0.9498513480524451,-3.5396760904790012,104.75361880202136
847,-0.9495898504266285,-3.5284336750320087,104.65472151290638
848,-0.9493289629805944,-3.5172270207721943,104.55588628710717
849,-0.9490686844128532,-3.506056011121822,104.4571132947438
850,-0.948809013424416,-3.494920529835911,104.35840270425578
851,-0.9485499487187959,-3.483820461002293,104.25975468243384
852,-0.9482914890020077,-3.4727556890414495,104.16116939443108
853,-0.9480336329825676,-3.4617260987064244,104.06264700377528
854,-0.9477763793714944,-3.4507315750825343,103.96418767235572
855,-0.9475197268823086,-3.439772003587422,103.8657915604723
856,-0.9472636742310326,-3.428847269970735,103.76745882681985
857,-0.947008220136191,-3.417957260313887,103.66918962849716
858,-0.94675336331881,-3.4071018610301076,103.57098412105792
859,-0.9464991025024173,-3.396280958864015,103.47284245845803
860,-0.9462454364130419,-3.385494440891457,103.37476479308329
861,-0.945992363779214,-3.374742194519459,103.2767512758045
862,-0.9457398833319641,-3.364024107485652,103.17880205595232
863,-0.945487993804823,-3.3533400678584626,103.08091728135521
864,-0.9452366939338209,-3.3426899640363597,102.98309709829812
865,-0.9449859824574875,-3.3320736847481602,102.8853416516058
866,-0.9447358581168509,-3.3214911190522796,102.78765108459149
867,-0.944486319655437,-3.3109421563367483,102.69002553909102
868,-0.9442373658192689,-3.300426686318808,102.59246515547979
869,-0.9439889953568661,-3.2899445990446536,102.49497007267264
870,-0.9437412070192437,-3.2794957848890536,102.39754042813817
871,-0.9434939995599114,-3.2690801345551774,102.30017635792274
872,-0.943247371734873,-3.2586975390741437,102.20287799663292
873,-0.943001322302625,-3.2483478898047253,102.10564547745672
874,-0.9427558500241556,-3.2380310784331616,102.0084789321967
875,-0.942510953662944,-3.2277469969725487,101.91137849123196
876,-0.9422666319849587,-3.2174955377626593,101.81434428356758
877,-0.9420228837586572,-3.2072765934696257,101.71737643685253
878,-0.9417797077549837,-3.1970900570853407,101.6204750773309
879,-0.9415371027473688,-3.186935821927457,101.52364032989621
880,-0.9412950675117275,-3.176813781638537,101.4268723180797
881,-0.9410536008264584,-3.1667238301861356,101.33017116411021
882,-0.9408127014724418,-3.1566658618619643,101.23353698885697
883,-0.9405723682330385,-3.1466397712818472,101.13696991187311
884,-0.9403325998940882,-3.13664545338511,101.04047005141021
885,-0.9400933952439082,-3.1266828034342202,100.94403752441444
886,-0.9398547530732915,-3.116751717014312,100.84767244653882
887,-0.9396166721755053,-3.1068520900328545,100.75137493216576
888,-0.9393791513462894,-3.0969838187190764,100.65514509438792
889,-0.9391421893838543,-3.0871467996236017,100.55898304504579
890,-0.9389057850888797,-3.0773409296180647,100.46288889472957
891,-0.9386699372645125,-3.067566105894477,100.3668627527556
892,-0.9384346447163651,-3.0578222259649306,100.27090472721936
893,-0.938199906252513,-3.0481091876610966,100.17501492499306
894,-0.9379657206834939,-3.0384268891335537,100.07919345170303
895,-0.9377320868223048,-3.0287752288516394,99.98344041179527
896,-0.9374990034844002,-3.0191541056025843,99.88775590849565
897,-0.9372664694876904,-3.009563418491422,99.7921400438427
898,-0.9370344836525392,-3.00000306694011,99.69659291866125
899,-0.9368030448017615,-2.9904729506873133,99.60111463262159
900,-0.9365721517606215,-2.980972969787702,99.5057052842269
901,-0.9363418033568306,-2.9715030246115126,99.41036497079877
902,-0.9361119984205447,-2.9620630158440377,99.31509378842617
903,-0.9358827357843622,-2.9526528444851046,99.21989183201782
904,-0.9356540142833214,-2.943272411848459,99.12475919533586
905,-0.9354258327548984,-2.9339216195613007,99.02969597102177
906,-0.9351981900390045,-2.9246003695637617,98.93470225059846
907,-0.9349710849779839,-2.915308564108244,98.83977812445686
908,-0.934744516416611,-2.906046105759028,98.74492368190515
909,-0.9345184832020886,-2.896812897391626,98.65013901114291
910,-0.9342929841840446,-2.8876088421921366,98.55542419926728
911,-0.9340680182145296,-2.8784338436569183,98.46077933232078
912,-0.9338435841480146,-2.8692878055916955,98.36620449524973
913,-0.9336196808413884,-2.8601706321113176,98.27169977194424
914,-0.9333963071539545,-2.851082227638849,98.17726524521886
915,-0.9331734619474288,-2.8420224969053005,98.08290099685375
916,-0.9329511440859368,-2.8329913449488333,97.98860710756016
917,-0.9327293524360109,-2.8239886771142637,97.89438365700592
918,-0.9325080858665871,-2.8150143990523993,97.80023072384651
919,-0.932287343249003,-2.8060684167194765,97.70614838571947
920,-0.9320671234569945,-2.79715063637651,97.61213671923156
921,-0.9318474253666931,-2.788260964588801,97.5181957999865
922,-0.9316282478566226,-2.779399308225231,97.42432570258843
923,-0.9314095898076966,-2.770565574457603,97.3305265006435
924,-0.9311914501032155,-2.761759670760159,97.23679826678573
925,-0.9309738276288634,-2.7529815049088526,97.14314107265295
926,-0.9307567212727049,-2.7442309849807245,97.04955498890536
927,-0.9305401299251826,-2.7355080193534205,96.95604008526018
928,-0.9303240524791135,-2.7268125167042845,96.86259643044485
929,-0.930108487829686,-2.718144386010032,96.76922409225719
930,-0.929893434874457,-2.709503536545816,96.67592313753673
931,-0.9296788925133486,-2.7008898778848414,96.58269363219982
932,-0.9294648596486448,-2.692303319897537,96.48953564121085
933,-0.9292513351849887,-2.683743772751009,96.39644922861585
934,-0.9290383180293789,-2.6752111469083557,96.30343445755283
935,-0.9288258070911661,-2.6667053531280325,96.21049139022844
936,-0.9286138012820506,-2.6582263024631594,96.11762008793815
937,-0.9284022995160781,-2.6497739062608905,96.02482061109849
938,-0.9281913007096368,-2.6413480761617176,95.9320930192267
939,-0.9279808037814542,-2.632948724098824,95.83943737094066
940,-0.9277708076525932,-2.6245757622975066,95.74685372398606
941,-0.9275613112464494,-2.6162291032743763,95.65434213522128
942,-0.927352313488747,-2.6079086598367067,95.56190266064743
943,-0.927143813307536,-2.599614345081868,95.46953535541559
944,-0.9269358096331883,-2.591346072396427,95.37724027378871
945,-0.9267283013983942,-2.5831037554557836,95.28501746919953
946,-0.9265212875381593,-2.574887308223171,95.19286699422425
947,-0.9263147669898005,-2.566696644949222,95.10078890060721
948,-0.9261087386929427,-2.5585316801711033,95.00878323925376
949,-0.9259032015895153,-2.5503923287119474,94.9168500602462
950,-0.9256981546237484,-2.5422785056801125,94.82498941284533
951,-0.9254935967421694,-2.534190126468508,94.73320134548308
952,-0.9252895268935991,-2.5261271067538873,94.6414859057921
953,-0.9250859440291485,-2.5180893624961556,94.54984314061372
954,-0.9248828471022146,-2.5100768099376825,94.45827309597003
955,-0.9246802350684772,-2.5020893656025818,94.36677581709365
956,-0.9244781068858949,-2.4941269462960354,94.27535134845044
957,-0.9242764615147016,-2.4861894691035413,94.18399973371075
958,-0.9240752979174023,-2.4782768513902944,94.09272101577113
959,-0.92387461505877,-2.470389010800487,94.00151523676153
960,-0.9236744119058415,-2.4625258652564437,93.91038243803297
961,-0.9234746874279138,-2.454687332958117,93.81932266021163
962,-0.9232754405965402,-2.4468733323821596,93.72833594314784
963,-0.9230766703855264,-2.4390837822814624,93.63742232594777
964,-0.9228783757709269,-2.431318601684251,93.5465818469708
965,-0.922680555731041,-2.423577709893476,93.45581454385044
966,-0.9224832092464089,-2.4158610264860334,93.36512045347811
967,-0.922286335299808,-2.4081684713120874,93.27449961202066
968,-0.9220899328762486,-2.400499964494333,93.18395205493222
969,-0.9218940009629707,-2.392855426427296,93.09347781694959
970,-0.9216985385494393,-2.3852347777766045,93.00307693208367
971,-0.9215035446273409,-2.3776379394782587,92.91274943365615
972,-0.9213090181905793,-2.370064832737927,92.82249535429429
973,-0.9211149582352722,-2.3625153790302105,92.732314725906
974,-0.9209213637597464,-2.3549895000979437,92.64220757971836
975,-0.9207282337645344,-2.3474871179514714,92.55217394627628
976,-0.92053556725237,-2.3400081548678333,92.46221385543194
977,-0.9203433632281847,-2.3325525333902397,92.3723273363786
978,-0.9201516206991033,-2.325120176327105,92.2825144176133
979,-0.91996033867444,-2.317711006751525,92.19277512698561
980,-0.9197695161656946,-2.310324948000356,92.10310949168615
981,-0.9195791521865477,-2.3029619236736436,92.01351753824945
982,-0.9193892457528576,-2.295621857633858,91.92399929254393
983,-0.9191997958826554,-2.2883046740051465,91.83455477979395
984,-0.9190108015961412,-2.2810102971726045,91.74518402458887
985,-0.9188222619156802,-2.273738651781536,91.65588705086832
986,-0.918634175865798,-2.266489662736722,91.56666388194041
987,-0.9184465424731771,-2.2592632552017053,91.47751454049353
988,-0.9182593607666527,-2.2520593545980887,91.38843904858271
989,-0.9180726297772078,-2.244877886604745,91.29943742763233
990,-0.9178863485379699,-2.2377187771571134,91.2105096984732
991,-0.9177005160842066,-2.2305819524464745,91.12165588131754
992,-0.9175151314533209,-2.2234673389191832,91.03287599575592
993,-0.9173301936848478,-2.2163748632760267,90.94417006079627
994,-0.9171457018204496,-2.209304452471332,90.85553809482946
995,-0.9169616549039118,-2.2022560337124055,90.76698011567335
996,-0.9167780519811388,-2.195229534458662,90.6784961405433
997,-0.9165948921001501,-2.1882248824210175,90.59008618606839
998,-0.9164121743110754,-2.181242005561039,90.50175026830021
999,-0.9162298976661507,-2.1742808320902673,90.41348840272057
1000,-0.9160480612197143,-2.167341290469492,90.3253006042333
1001,-0.915866664028202,-2.160423309408033,90.2371868871629
1002,-0.9156857051501436,-2.1535268178629656,90.14914726527768
1003,-0.9155051836461575,-2.1466517450383864,90.06118175179581
1004,-0.9153250985789476,-2.139798020384707,89.97329035936679
1005,-0.9151454490132983,-2.132965573597874,89.88547310009378
1006,-0.9149662340160704,-2.1261543346187057,89.79772998554259
1007,-0.9147874526561969,-2.119364233632152,89.7100610267159
1008,-0.9146091040046785,-2.112595201066507,89.62246623407593
1009,-0.9144311871345796,-2.1058471675927435,89.53494561757176
1010,-0.9142537011210234,-2.0991200641236696,89.4474991865977
1011,-0.9140766450411885,-2.0924138218133703,89.36012695003097
1012,-0.9139000179743035,-2.0857283720563116,89.27282891621289
1013,-0.9137238190016438,-2.079063646486723,89.18560509296802
1014,-0.9135480472065262,-2.0724195769777833,89.09845548761146
1015,-0.9133727016743051,-2.065796095640961,89.01138010693806
1016,-0.9131977814923683,-2.0591931348252626,88.9243789572272
1017,-0.9130232857501324,-2.0526106271164855,88.83745204425912
1018,-0.9128492135390383,-2.0460485053364708,88.75059937332128
1019,-0.9126755639525471,-2.0395067025424307,88.66382094919126
1020,-0.912502336086136,-2.0329851520262228,88.57711677614179
1021,-0.9123295290372931,-2.026483787313557,88.49048685796564
1022,-0.912157141905514,-2.020002542163312,88.40393119797565
1023,-0.9119851737922967,-2.0135413505668076,88.3174497989826
1024,-0.9118136238011375,-2.007100146747071,88.23104266332754
1025,-0.9116424910375266,-2.000678865158166,88.14470979287894
1026,-0.9114717746089439,-1.9942774404843717,88.0584511890099
1027,-0.9113014736248543,-1.9878958076395734,87.972266852645
1028,-0.9111315871967034,-1.981533901766385,87.88615678423642
1029,-0.9109621144379133,-1.9751916582355717,87.80012098377762
1030,-0.9107930544638781,-1.9688690126452462,87.71415945079485
1031,-0.9106244063919595,-1.96256590082022,87.62827218434953
1032,-0.9104561693414822,-1.9562822588112239,87.54245918305146
1033,-0.9102883424337299,-1.9500180228941966,87.45672044506865
1034,-0.9101209247919405,-1.9437731295695877,87.37105596811658
1035,-0.909953915541302,-1.9375475155616457,87.28546574946103
1036,-0.909787313808948,-1.9313411178176672,87.19994978593454
1037,-0.909621118723953,-1.9251538735072813,87.11450807394267
1038,-0.9094553294173288,-1.9189857200217781,87.02914060944788
1039,-0.909289945022019,-1.9128365949733894,86.94384738797349
1040,-0.9091249646728956,-1.906706436194523,86.85862840463184
1041,-0.908960387506754,-1.9005951817371094,86.7734836541113
1042,-0.9087962126623086,-1.8945027698718298,86.68841313066389
1043,-0.9086324392801888,-1.8884291390874888,86.60341682814804
1044,-0.908469066502934,-1.8823742280902158,86.51849473998729
1045,-0.9083060934749898,-1.876337975802861,86.43364685920127
1046,-0.9081435193427032,-1.8703203213641661,86.34887317840159
1047,-0.9079813432543183,-1.8643212041281392,86.26417368979749
1048,-0.9078195643599719,-1.8583405636633152,86.17954838519695
1049,-0.9076581818116891,-1.8523783397521014,86.09499725600074
1050,-0.9074971947633788,-1.846434472390044,86.01052029320967
1051,-0.9073366023708292,-1.8405089017851128,85.92611748743535
1052,-0.9071764037917041,-1.8346015683569799,85.84178882890649
1053,-0.9070165981855373,-1.8287124127363727,85.75753430745958
1054,-0.9068571847137292,-1.8228413757643591,85.67335391253728
1055,-0.906698162539542,-1.8169883984916277,85.5892476332058
1056,-0.9065395308280954,-1.811153422177781,85.5052154581636
1057,-0.9063812887463617,-1.8053363882907283,85.42125737571742
1058,-0.9062234354631623,-1.7995372385058996,85.3373733737939
1059,-0.9060659701491627,-1.7937559147056048,85.25356343997272
1060,-0.905908891976868,-1.7879923589782656,85.16982756144702
1061,-0.905752200120619,-1.7822465136178258,85.08616572505399
1062,-0.9055958937565873,-1.7765183211229953,85.00257791726902
1063,-0.9054399720627714,-1.770807724196598,84.91906412420268
1064,-0.9052844342189919,-1.7651146657448553,84.8356243316121
1065,-0.9051292794068871,-1.7594390888767246,84.75225852490011
1066,-0.9049745068099092,-1.7537809369031878,84.66896668912148
1067,-0.904820115613319,-1.7481401533365795,84.58574880898342
1068,-0.9046661050041823,-1.7425166818899458,84.50260486883937
1069,-0.9045124741713652,-1.7369104664763264,84.41953485269755
1070,-0.9043592223055296,-1.7313214512080537,84.33653874422856
1071,-0.9042063485991292,-1.7257495803960856,84.2536165267723
1072,-0.9040538522464047,-1.7201947985493553,84.17076818332798
1073,-0.9039017324433797,-1.7146570503741216,84.0879936965512
1074,-0.9037499883878564,-1.7091362807732062,84.00529304877342
1075,-0.9035986192794108,-1.7036324348454004,83.9226662220131
1076,-0.903447624319389,-1.6981454578847472,83.84011319793647
1077,-0.9032970027109022,-1.6926752953799202,83.75763395790234
1078,-0.9031467536588228,-1.687221893013472,83.6752284829509
1079,-0.9029968763697799,-1.6817851966612463,83.59289675380076
1080,-0.9028473700521549,-1.6763651523916674,83.51063875085597
1081,-0.9026982339160772,-1.6709617064651061,83.42845445420738
1082,-0.9025494671734198,-1.6655748053332131,83.3463438436301
1083,-0.9024010690377952,-1.660204395638247,83.26430689859193
1084,-0.9022530387245508,-1.6548504242124102,83.18234359825553
1085,-0.9021053754507646,-1.6495128380771693,83.10045392148297
1086,-0.9019580784352412,-1.6441915844426367,83.01863784683387
1087,-0.9018111468985069,-1.6388866107069295,82.93689535256337
1088,-0.9016645800628061,-1.633597864455469,82.85522641662774
1089,-0.9015183771520963,-1.6283252934603358,82.77363101668934
1090,-0.9013725373920441,-1.6230688456796023,82.69210913012691
1091,-0.9012270600100213,-1.6178284692567553,82.61066073402182
1092,-0.9010819442350997,-1.6126041125199895,82.52928580515095
1093,-0.9009371892980477,-1.6073957239815782,82.44798432002959
1094,-0.9007927944313254,-1.6022032523371812,82.36675625488296
1095,-0.9006487588690808,-1.5970266464652838,82.28560158564693
1096,-0.900505081847145,-1.5918658554264933,82.20452028798441
1097,-0.9003617626030282,-1.586720828462902,82.12351233728334
1098,-0.9002188003759157,-1.5815915149974704,82.04257770865482
1099,-0.9000761944066633,-1.5764778646333912,81.96171637693504
1100,-0.8999339439377929,-1.571379827153437,81.88092831669152
1101,-0.8997920482134887,-1.5662973525193349,81.80021350222162
1102,-0.8996505064795927,-1.5612303908711136,81.7195719075585
1103,-0.8995093179836003,-1.5561788925264817,81.63900350647302
1104,-0.8993684819746565,-1.5511428079801912,81.55850827247556
1105,-0.8992279977035512,-1.5461220879034343,81.47808617881401
1106,-0.8990878644227154,-1.5411166831431997,81.3977371984757
1107,-0.8989480813862165,-1.5361265447216856,81.31746130418678
1108,-0.8988086478497548,-1.5311516238355796,81.2372584684193
1109,-0.8986695630706584,-1.5261918718555023,81.15712866341474
1110,-0.8985308263078796,-1.5212472403253874,81.0770718611381
1111,-0.8983924368219908,-1.516317680961884,80.99708803330947
1112,-0.8982543938751797,-1.5114031456536718,80.91717715141584
1113,-0.8981166967312457,-1.5065035864608625,80.83733918669648
1114,-0.8979793446555956,-1.5016189556144326,80.75757411014456
1115,-0.8978423369152391,-1.4967492055155698,80.67788189251387
1116,-0.897705672778785,-1.4918942887350708,80.59826250431843
1117,-0.897569351516437,-1.4870541580127399,80.51871591583303
1118,-0.8974333723999893,-1.482228766256774,80.43924209709695
1119,-0.8972977347028228,-1.4774180665431418,80.35984101791759
1120,-0.8971624376999007,-1.4726220121150095,80.28051264787048
1121,-0.8970274806677643,-1.4678405563821042,80.20125695630398
1122,-0.8968928628845292,-1.4630736529201154,80.12207391234108
1123,-0.8967585836298809,-1.458321255470128,80.04296348487732
1124,-0.896624642185071,-1.453583317937986,79.9639256425799
1125,-0.8964910378329125,-1.4488597943937498,79.88496035389919
1126,-0.8963577698577765,-1.444150639071039,79.80606758704931
1127,-0.8962248375455873,-1.4394558063664404,79.7272473100435
1128,-0.896092240183819,-1.4347752508389213,79.6484994906855
1129,-0.895959977061491,-1.4301089272093075,79.56982409654177
1130,-0.895828047469164,-1.4254567903596291,79.4912210949724
1131,-0.8956964506989361,-1.4208187953325295,79.41269045313362
1132,-0.8955651860444386,-1.4161948973306924,79.33423213796912
1133,-0.8954342528008318,-1.411585051716276,79.25584611621196
1134,-0.8953036502648014,-1.4069892140103104,79.17753235438975
1135,-0.8951733777345541,-1.402407339892126,79.09929081882669
1136,-0.8950434345098135,-1.39783938519876,79.02112147564458
1137,-0.8949138198918165,-1.3932853059243948,78.94302429076392
1138,-0.8947845331833089,-1.388745058219763,78.86499922990741
1139,-0.8946555736885414,-1.3842185983916016,78.78704625859875
1140,-0.894526940713266,-1.3797058829020439,78.70916534216596
1141,-0.8943986335647315,-1.3752068683680956,78.63135644574503
1142,-0.8942706515516798,-1.3707215115610223,78.55361953426937
1143,-0.894142993984342,-1.3662497694058047,78.47595457249304
1144,-0.8940156601744341,-1.3617915989805658,78.39836152497159
1145,-0.8938886494351533,-1.3573469575160224,78.32084035606596
1146,-0.893761961081174,-1.3529158023948649,78.243391029967
1147,-0.8936355944286438,-1.348498091151235,78.16601351067972
1148,-0.8935095487951796,-1.3440937814702232,78.08870776200781
1149,-0.8933838234998637,-1.3397028311872392,78.01147374757915
1150,-0.8932584178632397,-1.335325198287463,77.9343114308483
1151,-0.8931333312073088,-1.3309608409052842,77.85722077509071
1152,-0.8930085628555258,-1.32660971732378,77.78020174340112
1153,-0.8928841121327952,-1.3222717859741537,77.70325429869796
1154,-0.8927599783654674,-1.3179470054351734,77.62637840372534
1155,-0.8926361608813346,-1.3136353344326452,77.54957402105477
1156,-0.8925126590096271,-1.309336731838834,77.47284111308625
1157,-0.8923894720810093,-1.305051156671959,77.39617964205037
1158,-0.8922665994275759,-1.300778568095624,77.31958957000316
1159,-0.8921440403828483,-1.2965189254182732,77.24307085884342
1160,-0.8920217942817704,-1.292272188092678,77.16662347029147
1161,-0.8918998604607047,-1.2880383157153705,77.09024736590709
1162,-0.8917782382574287,-1.2838172680261113,77.01394250709617
1163,-0.8916569270111314,-1.2796090049073707,76.93770885509046
1164,-0.8915359260624086,-1.2754134863837951,76.86154637096202
1165,-0.8914152347532599,-1.2712306726216378,76.78545501563464
1166,-0.8912948524270846,-1.2670605239282784,76.70943474987047
1167,-0.8911747784286779,-1.2629030007517015,76.63348553426255
1168,-0.891055012104227,-1.2587580636799363,76.55760732925573
1169,-0.8909355528013077,-1.2546256734405166,76.48180009514748
1170,-0.8908163998688802,-1.250505790899968,76.40606379208462
1171,-0.8906975526572857,-1.2463983770633225,76.33039838005833
1172,-0.8905790105182424,-1.2423033930735783,76.25480381890881
1173,-0.890460772804842,-1.2382208002111794,76.17928006832989
1174,-0.8903428388715459,-1.234150559893498,76.10382708786659
1175,-0.8902252080741812,-1.2300926336743068,76.02844483692613
1176,-0.8901078797699372,-1.2260469832432848,75.95313327476198
1177,-0.8899908533173619,-1.2220135704255026,75.87789236049065
1178,-0.889874128076358,-1.217992357180904,75.80272205308978
1179,-0.8897577034081793,-1.2139833056038185,75.727622311384
1180,-0.889641578675427,-1.209986377922423,75.65259309406932
1181,-0.8895257532420462,-1.2060015364982506,75.57763435970632
1182,-0.889410226473322,-1.2020287438257111,75.5027460667068
1183,-0.8892949977358761,-1.1980679625315591,75.42792817335001
1184,-0.8891800663976627,-1.1941191553743862,75.35318063778874
1185,-0.8890654318279655,-1.19018228524415,75.27850341803928
1186,-0.8889510933973935,-1.1862573151616809,75.2038964719776
1187,-0.8888370504778779,-1.1823442082781614,75.12935975735378
1188,-0.8887233024426678,-1.1784429278746185,75.05489323179472
1189,-0.8886098486663275,-1.1745534373614646,74.98049685280051
1190,-0.8884966885247321,-1.1706757002780077,74.90617057773396
1191,-0.8883838213950642,-1.166809680291972,74.83191436383399
1192,-0.8882712466558107,-1.162955341198982,74.75772816821126
1193,-0.8881589636867585,-1.1591126469220732,74.68361194786074
1194,-0.8880469718689916,-1.1552815615112184,74.60956565965425
1195,-0.8879352705848871,-1.1514620491428575,74.53558926033296
1196,-0.887823859218112,-1.147654074119396,74.4616827065266
1197,-0.8877127371536194,-1.1438576008687469,74.38784595474245
1198,-0.8876019037776453,-1.140072593943859,74.31407896136223
1199,-0.8874913584777044,-1.1362990180221977,74.24038168266091
1200,-0.8873811006425878,-1.132536837905305,74.16675407479808
1201,-0.8872711296623581,-1.1287860185183312,74.0931960938079
1202,-0.8871614449283469,-1.1250465249095432,74.01970769561251
1203,-0.887052045833151,-1.121318322249868,73.9462888360244
1204,-0.8869429317706289,-1.1176013758324053,73.87293947074352
1205,-0.8868341021358973,-1.1138956510720075,73.79965955535133
1206,-0.8867255563253279,-1.1102011135047682,73.72644904532314
1207,-0.8866172937365437,-1.1065177287875665,73.65330789603325
1208,-0.8865093137684157,-1.1028454626976065,73.58023606274416
1209,-0.8864016158210591,-1.0991842811319827,73.50723350061048
1210,-0.8862941992958306,-1.095534150107213,73.4343001646782
1211,-0.8861870635953245,-1.0918950357587545,73.36143600989057
1212,-0.8860802081233694,-1.0882669043405477,73.28864099109713
1213,-0.8859736322850247,-1.0846497222245894,73.21591506303923
1214,-0.8858673354865774,-1.0810434559004747,73.14325818035333
1215,-0.8857613171355385,-1.0774480719749508,73.07067029757948
1216,-0.8856555766406402,-1.073863537171459,72.99815136915377
1217,-0.8855501134118319,-1.0702898183296974,72.92570134941171
1218,-0.8854449268602769,-1.0667268824051377,72.85332019260115
1219,-0.8853400163983496,-1.063174696468609,72.78100785287178
1220,-0.8852353814396317,-1.0596332277058693,72.7087642842707
1221,-0.8851310213989089,-1.0561024434171504,72.63658944075199
1222,-0.885026935692168,-1.0525823110166936,72.5644832761813
1223,-0.884923123736593,-1.0490727980323413,72.49244574433133
1224,-0.8848195849505622,-1.0455738721051266,72.42047679887114
1225,-0.8847163187536451,-1.042085500988764,72.34857639338955
1226,-0.8846133245665984,-1.0386076525492627,72.27674448138579
1227,-0.8845106018113635,-1.0351402947644903,72.20498101626883
1228,-0.884408149911063,-1.0316833957237435,72.13328595135854
1229,-0.8843059682899972,-1.0282369236273223,72.06165923987975
1230,-0.8842040563736412,-1.0248008467860816,71.99010083497795
1231,-0.8841024135886414,-1.0213751336210073,71.91861068971859
1232,-0.8840010393628125,-1.017959752662808,71.84718875707429
1233,-0.8838999331251343,-1.0145546725515093,71.77583498993285
1234,-0.8837990943057481,-1.0111598620359832,71.70454934110448
1235,-0.8836985223359543,-1.0077752899735692,71.63333176331301
1236,-0.8835982166482081,-1.0044009253296355,71.56218220920204
1237,-0.8834981766761176,-1.001036737177145,71.49110063134262
1238,-0.8833984018544395,-0.9976826946962656,71.42008698222371
1239,-0.8832988916190767,-0.9943387671739767,71.34914121424903
1240,-0.8831996454070747,-0.9910049240036284,71.27826327974181
1241,-0.8831006626566189,-0.9876811346845162,71.20745313095902
1242,-0.8830019428070309,-0.9843673688214932,71.13671072007654
1243,-0.882903485298766,-0.9810635961245675,71.06603599918992
1244,-0.8828052895734098,-0.9777697864084695,70.99542892032858
1245,-0.8827073550736746,-0.9744859095922614,70.92488943544504
1246,-0.8826096812433973,-0.9712119356989344,70.85441749642395
1247,-0.8825122675275358,-0.967947834855003,70.78401305507325
1248,-0.8824151133721655,-0.9646935772901312,70.71367606312343
1249,-0.8823182182244772,-0.9614491333366821,70.64340647224412
1250,-0.8822215815327732,-0.9582144734293392,70.57320423403856
1251,-0.8821252027464646,-0.954989568104736,70.50306930003238
1252,-0.8820290813160683,-0.9517743880010436,70.43300162168367
1253,-0.8819332166932038,-0.9485689038575639,70.36300115038763
1254,-0.8818376083305904,-0.9453730865143557,70.29306783746904
1255,-0.881742255682044,-0.9421869069118262,70.22320163418954
1256,-0.8816471582024742,-0.9390103360903441,70.15340249174974
1257,-0.8815523153478811,-0.9358433451898694,70.08367036128462
1258,-0.8814577265753527,-0.9326859054495769,70.01400519385543
1259,-0.8813633913430615,-0.9295379882074379,69.94440694046615
1260,-0.881269309110262,-0.9263995648998299,69.87487555206552
1261,-0.8811754793372872,-0.9232706070611846,69.80541097953572
1262,-0.8810819014855462,-0.9201510863236052,69.73601317369724
1263,-0.8809885750175207,-0.9170409744164664,69.6666820853123
1264,-0.8808954993967626,-0.9139402431660583,69.59741766508154
1265,-0.8808026740878906,-0.9108488644951834,69.52821986365153
1266,-0.8807100985565878,-0.9077668104228209,69.45908863160368
1267,-0.8806177722695983,-0.9046940530637295,69.39002391945986
1268,-0.8805256946947244,-0.9016305646280496,69.32102567769678
1269,-0.8804338653008242,-0.8985763174209538,69.25209385673509
1270,-0.8803422835578082,-0.8955312838423011,69.18322840693314
1271,-0.8802509489366365,-0.8924954363862417,69.11442927859713
1272,-0.880159860909316,-0.8894687476408483,69.04569642198283
1273,-0.8800690189488977,-0.8864511902877714,68.97702978729015
1274,-0.8799784225294736,-0.8834427371018508,68.90842932466609
1275,-0.879888071126174,-0.8804433609507615,68.83989498421343
1276,-0.8797979642151648,-0.8774530347946561,68.77142671597815
1277,-0.8797081012736445,-0.8744717316858224,68.70302446994867
1278,-0.8796184817798414,-0.8714994247682923,68.63468819607269
1279,-0.8795291052130108,-0.8685360872774815,68.56641784425004
1280,-0.8794399710534323,-0.8655816925398503,68.49821336433142
1281,-0.879351078782407,-0.8626362139725642,68.43007470611728
1282,-0.8792624278822548,-0.8596996250831193,68.36200181935828
1283,-0.8791740178363113,-0.8567718994689923,68.29399465376159
1284,-0.8790858481289254,-0.8538530108172827,68.226053158995
1285,-0.8789979182454564,-0.8509429329043839,68.1581772846718
1286,-0.8789102276722712,-0.8480416395956285,68.0903669803613
1287,-0.8788227758967421,-0.8451491048449099,68.02262219559636
1288,-0.878735562407243,-0.8422653026943752,67.95494287986241
1289,-0.8786485866931479,-0.839390207274078,67.88732898259684
1290,-0.8785618482448274,-0.8365237928016288,67.81978045319427
1291,-0.8784753465536461,-0.8336660335818479,67.75229724101396
1292,-0.8783890811119602,-0.8308169040064167,67.6848792953698
1293,-0.8783030514131147,-0.8279763785535614,67.61752656553752
1294,-0.8782172569514406,-0.8251444317876871,67.55023900075982
1295,-0.8781316972222525,-0.8223210383590692,67.48301655023073
1296,-0.8780463717218456,-0.8195061730035197,67.41585916310493
1297,-0.8779612799474934,-0.8166998105420258,67.34876678850522
1298,-0.8778764213974448,-0.8139019258804258,67.28173937551522
1299,-0.8777917955709218,-0.8111124940090974,67.21477687318215
1300,-0.8777074019681165,-0.8083314900026095,67.14787923051222
1301,-0.8776232400901885,-0.8055588890194197,67.0810463964719
1302,-0.877539309439263,-0.8027946663014973,67.01427832000002
1303,-0.877455609518427,-0.8000387971740219,66.94757495000454
1304,-0.8773721398317281,-0.7972912570450885,66.88093623534994
1305,-0.8772888998841706,-0.7945520214053357,66.81436212487051
1306,-0.8772058891817138,-0.7918210658276377,66.74785256737246
1307,-0.8771231072312694,-0.78909836596681,66.68140751162635
1308,-0.8770405535406984,-0.7863838975592646,66.61502690636695
1309,-0.8769582276188091,-0.7836776364226987,66.54871070029935
1310,-0.8768761289753544,-0.7809795584557524,66.48245884210336
1311,-0.8767942571210291,-0.7782896396377414,66.41627128042182
1312,-0.8767126115674676,-0.7756078560282907,66.3501479638731
1313,-0.8766311918272415,-0.7729341837670473,66.28408884104752
1314,-0.8765499974138566,-0.7702685990733816,66.21809386049911
1315,-0.8764690278417512,-0.7676110782460617,66.15216297075426
1316,-0.8763882826262926,-0.7649615976629226,66.08629612031557
1317,-0.8763077612837759,-0.7623201337805826,66.02049325765849
1318,-0.87622746333142,-0.7596866631341086,65.95475433123495
1319,-0.8761473882873666,-0.7570611623367606,65.88907928946267
1320,-0.8760675356706769,-0.7544436080796426,65.82346808073268
1321,-0.8759879050013292,-0.7518339771314019,65.75792065341967
1322,-0.875908495800217,-0.7492322463379253,65.69243695587419
1323,-0.8758293075891461,-0.7466383926220708,65.62701693641301
1324,-0.8757503398908322,-0.7440523929833361,65.5616605433314
1325,-0.8756715922288986,-0.7414742244975483,65.49636772490632
1326,-0.875593064127874,-0.7389038643165996,65.43113842938959
1327,-0.8755147551131897,-0.7363412896681387,65.36597260500673
1328,-0.8754366647111775,-0.7337864778552372,65.30087019996596
1329,-0.8753587924490676,-0.7312394062561536,65.23583116245587
1330,-0.8752811378549852,-0.7287000523239997,65.1708554406403
1331,-0.8752037004579494,-0.7261683935864558,65.10594298266588
1332,-0.8751264797878701,-0.723644407645496,65.04109373665744
1333,-0.8750494753755458,-0.721128072177088,64.97630765071669
1334,-0.8749726867526614,-0.7186193649308984,64.91158467292814
1335,-0.8748961134517858,-0.7161182637300036,64.84692475135667
1336,-0.8748197550063694,-0.7136247464706035,64.7823278340521
1337,-0.8747436109507423,-0.711138791121741,64.71779386904669
1338,-0.8746676808201111,-0.708660375725028,64.65332280434656
1339,-0.8745919641505578,-0.7061894783943508,64.58891458794285
1340,-0.8745164604790365,-0.7037260773155745,64.52456916781615
1341,-0.8744411693433716,-0.7012701507462684,64.46028649193259
1342,-0.8743660902822554,-0.6988216770154484,64.39606650823487
1343,-0.874291222835246,-0.696380634523283,64.33190916465182
1344,-0.8742165665427647,-0.6939470017407894,64.26781440910341
1345,-0.8741421209460941,-0.6915207572096034,64.20378218949138
1346,-0.8740678855873759,-0.68910187954167,64.13981245370213
1347,-0.8739938600096082,-0.6866903474189847,64.07590514961166
1348,-0.8739200437566439,-0.6842861395933119,64.01206022508099
1349,-0.8738464363731878,-0.681889234885921,63.94827762795664
1350,-0.8737730374047952,-0.6794996121873057,63.88455730607582
1351,-0.8736998463978689,-0.6771172504569237,63.820899207262165
1352,-0.8736268628996576,-0.6747421287229115,63.75730327934054
1353,-0.8735540864582535,-0.6723742260818364,63.693769470136026
1354,-0.87348151662259,-0.6700135216984098,63.63029772746332
1355,-0.8734091529424398,-0.6676599948052268,63.566887999130884
1356,-0.8733369949684127,-0.665313624702507,63.50354023293315
1357,-0.873265042251953,-0.6629743907578488,63.44025437664834
1358,-0.8731932943453381,-0.6606422724059426,63.37703037804871
1359,-0.8731217508016758,-0.658317249148293,63.313868184903114
1360,-0.8730504111749023,-0.6559993005529736,63.25076774497388
1361,-0.8729792750197805,-0.6536884062544,63.18772900600571
1362,-0.8729083418918969,-0.6513845459530299,63.124751915737924
1363,-0.8728376113476607,-0.6490876994151139,63.06183642190818
1364,-0.8727670829443007,-0.6467978464724417,62.99898247224212
1365,-0.872696756239864,-0.6445149670221011,62.936190014459015
1366,-0.8726266307932131,-0.6422390410261998,62.87345899627416
1367,-0.8725567061640248,-0.6399700485116199,62.81078936539568
1368,-0.8724869819127872,-0.6377079695697855,62.74818106952542
1369,-0.872417457600798,-0.6354527843563702,62.685634056361586
1370,-0.8723481327901629,-0.6332044730910816,62.62314827359506
1371,-0.8722790070437928,-0.6309630160574097,62.560723668913035
1372,-0.8722100799254022,-0.6287283936023562,62.498360189997264
1373,-0.8721413509995072,-0.6265005861362037,62.43605778452385
1374,-0.872072819831423,-0.6242795741322701,62.37381640016765
1375,-0.8720044859872628,-0.6220653381266562,62.311635984597594
1376,-0.8719363490339347,-0.6198578587180116,62.24951648547554
1377,-0.8718684085391405,-0.6176571165672817,62.187457850463076
1378,-0.8718006640713735,-0.6154630923974483,62.12546002722765
1379,-0.8717331151999161,-0.6132757669933078,62.06352296343436
1380,-0.8716657614948388,-0.6110951212012515,62.00164660673654
1381,-0.8715986025269968,-0.6089211359290009,61.93983090478969
1382,-0.8715316378680297,-0.6067537921453618,61.87807580525256
1383,-0.8714648670903579,-0.6045930708800032,61.81638125577937
1384,-0.8713982897671819,-0.6024389532232126,61.75474720402654
1385,-0.87133190547248,-0.6002914203256603,61.69317359765016
1386,-0.8712657137810057,-0.5981504533981712,61.631660384306365
1387,-0.8711997142682869,-0.5960160337114804,61.5702075116514
1388,-0.8711339065106232,-0.59388814259601,61.50881492734427
1389,-0.8710682900850841,-0.5917667614416419,61.44748257904389
1390,-0.8710028645695075,-0.5896518716974589,61.386210414411636
1391,-0.8709376295424971,-0.5875434548715577,61.324998381109566
1392,-0.8708725845834212,-0.5854414925307785,61.26384642680259
1393,-0.8708077292724103,-0.5833459663005016,61.20275449915971
1394,-0.8707430631903558,-0.5812568578644102,61.14172254585212
1395,-0.8706785859189073,-0.5791741489642754,61.080750514548356
1396,-0.8706142970404717,-0.5770978213997292,61.019838352923806
1397,-0.8705501961382104,-0.5750278570280022,60.95898600866501
1398,-0.8704862827960381,-0.5729642377637504,60.89819342945821
1399,-0.870422556598621,-0.5709069455788321,60.837460562984774
1400,-0.8703590171313744,-0.5688559625020523,60.77678735693745
1401,-0.8702956639804613,-0.5668112706189549,60.716173759015746
1402,-0.8702324967327906,-0.5647728520716011,60.655619716923646
1403,-0.8701695149760149,-0.5627406890583556,60.59512517837204
1404,-0.8701067182985293,-0.56071476383367,60.53469009107528
1405,-0.8700441062894689,-0.5586950587078674,60.47431440275263
1406,-0.8699816785387078,-0.5566815560469206,60.41399806112887
1407,-0.8699194346368565,-0.5546742382722375,60.353741013935625
1408,-0.8698573741752607,-0.5526730878604441,60.29354320891175
1409,-0.8697954967459991,-0.5506780873431756,60.233404593803805
1410,-0.8697338019418822,-0.5486892193068628,60.17332511636515
1411,-0.8696722893564499,-0.5467064663925116,60.11330472435467
1412,-0.8696109585839703,-0.544729811295512,60.05334336554332
1413,-0.8695498092194375,-0.5427592367653946,59.993440987709164
1414,-0.8694888408585701,-0.5407947256056689,59.933597538631865
1415,-0.8694280530978097,-0.5388362606735722,59.87381296610418
1416,-0.8693674455343184,-0.5368838248798712,59.81408721793524
1417,-0.8693070177659781,-0.5349374011886633,59.75442024193583
1418,-0.8692467693913879,-0.5329969726171923,59.69481198592199
1419,-0.869186700009863,-0.5310625222355949,59.63526239772411
1420,-0.8691268092214327,-0.5291340331667335,59.57577142518397
1421,-0.8690670966268388,-0.5272114885859678,59.516339016154156
1422,-0.8690075618275337,-0.5252948717209714,59.45696511849732
1423,-0.8689482044256792,-0.5233841658515346,59.397649680081884
1424,-0.8688890240241445,-0.5214793543093451,59.338392648789444
1425,-0.8688300202265044,-0.5195804204777997,59.27919397251276
1426,-0.8687711926370378,-0.5176873477917945,59.22005359915777
1427,-0.8687125408607264,-0.515800119737534,59.160971476641635
1428,-0.8686540645032523,-0.5139187198523313,59.10194755289498
1429,-0.8685957631709971,-0.5120431317244151,59.04298177585769
1430,-0.8685376364710398,-0.5101733389927376,58.984074093480245
1431,-0.8684796840111552,-0.5083093253467613,58.925224453729605
1432,-0.8684219053998126,-0.506451074526294,58.866432804583326
1433,-0.868364300246174,-0.504598570321266,58.80769909402601
1434,-0.8683068681600922,-0.5027517965715602,58.74902327006275
1435,-0.8682496087521097,-0.5009107371667854,58.690405280715176
1436,-0.8681925216334568,-0.49907537604612834,58.631845074012666
1437,-0.8681356064160501,-0.4972456971981459,58.57334259799594
1438,-0.868078862712491,-0.49542168466056674,58.51489780072409
1439,-0.8680222901360638,-0.49360332252011,58.456510630271
1440,-0.8679658883007345,-0.4917905949122922,58.398181034725404
1441,-0.8679096568211492,-0.4899834860212528,58.33990896218839
1442,-0.8678535953126321,-0.48818198007955915,58.28169436077271
1443,-0.8677977033911846,-0.4863860613680229,58.22353717860896
1444,-0.8677419806734833,-0.48459571421551656,58.16543736384388
1445,-0.8676864267768787,-0.48281092299877054,58.10739486464035
1446,-0.8676310413193933,-0.4810316721422195,58.04940962917725
1447,-0.8675758239197207,-0.479257946117795,57.9914816056498
1448,-0.8675207741972234,-0.477489729444776,57.93361074226442
1449,-0.8674658917719318,-0.4757270066895728,57.87579698724414
1450,-0.8674111762645424,-0.473969762465558,57.81804028883562
1451,-0.8673566272964165,-0.4722179814328941,57.760340595297336
1452,-0.8673022444895784,-0.47047164829835747,57.702697854902084
1453,-0.8672480274667143,-0.468730747815132,57.64511201594535
1454,-0.8671939758511704,-0.466995264782668,57.58758302674093
1455,-0.867140089266952,-0.46526518404648837,57.53011083561553
1456,-0.8670863673387211,-0.4635404904980195,57.47269539091088
1457,-0.8670328096917962,-0.46182116907441684,57.41533664098963
1458,-0.8669794159521494,-0.4601072047583647,57.35803453423495
1459,-0.8669261857464063,-0.45839858257793853,57.300789019047826
1460,-0.8668731187018437,-0.4566952876064103,57.24360004384406
1461,-0.8668202144463882,-0.454997304962089,57.18646755705621
1462,-0.8667674726086153,-0.4533046198081401,57.129391507139836
1463,-0.8667148928177474,-0.4516172173524116,57.07237184256972
1464,-0.8666624747036527,-0.4499350828472752,57.01540851183929
1465,-0.8666102178968434,-0.4482582015894515,56.95850146346089
1466,-0.8665581220284752,-0.4465865589198432,56.90165064596718
1467,-0.8665061867303445,-0.44492014022336607,56.84485600790464
1468,-0.8664544116348883,-0.4432589309287883,56.788117497843615
1469,-0.866402796375182,-0.44160291650854,56.73143506437931
1470,-0.8663513405849383,-0.43995208247857226,56.67480865612227
1471,-0.8663000438985058,-0.43830641439818974,56.618238221701844
1472,-0.8662489059508676,-0.43666589786988086,56.561723709771
1473,-0.8661979263776399,-0.4350305185391443,56.50526506900346
1474,-0.8661471048150708,-0.4334002620943468,56.4488622480921
1475,-0.8660964409000387,-0.43177511426655024,56.392515195748075
1476,-0.8660459342700508,-0.43015506082934124,56.33622386070685
1477,-0.8659955845632423,-0.42854008759868123,56.27998819172822
1478,-0.8659453914183748,-0.4269301804327375,56.22380813759252
1479,-0.8658953544748345,-0.425325325231738,56.16768364709786
1480,-0.8658454733726316,-0.4237255079378088,56.1116146690634
1481,-0.8657957477523986,-0.4221307145348061,56.0556011523333
1482,-0.8657461772553889,-0.4205409310481602,55.99964304577457
1483,-0.8656967615234757,-0.4189561435447257,55.9437402982756
1484,-0.8656475001991505,-0.41737633813261665,55.887892858748344
1485,-0.8655983929255219,-0.41580150096105745,55.83210067612616
1486,-0.8655494393463142,-0.4142316182202337,55.77636369936219
1487,-0.8655006391058664,-0.4126666761411243,55.720681877436796
1488,-0.8654519918491304,-0.41110666099533943,55.66505515935734
1489,-0.8654034972216701,-0.40955155909500457,55.60948349414807
1490,-0.8653551548696601,-0.4080013567925755,55.5539668308552
1491,-0.8653069644398842,-0.40645604048070316,55.49850511855031
1492,-0.8652589255797345,-0.40491559659206705,55.44309830633105
1493,-0.8652110379372097,-0.40338001159923786,55.38774634331701
1494,-0.865163301160914,-0.4018492720145291,55.332449178650386
1495,-0.8651157149000561,-0.40032336438983035,55.277206761499656
1496,-0.8650682788044477,-0.39880227531646983,55.222019041060705
1497,-0.865020992524502,-0.39728599142507903,55.16688596655052
1498,-0.8649738557112333,-0.39577449938543013,55.11180748720824
1499,-0.8649268680162547,-0.3942677859062917,55.05678355229679
1500,-0.8648800290917779,-0.3927658377352833,55.00181411110987
1501,-0.864833338590611,-0.39126864165872827,54.94689911296434
1502,-0.864786796166158,-0.3897761845015144,54.892038507202386
1503,-0.8647404014724174,-0.38828845312694227,54.83723224319022
1504,-0.8646941541639808,-0.38680543443658283,54.78248027031929
1505,-0.8646480538960319,-0.385327115370159,54.727782538003375
1506,-0.8646021003243454,-0.38385348290536586,54.67313899568609
1507,-0.8645562931052853,-0.38238452405773227,54.61854959283903
1508,-0.8645106318958042,-0.3809202258805175,54.564014278955014
1509,-0.8644651163534424,-0.37946057546453593,54.509533003550786
1510,-0.8644197461363256,-0.3780055599380217,54.455105716171865
1511,-0.8643745209031649,-0.3765551664664971,54.40073236639227
1512,-0.8643294403132551,-0.37510938225262713,54.34641290381122
1513,-0.8642845040264734,-0.3736681945360927,54.29214727805195
1514,-0.8642397117032786,-0.37223159059343924,54.23793543876616
1515,-0.8641950630047098,-0.370799557737949,54.18377733563202
1516,-0.8641505575923852,-0.36937208331950383,54.12967291835511
1517,-0.8641061951285012,-0.36794915472444495,54.075622136663924
1518,-0.8640619752758306,-0.3665307593754478,54.021624940316165
1519,-0.8640178976977223,-0.36511688473135795,53.96768127910093
1520,-0.8639739620580997,-0.3637075182870959,53.913791102832825
1521,-0.8639301680214598,-0.36230264757349917,53.8599543613533
1522,-0.8638865152528717,-0.3609022601571955,53.806171004530455
1523,-0.863843003417976,-0.3595063436404783,53.7524409822592
1524,-0.8637996321829834,-0.35811488566116595,53.69876424446112
1525,-0.8637564012146735,-0.35672787389246724,53.6451407410903
1526,-0.8637133101803938,-0.35534529604285303,53.59157042213021
1527,-0.8636703587480588,-0.35396713985593053,53.538053237586844
1528,-0.8636275465861487,-0.35259339311032345,53.48458913749296
1529,-0.8635848733637085,-0.3512240436195185,53.43117807191313
1530,-0.8635423387503465,-0.34985907923175313,53.37781999094275
1531,-0.8634999424162336,-0.34849848782988213,53.32451484470261
1532,-0.8634576840321023,-0.34714225733125914,53.271262583341674
1533,-0.8634155632692453,-0.34579037568759374,53.21806315703732
1534,-0.8633735797995147,-0.3444428308848423,53.1649165159985
1535,-0.8633317332953208,-0.34309961094306407,53.11182261046298
1536,-0.863290023429631,-0.34176070391631574,53.05878139069438
1537,-0.8632484498759692,-0.3404260978925127,53.0057928069877
1538,-0.8632070123084139,-0.33909578099330256,52.95285680967082
1539,-0.8631657104015981,-0.33776974137395416,52.89997334909638
1540,-0.8631245438307075,-0.33644796722323833,52.84714237564605
1541,-0.86308351227148,-0.33513044676327874,52.79436383973168
1542,-0.8630426154002044,-0.3338171682494585,52.741637691794374
1543,-0.8630018528937196,-0.33250811997028396,52.68896388230475
1544,-0.8629612244294131,-0.3312032902472622,52.63634236176701
1545,-0.8629207296852207,-0.32990266743477537,52.58377308071427
1546,-0.8628803683396249,-0.3286062399199836,52.531255989704015
1547,-0.8628401400716541,-0.3273139961226991,52.47879103932281
1548,-0.8628000445608817,-0.32602592449524825,52.42637818019102
1549,-0.8627600814874249,-0.32474201352235804,52.3740173629609
1550,-0.8627202505319439,-0.3234622517210592,52.32170853831457
1551,-0.8626805513756408,-0.3221866276405452,52.26945165696152
1552,-0.8626409837002588,-0.3209151298620744,52.217246669641796
1553,-0.8626015471880807,-0.31964774699883625,52.165093527129585
1554,-0.8625622415219287,-0.3183844676958369,52.11299218022951
1555,-0.862523066385163,-0.3171252806298067,52.0609425797733
1556,-0.8624840214616805,-0.31587017450905447,52.00894467662563
1557,-0.8624451064359144,-0.3146191380733748,51.95699842168516
1558,-0.8624063209928333,-0.31337216009392227,51.905103765877286
1559,-0.8623676648179397,-0.3121292293731016,51.85326066016008
1560,-0.8623291375972694,-0.31089033474445965,51.801469055523526
1561,-0.8622907390173904,-0.3096554650725645,51.74972890298823
1562,-0.8622524687654023,-0.3084246092528969,51.69804015360691
1563,-0.862214326528935,-0.3071977562117376,51.646402758466024
1564,-0.862176311996148,-0.30597489490605895,51.59481666868169
1565,-0.862138424855729,-0.30475601432342914,51.54328183539675
1566,-0.8621006647968937,-0.3035411034818684,51.491798209787675
1567,-0.8620630315093845,-0.30233015142976655,51.440365743064866
1568,-0.8620255246834694,-0.3011231472457553,51.388984386473666
1569,-0.8619881440099414,-0.29992008003861004,51.33765409129
1570,-0.8619508891801176,-0.2987209389471541,51.28637480881784
1571,-0.8619137598858381,-0.2975257131401261,51.23514649039436
1572,-0.8618767558194649,-0.2963343918160816,51.18396908739212
1573,-0.8618398766738816,-0.29514696420329695,51.13284255121452
1574,-0.8618031221424922,-0.2939634195596566,51.08176683329464
1575,-0.8617664919192202,-0.29278374717253713,51.030741885100774
1576,-0.8617299856985073,-0.2916079363587104,50.97976765813455
1577,-0.8616936031753136,-0.29043597646424935,50.928844103926565
1578,-0.8616573440451156,-0.28926785686440554,50.87797117404277
1579,-0.8616212080039058,-0.2881035669635104,50.82714882008139
1580,-0.8615851947481922,-0.28694309619487407,50.776376993672564
1581,-0.8615493039749965,-0.28578643402068576,50.7256556464783
1582,-0.8615135353818542,-0.2846335699319026,50.67498473019671
1583,-0.8614778886668131,-0.28348449344815063,50.62436419655579
1584,-0.861442363528433,-0.2823391941176337,50.57379399731506
1585,-0.8614069596657841,-0.28119766151701414,50.52327408426795
1586,-0.861371676778447,-0.28005988525132247,50.4728044092433
1587,-0.8613365145665111,-0.2789258549538479,50.42238492410588
1588,-0.8613014727305742,-0.277795560286048,50.37201558075067
1589,-0.8612665509717418,-0.27666899093746017,50.321696331100604
1590,-0.8612317489916257,-0.2755461366255781,50.27142712711491
1591,-0.8611970664923437,-0.2744269870957553,50.2212079207903
1592,-0.8611625031765185,-0.27331153212112586,50.17103866415535
1593,-0.8611280587472772,-0.2721997615024939,50.120919309270306
1594,-0.8610937329082498,-0.2710916650682321,50.070849808231834
1595,-0.8610595253635692,-0.2699872326741857,50.02083011316925
1596,-0.8610254358178699,-0.2688864542035975,49.97086017624473
1597,-0.8609914639762873,-0.26778931956697805,49.92093994965484
1598,-0.8609576095444571,-0.2666958187020374,49.87106938563013
1599,-0.860923872228514,-0.2656059415735681,49.821248436434104
1600,-0.8608902517350914,-0.26451967817337396,49.77147705436512
1601,-0.8608567477713204,-0.2634370185201519,49.72175519175624
1602,-0.8608233600448291,-0.2623579526594087,49.672082800973506
1603,-0.8607900882637417,-0.26128247066336924,49.622459834415864
1604,-0.8607569321366778,-0.26021056263088754,49.57288624451727
1605,-0.8607238913727516,-0.25914221868733167,49.523361983747094
1606,-0.8606909656815711,-0.2580774289845159,49.47388700461167
1607,-0.8606581547732374,-0.2570161837005945,49.42446125964741
1608,-0.8606254583583437,-0.25595847303999125,49.375084701422104
1609,-0.860592876147975,-0.25490428723327263,49.32575728254171
1610,-0.8605604078537068,-0.2538536165370775,49.27647895565045
1611,-0.8605280531876048,-0.25280645123403056,49.227249673424176
1612,-0.8604958118622239,-0.25176278163264376,49.17806938857268
1613,-0.8604636835906074,-0.2507225980672291,49.12893805384
1614,-0.8604316680862865,-0.24968589089781737,49.07985562200496
1615,-0.8603997650632791,-0.24865265051005653,49.03082204587965
1616,-0.8603679742360898,-0.2476228673151231,48.98183727831321
1617,-0.8603362953197083,-0.24659653174964458,48.93290127218895
1618,-0.8603047280296096,-0.24557363427560588,48.884013980425344
1619,-0.8602732720817521,-0.2445541653802608,48.8351753559755
1620,-0.8602419271925781,-0.2435381155760362,48.78638535182813
1621,-0.8602106930790122,-0.24252547540047872,48.73764392100677
1622,-0.8601795694584611,-0.24151623541612,48.68895101656784
1623,-0.8601485560488125,-0.2405103862104336,48.64030659160267
1624,-0.8601176525684344,-0.23950791839573418,48.591710599240116
1625,-0.860086858736175,-0.23850882260907183,48.54316299264611
1626,-0.860056174271361,-0.23751308951217812,48.494663725017546
1627,-0.860025598893798,-0.23652070979137318,48.446212749584554
1628,-0.8599951323237688,-0.2355316741574723,48.39781001961729
1629,-0.8599647742820331,-0.23454597334570063,48.34945548842326
1630,-0.8599345244898271,-0.23356359811562227,48.30114910934281
1631,-0.8599043826688624,-0.23258453925105613,48.25289083574825
1632,-0.8598743485413254,-0.2316087875599862,48.204680621048745
1633,-0.8598444218298766,-0.2306363338744834,48.15651841868933
1634,-0.8598146022576503,-0.22966716905062204,48.108404182150935
1635,-0.859784889548253,-0.2287012839683993,48.060337864951364
1636,-0.859755283425764,-0.22773866953164626,48.01231942064321
1637,-0.8597257836147336,-0.22677931666796483,47.96434880281484
1638,-0.8596963898401829,-0.2258232163286344,47.91642596508846
1639,-0.8596671018276033,-0.2248703594885336,47.86855086112311
1640,-0.8596379193029554,-0.22392073714606653,47.82072344461369
1641,-0.8596088419926686,-0.22297434032306782,47.772943669289724
1642,-0.8595798696236406,-0.2220311600647489,47.72521148891722
1643,-0.8595510019232364,-0.22109118743958767,47.67752685729961
1644,-0.8595222386192877,-0.2201544135392735,47.6298897282778
1645,-0.8594935794400924,-0.2192208294786316,47.58230005572431
1646,-0.8594650241144141,-0.21829042639552856,47.53475779354738
1647,-0.859436572371481,-0.2173631954508038,47.48726289569294
1648,-0.8594082239409856,-0.2164391278281915,47.43981531614588
1649,-0.8593799785530839,-0.21551821473424454,47.392415008924296
1650,-0.8593518359383949,-0.21460044739826603,47.34506192807985
1651,-0.8593237958279999,-0.21368581707221568,47.2977560277017
1652,-0.8592958579534418,-0.21277431503064834,47.25049726191615
1653,-0.8592680220467245,-0.21186593257063543,47.203285584886395
1654,-0.8592402878403124,-0.21096066101167965,47.15612095081268
1655,-0.8592126550671295,-0.2100584916956543,47.10900331392992
1656,-0.8591851234605592,-0.20915941598673943,47.06193262850784
1657,-0.8591576927544432,-0.20826342527131125,47.01490884885246
1658,-0.8591303626830814,-0.2073705109579053,46.96793192930799
1659,-0.8591031329812308,-0.20648066447711735,46.92100182425464
1660,-0.859076003384105,-0.20559387728154604,46.87411848810858
1661,-0.8590489736273739,-0.20471014084571454,46.82728187532145
1662,-0.8590220434471628,-0.2038294466660023,46.780491940383364
1663,-0.8589952125800521,-0.20295178626055826,46.73374863782108
1664,-0.8589684807630761,-0.20207715116925332,46.68705192219423
1665,-0.858941847733723,-0.2012055329535985,46.64040174809839
1666,-0.8589153132299341,-0.20033692319665614,46.59379807016974
1667,-0.8588888769901031,-0.1994713135029895,46.54724084308276
1668,-0.8588625387530757,-0.19860869549859206,46.500730021545316
1669,-0.858836298258149,-0.19774906083081467,46.454265560300136
1670,-0.8588101552450706,-0.19689240116827963,46.40784741412849
1671,-0.8587841094540385,-0.1960387082008412,46.3614755378489
1672,-0.8587581606257001,-0.19518797363949167,46.31514988631607
1673,-0.8587323085011518,-0.19434018921630178,46.26887041442197
1674,-0.8587065528219386,-0.19349534668435572,46.222637077093715
1675,-0.8586808933300533,-0.19265343781767202,46.17644982929424
1676,-0.8586553297679358,-0.19181445441115041,46.13030862602473
1677,-0.8586298618784729,-0.19097838828048944,46.08421342232377
1678,-0.8586044894049975,-0.1901452312621219,46.03816417326821
1679,-0.8585792120912881,-0.18931497521315774,45.99216083396962
1680,-0.8585540296815681,-0.1884876120113111,45.946203359575385
1681,-0.8585289419205058,-0.18766313355482378,45.90029170526991
1682,-0.8585039485532128,-0.1868415317624224,45.8544258262771
1683,-0.8584790493252445,-0.18602279857323367,45.80860567785368
1684,-0.8584542439825991,-0.18520692594672333,45.76283121529367
1685,-0.8584295322717167,-0.1843939058626281,45.71710239393137
1686,-0.8584049139394796,-0.18358373032089137,45.67141916913845
1687,-0.858380388733211,-0.18277639134160828,45.62578149632029
1688,-0.8583559564006747,-0.18197188096495467,45.580189330917776
1689,-0.858331616690075,-0.181170191251119,45.53464262841011
1690,-0.858307369350055,-0.18037131428023742,45.48914134431498
1691,-0.8582832141296977,-0.17957524215233842,45.443685434187344
1692,-0.8582591507785239,-0.17878196698727142,45.39827485361964
1693,-0.8582351790464927,-0.17799148092465417,45.35290955823826
1694,-0.8582112986840007,-0.1772037761237987,45.30758950370842
1695,-0.8581875094418812,-0.17641884476365577,45.26231464573182
1696,-0.8581638110714039,-0.17563667904274666,45.21708494004918
1697,-0.8581402033242747,-0.1748572711791053,45.17190034243706
1698,-0.8581166859526344,-0.17408061341022113,45.126760808708205
1699,-0.8580932587090588,-0.1733066979929738,45.081666294710395
1700,-0.8580699213465582,-0.1725355172035643,45.03661675633124
1701,-0.8580466736185766,-0.17176706333746153,44.99161214949739
1702,-0.858023515278991,-0.17100132870934306,44.94665243016908
1703,-0.8580004460821116,-0.17023830565303621,44.901737554344976
1704,-0.8579774657826806,-0.16947798652144622,44.856867478063414
1705,-0.8579545741358724,-0.168720363686505,44.81204215739852
1706,-0.8579317708972921,-0.16796542953912078,44.76726154845932
1707,-0.8579090558229759,-0.1672131764891034,44.72252560739124
1708,-0.8578864286693904,-0.16646359696511473,44.67783429037896
1709,-0.8578638891934316,-0.1657166834146055,44.63318755364526
1710,-0.8578414371524251,-0.1649724283037461,44.58858535345155
1711,-0.8578190723041252,-0.16423082411739642,44.54402764609385
1712,-0.8577967944067145,-0.16349186335902274,44.499514387905165
1713,-0.8577746032188034,-0.16275553855065256,44.455045535255685
1714,-0.8577524984994297,-0.16202184223281263,44.41062104455331
1715,-0.8577304800080581,-0.16129076696447311,44.36624087224437
1716,-0.8577085475045794,-0.16056230532298346,44.3219049748126
1717,-0.8576867007493105,-0.15983644990403179,44.27761330877616
1718,-0.8576649395029939,-0.15911319332157706,44.23336583068945
1719,-0.8576432635267967,-0.15839252820778751,44.18916249714721
1720,-0.8576216725823105,-0.1576744472130034,44.14500326478245
1721,-0.857600166431551,-0.15695894300565963,44.10088809026166
1722,-0.8575787448369575,-0.1562460082722492,44.05681693028929
1723,-0.8575574075613922,-0.15553563571725343,44.012789741608195
1724,-0.8575361543681399,-0.1548278180630974,43.96880648099884
1725,-0.8575149850209075,-0.15412254805008924,43.92486710527709
1726,-0.8574938992838237,-0.1534198184363681,43.880971571296755
1727,-0.8574728969214382,-0.1527196219978502,43.83711983594991
1728,-0.8574519776987217,-0.1520219515281666,43.79331185616834
1729,-0.8574311413810649,-0.1513267998386212,43.74954758891988
1730,-0.8574103877342784,-0.15063415975813424,43.7058269912072
1731,-0.8573897165245922,-0.14994402413319347,43.6621500200696
1732,-0.8573691275186552,-0.14925638582778467,43.61851663258542
1733,-0.857348620483535,-0.14857123772335865,43.57492678587027
1734,-0.8573281951867168,-0.14788857271876288,43.53138043707924
1735,-0.8573078513961035,-0.1472083837301943,43.487877543404274
1736,-0.8572875888800154,-0.14653066369115791,43.444418062071236
1737,-0.8572674074071893,-0.1458554055523984,43.40100195034426
1738,-0.8572473067467781,-0.1451826022818582,43.3576291655268
1739,-0.8572272866683507,-0.1445122468646238,43.31429966496027
1740,-0.8572073469418913,-0.14384433230287746,43.271013406020984
1741,-0.8571874873377989,-0.14317885161583874,43.22777034612296
1742,-0.8571677076268872,-0.14251579783971938,43.184570442718794
1743,-0.8571480075803839,-0.14185516402767528,43.14141365329818
1744,-0.8571283869699302,-0.14119694324974819,43.09829993538794
1745,-0.8571088455675806,-0.14054112859282916,43.055229246551164
1746,-0.8570893831458024,-0.13988771316058937,43.01220154439021
1747,-0.8570699994774752,-0.13923669007344724,42.969216786544905
1748,-0.8570506943358904,-0.13858805246850775,42.92627493069128
1749,-0.8570314674947511,-0.13794179349953214,42.88337593454127
1750,-0.8570123187281714,-0.13729790633686265,42.84051975584525
1751,-0.8569932478106759,-0.13665638416738596,42.79770635239216
1752,-0.8569742545171996,-0.13601722019449444,42.75493568200822
1753,-0.8569553386230871,-0.13538040763801729,42.71220770255926
1754,-0.8569364999040928,-0.1347459397341921,42.66952237194604
1755,-0.8569177381363797,-0.1341138097356079,42.62687964810305
1756,-0.8568990530965195,-0.1334840109111622,42.58427948900338
1757,-0.856880444561492,-0.13285653654600665,42.54172185265961
1758,-0.8568619123086849,-0.13223137994149814,42.499206697123086
1759,-0.8568434561158931,-0.1316085344151612,42.45673398047926
1760,-0.8568250757613183,-0.130987993300634,42.41430366085149
1761,-0.8568067710235691,-0.1303697499476401,42.371915696400954
1762,-0.8567885416816599,-0.12975379772189957,42.32957004532787
1763,-0.8567703875150109,-0.12914013000512903,42.28726666586766
1764,-0.8567523083034476,-0.12852874019497113,42.24500551629248
1765,-0.8567343038272005,-0.12791962170495205,42.20278655491362
1766,-0.8567163738669046,-0.1273127679644414,42.16060974007986
1767,-0.8566985182035989,-0.1267081724186027,42.11847503017601
1768,-0.8566807366187262,-0.1261058285283513,42.07638238362321
1769,-0.8566630288941328,-0.12550572977030425,42.03433175888145
1770,-0.8566453948120676,-0.12490786963673471,41.99232311444859
1771,-0.8566278341551822,-0.12431224163553965,41.950356408859456
1772,-0.8566103467065304,-0.1237188392901784,41.90843160068681
1773,-0.8565929322495677,-0.12312765613964485,41.86654864853799
1774,-0.856575590568151,-0.1225386857384157,41.824707511057426
1775,-0.8565583214465382,-0.12195192165640054,41.78290814692726
1776,-0.8565411246693878,-0.12136735747891,41.74115051487038
1777,-0.8565240000217584,-0.12078498680660081,41.69943457364657
1778,-0.8565069472891087,-0.12020480325544201,41.657760282050575
1779,-0.8564899662572966,-0.11962680045667362,41.61612759891288
1780,-0.8564730567125791,-0.11905097205675437,41.57453648310255
1781,-0.8564562184416121,-0.11847731171732578,41.5329868935267
1782,-0.8564394512314497,-0.11790581311516368,41.4914787891289
1783,-0.8564227548695438,-0.11733646994214567,41.450012128889604
1784,-0.856406129143744,-0.11676927590519763,41.40858687182776
1785,-0.8563895738422972,-0.11620422472626417,41.36720297699918
1786,-0.8563730887538469,-0.11564131014225361,41.325860403496705
1787,-0.8563566736674331,-0.11508052590500334,41.28455911044963
1788,-0.8563403283724919,-0.1145218657812458,41.243299057025176
1789,-0.8563240526588551,-0.11396532355255723,41.202080202427496
1790,-0.8563078463167499,-0.11341089301531575,41.160902505898456
1791,-0.8562917091367985,-0.11285856798066811,41.119765926715914
1792,-0.8562756409100175,-0.11230834227448515,41.07867042419446
1793,-0.8562596414278179,-0.11176020973732353,41.03761595768433
1794,-0.8562437104820044,-0.11121416422438464,40.99660248657498
1795,-0.8562278478647756,-0.11067019960546519,40.95562997029478
1796,-0.8562120533687229,-0.11012830976493049,40.91469836830889
1797,-0.8561963267868304,-0.10958848860167489,40.87380764011512
1798,-0.856180667912475,-0.10905073002908017,40.83295774524918
1799,-0.8561650765394255,-0.10851502797496175,40.79214864328584
1800,-0.8561495524618423,-0.10798137638155364,40.75138029383799
1801,-0.8561340954742773,-0.10744976920544509,40.71065265655471
1802,-0.8561187053716733,-0.10692020041756302,40.66996569111751
1803,-0.8561033819493639,-0.10639266400312171,40.629319357241435
1804,-0.8560881250030726,-0.10586715396158855,40.58871361467828
1805,-0.8560729343289134,-0.10534366430664276,40.54814842321558
1806,-0.8560578097233895,-0.10482218906614468,40.50762374267817
1807,-0.8560427509833936,-0.10430272228208207,40.467139532928435
1808,-0.8560277579062069,-0.10378525801054685,40.426695753866724
1809,-0.8560128302894995,-0.10326979032169413,40.38629236542919
1810,-0.8559979679313294,-0.10275631329970285,40.34592932758974
1811,-0.8559831706301428,-0.10224482104273981,40.30560660035834
1812,-0.8559684381847732,-0.10173530766292065,40.26532414378148
1813,-0.8559537703944412,-0.1012277672862761,40.22508191794289
1814,-0.8559391670587543,-0.1007221940527081,40.18487988296518
1815,-0.8559246279777063,-0.10021858211596657,40.14471799900641
1816,-0.8559101529516774,-0.09971692564359895,40.10459622625839
1817,-0.8558957417814334,-0.0992172188169287,40.064514524951434
1818,-0.8558813942681255,-0.09871945583100136,40.02447285535409
1819,-0.8558671102132902,-0.0982236308945538,39.98447117777342
1820,-0.8558528894188486,-0.09772973822999344,39.94450945255194
1821,-0.8558387316871064,-0.09723777207334258,39.90458764006689
1822,-0.8558246368207533,-0.09674772667421892,39.864705700733005
1823,-0.8558106046228624,-0.09625959629578533,39.82486359500193
1824,-0.8557966348968908,-0.09577337521473035,39.78506128336297
1825,-0.8557827274466785,-0.09528905772121901,39.74529872634106
1826,-0.855768882076448,-0.09480663811886428,39.705575884499446
1827,-0.8557550985908045,-0.0943261107246946,39.66589271843712
1828,-0.8557413767947352,-0.09384746986911602,39.626249188789075
1829,-0.8557277164936089,-0.0933707098958786,39.58664525622755
1830,-0.8557141174931762,-0.09289582516204054,39.54708088146014
1831,-0.8557005795995684,-0.09242281003794459,39.50755602523077
1832,-0.8556871026192977,-0.09195165890716644,39.468070648321465
1833,-0.855673686359257,-0.09148236616648642,39.428624711552246
1834,-0.8556603306267189,-0.0910149262258645,39.389218175777856
1835,-0.8556470352293359,-0.09054933350840728,39.34985100188844
1836,-0.8556337999751402,-0.09008558245032072,39.3105231508116
1837,-0.8556206246725429,-0.08962366750088462,39.27123458351309
1838,-0.8556075091303338,-0.08916358312242041,39.231985260996154
1839,-0.8555944531576816,-0.0887053237902639,39.19277514429746
1840,-0.8555814565641328,-0.08824888399271631,39.15360419448937
1841,-0.8555685191596117,-0.08779425823103712,39.1144723726816
1842,-0.8555556407544205,-0.08734144101937862,39.07537964002178
1843,-0.8555428211592382,-0.08689042688478342,39.03632595769383
1844,-0.8555300601851209,-0.08644121036713585,38.99731128691805
1845,-0.8555173576435011,-0.08599378601912278,38.958335588951776
1846,-0.8555047133461877,-0.08554814840623659,38.9193988250872
1847,-0.8554921271053655,-0.08510429210669945,38.880500956652284
1848,-0.8554795987335947,-0.08466221171146147,38.84164194501287
1849,-0.855467128043811,-0.08422190182415708,38.802821751570455
1850,-0.8554547148493249,-0.08378335706107802,38.764040337762616
1851,-0.8554423589638217,-0.08334657205113682,38.72529766506447
1852,-0.855430060201361,-0.08291154143584041,38.686593694987344
1853,-0.8554178183763764,-0.08247825986925304,38.647928389077975
1854,-0.8554056333036751,-0.08204672201798595,38.60930170891809
1855,-0.8553935047984378,-0.0816169225611405,38.570713616125445
1856,-0.8553814326762182,-0.08118885619028436,38.532164072356615
1857,-0.8553694167529429,-0.08076251760943155,38.493653039304846
1858,-0.8553574568449107,-0.08033790153499788,38.45518047869727
1859,-0.8553455527687929,-0.07991500269579546,38.4167463522961
1860,-0.8553337043416324,-0.07949381583296757,38.37835062190187
1861,-0.8553219113808435,-0.07907433569997964,38.33999324935164
1862,-0.8553101737042119,-0.07865655706259311,38.301674196518604
1863,-0.8552984911298943,-0.07824047469882398,38.26339342531058
1864,-0.8552868634764177,-0.07782608339892859,38.22515089767125
1865,-0.8552752905626795,-0.07741337796534799,38.18694657557955
1866,-0.8552637722079471,-0.07700235321271372,38.14878042105125
1867,-0.8552523082318576,-0.07659300396778909,38.110652396139386
1868,-0.8552408984544174,-0.07618532506945037,38.0725624629322
1869,-0.8552295426960019,-0.07577931136865886,38.03451058355398
1870,-0.8552182407773553,-0.07537495772843884,37.99649672016563
1871,-0.8552069925195903,-0.0749722590238323,37.958520834962734
1872,-0.8551957977441875,-0.07457121014188738,37.92058289017706
1873,-0.8551846562729957,-0.07417180598162545,37.882682848074616
1874,-0.8551735679282307,-0.0737740414540005,37.844820670958875
1875,-0.8551625325324762,-0.07337791148188862,37.806996321170466
1876,-0.8551515499086821,-0.07298341100004556,37.769209761086266
1877,-0.8551406198801654,-0.07259053495509374,37.73146095311582
1878,-0.8551297422706092,-0.07219927830548103,37.69374985970493
1879,-0.8551189169040627,-0.07180963602145739,37.65607644333625
1880,-0.8551081436049407,-0.0714216030850487,37.618440666528535
1881,-0.8550974221980234,-0.0710351744900341,37.58084249183638
1882,-0.8550867525084562,-0.07065034524190682,37.543281881849154
1883,-0.8550761343617492,-0.07026711035785471,37.505758799191824
1884,-0.8550655675837772,-0.06988546486673215,37.4682732065247
1885,-0.8550550520007787,-0.06950540380903894,37.43082506654517
1886,-0.8550445874393566,-0.06912692223687662,37.39341434198695
1887,-0.8550341737264773,-0.06875001521394083,37.35604099561766
1888,-0.8550238106894702,-0.06837467781548577,37.318704990240036
1889,-0.8550134981560279,-0.06800090512829525,37.28140628869102
1890,-0.8550032359542058,-0.06762869225066596,37.244144853844745
1891,-0.8549930239124215,-0.0672580342923689,37.20692064861052
1892,-0.8549828618594548,-0.066888926374634,37.16973363593238
1893,-0.8549727496244474,-0.06652136363011095,37.13258377879095
1894,-0.8549626870369021,-0.06615534120285693,37.09547104020402
1895,-0.8549526739266834,-0.06579085424830478,37.05839538322382
1896,-0.8549427101240163,-0.06542789793324413,37.02135677093509
1897,-0.8549327954594867,-0.06506646743577725,36.98435516645821
1898,-0.8549229297640408,-0.06470655794531605,36.947390532950685
1899,-0.8549131128689845,-0.06434816466254648,36.910462833606076
1900,-0.8549033446059837,-0.06399128279939362,36.87357203165264
1901,-0.8548936248070638,-0.06363590757901122,36.83671809035279
1902,-0.8548839533046089,-0.06328203423575944,36.79990097300442
1903,-0.8548743299313624,-0.06292965801516522,36.76312064294074
1904,-0.8548647545204259,-0.06257877417389916,36.726377063531295
1905,-0.8548552269052595,-0.06222937797976226,36.68967019818014
1906,-0.8548457469196811,-0.061881464711661734,36.65300001032688
1907,-0.8548363143978661,-0.061535029659566254,36.616366463444585
1908,-0.8548269291743475,-0.06119006812449921,36.57976952104203
1909,-0.8548175910840154,-0.06084657541851694,36.54320914666443
1910,-0.8548082999621165,-0.060504546864670314,36.50668530389193
1911,-0.8547990556442538,-0.06016397779698694,36.47019795633869
1912,-0.8547898579663868,-0.05982486356045192,36.43374706765468
1913,-0.8547807067648308,-0.059487199510982504,36.397332601524816
1914,-0.8547716018762564,-0.05915098101539786,36.360954521668425
1915,-0.8547625431376901,-0.05881620345140118,36.32461279183856
1916,-0.8547535303865127,-0.05848286220755581,36.28830737582368
1917,-0.8547445634604601,-0.05815095268325344,36.25203823744928
1918,-0.8547356421976227,-0.05782047028870284,36.21580534057616
1919,-0.8547267664364446,-0.05749141044489808,36.179608649099215
1920,-0.8547179360157242,-0.05716376858360122,36.14344812694692
1921,-0.8547091507746131,-0.05683754014731213,36.10732373808215
1922,-0.8547004105526161,-0.056512720589258644,36.07123544650348
1923,-0.8546917151895913,-0.05618930537335502,36.035183216244626
1924,-0.8546830645257492,-0.05586728997418876,35.999167011374546
1925,-0.8546744584016526,-0.05554666987700654,35.96318679599603
1926,-0.8546658966582165,-0.055227440577669866,35.92724253424559
1927,-0.8546573791367076,-0.054909597582655595,35.89133419029501
1928,-0.8546489056787442,-0.05459313640901748,35.85546172835247
1929,-0.8546404761262956,-0.054278052584372995,35.81962511265964
1930,-0.8546320903216821,-0.05396434164687626,35.78382430749176
1931,-0.8546237481075746,-0.05365199914519353,35.74805927715936
1932,-0.8546154493269943,-0.05334102063849039,35.7123299860075
1933,-0.8546071938233124,-0.05303140169639803,35.67663639841618
1934,-0.8545989814402498,-0.052723137898999996,35.64097847879862
1935,-0.8545908120218769,-0.05241622483680638,35.6053561916031
1936,-0.8545826854126132,-0.052110658110735265,35.56976950131421
1937,-0.8545746014572269,-0.05180643333208522,35.53421837245004
1938,-0.854566560000835,-0.05150354612251948,35.498702769562065
1939,-0.8545585608889026,-0.05120199211404702,35.46322265723465
1940,-0.8545506039672429,-0.05090176694898732,35.42777800008807
1941,-0.8545426890820166,-0.05060286627996455,35.392368762777394
1942,-0.8545348160797319,-0.05030528576987612,35.356994909993006
1943,-0.8545269848072441,-0.05000902109187764,35.32165640645963
1944,-0.8545191951117551,-0.049714067929355336,35.28635321693493
1945,-0.8545114468408136,-0.04942042197591424,35.251085306210115
1946,-0.8545037398423143,-0.04912807893535222,35.21585263911098
1947,-0.854496073964498,-0.04883703452163806,35.180655180498455
1948,-0.8544884490559509,-0.04854728445888923,35.14549289526715
1949,-0.8544808649656046,-0.04825882448135924,35.110365748345245
1950,-0.8544733215427357,-0.047971650333403865,35.0752737046951
1951,-0.8544658186369657,-0.047685757769475416,35.04021672931363
1952,-0.8544583560982605,-0.0474011425540937,35.005194787232774
1953,-0.85445093377693,-0.04711780046182349,34.97020784351677
1954,-0.8544435515236283,-0.04683572727726258,34.935255863264715
1955,-0.8544362091893526,-0.04655491879501814,34.900338811610155
1956,-0.8544289066254438,-0.04627537081967531,34.86545665372047
1957,-0.8544216436835855,-0.045997079165801265,34.830609354795904
1958,-0.8544144202158042,-0.04572003965790204,34.79579688007049
1959,-0.8544072360744684,-0.04544424813042025,34.76101919481296
1960,-0.8544000911122893,-0.04516970042769458,34.726276264326515
1961,-0.8543929851823195,-0.04489639240396153,34.69156805394884
1962,-0.8543859181379533,-0.04462431992332702,34.65689452905054
1963,-0.8543788898329259,-0.044353478859742564,34.62225565503402
1964,-0.8543719001213137,-0.0440838650969942,34.58765139733564
1965,-0.8543649488575338,-0.04381547452868065,34.55308172142673
1966,-0.8543580358963434,-0.043548303058184835,34.518546592813294
1967,-0.8543511610928398,-0.0432823465986665,34.48404597703458
1968,-0.8543443243024601,-0.0430176010730294,34.44957983966267
1969,-0.8543375253809808,-0.04275406241392901,34.41514814630276
1970,-0.8543307641845177,-0.042491726563719974,34.38075086259532
1971,-0.8543240405695252,-0.04223058947445856,34.34638795421322
1972,-0.8543173543927963,-0.041970647107879,34.31205938686207
1973,-0.8543107055114625,-0.0417118954353737,34.27776512628139
1974,-0.854304093782993,-0.04145433043797329,34.24350513824508
1975,-0.8542975190651948,-0.04119794810632588,34.20927938855974
1976,-0.8542909812162122,-0.04094274444068904,34.17508784306532
1977,-0.8542844800945266,-0.04068871545089816,34.14093046763484
1978,-0.8542780155589562,-0.04043585715635314,34.10680722817607
1979,-0.8542715874686557,-0.04018416558600315,34.07271809062981
1980,-0.854265195683116,-0.03993363677832536,34.0386630209704
1981,-0.8542588400621637,-0.03968426678130771,34.00464198520429
1982,-0.8542525204659611,-0.039436051652426404,33.97065494937084
1983,-0.854246236755006,-0.03918898745863732,33.93670187954285
1984,-0.8542399887901307,-0.03894307027634794,33.902782741827515
1985,-0.8542337764325028,-0.0386982961914043,33.86889750236593
1986,-0.8542275995436237,-0.03845466129906722,33.83504612733223
1987,-0.8542214579853292,-0.0382121617040091,33.80122858293098
1988,-0.8542153516197889,-0.03797079352028489,33.767444835400724
1989,-0.8542092803095058,-0.03773055287130499,33.733694851013944
1990,-0.8542032439173162,-0.03749143588984073,33.69997859607684
1991,-0.854197242306389,-0.03725343871798923,33.66629603692764
1992,-0.8541912753402262,-0.037016557507158175,33.63264713993839
1993,-0.8541853428826616,-0.03678078841805703,33.599031871514185
1994,-0.8541794447978611,-0.03654612762067145,33.5654501980931
1995,-0.8541735809503225,-0.03631257129424163,33.531902086145564
1996,-0.8541677512048748,-0.03608011562726828,33.49838750217396
1997,-0.854161955426678,-0.03584875681746449,33.46490641271479
1998,-0.8541561934812233,-0.03561849107175303,33.43145878433758
1999,-0.8541504652343318,-0.035389314606261095,33.39804458364459
2000,-0.8541447705521551,-0.035161223646277114,33.3646637772702
2001,-0.8541391093011746,-0.03493421442625687,33.331316331881226
2002,-0.8541334813482013,-0.03470828318979341,33.29800221417816
2003,-0.8541278865603755,-0.03448342618960759,33.26472139089445
2004,-0.8541223248051664,-0.034259639687524615,33.231473828797235
2005,-0.8541167959503716,-0.034036919954462015,33.198259494684045
2006,-0.8541112998641176,-0.033815263270413266,33.16507835538423
2007,-0.8541058364148585,-0.03359466592442756,33.131930377760824
2008,-0.8541004054713762,-0.03337512421459603,33.09881552871039
2009,-0.8540950069027803,-0.03315663444803776,33.06573377516245
2010,-0.8540896405785071,-0.032939192940868424,33.03268508407822
2011,-0.8540843063683201,-0.03272279601820979,32.99966942245147
2012,-0.8540790041423091,-0.03250744001415086,32.96668675730815
2013,-0.8540737337708901,-0.032293121271743344,32.93373705570672
2014,-0.8540684951248051,-0.03207983614297612,32.90082028473769
2015,-0.8540632880751217,-0.03186758098877018,32.86793641152444
2016,-0.8540581124932325,-0.03165635217895691,32.83508540322355
2017,-0.8540529682508554,-0.03144614609226242,32.802267227023776
2018,-0.8540478552200329,-0.031236959116281906,32.76948185014604
2019,-0.8540427732731317,-0.031028787647480988,32.73672923984288
2020,-0.8540377222828428,-0.0308216280911791,32.70400936339926
2021,-0.8540327021221806,-0.030615476861512426,32.67132218813164
2022,-0.8540277126644831,-0.030410330381441728,32.638667681390004
2023,-0.8540227537834114,-0.03020618508271949,32.60604581055688
2024,-0.8540178253529495,-0.03000303740589087,32.57345654304509
2025,-0.8540129272474035,-0.029800883800261146,32.540899846299524
2026,-0.8540080593414022,-0.029599720723890638,32.50837568779836
2027,-0.8540032215098959,-0.02939954464357378,32.47588403505302
2028,-0.8539984136281565,-0.029200352034827484,32.44342485560701
2029,-0.8539936355717773,-0.02900213938187723,32.41099811703415
2030,-0.8539888872166723,-0.02880490317763313,32.37860378693951
2031,-0.8539841684390763,-0.028608639923688797,32.346241832961105
2032,-0.8539794791155443,-0.028413346130284865,32.31391222276906
2033,-0.8539748191229511,-0.0282190183163197,32.28161492406522
2034,-0.8539701883384916,-0.028025653009316427,32.24934990458387
2035,-0.8539655866396795,-0.027833246745402454,32.21711713209135
2036,-0.853961013904348,-0.02764179606931794,32.18491657438552
2037,-0.8539564700106487,-0.02745129753438044,32.152748199295154
2038,-0.8539519548370518,-0.027261747702474602,32.120611974680855
2039,-0.8539474682623455,-0.027073143144043334,32.08850786843494
2040,-0.8539430101656357,-0.026885480438065795,32.05643584848191
2041,-0.8539385804263457,-0.026698756172046586,32.02439588277887
2042,-0.8539341789242162,-0.026512966942000216,31.992387939314114
2043,-0.8539298055393043,-0.026328109352429813,31.960411986106468
2044,-0.8539254601519839,-0.026144180016325017,31.928467991206215
2045,-0.8539211426429449,-0.02596117555513648,31.89655592269616
2046,-0.8539168528931932,-0.025779092598773676,31.86467574869087
2047,-0.8539125907840499,-0.02559792778557109,31.83282743733683
2048,-0.8539083561971517,-0.025417677762287587,31.8010109568099
2049,-0.8539041490144498,-0.025238339184091883,31.76922627531791
2050,-0.8538999691182102,-0.025059908714540995,31.737473361101397
2051,-0.853895816391013,-0.024882383025575255,31.705752182432327
2052,-0.8538916907157523,-0.024705758797490856,31.67406270761458
2053,-0.8538875919756358,-0.024530032718935658,31.642404904982786
2054,-0.8538835200541843,-0.024355201486894407,31.610778742902607
2055,-0.8538794748352317,-0.02418126180667287,31.579184189770036
2056,-0.8538754562029245,-0.024008210391885443,31.547621214013105
2057,-0.8538714640417212,-0.02383604396443171,31.51608978409091
2058,-0.8538674982363926,-0.0236647592544906,31.484589868494098
2059,-0.853863558672021,-0.02349435300051054,31.453121435744617
2060,-0.8538596452339999,-0.023324821949188074,31.421684454395855
2061,-0.853855757808034,-0.023156162855450253,31.39027889303201
2062,-0.8538518962801385,-0.02298837248244834,31.358904720267095
2063,-0.8538480605366388,-0.022821447601550828,31.327561904746325
2064,-0.8538442504641705,-0.022655384992305416,31.296250415146897
2065,-0.8538404659496787,-0.022490181442448666,31.26497022017809
2066,-0.8538367068804179,-0.02232583374788319,31.23372128857977
2067,-0.8538329731439517,-0.022162338712663758,31.202503589120575
2068,-0.8538292646281521,-0.021999693148980506,31.17131709060142
2069,-0.8538255812211997,-0.021837893877154995,31.140161761854554
2070,-0.8538219228115829,-0.02167693772561384,31.10903757174365
2071,-0.8538182892880978,-0.021516821530886143,31.077944489162146
2072,-0.8538146805398479,-0.02135754213758667,31.04688248303402
2073,-0.8538110964562436,-0.02119909639839307,31.015851522314055
2074,-0.8538075369270023,-0.021041481174048183,30.984851575987847
2075,-0.8538040018421472,-0.02088469333333656,30.953882613072608
2076,-0.8538004910920078,-0.020728729753068473,30.92294460261624
2077,-0.8537970045672194,-0.020573587318077846,30.892037513697446
2078,-0.8537935421587223,-0.02041926292119602,30.861161315425782
2079,-0.8537901037577618,-0.020265753463248222,30.83031597694013
2080,-0.8537866892558881,-0.02011305585303893,30.799501467409996
2081,-0.8537832985449555,-0.01996116700733417,30.76871775603523
2082,-0.8537799315171224,-0.01981008385084969,30.737964812046567
2083,-0.8537765880648508,-0.019659803316233373,30.707242604705964
2084,-0.8537732680809059,-0.019510322344070286,30.67655110330728
2085,-0.8537699714583561,-0.019361637882841985,30.645890277173017
2086,-0.853766698090572,-0.019213746888934895,30.615260095655692
2087,-0.8537634478712268,-0.019066646326622173,30.58466052813834
2088,-0.8537602206942955,-0.01892033316804412,30.55409154403523
2089,-0.8537570164540547,-0.018774804393198875,30.52355311279132
2090,-0.8537538350450823,-0.018630056989935702,30.49304520388168
2091,-0.853750676362257,-0.018486087953935172,30.46256778681064
2092,-0.8537475403007582,-0.01834289428869458,30.43212083111307
2093,-0.8537444267560652,-0.018200473005521814,30.40170430635452
2094,-0.8537413356239576,-0.018058821123514406,30.371318182131574
2095,-0.8537382668005142,-0.017917935669555605,30.340962428070252
2096,-0.8537352201821131,-0.017777813678298234,30.310637013826547
2097,-0.8537321956654312,-0.017638452192145115,30.280341909086317
2098,-0.853729193147444,-0.01749984826124574,30.250077083565422
2099,-0.8537262125254248,-0.017361998943484412,30.219842507010362
2100,-0.853723253696945,-0.017224901304456558,30.18963814919771
2101,-0.8537203165598735,-0.017088552417459848,30.159463979933847
2102,-0.8537174010123758,-0.01695294936349373,30.129319969056684
2103,-0.8537145069529147,-0.016818089231233915,30.099206086433313
2104,-0.8537116342802491,-0.016683969117021084,30.069122301959364
2105,-0.8537087828934339,-0.016550586124854504,30.0390685855598
2106,-0.8537059526918198,-0.016417937366372957,30.009044907190372
2107,-0.8537031435750528,-0.016286019960850367,29.979051236837623
2108,-0.8537003554430739,-0.01615483103516742,29.94908754451837
2109,-0.8536975881961185,-0.01602436772381838,29.91915380027826
2110,-0.8536948417347167,-0.01589462716889247,29.88924997419221
2111,-0.8536921159596921,-0.015765606520053228,29.85937603636556
2112,-0.8536894107721622,-0.01563730293453246,29.829531956933202
2113,-0.8536867260735375,-0.015509713577118575,29.79971770606021
2114,-0.8536840617655213,-0.015382835620145825,29.769933253940998
2115,-0.8536814177501095,-0.015256666243479901,29.740178570799365
2116,-0.8536787939295902,-0.015131202634502211,29.71045362688836
2117,-0.8536761902065433,-0.01500644198810536,29.68075839249061
2118,-0.8536736064838398,-0.014882381506672175,29.65109283791959
2119,-0.8536710426646421,-0.014759018400069822,29.62145693351738
2120,-0.8536684986524031,-0.01463634988563363,29.59185064965573
2121,-0.8536659743508662,-0.014514373188163069,29.56227395673602
2122,-0.8536634696640647,-0.014393085539902617,29.532726825188618
2123,-0.8536609844963214,-0.01427248418052551,29.503209225473242
2124,-0.8536585187522487,-0.014152566357131035,29.473721128078697
2125,-0.8536560723367476,-0.01403332932422683,29.444262503524104
2126,-0.8536536451550075,-0.013914770343719145,29.414833322358803
2127,-0.8536512371125065,-0.013796886684904423,29.385433555161374
2128,-0.8536488481150099,-0.013679675624447007,29.356063172537958
2129,-0.8536464780685707,-0.013563134446377948,29.32672214512347
2130,-0.8536441268795293,-0.013447260442081513,29.297410443582706
2131,-0.8536417944545123,-0.013332050910275563,29.268128038610232
2132,-0.8536394807004327,-0.013217503157003757,29.23887490093054
2133,-0.8536371855244899,-0.013103614495628316,29.209651001296415
2134,-0.8536349088341685,-0.012990382246817797,29.180456310489916
2135,-0.8536326505372385,-0.012877803738525413,29.151290799321597
2136,-0.8536304105417546,-0.012765876305984674,29.122154438632034
2137,-0.8536281887560563,-0.01265459729170435,29.093047199290655
2138,-0.853625985088767,-0.012543964045442328,29.063969052195333
2139,-0.8536237994487939,-0.012433973924204181,29.034919968272995
2140,-0.8536216317453277,-0.012324624292225615,29.005899918479432
2141,-0.853619481887842,-0.012215912520974011,28.97690887379955
2142,-0.853617349786093,-0.012107835989114255,28.94794680524689
2143,-0.8536152353501195,-0.01200039208251379,28.91901368386379
2144,-0.8536131384902418,-0.011893578194226874,28.890109480722234
2145,-0.8536110591170619,-0.011787391724483306,28.861234166923094
2146,-0.853608997141463,-0.011681830080670606,28.832387713595136
2147,-0.8536069524746089,-0.011576890677342081,28.803570091894983
2148,-0.853604925027944,-0.011472570936177262,28.774781273008614
2149,-0.8536029147131927,-0.011368868285994448,28.74602122815106
2150,-0.853600921442359,-0.011265780162722224,28.717289928567226
2151,-0.853598945127726,-0.011163304009399288,28.6885873455302
2152,-0.8535969856818562,-0.01106143727615412,28.65991345034116
2153,-0.8535950430175899,-0.010960177420208692,28.63126821432917
2154,-0.8535931170480462,-0.010859521905844459,28.602651608851613
2155,-0.8535912076866216,-0.010759468204415179,28.574063605295144
2156,-0.85358931484699,-0.010660013794317504,28.545504175075425
2157,-0.8535874384431024,-0.010561156160985059,28.51697328963627
2158,-0.8535855783891864,-0.010462892796880006,28.488470920449814
2159,-0.8535837345997458,-0.010365221201483234,28.45999703901658
2160,-0.8535819069895602,-0.010268138881269586,28.431551616866347
2161,-0.8535800954736847,-0.010171643349714992,28.403134625556763
2162,-0.8535782999674496,-0.010075732127271836,28.374746036673237
2163,-0.8535765203864597,-0.00998040274136854,28.346385821830083
2164,-0.8535747566465943,-0.009885652726390151,28.318053952670052
2165,-0.8535730086640065,-0.00979147962366647,28.289750400863415
2166,-0.8535712763551231,-0.009697880981465073,28.26147513810871
2167,-0.8535695596366438,-0.009604854354985572,28.233228136132706
2168,-0.8535678584255413,-0.00951239730633315,28.205009366691534
2169,-0.8535661726390605,-0.009420507404513513,28.17681880156978
2170,-0.8535645021947186,-0.009329182225439716,28.148656412579566
2171,-0.853562847010304,-0.009238419351892136,28.120522171559834
2172,-0.8535612070038768,-0.009148216373525142,28.092416050377945
2173,-0.8535595820937675,-0.009058570886849514,28.064338020929654
2174,-0.8535579721985771,-0.008969480495233736,28.036288055139572
2175,-0.8535563772371768,-0.008880942808866801,28.00826612496033
2176,-0.8535547971287074,-0.00879295544477641,27.980272202372017
2177,-0.853553231792579,-0.008705516026798314,27.952306259381988
2178,-0.8535516811484706,-0.008618622185580177,27.924368268025745
2179,-0.8535501451163293,-0.008532271558550393,27.89645820036688
2180,-0.8535486236163708,-0.008446461789931095,27.868576028496566
2181,-0.8535471165690783,-0.008361190530705182,27.840721724533942
2182,-0.8535456238952023,-0.008276455438617275,27.812895260626735
2183,-0.85354414551576,-0.008192254178167224,27.785096608949853
2184,-0.8535426813520354,-0.008108584420589348,27.757325741706403
2185,-0.8535412313255784,-0.008025443843842137,27.7295826311267
2186,-0.8535397953582047,-0.007942830132599783,27.701867249469146
2187,-0.8535383733719952,-0.007860740978246936,27.674179569019806
2188,-0.853536965289296,-0.007779174078861573,27.646519562092468
2189,-0.8535355710327175,-0.007698127139199931,27.618887201028016
2190,-0.8535341905251341,-0.007617597870702274,27.59128245819441
2191,-0.8535328236896841,-0.007537583991458698,27.563705305987703
2192,-0.8535314704497691,-0.007458083226213925,27.5361557168319
2193,-0.8535301307290535,-0.0073790933063563584,27.508633663179257
2194,-0.8535288044514644,-0.007300611969903371,27.481139117509564
2195,-0.8535274915411908,-0.007222636961488785,27.45367205232869
2196,-0.8535261919226835,-0.007145166032352947,27.426232440169468
2197,-0.8535249055206547,-0.007068196940340111,27.398820253592888
2198,-0.8535236322600774,-0.00699172744987356,27.371435465188256
2199,-0.8535223720661851,-0.006915755331953866,27.344078047571347
2200,-0.8535211248644714,-0.006840278364154331,27.316747973385745
2201,-0.8535198905806896,-0.006765294330591606,27.28944521530219
2202,-0.8535186691408522,-0.006690801021933026,27.262169746018625
2203,-0.8535174604712307,-0.0066167962353737,27.23492153826029
2204,-0.8535162644983549,-0.006543277774639946,27.207700564778786
2205,-0.853515081149013,-0.0064702434499589075,27.18050679835357
2206,-0.8535139103502504,-0.006397691078066604,27.153340211791956
2207,-0.85351275202937,-0.0063256184821871885,27.126200777928236
2208,-0.8535116061139316,-0.006254023492018329,27.099088469623325
2209,-0.8535104725317513,-0.006182903943739151,27.072003259765264
2210,-0.8535093512109011,-0.00611225767997546,27.04494512126952
2211,-0.8535082420797089,-0.006042082549803387,27.017914027078657
2212,-0.8535071450667576,-0.005972376408741408,26.99090995016217
2213,-0.8535060601008849,-0.005903137118735306,26.963932863516064
2214,-0.8535049871111829,-0.005834362548142485,26.93698274016258
2215,-0.8535039260269977,-0.0057660505717238375,26.910059553150894
2216,-0.8535028767779287,-0.005698199070643323,26.88316327555839
2217,-0.8535018392938287,-0.005630805932439381,26.856293880489442
2218,-0.8535008135048032,-0.00556386905103393,26.829451341075355
2219,-0.8534997993412099,-0.005497386326702633,26.80263563047406
2220,-0.8534987967336585,-0.005431355666082056,26.775846721869293
2221,-0.8534978056130099,-0.005365774982147983,26.749084588472076
2222,-0.8534968259103763,-0.005300642194207895,26.722349203520416
2223,-0.8534958575571207,-0.005235955227889625,26.695640540278557
2224,-0.8534949004848558,-0.005171712015132152,26.66895857203802
2225,-0.8534939546254445,-0.005107910494180897,26.64230327211733
2226,-0.853493019910999,-0.0050445486095605984,26.61567461386132
2227,-0.8534920962738805,-0.004981624312080386,26.589072570641218
2228,-0.8534911836466985,-0.0049191355588217925,26.562497115854562
2229,-0.853490281962311,-0.004857080313121065,26.53594822292554
2230,-0.8534893911538235,-0.004795456544564716,26.509425865305232
2231,-0.8534885111545888,-0.004734262228971822,26.482930016471506
2232,-0.8534876418982065,-0.004673495348393924,26.456460649928168
2233,-0.8534867833185228,-0.004613153891099987,26.430017739204835
2234,-0.8534859353496298,-0.004553235851561475,26.40360125785833
2235,-0.8534850979258651,-0.004493739230447892,26.377211179472447
2236,-0.8534842709818118,-0.004434662034608691,26.35084747765723
2237,-0.8534834544522975,-0.004376002277084425,26.32451012604857
2238,-0.8534826482723941,-0.004317757977059872,26.298199098307887
2239,-0.8534818523774175,-0.004259927159892194,26.27191436812306
2240,-0.8534810667029271,-0.0042025078570744195,26.245655909209155
2241,-0.8534802911847252,-0.004145498106229834,26.219423695307544
2242,-0.853479525758857,-0.004088895951110923,26.193217700185713
2243,-0.8534787703616096,-0.004032699441583076,26.16703789763792
2244,-0.853478024929512,-0.0039769066336079765,26.14088426148432
2245,-0.8534772893993345,-0.003921515589247343,26.114756765570544
2246,-0.8534765637080886,-0.003866524376638934,26.088655383768383
2247,-0.8534758477930258,-0.003811931070003487,26.062580089975427
2248,-0.853475141591638,-0.0037577337496069916,26.03653085811593
2249,-0.8534744450416565,-0.003703930501777695,26.01050766214028
2250,-0.8534737580810521,-0.0036505194188825823,25.984510476025232
2251,-0.8534730806480341,-0.0035974985993147295,25.958539273772704
2252,-0.8534724126810502,-0.0035448661474922942,25.932594029410833
2253,-0.8534717541187862,-0.0034926201738444108,25.906674716994694
2254,-0.853471104900165,-0.0034407587947963766,25.880781310605315
2255,-0.8534704649643469,-0.003389280132760441,25.854913784350163
2256,-0.8534698342507286,-0.0033381823161382925,25.829072112362116
2257,-0.8534692126989433,-0.003287463479287058,25.80325626879917
2258,-0.8534686002488594,-0.0032371217625318163,25.777466227845803
2259,-0.8534679968405811,-0.0031871553121399373,25.751701963712872
2260,-0.8534674024144471,-0.003137562280325369,25.72596345063688
2261,-0.8534668169110309,-0.0030883408252193345,25.700250662879785
2262,-0.8534662402711397,-0.0030394891108779386,25.67456357472888
2263,-0.8534656724358145,-0.002991005307266218,25.648902160496846
2264,-0.8534651133463294,-0.002942887590236234,25.62326639452246
2265,-0.853464562944191,-0.0028951341415410555,25.597656251170122
2266,-0.8534640211711385,-0.002847743148798857,25.572071704830194
2267,-0.8534634879691426,-0.0028007128054926564,25.546512729918966
2268,-0.8534629632804056,-0.0027540413109756255,25.520979300878377
2269,-0.8534624470473606,-0.002707726870434085,25.495471392175734
2270,-0.8534619392126714,-0.0026617676948986657,25.469988978302876
2271,-0.8534614397192317,-0.002616162001218026,25.44453203377699
2272,-0.853460948510165,-0.002570908012062987,25.419100533141254
2273,-0.8534604655288237,-0.0025260039559101602,25.39369445096471
2274,-0.8534599907187893,-0.0024814480670231303,25.36831376184223
2275,-0.8534595240238714,-0.0024372385854534604,25.34295844039304
2276,-0.8534590653881076,-0.002393373757034875,25.317628461261705
2277,-0.8534586147557628,-0.002349851833358431,25.292323799118783
2278,-0.853458172071329,-0.0023066710717734936,25.267044428660267
2279,-0.8534577372795247,-0.0022638297353678996,25.24179032460722
2280,-0.8534573103252945,-0.0022213260929674866,25.21656146170592
2281,-0.8534568911538087,-0.0021791584191218506,25.191357814727294
2282,-0.853456479710463,-0.0021373249940978083,25.166179358468142
2283,-0.8534560759408775,-0.0020958241038578165,25.14102606775018
2284,-0.8534556797908968,-0.0020546540400666136,25.115897917420554
2285,-0.8534552912065895,-0.00201381310006491,25.090794882351787
2286,-0.8534549101342475,-0.0019732995868724135,25.065716937441287
2287,-0.8534545365203857,-0.0019331118091657144,25.040664057610936
2288,-0.8534541703117419,-0.0018932480812846662,25.0156362178078
2289,-0.8534538114552754,-0.0018537067231987055,24.990633393003755
2290,-0.8534534598981677,-0.0018144860605226172,24.965655558196108
2291,-0.8534531155878211,-0.0017755844244838857,24.940702688407463
2292,-0.8534527784718591,-0.0017370001519272501,24.915774758685995
2293,-0.8534524484981252,-0.0016987315852989326,24.890871744104643
2294,-0.8534521256146829,-0.0016607770726389665,24.86599361976037
2295,-0.8534518097698149,-0.001623134967565939,24.84114036077457
2296,-0.8534515009120235,-0.0015858036292741235,24.81631194229405
2297,-0.8534511989900287,-0.0015487814225177352,24.791508339490726
2298,-0.8534509039527693,-0.0015120667176045989,24.766729527561765
2299,-0.8534506157494014,-0.0014756578903812399,24.74197548172828
2300,-0.8534503343292982,-0.0014395533222337968,24.717246177236248
2301,-0.8534500596420498,-0.0014037514000539554,24.69254158935686
2302,-0.8534497916374626,-0.0013682505162622139,24.667861693386175
2303,-0.8534495302655587,-0.0013330490687675919,24.643206464644823
2304,-0.8534492754765758,-0.0012981454609820393,24.618575878477866
2305,-0.8534490272209663,-0.0012635381017862288,24.59396991025497
2306,-0.8534487854493972,-0.0012292254055456008,24.569388535370344
2307,-0.8534485501127494,-0.0011952057920724287,24.544831729242897
2308,-0.8534483211621177,-0.0011614776866413514,24.520299467315876
2309,-0.8534480985488097,-0.0011280395199617268,24.495791725057437
2310,-0.8534478822243458,-0.0010948897281804952,24.471308477960658
2311,-0.8534476721404585,-0.0010620267528567765,24.446849701542945
2312,-0.8534474682490923,-0.0010294490409631077,24.422415371345465
2313,-0.853447270502403,-0.000997155044879913,24.39800546293342
2314,-0.853447078852757,-0.0009651432223653706,24.37361995189706
2315,-0.8534468932527312,-0.0009334120365750006,24.34925881385123
2316,-0.8534467136551126,-0.0009019599560125502,24.32492202443592
2317,-0.8534465400128975,-0.0008707854545711398,24.30060955931503
2318,-0.8534463722792915,-0.0008398870114601308,24.276321394175945
2319,-0.8534462104077086,-0.0008092631112585974,24.25205750473065
2320,-0.853446054351771,-0.0007789122438646488,24.227817866714965
2321,-0.8534459040653085,-0.0007488329044939867,24.203602455889328
2322,-0.8534457595023581,-0.0007190235936775578,24.179411248038726
2323,-0.8534456206171638,-0.0006894828172411306,24.155244218972086
2324,-0.8534454873641756,-0.0006602090863096653,24.131101344522282
2325,-0.8534453596980495,-0.000631200917279655,24.106982600546637
2326,-0.8534452375736469,-0.0006024568318225474,24.08288796292694
2327,-0.8534451209460341,-0.0005739753568650236,24.05881740756891
2328,-0.853445009770482,-0.0005457550245909239,24.034770910402294
2329,-0.8534449040024653,-0.0005177943724192244,24.010748447380777
2330,-0.8534448035976625,-0.0004900919429967458,23.986749994482185
2331,-0.853444708511955,-0.00046264628420225655,23.962775527707926
2332,-0.853444618701427,-0.0004354559491106124,23.938825023083428
2333,-0.8534445341223648,-0.0004085194960036007,23.914898456658257
2334,-0.8534444547312564,-0.0003818354883533634,23.890995804506503
2335,-0.8534443804847912,-0.0003554024948077735,23.86711704272678
2336,-0.8534443113398594,-0.0003292190891885222,23.843262147440303
2337,-0.8534442472535514,-0.0003032838504788947,23.819431094791636
2338,-0.8534441881831576,-0.0002775953628060188,23.79562386094972
2339,-0.8534441340861678,-0.0002521522154427829,23.771840422107633
2340,-0.8534440849202708,-0.0002269530027892878,23.748080754482725
2341,-0.8534440406433539,-0.00020199632436625477,23.724344834316195
2342,-0.8534440012135025,-0.00017728078480258415,23.700632637872573
2343,-0.8534439665889995,-0.00015280499383027026,23.676944141439865
2344,-0.8534439367283249,-0.00012856756626968967,23.653279321329933
2345,-0.8534439115901555,-0.0001045671220217525,23.629638153878016
2346,-0.8534438911333643,-8.080228605935291e-05,23.60602061544315
2347,-0.8534438753170199,-5.727168840742427e-05,23.582426682407966
2348,-0.8534438641003863,-3.397396415511016e-05,23.558856331178994
2349,-0.8534438574429223,-1.0907753417505715e-05,23.535309538186034
2350,-0.853443855304281,1.1928298649253782e-05,23.511786279882777
2351,-0.8534438576443095,3.453554187617476e-05,23.488286532746546
2352,-0.8534438644230483,5.6915321087100335e-05,23.464810273277973
2353,-0.8534438756007308,7.90689760955318e-05,23.4413574780016
2354,-0.8534438911377829,0.00010099784172885394,23.417928123465234
2355,-0.8534439109948226,0.00012270324783648158,23.394522186239225
2356,-0.8534439351326597,0.00014418651929577072,23.371139642917473
2357,-0.8534439635122947,0.0001654489760267289,23.34778047011766
2358,-0.853443996094919,0.00018649193299598893,23.324444644481222
2359,-0.8534440328419143,0.00020731670022656033,23.301132142673435
2360,-0.8534440737148516,0.0002279245828208728,23.277842941382623
2361,-0.8534441186754917,0.00024831688095188853,23.25457701731936
2362,-0.8534441676857839,0.00026849488988578635,23.23133434721776
2363,-0.8534442207078657,0.00028845989998372754,23.2081149078354
2364,-0.853444277704063,0.00030821319672696707,23.184918675953607
2365,-0.8534443386368884,0.00032775606070938463,23.161745628376618
2366,-0.8534444034690419,0.00034708976765031877,23.138595741932257
2367,-0.85344447216341,0.0003662155884129217,23.11546899347095
2368,-0.8534445446830651,0.0003851347890138978,23.09236535986633
2369,-0.853444620991265,0.0004038486306219911,23.06928481801536
2370,-0.8534447010514528,0.0004223583695784793,23.04622734483748
2371,-0.8534447848272562,0.0004406652573965068,23.023192917275473
2372,-0.8534448722824869,0.0004587705407961436,23.000181512295743
2373,-0.8534449633811405,0.00047667546167689216,22.9771931068873
2374,-0.8534450580873957,0.0004943812571556591,22.954227678061965
2375,-0.8534451563656138,0.0005118891595736732,22.9312852028548
2376,-0.8534452581803387,0.0005292003964895809,22.90836565832421
2377,-0.853445363496296,0.0005463161907107442,22.88546902155171
2378,-0.8534454722783925,0.000563237760289688,22.862595269641826
2379,-0.8534455844917163,0.0005799663185360068,22.83974437972073
2380,-0.8534457001015353,0.0005965030740228232,22.816916328937488
2381,-0.853445819073298,0.0006128492306171798,22.79411109446428
2382,-0.8534459413726321,0.0006290059874611501,22.77132865349668
2383,-0.8534460669653442,0.0006449745389957627,22.74856898325321
2384,-0.8534461958174198,0.0006607560749772207,22.725832060975
2385,-0.8534463278950221,0.0006763517804811471,22.703117863925886
2386,-0.8534464631644922,0.0006917628358936883,22.680426369391764
2387,-0.8534466015923485,0.000706990416965983,22.65775755468149
2388,-0.8534467431452857,0.0007220356947696471,22.63511139712686
2389,-0.853446887790175,0.0007368998357572547,22.61248787408213
2390,-0.8534470354940632,0.0007515840017356299,22.58988696292473
2391,-0.8534471862241726,0.0007660893498889354,22.5673086410545
2392,-0.8534473399479001,0.0007804170327987636,22.54475288589362
2393,-0.8534474966328173,0.0007945681984387788,22.52221967488682
2394,-0.8534476562466693,0.0008085439901822129,22.49970898550146
2395,-0.8534478187573749,0.000822345546832643,22.47722079522713
2396,-0.8534479841330256,0.0008359740026137655,22.454755081576508
2397,-0.8534481523418858,0.0008494304871865266,22.43231182208459
2398,-0.8534483233523915,0.0008627161256620071,22.409890994308416
2399,-0.8534484971331506,0.0008758320386018175,22.38749257582755
2400,-0.853448673652942,0.0008887793420406129,22.365116544244426
2401,-0.853448852880715,0.000901559147489306,22.342762877184335
2402,-0.8534490347855894,0.0009141725619440619,22.320431552294657
2403,-0.8534492193368546,0.0009266206878951083,22.298122547244464
2404,-0.8534494065039689,0.000938904623337915,22.27583583972451
2405,-0.8534495962565599,0.0009510254617890583,22.25357140744807
2406,-0.8534497885644232,0.0009629842922886754,22.231329228151356
2407,-0.8534499833975222,0.0009747821994145633,22.209109279592923
2408,-0.8534501807259877,0.0009864202632844312,22.1869115395535
2409,-0.8534503805201173,0.0009978995595786198,22.16473598583622
2410,-0.8534505827503753,0.0010092211595422475,22.142582596266276
2411,-0.8534507873873918,0.001020386129992847,22.12045134869064
2412,-0.8534509944019623,0.0010313955333293402,22.098342220978452
2413,-0.8534512037650475,0.0010422504275573554,22.076255191020987
2414,-0.8534514154477725,0.0010529518662784274,22.05419023673223
2415,-0.8534516294214266,0.0010635008987084228,22.032147336048112
2416,-0.8534518456574627,0.0010738985696944234,22.010126466926312
2417,-0.8534520641274967,0.0010841459197100365,21.988127607346414
2418,-0.8534522848033076,0.0010942439848819411,21.966150735310116
2419,-0.8534525076568362,0.001104193796981802,21.944195828841323
2420,-0.8534527326601854,0.0011139963834512062,21.922262865985928
2421,-0.8534529597856191,0.0011236527674048202,21.900351824811658
2422,-0.8534531890055621,0.0011331639676419238,21.878462683407722
2423,-0.8534534202925996,0.0011425309986480047,21.85659541988526
2424,-0.8534536536194769,0.0011517548706252558,21.834750012377558
2425,-0.8534538889590984,0.0011608365894733845,21.812926439040293
2426,-0.8534541262845274,0.001169777156831285,21.791124678051215
2427,-0.8534543655689862,0.0011785775700597744,21.769344707609328
2428,-0.8534546067858548,0.0011872388222606957,21.747586505934866
2429,-0.8534548499086707,0.0011957619022994455,21.72585005126967
2430,-0.8534550949111286,0.0012041477947915987,21.704135321877853
2431,-0.8534553417670797,0.0012123974801315999,21.682442296045217
2432,-0.8534555904505317,0.0012205119344925728,21.660770952079535
2433,-0.8534558409356475,0.0012284921298474113,21.6391212683105
2434,-0.8534560931967458,0.0012363390339581145,21.61749322308932
2435,-0.8534563472082997,0.0012440536104062587,21.595886794788928
2436,-0.8534566029449366,0.0012516368185930527,21.574301961803233
2437,-0.853456860381438,0.0012590896137478359,21.552738702547803
2438,-0.8534571194927385,0.0012664129469458895,21.53119699546036
2439,-0.8534573802539257,0.001273607765108451,21.50967681900028
2440,-0.8534576426402398,0.001280675011014847,21.488178151648043
2441,-0.8534579066270728,0.0012876156233194295,21.466700971905276
2442,-0.8534581721899682,0.0012944305365589247,21.445245258295405
2443,-0.8534584393046207,0.0013011206811535303,21.423810989363542
2444,-0.8534587079468755,0.001307686983417733,21.40239814367659
2445,-0.8534589780927279,0.0013141303655915958,21.381006699822365
2446,-0.8534592497183229,0.001320451745816901,21.35963663640992
2447,-0.8534595227999547,0.0013266520381754506,21.338287932069626
2448,-0.8534597973140663,0.0013327321526802728,21.31696056545345
2449,-0.8534600732372488,0.001338692995298201,21.29565451523513
2450,-0.8534603505462413,0.0013445354679542942,21.27436976010965
2451,-0.85346062921793,0.0013502604685326353,21.25310627879361
2452,-0.8534609092293481,0.0013558688909024409,21.231864050024257
2453,-0.8534611905576754,0.0013613616249169836,21.210643052559778
2454,-0.8534614731802375,0.001366739556431339,21.189443265179694
2455,-0.8534617570745053,0.001372003567296014,21.168264666684657
2456,-0.8534620422180951,0.0013771545353880646,21.14710723589686
2457,-0.8534623285887675,0.001382193334607583,21.12597095166005
2458,-0.8534626161644272,0.001387120834890839,21.104855792839096
2459,-0.8534629049231227,0.0013919379022147948,21.083761738319673
2460,-0.8534631948430457,0.0013966453986201698,21.062688767008453
2461,-0.8534634859025304,0.0014012441822024628,21.041636857832916
2462,-0.8534637780800535,0.001405735107140195,21.020605989741938
2463,-0.8534640713542333,0.0014101190236900636,20.99959614170574
2464,-0.8534643657038296,0.0014143967782058904,20.978607292715246
2465,-0.8534646611077429,0.001418569213146482,20.957639421781995
2466,-0.8534649575450143,0.0014226371670748269,20.93669250793861
2467,-0.8534652549948247,0.0014266014746921953,20.91576653023922
2468,-0.8534655534364947,0.0014304629668220497,20.894861467759014
2469,-0.8534658528494835,0.0014342224704279503,20.87397729959387
2470,-0.8534661532133895,0.0014378808086314698,20.853114004860384
2471,-0.8534664545079487,0.0014414388007164649,20.83227156269573
2472,-0.8534667567130351,0.001444897262132328,20.811449952258197
2473,-0.8534670598086596,0.0014482570045091163,20.79064915272716
2474,-0.85346736377497,0.0014515188356767756,20.76986914330272
2475,-0.8534676685922504,0.001454683559661064,20.74910990320607
2476,-0.8534679742409208,0.0014577519766900758,20.72837141167933
2477,-0.8534682807015364,0.0014607248832185589,20.707653647984717
2478,-0.8534685879547872,0.0014636030719279388,20.68695659140498
2479,-0.8534688959814979,0.0014663873317434552,20.6662802212433
2480,-0.8534692047626271,0.001469078447830227,20.64562451682403
2481,-0.853469514279267,0.0014716772016146193,20.624989457492532
2482,-0.8534698245126427,0.0014741843707953397,20.604375022615017
2483,-0.8534701354441122,0.0014766007293432611,20.583781191578108
2484,-0.8534704470551654,0.0014789270475178235,20.56320794378861
2485,-0.8534707593274239,0.0014811640918698577,20.542655258674372
2486,-0.8534710722426407,0.0014833126252642075,20.522123115683613
2487,-0.8534713857826998,0.0014853734068748944,20.50161149428499
2488,-0.853471699929615,0.0014873471922097483,20.481120373967777
2489,-0.8534720146655305,0.0014892347330942425,20.460649734241418
2490,-0.8534723299727195,0.0014910367777169746,20.44019955463564
2491,-0.8534726458335846,0.0014927540706047488,20.41976981470125
2492,-0.8534729622306567,0.0014943873526643671,20.39936049400951
2493,-0.8534732791465947,0.0014959373611576963,20.378971572152007
2494,-0.8534735965641852,0.0014974048297434295,20.35860302874087
2495,-0.853473914466342,0.0014987904884613754,20.33825484340818
2496,-0.8534742328361057,0.0015000950637622927,20.317926995806307
2497,-0.853474551656643,0.0015013192785001837,20.29761946560811
2498,-0.8534748709112463,0.0015024638519528432,20.277332232506676
2499,-0.8534751905833337,0.0015035294998272022,20.257065276215766
2500,-0.8534755106564479,0.0015045169342737992,20.236818576469464
2501,-0.8534758311142562,0.0015054268638833503,20.216592113022326
2502,-0.8534761519405498,0.0015062599937154533,20.19638586564827
2503,-0.8534764731192436,0.0015070170252907012,20.17619981414129
2504,-0.8534767946343753,0.0015076986566098063,20.156033938315936
2505,-0.8534771164701057,0.0015083055821613076,20.135888218007146
2506,-0.8534774386107175,0.0015088384929278496,20.115762633070307
2507,-0.853477761040615,0.0015092980763960053,20.0956571633809
2508,-0.8534780837443242,0.0015096850165766357,20.075571788834157
2509,-0.8534784067064917,0.001509999993996754,20.05550648934557
2510,-0.8534787299118844,0.0015102436857207945,20.035461244851064
2511,-0.8534790533453895,0.0015104167653609882,20.015436035306156
2512,-0.8534793769920136,0.0015105199030745456,19.995430840686282
2513,-0.8534797008368821,0.0015105537655854295,19.975445640987108
2514,-0.8534800248652391,0.001510519016191857,19.955480416223928
2515,-0.8534803490624471,0.0015104163147659998,19.93553514643235
2516,-0.8534806734139861,0.001510246317779758,19.915609811667938
2517,-0.8534809979054536,0.0015100096783023187,19.895704392006305
2518,-0.8534813225225636,0.0015097070460144552,19.875818867543185
2519,-0.8534816472511466,0.0015093390672060003,19.855953218394134
2520,-0.8534819720771493,0.0015089063848100991,19.836107424694216
2521,-0.8534822969866335,0.0015084096383840275,19.816281466598035
2522,-0.8534826219657763,0.0015078494641433563,19.79647532428039
2523,-0.8534829470008694,0.0015072264949539658,19.776688977936086
2524,-0.8534832720783184,0.0015065413603486252,19.756922407779854
2525,-0.853483597184643,0.0015057946865332373,19.737175594046317
2526,-0.8534839223064759,0.0015049870964071457,19.717448516989656
2527,-0.8534842474305627,0.0015041192095479284,19.69774115688318
2528,-0.8534845725437615,0.0015031916422540413,19.67805349402004
2529,-0.8534848976330422,0.0015022050075257974,19.658385508713447
2530,-0.8534852226854863,0.0015011599150853666,19.638737181296303
2531,-0.8534855476882863,0.001500056971389252,19.61910849212133
2532,-0.8534858726287453,0.0014988967796365803,19.599499421560726
2533,-0.8534861974942768,0.0014976799397708193,19.57990995000629
2534,-0.8534865222724037,0.0014964070484996606,19.560340057869702
2535,-0.8534868469507586,0.0014950786992923536,19.540789725582087
2536,-0.8534871715170826,0.0014936954824043322,19.5212589335937
2537,-0.8534874959592257,0.0014922579848737564,19.5017476623744
2538,-0.8534878202651452,0.001490766790527636,19.48225589241369
2539,-0.8534881444229068,0.001489222480010759,19.462783604220444
2540,-0.8534884684206825,0.0014876256307772616,19.443330778322967
2541,-0.8534887922467516,0.0014859768171006484,19.423897395269364
2542,-0.8534891158894992,0.0014842766100982008,19.404483435627437
2543,-0.8534894393374165,0.0014825255777190902,19.38508887998451
2544,-0.8534897625791001,0.0014807242847690797,19.365713708947066
2545,-0.8534900856032513,0.001478873292911177,19.346357903140362
2546,-0.8534904083986762,0.0014769731606837477,19.327021443209148
2547,-0.8534907309542846,0.0014750244435005253,19.30770430981788
2548,-0.8534910532590904,0.0014730276936595686,19.288406483650377
2549,-0.8534913753022102,0.0014709834603640044,19.26912794540999
2550,-0.8534916970728638,0.0014688922897204983,19.249868675819183
2551,-0.8534920185603729,0.001466754724751885,19.230628655619487
2552,-0.8534923397541617,0.0014645713054022176,19.211407865571637
2553,-0.8534926606437554,0.0014623425685536273,19.192206286455544
2554,-0.8534929812187804,0.0014600690480264904,19.17302389907055
2555,-0.8534933014689637,0.0014577512746045012,19.153860684235106
2556,-0.8534936213841327,0.0014553897760175615,19.13471662278701
2557,-0.853493940954214,0.001452985076976781,19.115591695583166
2558,-0.8534942601692341,0.0014505376991656397,19.096485883499657
2559,-0.8534945790193182,0.0014480481612654398,19.07739916743157
2560,-0.8534948974946899,0.0014455169789502102,19.058331528293206
2561,-0.8534952155856709,0.00144294466489505,19.039282947017682
2562,-0.8534955332826805,0.0014403317287958117,19.0202534045572
2563,-0.8534958505762351,0.0014376786773744135,19.00124288188296
2564,-0.8534961674569481,0.0014349860143895766,18.982251359984858
2565,-0.8534964839155291,0.0014322542406308458,18.96327881987218
2566,-0.8534967999427836,0.0014294838539511373,18.944325242573466
2567,-0.8534971155296126,0.00142667534926502,18.92539060913649
2568,-0.8534974306670121,0.0014238292185493255,18.90647490062797
2569,-0.8534977453460728,0.0014209459508625034,18.887578098132757
2570,-0.8534980595579796,0.0014180260323531525,18.868700182754672
2571,-0.8534983732940113,0.0014150699462632409,18.84984113561644
2572,-0.8534986865455401,0.0014120781729429722,18.83100093785996
2573,-0.8534989993040307,0.0014090511898569617,18.81217957064593
2574,-0.8534993115610409,0.001405989471595751,18.79337701515381
2575,-0.8534996233082203,0.0014028934898740774,18.774593252581774
2576,-0.8534999345373102,0.0013997637135602975,18.755828264147027
2577,-0.8535002452401432,0.0013966006086680697,18.737082031085166
2578,-0.8535005554086429,0.0013934046383639257,18.718354534650484
2579,-0.8535008650348231,0.0013901762629929914,18.699645756116325
2580,-0.8535011741107877,0.0013869159400739623,18.680955676774804
2581,-0.8535014826287303,0.0013836241243058195,18.662284277936788
2582,-0.8535017905809335,0.001380301267592934,18.643631540931654
2583,-0.8535020979597686,0.0013769478190347067,18.624997447107482
2584,-0.8535024047576956,0.00137356422495351,18.60638197783105
2585,-0.853502710967262,0.0013701509288747567,18.587785114487772
2586,-0.8535030165811033,0.001366708371577993,18.569206838481687
2587,-0.8535033215919415,0.0013632369910638804,18.550647131235092
2588,-0.8535036259925859,0.001359737222588895,18.532105974188763
2589,-0.8535039297759316,0.0013562094986594834,18.513583348802168
2590,-0.8535042329349597,0.0013526542490597314,18.49507923655356
2591,-0.8535045354627369,0.0013490719008387184,18.47659361894004
2592,-0.8535048373524147,0.0013454628783280615,18.458126477477283
2593,-0.8535051385972293,0.0013418276031624556,18.439677793699
2594,-0.8535054391905013,0.0013381664942587138,18.42124754915709
2595,-0.8535057391256348,0.0013344799678608732,18.402835725421934
2596,-0.8535060383961175,0.001330768437523945,18.38444230408221
2597,-0.85350633699552,0.0013270323141236259,18.366067266745294
2598,-0.8535066349174956,0.001323272005882524,18.34771059503693
2599,-0.8535069321557796,0.0013194879183573934,18.329372270601382
2600,-0.853507228704189,0.0013156804544669984,18.311052275101126
2601,-0.8535075245566225,0.001311850014488655,18.29275059021699
2602,-0.8535078197070594,0.00130799699606342,18.274467197647954
2603,-0.8535081141495595,0.0013041217942223976,18.256202079111205
2604,-0.8535084078782632,0.0013002248013702896,18.237955216342616
2605,-0.8535087008873902,0.0012963064073270314,18.219726591096293
2606,-0.8535089931712395,0.0012923669993010357,18.20151618514435
2607,-0.8535092847241894,0.0012884069619207234,18.18332398027705
2608,-0.8535095755406964,0.001284426677235433,18.16514995830299
2609,-0.8535098656152952,0.0012804265247313774,18.146994101049067
2610,-0.8535101549425983,0.0012764068813209363,18.1288563903606
2611,-0.8535104435172953,0.0012723681213754163,18.1107368081005
2612,-0.8535107313341531,0.0012683106167177022,18.092635336149435
2613,-0.8535110183880147,0.0012642347366417174,18.074551956406594
2614,-0.8535113046737994,0.0012601408479033123,18.056486650789296
2615,-0.8535115901865024,0.0012560293147507293,18.038439401233155
2616,-0.8535118749211937,0.0012519004989180614,18.020410189692
2617,-0.8535121588730188,0.001247754759646555,18.00239899813778
2618,-0.8535124420371973,0.00124359245367238,17.98440580856026
2619,-0.8535127244090234,0.0012394139352546953,17.96643060296669
2620,-0.8535130059838645,0.0012352195561755137,17.94847336338246
2621,-0.8535132867571615,0.0012310096657514274,17.930534071850854
2622,-0.8535135667244286,0.001226784610842002,17.91261271043336
2623,-0.853513845881252,0.0012225447358493312,17.894709261209666
2624,-0.8535141242232904,0.0012182903827446454,17.876823706277186
2625,-0.8535144017462742,0.001214021891058819,17.85895602775112
2626,-0.8535146784460053,0.001209739597901231,17.84110620776476
2627,-0.8535149543183561,0.0012054438379595776,17.823274228468925
2628,-0.8535152293592702,0.0012011349435194637,17.805460072032492
2629,-0.853515503564761,0.0011968132444655037,17.787663720642453
2630,-0.8535157769309119,0.0011924790682843502,17.769885156503168
2631,-0.8535160494538755,0.0011881327400946671,17.752124361836575
2632,-0.8535163211298737,0.0011837745826263207,17.734381318882615
2633,-0.8535165919551969,0.001179404916248156,17.716656009899076
2634,-0.8535168619262038,0.0011750240589673791,17.698948417161642
2635,-0.8535171310393209,0.0011706323264509394,17.681258522963578
2636,-0.8535173992910422,0.001166230032016736,17.66358630961557
2637,-0.8535176666779288,0.0011618174866493483,17.645931759445762
2638,-0.8535179331966086,0.0011573949990120603,17.628294854800252
2639,-0.8535181988437758,0.0011529628754543028,17.610675578042972
2640,-0.8535184636161904,0.0011485214200025132,17.593073911555543
2641,-0.8535187275106781,0.0011440709344066905,17.575489837737397
2642,-0.8535189905241298,0.0011396117181016283,17.557923339005658
2643,-0.8535192526535011,0.0011351440682591176,17.540374397794498
2644,-0.8535195138958123,0.0011306682797568495,17.52284299655549
2645,-0.8535197742481472,0.0011261846452175284,17.5053291177577
2646,-0.8535200337076536,0.0011216934550012712,17.48783274388784
2647,-0.8535202922715427,0.0011171949972154523,17.47035385745054
2648,-0.8535205499370884,0.0011126895577314214,17.452892440967922
2649,-0.8535208067016271,0.0011081774201770003,17.43544847697914
2650,-0.8535210625625576,0.001103658865959017,17.418021948040966
2651,-0.85352131751734,0.0010991341742640909,17.40061283672785
2652,-0.8535215715634963,0.0010946036220694023,17.38322112563149
2653,-0.8535218246986093,0.0010900674841507055,17.365846797360987
2654,-0.8535220769203223,0.0010855260330920454,17.348489834542825
2655,-0.8535223282263392,0.0010809795392819036,17.33115021982065
2656,-0.8535225786144235,0.0010764282709423843,17.313827935855347
2657,-0.8535228280823983,0.0010718724941204713,17.296522965325465
2658,-0.8535230766281461,0.0010673124726979077,17.279235290926927
2659,-0.8535233242496078,0.001062748468412572,17.261964895372966
2660,-0.8535235709447829,0.0010581807408436828,17.24471176139404
2661,-0.853523816711729,0.0010536095474426195,17.227475871737433
2662,-0.8535240615485614,0.001049035143530125,17.21025720916767
2663,-0.8535243054534525,0.001044457782299156,17.193055756466826
2664,-0.8535245484246318,0.001039877714838772,17.175871496434194
2665,-0.8535247904603852,0.0010352951901137146,17.15870441188639
2666,-0.8535250315590551,0.0010307104550118917,17.14155448565756
2667,-0.8535252717190396,0.0010261237543254332,17.124421700598646
2668,-0.8535255109387921,0.001021535330754288,17.107306039577356
2669,-0.8535257492168213,0.001016945424932814,17.090207485478224
2670,-0.8535259865516908,0.0010123542754234887,17.07312602120325
2671,-0.8535262229420181,0.0010077621187421046,17.05606162967163
2672,-0.8535264583864751,0.001003169189343675,17.039014293819776
2673,-0.8535266928837872,0.0009985757196351009,17.021983996600927
2674,-0.8535269264327333,0.0009939819399995703,17.00497072098541
2675,-0.853527159032145,0.0009893880787934185,16.98797444996066
2676,-0.8535273906809068,0.0009847943623466136,16.97099516653144
2677,-0.8535276213779549,0.0009802010149844956,16.954032853719173
2678,-0.8535278511222778,0.0009756082590203393,16.93708749456221
2679,-0.8535280799129153,0.0009710163147771369,16.92015907211588
2680,-0.8535283077489585,0.0009664254005904604,16.903247569452063
2681,-0.8535285346295491,0.0009618357328104344,16.886352969659864
2682,-0.8535287605538795,0.0009572475258208147,16.869475255845494
2683,-0.8535289855211918,0.0009526609920391194,16.852614411131956
2684,-0.8535292095307783,0.0009480763419217307,16.83577041865945
2685,-0.8535294325819801,0.0009434937839761632,16.8189432615847
2686,-0.853529654674188,0.0009389135247704296,16.802132923081036
2687,-0.8535298758068408,0.0009343357689437315,16.785339386338475
2688,-0.8535300959794261,0.0009297607191937491,16.76856263456414
2689,-0.8535303151914793,0.0009251885763160579,16.75180265098207
2690,-0.8535305334425832,0.000920619539181464,16.735059418833327
2691,-0.8535307507323684,0.0009160538047696835,16.718332921375563
2692,-0.8535309670605119,0.0009114915681572663,16.70162314188283
2693,-0.8535311824267375,0.0009069330225221495,16.68493006364589
2694,-0.8535313968308152,0.0009023783591839435,16.668253669972056
2695,-0.853531610272561,0.0008978277675782882,16.651593944185645
2696,-0.8535318227518361,0.0008932814352665676,16.634950869627566
2697,-0.8535320342685473,0.0008887395479647465,16.618324429655505
2698,-0.8535322448226459,0.000884202289534487,16.601714607643625
2699,-0.8535324544141278,0.0008796698419895618,16.58512138698276
2700,-0.8535326630430333,0.0008751423855148373,16.568544751080665
2701,-0.8535328707094463,0.0008706200984672151,16.551984683361653
2702,-0.853533077413494,0.0008661031573790413,16.535441167266335
2703,-0.8535332831553473,0.000861591736967914,16.518914186251344
2704,-0.8535334879352191,0.0008570860101520762,16.50240372378979
2705,-0.8535336917533655,0.0008525861480468605,16.48590976337127
2706,-0.8535338946100842,0.00084809231997831,16.4694322885019
2707,-0.8535340965057151,0.000843604693489946,16.452971282704436
2708,-0.8535342974406392,0.0008391234343516247,16.43652672951842
2709,-0.8535344974152789,0.0008346487065604329,16.42009861249981
2710,-0.8535346964300969,0.0008301806723548358,16.40368691522059
2711,-0.8535348944855969,0.0008257194922166882,16.387291621269007
2712,-0.8535350915823224,0.0008212653248873498,16.370912714249773
2713,-0.8535352877208567,0.0008168183273584469,16.35455017778438
2714,-0.8535354829018227,0.0008123786549034235,16.338203995510774
2715,-0.8535356771258821,0.0008079464610673567,16.321874151083172
2716,-0.8535358703937356,0.0008035218976671444,16.305560628172003
2717,-0.8535360627061223,0.0007991051148255879,16.289263410463928
2718,-0.8535362540638193,0.0007946962609540241,16.272982481661884
2719,-0.8535364444676418,0.0007902954827706523,16.25671782548506
2720,-0.853536633918442,0.0007859029253111653,16.240469425669048
2721,-0.8535368224171098,0.0007815187319194631,16.224237265965748
2722,-0.8535370099645714,0.0007771430442727909,16.208021330143193
2723,-0.8535371965617897,0.0007727760023832289,16.19182160198572
2724,-0.8535373822097637,0.0007684177445974131,16.17563806529401
2725,-0.8535375669095283,0.0007640684076254589,16.15947070388495
2726,-0.8535377506621539,0.000759728126510426,16.143319501591726
2727,-0.853537933468746,0.0007553970346776088,16.127184442263456
2728,-0.853538115330445,0.0007510752639125853,16.11106550976506
2729,-0.8535382962484259,0.000746762944375439,16.094962687977635
2730,-0.8535384762238979,0.000742460204618921,16.07887596079836
2731,-0.8535386552581039,0.0007381671715792908,16.062805312140732
2732,-0.8535388333523207,0.0007338839705947565,16.046750725934594
2733,-0.8535390105078582,0.0007296107254071459,16.03071218612587
2734,-0.8535391867260592,0.0007253475581767439,16.014689676676504
2735,-0.8535393620082993,0.0007210945894732622,15.9986831815641
2736,-0.8535395363559862,0.0007168519382929594,15.982692684782178
2737,-0.8535397097705598,0.0007126197220798156,15.96671817034047
2738,-0.8535398822534915,0.0007083980567049211,15.950759622264885
2739,-0.8535400538062843,0.0007041870564910471,15.934817024597358
2740,-0.853540224430472,0.0006999868342195894,15.918890361395526
2741,-0.8535403941276193,0.0006957975011236467,15.902979616732848
2742,-0.8535405628993212,0.000691619166915229,15.88708477469896
2743,-0.853540730747203,0.0006874519397726527,15.871205819399286
2744,-0.8535408976729199,0.0006832959263695928,15.85534273495487
2745,-0.8535410636781561,0.0006791512318532855,15.83949550550285
2746,-0.8535412287646256,0.0006750179598834575,15.823664115196202
2747,-0.8535413929340708,0.0006708962126087282,15.807848548203607
2748,-0.8535415561882631,0.0006667860906989079,15.792048788709762
2749,-0.8535417185290018,0.000662687693332731,15.776264820915067
2750,-0.8535418799581146,0.0006586011182202873,15.760496629036131
2751,-0.8535420404774563,0.0006545264615948845,15.744744197305211
2752,-0.8535422000889096,0.000650463818238401,15.729007509969984
2753,-0.8535423587943839,0.0006464132814625657,15.713286551293612
2754,-0.8535425165958156,0.0006423749431426619,15.697581305555108
2755,-0.8535426734951673,0.000638348893707643,15.681891757049328
2756,-0.8535428294944281,0.0006343352221546757,15.666217890086955
2757,-0.8535429845956126,0.0006303340160494194,15.650559688994614
2758,-0.8535431388007613,0.0006263453615313251,15.634917138114636
2759,-0.8535432921119396,0.0006223693433334756,15.61929022180469
2760,-0.853543444531238,0.0006184060447847167,15.603678924437906
2761,-0.8535435960607718,0.0006144555477989663,15.588083230403203
2762,-0.8535437467026806,0.0006105179329094247,15.572503124105141
2763,-0.8535438964591281,0.0006065932792501636,15.556938589963876
2764,-0.8535440453323015,0.0006026816645801601,15.541389612415193
2765,-0.8535441933244119,0.0005987831652879377,15.525856175910173
2766,-0.8535443404376933,0.000594897856390387,15.510338264915655
2767,-0.8535444866744029,0.0005910258115381475,15.494835863913968
2768,-0.85354463203682,0.0005871671030411049,15.479348957402836
2769,-0.8535447765272467,0.0005833218018475979,15.46387752989554
2770,-0.853544920148007,0.0005794899775729639,15.44842156592097
2771,-0.8535450629014466,0.0005756716984940891,15.432981050023301
2772,-0.8535452047899327,0.0005718670315670767,15.417555966762125
2773,-0.8535453458158535,0.0005680760424203117,15.402146300712642
2774,-0.8535454859816184,0.0005642987953672025,15.386752036465602
2775,-0.853545625289657,0.000560535353423615,15.371373158627183
2776,-0.8535457637424196,0.0005567857782873333,15.356009651818923
2777,-0.8535459013423764,0.0005530501303788289,15.340661500677367
2778,-0.8535460380920171,0.0005493284688144675,15.325328689854118
2779,-0.8535461739938511,0.0005456208514436595,15.310011204016469
2780,-0.8535463090504071,0.0005419273348298801,15.294709027847192
2781,-0.8535464432642323,0.00053824797426997,15.279422146044435
2782,-0.853546576637893,0.0005345828238031135,15.264150543321765
2783,-0.8535467091739735,0.0005309319362120056,15.24889420440793
2784,-0.8535468408750762,0.0005272953630226923,15.233653114046847
2785,-0.8535469717438213,0.0005236731545276477,15.218427256997575
2786,-0.8535471017828468,0.0005200653597820722,15.20321661803439
2787,-0.8535472309948074,0.0005164720266022726,15.188021181946814
2788,-0.8535473593823754,0.0005128932015915199,15.172840933539653
2789,-0.8535474869482391,0.0005093289301323784,15.15767585763296
2790,-0.8535476136951038,0.0005057792563948933,15.142525939061724
2791,-0.8535477396256905,0.0005022442233482792,15.127391162676227
2792,-0.8535478647427364,0.0004987238727596927,15.112271513342076
2793,-0.8535479890489941,0.0004952182452108378,15.097166975939887
2794,-0.8535481125472315,0.0004917273800940263,15.082077535365283
2795,-0.8535482352402318,0.0004882513156253332,15.067003176529166
2796,-0.8535483571307928,0.0004847900888429947,15.051943884357271
2797,-0.8535484782217267,0.0004813437356244404,15.036899643790493
2798,-0.8535485985158603,0.00047791229068906276,15.02187043978497
2799,-0.853548718016034,0.0004744957875958162,15.006856257311982
2800,-0.8535488367251023,0.00047109425876354377,14.991857081357827
2801,-0.8535489546459328,0.0004677077354656833,14.976872896923641
2802,-0.8535490717814067,0.0004643362478439596,14.961903689025114
2803,-0.8535491881344177,0.0004609798249101817,14.946949442693017
2804,-0.8535493037078725,0.0004576384945529805,14.932010142973315
2805,-0.8535494185046901,0.00045431228354743023,14.917085774926893
2806,-0.8535495325278016,0.0004510012175556265,14.902176323629734
2807,-0.8535496457801501,0.000447705321142329,14.887281774172884
2808,-0.8535497582646903,0.00044442461776748963,14.872402111662133
2809,-0.8535498699843881,0.00044115912980857144,14.857537321218107
2810,-0.8535499809422208,0.0004379088785538863,14.842687387976149
2811,-0.8535500911411764,0.0004346738842042294,14.827852297086533
2812,-0.8535502005842537,0.00043145416590453876,14.813032033714283
2813,-0.8535503092744615,0.00042824974172152487,14.79822658303939
2814,-0.8535504172148191,0.0004250606286683354,14.78343593025665
2815,-0.8535505244083552,0.00042188684269722104,14.768660060575513
2816,-0.8535506308581086,0.000418728398722285,14.753898959220384
2817,-0.853550736567127,0.0004155853106070528,14.739152611430583
2818,-0.8535508415384676,0.000412457591177148,14.724421002460122
2819,-0.8535509457751962,0.00040934525224163473,14.70970411757764
2820,-0.8535510492803872,0.0004062483045734438,14.69500194206644
2821,-0.8535511520571234,0.0004031667579350978,14.680314461224391
2822,-0.8535512541084959,0.0004001006210736995,14.665641660364331
2823,-0.8535513554376032,0.0003970499017326574,14.65098352481382
2824,-0.8535514560475519,0.0003940146066506079,14.636340039915028
2825,-0.8535515559414557,0.0003909947415856472,14.621711191024874
2826,-0.8535516551224356,0.0003879903112982216,14.607096963514755
2827,-0.8535517535936193,0.0003850013195685713,14.592497342770441
2828,-0.8535518513581414,0.00038202776920090534,14.577912314192304
2829,-0.8535519484191425,0.0003790696620393904,14.563341863195483
2830,-0.8535520447797698,0.00037612699894924755,14.548785975209903
2831,-0.8535521404431761,0.0003731997798530375,14.534244635679968
2832,-0.8535522354125201,0.00037028800371277654,14.519717830064751
2833,-0.8535523296909661,0.0003673916685480712,14.505205543837791
2834,-0.8535524232816831,0.0003645107714385742,14.490707762487087
2835,-0.8535525161878456,0.00036164530853414697,14.476224471515
2836,-0.8535526084126325,0.00035879527504520495,14.461755656438326
2837,-0.8535526999592274,0.0003559606652744688,14.447301302788464
2838,-0.8535527908308184,0.00035314147260159584,14.432861396111308
2839,-0.853552881030597,0.0003503376894963198,14.418435921967017
2840,-0.8535529705617592,0.0003475493075236133,14.404024865930284
2841,-0.8535530594275041,0.0003447763173554923,14.389628213590345
2842,-0.8535531476310347,0.00034201870876064515,14.375245950551024
2843,-0.8535532351755566,0.00033927647064004176,14.360878062430254
2844,-0.8535533220642785,0.00033654959099334585,14.346524534860249
2845,-0.8535534083004118,0.00033383805695214107,14.332185353487622
2846,-0.8535534938871705,0.0003311418547883724,14.317860503973343
2847,-0.8535535788277706,0.0003284609698947655,14.303549971992718
2848,-0.8535536631254302,0.000325795386823028,14.289253743235511
2849,-0.8535537467833693,0.00032314508926096765,14.274971803405819
2850,-0.8535538298048091,0.000320510060058905,14.260704138222069
2851,-0.8535539121929726,0.0003178902812161583,14.246450733416676
2852,-0.8535539939510837,0.0003152857339092005,14.232211574736285
2853,-0.8535540750823671,0.0003126963984820036,14.217986647941732
2854,-0.8535541555900485,0.00031012225445187816,14.203775938808374
2855,-0.8535542354773538,0.00030756328052504244,14.18957943312578
2856,-0.8535543147475092,0.00030501945459037626,14.17539711669789
2857,-0.853554393403741,0.00030249075373390275,14.16122897534271
2858,-0.8535544714492752,0.00029997715424708184,14.14707499489246
2859,-0.8535545488873376,0.00029747863161601876,14.132935161193398
2860,-0.8535546257211534,0.00029499516054998573,14.118809460105739
2861,-0.8535547019539467,0.00029252671496496265,14.104697877503959
2862,-0.8535547775889408,0.0002900732680049315,14.090600399276601
2863,-0.8535548526293578,0.0002876347920456414,14.076517011326256
2864,-0.8535549270784183,0.000285211258691424,14.062447699569736
2865,-0.8535550009393411,0.0002828026387874009,14.048392449937923
2866,-0.8535550742153434,0.00028040890242939917,14.034351248375973
2867,-0.8535551469096401,0.000278030018953739,14.02032408084313
2868,-0.853555219025444,0.00027566595696639266,14.006310933312516
2869,-0.8535552905659652,0.00027331668432404324,13.992311791771119
2870,-0.8535553615344116,0.0002709821681609793,13.978326642219935
2871,-0.8535554319339876,0.0002686623748799734,13.96435547067404
2872,-0.8535555017678951,0.0002663572701592547,13.950398263162468
2873,-0.8535555710393321,0.00026406681897406714,13.936455005728273
2874,-0.8535556397514936,0.0002617909855727328,13.92252568442865
2875,-0.8535557079075708,0.00025952973352067724,13.90861028533462
2876,-0.853555775510751,0.00025728302566521195,13.89470879453096
2877,-0.8535558425642175,0.00025505082416937364,13.88082119811618
2878,-0.853555909071149,0.000252833090508563,13.866947482202793
2879,-0.8535559750347201,0.00025062978547823946,13.853087632917354
2880,-0.8535560404581006,0.0002484408691925811,13.839241636400413
2881,-0.8535561053444556,0.0002462663011023902,13.825409478806197
2882,-0.8535561696969448,0.00024410603997962352,13.811591146302868
2883,-0.853556233518723,0.00024196004395473964,13.79778662507247
2884,-0.8535562968129394,0.00023982827048731612,13.783995901310622
2885,-0.8535563595827377,0.00023771067640203407,13.770218961226707
2886,-0.8535564218312557,0.00023560721786755306,13.756455791043967
2887,-0.8535564835616252,0.00023351785042291227,13.742706376999395
2888,-0.8535565447769718,0.00023144252897662547,13.72897070534369
2889,-0.853556605480415,0.0002293812078027799,13.715248762341334
2890,-0.8535566656750674,0.00022733384055322183,13.701540534270737
2891,-0.853556725364035,0.0002253003802768285,13.687846007424117
2892,-0.8535567845504171,0.00022328077940404856,13.674165168107397
2893,-0.8535568432373055,0.0002212749897537826,13.660498002640042
2894,-0.8535569014277851,0.00021928296255430658,13.646844497355016
2895,-0.8535569591249331,0.00021730464843461436,13.633204638598993
2896,-0.8535570163318192,0.0002153399974394635,13.619578412732242
2897,-0.8535570730515053,0.00021338895902996803,13.60596580612868
2898,-0.8535571292870451,0.00021145148208352485,13.592366805176106
2899,-0.8535571850414844,0.00020952751491147618,13.578781396275922
2900,-0.8535572403178604,0.0002076170052527624,13.565209565842874
2901,-0.8535572951192022,0.00020571990028840487,13.551651300305315
2902,-0.8535573494485298,0.00020383614663815511,13.538106586105092
2903,-0.8535574033088545,0.00020196569038465734,13.524575409697698
2904,-0.8535574567031787,0.00020010847704607335,13.511057757552253
2905,-0.8535575096344954,0.00019826445160883764,13.497553616151514
2906,-0.8535575621057884,0.00019643355852261694,13.484062971991644
2907,-0.8535576141200318,0.0001946157417154577,13.470585811582326
2908,-0.8535576656801902,0.0001928109445821271,13.457122121446682
2909,-0.8535577167892182,0.00019101911000079345,13.443671888121287
2910,-0.8535577674500605,0.00018924018033507646,13.430235098156098
2911,-0.8535578176656514,0.00018747409744515606,13.41681173811454
2912,-0.853557867438915,0.0001857208026802786,13.403401794573377
2913,-0.8535579167727649,0.0001839802369015156,13.390005254122828
2914,-0.853557965670104,0.00018225234046596596,13.376622103366698
2915,-0.8535580141338244,0.00018053705325932182,13.363252328922117
2916,-0.853558062166807,0.0001788343146693261,13.349895917419685
2917,-0.8535581097719218,0.00017714406361780523,13.3365528555035
2918,-0.8535581569520274,0.00017546623854973657,13.32322312983066
2919,-0.853558203709971,0.00017380077744330434,13.309906727071372
2920,-0.8535582500485881,0.0001721476178286278,13.296603633909326
2921,-0.8535582959707024,0.00017050669676280998,13.283313837041511
2922,-0.8535583414791259,0.00016887795086505898,13.270037323178379
2923,-0.8535583865766582,0.0001672613163024956,13.256774079043733
2924,-0.8535584312660869,0.00016565672880668772,13.243524091374589
2925,-0.8535584755501873,0.00016406412367566843,13.230287346921228
2926,-0.8535585194317219,0.00016248343577266285,13.217063832447035
2927,-0.8535585629134408,0.00016091459954248042,13.203853534728625
2928,-0.8535586059980812,0.00015935754901487368,13.190656440555912
2929,-0.8535586486883673,0.00015781221778771672,13.177472536732152
2930,-0.8535586909870103,0.00015627853907335479,13.164301810073749
2931,-0.853558732896708,0.00015475644567124669,13.151144247410206
2932,-0.853558774420145,0.0001532458699786247,13.137999835584203
2933,-0.8535588155599924,0.00015174674400553434,13.124868561451658
2934,-0.8535588563189072,0.00015025899937181394,13.11175041188147
2935,-0.8535588966995331,0.00014878256732012303,13.098645373755636
2936,-0.8535589367044998,0.00014731737871008917,13.085553433969332
2937,-0.8535589763364226,0.0001458633640360215,13.072474579430628
2938,-0.853559015597903,0.0001444204534106967,13.059408797060842
2939,-0.8535590544915279,0.00014298857660212716,13.046356073794431
2940,-0.8535590930198698,0.00014156766301356427,13.033316396579064
2941,-0.8535591311854864,0.00014015764170144843,13.020289752375529
2942,-0.8535591689909211,0.0001387584413695163,13.007276128157612
2943,-0.8535592064387021,0.0001373699903895491,12.994275510911818
2944,-0.8535592435313426,0.00013599221678768365,12.9812878876375
2945,-0.8535592802713408,0.0001346250482642591,12.968313245347149
2946,-0.8535593166611796,0.00013326841219419387,12.955351571066311
2947,-0.8535593527033265,0.00013192223563049136,12.942402851833622
2948,-0.8535593884002336,0.00013058644531296714,12.929467074700725
2949,-0.8535594237543371,0.00012926096766888707,12.91654422673207
2950,-0.8535594587680579,0.00012794572882335434,12.903634295005087
2951,-0.8535594934438007,0.0001266406545961734,12.89073726661005
2952,-0.8535595277839543,0.00012534567051645195,12.877853128650159
2953,-0.8535595617908913,0.00012406070182650222,12.864981868241477
2954,-0.8535595954669684,0.00012278567347602157,12.852123472513096
2955,-0.8535596288145255,0.00012152051013912967,12.839277928606883
2956,-0.8535596618358865,0.00012026513621403925,12.826445223677354
2957,-0.8535596945333584,0.00011901947583444252,12.813625344892035
2958,-0.8535597269092318,0.00011778345286366067,12.800818279431347
2959,-0.8535597589657801,0.00011655699091311442,12.788024014488505
2960,-0.8535597907052602,0.00011534001332978537,12.775242537269405
2961,-0.8535598221299119,0.0001141324432167525,12.762473834992646
2962,-0.8535598532419577,0.00011293420343543992,12.749717894889654
2963,-0.8535598840436031,0.00011174521660572376,12.736974704204712
2964,-0.8535599145370361,0.00011056540511266012,12.72424425019497
2965,-0.8535599447244273,0.00010939469111336232,12.71152652013035
2966,-0.85355997460793,0.00010823299654418241,12.69882150129364
2967,-0.8535600041896794,0.00010708024311352082,12.686129180980226
2968,-0.8535600334717933,0.0001059363523255605,12.673449546497762
2969,-0.8535600624563716,0.00010480124547159833,12.660782585166617
2970,-0.8535600911454961,0.00010367484363973592,12.64812828432007
2971,-0.8535601195412308,0.00010255706772246778,12.635486631304058
2972,-0.8535601476456214,0.00010144783841141489,12.622857613477237
2973,-0.8535601754606953,0.00010034707621633905,12.610241218210902
2974,-0.8535602029884618,9.92547014531001e-05,12.597637432888941
2975,-0.8535602302309117,9.817063427622126e-05,12.585046244907858
2976,-0.853560257190017,9.709479465394595e-05,12.57246764167668
2977,-0.8535602838677316,9.602710238842538e-05,12.559901610617011
2978,-0.8535603102659903,9.49674771183474e-05,12.547348139163164
2979,-0.8535603363867094,9.391583832324077e-05,12.534807214761939
2980,-0.853560362231786,9.28721053293559e-05,12.522278824872554
2981,-0.8535603878030986,9.183619731514525e-05,12.509762956966762
2982,-0.8535604131025065,9.080803331878739e-05,12.497259598528998
2983,-0.8535604381318499,8.978753222970435e-05,12.484768737056328
2984,-0.8535604628929496,8.877461281264453e-05,12.47229036005807
2985,-0.8535604873876075,8.776919370199531e-05,12.459824455056085
2986,-0.8535605116176058,8.677119340398125e-05,12.447371009584574
2987,-0.8535605355847076,8.578053031255276e-05,12.434930011190238
2988,-0.8535605592906561,8.479712270299805e-05,12.42250144743232
2989,-0.8535605827371752,8.382088874245214e-05,12.410085305882715
2990,-0.8535606059259688,8.285174650063688e-05,12.397681574125718
2991,-0.8535606288587214,8.188961393305494e-05,12.38529023975802
2992,-0.8535606515370976,8.093440891314672e-05,12.372911290388494
2993,-0.8535606739627419,7.998604923108648e-05,12.360544713638234
2994,-0.8535606961372791,7.90444525767655e-05,12.348190497140678
2995,-0.8535607180623139,7.81095365726482e-05,12.33584862854178
2996,-0.8535607397394308,7.718121875903989e-05,12.32351909549998
2997,-0.8535607611701943,7.62594166172109e-05,12.311201885686017
2998,-0.8535607823561485,7.534404754977128e-05,12.298896986782996
