t,theta_history,m_history,v_history
0,2.0,0.0,0.0
1,2.0,0.9752752039374959,9.602328931479876
2,1.99929288147703,1.940110040720892,19.180588364559362
3,1.9984763596984905,2.893949843520037,28.72185242423684
4,1.9976102980164907,3.8368148350542555,38.224446430400334
5,1.9967158261494373,4.768738865537556,47.68697678441432
6,1.9958029050600372,5.689794716755256,57.10882672791346
7,1.994877032293281,6.600064144480776,66.48957308790943
8,1.9939415657969104,7.499636583730696,75.82896116264178
9,1.9929987081714118,8.388605333031808,85.12683095055439
10,1.9920499829211673,9.267066020981806,94.3830871700035
11,1.9910964880896265,10.135115790265967,103.597683761006
12,1.9901390415376023,10.992851745506261,112.77059195158681
13,1.989178269061803,11.840372585472805,121.9018357634988
14,1.9882146603907305,12.677776506228433,130.99144779457856
15,1.987248606149543,13.505160284949648,140.03944952406397
16,1.9862804230647113,14.322621735274073,149.04590443981672
17,1.9853103716398428,15.130258531352638,158.01089335690924
18,1.9843386688429505,15.92816719005764,166.93449208637858
19,1.9833654974027755,16.716443104005933,175.81677133091753
20,1.9823910127473656,17.495181397896275,184.65781601582523
21,1.98141534827292,18.264476545379463,193.4577168710371
22,1.9804386193993506,19.02442238099878,202.21657059236645
23,1.9794609267337278,19.775112116072215,210.9344802252507
24,1.9784823585675084,20.51663828713406,219.6115539766602
25,1.9775029928689005,21.24909262922358,228.24790218026573
26,1.9765228988876475,21.972565758151045,236.84362940370352
27,1.9755421384578165,22.687147496459424,245.3988420134651
28,1.9745607670672627,23.392926961868174,253.91365014292793
29,1.9735788347413796,24.08999252278742,262.38816652060626
30,1.9725963867780878,24.77843173556623,270.82250484545403
31,1.9716134643630427,25.458331349526194,279.2167797355097
32,1.9706301050879163,26.129777367637477,287.57110806104725
33,1.9696463433897848,26.792855071385127,295.88560942427046
34,1.9686622109255176,27.447648962436425,304.1604046166314
35,1.9676777368920861,28.09424268456783,312.3956133608359
36,1.966692948301483,28.73271903994562,320.59135457146215
37,1.9657078702183497,29.363160091246833,328.7477487465283
38,1.9647225259665477,29.985647240868243,336.86491994186673
39,1.9637369373095663,30.600261108739748,344.9429924604597
40,1.96275112460761,31.20708143476774,352.98208796486415
41,1.9617651069546849,31.806187174502366,360.9823277601335
42,1.96077890229969,32.397656539694225,368.94383370429404
43,1.9597925275535466,32.98156701635985,376.86672852703504
44,1.9588059986841635,33.55799536937569,384.7511357915023
45,1.9578193308007978,34.12701763337749,392.59717946636994
46,1.9568325382291092,34.688709120658814,400.40498395905576
47,1.955845634578194,35.24314442585812,408.174674064077
48,1.9548586328005912,35.790397430917785,415.90637492075706
49,1.953871545246129,36.33054129886024,423.6002116379837
50,1.9528843837102705,36.863648441404244,431.2563081503424
51,1.9518971594774337,37.38979055109913,438.87478789826224
52,1.9509098833602325,37.909038606328416,446.45577379933405
53,1.9499225657350119,38.42146289948133,453.99938882805833
54,1.9489352165741585,38.92713304087696,461.5057559513808
55,1.9479478454754522,39.42611796135115,468.9749980226724
56,1.9469604616887684,39.91848592380995,476.40723791376547
57,1.9459730741404355,40.404304527731824,483.80259845901423
58,1.9449856914554686,40.88364071759039,491.1612025312744
59,1.9439983219779329,41.35656080963105,498.48317371135363
60,1.943010973789773,41.82313048652269,505.7686359267623
61,1.942023654728002,42.283414795519555,513.0177132030981
62,1.941036372400441,42.737478159686816,520.2305298378366
63,1.940049134200245,43.185384374344544,527.4072101046208
64,1.9390619473192299,43.62719661226368,534.5478782227185
65,1.9380748187601544,44.0629774321279,541.6526584303373
66,1.9370877553480794,44.492788782883544,548.7216749442046
67,1.936100763740869,44.91669201085457,555.7550519879222
68,1.9351138504389123,45.33474785963525,562.7529136184847
69,1.9341270217941107,45.74701647834371,569.7153837843027
70,1.9331402840182168,46.15355742753337,576.642586341887
71,1.93215364319059,46.55442968273711,583.5346449761669
72,1.9311671052653876,46.949691627909594,590.3916827342149
73,1.9301806760781253,47.33940106775259,597.2138222658715
74,1.9291943613518514,47.72361523495962,604.0011858860425
75,1.9282081667029223,48.10239080006028,610.7538957153981
76,1.9272220976464183,48.47578387767745,617.4720737085543
77,1.92623615960121,48.843850029548484,624.1558415685895
78,1.925250357894677,49.20664426114686,630.8053204127391
79,1.9242646977670346,49.564221034298335,637.4206310252503
80,1.923279184375442,49.91663427658722,644.0018940124392
81,1.9222938227978872,50.26393738587649,650.5492297767822
82,1.9213086180368264,50.60618323412074,657.0627584725049
83,1.9203235750225913,50.943424174187186,663.5426000566914
84,1.919338698616596,51.27571204416873,669.9888742699084
85,1.91835399361435,51.60309817268088,676.4017006338136
86,1.9173694647482875,51.92563338315641,682.7811984346337
87,1.9163851166904273,52.24336799881019,689.1274867208327
88,1.915400954054879,52.55635184800281,695.4406843159687
89,1.9144169814002034,52.86463426880475,701.7209098128873
90,1.913433203231638,53.16826411415064,707.9682815844141
91,1.912449624003199,53.46728975701062,714.1829177965705
92,1.9114662481196658,53.76175909420142,720.3649363776763
93,1.9104830799384505,54.05171955034322,726.5144549903176
94,1.9095001237713576,54.337218082888455,732.6315910430684
95,1.908517383886249,54.618301187480654,738.7164617206682
96,1.9075348645086248,54.89501490222237,744.769183977045
97,1.9065525698231174,55.16740481328375,750.789874585815
98,1.9055705039749224,55.43551605828955,756.778650093689
99,1.9045886710711386,55.69939333058012,762.7356268097179
100,1.9036070751820355,55.95908088284861,768.6609207827153
101,1.9026257203422523,56.21462253181844,774.5546478082314
102,1.9016446105519333,56.466061661994274,780.4169234120582
103,1.9006637497778034,56.71344123087004,786.2478628855764
104,1.8996831419541946,56.956803773055114,792.0475812835492
105,1.8987027909840208,57.19619140389419,797.816193405383
106,1.8977227007396997,57.43164582394248,803.553813810062
107,1.8967428750640334,57.66320832635073,809.2605569784891
108,1.8957633177710862,57.89091979887258,814.9365372232335
109,1.894784032646999,58.11482072635247,820.5818686127005
110,1.893805023450744,58.3349511942529,826.1966649499894
111,1.8928262939148381,58.551350892632534,831.7810397778151
112,1.8918478477460225,58.7640591199869,837.3351063774255
113,1.8908696886259106,58.97311478750092,842.8589777841787
114,1.8898918202116062,59.17855642289389,848.3527667909062
115,1.8889142461362949,59.38042217396945,853.8165859363905
116,1.8879369700098032,59.57874981113326,859.250547448366
117,1.8869599954191199,59.77357673211735,864.6547632849816
118,1.8859833259288983,59.96493996537539,870.0293451303972
119,1.8850069650819383,60.15287617404123,875.3744044064018
120,1.8840309163996465,60.337421659517084,880.6900522742283
121,1.8830551833824754,60.5186123649215,885.9763996304907
122,1.8820797695103426,60.69648387875244,891.2335571094749
123,1.88110467824303,60.871071438337026,896.4616350841953
124,1.8801299130205649,61.042409933098305,901.660743659072
125,1.8791554772635821,61.210533908063205,906.830992672266
126,1.8781813743736724,61.375477567298894,911.9724916981595
127,1.8772076077337116,61.537274777075574,917.0853500392654
128,1.876234180708177,61.69595906945168,922.1696767385887
129,1.875261096643449,61.85156364558693,927.2255805806451
130,1.8742883588681016,62.00412137868302,932.2531700780258
131,1.8733159706931761,62.153664817273345,937.2525534730466
132,1.8723439354124427,62.30022618852532,942.2238387449893
133,1.8713722563026534,62.443837401540364,947.1671336141515
134,1.8704009366237817,62.58453004995136,952.0825455182134
135,1.8694299796192495,62.722335415152784,956.9701816159188
136,1.8684593885161427,62.85728446954401,961.8301487976277
137,1.8674891665254199,62.989407879485015,966.6625536819008
138,1.8665193168421115,63.11873600848321,971.4675026234387
139,1.865549842645512,63.245298919956504,976.2451017041093
140,1.8645807470993607,63.369126380261754,980.995456736624
141,1.863612033352017,63.490247861646516,985.718673263603
142,1.862643704536625,63.60869254395463,990.4148564816317
143,1.8616757637712542,63.724489317780716,995.084111260262
144,1.8607082141590356,63.83766678810622,999.7265421920836
145,1.859741058788307,63.94825327718638,1004.3422535973963
146,1.8587743007327495,64.05627682712968,1008.9313495139305
147,1.8578079430515195,64.16176520285215,1013.4939337067616
148,1.8568419887893735,64.26474589473361,1018.0301096667118
149,1.8558764409767887,64.36524612125204,1022.5399806052702
150,1.8549113026300779,64.46329283161094,1027.0236494548776
151,1.853946576751498,64.55891270854615,1031.4812188747724
152,1.8529822663293554,64.65213217083118,1035.912791246637
153,1.8520183743381056,64.74297737586355,1040.3184686745647
154,1.851054903738449,64.83147422213452,1044.6983529770391
155,1.8500918574774197,64.9176483517468,1049.052545686809
156,1.8491292384884706,65.0015251531071,1053.3811480615814
157,1.8481670496915568,65.08312976342143,1057.684261084273
158,1.8472052939932158,65.16248707096236,1061.9619854519062
159,1.8462439742866417,65.23962171763148,1066.2144215820736
160,1.8452830934517568,65.31455810140821,1070.441669614576
161,1.8443226543552804,65.3873203786755,1074.6438294084255
162,1.8433626598507948,65.45793246660492,1078.821000543176
163,1.8424031127788076,65.52641804557487,1082.9732823222284
164,1.8414440159668122,65.59280056146133,1087.1007737723971
165,1.8404853722293453,65.65710322796095,1091.2035736442851
166,1.8395271843680425,65.71934902882926,1095.2817804115118
167,1.8385694551716907,65.77956072016471,1099.3354922703786
168,1.8376121874162776,65.83776083247864,1103.364807131451
169,1.8366553838650381,65.89397167301243,1107.3698226256256
170,1.8356990472684993,65.94821532795896,1111.3506361050597
171,1.834743180364523,66.00051366460208,1115.3073446432948
172,1.8337877858783476,66.05088833345391,1119.2400450332918
173,1.8328328665226252,66.09936076979535,1123.148833736004
174,1.8318784249974471,66.14595219592027,1127.0338068911708
175,1.8309244639903666,66.19068362373822,1130.8950603607746
176,1.8299709861764333,66.23357585679544,1134.7326897272867
177,1.8290179942182259,66.27464949239679,1138.5467903031467
178,1.8280654907658844,66.31392492366629,1142.3374571325685
179,1.8271134784571432,66.35142234145982,1146.1047849828099
180,1.826161959917359,66.38716173625639,1149.8488683396274
181,1.8252109377595365,66.42116290019068,1153.569801410648
182,1.824260414584354,66.45344542891243,1157.2676781205607
183,1.8233103929801873,66.48402872360653,1160.9425921167463
184,1.8223608755231315,66.51293199282163,1164.5946367660265
185,1.821411864777024,66.54017425438538,1168.2239051553192
186,1.820463363293464,66.56577433727362,1171.8304900922124
187,1.8195153736118321,66.58975088343225,1175.4144841043628
188,1.81856789825931,66.61212234966499,1178.975979442724
189,1.817620939750898,66.63290700944715,1182.5150680821778
190,1.8166745005894325,66.65212295470282,1186.0318417208575
191,1.8157285832656036,66.66978809757546,1189.5263917792502
192,1.81478319025797,66.6859201721045,1192.9988093939828
193,1.8138383240329734,66.70053673599055,1196.4491854191097
194,1.8128939870449503,66.7136551723692,1199.8776104299475
195,1.8119501817361467,66.72529269153058,1203.2841747247214
196,1.8110069105367301,66.7354663325683,1206.668968322853
197,1.8100641758648022,66.74419296512337,1210.0320809687857
198,1.8091219801264111,66.75148929099159,1213.3736021296672
199,1.808180325715563,66.75737184579432,1216.6936209969103
200,1.807239215014233,66.76185700057604,1219.9922264854563
201,1.8062986503923752,66.76496096342508,1223.2695072335173
202,1.8053586342079344,66.76669978106804,1226.5255516034088
203,1.8044191688068538,66.76708934043383,1229.7604476815018
204,1.803480256523086,66.76614537024398,1232.9742832794905
205,1.8025418996786016,66.76388344253309,1236.167145933327
206,1.8016041005833976,66.7603189741601,1239.3391229014305
207,1.8006668615355061,66.75546722836354,1242.4903011679135
208,1.7997301848210023,66.74934331626314,1245.6207674435673
209,1.7987940727140126,66.7419621983416,1248.7306081653085
210,1.797858527476723,66.73333868588225,1251.8199094934535
211,1.7969235513593855,66.72348744241795,1254.8887573109514
212,1.7959891466003257,66.71242298513256,1257.9372372177972
213,1.7950553154259465,66.7001596863514,1260.9654345360843
214,1.7941220600507348,66.6867117749644,1263.9734343146242
215,1.793189382677268,66.67209333783973,1266.96132132933
216,1.7922572854962215,66.65631832119924,1269.929180083225
217,1.791325770686375,66.63940053201361,1272.8770948075382
218,1.7903948404146195,66.62135363931307,1275.8051494580704
219,1.789464496835963,66.60219117556016,1278.7134277181356
220,1.7885347420935376,66.58192653801153,1281.60201300089
221,1.7876055783186056,66.56057299001907,1284.470988448954
222,1.786677007630567,66.53814366233347,1287.320436934044
223,1.7857490321369656,66.51465155441298,1290.1504410582102
224,1.7848216539334965,66.49010953568946,1292.9610831535658
225,1.7838948751040118,66.46453034684566,1295.752445282916
226,1.7829686977205284,66.43792660106236,1298.5246092392194
227,1.7820431238432342,66.41031078526873,1301.2776565466106
228,1.7811181555204951,66.3816952613755,1304.0116684610796
229,1.7801937947888622,66.3520922674892,1306.7267259696698
230,1.7792700436730782,66.32151391907932,1309.42290978752
231,1.7783469041860842,66.289972210224,1312.1003003615854
232,1.7774243783290264,66.25747901479167,1314.7589778724807
233,1.7765024680912633,66.22404608761978,1317.3990222348486
234,1.7755811754503739,66.1896850656409,1320.0205130949732
235,1.7746605023721644,66.15440746904628,1322.6235298319098
236,1.7737404508106758,66.11822470245129,1325.2081515603995
237,1.772821022708192,66.0811480559956,1327.7744571297465
238,1.7719022199952479,66.04318870647627,1330.3225251251163
239,1.7709840445906375,66.0043577184508,1332.852433867799
240,1.7700664984014223,65.9646660453193,1335.3642614150099
241,1.7691495833229398,65.92412453041023,1337.8580855598611
242,1.7682333012388125,65.88274390804833,1340.3339838311342
243,1.7673176540209556,65.84053480460965,1342.7920334931428
244,1.7664026435295865,65.79750773958678,1345.2323115478266
245,1.7654882716132334,65.75367312663955,1347.6548947358574
246,1.7645745401087447,65.70904127461066,1350.0598595363342
247,1.7636614508412995,65.66362238856523,1352.4472821677346
248,1.7627490056244166,65.61742657077507,1354.8172385869354
249,1.7618372062599643,65.57046382173039,1357.1698044896882
250,1.7609260545381713,65.52274404112947,1359.505055311094
251,1.7600155522376357,65.47427702886822,1361.8230662268352
252,1.7591057011253368,65.42507248600772,1364.1239121533995
253,1.7581965029566446,65.37514001571687,1366.4076677469989
254,1.7572879594753317,65.32448912424883,1368.6744074053083
255,1.7563800724135838,65.27312922188514,1370.924205268645
256,1.7554728434920113,65.22106962386094,1373.1571352200501
257,1.7545662744196613,65.16831955130387,1375.3732708865186
258,1.7536603668940296,65.114888132154,1377.5726856416443
259,1.7527551226010736,65.06078440213311,1379.755452618542
260,1.7518505432152287,65.00601730558807,1381.921644700132
261,1.7509466303994228,64.95059569636487,1384.0713345154852
262,1.7500433858050886,64.8945283386735,1386.2045944392996
263,1.7491408110721778,64.83782390797931,1388.3214965934292
264,1.748238907829174,64.7804909918457,1390.4221128463162
265,1.7473376776931069,64.72253809080235,1392.5065148138665
266,1.7464371222695658,64.66397361918001,1394.5747738587936
267,1.745537243152714,64.60480590595044,1396.6269610912825
268,1.7446380419253031,64.54504319555046,1398.6631473686164
269,1.743739520158687,64.48469364871048,1400.683403296505
270,1.742841679412837,64.4237653432855,1402.6877992313869
271,1.7419445212363573,64.36226627504101,1404.6764052793378
272,1.7410480471665002,64.30020435844894,1406.6492912962303
273,1.7401522587291816,64.23758742749882,1408.6065268900936
274,1.739257157438997,64.1744232364687,1410.5481814209581
275,1.7383627447992385,64.11071946070075,1412.4743240012015
276,1.737469022301911,64.04648369736528,1414.3850234954605
277,1.736575991427748,63.98172346621928,1416.2803485209772
278,1.7356836536462303,63.91644621035166,1418.1603674474363
279,1.7347920104156012,63.85065929694637,1420.0251483990596
280,1.7339010631828846,63.78437001800694,1421.8747592547675
281,1.7330108133839037,63.7175855910997,1423.7092676492118
282,1.7321212624432978,63.65031316006134,1425.528740971462
283,1.7312324117745406,63.5825597957164,1427.3332463651973
284,1.730344262779959,63.51433249659009,1429.1228507301703
285,1.729456816850751,63.44563818961332,1430.897620723307
286,1.7285700753670044,63.37648373082187,1432.6576227595126
287,1.7276840396977171,63.30687590603414,1434.402923011216
288,1.726798711200816,63.236821431542644,1436.1335874094348
289,1.725914091223176,63.166326954794975,1437.8496816451122
290,1.7250301811006412,63.095399055040915,1439.5512711674753
291,1.7241469821580435,63.024044244007825,1441.2384211858187
292,1.7232644957092247,62.95226896656082,1442.9111966707453
293,1.7223827230570554,62.88007960134787,1444.56966235418
294,1.7215016654934576,62.80748246144135,1446.2138827301435
295,1.720621324299425,62.73448379498388,1447.8439220557548
296,1.7197417007450446,62.66108978580044,1449.4598443504187
297,1.7188627960895184,62.58730655404348,1451.0617133979679
298,1.7179846115811856,62.51314015679829,1452.6495927464935
299,1.7171071484575449,62.438596588702495,1454.2235457093623
300,1.7162304079452761,62.36368178254895,1455.78363536539
301,1.715354391260264,62.288401609881014,1457.3299245586882
302,1.7144790996076205,62.21276188158742,1458.862475898857
303,1.7136045341817074,62.136768348491984,1460.381351762235
304,1.71273069616616,62.06042670194541,1461.88661429336
305,1.7118575867339103,61.9837425743967,1463.3783254049183
306,1.7109852070472116,61.90672153995756,1464.856546777634
307,1.7101135582576614,61.82936911498106,1466.3213398614791
308,1.7092426415062265,61.751690758616434,1467.772765876182
309,1.7083724579232666,61.67369187335886,1469.2108858110923
310,1.7075030086285596,61.595377805601544,1470.635760426118
311,1.706634294731326,61.51675384619159,1472.0474502534094
312,1.705766317330254,61.43782523095591,1473.446015597126
313,1.7048990775135253,61.358597141247756,1474.8315165346585
314,1.7040325763588402,61.27907470445869,1476.2040129155316
315,1.7031668149334436,61.19926299455062,1477.5635643627447
316,1.7023017942941505,61.119167032577806,1478.910230274071
317,1.7014375154873722,61.03879178719329,1480.2440698215833
318,1.700573979549143,60.9581421751606,1481.565141952148
319,1.6997111875051463,60.87722306185547,1482.873505388588
320,1.6988491403707406,60.796039261768655,1484.1692186304908
321,1.6979878391509882,60.71459553899532,1485.4523399544694
322,1.6971272848406802,60.6328966077259,1486.7229274151475
323,1.6962674784243656,60.550947132738095,1487.9810388462495
324,1.6954084208763782,60.468751729864074,1489.2267318601848
325,1.6945501131608642,60.386314966468255,1490.4600638485417
326,1.6936925562318104,60.30364136191569,1491.6810919817046
327,1.6928357510330714,60.220735388042876,1492.8898732105376
328,1.6919796984983984,60.13760146961043,1494.0864642668055
329,1.6911243995514673,60.05424398477349,1495.2709216646358
330,1.6902698551059077,59.970667265524035,1496.443301700633
331,1.689416066065331,59.886875598146716,1497.6036604549831
332,1.6885630333233603,59.802873223656974,1498.7520537915607
333,1.687710757763659,59.71866433823779,1499.888537358122
334,1.68685924025996,59.634253093678026,1501.0131665870833
335,1.686008481676096,59.54964359780203,1502.1259966962725
336,1.6851584828660282,59.464839914899386,1503.2270826898282
337,1.6843092446738763,59.37984606614482,1504.3164793586093
338,1.683460767933949,59.29466603001411,1505.3942412801712
339,1.6826130534707735,59.209303742702666,1506.4604228197156
340,1.6817661020991261,59.12376309852941,1507.5150781305772
341,1.6809199146240623,59.03804795035201,1508.5582611555478
342,1.6800744918409476,58.95216210996644,1509.59002562709
343,1.6792298345354884,58.86610934850144,1510.610425067419
344,1.6783859434837625,58.77989339680391,1511.619512786085
345,1.6775428194522497,58.693517945831154,1512.6173418769301
346,1.6767004631978608,58.606986647041204,1513.6039652243471
347,1.6758588754679686,58.520303112787175,1514.5794355054522
348,1.67501805700044,58.43347091669215,1515.5438051903716
349,1.6741780085236666,58.346493594027365,1516.4971265430615
350,1.6733387307565972,58.25937464208548,1517.4394516215993
351,1.6725002244087694,58.17211752054214,1518.3708322780699
352,1.671662490180341,58.08472565182645,1519.2913201595823
353,1.670825528762122,57.997202421480445,1520.200966708628
354,1.669989340835608,57.90955117852076,1521.0998231645196
355,1.66915392707301,57.82177523579432,1521.9879405640831
356,1.6683192881372892,57.73387787032445,1522.8653697418986
357,1.6674854246821886,57.64586232366387,1523.7321613310658
358,1.6666523373522655,57.557731802235516,1524.5883657635861
359,1.6658200267829246,57.469489477673264,1525.4340332708466
360,1.6649884936004509,57.38113848716138,1526.269213884506
361,1.6641577384220423,57.29268193377577,1527.0939574376062
362,1.663327761855843,57.2041228867996,1527.908313563663
363,1.662498564500977,57.11546438206421,1528.712331698145
364,1.6616701469475805,57.02670942226895,1529.5060610786572
365,1.6608425097768356,56.937860977305306,1530.2895507461183
366,1.660015653561004,56.84892198457632,1531.0628495453886
367,1.65918957886346,56.75989534930832,1531.826006125409
368,1.6583642862387253,56.67078394486882,1532.5790689402677
369,1.6575397762325013,56.58159061307363,1533.3220862496805
370,1.656716049381704,56.492318164493064,1534.0551061194817
371,1.6558931062144973,56.40296937875746,1534.7781764224171
372,1.6550709472503276,56.31354700485478,1535.4913448385664
373,1.6542495729999576,56.224053761435655,1536.1946588564729
374,1.6534289839655003,56.13449233710032,1536.888165772873
375,1.6526091806404537,56.044865390694184,1537.5719126935483
376,1.6517901635097347,55.95517555159515,1538.2459465336283
377,1.6509719330497135,55.86542542000538,1538.9103140189027
378,1.6501544897282479,55.77561756722625,1539.565061685814
379,1.6493378340047182,55.685754535952896,1540.21023588309
380,1.6485219663300616,55.59583884054306,1540.8458827715986
381,1.6477068871468072,55.50587296729311,1541.4720483248138
382,1.6468925968891102,55.41585937471391,1542.0887783294988
383,1.646079095982787,55.325800493798994,1542.696118386018
384,1.6452663848453495,55.235698728295574,1543.29411390929
385,1.6444544638860406,55.14555645496609,1543.8828101291688
386,1.6436433335058687,55.055376023852645,1544.4622520910348
387,1.6428329940976427,54.96515975853865,1545.032484656443
388,1.6420234460460073,54.87490995640316,1545.5935525032564
389,1.6412146897274769,54.784628888881535,1546.1455001270697
390,1.640406725510472,54.694318801712164,1546.6883718413785
391,1.6395995537553536,54.6039819151927,1547.222211778653
392,1.6387931748144589,54.51362042442553,1547.7470638906398
393,1.637987589032136,54.42323649956418,1548.2629719489635
394,1.6371827967447796,54.33283228605195,1548.7699795453943
395,1.636378798280866,54.242409904872495,1549.2681300932206
396,1.6355755939609884,54.15197145277854,1549.7574668271316
397,1.6347731840978927,54.06151900253378,1550.2380328042298
398,1.6339715689965126,53.97105460314814,1550.7098709045547
399,1.633170748954005,53.88058028010547,1551.1730238313894
400,1.6323707242597854,53.79009803559457,1551.6275341118278
401,1.6315714951955633,53.69960984873507,1552.0734440972033
402,1.6307730620353782,53.609117675806175,1552.51079596393
403,1.629975425045634,53.51862345046943,1552.9396317143257
404,1.6291785844851352,53.42812908398629,1553.3599931769247
405,1.6283825406051227,53.33763646544185,1553.771922007435
406,1.6275872936493083,53.247147461956445,1554.1754596888984
407,1.6267928438539119,53.15666391890598,1554.5706475327447
408,1.6259991914476952,53.066187660130204,1554.9575266790225
409,1.6252063366519987,52.97572048814447,1555.3361380968984
410,1.6244142796807766,52.88526418434638,1555.7065225850422
411,1.6236230207406324,52.794820509230064,1556.0687207729818
412,1.6228325600308546,52.704391202579025,1556.4227731207557
413,1.6220428977434524,52.613977983678474,1556.768719920265
414,1.6212540340631911,52.52358255151355,1557.1066012956765
415,1.6204659691676273,52.43320658496476,1557.4364572037757
416,1.6196787032271454,52.342851743009874,1557.7583274349333
417,1.6188922364049922,52.25251966491612,1558.0722516133596
418,1.6181065688573133,52.16221197043415,1558.3782691976742
419,1.6173217007331882,52.07193025998766,1558.676419481373
420,1.6165376321746656,51.981676114863625,1558.9667415935082
421,1.6157543633167997,51.8914510974033,1559.2492744993633
422,1.6149718942876845,51.801256751183104,1559.5240570004894
423,1.6141902252084905,51.71109460120237,1559.7911277354472
424,1.6134093561934992,51.62096615406227,1560.050525180435
425,1.6126292873501387,51.53087289815007,1560.302287650149
426,1.611850018779019,51.44081630381568,1560.5464532981769
427,1.6110715505739681,51.350797823553094,1560.783060118021
428,1.6102938828220663,51.26081889216783,1561.0121459429524
429,1.6095170156036827,51.17088092696035,1561.2337484474726
430,1.6087409489925095,51.080985327894545,1561.4479051483604
431,1.6079656830555986,50.99113347776556,1561.6546534050055
432,1.607191217853396,50.90132674237407,1561.854030419628
433,1.606417553439778,50.811566470688454,1562.0460732372758
434,1.605644689862086,50.72185399501179,1562.2308187462954
435,1.6048726271611613,50.63219063114658,1562.4083036790937
436,1.604101365371381,50.542577678557436,1562.5785646128359
437,1.6033309045206923,50.45301642053304,1562.7416379699764
438,1.6025612446306483,50.363508124341436,1562.8975600184833
439,1.6017923857164424,50.2740540413939,1563.0463668729328
440,1.6010243277869438,50.18465540739716,1563.1880944945087
441,1.600257070844732,50.095313442511866,1563.3227786920181
442,1.5994906148861316,50.00602935150182,1563.450455121952
443,1.598724959901248,49.916804323889686,1563.5711592893638
444,1.5979601058740014,49.827639534103405,1563.6849265481812
445,1.5971960527821611,49.738536141633176,1563.7917921024737
446,1.5964328005973816,49.64949529117141,1563.8917910061455
447,1.595670349285236,49.560518112761,1563.984958163689
448,1.5949086988052514,49.47160572194483,1564.0713283312368
449,1.594147849110943,49.38275921990329,1564.1509361165142
450,1.5933878001498492,49.29397969359946,1564.2238159795934
451,1.5926285518635646,49.20526821592028,1564.2900022334725
452,1.5918701041877763,49.11662584581492,1564.3495290445778
453,1.5911124570522968,49.02805362843459,1564.4024304334775
454,1.590355610381099,48.93955259526671,1564.4487402751665
455,1.58959956409235,48.851123764275286,1564.4884923000016
456,1.5888443180984457,48.76276814002971,1564.5217200937088
457,1.5880898723060448,48.6744867138413,1564.5484570981841
458,1.5873362266161022,48.58628046389247,1564.5687366114237
459,1.5865833809239036,48.49815035537052,1564.5825917884094
460,1.5858313351190991,48.410097340593225,1564.5900556416332
461,1.585080089085737,48.3221223591415,1564.5911610420642
462,1.5843296427022975,48.234226337980246,1564.5859407191178
463,1.583579995841726,48.14641019158912,1564.5744272617576
464,1.5828311483714679,48.05867482208807,1564.5566531191052
465,1.582083100153501,47.97102111935442,1564.532650600386
466,1.5813358510443696,47.883449961150134,1564.5024518758978
467,1.5805894008952175,47.79596221324127,1564.4660889772863
468,1.579843749551822,47.70855872951648,1564.423593798001
469,1.5790988968546265,47.62124035210768,1564.3749980940788
470,1.578354842638774,47.53400791150566,1564.3203334843608
471,1.57761158673414,47.446862226679585,1564.2596314513482
472,1.576869128965366,47.35980410518792,1564.1929233413791
473,1.576127469151892,47.27283434329691,1564.1202403655432
474,1.5753866071079898,47.18595372609091,1564.0416135998732
475,1.5746465426427951,47.099163027586556,1563.9570739860599
476,1.5739072755603412,47.01246301083992,1563.866652331553
477,1.5731688056595907,46.925854428062486,1563.7703793107319
478,1.5724311327344687,46.83933802072392,1563.668285464695
479,1.5716942565738952,46.752914519665104,1563.5604012023289
480,1.570958176961817,46.666584645202306,1563.4467568005618
481,1.5702228936772409,46.5803491072305,1563.3273824046705
482,1.5694884064942647,46.494208605334464,1563.202308029328
483,1.5687547151821106,46.40816382888884,1563.0715635587298
484,1.5680218195051565,46.32221545715987,1562.9351787470036
485,1.5672897192229682,46.23636415941013,1562.7931832190181
486,1.5665584140903313,46.15061059499722,1562.6456064706497
487,1.5658279038572827,46.064955413476184,1562.4924778695965
488,1.5650981882691426,45.97939925469517,1562.3338266555115
489,1.5643692670665466,45.89394274889787,1562.1696819409717
490,1.563641139985476,45.80858651681676,1562.0000727115125
491,1.56291380675729,45.723331169771846,1561.8250278264263
492,1.562187267108758,45.638177309763066,1561.6445760187432
493,1.5614615207620888,45.55312552956925,1561.458745896117
494,1.5607365674349631,45.46817641283615,1561.267565940845
495,1.5600124068405645,45.38333053417365,1561.0710645109189
496,1.5592890386876097,45.2985884592457,1560.8692698403856
497,1.5585664626803803,45.21395074486015,1560.6622100395844
498,1.557844678518753,45.12941793906298,1560.4499130961005
499,1.55712368589823,45.04499058122172,1560.2324068747166
500,1.5564034845099706,44.960669202116506,1560.0097191181444
501,1.5556840740408207,44.876454324029694,1559.7818774477516
502,1.5549654541733438,44.792346460829584,1559.5489093637714
503,1.554247624585851,44.70834611805789,1559.3108422459643
504,1.5535305849524312,44.624453793012556,1559.0677033537627
505,1.552814334942982,44.540669974835836,1558.819519827216
506,1.552098874223238,44.45699514459364,1558.5663186869372
507,1.5513842024548026,44.37342977536125,1558.308126834971
508,1.5506703192951763,44.289974332303245,1558.0449710550272
509,1.5499572243977877,44.20662927275674,1557.7768780131728
510,1.549244917412022,44.12339504630781,1557.503874257901
511,1.548533397983251,44.040272094875796,1557.2259862211235
512,1.5478226657528626,43.957260852789304,1556.943240218363
513,1.5471127203582902,43.87436174686426,1556.6556624491982
514,1.5464035614330411,43.79157519648373,1556.3632789980043
515,1.5456951886067267,43.708901613670434,1556.066115833864
516,1.5449876015050907,43.626341403165576,1555.764198810548
517,1.5442807997500383,43.543894962504076,1555.4575536673408
518,1.5435747829596644,43.46156268208562,1555.146206029524
519,1.5428695507482828,43.37934494525251,1554.8301814093786
520,1.5421651027264542,43.29724212836076,1554.5095052064503
521,1.541461438501015,43.21525460085481,1554.1842027083019
522,1.5407585576751057,43.13338272533483,1553.8542990904232
523,1.5400564598481992,43.051626857631604,1553.5198194171023
524,1.5393551446161284,42.96998734687473,1553.180788641658
525,1.5386546115711155,42.88846453556409,1552.8372316070845
526,1.5379548603017983,42.80705875963596,1552.4891730461356
527,1.5372558903932596,42.72577034853542,1552.136637582277
528,1.536557701427054,42.644599625279994,1551.7796497294762
529,1.5358602929812353,42.5635469065283,1551.4182338929304
530,1.535163664630385,42.48261250264823,1551.0524143697353
531,1.534467815945639,42.40179671777912,1550.6822153489252
532,1.5337727464947148,42.32109984990059,1550.3076609123875
533,1.5330784558419392,42.240522190895284,1549.9287750350436
534,1.5323849435482748,42.16006402661122,1549.5455815850746
535,1.5316922091713474,42.07972563692895,1549.1581043247322
536,1.5310002522654726,41.999507295821154,1548.7663669104506
537,1.530309072381683,41.9194092714162,1548.3703928935417
538,1.5296186690677545,41.839431826058096,1547.9702057204117
539,1.5289290418682322,41.75957521637094,1547.5658287334313
540,1.5282401903244585,41.679839693315834,1547.157285170919
541,1.5275521139745978,41.60022550225234,1546.7445981677372
542,1.5268648123536634,41.52073288299582,1546.3277907553486
543,1.526178284993544,41.441362069879716,1545.9068858627872
544,1.5254925314230285,41.36211329180992,1545.481906316689
545,1.5248075511678334,41.28298677232474,1545.0528748419872
546,1.5241233437506272,41.20398272965225,1544.6198140623792
547,1.5234399086910568,41.12510137676356,1544.1827465002946
548,1.5227572455057732,41.04634292143274,1543.741694577834
549,1.5220753537084566,40.96770756628998,1543.2966806169147
550,1.5213942328098415,40.88919550887628,1542.8477268395995
551,1.5207138823177426,40.81080694170039,1542.3948553688535
552,1.5200343017370794,40.732542052288835,1541.938088228486
553,1.5193554905699016,40.65440102324223,1541.477447343927
554,1.5186774483154133,40.576384032286484,1541.012954542244
555,1.5180001744699985,40.49849125232747,1540.5446315529516
556,1.5173236685272455,40.42072285149891,1540.0725000079753
557,1.5166479299779714,40.34307899321757,1539.596581442584
558,1.5159729583102464,40.26555983623208,1539.116897295462
559,1.5152987530094186,40.18816553467501,1538.633468909327
560,1.514625313558138,40.11089623810963,1538.1463175309354
561,1.5139526394363803,40.03375209158245,1537.6554643119064
562,1.5132807301214712,39.956733235671656,1537.1609303090397
563,1.5126095850881105,39.87983980653355,1536.6627364843257
564,1.5119392038083956,39.80307193595402,1536.160903705869
565,1.511269585751845,39.72642975139299,1535.6554527478913
566,1.5106007303854223,39.64991337603221,1535.146404291136
567,1.5099326371735595,39.57352292882401,1534.6337789235258
568,1.5092653055781802,39.497258524534104,1534.1175971401924
569,1.5085987350587227,39.4211202737911,1533.5978793443708
570,1.5079329250721636,39.34510828312916,1533.0746458473966
571,1.5072678750730404,39.269222655034504,1532.5479168693194
572,1.5066035845134746,39.1934634879878,1532.0177125389466
573,1.5059400528431945,39.117830876511505,1531.4840528946581
574,1.5052772795095577,39.042324911210905,1530.9469578844016
575,1.5046152639575738,38.966945678818334,1530.406447366257
576,1.5039540056299272,38.89169326223496,1529.8625411086618
577,1.5032935039669988,38.81656774057566,1529.315258791156
578,1.5026337584068883,38.741569189208974,1528.7646200043998
579,1.5019747683854372,38.66669767979806,1528.2106442504726
580,1.5013165333362497,38.59195328034495,1527.6533509437159
581,1.5006590526907153,38.51733605522828,1527.0927594106752
582,1.5000023258780304,38.442846065245455,1526.5288888907187
583,1.49934635232522,38.368483367653226,1525.961758536432
584,1.4986911314571594,38.294248016204364,1525.3913874135287
585,1.4980366626965957,38.220140061190776,1524.8177945018142
586,1.497382945464169,38.14615954947961,1524.2409986951484
587,1.4967299791784332,38.072306524553625,1523.6610188020945
588,1.4960777632558786,37.99858102654794,1523.0778735460478
589,1.4954262971109515,37.92498309228988,1522.4915815658867
590,1.4947755801560758,37.85151275533325,1521.9021614158012
591,1.4941256118016737,37.77817004599836,1521.3096315660805
592,1.4934763914561866,37.70495499140704,1520.7140104031812
593,1.492827918526095,37.63186761552081,1520.115316230382
594,1.4921801924159401,37.558907939174595,1519.5135672678496
595,1.4915332125283434,37.4860759801135,1518.908781653163
596,1.4908869782640268,37.41337175302999,1518.3009774418977
597,1.490241489021834,37.34079526959551,1517.690172607477
598,1.4895967441987492,37.26834653849748,1517.0763850417777
599,1.4889527431899177,37.19602556547361,1516.4596325555142
600,1.4883094853886656,37.123832353344,1515.8399328783125
601,1.4876669701865202,37.05176690204804,1515.2173036595702
602,1.4870251969732282,36.97982920867453,1514.5917624682224
603,1.486384165136777,36.9080192674968,1513.9633267934512
604,1.4857438740634128,36.83633707000432,1513.3320140448716
605,1.4851043231376602,36.764782604936606,1512.6978415531328
606,1.484465511742342,36.6933558583132,1512.06082656989
607,1.483827439258598,36.622056813467964,1511.4209862685761
608,1.4831901050659038,36.550885451078415,1510.778337744296
609,1.48255350854209,36.47984174919796,1510.13289801436
610,1.4819176490633608,36.40892568328621,1509.4846840185517
611,1.481282526004313,36.338137226240526,1508.8337126195565
612,1.4806481387379542,36.26747634842658,1508.1800006033427
613,1.4800144866357217,36.196943017705635,1507.5235646791011
614,1.4793815690675007,36.12653719946767,1506.8644214800358
615,1.4787493854016425,36.05625885665933,1506.2025875635065
616,1.4781179350049827,35.986107949812265,1505.5380794111934
617,1.4774872172428597,35.9160844370741,1504.8709134298063
618,1.4768572314791322,35.846188274234464,1504.201105950959
619,1.4762279770761972,35.77641941475581,1503.5286732319544
620,1.4755994533950079,35.70677780979979,1502.8536314557825
621,1.474971659795091,35.637263408256125,1502.1759967316368
622,1.4743445956345653,35.56787615676848,1501.4957850949493
623,1.4737182602701577,35.498615999764134,1500.8130125081354
624,1.473092653057222,35.429482879478726,1500.1276948605125
625,1.472467773349755,35.36047673598435,1499.4398479688311
626,1.4718436205004148,35.29159750721536,1498.7494875774369
627,1.471220193860537,35.22284512899495,1498.0566293586483
628,1.4705974927801515,35.154219535060825,1497.3612889130902
629,1.4699755166080006,35.08572065709027,1496.663481769876
630,1.4693542646915547,35.01734842472797,1495.963223387267
631,1.4687337363770294,34.949102765608934,1495.2605291526186
632,1.4681139310094018,34.8809836053832,1494.5554143826396
633,1.467494847932427,34.81299086774304,1493.8478943240257
634,1.4668764864886552,34.7451244744444,1493.137984153282
635,1.466258846019447,34.67738434533401,1492.4256989776109
636,1.46564192586499,34.60977039837101,1491.7110538347943
637,1.4650257253643149,34.54228254965246,1490.9940636937697
638,1.4644102438553115,34.47492071343557,1490.2747434546875
639,1.4637954806747446,34.40768480216258,1489.55310794947
640,1.46318143515827,34.340574726481805,1488.829171941782
641,1.4625681066404495,34.273590395272315,1488.1029501276312
642,1.4619554944547675,34.206731715665576,1487.374457135476
643,1.4613435979336458,34.139998593068356,1486.643707526632
644,1.4607324164084592,34.073390931184726,1485.9107157955414
645,1.4601219492095512,34.006908632037764,1485.1754963699636
646,1.4595121956662485,33.94055159599247,1484.4380636115163
647,1.4589031551068767,33.87431972177542,1483.6984318155953
648,1.4582948268587754,33.80821290649742,1482.9566152119023
649,1.4576872102483127,33.74223104567569,1482.2126279649005
650,1.4570803046009007,33.67637403325184,1481.466484173454
651,1.4564741092410092,33.61064176161525,1480.7181978716812
652,1.4558686234921816,33.54503412162199,1479.9677830289654
653,1.4552638466770487,33.47955100261646,1479.2152535505033
654,1.4546597781173436,33.41419229245037,1478.46062327738
655,1.4540564171339156,33.34895787750383,1477.7039059870376
656,1.453453763046745,33.28384764270336,1476.9451153932569
657,1.4528518151749572,33.218861471543555,1476.184265146801
658,1.4522505728368367,33.15399924610478,1475.4213688353632
659,1.4516500353498412,33.08926084707305,1474.6564399839806
660,1.4510502020306155,33.024646153758816,1473.8894920553312
661,1.4504510721950057,32.96015504411571,1473.1205384499458
662,1.4498526451580722,32.895787394759864,1472.3495925066165
663,1.4492549202341043,32.83154308098676,1471.576667502359
664,1.4486578967366333,32.767421976790935,1470.8017766529788
665,1.4480615739784457,32.703423954884116,1470.0249331133653
666,1.4474659512715973,32.63954888671074,1469.2461499773005
667,1.446871027927426,32.575796642469186,1468.465440278376
668,1.4462768032565654,32.51216709112667,1467.6828169896962
669,1.4456832765689576,32.44866010043783,1466.8982930243812
670,1.4450904471738666,32.38527553696087,1466.1118812356792
671,1.444498314379891,32.322013266075956,1465.3235944175442
672,1.4439068774949773,32.25887315200066,1464.5334453046146
673,1.4433161358264317,32.1958550578082,1463.741446572795
674,1.442726088680934,32.13295884544236,1462.94761083912
675,1.4421367353645502,32.07018437573454,1462.1519506621796
676,1.4415480751827439,32.00753150842026,1461.3544785424347
677,1.4409601074403897,31.945000102154548,1460.5552069223984
678,1.4403728314417856,31.88259001452848,1459.7541481870153
679,1.4397862464906648,31.820301102083928,1458.9513146637007
680,1.4392003518902086,31.75813322033036,1458.1467186228786
681,1.4386151469430577,31.69608622375959,1457.340372278076
682,1.438030630951325,31.634159965859904,1456.532287785953
683,1.4374468032166074,31.57235429913393,1455.7224772470806
684,1.4368636630399971,31.51066907511051,1454.9109527055919
685,1.4362812097220945,31.449104144361463,1454.0977261498388
686,1.4356994425630187,31.38765935651535,1453.2828095124528
687,1.4351183608624205,31.32633456027288,1452.4662146706266
688,1.4345379639194924,31.265129603419776,1451.6479534460475
689,1.4339582510329816,31.204044332842425,1450.8280376055686
690,1.4333792215012002,31.143078594540846,1450.00647886126
691,1.432800874622037,31.082232233643524,1449.1832888708295
692,1.4322232096929692,31.021505094420824,1448.3584792377817
693,1.431646226011073,30.9608970202982,1447.5320615115681
694,1.4310699228730341,30.900407853870394,1446.7040471879616
695,1.4304942995751606,30.840037436914148,1445.8744477091764
696,1.429919355413392,30.779785610402296,1445.043274464289
697,1.429345089683311,30.7196522145161,1444.210538789298
698,1.4287715016801543,30.659637088657977,1443.3762519672791
699,1.428198590698823,30.59974007146613,1442.5404252290218
700,1.4276263560338935,30.539961000824373,1441.703069752605
701,1.427054796979628,30.48029971387725,1440.864196664223
702,1.4264839128299844,30.4207560470413,1440.023817038161
703,1.425913702878628,30.361329836017685,1439.1819418970397
704,1.4253441664189404,30.302020915803794,1438.3385822119164
705,1.4247753027440304,30.2428291207066,1437.4937489028575
706,1.4242071111467447,30.183754284353284,1436.647452838816
707,1.423639590919677,30.124796239703954,1435.7997048380416
708,1.423072741355179,30.065954819062668,1434.9505156681787
709,1.422506561745369,30.007229854089328,1434.0998960465686
710,1.4219410513821436,29.94862117581168,1433.2478566405857
711,1.421376209557186,29.89012861463573,1432.3944080676602
712,1.4208120355619767,29.83175200035772,1431.5395608956433
713,1.4202485286878022,29.77349116217459,1430.6833256429068
714,1.4196856882257658,29.71534592869542,1429.8257127786455
715,1.4191235134667963,29.657316127953006,1428.9667327232924
716,1.4185620037016577,29.599401587412526,1428.1063958481927
717,1.4180011582209586,29.54160213398478,1427.2447124764183
718,1.4174409763151614,29.48391759403503,1426.3816928826086
719,1.4168814572745916,29.426347793393955,1425.5173472932827
720,1.4163226003894471,29.36889255736786,1424.6516858870446
721,1.4157644049498077,29.311551710749683,1423.7847187949685
722,1.4152068702456428,29.254325077827733,1422.9164561004593
723,1.4146499955668221,29.19721248239702,1422.046907839751
724,1.4140937802031233,29.140213747768424,1421.1760840019967
725,1.413538223444241,29.083328696778704,1420.3039945294372
726,1.4129833245797965,29.026557151800464,1419.430649317705
727,1.412429082899345,28.96989893475109,1418.5560582158744
728,1.4118754976923857,28.913353867103133,1417.680231026909
729,1.4113225682483692,28.856921769893187,1416.8031775077393
730,1.4107702938567068,28.800602463731355,1415.9249073694864
731,1.4102186738067786,28.744395768810673,1415.0454302777146
732,1.4096677073879416,28.68830150491519,1414.16475585233
733,1.4091173938895387,28.63231949143094,1413.2828936683459
734,1.4085677326009065,28.576449547352965,1412.39985325553
735,1.4080187228113834,28.520691491295178,1411.515644098886
736,1.407470363810318,28.46504514149882,1410.6302756387981
737,1.4069226548870772,28.409510315841473,1409.7437572713068
738,1.4063755953310537,28.354086831844665,1408.85609834803
739,1.4058291844316744,28.298774506683635,1407.9673081767028
740,1.4052834214784078,28.24357315719482,1407.0773960211825
741,1.4047383057607727,28.188482599884345,1406.1863711016508
742,1.4041938365683448,28.13350265093644,1405.2942425948952
743,1.4036500131907654,28.078633126221135,1404.4010196343881
744,1.403106834917748,28.02387384130297,1403.506711310631
745,1.402564301039087,27.969224611448244,1402.6113266711666
746,1.402022410844664,27.914685251633117,1401.714874720825
747,1.4014811636244562,27.860255576551804,1400.8173644220358
748,1.4009405586685433,27.80593540062333,1399.918804694791
749,1.4004005952671148,27.751724538000644,1399.0192044172377
750,1.3998612727104778,27.697622802576188,1398.118572425257
751,1.3993225902890631,27.64363000799092,1397.2169175131685
752,1.3987845472934337,27.589745967641154,1396.3142484337684
753,1.3982471430142909,27.53597049468593,1395.410573898495
754,1.3977103767424814,27.48230340205376,1394.5059025775204
755,1.3971742477690048,27.428744502450655,1393.6002431001689
756,1.39663875538502,27.37529360836635,1392.693604054837
757,1.3961038988818524,27.32195053208158,1391.7859939892953
758,1.3955696775510005,27.268715085675293,1390.8774214109092
759,1.3950360906841426,27.215587081030932,1389.9678947866796
760,1.3945031375731436,27.162566329843727,1389.0574225435926
761,1.3939708175100616,27.10965264362682,1388.146013068634
762,1.3934391297871545,27.056845833718267,1387.233674709092
763,1.3929080736968864,27.004145711287826,1386.320415772759
764,1.3923776485319341,26.95155208734242,1385.4062445278685
765,1.3918478535851937,26.899064772733944,1384.491169203637
766,1.3913186881497863,26.846683578164,1383.5751979899953
767,1.3907901515190655,26.794408314191724,1382.65833903824
768,1.3902622429866223,26.742238791238968,1381.740600460898
769,1.389734961846292,26.690174819596507,1380.8219903319148
770,1.3892083073921606,26.63821620943028,1379.902516686882
771,1.3886822789185702,26.586362770787783,1378.982187523372
772,1.3881568757201255,26.534614313603093,1378.0610108007809
773,1.3876320970916993,26.48297064770338,1377.1389944406699
774,1.3871079423284394,26.431431582814547,1376.2161463268667
775,1.3865844107257732,26.37999692856668,1375.2924743056083
776,1.3860615015794142,26.328666494500187,1374.367986185886
777,1.3855392141853682,26.277440090070925,1373.4426897394885
778,1.3850175478399378,26.226317524656128,1372.5165927012488
779,1.3844965018397293,26.17529860755968,1371.5897027691858
780,1.3839760754816577,26.124383148017177,1370.6620276045146
781,1.383456268062952,26.073570955202246,1369.7335748321536
782,1.382937078881162,26.02286183823055,1368.8043520404347
783,1.382418507234162,25.97225560616627,1367.8743667816564
784,1.3819005524201575,25.92175206802625,1366.9436265719319
785,1.3813832137376902,25.871351032785647,1366.0121388915586
786,1.3808664904856431,25.82105230938292,1365.0799111851684
787,1.380350381963246,25.770855706724973,1364.1469508619061
788,1.379834887470081,25.720761033691364,1363.2132652953544
789,1.3793200063060866,25.670768099140094,1362.278861824024
790,1.3788057377715648,25.62087671191212,1361.3437477513826
791,1.378292081167184,25.571086680835688,1360.407930345869
792,1.3777790357939854,25.521397814731777,1359.471416841254
793,1.377266600953388,25.471809922418075,1358.5342144366234
794,1.3767547759471928,25.422322812714025,1357.5963302966522
795,1.376243560077588,25.372936294445335,1356.6577715517114
796,1.3757329526471542,25.323650176448066,1355.7185452979913
797,1.3752229529588689,25.274464267573947,1354.778658597848
798,1.3747135603161114,25.225378376693524,1353.838118479571
799,1.3742047740226673,25.176392312701804,1352.8969319379523
800,1.3736965933827336,25.12750588452148,1351.955105934097
801,1.373189017700923,25.078718901107894,1351.012647395812
802,1.372682046282268,25.030031171452883,1350.0695632176423
803,1.3721756784322268,24.981442504589012,1349.1258602610076
804,1.3716699134566865,24.932952709593426,1348.1815453543281
805,1.3711647506619684,24.884561595592537,1347.2366252933884
806,1.3706601893548318,24.83626897176535,1346.291106841224
807,1.3701562288424787,24.7880746473475,1345.3449967282706
808,1.3696528684325582,24.73997843163563,1344.3983016527122
809,1.3691501074331707,24.691980133990743,1343.4510282804213
810,1.3686479451528717,24.64407956384221,1342.503183245221
811,1.368146380900677,24.596276530691572,1341.5547731489946
812,1.367645413986066,24.548570844116018,1340.6058045618042
813,1.367145043718986,24.500962313772597,1339.656284022197
814,1.3666452694098563,24.453450749400943,1338.7062180370347
815,1.3661460903695728,24.406035960828028,1337.7556130820603
816,1.365647505909511,24.358717757970528,1336.8044756015884
817,1.365149515341531,24.311495950839173,1335.8528120089331
818,1.3646521179779803,24.26437034954173,1334.9006286864274
819,1.3641553131316988,24.21734076428662,1333.9479319855832
820,1.363659100116022,24.17040700538619,1332.9947282272572
821,1.363163478244785,24.1235688832603,1332.0410237018398
822,1.362668446832326,24.07682620843909,1331.0868246691668
823,1.3621740051934903,24.03017879156654,1330.1321373588619
824,1.361680152643634,23.983626443403985,1329.1769679705378
825,1.3611868884986276,23.937168974832595,1328.2213226736721
826,1.3606942120748593,23.890806196857,1327.265207607929
827,1.3602021226892391,23.844537920608218,1326.3086288832835
828,1.3597106196592021,23.798363957346684,1325.3515925801053
829,1.3592197023027122,23.752284118465447,1324.3941047493702
830,1.3587293699382645,23.706298215492584,1323.4361714125612
831,1.3582396218848907,23.660406060095013,1322.4777985621554
832,1.3577504574621606,23.61460746408048,1321.5189921613844
833,1.3572618759901867,23.56890223940109,1320.5597581446602
834,1.3567738767896265,23.523290198155745,1319.6001024175664
835,1.3562864591816868,23.477771152593085,1318.640030856975
836,1.3557996224881264,23.432344915114147,1317.6795493112174
837,1.3553133660312593,23.38701129827527,1316.718663600255
838,1.354827689133958,23.341770114790386,1315.7573795156643
839,1.3543425911196565,23.29662117753409,1314.7957028209648
840,1.3538580713123538,23.25156429954416,1313.833639251626
841,1.3533741290366166,23.20659929402364,1312.8711945150062
842,1.3528907636175822,23.161725974344122,1311.9083742907978
843,1.3524079743809618,23.116944154047776,1310.9451842310048
844,1.3519257606530437,23.072253646849877,1309.9816299599947
845,1.3514441217606956,23.027654266641438,1309.0177170747659
846,1.350963057031368,22.98314582749124,1308.0534511449412
847,1.350482565793097,22.938728143648824,1307.0888377131357
848,1.3500026473745068,22.894401029545996,1306.1238822947018
849,1.3495233011048131,22.850164299799992,1305.1585903782043
850,1.3490445263138253,22.806017769215124,1304.192967425306
851,1.3485663223319495,22.761961252785305,1303.2270188710036
852,1.3480886884901913,22.71799456569622,1302.260750123732
853,1.3476116241201583,22.674117523327602,1301.2941665654998
854,1.347135128554063,22.630329941255077,1300.3272735518694
855,1.346659201124725,22.58663163525271,1299.3600764122727
856,1.3461838411655738,22.54302242129483,1298.3925804499963
857,1.345709048010652,22.49950211555802,1297.4247909422784
858,1.3452348209946163,22.45607053442355,1296.4567131406209
859,1.3447611594527418,22.412727494478982,1295.4883522705932
860,1.3442880627209228,22.369472812520154,1294.5197135320307
861,1.3438155301356765,22.32630630555355,1293.5508020993752
862,1.3433435610341444,22.283227790797696,1292.5816231215858
863,1.3428721547540958,22.240237085685596,1291.6121817224303
864,1.3424013106339292,22.197334007865866,1290.6424830003025
865,1.3419310280126748,22.154518375205477,1289.672532028719
866,1.3414613062299974,22.111790005790823,1288.7023338560978
867,1.3409921446261976,22.06914871792986,1287.7318935060152
868,1.340523542542215,22.02659433015383,1286.7612159773287
869,1.34005549931963,21.984126661218948,1285.7903062442542
870,1.3395880143006658,21.941745530108104,1284.8191692564808
871,1.3391210868281909,21.899450756032618,1283.8478099393578
872,1.338654716245721,21.857242158433827,1282.876233193867
873,1.3381889018974211,21.815119556984655,1281.9044438967799
874,1.3377236431281079,21.773082771591536,1280.9324469008855
875,1.3372589392832512,21.731131622395502,1279.9602470348598
876,1.3367947897089767,21.68926592977413,1278.9878491035681
877,1.336331193752067,21.64748551434308,1278.0152578882128
878,1.3358681507599646,21.605790196957226,1277.0424781461368
879,1.335405660080773,21.56417979871266,1276.0695146111811
880,1.3349437210632595,21.522654140947616,1275.0963719936412
881,1.3344823330568556,21.48121304524455,1274.123054980665
882,1.3340214954116605,21.439856333430864,1273.1495682359953
883,1.333561207478442,21.398583827580815,1272.175916400272
884,1.3331014686086382,21.357395350016695,1271.2021040911327
885,1.33264227815436,21.316290723310203,1270.2281359032709
886,1.3321836354683925,21.275269770283703,1269.2540164085428
887,1.331725539904196,21.23433231401172,1268.279750156147
888,1.331267990815909,21.193478177821984,1267.3053416725768
889,1.3308109875583491,21.15270718529686,1266.3307954618656
890,1.3303545294870145,21.11201916027461,1265.35611600565
891,1.3298986159580861,21.07141392685044,1264.3813077631125
892,1.3294432463284291,21.030891309377907,1263.4063751712947
893,1.3289884199555941,20.990451132470035,1262.4313226451502
894,1.3285341361978191,20.95009322100028,1261.4561545774818
895,1.328080394414031,20.909817400104053,1260.4808753393386
896,1.3276271939638464,20.869623495179425,1259.505489279832
897,1.3271745342075747,20.829511331888668,1258.5300007264077
898,1.3267224145062178,20.78948073615881,1257.5544139847318
899,1.3262708342214726,20.74953153418324,1256.5787333390583
900,1.325819792715732,20.709663552422423,1255.6029630522
901,1.3253692893520865,20.669876617604924,1254.6271073655366
902,1.3249193234943253,20.63017055672857,1253.6511704987804
903,1.324469894506938,20.59054519706135,1252.6751566502958
904,1.3240210017551153,20.55100036614235,1251.6990699973405
905,1.323572644604751,20.511535891782774,1250.7229146962502
906,1.3231248224224432,20.47215160206692,1249.7466948825052
907,1.3226775345754944,20.432847325352842,1248.7704146707133
908,1.3222307804319144,20.39362289027364,1247.7940781549048
909,1.3217845593604207,20.354478125738037,1246.817689408468
910,1.3213388707304394,20.315412860931247,1245.84125248422
911,1.320893713912107,20.27642692531614,1244.8647714147178
912,1.3204490882762716,20.237520148633614,1243.8882502120714
913,1.3200049931944933,20.198692360903824,1242.9116928682442
914,1.3195614280390457,20.159943392426573,1241.9351033549522
915,1.3191183921829177,20.12127307378254,1240.95848562396
916,1.3186758849998135,20.082681235833697,1239.9818436069454
917,1.3182339058641541,20.044167709724153,1239.0051812156923
918,1.3177924541510786,20.00573232688096,1238.0285023422819
919,1.3173515292364448,19.967374919014812,1237.0518108591252
920,1.3169111304968304,19.929095318120563,1236.0751106189557
921,1.3164712573095336,19.89089335647819,1235.0984054550174
922,1.3160319090525752,19.852768866653317,1234.1216991811289
923,1.315593085104698,19.8147216814978,1233.1449955917415
924,1.315154784845369,19.776751634150568,1232.1682984621227
925,1.3147170076547796,19.738858558038064,1231.1916115482925
926,1.3142797529138466,19.701042286874866,1230.214938587154
927,1.313843020004213,19.66330265466453,1229.2382832967307
928,1.3134068083082495,19.625639495699765,1228.2616493759642
929,1.3129711172090544,19.58805264456342,1227.285040505102
930,1.3125359460904549,19.55054193612866,1226.3084603455538
931,1.3121012943370078,19.51310720555983,1225.331912540165
932,1.3116671613340007,19.475748288312733,1224.3554007130938
933,1.311233546467452,19.438465020135297,1223.378928470039
934,1.3108004491241123,19.401257237068037,1222.4024993983319
935,1.3103678686914644,19.364124775444516,1221.4261170668867
936,1.309935804557725,19.32706747189179,1220.4497850263397
937,1.3095042561118444,19.29008516333101,1219.4735068092539
938,1.3090732227435078,19.253177686977683,1218.4972859300751
939,1.3086427038431359,19.216344880342195,1217.5211258851784
940,1.3082126988018852,19.179586581230325,1216.5450301530586
941,1.307783207011649,19.142902627743485,1215.5690021942953
942,1.307354227865058,19.106292858279204,1214.593045451745
943,1.3069257607554805,19.069757111531622,1213.6171633506492
944,1.306497805077023,19.033295226491507,1212.6413592984645
945,1.3060703602245316,18.996907042447152,1211.6656366852317
946,1.3056434255935916,18.960592398984204,1210.6899988834487
947,1.3052170005805284,18.924351135986388,1209.7144492482935
948,1.3047910845824078,18.888183093635565,1208.7389911175906
949,1.3043656769970369,18.852088112412222,1207.7636278119658
950,1.3039407772229643,18.81606603309574,1206.7883626348848
951,1.3035163846594806,18.7801166967646,1205.813198872682
952,1.3030924987066188,18.744239944796785,1204.8381397947367
953,1.302669118765155,18.708435618870016,1203.8631886535672
954,1.3022462442366083,18.67270356096192,1202.8883486847471
955,1.3018238745232418,18.637043613350386,1201.9136231070925
956,1.3014020090280627,18.601455618613826,1200.9390151228188
957,1.3009806471548226,18.565939419631256,1199.9645279174442
958,1.300559788308018,18.530494859582664,1198.9901646599517
959,1.3001394318928907,18.495121781949226,1198.0159285028776
960,1.299719577315428,18.459820030513313,1197.0418225822696
961,1.299300223982363,18.42458944935898,1196.0678500180347
962,1.298881371301175,18.389429882871767,1195.094013913693
963,1.2984630186800903,18.35434117573926,1194.120317356629
964,1.2980451655280811,18.31932317295097,1193.1467634180792
965,1.2976278112548671,18.284375719798653,1192.1733551533086
966,1.2972109552709155,18.249498661876324,1191.2000956015631
967,1.2967945969874406,18.214691845080466,1190.2269877862104
968,1.2963787358164045,18.17995511561016,1189.2540347148326
969,1.2959633711705176,18.14528831996714,1188.2812393792624
970,1.2955485024632383,18.110691304955903,1187.3086047555794
971,1.295134129108773,18.076163917683875,1186.3361338043303
972,1.2947202505220774,18.04170600556147,1185.3638294705522
973,1.2943068661188553,18.00731741630207,1184.3916946836994
974,1.2938939753155594,17.972997997922228,1183.4197323578653
975,1.2934815775293915,17.938747598741724,1182.4479453918343
976,1.2930696721783026,17.90456606738343,1181.4763366690445
977,1.292658258680993,17.8704532527737,1180.5049090578527
978,1.2922473364569118,17.836409004141995,1179.5336654113378
979,1.2918369049262581,17.802433171021274,1178.5626085676324
980,1.2914269635099804,17.768525603247735,1177.5917413498619
981,1.2910175116297764,17.734686150961025,1176.621066566243
982,1.2906085487080938,17.700914664604134,1175.650587010061
983,1.2902000741681297,17.667210994923412,1174.6803054598208
984,1.289792087433831,17.633574992968665,1173.7102246793293
985,1.2893845879298942,17.600006510092946,1172.7403474176776
986,1.2889775750817658,17.566505397952625,1171.7706764093648
987,1.2885710483156418,17.533071508507387,1170.8012143743997
988,1.2881650070584678,17.499704694020192,1169.8319640182835
989,1.2877594507379393,17.466404807057124,1168.8629280320602
990,1.2873543787825013,17.433171700487446,1167.8941090925368
991,1.286949790621348,17.400005227483536,1166.9255098622107
992,1.2865456856844242,17.36690524152067,1165.9571329892842
993,1.286142063402423,17.333871596377204,1164.9889811079254
994,1.2857389232067875,17.300904146134215,1164.0210568380965
995,1.28533626452971,17.268002745175618,1163.053362785859
996,1.2849340868041317,17.23516724818794,1162.0859015432325
997,1.2845323894637433,17.202397510160345,1161.1186756883499
998,1.2841311719429842,17.16969338638436,1160.1516877855108
999,1.283730433677043,17.137054732453908,1159.18494038527
1000,1.2833301741018563,17.104481404265115,1158.218436024444
1001,1.28293039265411,17.071973258016214,1157.2521772261507
1002,1.2825310887712378,17.03953015020736,1156.2861664999466
1003,1.282132261891422,17.007151937640558,1155.320406341908
1004,1.2817339114535926,16.97483847741945,1154.3548992345807
1005,1.2813360368974278,16.94258962694916,1153.389647647124
1006,1.2809386376633531,16.910405243936264,1152.4246540354009
1007,1.2805417131925416,16.878285186388457,1151.4599208418906
1008,1.2801452629269137,16.84622931261447,1150.495450495832
1009,1.2797492863091366,16.81423748122394,1149.5312454134162
1010,1.2793537827826247,16.782309551127085,1148.5673079975834
1011,1.2789587517915382,16.75044538153469,1147.6036406383012
1012,1.278564192780784,16.71864483195776,1146.6402457124582
1013,1.2781701051960153,16.686907762207447,1145.6771255840383
1014,1.2777764884836305,16.655234032394773,1144.7142826041659
1015,1.2773833420907736,16.62362350293045,1143.7517191111137
1016,1.276990665465334,16.59207603452465,1142.7894374303573
1017,1.2765984580559455,16.560591488186823,1141.8274398746905
1018,1.276206719311987,16.529169725225422,1140.865728744293
1019,1.2758154486835813,16.497810607247736,1139.9043063266924
1020,1.2754246456215952,16.466513996159595,1138.9431748968286
1021,1.275034309577639,16.43527975416516,1137.9823367172046
1022,1.2746444400040666,16.404107743766748,1137.0217940379277
1023,1.2742550363539744,16.37299782776442,1136.0615490966463
1024,1.2738660980812018,16.34194986925588,1135.1016041187283
1025,1.2734776246403299,16.310963731636214,1134.1419613173148
1026,1.2730896154866818,16.280039278597506,1133.1826228932077
1027,1.2727020700763223,16.249176374128734,1132.2235910351844
1028,1.272314987866057,16.21837488251533,1131.2648679198626
1029,1.2719283683134321,16.187634668339037,1130.3064557118494
1030,1.2715422108767345,16.15695559647756,1129.3483565637137
1031,1.2711565150149906,16.12633753210437,1128.3905726160428
1032,1.2707712801879663,16.095780340688275,1127.4331059975364
1033,1.2703865058561663,16.06528388799327,1126.4759588250977
1034,1.2700021914808344,16.03484804007818,1125.5191332038164
1035,1.2696183365239522,16.00447266329635,1124.5626312270238
1036,1.269234940448239,15.974157624295351,1123.6064549764008
1037,1.2688520027171517,15.943902790016692,1122.6506065220442
1038,1.2684695227948837,15.913708027695494,1121.6950879224362
1039,1.2680875001463647,15.883573204860165,1120.7399012244948
1040,1.2677059342372603,15.853498189332116,1119.785048463735
1041,1.2673248245339717,15.823482849225421,1118.8305316642623
1042,1.2669441705036346,15.793527052946436,1117.876352838716
1043,1.2665639716141197,15.763630669193612,1116.9225139885625
1044,1.266184227334031,15.733793566956967,1115.9690171038712
1045,1.2658049371327063,15.704015615517974,1115.0158641635544
1046,1.265426100480216,15.674296684448978,1114.0630571353418
1047,1.2650477168473635,15.644636643613072,1113.1105979758636
1048,1.2646697857056832,15.615035363163619,1112.1584886306805
1049,1.2642923065274414,15.58549271354394,1111.2067310343002
1050,1.2639152787856351,15.556008565486994,1110.255327110241
1051,1.2635387019539914,15.526582790014961,1109.304278771117
1052,1.2631625755069673,15.49721525843891,1108.3535879187039
1053,1.2627868989197488,15.46790584235847,1107.4032564439322
1054,1.2624116716682505,15.438654413661359,1106.4532862269139
1055,1.262036893229115,15.409460844523169,1105.5036791370535
1056,1.2616625630797125,15.380325007406862,1104.5544370331265
1057,1.2612886806981398,15.351246775062489,1103.6055617632085
1058,1.2609152455632204,15.322226020526731,1102.6570551647417
1059,1.2605422571545033,15.293262617122654,1101.7089190647648
1060,1.2601697149522624,15.264356438459094,1100.7611552797036
1061,1.2597976184374962,15.235507358430521,1099.81376561561
1062,1.2594259670919272,15.2067152512165,1098.8667518681232
1063,1.2590547603980013,15.177979991281319,1097.9201158225126
1064,1.258683997838887,15.149301453373665,1096.9738592537549
1065,1.2583136788984748,15.12067951252616,1096.027983926569
1066,1.2579438030613765,15.092114044054965,1095.082491595471
1067,1.257574369812925,15.063604923559422,1094.1373840048136
1068,1.2572053786391728,15.03515202692159,1093.1926628887932
1069,1.2568368290268928,15.006755230305934,1092.2483299715207
1070,1.256468720463576,14.978414410158821,1091.3043869670832
1071,1.2561010524374323,14.950129443208127,1090.360835579614
1072,1.2557338244373883,14.921900206462853,1089.417677503282
1073,1.2553670359530884,14.89372657721274,1088.4749144223126
1074,1.2550006864748926,14.865608433027743,1087.5325480110896
1075,1.254634775493877,14.83754565175775,1086.5905799342822
1076,1.2542693025018319,14.809538111532014,1085.6490118466347
1077,1.2539042669912626,14.7815856907589,1084.7078453932759
1078,1.2535396684553874,14.75368826812525,1083.767082209637
1079,1.253175506388138,14.725845722596146,1082.8267239215093
1080,1.2528117802841574,14.698057933414354,1081.8867721450913
1081,1.2524484896388008,14.670324780099968,1080.9472284870326
1082,1.2520856339481339,14.642646142449925,1080.0080945444492
1083,1.2517232127089324,14.61502190053764,1079.0693719049964
1084,1.2513612254186814,14.587451934712472,1078.1310621469092
1085,1.2509996715755747,14.559936125599336,1077.1931668390532
1086,1.2506385506785138,14.532474354098259,1076.2556875409525
1087,1.2502778622271078,14.505066501383958,1075.3186258028054
1088,1.2499176057216717,14.477712448905352,1074.3819831655467
1089,1.2495577806632265,14.45041207838515,1073.4457611608937
1090,1.2491983865534986,14.423165271819315,1072.5099613114173
1091,1.248839422894918,14.395971911476803,1071.5745851305455
1092,1.2484808891906185,14.368831879898908,1070.639634122504
1093,1.2481227849444367,14.341745059898944,1069.7051097826109
1094,1.2477651096609115,14.314711334561707,1068.771013597111
1095,1.2474078628452823,14.287730587243082,1067.8373470432555
1096,1.2470510440034897,14.260802701569528,1066.9041115893883
1097,1.2466946526421736,14.233927561437673,1065.9713086949655
1098,1.2463386882686733,14.207105051013793,1065.038939810586
1099,1.2459831503910261,14.180335054733439,1064.1070063780203
1100,1.245628038517967,14.153617457300866,1063.1755098302751
1101,1.2452733521589272,14.126952143688673,1062.2444515916152
1102,1.244919090824034,14.100338999137229,1061.3138330776178
1103,1.24456525402411,14.073777909154305,1060.3836556952126
1104,1.2442118412706717,14.047268759514505,1059.453920842717
1105,1.24385885207593,14.020811436258915,1058.5246299098596
1106,1.2435062859527874,13.994405825694502,1057.5957842778103
1107,1.2431541424148393,13.96805181439383,1056.6673853192233
1108,1.242802420976372,13.941749289194336,1055.7394343982578
1109,1.2424511211523617,13.915498137198055,1054.811932870775
1110,1.2421002424584748,13.889298245771046,1053.8848820841001
1111,1.2417497844110663,13.863149502542965,1052.9582833772356
1112,1.2413997465271789,13.837051795406563,1052.032138080924
1113,1.2410501283245425,13.811005012517178,1051.1064475176083
1114,1.2407009293215736,13.785009042292312,1050.1812130014785
1115,1.240352149037374,13.759063773411125,1049.2564358385202
1116,1.2400037869917298,13.733169094813936,1048.3321173265422
1117,1.2396558427051114,13.707324895701783,1047.4082587552105
1118,1.2393083156986724,13.681531065535898,1046.4848614060875
1119,1.2389612054942483,13.655787494037234,1045.5619265526832
1120,1.2386145116143559,13.630094071186004,1044.639455460478
1121,1.2382682335821926,13.604450687221144,1043.7174493869754
1122,1.2379223709216358,13.578857232639866,1042.7959095817305
1123,1.2375769231572413,13.55331359819717,1041.8748372863843
1124,1.2372318898142431,13.527819674905308,1040.9542337346518
1125,1.2368872704185525,13.502375354033413,1040.034100152455
1126,1.2365430644967568,13.476980527106862,1039.114437757798
1127,1.236199271576119,13.45163508590686,1038.19524776101
1128,1.2358558911845767,13.426338922469926,1037.2765313647012
1129,1.2355129228507413,13.401091929087444,1036.358289763675
1130,1.235170366103897,13.375893998305134,1035.4405241450959
1131,1.2348282204740002,13.350745022922546,1034.5232356885208
1132,1.2344864854916782,13.325644895992593,1033.606425565887
1133,1.234145160688229,13.300593510821091,1032.690094941552
1134,1.23380424559562,13.27559076096613,1031.77424497234
1135,1.2334637397464867,13.250636540237744,1030.8588768075804
1136,1.2331236426741332,13.225730742697333,1029.9439915891335
1137,1.2327839539125296,13.200873262657122,1029.0295904514273
1138,1.2324446729963126,13.176063994679769,1028.1156745214898
1139,1.2321057994607836,13.15130283357778,1027.2022449189876
1140,1.2317673328419085,13.12658967441302,1026.2893027562338
1141,1.2314292726763165,13.101924412496327,1025.3768491382766
1142,1.231091618501299,13.077306943386818,1024.4648851628203
1143,1.2307543698548096,13.052737162891582,1023.5534119204112
1144,1.2304175262754617,13.028214967065047,1022.6424304943383
1145,1.2300810873025296,13.003740252208562,1021.7319419606848
1146,1.2297450524759457,12.979312914869771,1020.821947388477
1147,1.2294094213363007,12.954932851842303,1019.9124478396226
1148,1.2290741934248424,12.930599960165138,1019.0034443688729
1149,1.228739368283475,12.90631413712213,1018.0949380239655
1150,1.228404945454758,12.882075280241523,1017.1869298456531
1151,1.2280709244819055,12.857883287295426,1016.2794208677064
1152,1.2277373049087845,12.833738056299307,1015.3724121169303
1153,1.2274040862799156,12.809639485511566,1014.4659046132106
1154,1.2270712681404707,12.785587473432894,1013.559899369542
1155,1.2267388500362726,12.761581918805918,1012.6543973920686
1156,1.226406831513794,12.737622720614592,1011.7493996800936
1157,1.2260752121201566,12.713709778083768,1010.8449072261461
1158,1.2257439914031305,12.689842990678608,1009.9409210159382
1159,1.225413168911133,12.666022258104173,1009.0374420285154
1160,1.2250827441932273,12.642247480304857,1008.1344712361404
1161,1.2247527167991226,12.618518557463894,1007.2320096044236
1162,1.224423086279172,12.594835390002881,1006.3300580923777
1163,1.2240938521843732,12.571197878581236,1005.4286176523322
1164,1.2237650140663652,12.547605924095723,1004.527689230037
1165,1.2234365714774298,12.524059427679944,1003.6272737647329
1166,1.2231085239704893,12.5005582907038,1002.7273721891097
1167,1.2227808710991057,12.477102414773073,1001.8279854293025
1168,1.2224536124174805,12.45369170172887,1000.929114405009
1169,1.222126747480453,12.430326053647061,1000.0307600295121
1170,1.2218002758434992,12.407005372837821,999.1329232096876
1171,1.2214741970627323,12.383729561845186,998.235604846013
1172,1.2211485106949,12.360498523446484,997.3388058325979
1173,1.2208232162973849,12.337312160651827,996.4425270572486
1174,1.2204983134282026,12.314170376703661,995.5467694014437
1175,1.2201738016460015,12.291073075076204,994.6515337404538
1176,1.2198496805100618,12.268020159474952,993.756820943245
1177,1.2195259495802941,12.245011533836212,992.862631872609
1178,1.2192026084172387,12.222047102326552,991.9689673851689
1179,1.2188796565820648,12.199126769342366,991.0758283313237
1180,1.2185570936365695,12.176250439509293,990.1832155553991
1181,1.218234919143177,12.153418017681762,989.2911298956303
1182,1.217913132664937,12.130629408942463,988.3995721841195
1183,1.217591733765525,12.107884518601884,987.5085432469381
1184,1.2172707220092402,12.085183252197753,986.6180439041722
1185,1.2169500969610052,12.062525515494587,985.7280749699007
1186,1.2166298581863646,12.039911214483169,984.8386372521983
1187,1.2163100052514846,12.017340255380036,983.9497315532276
1188,1.2159905377231517,11.994812544626987,983.0613586692598
1189,1.2156714551687717,11.972327988890582,982.1735193906983
1190,1.2153527571563694,11.949886495061632,981.2862145020252
1191,1.2150344432545868,11.927487970254754,980.3994447819235
1192,1.2147165130326825,11.905132321807807,979.5132110032304
1193,1.214398966060531,11.882819457281384,978.6275139330534
1194,1.2140818019086215,11.86054928445837,977.7423543327407
1195,1.213765020148057,11.838321711343388,976.857732957862
1196,1.2134486203505532,11.816136646162336,975.9736505583368
1197,1.213132602088438,11.79399399736187,975.0901078783883
1198,1.2128169649346505,11.771893673608918,974.2071056565508
1199,1.2125017084627392,11.749835583790205,973.3246446257841
1200,1.212186832246862,11.72781963701165,972.442725513451
1201,1.211872335861785,11.705845742598019,971.5613490412874
1202,1.2115582188828817,11.683913810092323,970.6805159254847
1203,1.2112444808861316,11.662023749255354,969.800226876724
1204,1.2109311214481193,11.640175470065188,968.920482600176
1205,1.2106181401460343,11.618368882716696,968.0412837955121
1206,1.2103055365576691,11.596603897621062,967.1626311569532
1207,1.209993310261419,11.574880425405214,966.2845253733469
1208,1.2096814608362805,11.553198376911405,965.4069671280962
1209,1.209369987861851,11.531557663196725,964.5299570992414
1210,1.2090588909183269,11.509958195532564,963.653495959449
1211,1.208748169586504,11.488399885404135,962.7775843760563
1212,1.2084378234477757,11.466882644509958,961.9022230111543
1213,1.2081278520841319,11.445406384761418,961.0274125215141
1214,1.2078182550781584,11.423971018282202,960.1531535586397
1215,1.2075090320130362,11.402576457407926,959.2794467688204
1216,1.2072001824725398,11.381222614685514,958.4062927931141
1217,1.2068917060410371,11.3599094028728,957.5336922673808
1218,1.2065836023034877,11.338636734937987,956.6616458223642
1219,1.2062758708454424,11.317404524059153,955.7901540836652
1220,1.2059685112530423,11.296212683623795,954.9192176717282
1221,1.2056615231130174,11.275061127228335,954.0488372019221
1222,1.2053549060126862,11.253949768677614,953.1790132845574
1223,1.2050486595399543,11.232878521984423,952.309746524911
1224,1.204742783283314,11.211847301369023,951.4410375231633
1225,1.2044372768318423,11.190856021258634,950.5728868745633
1226,1.2041321397752014,11.169904596286942,949.7052951693664
1227,1.2038273717036363,11.148992941293631,948.8382629928693
1228,1.2035229722079752,11.128120971323957,947.971790925438
1229,1.2032189408796274,11.107288601628149,947.105879542482
1230,1.2029152773105831,11.086495747661031,946.2405294145568
1231,1.2026119810934122,11.065742325081438,945.3757411073773
1232,1.2023090518212631,11.045028249751814,944.5115151817695
1233,1.2020064890878623,11.024353437737707,943.6478521937357
1234,1.201704292487513,11.003717805307312,942.784752694503
1235,1.201402461615094,10.983121268930951,941.922217230498
1236,1.2011009960660595,10.962563745280573,941.0602463433884
1237,1.2007998954364376,10.942045151229339,940.198840570151
1238,1.2004991593228294,10.921565403851082,939.3380004430225
1239,1.2001987873224078,10.901124420419928,938.4777264895299
1240,1.1998987790329174,10.880722118409695,937.6180192324998
1241,1.1995991340526726,10.860358415493508,936.7588791901702
1242,1.1992998519805573,10.840033229543273,935.9003068761145
1243,1.1990009324160236,10.81974647862923,935.0423027992803
1244,1.1987023749590906,10.799498081019458,934.1848674640697
1245,1.1984041792103446,10.779287955179376,933.3280013702927
1246,1.1981063447709366,10.759116019771376,932.4717050132431
1247,1.1978088712425825,10.738982193654216,931.61597888367
1248,1.1975117582275618,10.718886395882643,930.7608234677831
1249,1.1972150053287165,10.698828545706878,929.9062392473548
1250,1.1969186121494504,10.678808562572168,929.0522266997099
1251,1.1966225782937279,10.658826366118275,928.1987862976829
1252,1.196326903366073,10.638881876179074,927.345918509692
1253,1.1960315869715692,10.618975012782034,926.4936237997773
1254,1.1957366287158573,10.599105696147767,925.641902627566
1255,1.1954420282051352,10.579273846689548,924.7907554483495
1256,1.1951477850461572,10.559479385012875,923.9401827130768
1257,1.1948538988462318,10.53972223191494,923.0901848683844
1258,1.1945603692132225,10.520002308384278,922.240762356545
1259,1.1942671957555457,10.500319535600218,921.3919156155806
1260,1.1939743780821699,10.480673834932421,920.5436450792785
1261,1.193681915802615,10.461065127940442,919.6959511771481
1262,1.1933898085269514,10.441493336373247,918.84883433448
1263,1.1930980558657986,10.421958382168773,918.0022949723594
1264,1.1928066574303249,10.402460187453501,917.1563335076705
1265,1.192515612832246,10.382998674541875,916.3109503531531
1266,1.1922249216838243,10.363573765936007,915.4661459173617
1267,1.1919345835978676,10.344185384325097,914.6219206047093
1268,1.1916445981877288,10.324833452585025,913.7782748155502
1269,1.1913549650673043,10.305517893777834,912.9352089461453
1270,1.1910656838510334,10.286238631151381,912.0927233886408
1271,1.1907767541538976,10.266995588138805,911.250818531152
1272,1.190488175591419,10.24778868835809,910.4094947577593
1273,1.1901999477796599,10.228617855611626,909.5687524485222
1274,1.1899120703352217,10.209483013885716,908.7285919794854
1275,1.189624542875244,10.190384087350173,907.889013722755
1276,1.189337365017404,10.171321000357844,907.0500180464467
1277,1.1890505363799142,10.152293677444174,906.2116053146905
1278,1.1887640565815236,10.133302043326724,905.3737758877404
1279,1.188477925241515,10.114346022904753,904.5365301219396
1280,1.1881921419797048,10.095425541258743,903.699868369734
1281,1.1879067064164424,10.076540523649998,902.863790979695
1282,1.1876216181726083,10.057690895520148,902.0282982965164
1283,1.187336876869614,10.038876582490728,901.1933906610737
1284,1.1870524821294008,10.020097510362735,900.359068410451
1285,1.186768433574439,10.00135360511616,899.5253318778886
1286,1.1864847308277267,9.982644792909603,898.6921813928373
1287,1.1862013735127885,9.96397100007971,897.8596172810268
1288,1.1859183612536761,9.945332153140882,897.0276398644011
1289,1.1856356936749657,9.926728178784744,896.1962494611613
1290,1.185353370401758,9.908159003879703,895.3654463857769
1291,1.1850713910596768,9.889624555470572,894.5352309490613
1292,1.1847897552748687,9.871124760778061,893.7056034581157
1293,1.1845084626740012,9.852659547198336,892.8765642163853
1294,1.184227512884263,9.834228842302666,892.0481135237089
1295,1.1839469055333618,9.815832573836902,891.2202516762414
1296,1.1836666402495244,9.79747066972109,890.3929789665247
1297,1.1833867166614953,9.779143058049018,889.5662956835328
1298,1.183107134398536,9.760849667087767,888.7402021126425
1299,1.1828278930904237,9.74259042527732,887.9146985356728
1300,1.182548992367451,9.724365261230082,887.0897852308732
1301,1.1822704318604242,9.706174103730525,886.2654624729419
1302,1.1819922112006633,9.688016881734645,885.4417305330929
1303,1.1817143300200001,9.669893524369634,884.6185896790698
1304,1.1814367879507781,9.651803960933373,883.7960401750742
1305,1.1811595846258511,9.633748120894083,882.9740822818732
1306,1.1808827196785827,9.61572593388982,882.1527162567918
1307,1.1806061927428448,9.597737329728098,881.3319423537171
1308,1.1803300034530175,9.579782238385505,880.5117608230918
1309,1.1800541514439875,9.561860590007146,879.692171911967
1310,1.179778636351147,9.54397231490632,878.8731758640367
1311,1.1795034578103942,9.526117343564122,878.0547729195831
1312,1.1792286154581304,9.508295606628918,877.2369633155619
1313,1.1789541089312607,9.490507034916018,876.4197472855979
1314,1.1786799378671924,9.47275155940719,875.6031250599502
1315,1.1784061019038339,9.455029111250326,874.7870968655775
1316,1.1781326006795945,9.437339621758904,873.97166292616
1317,1.1778594338333828,9.419683022411702,873.1568234620975
1318,1.1775866010046063,9.40205924485221,872.3425786905406
1319,1.1773141018331703,9.384468220888424,871.5289288253654
1320,1.1770419359594768,9.366909882492278,870.7158740771945
1321,1.1767701030244238,9.349384161799279,869.9034146534913
1322,1.1764986026694044,9.33189099110808,869.0915507585038
1323,1.1762274345363062,9.314430302880094,868.2802825932578
1324,1.1759565982675098,9.297002029739074,867.4696103556104
1325,1.1756860935058882,9.279606104470698,866.6595342402874
1326,1.175415919894806,9.26224246002214,865.8500544388621
1327,1.1751460770781186,9.244911029501695,865.0411711397528
1328,1.1748765647001709,9.227611746178312,864.2328845282939
1329,1.1746073824057965,9.210344543481291,863.4251947867256
1330,1.1743385298403173,9.193109354999766,862.6181020941794
1331,1.1740700066495422,9.175906114482368,861.8116066267412
1332,1.173801812479766,9.158734755836788,861.005708557425
1333,1.173533946977769,9.141595213129387,860.2004080561895
1334,1.1732664097908159,9.12448742058482,859.3957052899746
1335,1.1729992005666547,9.107411312585565,858.5916004227
1336,1.1727323189535166,9.090366823671578,857.788093615292
1337,1.172465764600114,9.073353888539888,856.9851850257076
1338,1.1721995371556402,9.056372442044157,856.1828748088775
1339,1.1719336362697685,9.039422419194349,855.3811631167945
1340,1.1716680615926518,9.02250375515625,854.5800500985277
1341,1.1714028127749205,9.005616385251146,853.7795359002292
1342,1.171137889467683,8.988760244955389,852.9796206650943
1343,1.1708732913225235,8.971935269900003,852.1803045334217
1344,1.1706090179915023,8.955141395870298,851.3815876426572
1345,1.1703450691271544,8.938378558805466,850.5834701273458
1346,1.1700814443824885,8.921646694798186,849.7859521191623
1347,1.1698181434109862,8.904945740094272,848.9890337469569
1348,1.1695551658666015,8.88827563109224,848.1927151367277
1349,1.1692925114037591,8.871636304342928,847.3969964116452
1350,1.1690301796773546,8.85502769654911,846.6018776920882
1351,1.1687681703427528,8.838449744565096,845.8073590956332
1352,1.1685064830557874,8.821902385396372,845.0134407371372
1353,1.1682451174727595,8.805385556199214,844.2201227287604
1354,1.1679840732504374,8.788899194280232,843.4274051798931
1355,1.1677233500460553,8.77244323709607,842.6352881972116
1356,1.1674629475173128,8.756017622252969,841.8437718846418
1357,1.1672028653223736,8.73962228750647,841.0528563433627
1358,1.1669431031198647,8.723257170760919,840.2625416718648
1359,1.1666836605688762,8.706922210069134,839.4728279659679
1360,1.1664245373289597,8.690617343631999,838.6837153188291
1361,1.1661657330601276,8.674342509798167,837.8952038208871
1362,1.1659072474228525,8.658097647063597,837.1072935599432
1363,1.165649080078066,8.64188269407123,836.3199846211899
1364,1.1653912306871579,8.625697589610501,835.5332770871572
1365,1.165133698911976,8.609542272617164,834.7471710377672
1366,1.1648764844148243,8.593416682172709,833.9616665503504
1367,1.1646195868584626,8.577320757504138,833.1767636996371
1368,1.1643630059061056,8.561254437983495,832.3924625577744
1369,1.1641067412214225,8.54521766312754,831.60876319436
1370,1.163850792468535,8.529210372597353,830.8256656764094
1371,1.1635951593120177,8.513232506198042,830.0431700684153
1372,1.1633398414168965,8.497284003878214,829.2612764323238
1373,1.163084838448648,8.48136480572979,828.4799848275551
1374,1.1628301500731988,8.465474851987466,827.6992953110355
1375,1.1625757759569242,8.44961408302851,826.9192079371829
1376,1.162321715766648,8.433782439372257,826.1397227579166
1377,1.1620679691696407,8.417979861679823,825.36083982269
1378,1.16181453583362,8.402206290753671,824.5825591785396
1379,1.161561415426749,8.386461667537343,823.8048808700527
1380,1.1613086076176355,8.370745933115014,823.0278049393285
1381,1.1610561120753313,8.355059028711187,822.2513314260664
1382,1.1608039284693314,8.339400895690293,821.4754603675702
1383,1.1605520564695728,8.323771475556331,820.7001917987216
1384,1.1603004957464345,8.30817070995253,819.9255257520244
1385,1.1600492459707354,8.29259854066099,819.15146225761
1386,1.159798306813735,8.277054909602292,818.3780013432307
1387,1.1595476779471312,8.26153975883518,817.6051430342952
1388,1.1592973590430604,8.246053030556158,816.8328873538645
1389,1.1590473497740963,8.23059466709923,816.0612343226686
1390,1.1587976498132486,8.21516461093539,815.2901839591174
1391,1.1585482588339635,8.199762804672412,814.5197362793058
1392,1.1582991765101212,8.184389191054448,813.7498912970324
1393,1.1580504025160365,8.169043712961642,812.9806490238135
1394,1.1578019365264574,8.153726313409813,812.2120094688901
1395,1.157553778216564,8.138436935550109,811.4439726392084
1396,1.157305927261968,8.123175522668653,810.6765385394714
1397,1.157058383338712,8.10794201818615,809.9097071721791
1398,1.1568111461232686,8.09273636565761,809.143478537575
1399,1.1565642152925393,8.077558508771965,808.3778526336373
1400,1.156317590523854,8.062408391351735,807.6128294561684
1401,1.1560712714949706,8.047285957352655,806.8484089987793
1402,1.1558252578840726,8.032191150863333,806.0845912528779
1403,1.1555795493697705,8.017123916104962,805.3213762077137
1404,1.155334145631099,8.002084197430884,804.558763850343
1405,1.1550890463475176,7.987071939326363,803.7967541656699
1406,1.1548442511989092,7.972087086408131,803.0353471364409
1407,1.1545997598655793,7.9571295834241385,802.2745427432656
1408,1.154355572028255,7.9421993752531455,801.5143409646328
1409,1.1541116873680846,7.927296406904422,800.7547417769117
1410,1.1538681055666369,7.912420623517411,799.9957451543693
1411,1.1536248263058997,7.8975719703613425,799.2373510691602
1412,1.15338184926828,7.882750392835,798.4795594913736
1413,1.153139174136602,7.867955836466244,797.7223703890248
1414,1.1528968005941074,7.8531882469118175,796.9657837280224
1415,1.1526547283244541,7.83844756995693,796.209799472245
1416,1.1524129570117154,7.823733751514917,795.4544175835618
1417,1.1521714863403791,7.809046737626946,794.6996380217691
1418,1.1519303159953471,7.794386474461706,793.9454607446161
1419,1.1516894456619344,7.779752908315005,793.1918857078676
1420,1.151448875025868,7.7651459856095135,792.4389128652771
1421,1.151208603773287,7.750565652894354,791.6865421686126
1422,1.1509686315907404,7.7360118568448675,790.9347735676521
1423,1.1507289581651878,7.721484544262206,790.1836070101739
1424,1.1504895831839979,7.70698366207308,789.433042442006
1425,1.1502505063349473,7.6925091573293605,788.6830798070113
1426,1.1500117273062205,7.678060977207782,787.933719047121
1427,1.149773245786409,7.663639069009641,787.1849601023206
1428,1.1495350614645097,7.649243380160459,786.4368029106791
1429,1.1492971740299256,7.634873858209622,785.6892474083343
1430,1.1490595831724635,7.620530450830142,784.9422935295005
1431,1.148822288582334,7.606213105818242,784.1959412065167
1432,1.148585289950151,7.591921771093125,783.4501903698207
1433,1.14834858696693,7.577656394696584,782.7050409479368
1434,1.1481121793240885,7.563416924792735,781.9604928675515
1435,1.1478760667134438,7.5492033096676305,781.2165460535128
1436,1.1476402488272137,7.535015497729026,780.473200428773
1437,1.1474047253580149,7.520853437506019,779.7304559144416
1438,1.147169495998862,7.506717077648746,778.9883124298076
1439,1.1469345604431678,7.492606366928056,778.2467698923344
1440,1.1466999183847413,7.478521254235201,777.5058282176741
1441,1.1464655695177877,7.464461688581522,776.7654873196545
1442,1.1462315135369074,7.450427619098163,776.0257471102947
1443,1.1459977501370955,7.436418995035735,775.2866074998342
1444,1.1457642790137403,7.4224357657640025,774.5480683967332
1445,1.1455310998626238,7.408477880771562,773.8101297076867
1446,1.1452982123799194,7.394545289665593,773.0727913376181
1447,1.1450656162621924,7.380637942171467,772.3360531897121
1448,1.1448333112063986,7.366755788132528,771.599915165375
1449,1.144601296909884,7.352898777509695,770.8643771642784
1450,1.1443695730703833,7.339066860381246,770.1294390843993
1451,1.1441381393860202,7.325259986942438,769.3951008219763
1452,1.1439069955553056,7.311478107505246,768.6613622715129
1453,1.1436761412771377,7.297721172498032,767.9282233258483
1454,1.1434455762508005,7.283989132465291,767.195683876126
1455,1.1432153001759635,7.27028193806729,766.4637438117829
1456,1.142985312752681,7.256599540079806,765.7324030205685
1457,1.1427556136813912,7.2429418893938236,765.0016613885754
1458,1.1425262026629157,7.229308937015211,764.2715188002505
1459,1.1422970793984584,7.215700634064436,763.5419751383806
1460,1.1420682435896046,7.202116931776259,762.8130302840959
1461,1.141839694938321,7.188557781499481,762.0846841168836
1462,1.1416114331469542,7.17502313469659,761.3569365146199
1463,1.1413834579182307,7.161512942943469,760.6297873535688
1464,1.1411557689552554,7.148027157929156,759.9032365083738
1465,1.1409283659615113,7.13456573145547,759.1772838520783
1466,1.1407012486408585,7.1211286154367945,758.4519292561382
1467,1.1404744166975342,7.107715761899766,757.7271725903917
1468,1.1402478698361511,7.094327122982934,757.0030137231134
1469,1.140021607761697,7.080962650936513,756.2794525210417
1470,1.139795630179534,7.067622298122098,755.5564888493174
1471,1.139569936795398,7.054306017012315,754.8341225715241
1472,1.1393445273153977,7.041013760190641,754.1123535497172
1473,1.139119401446014,7.027745480351025,753.3911816444099
1474,1.138894558894099,7.014501130297617,752.6706067145799
1475,1.1386699993668763,7.00128066294452,751.9506286176654
1476,1.1384457225719387,6.988084031315439,751.2312472096063
1477,1.1382217282172487,6.9749111885434685,750.5124623448477
1478,1.1379980160111374,6.9617620878707545,749.7942738763303
1479,1.1377745856623036,6.948636682648223,749.0766816554873
1480,1.1375514368798132,6.935534926335343,748.3596855322601
1481,1.1373285693730988,6.922456772499783,747.643285355132
1482,1.1371059828519585,6.909402174817145,746.9274809711183
1483,1.1368836770265556,6.896371087070701,746.2122722257661
1484,1.1366616516074173,6.883363463151111,745.4976589631761
1485,1.136439906305435,6.870379257056103,744.7836410260023
1486,1.1362184408318623,6.85741842289029,744.0702182554354
1487,1.1359972548983153,6.844480914864782,743.3573904912612
1488,1.1357763482167715,6.831566687296969,742.6451575718615
1489,1.1355557204995694,6.818675694610234,741.9335193341633
1490,1.1353353714594072,6.805807891333695,741.2224756136856
1491,1.1351153008093426,6.792963232101876,740.5120262445511
1492,1.1348955082627918,6.780141671654529,739.802171059499
1493,1.134675993533529,6.767343164836249,739.0929098898735
1494,1.134456756335686,6.75456766659627,738.3842425656293
1495,1.1342377963837504,6.741815131988183,737.6761689153616
1496,1.1340191133925663,6.729085516169654,736.9686887663103
1497,1.1338007070773326,6.716378774402145,736.2618019443469
1498,1.133582577153603,6.703694862050707,735.5555082739767
1499,1.1333647233372843,6.6910337345835975,734.8498075783571
1500,1.1331471453446371,6.6783953475721285,734.1446996793367
1501,1.132929842892274,6.665779656690315,733.440184397427
1502,1.1327128156971595,6.653186617714661,732.7362615518077
1503,1.1324960634766088,6.640616186523847,732.0329309603493
1504,1.1322795859482875,6.628068319098506,731.3301924396064
1505,1.132063382830211,6.61554297152096,730.6280458048126
1506,1.1318474538407433,6.603040099974937,729.9264908699316
1507,1.1316317986985969,6.590559660745265,729.2255274476454
1508,1.131416417122832,6.578101610217692,728.5251553493308
1509,1.1312013088328554,6.56566590487859,727.8253743850812
1510,1.1309864735484203,6.553252501314684,727.1261843637333
1511,1.1307719109896253,6.540861356212776,726.4275850928736
1512,1.130557620876914,6.528492426359531,725.7295763788238
1513,1.1303436029310738,6.516145668641182,725.0321580266499
1514,1.130129856873236,6.5038210400432845,724.3353298401809
1515,1.1299163824248748,6.491518497650451,723.6390916220118
1516,1.129703179307806,6.479237998646131,722.9434431735112
1517,1.1294902472441877,6.466979500312276,722.2483842948064
1518,1.1292775859565178,6.454742960029181,721.553914784816
1519,1.1290651951676351,6.442528335275123,720.8600344412755
1520,1.1288530746007177,6.430335583626213,720.1667430607026
1521,1.1286412239792822,6.418164662756066,719.4740404384155
1522,1.1284296430271836,6.406015530435572,718.781926368547
1523,1.1282183314686145,6.39388814453266,718.0904006440361
1524,1.128007289028104,6.3817824630120406,717.3994630566394
1525,1.1277965154305176,6.36969844393493,716.709113396965
1526,1.127586010401056,6.357636045458808,716.0193514544643
1527,1.1273757736652548,6.34559522583718,715.3301770174021
1528,1.1271658049489839,6.333575943419355,714.6415898728834
1529,1.1269561039784466,6.321578156650135,713.9535898068884
1530,1.1267466704801792,6.309601824069609,713.2661766042654
1531,1.12653750418105,6.2976469043128995,712.5793500487152
1532,1.1263286048082586,6.285713356109908,711.8931099228099
1533,1.126119972089336,6.273801138285081,711.2074560079996
1534,1.1259116057521434,6.261910209757141,710.5223880846293
1535,1.1257035055248712,6.250040529538881,709.8379059319411
1536,1.1254956711360389,6.238192056736884,709.1540093280514
1537,1.1252881023144943,6.226364750551309,708.4706980499939
1538,1.1250807987894127,6.214558570275605,707.7879718737316
1539,1.1248737602902967,6.202773475296323,707.1058305741142
1540,1.1246669865469752,6.191009425092856,706.4242739249141
1541,1.1244604772896023,6.17926637923718,705.7433016988375
1542,1.1242542322486575,6.167544297393622,705.0629136675176
1543,1.124048251154945,6.1558431393186614,704.3831096015243
1544,1.1238425337395923,6.144162864860607,703.7038892703903
1545,1.1236370797340502,6.132503433959426,703.0252524425946
1546,1.123431888870092,6.120864806646491,702.3471988855432
1547,1.1232269608798129,6.109246943044355,701.6697283656015
1548,1.1230222954956293,6.09764980336649,700.9928406481197
1549,1.122817892450278,6.086073347917056,700.3165354974274
1550,1.1226137514768162,6.074517537090674,699.640812676831
1551,1.12240987230862,6.0629823313722095,698.9656719486109
1552,1.1222062546793843,6.051467691336514,698.291113074029
1553,1.122002898323122,6.039973577648197,697.617135813371
1554,1.1217998029741638,6.028499951061354,696.9437399259174
1555,1.1215969683671567,6.017046772419452,696.2709251699356
1556,1.121394394237064,6.005614002654975,695.598691302721
1557,1.1211920803191648,5.994201602789261,694.9270380806016
1558,1.1209900263490529,5.9828095339322385,694.2559652589031
1559,1.1207882320626363,5.971437757282218,693.5854725919942
1560,1.1205866971961371,5.960086234125666,692.9155598332796
1561,1.12038542148609,5.948754925836963,692.2462267352015
1562,1.1201844046693425,5.937443793878154,691.5774730492473
1563,1.1199836464830537,5.926152799798802,690.9092985259707
1564,1.1197831466646937,5.914881905235661,690.2417029149717
1565,1.1195829049520436,5.903631071912542,689.5746859648885
1566,1.1193829210831945,5.892400261640025,688.908247423435
1567,1.1191831947965465,5.881189436315253,688.242387037411
1568,1.1189837258308084,5.86999855792171,687.5771045527024
1569,1.1187845139249977,5.858827588528994,686.9123997142775
1570,1.1185855588184388,5.847676490292615,686.2482722661722
1571,1.1183868602507634,5.8365452254537615,685.5847219515178
1572,1.1181884179619093,5.825433756339032,684.9217485125682
1573,1.11799023169212,5.81434204536031,684.2593516906678
1574,1.1177923011819442,5.80327005501446,683.5975312262572
1575,1.117594626172235,5.7922177478831625,682.9362868589086
1576,1.1173972064041493,5.781185086632639,682.2756183273152
1577,1.1172000416191477,5.770172034013507,681.6155253692782
1578,1.1170031315589928,5.759178552860492,680.9560077217402
1579,1.11680647596575,5.748204606092252,680.29706512078
1580,1.1166100745817853,5.737250156711157,679.6386973016085
1581,1.1164139271497666,5.726315167803048,678.9809039985764
1582,1.1162180334126612,5.715399602537058,678.3236849452
1583,1.1160223931137367,5.704503424165369,677.6670398741387
1584,1.1158270059965594,5.693626596023012,677.0109685171982
1585,1.115631871804994,5.682769081527655,676.3554706053592
1586,1.1154369902832038,5.671930844179365,675.7005458687762
1587,1.1152423611756483,5.661111847560429,675.0461940367925
1588,1.1150479842270848,5.650312055335117,674.3924148379201
1589,1.1148538591825663,5.639531431249519,673.739207999823
1590,1.114659985787441,5.628769939131255,673.0865732493714
1591,1.1144663637873526,5.618027542889326,672.4345103126519
1592,1.1142729929282387,5.607304206513875,671.7830189149338
1593,1.114079872956331,5.596599894076014,671.1320987806846
1594,1.1138870036181543,5.585914569727553,670.4817496335907
1595,1.113694384660526,5.575248197700848,669.8319711965505
1596,1.1135020158305555,5.564600742308586,669.1827631916703
1597,1.1133098968756439,5.553972167943548,668.5341253402833
1598,1.1131180275434827,5.543362439078436,667.8860573629511
1599,1.112926407582054,5.532771520265654,667.2385589794607
1600,1.1127350367396296,5.522199376137084,666.591629908836
1601,1.1125439147647704,5.511645971403926,665.9452698693501
1602,1.1123530414063258,5.501111270856453,665.2994785785105
1603,1.1121624164134334,5.490595239363836,664.6542557530711
1604,1.111972039535518,5.4800978418739055,664.0096011090448
1605,1.1117819105222913,5.469619043412999,663.3655143617019
1606,1.1115920291237513,5.459158809085703,662.7219952255964
1607,1.1114023950901817,5.448717104074709,662.0790434145274
1608,1.1112130081721512,5.4382938936405685,661.436658641549
1609,1.1110238681205133,5.427889143121529,660.7948406190122
1610,1.1108349746864055,5.417502817933275,660.1535890585674
1611,1.1106463276212482,5.407134883568811,659.5129036711322
1612,1.1104579266767454,5.396785305598189,658.872784166912
1613,1.110269771604883,5.386454049668367,658.233230255407
1614,1.110081862157929,5.376141081502969,657.5942416454161
1615,1.1098941980884318,5.365846366902128,656.955818045031
1616,1.1097067791492212,5.355569871742247,656.317959161662
1617,1.1095196050934069,5.345311561975838,655.6806647020311
1618,1.1093326756743778,5.335071403631304,655.04393437217
1619,1.1091459906458019,5.324849362812744,654.4077678774339
1620,1.1089595497616258,5.314645405699795,653.7721649225061
1621,1.1087733527760737,5.304459498547404,653.1371252113926
1622,1.1085873994436473,5.294291607685614,652.5026484474263
1623,1.1084016895191247,5.284141699519429,651.8687343332733
1624,1.1082162227575603,5.274009740528606,651.2353825709497
1625,1.1080309989142842,5.263895697267407,650.6025928618312
1626,1.1078460177449019,5.253799536364481,649.9703649066191
1627,1.1076612790052927,5.24372122452264,649.3386984053568
1628,1.1074767824516103,5.233660728518679,648.707593057471
1629,1.1072925278402819,5.223618015203154,648.0770485617584
1630,1.1071085149280073,5.213593051500237,647.4470646163664
1631,1.106924743471759,5.203585804407514,646.8176409187969
1632,1.106741213228781,5.193596240995798,646.1887771659343
1633,1.1065579239565888,5.1836243284089125,645.5604730540415
1634,1.1063748754129683,5.17367003386356,644.932728278761
1635,1.106192067355976,5.16373332464906,644.3055425351316
1636,1.1060094995439376,5.15381416812726,643.6789155175754
1637,1.1058271717354482,5.14391253173225,643.0528469199074
1638,1.1056450836893714,5.134028382970262,642.4273364353344
1639,1.1054632351648388,5.12416168941943,641.8023837564689
1640,1.1052816259212492,5.114312418729635,641.1779885753269
1641,1.105100255718269,5.104480538622295,640.5541505833337
1642,1.1049191243158303,5.094666016890211,639.9308694713225
1643,1.1047382314741316,5.084868821397372,639.3081449295545
1644,1.1045575769536367,5.075088920078778,638.6859766477224
1645,1.104377160515074,5.065326280940234,638.0643643149198
1646,1.1041969819194366,5.055580872058206,637.443307619665
1647,1.1040170409279808,5.045852661579616,636.8228062499213
1648,1.1038373373022263,5.036141617721682,636.202859893101
1649,1.103657870803956,5.026447708771714,635.5834682360392
1650,1.1034786411952144,5.016770903086951,634.9646309650037
1651,1.1032996482383082,5.00711116909438,634.3463477657192
1652,1.1031208916958049,4.99746847529056,633.7286183233625
1653,1.1029423713305324,4.9878427902414275,633.1114423225666
1654,1.1027640869055795,4.978234082582144,632.4948194474312
1655,1.1025860381842938,4.968642321016899,631.8787493815069
1656,1.1024082249302822,4.959067474318772,631.2632318078031
1657,1.1022306469074103,4.949509511329503,630.6482664088035
1658,1.1020533038798017,4.939968400959342,630.0338528664658
1659,1.1018761956118373,4.930444112186904,629.4199908622282
1660,1.1016993218681552,4.920936614058914,628.8066800770039
1661,1.10152268241365,4.911445875690152,628.1939201911828
1662,1.101346277013472,4.90197186626315,627.5817108846549
1663,1.1011701054330276,4.892514555028135,626.9700518368021
1664,1.1009941674379775,4.883073911302763,626.3589427264825
1665,1.100818462794237,4.873649904472042,625.7483832320473
1666,1.1006429912679754,4.864242503988038,625.1383730313704
1667,1.1004677526256155,4.854851679369825,624.5289118018396
1668,1.100292746633833,4.84547740020325,623.9199992203314
1669,1.1001179730595558,4.83611963614077,623.3116349632272
1670,1.0999434316699641,4.826778356901286,622.7038187064373
1671,1.099769122232489,4.817453532269997,622.0965501253852
1672,1.099595044514813,4.808145132098213,621.4898288950196
1673,1.0994211982848687,4.798853126303133,620.8836546898148
1674,1.0992475833108386,4.789577484867801,620.2780271837654
1675,1.0990741993611548,4.780318177840822,619.6729460503971
1676,1.0989010462044981,4.7710751753362635,619.0684109627749
1677,1.0987281236097979,4.761848447533456,618.4644215935047
1678,1.0985554313462311,4.752637964676828,617.860977614743
1679,1.0983829691832225,4.743443697075769,617.2580786981816
1680,1.0982107368904437,4.7342656151044515,616.655724515052
1681,1.0980387342378124,4.725103689201631,616.0539147361432
1682,1.0978669609954925,4.715957889870547,615.4526490318116
1683,1.0976954169338935,4.70682818767869,614.8519270719504
1684,1.0975241018236694,4.697714553257715,614.2517485260141
1685,1.097353015435719,4.688616957303189,613.6521130630404
1686,1.0971821575411849,4.679535370574519,613.0530203516387
1687,1.0970115279114532,4.67046976389472,612.4544700599679
1688,1.096841126318153,4.661420108150292,611.85646185576
1689,1.096670952533156,4.652386374291053,611.2589954063299
1690,1.0965010063285758,4.643368533329981,610.6620703785775
1691,1.0963312874767677,4.634366556343007,610.0656864389905
1692,1.0961617957503276,4.625380414468952,609.4698432536426
1693,1.0959925309220926,4.616410078909257,608.8745404881846
1694,1.0958234927651394,4.6074555209279255,608.2797778078703
1695,1.0956546810527845,4.598516711851291,607.6855548775436
1696,1.0954860955585837,4.589593623067888,607.0918713616578
1697,1.0953177360563309,4.58068622602829,606.4987269242631
1698,1.0951496023200586,4.571794492244985,605.9061212290109
1699,1.0949816941240373,4.562918393292166,605.3140539391482
1700,1.094814011242774,4.554057900805593,604.7225247175489
1701,1.0946465534510128,4.545212986482451,604.1315332267119
1702,1.094479320523734,4.536383622081184,603.5410791287331
1703,1.0943123122361538,4.527569779421338,602.9511620853323
1704,1.0941455283637236,4.518771430383438,602.3617817578705
1705,1.0939789686821297,4.50998854690874,601.7729378073257
1706,1.093812632967293,4.501221100999226,601.1846298942925
1707,1.0936465209953679,4.492469064717318,600.5968576789974
1708,1.0934806325427424,4.483732410185803,600.0096208213089
1709,1.0933149673860378,4.475011109587625,599.4229189807376
1710,1.0931495253021075,4.46630513516578,598.8367518164436
1711,1.092984306068037,4.457614459223147,598.2511189872135
1712,1.0928193094611436,4.448939054122324,597.6660201514846
1713,1.0926545352589754,4.4402788922855025,597.0814549673415
1714,1.0924899832393113,4.431633946194303,596.4974230925217
1715,1.0923256531801608,4.423004188389615,595.9139241844238
1716,1.0921615448597626,4.414389591471444,595.3309579001059
1717,1.0919976580565847,4.4057901280988325,594.7485238962716
1718,1.091833992549324,4.397205770989606,594.1666218292828
1719,1.0916705481169058,4.388636492920276,593.5852513551819
1720,1.0915073245384834,4.380082266725915,593.0044121296887
1721,1.0913443215934375,4.371543065299962,592.4241038081691
1722,1.0911815390613757,4.363018861594129,591.8443260456701
1723,1.091018976722132,4.354509628618175,591.2650784969247
1724,1.090856634355767,4.3460153394398455,590.6863608163429
1725,1.0906945117425662,4.337535967184683,590.1081726580089
1726,1.0905326086630407,4.329071485035879,589.5305136756979
1727,1.0903709248979263,4.320621866234135,588.9533835228725
1728,1.090209460228183,4.312187084077527,588.3767818527014
1729,1.0900482144349948,4.303767111921332,587.8007083180395
1730,1.0898871872997686,4.295361923177953,587.2251625714243
1731,1.089726378604135,4.286971491316687,586.6501442650923
1732,1.089565788129946,4.2785957898636315,586.0756530509872
1733,1.089405415659277,4.270234792401546,585.501688580755
1734,1.0892452609744239,4.261888472569689,584.9282505057586
1735,1.0890853238579041,4.2535568040636775,584.3553384770698
1736,1.0889256040924558,4.245239760635366,583.7829521454545
1737,1.0887661014610373,4.236937316092687,583.2110911613934
1738,1.088606815746827,4.228649444299507,582.6397551750997
1739,1.0884477467332223,4.220376119175484,582.0689438365079
1740,1.0882888942038398,4.212117314695975,581.4986567952575
1741,1.0881302579425147,4.203873004891816,580.9288937007184
1742,1.0879718377333,4.19564316384924,580.3596542019932
1743,1.0878136333604664,4.187427765709728,579.7909379479111
1744,1.087655644608502,4.179226784669867,579.2227445870338
1745,1.0874978712621113,4.171040194981196,578.6550737676507
1746,1.0873403131062156,4.162867970950083,578.087925137797
1747,1.0871829699259516,4.1547100869376,577.52129834525
1748,1.087025841506672,4.146566517359362,576.9551930375223
1749,1.086868927633944,4.1384372366854105,576.389608861863
1750,1.0867122280935497,4.130322219440056,575.8245454652754
1751,1.0865557426714854,4.122221440201751,575.2600024945159
1752,1.0863994711539608,4.114134873602973,574.6959795960918
1753,1.0862434133273995,4.106062494330039,574.1324764162738
1754,1.0860875689784375,4.098004277123051,573.5694926010823
1755,1.0859319378939236,4.089960196775675,573.0070277962749
1756,1.0857765198609184,4.081930228135072,572.4450816473759
1757,1.0856213146666942,4.073914346101735,571.8836537996867
1758,1.0854663220987344,4.06591252562934,571.3227438982799
1759,1.0853115419447332,4.0579247417246505,570.7623515879768
1760,1.0851569739925955,4.049950969447359,570.2024765133774
1761,1.0850026180304355,4.0419911839099765,569.6431183188544
1762,1.0848484738465776,4.034045360277663,569.0842766485648
1763,1.0846945412295548,4.0261134737681195,568.5259511464321
1764,1.0845408199681088,4.018195499651487,567.9681414561569
1765,1.0843873098511898,4.010291413250151,567.4108472212301
1766,1.0842340106679556,4.002401189938661,566.8540680849303
1767,1.0840809222077716,3.9945248051435747,566.2978036903136
1768,1.0839280442602102,3.9866622343433553,565.7420536802208
1769,1.0837753766150502,3.978813453068195,565.186817697292
1770,1.0836229190622768,3.9709784368999377,564.6320953839644
1771,1.0834706713920808,3.9631571614719205,564.0778863824648
1772,1.0833186333948583,3.955349602468844,563.5241903348245
1773,1.0831668048612109,3.9475557356266466,562.9710068828643
1774,1.083015185581944,3.9397755367324216,562.4183356682008
1775,1.0828637753480677,3.9320089816242,561.8661763322579
1776,1.0827125739507955,3.924256046190909,561.314528516287
1777,1.082561581181544,3.9165167063721857,560.7633918613419
1778,1.0824107968319334,3.9087909381582766,560.2127660082765
1779,1.082260220693786,3.901078717589922,559.662650597753
1780,1.0821098525591257,3.8933800207582143,559.113045270253
1781,1.081959692220179,3.885694823804474,558.5639496660822
1782,1.0818097394693735,3.878023102920129,558.0153634253604
1783,1.0816599940993372,3.8703648343465695,557.4672861880244
1784,1.081510455902899,3.862719994375061,556.9197175938444
1785,1.0813611246730874,3.8550885593466058,556.3726572824141
1786,1.0812120002031314,3.8474705056517866,555.8261048931544
1787,1.0810630822864586,3.8398658097306906,555.2800600653092
1788,1.080914370716696,3.8322744480727655,554.7345224379624
1789,1.0807658652876686,3.8246963972166936,554.1894916500295
1790,1.0806175657933998,3.817131633750272,553.6449673402616
1791,1.0804694720281107,3.809580134310289,553.100949147245
1792,1.0803215837862197,3.802041875582407,552.5574367094072
1793,1.0801739008623419,3.7945168343010485,552.0144296650028
1794,1.0800264230512893,3.787004987249254,551.4719276521447
1795,1.0798791501480696,3.7795063112585705,550.9299303088012
1796,1.0797320819478866,3.7720207832089376,550.3884372727856
1797,1.0795852182461392,3.764548380028571,549.8474481817411
1798,1.0794385588384214,3.7570890786938187,549.3069626731666
1799,1.079292103520522,3.7496428562290816,548.766980384425
1800,1.0791458520884236,3.742209689706633,548.2275009527399
1801,1.0789998043383027,3.7347895562465716,547.6885240151877
1802,1.0788539600665292,3.7273824330166376,547.1500492086805
1803,1.0787083190696662,3.719988297232159,546.6120761699736
1804,1.0785628811444692,3.7126071261558566,546.0746045356875
1805,1.078417646087886,3.7052388970978196,545.5376339422994
1806,1.0782726136970566,3.6978835874153044,545.0011640261541
1807,1.078127783769312,3.69054117451265,544.4651944234733
1808,1.0779831561021744,3.6832116358411766,543.929724770352
1809,1.077838730493357,3.6758949488990553,543.3947547027494
1810,1.0776945067407633,3.6685910912311708,542.8602838565105
1811,1.0775504846424864,3.6613000404290514,542.3263118673494
1812,1.0774066639968094,3.6540217741307233,541.7928383708559
1813,1.0772630446022045,3.646756270020593,541.259863002503
1814,1.0771196262573324,3.6395035058293312,540.7273853976568
1815,1.0769764087610427,3.6322634593337955,540.1954051915612
1816,1.076833391912373,3.6250361083568756,539.6639220193289
1817,1.0766905755105483,3.617821430767376,539.1329355159706
1818,1.0765479593549814,3.6106194044799387,538.6024453163918
1819,1.0764055432452717,3.6034300074549157,538.0724510553997
1820,1.0762633269812054,3.596253217698222,537.5429523676863
1821,1.0761213103627547,3.5890890132612587,537.0139488878282
1822,1.075979493190078,3.581937372240809,536.485440250304
1823,1.0758378752635185,3.574798272778908,535.9574260894947
1824,1.0756964563836053,3.5676716930627195,535.4299060396805
1825,1.075555236351052,3.560557611324442,534.9028797350395
1826,1.0754142149667565,3.553456005841194,534.3763468096648
1827,1.0752733920318003,3.5463668549349103,533.8503068975457
1828,1.0751327673474491,3.539290136972196,533.3247596325775
1829,1.074992340715152,3.5322258303642844,532.799704648569
1830,1.0748521119365406,3.5251739135668463,532.2751415792327
1831,1.074712080813429,3.518134365079966,531.7510700581901
1832,1.0745722471478136,3.51110716344794,531.2274897189848
1833,1.0744326107418731,3.504092287259234,530.7044001950841
1834,1.074293171397967,3.497089715146359,530.1818011198633
1835,1.0741539289186364,3.4900994257857394,529.6596921266107
1836,1.0740148831066025,3.483121397897651,529.1380728485394
1837,1.0738760337647675,3.4761556102460593,528.6169429187933
1838,1.0737373806962134,3.4692020416385456,528.0963019704461
1839,1.073598923704202,3.4622606709261876,527.5761496364821
1840,1.0734606625921743,3.45533147700347,527.0564855498068
1841,1.0733225971637503,3.4484144388081597,526.5373093432622
1842,1.0731847272227286,3.441509535321171,526.0186206496296
1843,1.073047052573086,3.4346167455665513,525.5004191016154
1844,1.0729095730189773,3.427736048611269,524.9827043318636
1845,1.0727722883647346,3.4208674235651535,524.4654759729581
1846,1.0726351984148677,3.4140108495808272,523.9487336574093
1847,1.0724983029740627,3.4071663058535298,523.4324770176655
1848,1.0723616018471824,3.400333771621056,522.916705686124
1849,1.072225094839266,3.3935132261636505,522.4014192951184
1850,1.072088781755528,3.386704648803887,521.8866174769239
1851,1.0719526624013587,3.379908018906573,521.3722998637678
1852,1.0718167365823235,3.3731233158786456,520.8584660878229
1853,1.0716810041041624,3.36635051916906,520.3451157812075
1854,1.07154546477279,3.359589608268713,519.8322485759817
1855,1.0714101183942948,3.352840562710322,519.3198641041566
1856,1.0712749647749389,3.3461033620682965,518.807961997708
1857,1.071140003721158,3.339377985958678,518.2965418885709
1858,1.071005235039561,3.3326644140390074,517.785603408621
1859,1.0708706585369288,3.325962626008265,517.2751461896867
1860,1.0707362740202155,3.3192726016067007,516.7651698635681
1861,1.0706020812965469,3.312594320615797,516.2556740620263
1862,1.07046808017322,3.305927762858153,515.7466584167813
1863,1.070334270457704,3.2992729081973424,515.2381225595121
1864,1.0702006519576381,3.292629736537862,514.7300661218626
1865,1.0700672244808331,3.285998227825013,514.2224887354361
1866,1.0699339878352696,3.2793783620448145,513.7153900318087
1867,1.0698009418290984,3.2727701192238525,513.2087696425323
1868,1.0696680862706396,3.266173479429263,512.7026271991242
1869,1.069535420968383,3.2595884227685636,512.1969623330717
1870,1.069402945730987,3.2530149293895807,511.6917746758423
1871,1.0692706603672792,3.246452979480358,511.1870638588709
1872,1.069138564686255,3.239902553269042,510.682829513571
1873,1.069006658497078,3.233363631023798,510.17907127132406
1874,1.0688749416090797,3.2268361930527125,509.6757887634981
1875,1.0687434138317582,3.2203202197036633,509.17298162144766
1876,1.0686120749747792,3.2138156913642693,508.6706494765147
1877,1.068480924847975,3.207322588461767,508.16879196000457
1878,1.068349963261344,3.20084089146292,507.66740870320865
1879,1.068219190025051,3.19437058087392,507.1664993374155
1880,1.0680886049494263,3.1879116372402785,506.6660634938979
1881,1.067958207844965,3.181464041146771,506.16610080391865
1882,1.067827998522328,3.1750277732172845,505.6666108987264
1883,1.0676979767923407,3.168602814114778,505.1675934095615
1884,1.0675681424659929,3.1621891445411214,504.66904796765385
1885,1.0674384953544382,3.155786745237079,504.17097420423437
1886,1.0673090352689942,3.149395596982165,503.67337175053405
1887,1.0671797620211418,3.14301568059453,503.1762402377711
1888,1.067050675422525,3.1366469769309404,502.6795792971583
1889,1.066921775284951,3.1302894668866013,502.1833885599031
1890,1.0667930614203884,3.1239431313951216,501.6876676572215
1891,1.0666645336409692,3.1176079514283916,501.1924162203295
1892,1.0665361917589864,3.1112839079965076,500.69763388044214
1893,1.0664080355868948,3.10497098214765,500.2033202687816
1894,1.0662800649373103,3.0986691549680154,499.7094750165876
1895,1.0661522796230096,3.0923784075817244,499.21609775510285
1896,1.0660246794569304,3.086098721150725,498.7231881155604
1897,1.06589726425217,3.079830076874684,498.2307457292063
1898,1.065770033821986,3.0735724559909112,497.7387702273073
1899,1.0656429879797955,3.0673258397742846,497.24726124114426
1900,1.065516126539175,3.0610902095371237,496.75621840200637
1901,1.0653894493138603,3.054865546629098,496.26564134119377
1902,1.0652629561177451,3.0486518324371867,495.77552969002517
1903,1.065136646764882,3.042449048385532,495.2858830798322
1904,1.0650105210694816,3.036257175935375,494.79670114197387
1905,1.0648845788459123,3.030076196584965,494.30798350782396
1906,1.0647588199086997,3.023906091869457,493.8197298087781
1907,1.064633244072527,3.017746843360838,493.3319396762462
1908,1.0645078511522337,3.01159843266782,492.8446127416638
1909,1.064382640962816,3.0054608414357826,492.3577486364965
1910,1.0642576133194268,2.999334051346625,491.87134699223657
1911,1.0641327680373742,2.9932180441187515,491.38540744039517
1912,1.0640081049321224,2.987112801506913,490.89992961251295
1913,1.0638836238192906,2.9810183053021793,490.41491314016605
1914,1.063759324514653,2.974934537331808,489.9303576549543
1915,1.063635206834139,2.968861479459164,489.44626278850177
1916,1.063511270593832,2.9627991135836655,488.9626281724671
1917,1.0633875156099695,2.9567474216406353,488.4794534385555
1918,1.063263941698943,2.9507063856012725,487.99673821850564
1919,1.063140548677297,2.944675987472539,487.5144821440892
1920,1.06301733636173,2.9386562092970605,487.03268484710924
1921,1.0628943045690926,2.9326470331530676,486.55134595940524
1922,1.062771453116389,2.926648441154305,486.07046511285955
1923,1.0626487818207748,2.9206604154499094,485.5900419393968
1924,1.062526290499558,2.914682938224378,485.11007607098657
1925,1.0624039789701982,2.9087159916974423,484.6305671396341
1926,1.0622818470503066,2.9027595581239978,484.1515147773859
1927,1.0621598945576456,2.896813619794026,483.67291861633356
1928,1.062038121310128,2.890878159032486,483.19477828862495
1929,1.0619165271258177,2.884953158199249,482.7170934264503
1930,1.0617951118229287,2.879038599689037,482.23986366203997
1931,1.0616738752198247,2.87313446593126,481.7630886276765
1932,1.0615528171350195,2.867240739390026,481.28676795569606
1933,1.061431937387176,2.861357402563995,480.81090127848705
1934,1.0613112357951062,2.8554844379863122,480.335488228481
1935,1.061190712177771,2.849621828224541,479.86052843816645
1936,1.0610703663542802,2.843769555880544,479.3860215400979
1937,1.0609501981438911,2.8379276035904524,478.91196716687796
1938,1.0608302073660094,2.832095954024504,478.4383649511619
1939,1.0607103938401885,2.826274589887071,477.9652145256556
1940,1.060590757386129,2.8204634939164746,477.49251552313183
1941,1.060471297823679,2.814662648884946,477.0202675764221
1942,1.060352014972833,2.8088720375985474,476.54847031842706
1943,1.0602329086537319,2.803091642897095,476.07712338210604
1944,1.0601139786866633,2.797321447654058,475.60622640047546
1945,1.0599952248920608,2.791561434776483,475.1357790066133
1946,1.0598766470905032,2.785811587204935,474.6657808336616
1947,1.059758245102715,2.780071887913375,474.1962315148352
1948,1.059640018749566,2.7743423199091217,473.7271306834138
1949,1.0595219678520706,2.768622866232748,473.2584779727381
1950,1.0594040922313879,2.762913509958002,472.7902730162194
1951,1.0592863917088213,2.757214234191722,472.3225154473434
1952,1.059168866105818,2.751525022073783,471.85520489966905
1953,1.0590515152439695,2.7458458567769775,471.38834100681663
1954,1.05893433894501,2.740176721506979,470.92192340248465
1955,1.0588173370308178,2.734517599502236,470.45595172044847
1956,1.0587005093234132,2.728868474033878,469.99042559455637
1957,1.0585838556449596,2.723229328405682,469.5253446587261
1958,1.058467375817763,2.717600145953953,469.06070854695196
1959,1.058351069664271,2.7119809100474788,468.5965168933093
1960,1.0582349370070736,2.7063716040874177,468.13276933195414
1961,1.058118977668902,2.7007722115072426,467.6694654971248
1962,1.0580031914726284,2.6951827157726562,467.206605023135
1963,1.0578875782412667,2.689603100381516,466.74418754437164
1964,1.0577721377979712,2.684033348863763,466.28221269530366
1965,1.0576568699660367,2.6784734447813308,465.8206801104863
1966,1.0575417745688982,2.6729233717280896,465.3595894245672
1967,1.0574268514301306,2.6673831133297194,464.8989402722747
1968,1.0573121003734487,2.661852653243707,464.4387322884161
1969,1.0571975212227065,2.656331975159213,463.97896510788394
1970,1.0570831138018972,2.6508210627970215,463.51963836567
1971,1.056968877935153,2.645319899909452,463.06075169684476
1972,1.0568548134467446,2.6398284702802863,462.6023047365639
1973,1.0567409201610811,2.6343467577247206,462.1442971200759
1974,1.0566271979027098,2.6288747460892314,461.6867284827256
1975,1.0565136464963156,2.6234124192515424,461.2295984599428
1976,1.0564002657667215,2.617959761120559,460.7729066872517
1977,1.056287055538887,2.6125167556362543,460.3166528002663
1978,1.0561740156379094,2.6070833867696246,459.86083643470334
1979,1.0560611458890223,2.6016596385226154,459.4054572263721
1980,1.0559484461175963,2.5962454949280045,458.95051481117895
1981,1.0558359161491377,2.5908409400494072,458.4960088251216
1982,1.0557235558092894,2.585445957981124,458.041938904294
1983,1.0556113649238297,2.5800605328481074,457.5883046848887
1984,1.0554993433186723,2.574684648805892,457.1351058032021
1985,1.0553874908198668,2.569318290040488,456.68234189563606
1986,1.055275807253597,2.5639614407683458,456.23001259869363
1987,1.0551642924461822,2.558614085236263,455.7781175489616
1988,1.0550529462240754,2.5532762077213174,455.32665638313813
1989,1.0549417684138644,2.547947792530789,454.87562873802915
1990,1.054830758842271,2.5426288240021,454.42503425054707
1991,1.0547199173361503,2.5373192865027083,453.97487255770125
1992,1.0546092437224914,2.532019164430095,453.52514329661403
1993,1.0544987378284163,2.5267284422116503,453.0758461045147
1994,1.05438839948118,2.5214471043045976,452.6269806187387
1995,1.0542782285081704,2.5161751351959265,452.17854647672743
1996,1.0541682247369077,2.510912519402379,451.7305433160268
1997,1.0540583879950447,2.505659241470262,451.2829707742991
1998,1.0539487181103655,2.5004152859755018,450.8358284893171
1999,1.0538392149107867,2.4951806375234793,450.38911609896513
2000,1.0537298782243558,2.489955280749022,449.9428332412358
2001,1.053620707879252,2.48473920031628,449.4969795542334
2002,1.0535117037037853,2.4795323809187004,449.05155467617885
2003,1.0534028655263965,2.4743348072789413,448.60655824540765
2004,1.0532941931756568,2.469146464148794,448.1619899003798
2005,1.0531856864802678,2.4639673363091266,447.7178492796577
2006,1.0530773452690612,2.4587974085697946,447.2741360219141
2007,1.0529691693709984,2.453636665769616,446.8308497659469
2008,1.0528611586151702,2.4484850927762354,446.3879901506781
2009,1.052753312830797,2.443342674486112,445.9455568151479
2010,1.0526456318472284,2.4382093958244186,445.50354939851104
2011,1.052538115493942,2.433085241745002,445.06196754004503
2012,1.0524307636005448,2.4279701972302834,444.6208108791465
2013,1.0523235759967722,2.4228642472912174,444.1800790553346
2014,1.0522165525124871,2.4177673769671815,443.73977170824935
2015,1.0521096929776808,2.412679571325966,443.29988847765384
2016,1.0520029972224718,2.407600815463678,442.8604290034419
2017,1.0518964650771065,2.402531094504653,442.42139292562933
2018,1.0517900963719582,2.3974703936014237,441.9827798843571
2019,1.051683890937527,2.392418697934633,441.54458951988835
2020,1.05157784860444,2.387375992712975,441.1068214726158
2021,1.0514719692034509,2.3823422631731246,440.66947538305357
2022,1.051366252565439,2.3773174945796534,440.23255089185034
2023,1.0512606985214101,2.3723016722250145,439.79604763978733
2024,1.0511553069024957,2.367294781429411,439.35996526776603
2025,1.051050077539953,2.3622968075407855,438.9243034168143
2026,1.050945010265164,2.3573077359347114,438.4890617280989
2027,1.0508401049096363,2.3523275520143496,438.0542398429258
2028,1.0507353613050021,2.347356241210392,437.6198374027299
2029,1.0506307792830183,2.342393788980968,437.1858540490713
2030,1.0505263586755662,2.337440180811592,436.7522894236406
2031,1.0504220993146511,2.332495402215118,436.3191431682683
2032,1.0503180010324027,2.3275594387316465,435.8864149249201
2033,1.050214063661074,2.322632275928474,435.4541043356954
2034,1.0501102870330414,2.3177138994000215,435.02221104283126
2035,1.0500066709808051,2.312804294767766,434.59073468870446
2036,1.0499032153369878,2.3079034476802036,434.15967491582717
2037,1.0497999199343355,2.30301134381274,433.729031366844
2038,1.0496967846057164,2.2981279688676763,433.2988036845401
2039,1.049593809184121,2.2932533085741076,432.8689915118394
2040,1.0494909935026624,2.2883873486878774,432.43959449180636
2041,1.0493883373945754,2.283530074991493,432.0106122676511
2042,1.0492858406932164,2.2786814732941063,431.582044482724
2043,1.0491835032320636,2.2738415294314067,431.153890780511
2044,1.049081324844716,2.2690102292655685,430.72615080463726
2045,1.048979305364894,2.2641875586852165,430.2988241988778
2046,1.0488774446264388,2.2593735036053135,429.87191060715287
2047,1.0487757424633122,2.2545680499671366,429.4454096735287
2048,1.0486741987095962,2.2497711837382157,429.0193210422037
2049,1.0485728131994934,2.2449828909122385,428.5936443575258
2050,1.048471585767326,2.2402031575090158,428.1683792639953
2051,1.0483705162475359,2.235431969574418,427.74352540625813
2052,1.0482696044746849,2.230669313180299,427.31908242911095
2053,1.0481688502834539,2.2259151744244505,426.8950499774913
2054,1.0480682535086427,2.221169539430535,426.4714276964895
2055,1.0479678139851705,2.216432394348013,426.04821523133717
2056,1.0478675315480745,2.2117037253521037,425.6254122274191
2057,1.0477674060325113,2.20698351864371,425.203018330269
2058,1.0476674372737549,2.2022717604493596,424.78103318557436
2059,1.0475676251071975,2.1975684370211295,424.3594564391706
2060,1.0474679693683495,2.1928735346366297,423.93828773704826
2061,1.0473684698928387,2.1881870395989,423.51752672535014
2062,1.0472691265164105,2.1835089382363404,423.09717305036406
2063,1.047169939074927,2.1788392169027357,422.6772263585294
2064,1.0470709074043678,2.1741778619770655,422.25768629644864
2065,1.0469720313408293,2.1695248598635613,421.8385525108809
2066,1.0468733107205241,2.1648801969915805,421.4198246487396
2067,1.0467747453797815,2.1602438598155618,421.001502357081
2068,1.046676335155047,2.155615834814978,420.58358528312544
2069,1.0465780798828817,2.150996108494278,420.1660730742518
2070,1.0464799793999628,2.1463846673827995,419.7489653779999
2071,1.0463820335430831,2.141781498034732,419.33226184205984
2072,1.0462842421491505,2.137186587029078,418.9159621142784
2073,1.046186605055188,2.1325999209695405,418.50006584266345
2074,1.046089122098334,2.128021486484521,418.0845726753807
2075,1.0459917931158413,2.123451270227022,417.6694822607591
2076,1.0458946179450774,2.1188892588746127,417.25479424728894
2077,1.045797596423524,2.1143354391293476,416.84050828362155
2078,1.045700728388777,2.1097897977177382,416.4266240185689
2079,1.045604013678546,2.105252321390672,416.01314110109956
2080,1.045507452130655,2.1007229969233685,415.60005918034716
2081,1.0454110435830413,2.0962018111153173,415.18737790560397
2082,1.045314787873755,2.091688750790206,414.7750969263264
2083,1.04521868484096,2.0871838027958907,414.36321589213964
2084,1.0451227343229328,2.08268695400434,413.9517344528412
2085,1.0450269361580629,2.078198191311522,413.54065225838133
2086,1.0449312901848522,2.0737175016374283,413.1299689588758
2087,1.0448357962419152,2.069244871925956,412.71968420460445
2088,1.0447404541679783,2.0647802891448825,412.3097976460208
2089,1.04464526380188,2.060323740285809,411.90030893374524
2090,1.0445502249825704,2.0558752123640858,411.4912177185627
2091,1.0444553375491117,2.051434692418761,411.0825236514215
2092,1.044360601340677,2.0470021675125576,410.6742263834415
2093,1.044266016196551,2.0425776247317575,410.2663255659107
2094,1.044171581956129,2.0381610511862043,409.85882085029016
2095,1.0440772984589175,2.033752434009215,409.4517118882079
2096,1.0439831655445335,2.0293517603575206,409.04499833146184
2097,1.0438891830527044,2.02495901741125,408.63867983201607
2098,1.0437953508232678,2.0205741923738274,408.2327560420077
2099,1.0437016686961718,2.016197272471949,407.8272266137476
2100,1.0436081365114738,2.0118282449555194,407.4220911997178
2101,1.0435147541093412,2.0074670970975754,407.0173494525697
2102,1.043421521330051,2.0031138161942796,406.6130010251371
2103,1.0433284380139896,1.9987683895648272,406.2090455704231
2104,1.0432355040016519,1.994430804551402,405.8054827415978
2105,1.0431427191336424,1.990101048519129,405.40231219200103
2106,1.0430500832506744,1.9857791088560062,404.9995335751515
2107,1.0429575961935695,1.9814649729728588,404.59714654474897
2108,1.0428652578032578,1.9771586283033076,404.19515075467035
2109,1.0427730679207774,1.9728600623036718,403.7935458589611
2110,1.0426810263872748,1.968569262452961,403.39233151184135
2111,1.042589133044004,1.9642862162527692,402.99150736771304
2112,1.0424973877323271,1.960010911227285,402.59107308115216
2113,1.0424057902937136,1.9557433349231783,402.1910283069145
2114,1.04231434056974,1.951483474909603,401.79137269993424
2115,1.04222303840209,1.9472313187780905,401.39210591532066
2116,1.0421318836325548,1.9429868541425488,400.9932276083594
2117,1.0420408761030315,1.93875006863916,400.594737434516
2118,1.0419500156555246,1.9345209499263722,400.1966350494434
2119,1.0418593021321445,1.9302994856848334,399.79892010896634
2120,1.041768735375108,1.9260856636173085,399.4015922690925
2121,1.041678315226738,1.9218794714486644,399.00465118601056
2122,1.0415880415294634,1.917680896925831,398.6080965160896
2123,1.0414979141258187,1.913489927817683,398.2119279158786
2124,1.041407932858444,1.909306551915066,397.816145042106
2125,1.0413180975700846,1.905130757030711,397.42074755168704
2126,1.0412284081035912,1.9009625309991425,397.0257351017259
2127,1.0411388643019195,1.896801861676733,396.6311073495081
2128,1.0410494660081298,1.8926487369415248,396.2368639524928
2129,1.0409602130653872,1.8885031446932705,395.84300456832216
2130,1.0408711053169617,1.8843650728533548,395.4495288548271
2131,1.0407821426062271,1.8802345093647506,395.0564364700229
2132,1.0406933247766617,1.8761114421919343,394.6637270721154
2133,1.0406046516718477,1.8719958593208799,394.2714003194904
2134,1.040516123135471,1.8678877487589864,393.8794558707203
2135,1.040427739011321,1.8637870985350269,393.48789338455884
2136,1.0403394991432913,1.8596938966991152,393.0967125199539
2137,1.040251403375378,1.855608131322639,392.7059129360376
2138,1.0401634515516809,1.8515297904982113,392.3154942921265
2139,1.0400756435164025,1.8474588623396393,391.9254562477234
2140,1.0399879791138482,1.8433953349818404,391.53579846252075
2141,1.0399004581884264,1.8393391965808419,391.14652059639985
2142,1.0398130805846473,1.8352904353136803,390.75762230942837
2143,1.0397258461471237,1.8312490393783745,390.3691032618604
2144,1.039638754720571,1.8272149969938953,389.9809631141448
2145,1.039551806149806,1.8231882964001014,389.59320152692135
2146,1.0394650002797474,1.8191689258576527,389.2058181610152
2147,1.0393783369554161,1.8151568736480415,388.81881267743404
2148,1.039291816021934,1.8111521280734912,388.4321847373824
2149,1.0392054373245243,1.8071546774568843,388.04593400225593
2150,1.039119200708512,1.8031645101417944,387.6600601336476
2151,1.0390331060193223,1.799181614492357,387.2745627933387
2152,1.0389471531024819,1.7952059788932686,386.88944164330087
2153,1.0388613418036177,1.7912375917497314,386.5046963456941
2154,1.0387756719684575,1.7872764414873858,386.12032656286834
2155,1.0386901434428297,1.7833225165522877,385.7363319573722
2156,1.0386047560726623,1.7793758054108544,385.3527121919488
2157,1.0385195097039839,1.7754362965498063,384.96946692953236
2158,1.0384344041829228,1.7715039784761133,384.58659583325
2159,1.038349439355707,1.7675788397169907,384.20409856642243
2160,1.0382646150686639,1.7636608688198046,383.8219747925708
2161,1.038179931168221,1.7597500543520428,383.44022417540725
2162,1.0380953875009047,1.7558463849012718,383.0588463788343
2163,1.0380109839133405,1.7519498490750876,382.677841066954
2164,1.0379267202522529,1.7480604355010778,382.29720790406697
2165,1.0378425963644653,1.7441781328267467,381.9169465546631
2166,1.0377586120968998,1.7403029297194992,381.5370566834293
2167,1.037674767296577,1.736434814866586,381.1575379552475
2168,1.0375910618106157,1.732573776975051,380.77839003520586
2169,1.0375074954862331,1.7287198047716883,380.3996125885865
2170,1.0374240681707445,1.7248728870029963,380.0212052808693
2171,1.037340779711563,1.7210330124351487,379.64316777772444
2172,1.0372576299561997,1.7172001698539179,379.2654997450215
2173,1.037174618752263,1.7133743480646415,378.8882008488292
2174,1.037091745947459,1.7095555358922123,378.51127075541984
2175,1.037009011389591,1.7057437221809484,378.1347091312649
2176,1.0369264149265596,1.7019388957946553,377.75851564303076
2177,1.0368439564063623,1.6981410456164965,377.3826899575801
2178,1.0367616356770937,1.694350160548981,377.00723174197697
2179,1.036679452586945,1.6905662295139328,376.6321406634864
2180,1.0365974069842037,1.6867892414524175,376.2574163895727
2181,1.0365154987172542,1.6830191853246967,375.88305858789886
2182,1.0364337276345772,1.6792560501102272,375.5090669263339
2183,1.0363520935847492,1.6754998248075665,375.1354410729452
2184,1.036270596416443,1.6717504984343605,374.76218069600344
2185,1.036189235978427,1.6680080600272746,374.3892854639756
2186,1.0361080121195658,1.6642724986419677,374.01675504553486
2187,1.036026924688819,1.660543803353048,373.6445891095565
2188,1.035945973535242,1.6568219632540193,373.27278732511706
2189,1.0358651585079857,1.6531069674572492,372.901349361494
2190,1.0357844794562956,1.649398805093919,372.53027488816485
2191,1.0357039362295126,1.645697465313967,372.159563574812
2192,1.0356235286770723,1.6420029372860676,371.7892150913225
2193,1.0355432566485054,1.6383152101975755,371.4192291077919
2194,1.0354631199934368,1.6346342732544983,371.0496052945192
2195,1.035383118561586,1.6309601156814364,370.68034332200017
2196,1.035303252202767,1.6272927267215258,370.3114428609323
2197,1.0352235207668876,1.6236320956364387,369.94290358222116
2198,1.0351439241039502,1.619978211706304,369.57472515698385
2199,1.0350644620640506,1.6163310642296853,369.2069072565358
2200,1.0349851344973786,1.6126906425235135,368.8394495523991
2201,1.0349059412542176,1.609056935923082,368.47235171630166
2202,1.0348268821849447,1.6054299337819657,368.105613420178
2203,1.0347479571400302,1.601809625472018,367.7392343361669
2204,1.0346691659700378,1.5981960003832896,367.3732141366089
2205,1.034590508525624,1.594589047924018,367.00755249405546
2206,1.0345119846575384,1.590988757520545,366.64224908126715
2207,1.0344335942166236,1.5873951186173398,366.27730357121067
2208,1.034355337053815,1.5838081206768961,365.91271563705664
2209,1.0342772130201403,1.5802277531797166,365.54848495218346
2210,1.0341992219667198,1.576654005624288,365.18461119017843
2211,1.034121363744766,1.5730868675269851,364.82109402483593
2212,1.0340436382055838,1.5695263284220886,364.45793313016026
2213,1.03396604520057,1.5659723778617325,364.0951281803594
2214,1.0338885845812131,1.5624250054158273,363.7326788498477
2215,1.0338112561990942,1.5588842006720551,363.3705848132449
2216,1.0337340599058853,1.5553499532358175,363.00884574538804
2217,1.03365699555335,1.5518222527301921,362.64746132132467
2218,1.033580062993344,1.5483010887958848,362.28643121630967
2219,1.0335032620778135,1.5447864510912173,361.92575510580525
2220,1.0334265926587962,1.541278329292061,361.5654326654805
2221,1.033350054588421,1.537776713091792,361.20546357121736
2222,1.0332736477189075,1.5342815922012756,360.84584749910675
2223,1.0331973719025662,1.5307929563488156,360.4865841254477
2224,1.0331212269917982,1.5273107952800957,360.1276731267529
2225,1.033045212839095,1.5238350987581775,359.7691141797471
2226,1.032969329297039,1.5203658565634242,359.4109069613644
2227,1.0328935762183025,1.5169030584934755,359.05305114874733
2228,1.0328179534556479,1.5134466943632152,358.6955464192489
2229,1.032742460861928,1.5099967540047263,358.33839245043373
2230,1.0326670982900854,1.50655322726724,357.9815889200802
2231,1.0325918655931525,1.5031161040171193,357.6251355061783
2232,1.0325167626242515,1.4996853741377927,357.2690318869283
2233,1.0324417892365938,1.4962610275297554,356.9132777407383
2234,1.0323669452834807,1.4928430541104687,356.55787274623157
2235,1.0322922306183027,1.4894314438143854,356.20281658224735
2236,1.0322176450945393,1.486026186592856,355.8481089278384
2237,1.0321431885657595,1.4826272724141565,355.49374946226555
2238,1.0320688608856208,1.479234691263374,355.1397378649983
2239,1.03199466190787,1.4758484331424067,354.7860738157211
2240,1.0319205914863425,1.4724684880699535,354.43275699433644
2241,1.0318466494749623,1.4690948460814046,354.07978708095936
2242,1.0317728357277418,1.4657274972288754,353.7271637559175
2243,1.0316991500987822,1.4623664315811158,353.3748866997554
2244,1.0316255924422726,1.4590116392235082,353.02295559322977
2245,1.0315521626124904,1.4556631102579949,352.67137011730904
2246,1.031478860463801,1.4523208348030794,352.3201299531758
2247,1.031405685850658,1.448984802993773,351.9692347822241
2248,1.0313326386276025,1.4456550049815213,351.61868428606704
2249,1.0312597186492634,1.442331430934234,351.2684781465313
2250,1.0311869257703574,1.4390140710361894,350.91861604566145
2251,1.0311142598456886,1.4357029154880325,350.56909766571204
2252,1.0310417207301485,1.4323979545067052,350.21992268915426
2253,1.030969308278716,1.4290991783254665,349.8710907986784
2254,1.0308970223464566,1.4258065771937836,349.52260167719186
2255,1.0308248627885237,1.4225201413773378,349.1744550078225
2256,1.030752829460157,1.4192398611579808,348.8266504739074
2257,1.0306809222166833,1.4159657268336974,348.4791877589968
2258,1.0306091409135163,1.4126977287185623,348.13206654686167
2259,1.030537485406156,1.4094358571427248,347.7852865214921
2260,1.030465955550189,1.4061801024523282,347.4388473670926
2261,1.0303945512012884,1.4029304550095243,347.0927487680827
2262,1.0303232722152136,1.3996869051923975,346.74699040909803
2263,1.0302521184478102,1.396449443394964,346.4015719749882
2264,1.0301810897550099,1.3932180600270967,346.0564931508232
2265,1.0301101859928303,1.3899927455145276,345.7117536218881
2266,1.030039407017375,1.386773490298787,345.3673530736876
2267,1.0299687526848336,1.3835602848371527,345.0232911919455
2268,1.0298982228514806,1.3803531196026668,344.6795676626021
2269,1.0298278173736768,1.3771519850840543,344.33618217181606
2270,1.0297575361078684,1.3739568717857036,343.9931344059584
2271,1.0296873789105867,1.3707677702276209,343.6504240516171
2272,1.0296173456384485,1.3675846709454151,343.30805079559894
2273,1.0295474361481558,1.364407564490244,342.9660143249335
2274,1.0294776502964953,1.3612364414287976,342.62431432687066
2275,1.0294079879403388,1.3580712923432257,342.28295048887117
2276,1.0293384489366435,1.354912107831151,341.9419224986142
2277,1.0292690331424506,1.351758878505601,341.60123004400106
2278,1.0291997404148865,1.3486115949949833,341.2608728131552
2279,1.0291305706111618,1.3454702479430558,340.92085049441346
2280,1.0290615235885718,1.3423348280088714,340.5811627763335
2281,1.0289925992044964,1.3392053258667866,340.24180934768833
2282,1.0289237973163992,1.3360817322063683,339.902789897474
2283,1.0288551177818284,1.3329640377324123,339.5641041149036
2284,1.0287865604584163,1.3298522331648759,339.2257516894112
2285,1.0287181252038788,1.3267463092388647,338.8877323106509
2286,1.0286498118760163,1.3236462567045693,338.5500456684961
2287,1.0285816203327125,1.3205520663272636,338.2126914530364
2288,1.028513550431935,1.3174637288872555,337.87566935458165
2289,1.0284456020317347,1.3143812351798618,337.5389790636613
2290,1.0283777749902465,1.3113045760153526,337.2026202710253
2291,1.0283100691656886,1.3082337422189423,336.866592667645
2292,1.0282424844163622,1.3051687246307373,336.53089594471635
2293,1.0281750206006524,1.3021095141057233,336.19552979365443
2294,1.0281076775770266,1.2990561015137054,335.86049390608935
2295,1.0280404552040359,1.2960084777393002,335.5257879738686
2296,1.0279733533403141,1.292966633681879,335.19141168906526
2297,1.027906371844578,1.289930560255558,334.85736474397413
2298,1.027839510575627,1.2869002483891498,334.52364683111216
2299,1.0277727693923435,1.2838756890261327,334.190257643212
2300,1.027706148153692,1.2808568731246135,333.85719687322853
2301,1.02763964671872,1.2778437916573104,333.52446421434047
2302,1.0275732649465574,1.2748364356114927,333.1920593599475
2303,1.0275070026964161,1.2718347959890017,332.8599820036701
2304,1.0274408598275906,1.268838863806131,332.5282318393491
2305,1.0273748361994572,1.2658486300936835,332.19680856104674
2306,1.0273089316714745,1.2628640858968945,331.8657118630454
2307,1.0272431461031832,1.259885222275373,331.53494143985046
2308,1.027177479354206,1.2569120303031391,331.2044969861877
2309,1.0271119312842467,1.2539445010685286,330.87437819700517
2310,1.0270465017530919,1.2509826256742174,330.54458476747544
2311,1.026981190620609,1.2480263952371182,330.2151163929917
2312,1.0269159977467475,1.2450758008884,329.88597276916886
2313,1.026850922991538,1.2421308337734598,329.5571535918362
2314,1.0267859662150927,1.2391914850518686,329.2286585570514
2315,1.0267211272776051,1.2362577458973414,328.90048736109486
2316,1.02665640603935,1.233329607497696,328.5726397004733
2317,1.026591802360683,1.230407061054869,328.24511527191294
2318,1.0265273161020414,1.2274900977848122,327.91791377235734
2319,1.026462947123943,1.2245787089175368,327.59103489897456
2320,1.0263986952869868,1.2216728856970236,327.2644783491541
2321,1.0263345604518523,1.2187726193812158,326.9382438205093
2322,1.0262705424793002,1.215877901241993,326.61233101087726
2323,1.0262066412301716,1.212988722565105,326.2867396183168
2324,1.026142856565388,1.2101050746502071,325.96146934110857
2325,1.026079188345952,1.2072269488107699,325.63651987775603
2326,1.026015636432946,1.204354336374064,325.311890926989
2327,1.0259522006875332,1.2014872286811387,324.9875821877586
2328,1.025888880970957,1.1986256170867875,324.66359335923863
2329,1.0258256771445406,1.1957694929595173,324.3399241408245
2330,1.0257625890696882,1.1929188476815078,324.01657423213766
2331,1.0256996166078831,1.1900736726486003,323.69354333301925
2332,1.0256367596206892,1.1872339592702525,323.37083114353356
2333,1.0255740179697501,1.1843996989695076,323.04843736396845
2334,1.0255113915167893,1.1815708831829774,322.7263616948392
2335,1.02544888012361,1.178747503360792,322.40460383688816
2336,1.025386483652095,1.1759295509666015,322.08316349107326
2337,1.025324201964207,1.1731170174775025,321.76204035857364
2338,1.025262034921988,1.170309894384029,321.44123414079445
2339,1.0251999823875597,1.1675081731901549,321.12074453936805
2340,1.0251380442231228,1.1647118454132033,320.80057125615093
2341,1.0250762202909576,1.1619209025838646,320.48071399322305
2342,1.0250145104534234,1.1591353362461392,320.1611724528877
2343,1.024952914572959,1.156355137957327,319.8419463376695
2344,1.0248914325120824,1.1535802992879811,319.52303535031825
2345,1.02483006413339,1.1508108118218898,319.20443919380614
2346,1.0247688092995582,1.148046667156058,318.88615757133164
2347,1.024707667873341,1.1452878569006157,318.568190186314
2348,1.0246466397175724,1.1425343726789112,318.2505367423997
2349,1.0245857246951646,1.1397862061273432,317.9331969434574
2350,1.0245249226691087,1.1370433488954357,317.61617049358244
2351,1.024464233502474,1.1343057926457367,317.29945709709267
2352,1.024403657058409,1.1315735290538487,316.98305645852986
2353,1.0243431932001401,1.128846549808358,316.6669682826625
2354,1.0242828417909728,1.1261248466108336,316.35119227448365
2355,1.0242226026942904,1.1234084111757776,316.03572813920414
2356,1.0241624757735546,1.1206972352306117,315.7205755822604
2357,1.0241024608923055,1.117991310515623,315.40573430931454
2358,1.0240425579141612,1.1152906287839661,315.09120402625723
2359,1.023982766702818,1.112595181801647,314.7769844392038
2360,1.0239230871220504,1.1099049613474221,314.4630752544929
2361,1.0238635190357106,1.1072199592128609,314.1494761786827
2362,1.023804062307729,1.1045401672022588,313.83618691855816
2363,1.0237447168021132,1.1018655771326176,313.5232071811277
2364,1.0236854823829495,1.0991961808336355,313.21053667362935
2365,1.0236263589144015,1.0965319701476728,312.89817510352265
2366,1.0235673462607102,1.093872936929713,312.58612217849384
2367,1.0235084442861948,1.0912190730473408,312.2743776064506
2368,1.0234496528552515,1.0885703703807343,311.9629410955269
2369,1.0233909718323544,1.0859268208225759,311.651812354082
2370,1.0233324010820548,1.0832884162781198,311.3409910906966
2371,1.0232739404689812,1.0806551486650844,311.03047701417717
2372,1.02321558985784,1.0780270099136435,310.7202698335583
2373,1.023157349113414,1.0754039919664338,310.41036925809783
2374,1.023099218100564,1.0727860867784829,310.1007749972771
2375,1.0230411966842277,1.070173286317209,309.7914867608014
2376,1.0229832847294194,1.0675655825623924,309.48250425860505
2377,1.022925482101231,1.064962967506114,309.1738272008477
2378,1.0228677886648314,1.062365433152786,308.8654552979149
2379,1.0228102042854659,1.0597729715190767,308.557388260409
2380,1.0227527288284568,1.0571855746339192,308.2496257991598
2381,1.0226953621592036,1.054603234538456,307.9421676252213
2382,1.0226381041431822,1.0520259432860148,307.6350134498771
2383,1.0225809546459452,1.0494536929421043,307.328162984635
2384,1.022523913533122,1.0468864755843668,307.0216159412282
2385,1.0224669806704185,1.0443242833025523,306.7153720316127
2386,1.022410155923617,1.041767108198524,306.40943096796667
2387,1.0223534391585762,1.0392149423861672,306.10379246269605
2388,1.0222968302412316,1.0366677779914446,305.79845622843294
2389,1.022240329037595,1.0341256071522824,305.4934219780309
2390,1.022183935413754,1.0315884220186327,305.18868942457294
2391,1.0221276492358733,1.0290562147523603,304.8842582813658
2392,1.022071470370193,1.0265289775272932,304.58012826194073
2393,1.02201539868303,1.0240067025291482,304.276299080052
2394,1.021959434040777,1.0214893819555237,303.9727704496807
2395,1.0219035763099027,1.0189770080158647,303.6695420850303
2396,1.021847825356952,1.016469572931445,303.3666137005349
2397,1.0217921810485457,1.0139670689353486,303.0639850108501
2398,1.0217366432513806,1.0114694882724113,302.7616557308552
2399,1.0216812118322292,1.0089768231992402,302.45962557565446
2400,1.0216258866579397,1.0064890659841605,302.15789426058006
2401,1.0215706675954366,1.0040062089071777,301.8564615011907
2402,1.0215155545117198,1.0015282442599944,301.5553270132698
2403,1.0214605472738647,0.9990551643459475,301.25449051282186
2404,1.0214056457490228,0.996586961480004,300.953951716073
2405,1.0213508498044208,0.9941236279887093,300.65371033947514
2406,1.021296159307361,0.9916651562101967,300.3537660997095
2407,1.0212415741252214,0.9892115384941338,300.05411871368295
2408,1.0211870941254553,0.9867627672017412,299.7547678985251
2409,1.0211327191755912,0.984318834705685,299.45571337159186
2410,1.0210784491432334,0.9818797333901444,299.1569548504647
2411,1.0210242838960613,0.9794454556507065,298.8584920529474
2412,1.0209702233018294,0.9770159938944323,298.56032469706895
2413,1.020916267228368,0.9745913405397403,298.262452501082
2414,1.020862415543582,0.9721714880164206,297.9648751834689
2415,1.0208086681154516,0.9697564287656334,297.66759246293583
2416,1.0207550248120323,0.9673461552398578,297.3706040584118
2417,1.0207014855014547,0.9649406599028494,297.0739096890497
2418,1.020648050051924,0.9625399352296635,296.777509074228
2419,1.0205947183317208,0.960143973706589,296.48140193355164
2420,1.0205414902092005,0.957752767831156,296.18558798684967
2421,1.0204883655527934,0.9553663101120864,295.8900669541765
2422,1.0204353442310048,0.9529845930692777,295.5948385558084
2423,1.0203824261124146,0.9506076092337824,295.2999025122455
2424,1.0203296110656777,0.9482353511477865,295.0052585442144
2425,1.0202768989595237,0.9458678113645861,294.71090637266985
2426,1.0202242896627567,0.9435049824485391,294.41684571879273
2427,1.0201717830442558,0.9411468569750826,294.1230763039837
2428,1.0201193789729746,0.9387934275306851,293.82959784986696
2429,1.020067077317941,0.9364446867128061,293.5364100782898
2430,1.020014877948258,0.9341006271299158,293.2435127113288
2431,1.0199627807331029,0.9317612414014376,292.9509054712821
2432,1.0199107855417273,0.9294265221577346,292.65858808067406
2433,1.0198588922434577,0.9270964620400731,292.3665602622562
2434,1.0198071007076945,0.9247710537006426,292.07482173900274
2435,1.0197554108039129,0.9224502898024758,291.7833722341129
2436,1.0197038224016621,0.9201341630194575,291.4922114710069
2437,1.0196523353705662,0.9178226660363059,291.20133917332953
2438,1.0196009495803229,0.9155157915485251,290.91075506495383
2439,1.0195496649007045,0.9132135322624012,290.62045886997686
2440,1.0194984812015575,0.9109158808949854,290.3304503127186
2441,1.0194473983528025,0.908622830174048,290.04072911772084
2442,1.0193964162244344,0.9063343728380592,289.75129500975066
2443,1.0193455346865221,0.9040505016361835,289.4621477138007
2444,1.0192947536092085,0.901771209328264,289.17328695509036
2445,1.019244072862711,0.8994964886847531,288.8847124590607
2446,1.0191934923173205,0.8972263324867461,288.596423951375
2447,1.0191430118434022,0.8949607335259119,288.3084211579202
2448,1.019092631311395,0.892699684604501,288.02070380480893
2449,1.0190423505918123,0.8904431785353181,287.7332716183812
2450,1.0189921695552409,0.8881912081416865,287.4461243251983
2451,1.0189420880723414,0.8859437662574411,287.1592616520478
2452,1.018892106013849,0.8837008457268891,286.87268332593885
2453,1.0188422232505716,0.8814624394048073,286.5863890741029
2454,1.018792439653392,0.8792285401564043,286.3003786239952
2455,1.0187427550932662,0.8769991408573115,286.0146517032943
2456,1.0186931694412238,0.8747742343935485,285.7292080399047
2457,1.0186436825683685,0.8725538136614944,285.4440473619556
2458,1.0185942943458774,0.8703378715679206,285.159169397801
2459,1.0185450046450015,0.8681264010298699,284.87457387601546
2460,1.0184958133370654,0.8659193949747256,284.59026052539775
2461,1.018446720293467,0.8637168463401528,284.306229074967
2462,1.0183977253856784,0.8615187480740618,284.0224792539696
2463,1.0183488284852447,0.8593250931346335,283.73901079187607
2464,1.0183000294637847,0.8571358744902434,283.45582341837985
2465,1.0182513281929908,0.8549510851194602,283.17291686339365
2466,1.0182027245446288,0.8527707180110615,282.8902908570544
2467,1.018154218390538,0.8505947661639408,282.60794512972643
2468,1.0181058096026314,0.8484232225871501,282.3258794119977
2469,1.018057498052895,0.8462560802998439,282.044093434677
2470,1.0180092836133883,0.8440933323312735,281.7625869287955
2471,1.0179611661562442,0.8419349717207557,281.4813596256074
2472,1.0179131455536694,0.8397809915176511,281.2004112565901
2473,1.0178652216779431,0.8376313847813592,280.91974155344496
2474,1.0178173944014186,0.8354861445812797,280.6393502480965
2475,1.017769663596522,0.8333452639967929,280.3592370726929
2476,1.0177220291357532,0.831208736117254,280.0794017596069
2477,1.0176744908916844,0.8290765540419519,279.79984404142994
2478,1.017627048736962,0.8269487108801146,279.520563650976
2479,1.0175797025443054,0.8248251997508392,279.24156032127974
2480,1.0175324521865068,0.8227060137831376,278.9628337856009
2481,1.0174852975364317,0.820591146115879,278.6843837774232
2482,1.017438238467019,0.818480589897748,278.40621003045476
2483,1.0173912748512808,0.8163743382872805,278.1283122786254
2484,1.0173444065623019,0.8142723844527879,277.85069025608266
2485,1.0172976334732406,0.8121747215723627,277.57334369720024
2486,1.0172509554573281,0.8100813428338837,277.2962723365735
2487,1.017204372387869,0.8079922414349157,277.0194759090204
2488,1.0171578841382403,0.8059074105827922,276.7429541495802
2489,1.0171114905818925,0.8038268434945162,276.4667067935117
2490,1.0170651915923492,0.8017505333967807,276.1907335762967
2491,1.017018987043207,0.7996784735259413,275.91503423364145
2492,1.016972876808135,0.7976106571279566,275.6396085014738
2493,1.016926860760876,0.7955470774584431,275.3644561159423
2494,1.016880938775245,0.7934877277825934,275.0895768134196
2495,1.0168351107251308,0.7914326013751871,274.81497033049703
2496,1.0167893764844944,0.7893816915205631,274.5406364039876
2497,1.0167437359273703,0.7873349915125817,274.2665747709266
2498,1.0166981889278657,0.7852924946546356,273.99278516856975
2499,1.0166527353601604,0.7832541942596182,273.71926733439693
2500,1.0166073750985076,0.7812200836498944,273.4460210061094
2501,1.016562108017233,0.7791901561572996,273.17304592163117
2502,1.0165169339907352,0.777164405123088,272.9003418191035
2503,1.016471852893486,0.7751428238979541,272.6279084368868
2504,1.0164268646000296,0.7731254058419877,272.3557455135655
2505,1.0163819689849836,0.7711121443246588,272.0838527879461
2506,1.0163371659230376,0.7691030327248055,271.81222999905873
2507,1.0162924552889547,0.7670980644306009,271.54087688615226
2508,1.0162478369575707,0.7650972328395474,271.2697931886947
2509,1.016203310803794,0.7631005313584522,270.99897864637666
2510,1.0161588767026057,0.7611079534034038,270.72843299911153
2511,1.01611453452906,0.7591194923997686,270.4581559870304
2512,1.016070284158284,0.7571351417821475,270.188147350485
2513,1.016026125465477,0.7551548949943804,269.91840683004864
2514,1.0159820583259112,0.7531787454895118,269.6489341665126
2515,1.0159380826149318,0.7512066867297873,269.3797291008916
2516,1.0158941982079568,0.7492387121866084,269.1107913744196
2517,1.0158504049804766,0.7472748153405475,268.84212072855144
2518,1.0158067028080546,0.7453149896812996,268.573716904963
2519,1.0157630915663267,0.7433592287076781,268.3055796455505
2520,1.0157195711310016,0.7414075259276077,268.03770869242913
2521,1.0156761413778608,0.7394598748580794,267.7701037879314
2522,1.0156328021827583,0.7375162690251458,267.50276467461117
2523,1.0155895534216213,0.7355767019639051,267.23569109524345
2524,1.015546394970449,0.7336411672184776,266.9688827928247
2525,1.015503326705314,0.7317096583419994,266.70233951057116
2526,1.0154603485023608,0.7297821688965814,266.43606099191715
2527,1.015417460237807,0.7278586924533207,266.17004698051295
2528,1.0153746617879431,0.7259392225922336,265.9042972202305
2529,1.015331953029132,0.7240237529023089,265.6388114551623
2530,1.0152893338378093,0.7221122769814264,265.3735894296199
2531,1.0152468040904834,0.7202047884363745,265.10863088813556
2532,1.0152043636637351,0.7183012808828166,264.843935575459
2533,1.0151620124342182,0.7164017479452631,264.57950323655916
2534,1.015119750278659,0.7145061832570946,264.31533361662565
2535,1.0150775770738565,0.7126145804605024,264.0514264610661
2536,1.0150354926966823,0.7107269332064885,263.7877815155057
2537,1.0149934970240806,0.7088432351548422,263.5243985257873
2538,1.0149515899330683,0.7069634799741316,263.26127723797475
2539,1.0149097713007353,0.705087661341675,262.9984173983488
2540,1.0148680410042437,0.7032157729435248,262.7358187534088
2541,1.0148263989208286,0.7013478084744736,262.4734810498735
2542,1.0147848449277974,0.6994837616379904,262.21140403468183
2543,1.0147433789025306,0.697623626146238,261.94958745499144
2544,1.0147020007224812,0.6957673957200523,261.6880310581781
2545,1.0146607102651748,0.6939150640889216,261.42673459183055
2546,1.0146195074082096,0.6920666249909472,261.1656978037568
2547,1.0145783920292566,0.6902220721728793,260.9049204419857
2548,1.0145373640060595,0.6883813993900372,260.64440225476375
2549,1.0144964232164349,0.6865446004063402,260.38414299055614
2550,1.0144555695382713,0.684711668994267,260.12414239804474
2551,1.0144148028495308,0.6828825989348289,259.8644002261276
2552,1.0143741230282477,0.6810573840175967,259.60491622392124
2553,1.0143335299525291,0.6792360180406287,259.3456901407583
2554,1.0142930235005547,0.6774184948105026,259.0867217261909
2555,1.0142526035505772,0.6756048081422549,258.82801072998717
2556,1.0142122699809217,0.6737949518594014,258.56955690213385
2557,1.0141720226699862,0.6719889197938888,258.3113599928333
2558,1.0141318614962413,0.6701867057861104,258.0534197525067
2559,1.0140917863382304,0.6683883036848592,257.79573593179106
2560,1.0140517970745695,0.6665937073473303,257.53830828153997
2561,1.0140118935839477,0.6648029106391042,257.28113655282306
2562,1.0139720757451265,0.6630159074341193,257.024220496928
2563,1.01393234343694,0.661232691614647,256.76755986535807
2564,1.0138926965382957,0.6594532570713119,256.51115440982994
2565,1.0138531349281734,0.657677597703044,256.25500388227954
2566,1.0138136584856257,0.6559057074170799,255.9991080348609
2567,1.0137742670897778,0.6541375801289121,255.74346661994525
2568,1.0137349606198283,0.6523732097623268,255.48807939012053
2569,1.013695738955048,0.6506125902493386,255.2329460981853
2570,1.0136566019747808,0.6488557155302095,254.97806649715545
2571,1.0136175495584434,0.6471025795534109,254.7234403402625
2572,1.0135785815855254,0.6453531762756248,254.4690673809557
2573,1.0135396979355888,0.6436074996617002,254.21494737289925
2574,1.0135008984882692,0.6418655436846753,253.96108006997332
2575,1.0134621831232744,0.640127302325717,253.707465226271
2576,1.0134235517203853,0.6383927695741619,253.45410259610404
2577,1.0133850041594559,0.6366619394274258,253.2009919339967
2578,1.0133465403204127,0.6349348058910824,252.94813299468873
2579,1.0133081600832554,0.6332113629787457,252.6955255331353
2580,1.0132698633280566,0.6314916047121383,252.4431693045075
2581,1.0132316499349614,0.6297755251210256,252.19106406419266
2582,1.0131935197841884,0.6280631182432121,251.93920956779058
2583,1.0131554727560288,0.6263543781245411,251.6876055711159
2584,1.013117508730847,0.6246492988188579,251.43625183019853
2585,1.0130796275890803,0.6229478743880266,251.1851481012834
2586,1.013041829211239,0.621250098901849,250.93429414083056
2587,1.0130041134779064,0.6195559664381336,250.68368970551126
2588,1.0129664802697387,0.6178654710826184,250.43333455221133
2589,1.012928929467465,0.6161786069289927,250.18322843803054
2590,1.012891460951888,0.6144953680788385,249.93337112028536
2591,1.012854074603883,0.6128157486416704,249.68376235650652
2592,1.0128167703043984,0.6111397427348838,249.4344019044402
2593,1.0127795479344561,0.6094673444837391,249.18528952204312
2594,1.0127424073751505,0.6077985480213574,248.93642496748384
2595,1.0127053485076496,0.6061333474887242,248.68780799914578
2596,1.0126683712131943,0.604471737034621,248.4394383756254
2597,1.012631475373099,0.6028137108156769,248.1913158557334
2598,1.0125946608687506,0.601159262996298,247.9434401984933
2599,1.01255792758161,0.5995083877486894,247.6958111631423
2600,1.0125212753932105,0.5978610792528104,247.44842850913173
2601,1.0124847041851592,0.596217331696391,247.20129199612344
2602,1.0124482138391364,0.5945771392748989,246.95440138399317
2603,1.0124118042368953,0.5929404961915045,246.70775643282735
2604,1.0123754752602627,0.5913073966571291,246.46135690292897
2605,1.0123392267911386,0.5896778348903606,246.2152025548128
2606,1.0123030587114963,0.5880518051174783,245.96929314920405
2607,1.0122669709033825,0.5864293015724262,245.72362844703957
2608,1.012230963248917,0.5848103184968085,245.47820820947072
2609,1.0121950356302933,0.5831948501398533,245.23303219786004
2610,1.0121591879297782,0.5815828907584311,244.98810017378497
2611,1.0121234200297118,0.5799744346170151,244.74341189903095
2612,1.0120877318125077,0.5783694759876715,244.49896713559355
2613,1.012052123160653,0.5767680091500369,244.25476564568172
2614,1.012016593956708,0.5751700283913431,244.0108071917161
2615,1.011981144083307,0.5735755280063468,243.76709153633115
2616,1.0119457734231576,0.5719845022973611,243.5236184423726
2617,1.0119104818590405,0.570396945574215,243.28038767289698
2618,1.0118752692738107,0.5688128521542598,243.037398991172
2619,1.011840135550396,0.5672322163623186,242.79465216067365
2620,1.0118050805717986,0.5656550325307175,242.55214694509016
2621,1.0117701042210936,0.5640812949992583,242.3098831083194
2622,1.0117352063814302,0.5625109981151796,242.06786041447154
2623,1.011700386936031,0.5609441362331612,241.82607862786847
2624,1.0116656457681925,0.5593807037153354,241.5845375130434
2625,1.0116309827612848,0.5578206949312111,241.34323683473653
2626,1.0115963977987519,0.5562641042577255,241.10217635790073
2627,1.0115618907641113,0.5547109260791924,240.86135584769747
2628,1.0115274615409544,0.553161154787288,240.62077506949953
2629,1.0114931100129465,0.5516147847810626,240.38043378889145
2630,1.0114588360638266,0.5500718104669114,240.14033177166436
2631,1.0114246395774076,0.5485322262585447,239.90046878381872
2632,1.0113905204375764,0.5469960265770216,239.66084459156565
2633,1.0113564785282936,0.5454632058506638,239.42145896132612
2634,1.0113225137335937,0.5439337585151239,239.18231165973214
2635,1.0112886259375855,0.542407679013311,238.9434024536233
2636,1.0112548150244516,0.5408849617954108,238.70473111004765
2637,1.0112210808784483,0.5393656013188485,238.46629739626044
2638,1.0111874233839064,0.5378495920482992,238.22810107972862
2639,1.0111538424252307,0.5363369284556425,237.990141928128
2640,1.0111203378868998,0.5348276050200105,237.75241970934323
2641,1.0110869096534667,0.5333216162276915,237.51493419146854
2642,1.0110535576095585,0.5318189565721807,237.27768514280845
2643,1.0110202816398761,0.5303196205541413,237.04067233187192
2644,1.0109870816291953,0.5288236026814048,236.80389552737583
2645,1.0109539574623654,0.5273308974689364,236.56735449824527
2646,1.0109209090243103,0.5258414994388468,236.3310490136136
2647,1.0108879362000283,0.524355403120359,236.0949788428251
2648,1.0108550388745918,0.5228726030497934,235.85914375543123
2649,1.0108222169331476,0.5213930937706026,235.62354352118854
2650,1.0107894702609168,0.5199168698332871,235.38817791006298
2651,1.0107567987431951,0.5184439257954301,235.15304669222738
2652,1.0107242022653526,0.5169742562216811,234.9181496380634
2653,1.0106916807128337,0.5155078556837126,234.683486518159
2654,1.010659233971157,0.5140447187602463,234.44905710330974
2655,1.0106268619259164,0.5125848400370109,234.21486116451564
2656,1.0105945644627798,0.5111282141067613,233.9808984729845
2657,1.0105623414674898,0.5096748355692228,233.7471688001327
2658,1.0105301928258634,0.5082246990311183,233.51367191758342
2659,1.0104981184237927,0.5067777991061355,233.28040759716578
2660,1.0104661181472439,0.5053341304149351,233.0473756109155
2661,1.0104341918822584,0.503893687585083,232.81457573107303
2662,1.010402339514952,0.5024564652511165,232.58200773008429
2663,1.0103705609315154,0.5010224580544735,232.3496713806033
2664,1.0103388560182143,0.49959166064350374,232.1175664554894
2665,1.0103072246613887,0.49816406767346205,231.8856927278093
2666,1.010275666747454,0.49673967380647804,231.65404997083715
2667,1.0102441821629,0.49531847371154364,231.42263795805016
2668,1.010212770794292,0.4939004620645283,231.1914564631303
2669,1.0101814325282699,0.49248563354813785,230.96050525996216
2670,1.0101501672515485,0.49107398285192216,230.72978412263856
2671,1.0101189748509178,0.48966550467223896,230.49929282545736
2672,1.0100878552132428,0.48826019371228296,230.2690311429235
2673,1.0100568082254637,0.4868580446820168,230.03899884974405
2674,1.0100258337745958,0.48545905229822284,229.80919572083107
2675,1.0099949317477293,0.4840632112844234,229.57962153130217
2676,1.0099641020320298,0.482670516370946,229.35027605648182
2677,1.009933344514738,0.48128096229483414,229.1211590718971
2678,1.0099026590831703,0.4798945437999038,228.8922703532782
2679,1.0098720456247179,0.4785112556366627,228.66360967656047
2680,1.0098415040268474,0.4771310925623693,228.43517681788146
2681,1.009811034177101,0.47575404934097953,228.20697155358448
2682,1.009780635963096,0.4743801207431252,227.97899366021696
2683,1.0097503092725257,0.4730093015461541,227.75124291452929
2684,1.0097200539931581,0.47164158653404287,227.52371909347866
2685,1.0096898700128374,0.470276970497473,227.29642197422288
2686,1.0096597572194828,0.4689154482337401,227.0693513341224
2687,1.0096297155010894,0.4675570145467786,226.84250695073985
2688,1.0095997447457277,0.46620166424718995,226.61588860184278
2689,1.0095698448415442,0.4648493921521289,226.38949606540208
2690,1.0095400156767609,0.4635001930853956,226.16332911959344
2691,1.0095102571396755,0.46215406187736263,225.93738754279448
2692,1.0094805691186612,0.4608109933649869,225.711671113583
2693,1.0094509515021677,0.4594709823918126,225.48617961073938
2694,1.00942140417872,0.45813402380791374,225.26091281324585
2695,1.0093919270369192,0.4568001124699178,225.0358705002896
2696,1.0093625199654421,0.455469243241006,224.81105245125877
2697,1.0093331828530416,0.4541414109908724,224.58645844574338
2698,1.0093039155885466,0.4528166105957191,224.36208826353524
2699,1.009274718060862,0.45149483693826514,224.13794168462775
2700,1.0092455901589692,0.45017608490770644,223.9140184892186
2701,1.0092165317719248,0.44886034939972064,223.69031845770542
2702,1.0091875427888621,0.4475476253164776,223.46684137068672
2703,1.0091586230989908,0.44623790756658166,223.24358700895974
2704,1.0091297725915964,0.44493119106509865,223.02055515352214
2705,1.009100991156041,0.4436274707335259,222.79774558557259
2706,1.0090722786817625,0.44232674149979334,222.57515808651078
2707,1.0090436350582759,0.44102899829824627,222.3527924379376
2708,1.0090150601751722,0.43973423606962997,222.13064842165656
2709,1.0089865539221186,0.4384424497610942,221.90872581967173
2710,1.008958116188859,0.4371536343261597,221.6870244141851
2711,1.008929746865214,0.43586778472473153,221.46554398759847
2712,1.0089014458410805,0.43458489592308325,221.24428432251295
2713,1.008873213006432,0.4333049628938314,221.02324520173292
2714,1.0088450482513185,0.4320279806159347,220.80242640826327
2715,1.0088169514658671,0.43075394407469286,220.58182772530748
2716,1.0087889225402813,0.42948284826171446,220.36144893626818
2717,1.0087609613648414,0.42821468817492997,220.14128982474668
2718,1.0087330678299045,0.42694945881856167,219.9213501745445
2719,1.0087052418259046,0.4256871552031451,219.70162976966205
2720,1.0086774832433527,0.4244277723454506,219.48212839429905
2721,1.0086497919728366,0.42317130526857333,219.26284583285477
2722,1.0086221679050207,0.4219177490018278,219.0437818699268
2723,1.008594610930647,0.42066709858080076,218.82493629031174
2724,1.0085671209405342,0.4194193490473126,218.60630887900567
2725,1.0085396978255785,0.4181744954494011,218.3878994212029
2726,1.0085123414767527,0.4169325328413416,218.16970770229682
2727,1.008485051785107,0.415693456283607,217.9517335078786
2728,1.008457828641769,0.41445726084287926,217.7339766237351
2729,1.0084306719379432,0.4132239415920115,217.51643683585237
2730,1.008403581564912,0.41199349361007265,217.29911393041306
2731,1.0083765574140344,0.41076591198226,217.08200769379852
2732,1.0083495993767475,0.409541191799959,216.86511791259042
2733,1.0083227073445655,0.40831932816068833,216.64844437356746
2734,1.00829588120908,0.4071003161681121,216.43198686370542
2735,1.0082691208619605,0.4058841509320301,216.21574517017444
2736,1.0082424261949536,0.4046708275683617,215.99971908034232
2737,1.008215797099884,0.4034603411991371,215.7839083817749
2738,1.0081892334686535,0.40225268695246946,215.56831286223613
2739,1.0081627351932423,0.40104785996261105,215.3529323096861
2740,1.008136302165708,0.39984585536982203,215.1377665122806
2741,1.0081099342781856,0.3986466683205081,214.92281525837137
2742,1.008083631422889,0.39745029396709836,214.70807833650792
2743,1.0080573934921089,0.396256727468085,214.49355553543492
2744,1.0080312203782145,0.39506596398800214,214.27924664409207
2745,1.0080051119736528,0.39387799869741297,214.06515145161646
2746,1.0079790681709493,0.39269282677293044,213.8512697473402
2747,1.0079530888627068,0.39151044339714325,213.63760132079065
2748,1.007927173941607,0.39033084375867855,213.42414596169226
2749,1.007901323300409,0.3891540230521516,213.21090345996294
2750,1.0078755368319507,0.38797997647815424,212.99787360571878
2751,1.0078498144291481,0.3868086992432818,212.78505618927025
2752,1.0078241559849954,0.3856401865600647,212.57245100112252
2753,1.0077985613925653,0.3844744336470187,212.36005783197265
2754,1.007773030545009,0.3833114357286049,212.14787647271328
2755,1.0077475633355557,0.3821511880352175,211.93590671443255
2756,1.0077221596575137,0.3809936858031934,211.72414834841396
2757,1.0076968194042693,0.3798389242747822,211.51260116613724
2758,1.0076715424692877,0.3786868986981621,211.30126495927527
2759,1.0076463287461128,0.3775376043274007,211.09013951969374
2760,1.007621178128367,0.37639103642247534,210.8792246394517
2761,1.0075960905097516,0.37524719024925113,210.66852011080314
2762,1.0075710657840466,0.3741060610794447,210.45802572619564
2763,1.0075461038451108,0.372967644190681,210.2477412782705
2764,1.007521204586882,0.37183193486641686,210.03766655986288
2765,1.0074963679033768,0.3706989283959714,209.82780136399933
2766,1.0074715936886907,0.3695686200745036,209.61814548390163
2767,1.0074468818369984,0.3684410052030211,209.4086987129839
2768,1.007422232242554,0.36731607908833025,209.19946084485224
2769,1.0073976447996897,0.36619383704307784,208.9904316733062
2770,1.0073731194028182,0.3650742743856932,208.78161099233895
2771,1.0073486559464304,0.36395738644044034,208.57299859613542
2772,1.0073242543250969,0.3628431685373379,208.36459427907195
2773,1.0072999144334676,0.36173161601221543,208.15639783571748
2774,1.0072756361662718,0.3606227242066426,207.94840906083476
2775,1.007251419418318,0.35951648846798956,207.74062774937912
2776,1.0072272640844944,0.3584129041493659,207.53305369649667
2777,1.0072031700597686,0.3573119666096187,207.32568669752402
2778,1.0071791372391878,0.3562136712133635,207.11852654798702
2779,1.0071551655178792,0.35511801333089715,206.9115730436055
2780,1.007131254791049,0.35402498833829876,206.70482598029142
2781,1.0071074049539834,0.35293459161732427,206.49828515414777
2782,1.0070836159020486,0.3518468185554342,206.2919503614696
2783,1.0070598875306902,0.35076166454580215,206.08582139874198
2784,1.0070362197354341,0.34967912498729,205.8798980626404
2785,1.0070126124118859,0.34859919528442285,205.67418015003037
2786,1.0069890654557312,0.3475218708474117,205.46866745796845
2787,1.0069655787627356,0.34644714709214,205.26335978370082
2788,1.0069421522287447,0.34537501944011667,205.05825692466505
2789,1.0069187857496846,0.34430548331853905,204.85335867848892
2790,1.0068954792215612,0.343238534160212,204.6486648429893
2791,1.0068722325404607,0.3421741674035821,204.4441752161729
2792,1.0068490456025496,0.3411123784927275,204.2398895962368
2793,1.0068259183040749,0.3400531628773331,204.0358077815682
2794,1.0068028505413638,0.3389965160126901,203.83192957074243
2795,1.0067798422108238,0.33794243335969054,203.62825476252624
2796,1.0067568932089432,0.3368909103848289,203.42478315587226
2797,1.006734003432291,0.3358419425601665,203.22151454992354
2798,1.006711172777516,0.33479552536334345,203.01844874401337
2799,1.0066884011413484,0.3337516542775827,202.8155855376638
2800,1.006665688420599,0.3327103247916454,202.61292473058626
2801,1.0066430345121589,0.33167153239986435,202.41046612267922
2802,1.0066204393130005,0.33063527260210124,202.2082095140274
2803,1.0065979027201768,0.3296015409037619,202.00615470490393
2804,1.0065754246308216,0.32857033281577824,201.80430149577222
2805,1.00655300494215,0.3275416438546058,201.60264968728274
2806,1.0065306435514578,0.32651546954221006,201.4011990802746
2807,1.0065083403561221,0.3254918054060624,201.19994947577547
2808,1.006486095253601,0.3244706469791375,200.9989006749993
2809,1.0064639081414337,0.3234519897998985,200.79805247934843
2810,1.0064417789172408,0.3224358294122712,200.59740469040995
2811,1.006419707478724,0.32142216136569957,200.39695710995954
2812,1.0063976937236663,0.32041098121505013,200.19670953995936
2813,1.0063757375499323,0.319402284520681,199.99666178255927
2814,1.0063538388554678,0.3183960668483721,199.79681364009625
2815,1.0063319975383003,0.3173923237693953,199.59716491509158
2816,1.0063102134965387,0.31639105086041847,199.39771541025476
2817,1.0062884866283737,0.3153922437035353,199.19846492848242
2818,1.0062668168320772,0.314395897886314,198.99941327285742
2819,1.0062452040060033,0.3134020090016771,198.80056024664765
2820,1.0062236480485875,0.312410572647994,198.60190565330677
2821,1.0062021488583475,0.3114215844290174,198.4034492964728
2822,1.0061807063338823,0.31043503995391475,198.20519097997155
2823,1.0061593203738735,0.3094509348372036,198.00713050781437
2824,1.006137990877084,0.30846926469881647,197.80926768419795
2825,1.0061167177423591,0.30749002516404284,197.6116023135043
2826,1.0060955008686263,0.30651321186352765,197.41413420029983
2827,1.0060743401548948,0.3055388204332838,197.21686314933496
2828,1.0060532355002565,0.30456684651468724,197.0197889655446
2829,1.006032186803885,0.30359728575442835,196.82291145404932
2830,1.0060111939650367,0.30263013380455667,196.62623042015503
2831,1.00599025688305,0.3016653863224376,196.4297456693519
2832,1.005969375457346,0.3007030389707703,196.23345700731537
2833,1.0059485495874279,0.29974308741754985,196.03736423990384
2834,1.0059277791728816,0.29878552733610364,195.84146717315934
2835,1.0059070641133758,0.2978303544050434,195.6457656133073
2836,1.0058864043086615,0.2968775643082942,195.4502593667574
2837,1.0058657996585725,0.29592715273503073,195.25494824010278
2838,1.005845250063025,0.29497911537974797,195.05983204012088
2839,1.0058247554220188,0.2940334479421994,194.86491057377066
2840,1.0058043156356358,0.293090146127394,194.6701836481948
2841,1.005783930604041,0.292149205645618,194.47565107071995
2842,1.0057636002274826,0.29121062221240196,194.28131264885678
2843,1.0057433244062914,0.2902743915485202,194.08716819029766
2844,1.0057231030408817,0.2893405093800055,193.89321750291592
2845,1.0057029360317506,0.2884089714380908,193.69946039476804
2846,1.0056828232794786,0.28747977345926246,193.50589667409344
2847,1.0056627646847291,0.2865529111852103,193.31252614931327
2848,1.0056427601482492,0.28562838036285537,193.11934862903183
2849,1.0056228095708688,0.284706176744307,192.92636392203468
2850,1.0056029128535018,0.28378629608687733,192.7335718372906
2851,1.0055830698971453,0.28286873415308184,192.540972183948
2852,1.0055632806028798,0.281953486710608,192.34856477133675
2853,1.0055435448718695,0.28104054953233604,192.156349408967
2854,1.005523862605362,0.2801299183963118,191.96432590653296
2855,1.0055042337046889,0.2792215890857486,191.77249407390892
2856,1.0054846580712655,0.2783155573890319,191.58085372115215
2857,1.0054651356065907,0.27741181909968776,191.38940465849868
2858,1.005445666212247,0.27651037001638723,191.19814669636582
2859,1.0054262497899016,0.2756112059429576,191.0070796453513
2860,1.0054068862413048,0.27471432268835017,190.81620331623176
2861,1.0053875754682915,0.2738197160666439,190.6255175199657
2862,1.00536831737278,0.27292738189705185,190.43502206769145
2863,1.0053491118567737,0.2720373160038886,190.2447167707258
2864,1.0053299588223594,0.27114951421658784,190.0546014405672
2865,1.0053108581717083,0.270263972369681,189.8646758888927
2866,1.005291809807076,0.26938068630280376,189.6749399275615
2867,1.0052728136308025,0.2684996518606785,189.48539336861157
2868,1.005253869545312,0.267620864893109,189.2960360242592
2869,1.005234977453113,0.2667443212549799,189.10686770689938
2870,1.0052161372567994,0.2658700168062527,188.91788822910635
2871,1.0051973488590484,0.2649979474119505,188.72909740363363
2872,1.005178612162623,0.2641281089421682,188.54049504341262
2873,1.00515992707037,0.2632604972720359,188.35208096155463
2874,1.0051412934852213,0.2623951082817377,188.16385497135053
2875,1.0051227113101937,0.2615319378565091,187.97581688626835
2876,1.0051041804483887,0.2606709818866161,187.78796651995359
2877,1.0050857008029928,0.2598122362673516,187.60030368622878
2878,1.0050672722772773,0.2589556968990454,187.41282819909546
2879,1.0050488947745988,0.258101359687021,187.22553987273312
2880,1.0050305681983986,0.25724922054163646,187.03843852150047
2881,1.0050122924522034,0.2563992753782618,186.85152395993188
2882,1.004994067439625,0.2555515201172327,186.6647960027401
2883,1.0049758930643604,0.254705950683916,186.4782544648145
2884,1.0049577692301923,0.2538625630086506,186.2918991612216
2885,1.0049396958409882,0.25302135302675766,186.10572990720465
2886,1.004921672800701,0.252182316678549,185.91974651818373
2887,1.0049037000133698,0.25134544990929203,185.7339488097551
2888,1.0048857773831186,0.25051074866922374,185.54833659769187
2889,1.0048679048141569,0.24967820891353365,185.36290969794373
2890,1.0048500822107802,0.24884782660240118,185.17766792663735
2891,1.0048323094773697,0.24801959770089763,184.99261110007595
2892,1.004814586518392,0.247193518179084,184.807739034739
2893,1.0047969132383998,0.24636958401194717,184.6230515472811
2894,1.0047792895420318,0.24554779117939154,184.43854845453174
2895,1.0047617153340123,0.2447281356662685,184.25422957349596
2896,1.0047441905191516,0.243910613462324,184.07009472135385
2897,1.0047267150023462,0.24309522056223853,183.88614371546115
2898,1.0047092886885787,0.24228195296560226,183.70237637335063
2899,1.0046919114829176,0.24147080667689444,183.51879251272956
2900,1.004674583290518,0.24066177770551228,183.33539195147873
2901,1.004657304016621,0.23985486206572637,183.15217450765334
2902,1.004640073566554,0.2390500557767061,182.96913999948364
2903,1.0046228918457307,0.23824735486250012,182.7862882453745
2904,1.0046057587596517,0.23744675535203028,182.603619063906
2905,1.0045886742139036,0.23664825327910474,182.42113227383263
2906,1.0045716381141598,0.23585184468237888,182.23882769408178
2907,1.0045546503661802,0.23505752560536797,182.05670514375535
2908,1.0045377108758113,0.2342652920964603,181.87476444212913
2909,1.0045208195489863,0.23347514020888094,181.6930054086523
2910,1.0045039762917254,0.23268706600069858,181.51142786294704
2911,1.0044871810101355,0.2319010655348207,181.33003162480892
2912,1.0044704336104102,0.23111713487900634,181.14881651420671
2913,1.0044537339988304,0.2303352701058136,180.96778235128176
2914,1.0044370820817636,0.22955546729264417,180.78692895634973
2915,1.004420477765665,0.22877772252171383,180.60625614989831
2916,1.0044039209570759,0.2280020318800426,180.42576375258855
2917,1.0043874115626255,0.22722839145947663,180.24545158525504
2918,1.0043709494890303,0.2264567973566486,180.06531946890271
2919,1.0043545346430935,0.22568724567299572,179.8853672247073
2920,1.0043381669317062,0.2249197325147451,179.70559467401768
2921,1.0043218462618466,0.22415425399291464,179.52600163835461
2922,1.0043055725405805,0.2233908062232899,179.34658793941173
2923,1.004289345675061,0.22262938532646054,179.16735339905526
2924,1.0042731655725288,0.22186998742776048,178.98829783932138
2925,1.0042570321403124,0.22111260865731558,178.80942108241794
2926,1.0042409452858276,0.2203572451499986,178.63072295072408
2927,1.0042249049165786,0.21960389304543027,178.45220326678978
2928,1.0042089109401566,0.21885254848800556,178.27386185333637
2929,1.0041929632642415,0.21810320762686053,178.09569853325613
2930,1.0041770617966002,0.2173558666158706,177.91771312961333
2931,1.004161206445088,0.21661052161363545,177.73990546564076
2932,1.0041453971176482,0.21586716878350615,177.56227536474262
2933,1.0041296337223122,0.21512580429354672,177.3848226504936
2934,1.0041139161671995,0.21438642431656713,177.20754714663803
2935,1.0040982443605175,0.21364902503007163,177.03044867708965
2936,1.0040826182105624,0.2129136026162837,176.85352706593335
2937,1.0040670376257181,0.2121801532621406,176.67678213742198
2938,1.0040515025144572,0.21144867315927965,176.50021371597836
2939,1.0040360127853405,0.21071915850403897,176.32382162619606
2940,1.0040205683470174,0.20999160549744467,176.14760569283777
2941,1.0040051691082257,0.20926601034521733,175.9715657408367
2942,1.003989814977792,0.20854236925776878,175.79570159529513
2943,1.0039745058646312,0.2078206784501661,175.62001308148123
2944,1.0039592416777472,0.20710093414217806,175.44450002483194
2945,1.0039440223262324,0.20638313255823554,175.26916225095377
2946,1.003928847719268,0.20566726992742748,175.09399958562247
2947,1.0039137177661241,0.20495334248351882,174.91901185478213
2948,1.0038986323761598,0.20424134646491615,174.74419888454557
2949,1.0038835914588229,0.2035312781146861,174.5695605011923
2950,1.0038685949236505,0.2028231336805442,174.395096531171
2951,1.0038536426802687,0.20211690941483573,174.220806801097
2952,1.0038387346383923,0.20141260157456328,174.04669113775418
2953,1.003823870707826,0.20071020642135953,173.87274936809288
2954,1.0038090507984632,0.200009720221468,173.6989813192321
2955,1.0037942748202868,0.19931113924578533,173.52538681845803
2956,1.003779542683369,0.1986144597698001,173.35196569322216
2957,1.0037648542978714,0.19791967807363547,173.1787177711443
2958,1.0037502095740451,0.19722679044202324,173.00564288001104
2959,1.0037356084222306,0.19653579316430136,172.832740847776
2960,1.003721050752858,0.19584668253439128,172.66001150255883
2961,1.003706536476447,0.19515945485085828,172.48745467264513
2962,1.003692065503607,0.19447410641681379,172.3150701864863
2963,1.0036776377450372,0.1937906335399842,172.14285787270063
2964,1.0036632531115264,0.19310903253267606,171.9708175600734
2965,1.0036489115139533,0.19242929971176967,171.79894907755585
2966,1.0036346128632867,0.19175143139873257,171.62725225426567
2967,1.003620357070585,0.19107542391960566,171.45572691948504
2968,1.003606144046997,0.19040127360498357,171.28437290265987
2969,1.003591973703761,0.18972897679003242,171.11319003340134
2970,1.003577845952206,0.18905852981448756,170.9421781414873
2971,1.0035637607037509,0.18838992902262103,170.7713370568605
2972,1.0035497178699047,0.18772317076326558,170.60066660962875
2973,1.0035357173622668,0.18705825138980395,170.43016663006506
2974,1.003521759092527,0.1863951672601534,170.25983694860588
2975,1.003507842972465,0.1857339147367743,170.0896773958534
2976,1.003493968913952,0.18507449018666738,169.9196878025728
2977,1.0034801368289483,0.1844168899813476,169.74986799969392
2978,1.0034663466295057,0.183761110496864,169.58021781831133
2979,1.0034525982277664,0.18310714811380333,169.4107370896829
2980,1.0034388915359633,0.1824549992172471,169.24142564523032
2981,1.0034252264664196,0.18180466019679492,169.07228331653764
2982,1.0034116029315496,0.18115612744656082,168.90330993535432
2983,1.0033980208438584,0.18050939736515273,168.73450533359343
2984,1.003384480115942,0.17986446635571932,168.56586934333052
2985,1.003370980660487,0.17922133082584907,168.39740179680396
2986,1.003357522390271,0.17857998718767423,168.22910252641427
2987,1.0033441052181633,0.17794043185777553,168.060971364725
2988,1.0033307290571234,0.17730266125725344,167.89300814446312
2989,1.0033173938202022,0.17666667181166873,167.72521269851973
2990,1.0033040994205422,0.1760324599510698,167.55758485994684
2991,1.0032908457713765,0.17540002210996405,167.3901244619602
2992,1.00327763278603,0.17476935472737123,167.2228313379355
2993,1.0032644603779186,0.17414045424670424,167.05570532140987
2994,1.0032513284605495,0.17351331711590626,166.88874624608277
2995,1.003238236947522,0.17288793978735162,166.72195394581524
2996,1.0032251857525258,0.17226431871785847,166.5553282546314
2997,1.0032121747893434,0.17164245036870732,166.388869006716
2998,1.003199203971848,0.1710223312056201,166.22257603641583
