t,theta_history,m_history,v_history
0,5.0,0.0,0.0
1,5.0,46.44188366068305,238.05107751499133
2,4.99929168319366,88.45228205519247,475.7433726013862
3,4.998472470219691,126.44244393474956,712.9686139003153
4,4.9976022488429805,160.79347046787265,949.7121754463889
5,4.996702215492745,191.85041317724304,1185.9617305236895
6,4.995782410167529,219.92611540181656,1421.7114459344389
7,4.994848413464781,245.30380473110364,1656.9570994967498
8,4.993903667408543,268.23989544703227,1891.6959096309338
9,4.992950458269337,288.96647663813695,2125.9258827343774
10,4.9919903920395114,307.6936064410312,2359.6455957245666
11,4.9910246475807725,324.611392178269,2592.854028896682
12,4.9900541215682646,339.8918791106759,2825.5504597213912
13,4.989079516366803,353.6907630952282,3057.7344073233467
14,4.98810139583558,366.1489413705006,3289.4055743294366
15,4.987120222150532,377.3939173266537,3520.5638069884817
16,4.986136380900001,387.5410727726741,3751.209073260615
17,4.985150198669511,396.6948203037276,3981.341472935381
18,4.98416195566627,404.9496435954915,4210.961140373913
19,4.983171894971615,412.39104369162857,4440.068339283867
20,4.9821802294618385,419.09639124610254,4668.66338757308
21,4.981187147067169,425.13569917056606,4896.746623622675
22,4.9801928148322725,430.5723234183336,5124.318471569937
23,4.979197382103336,435.4635954533362,5351.379414394315
24,4.978200983059798,439.8613946002648,5577.929953159012
25,4.977203738750322,443.8126667225648,5803.970612376565
26,4.9762057587523625,447.3598935569329,6029.501958848058
27,4.975207142541986,450.5415173030387,6254.524604707484
28,4.974207980636313,453.3923246388307,6479.03919645864
29,4.973208355555885,455.94379400949714,6703.046377338917
30,4.972208342642008,458.2244105549902,6926.546812349835
31,4.971208010760539,460.2599508438058,7149.5411996749435
32,4.9702074229129805,462.07374035507667,7372.030259064112
33,4.969206636770408,463.6868864328489,7594.014712864063
34,4.968205705143181,465.11848936953896,7815.495295562061
35,4.967204676398288,466.38583325755627,8036.472764832509
36,4.966203594832977,467.50455879088133,8256.947908901377
37,4.965202501010802,468.4888193800137,8476.921514862088
38,4.9642014320636525,469.35142259875795,8696.394372017134
39,4.963200421966032,470.1039581888199,8915.367270748327
40,4.962199501784867,470.7569138974526,9133.841009225556
41,4.961198699908195,471.3197802744153,9351.816397471046
42,4.960198042255066,471.8011454698538,9569.294250619274
43,4.959197552468157,472.20878105695283,9786.27539418998
44,4.958197252091421,472.5497196849823,10002.760667313902
45,4.957197160734118,472.8303253246958,10218.750916693487
46,4.956197296222077,473.05635684172586,10434.246992875744
47,4.9551976747374065,473.233025523151,10649.249743463466
48,4.9541983109475085,473.36504714611965,10863.76001195447
49,4.953199218124482,473.4566890980309,11077.778641905503
50,4.952200408255925,473.51181301277694,11291.306479379777
51,4.951201892147697,473.5339133484594,11504.344372960142
52,4.950203679519141,473.5261522960814,11716.893173323751
53,4.949205779091289,473.49139136863437,11928.953732762002
54,4.948208198668569,473.432219989392,12140.526907663017
55,4.947210945214554,473.3509813594053,12351.613559220768
56,4.946214024922141,473.2497958630015,12562.214549539292
57,4.9452174432783345,473.1305822494375,12772.330738202703
58,4.944221205124045,472.9950768029655,12981.96298327885
59,4.943225314709412,472.8448506911337,13191.112143617112
60,4.942229775745011,472.6813256612687,13399.779078174506
61,4.9412345914491045,472.5057882453883,13607.964646013312
62,4.94023976459127,472.31940261436455,13815.669706154502
63,4.939245297532616,472.1232222102199,14022.89511733342
64,4.938251192262846,471.91820027183104,14229.64173730435
65,4.937257450434373,471.7051993613417,14435.910419926104
66,4.93626407339362,471.4849999825128,14641.702016573074
67,4.935271062209848,471.258308385273,14847.017378419843
68,4.934278417701729,471.0257636206999,15051.857355026124
69,4.933286140461703,470.7879439319107,15256.222794340809
70,4.932294230878327,470.5453725340473,15460.114543559148
71,4.931302689156787,470.298522845008,15663.533451066356
72,4.930311515337767,470.04782322007804,15866.48036318254
73,4.929320709314601,469.79366123572987,16068.956124401897
74,4.928330270848985,469.5363875660036,16270.96157776414
75,4.92734019958533,469.27631949112566,16472.497564934536
76,4.926350495063876,469.0137440725425,16673.5649262456
77,4.925361156732656,468.7489210257705,16874.16450069758
78,4.9243721839583845,468.4820853202001,17074.29712572934
79,4.923383576036377,468.21344953205073,17273.963637312718
80,4.9223953321995655,467.9432059736831,17473.164870127588
81,4.92140745162669,467.67152862034567,17671.901657563358
82,4.920419933449735,467.39857485378826,17870.17483159291
83,4.9194327767606625,467.12448704015867,18067.985222532603
84,4.918445980617497,466.8493939580293,18265.333659122432
85,4.917459544049831,466.5734120906268,18462.220968229307
86,4.916473466063781,466.29664679522807,18658.64797515977
87,4.915487745646466,466.01919336141503,18854.61550382065
88,4.914502381770032,465.74113796870324,19050.124376525
89,4.913517373395272,465.46255855317634,19245.175414128116
90,4.912532719474862,465.1835255917871,19439.769436458675
91,4.911548418956277,464.90410281203,19633.90726191983
92,4.910564470784377,464.6243478341949,19827.589707397718
93,4.909580873903706,464.3443127525429,20020.817587953865
94,4.90859762726053,464.06404466124553,20213.59171487494
95,4.907614729804587,463.7835861303236,20405.912896865448
96,4.906632180490659,463.50297563643,20597.78194145459
97,4.905649978279979,463.2222479524972,20789.19965547344
98,4.904668122141482,462.94143450059966,20980.166844530988
99,4.903686611052871,462.6605636708767,21170.68431256202
100,4.902705444001541,462.379661110622,21360.752862271165
101,4.901724619985373,462.0987499853984,21550.373294683424
102,4.900744138013403,461.8178512156938,21739.546409391813
103,4.899763997106392,461.5369836909089,21928.27300447454
104,4.8987841962973,461.2561644629533,22116.55387623413
105,4.897804734631664,460.97540892157116,22304.38981961418
106,4.896825611167908,460.6947309528925,22491.781628145163
107,4.895846824977592,460.4141430828929,22678.730093518807
108,4.8948683751455775,460.13365660727067,22865.236005904804
109,4.893890260770153,459.85328170893456,23051.300154078035
110,4.892912480963113,459.57302756429897,23236.923325342443
111,4.891935034849786,459.29290243947975,23422.106305468893
112,4.890957921569034,459.0129137773451,23606.84987876585
113,4.889981140273202,458.73306827626686,23791.154828025064
114,4.889004690128056,458.45337196137314,23975.02193447145
115,4.888028570312682,458.1738302490255,24158.45197781828
116,4.887052780019363,457.89444800515747,24341.44573645086
117,4.886077318453446,457.61522959805257,24524.00398763702
118,4.885102184833194,457.33617894609444,24706.127507309237
119,4.884127378389613,457.05729956096894,24887.817069904275
120,4.883152898366274,456.77859458675346,25069.07344847658
121,4.882178744019115,456.50006683527545,25249.89741478049
122,4.881204914616247,456.22171881810243,25430.289739201922
123,4.880231409437743,455.9435527754809,25610.25119070524
124,4.8792582277754235,455.6655707025163,25789.782536822368
125,4.878285368932642,455.38777437285387,25968.884543706834
126,4.877312832224058,455.1101653600988,26147.5579761603
127,4.87634061697542,454.83274505719345,26325.803597565504
128,4.8753687225233335,454.5555146939387,26503.62216955392
129,4.874397148215035,454.27847535285235,26681.014452131716
130,4.873425893408161,454.001627983495,26857.981203899257
131,4.872454957470522,453.7249734154461,27034.523182179037
132,4.871484339779884,453.44851237001416,27210.641142897068
133,4.870514039723746,453.1722454708532,27386.3358407192
134,4.869544056699124,452.8961732535376,27561.608028960847
135,4.868574390112335,452.6202961742371,27736.458459555262
136,4.867605039378786,452.34461461755313,27910.887883109634
137,4.8666360039227605,452.0691289035997,28084.897048837174
138,4.865667283177216,451.79383929441167,28258.486704692317
139,4.86469887658358,451.518745999732,28431.6575973845
140,4.863730783591552,451.24384918224376,28604.41047242772
141,4.862763003658914,450.96914896230084,28776.74607415667
142,4.86179553625134,450.6946454221994,28948.665145574614
143,4.860828380842206,450.4203386100388,29120.168428308585
144,4.85986153691241,450.14622854321124,29291.256662689626
145,4.85889500395019,449.8723152115502,29461.930587833103
146,4.85792878145095,449.59859858017813,29632.190941618534
147,4.856962868917095,449.32507859207556,29802.038460588643
148,4.855997265857855,449.05175517040277,29971.47388000033
149,4.8550319717891295,448.77862822059274,30140.49793358245
150,4.854066986233321,448.50569763224433,30309.111353519733
151,4.853102308719177,448.2329632808273,30477.314870652634
152,4.852137938781638,447.96042502922063,30645.109214589414
153,4.851173875961689,447.68808272910314,30812.495113709603
154,4.85021011980622,447.41593622220284,30979.473295131917
155,4.849246669867883,447.1439853414282,31146.044484680962
156,4.848283525704959,446.8722299118853,31312.209406925198
157,4.847320686881224,446.6006697517924,31477.9687852275
158,4.846358152965819,446.32930467330806,31643.323341718253
159,4.845395923533129,446.0581344832735,31808.273797254904
160,4.844433998162656,445.78715898388145,31972.82087147576
161,4.8434723764389025,445.5163779732785,32136.965282830504
162,4.842511057951256,445.2457912461058,32300.707748572815
163,4.841550042293878,444.97539859398574,32464.04898473137
164,4.840589329065593,444.7051998059585,32626.98970612826
165,4.839628917869783,444.43519466887494,32789.53062632669
166,4.838668808314283,444.1653829677477,32951.67245770238
167,4.837709000011282,443.89576448606607,33113.415911425785
168,4.83674949257722,443.62633900607995,33274.76169745129
169,4.8357902856327,443.3571063090509,33435.710524519156
170,4.834831378802387,443.0880661754791,33596.26310010305
171,4.8338727717149235,442.8192183853056,33756.42013047231
172,4.832914464002837,442.55056271809053,33916.18232074825
173,4.831956455302455,442.2820989531747,34075.5503748554
174,4.830998745253827,442.01382686982123,34234.52499553094
175,4.830041333500636,441.7457462473432,34393.1068843463
176,4.829084219690126,441.47785686521564,34551.296741650505
177,4.82812740347302,441.21015850317445,34709.09526659093
178,4.827170884503449,440.9426509413039,34866.50315714656
179,4.826214662438876,440.6753339601146,35023.521110130736
180,4.82525873694003,440.4082073406107,35180.149821166946
181,4.824303107670829,440.14127086434803,35336.38998471311
182,4.8233477742983215,439.8745243134879,35492.242294029274
183,4.822392736492616,439.6079674708402,35647.70744117667
184,4.821437993926818,439.3416001199031,35802.7861170607
185,4.820483546276966,439.07542204489505,35957.47901144281
186,4.819529393221977,438.80943303078277,36111.78681277839
187,4.818575534443579,438.54363286330647,36265.71020823621
188,4.817621969626258,438.2780213289985,36419.24988380785
189,4.816668698457197,438.01259821519955,36572.40652434954
190,4.815715720626224,437.747363310072,36725.1808135564
191,4.814763035825761,437.48231640261025,36877.57343391642
192,4.813810643750768,437.21745728264716,37029.58506672645
193,4.812858544098695,436.95278574086103,37181.21639214861
194,4.811906736569431,436.6883015687791,37332.46808921283
195,4.810955220865257,436.424004558777,37483.340835790674
196,4.8100039966908,436.15989450408256,37633.83530857245
197,4.809053063752988,435.89597119877106,37783.95218310661
198,4.808102421761003,435.63223443776536,37933.69213381553
199,4.8071520704262385,435.3686840168313,38083.05583400528
200,4.80620200946226,435.1053197325738,38232.04395584474
201,4.805252238584761,434.8421413824308,38380.657170371094
202,4.8043027575115245,434.5791487646681,38528.89614752169
203,4.803353565962382,434.31634167837296,38676.76155611263
204,4.80240466365918,434.05371992344715,38824.25406383897
205,4.801456050325738,433.7912833005989,38971.374337271
206,4.8005077256878135,433.5290316113357,39118.123041831415
207,4.799559689473067,433.26696465795584,39264.50084184315
208,4.798611941411029,433.0050822435406,39410.50840054201
209,4.797664481233062,432.7433841719445,39556.1463800404
210,4.796717308672332,432.4818702477876,39701.41544132443
211,4.795770423463772,432.2205402764462,39846.31624427856
212,4.794823825344054,431.9593940640436,39990.84944768045
213,4.793877514051556,431.6984314174423,40135.01570920126
214,4.792931489326334,431.4376521442324,40278.81568542495
215,4.791985750910092,431.1770560527254,40422.25003184036
216,4.79104029854615,430.91664295194386,40565.319402814675
217,4.790095131979422,430.6564126516111,40708.02445161902
218,4.789150250956383,430.3963649621443,40850.3658304567
219,4.788205655225045,430.1364996946442,40992.344190454205
220,4.787261344534933,429.87681666088696,41133.960181656264
221,4.786317318637055,429.6173156733144,41275.214453028304
222,4.78537357728388,429.357996545026,41416.10765248281
223,4.784430120229314,429.0988590897709,41556.64042693458
224,4.783486947228676,428.83990312193833,41696.813422248095
225,4.782544058038675,428.581128456549,41836.6272832295
226,4.781601452417388,428.3225349092481,41976.08265361659
227,4.7806591301242385,428.0641222962967,42115.18017608453
228,4.779717090919973,427.8058904345627,42253.92049223399
229,4.778775334566638,427.5478391415148,42392.304242598264
230,4.777833860827566,427.28996823521305,42530.33206664556
231,4.776892669467346,427.0322775343016,42668.00460278734
232,4.77595176025181,426.7747668580031,42805.32248838997
233,4.775011132948013,426.51743602610725,42942.28635979555
234,4.7740707873242085,426.26028485896813,43078.896852297345
235,4.773130723149839,426.0033131774933,43215.15460014445
236,4.772190940195508,425.74652080313933,43351.06023652694
237,4.771251438232971,425.48990755790385,43486.61439355872
238,4.77031221703511,425.2334732643185,43621.81770231559
239,4.769373276375922,424.97721774544306,43756.670792845405
240,4.768434616030498,424.721140824858,43891.17429415744
241,4.767496235775011,424.46524232665945,44025.328834222615
242,4.766558135386695,424.20952207545173,44159.13503997544
243,4.765620314643832,423.95397989634176,44292.593537314955
244,4.764682773325738,423.6986156149317,44425.70495110839
245,4.763745511212744,423.4434290573155,44558.46990519407
246,4.762808528086183,423.1884200500718,44690.88902237196
247,4.761871823728377,422.9335884202569,44822.96292441594
248,4.760935397922619,422.67893399540185,44954.69223207661
249,4.759999250453163,422.4244566035045,45086.077565081854
250,4.759063381105206,422.17015607302505,45217.11954213754
251,4.75812778966488,421.9160322328817,45347.818780928166
252,4.757192475919234,421.6620849124443,45478.17589810144
253,4.756257439656222,421.40831394152895,45608.19150928437
254,4.755322680664693,421.1547191503943,45737.86622909511
255,4.754388198734375,420.90130036973545,45867.20067113111
256,4.753453993655865,420.6480574306808,45996.19544797619
257,4.752520065220614,420.39499016478396,46124.85117119755
258,4.751586413220922,420.1420984040233,46253.16845136293
259,4.7506530374499185,419.88938198079484,46381.1478980381
260,4.749719937701556,419.6368407279085,46508.79011977908
261,4.748787113770598,419.38447447858294,46636.09572414109
262,4.7478545654526085,419.13228306644316,46763.06531768196
263,4.74692229254394,418.8802663255145,46889.69950595596
264,4.745990294841723,418.62842409021874,47015.99889351084
265,4.74505857214386,418.37675619537106,47141.96408389842
266,4.744127124249006,418.1252624761758,47267.59567968609
267,4.743195950956571,417.8739427682202,47392.89428245535
268,4.742265052066701,417.622796907474,47517.86049279364
269,4.74133442738027,417.37182473028474,47642.49491029763
270,4.7404040766988755,417.12102607337164,47766.798133578166
271,4.739473999824824,416.8704007738274,47890.770760258
272,4.738544196561125,416.61994866910555,48014.41338697564
273,4.73761466671148,416.36966959702835,48137.72660939185
274,4.736685410080275,416.11956339577387,48260.71102218547
275,4.735756426472574,415.8696299038776,48383.36721899061
276,4.734827715694105,415.6198689602278,48505.69579243696
277,4.733899277551257,415.37028040406136,48627.6973341715
278,4.732971111851068,415.12086407496236,48749.3724348491
279,4.732043218401219,414.8716198128572,48870.721684139724
280,4.7311155970100245,414.6225474580134,48991.745670745666
281,4.730188247486427,414.3736468510349,49112.444982397836
282,4.729261169639987,414.12491783285907,49232.820205851494
283,4.728334363280877,413.87636024475495,49352.87192688912
284,4.727407828219874,413.6279739283199,49472.60073032871
285,4.726481564268354,413.37975872547554,49592.00720003266
286,4.725555571238282,413.1317144784675,49711.09191890276
287,4.7246298489422065,412.8838410298596,49829.8554688793
288,4.723704397193252,412.6361382225332,49948.29843094986
289,4.722779215805114,412.38860589968493,50066.4213851512
290,4.7218543045920525,412.14124390482226,50184.22491056397
291,4.720929663368883,411.89405208176254,50301.70958531828
292,4.720005291950974,411.6470302746299,50418.875986585146
293,4.719081190154236,411.4001783278513,50535.72469058048
294,4.718157357795122,411.1534960861573,50652.25627257696
295,4.717233794690613,410.90698339457725,50768.47130691073
296,4.71631050065822,410.66064009843814,50884.370366956995
297,4.715387475515973,410.41446604336016,50999.954025102656
298,4.714464719082418,410.1684610752574,51115.22285278721
299,4.713542231176609,409.9226250403343,51230.177420504384
300,4.712620011618104,409.6769577850824,51344.8182978054
301,4.711698060226959,409.4314591562802,51459.14605330495
302,4.7107763768237225,409.1861290009888,51573.16125468766
303,4.709854961229431,408.9409671665511,51686.864468706735
304,4.7089338132656025,408.6959735005905,51800.256261177215
305,4.708012932754232,408.4511478510072,51913.33719698252
306,4.7070923195177885,408.20649006597677,52026.107840082295
307,4.706171973379206,407.96199999394867,52138.56875350812
308,4.705251894161883,407.71767748364397,52250.720499363095
309,4.704332081689674,407.4735223840532,52362.56363882669
310,4.703412535786887,407.22953454443416,52474.098732153725
311,4.702493256278279,406.9857138143129,52585.326338682324
312,4.701574242989051,406.7420600434752,52696.247016838344
313,4.700655495744843,406.49857308197414,52806.861324131714
314,4.6997370143717285,406.2552527801199,52917.16981716027
315,4.698818798696215,406.01209898848373,53027.173051607526
316,4.697900848545234,405.76911155789116,53136.87158224006
317,4.6969831637461406,405.5262903394273,53246.265962906036
318,4.696065744126707,405.2836351844269,53355.35674653406
319,4.69514858951512,405.04114594447844,53464.144485148
320,4.6942316997399764,404.7988224714225,53572.62972986846
321,4.69331507463028,404.5566646173456,53680.81303091318
322,4.692398714015434,404.314672234584,53788.69493759731
323,4.691482617725244,404.07284517571793,53896.275998327845
324,4.6905667855899065,403.8311832935745,54003.55676060924
325,4.6896512174400105,403.58968644122024,54110.53777104955
326,4.688735913106533,403.3483544719665,54217.21957536456
327,4.687820872420833,403.1071872393611,54323.602718367016
328,4.686906095214651,402.86618459719284,54429.68774397491
329,4.685991581320104,402.62534639948603,54535.47519521674
330,4.68507733056968,402.38467250050155,54640.96561422984
331,4.68416334279624,402.14416275473394,54746.159542261616
332,4.68324961783301,401.9038170169107,54851.05751967374
333,4.682336155513578,401.6636351419905,54955.66008594104
334,4.681422955671895,401.42361698516305,55059.96777965201
335,4.680510018142265,401.1837624018465,55163.98113851192
336,4.67959734275935,400.94407124768645,55267.70069934301
337,4.678684929358158,400.70454337855546,55371.12699808475
338,4.677772777774048,400.4651786505499,55474.260569793405
339,4.676860887842721,400.2259769199921,55577.10194864418
340,4.6759492594002205,399.98693804342423,55679.651667938444
341,4.675037892282929,399.7480618776133,55781.91026010614
342,4.674126786327564,399.5093482795435,55883.878256709366
343,4.6732159413711765,399.2707971064202,55985.55618843987
344,4.672305357251146,399.03240821566544,56086.94458511782
345,4.67139503380518,398.7941814649192,56188.04397569252
346,4.670484970871313,398.5561167120363,56288.85488824294
347,4.669575168287898,398.31821381508627,56389.37784998027
348,4.668665625893609,398.08047263235244,56489.61338725094
349,4.667756343527436,397.84289302232986,56589.562025534586
350,4.6668473210286825,397.60547484372654,56689.22428944458
351,4.665938558236965,397.36821795545853,56788.60070273418
352,4.665030054992207,397.1311222166534,56887.691788300384
353,4.664121811134641,396.8941874866443,56986.49806818295
354,4.663213826504801,396.6574136249743,57085.020063562384
355,4.662306100943525,396.42080049139133,57183.25829476422
356,4.661398634291947,396.1843479458482,57281.21328126136
357,4.660491426391502,395.94805584850303,57378.88554167516
358,4.659584477083916,395.7119240597162,57476.27559377777
359,4.65867778621121,395.47595244005095,57573.38395449501
360,4.657771353615693,395.240140850272,57670.21113990637
361,4.656865179139963,395.0044891513441,57766.75766524467
362,4.655959262626905,394.76899720443174,57863.024044894526
363,4.655053603919686,394.533664870898,57959.010792395005
364,4.654148202861754,394.2984920123036,58054.71842044036
365,4.6532430592968375,394.06347849040606,58150.14744088563
366,4.652338173068942,393.8286241671601,58245.29836475065
367,4.651433544022348,393.5939289047136,58340.17170222068
368,4.650529172001609,393.3593925654095,58434.76796264495
369,4.649625056851551,393.12501501178394,58529.08765453858
370,4.6487211984172685,392.8907961065668,58623.13128558137
371,4.647817596544122,392.65673571267786,58716.8993626211
372,4.646914251077741,392.4228336932294,58810.39239167509
373,4.646011161864013,392.1890899115221,58903.61087793024
374,4.645108328749094,391.95550423104805,58996.555325743975
375,4.6442057515793955,391.72207651548604,59089.226238648014
376,4.643303430201588,391.4888066287038,59181.624119349566
377,4.6424013644625965,391.25569443475626,59273.749469730865
378,4.641499554209605,391.02273979788225,59365.602790851386
379,4.640597999290046,390.7899425825094,59457.18458294998
380,4.639696699551605,390.55730265324735,59548.49534544577
381,4.638795654842216,390.3248198748917,59639.53557693989
382,4.637894865010061,390.09249411241956,59730.30577521642
383,4.636994329903568,389.86032523099175,59820.80643724055
384,4.63609404937141,389.62831309595043,59911.03805916243
385,4.6351940232625015,389.39645757281846,60001.00113631793
386,4.634294251425999,389.1647585273004,60090.69616323014
387,4.633394733711297,388.9332158252797,60180.123633613395
388,4.63249546996803,388.701829332819,60269.284040374194
389,4.631596460046069,388.4705989161582,60358.177875609974
390,4.6306977037955175,388.23952444171687,60446.80563061204
391,4.629799201066715,388.00860577609023,60535.16779586487
392,4.6289009517102295,387.7778427860507,60623.26486104793
393,4.628002955576864,387.547235338545,60711.09731503568
394,4.627105212517647,387.316783300697,60798.66564589935
395,4.626207722383837,387.08648653980265,60885.970340911095
396,4.625310485026916,386.85634492333435,60973.0118865457
397,4.624413500298592,386.6263583189358,61059.79076848098
398,4.623516768050798,386.39652659442305,61146.30747159941
399,4.622620288135685,386.16684961778594,61232.562479990615
400,4.6217240604056276,385.9373272571836,61318.556276952
401,4.62082808471322,385.7079593809479,61404.289344986486
402,4.619932360911274,385.4787458575794,61489.76216580665
403,4.619036888852816,385.2496865557482,61574.975220334105
404,4.6181416683910905,385.02078134429433,61659.92898870065
405,4.617246699379555,384.79203009222584,61744.62395024995
406,4.616351981671879,384.5634326687182,61829.06058353933
407,4.615457515121945,384.3349889431155,61913.239366343274
408,4.614563299583846,384.10669878492615,61997.160775654775
409,4.613669334911883,383.8785620638273,62080.82528768377
410,4.612775620960566,383.65057864966,62164.233377858196
411,4.611882157584611,383.42274841243164,62247.385520836164
412,4.61098894463894,383.19507122231363,62330.28219051415
413,4.610095981978681,382.96754694964017,62412.92386001413
414,4.6092032694591625,382.74017546491103,62495.31100168461
415,4.6083108069359175,382.51295663878756,62577.44408710028
416,4.607418594264681,382.2858903420944,62659.32358706009
417,4.606526631301386,382.05897644581745,62740.94997158498
418,4.605634917902166,381.8322148211046,62822.32370992497
419,4.604743453923352,381.6056053392635,62903.4452705615
420,4.603852239221472,381.37914787176453,62984.31512120718
421,4.602961273653249,381.152842290235,63064.93372880965
422,4.602070557075602,380.92668846646563,63145.30155955166
423,4.601180089345643,380.70068627240204,63225.41907885261
424,4.600289870320678,380.47483558014983,63305.28675136796
425,4.599399899858201,380.2491362619736,63384.90504099092
426,4.598510177815902,380.0235881902948,63464.27441085514
427,4.597620704051656,379.7981912376919,63543.3953233361
428,4.59673147842353,379.57294527689953,63622.268240050944
429,4.595842500789777,379.3478501808096,63700.89362185867
430,4.5949537710088375,379.12290582246845,63779.27192886325
431,4.594065288939337,378.89811207507825,63857.40362041326
432,4.593177054440087,378.6734688119968,63935.289155103026
433,4.592289067370082,378.4489759067341,64012.92899077544
434,4.5914013275885,378.2246332329562,64090.32358452454
435,4.5905138349547014,378.0004406644812,64167.473392696484
436,4.589626589328228,377.7763980752807,64244.378870890876
437,4.5887395905688,377.5525053394799,64321.04047396048
438,4.587852838536321,377.3287623313542,64397.45865601095
439,4.58696633309087,377.1051689253321,64473.63387040053
440,4.5860800740927035,376.8817249959931,64549.566569741335
441,4.585194061402257,376.6584304180673,64625.25720590331
442,4.584308294880142,376.43528506643605,64700.70623001716
443,4.5834227743871425,376.21228881613007,64775.91409247346
444,4.58253749978422,375.98944154232913,64850.88124291708
445,4.581652470932507,375.7667431203646,64925.60813025191
446,4.580767687693311,375.5441934257139,65000.095202646924
447,4.57988314992811,375.3217923340056,65074.34290753634
448,4.5789988574985525,375.0995397210131,65148.35169161898
449,4.578114810266459,374.8774354626611,65222.1220008613
450,4.577231008093817,374.6554794350183,65295.65428049834
451,4.576347450842787,374.43367151430334,65368.948975033694
452,4.575464138375693,374.21201157687847,65442.00652824303
453,4.57458107055503,373.9904994992547,65514.82738317523
454,4.573698247243455,373.7691351580866,65587.41198215468
455,4.572815668303796,373.54791843017466,65659.76076677997
456,4.571933333599041,373.32684919246617,65731.87417792487
457,4.571051242992347,373.10592732205055,65803.75265573834
458,4.570169396347031,372.8851526961635,65875.39663964554
459,4.569287793526574,372.66452519218217,65946.80656835032
460,4.568406434394621,372.4440446876304,66017.98287983784
461,4.567525318814976,372.22371106017215,66088.9260113746
462,4.566644446651604,372.0035241876171,66159.6363995076
463,4.565763817768631,371.7834839479151,66230.11448006652
464,4.564883432030343,371.56359021915995,66300.3606881652
465,4.5640032893011835,371.34384287958443,66370.3754582033
466,4.563123389445755,371.12424180756625,66440.15922386762
467,4.562243732328816,370.9047868816221,66509.71241813392
468,4.561364317815283,370.6854779804103,66579.03547326829
469,4.560485145770229,370.4663149827285,66648.1288208286
470,4.559606216058881,370.24729776751485,66716.99289166546
471,4.558727528546622,370.0284262138485,66785.62811592246
472,4.557849083098989,369.8097002009458,66854.03492303535
473,4.556970879581673,369.59111960816495,66922.21374173304
474,4.556092917860517,369.3726843149996,66990.16500004206
475,4.555215197801517,369.1543942010851,67057.88912528497
476,4.554337719270821,368.93624914619176,67125.38654408084
477,4.553460482134728,368.71824903023037,67192.65768234937
478,4.552583486259688,368.50039373324773,67259.7029653116
479,4.5517067315123,368.2826831354277,67326.52281749021
480,4.550830217759312,368.06511711709186,67393.11766271148
481,4.549953944867624,367.8476955586983,67459.487924107
482,4.54907791270428,367.63041834084027,67525.63402411468
483,4.548202121136475,367.413285344248,67591.55638447971
484,4.54732657003155,367.19629644978636,67657.25542625289
485,4.546451259256993,366.97945153845615,67722.73156979146
486,4.545576188680437,366.7627504913934,67787.98523476176
487,4.544701358169662,366.5461931898676,67853.01684014093
488,4.543826767592591,366.329779515285,67917.8268042179
489,4.542952416817294,366.1135093491824,67982.41554459587
490,4.542078305711983,365.89738257323404,68046.78347819352
491,4.541204434145014,365.68139906924563,68110.93102124476
492,4.540330801984885,365.465558719157,68174.85858930061
493,4.539457409100238,365.2498614050398,68238.56659722899
494,4.538584255359856,365.03430700909894,68302.0554592159
495,4.537711340632663,364.8188954136728,68365.32558876522
496,4.536838664787725,364.6036265012293,68428.37739870173
497,4.535966227694247,364.38850015437055,68491.21130117285
498,4.535094029221574,364.1735162558293,68553.82770764912
499,4.53422206923919,363.95867468846933,68616.227028926
500,4.533350347616721,363.7439753352851,68678.40967512387
501,4.532478864223926,363.52941807940294,68740.37605568932
502,4.531607618930708,363.31500280407846,68802.12657939708
503,4.530736611607102,363.10072939269884,68863.66165434934
504,4.529865842123283,362.8865977287784,68924.9816879778
505,4.528995310349562,362.6726076959638,68986.08708704486
506,4.528125016156386,362.45875917802925,69046.97825764408
507,4.5272549594143365,362.245052058881,69107.65560520123
508,4.526385139994132,362.0314862225488,69168.11953447502
509,4.525515557766624,361.8180615531956,69228.37044955793
510,4.5246462126028,361.6047779351108,69288.40875387819
511,4.52377710437378,361.3916352527136,69348.23485019997
512,4.522908232950817,361.1786333905468,69407.84914062511
513,4.522039598205298,360.96577223328427,69467.25202659411
514,4.521171200008743,360.753051665727,69526.44390888733
515,4.520303038232802,360.54047157280104,69585.42518762655
516,4.519435112749258,360.328031839562,69644.1962622768
517,4.518567423430024,360.1157323511887,69702.75753164629
518,4.517699970147147,359.90357299298813,69761.10939388677
519,4.5168327527728005,359.6915536503931,69819.25224649516
520,4.51596577117929,359.4796742089631,69877.18648631578
521,4.51509902523905,359.26793455438116,69934.91250954026
522,4.514232514824645,359.05633457245455,69992.43071170918
523,4.513366239808767,358.84487414912024,70049.74148771331
524,4.512500200064237,358.6335531704353,70106.84523179418
525,4.5116343954640055,358.42237152258554,70163.74233754547
526,4.510768825881147,358.2113290918749,70220.43319791394
527,4.509903491188867,358.0004257647391,70276.9182051999
528,4.509038391260495,357.789661427731,70333.19775105648
529,4.5081735259694895,357.57903596753204,70389.27222649181
530,4.507308895189432,357.3685492709422,70445.14202187138
531,4.506444498794033,357.1582012248897,70500.80752691718
532,4.505580336657125,356.94799171642165,70556.26913071006
533,4.504716408652669,356.737920632709,70611.5272216914
534,4.503852714654747,356.52798786104603,70666.58218766339
535,4.502989254537568,356.31819328884757,70721.43441579085
536,4.502126028175463,356.10853680365267,70776.08429260217
537,4.501263035442888,355.8990182931189,70830.53220399027
538,4.500400276214421,355.6896376450304,70884.7785352132
539,4.499537750364763,355.4803947472855,70938.82367089458
540,4.498675457768739,355.2712894879105,70992.6679950241
541,4.497813398301293,355.06232175504874,71046.31189095853
542,4.496951571837494,354.8534914369656,71099.75574142269
543,4.49608997825253,354.644798422044,71152.99992851233
544,4.495228617421711,354.43624259879095,71206.04483369496
545,4.494367489220469,354.2278238558317,71258.89083780964
546,4.493506593524354,354.01954208191137,71311.5383210683
547,4.492645930209037,353.81139716589485,71363.98766305695
548,4.49178549915031,353.6033889967649,71416.23924272967
549,4.490925300224082,353.39551746362577,71468.29343841331
550,4.490065333306384,353.1877824556986,71520.15062781089
551,4.4892055982733625,352.98018386232576,71571.81118800309
552,4.488346095001285,352.77272157296267,71623.27549544942
553,4.4874868233665355,352.56539547718955,71674.5439259902
554,4.486627783245616,352.35820546470103,71725.61685484627
555,4.485768974515147,352.15115142530993,71776.49465661916
556,4.4849103970518645,351.94423324894717,71827.17770529317
557,4.484052050732623,351.73745082566023,71877.66637423658
558,4.483193935434391,351.530804045616,71927.96103620286
559,4.482336051034257,351.32429279909576,71978.06206333122
560,4.481478397409421,351.1179169764997,72027.96982714796
561,4.480620974437202,350.9116764683433,72077.68469856762
562,4.479763781995033,350.7055711652576,72127.20704789355
563,4.4789068199604625,350.4996009579927,72176.53724481852
564,4.478050088211153,350.2937657374115,72225.67565842568
565,4.477193586624882,350.0880653944952,72274.62265719021
566,4.47633731507954,349.8824998203385,72323.3786089803
567,4.475481273453134,349.67706890615443,72371.94388105847
568,4.4746254616237815,349.47177254326783,72420.31884008159
569,4.473769879469715,349.2666106231205,72468.50385210171
570,4.472914526869279,349.06158303726903,72516.49928256663
571,4.472059403700933,348.85668967738445,72564.30549632215
572,4.471204509843246,348.6519304352503,72611.922857613
573,4.470349845174901,348.44730520276784,72659.35173008319
574,4.469495409574693,348.2428138719499,72706.5924767767
575,4.468641202921527,348.0384563349236,72753.64546013925
576,4.46778722509442,347.83423248393024,72800.51104201959
577,4.4669334759725015,347.6301422113245,72847.18958366898
578,4.466079955435011,347.4261854095742,72893.68144574272
579,4.465226663361298,347.22236197125926,72939.98698830171
580,4.4643735996308225,347.0186717890753,72986.10657081346
581,4.463520764123155,346.8151147558274,73032.04055215152
582,4.462668156717975,346.6116907644355,73077.78929059775
583,4.461815777295073,346.4083997079294,73123.35314384266
584,4.4609636257343475,346.20524147945446,73168.73246898694
585,4.460111701915805,346.002215972265,73213.92762254154
586,4.459260005719564,345.79932307972877,73258.93896042941
587,4.458408537025848,345.5965626953246,73303.766837986
588,4.457557295714992,345.393934712643,73348.4116099609
589,4.456706281667436,345.19143902538593,73392.87363051873
590,4.455855494763729,344.9890755273653,73437.15325323974
591,4.4550049348845295,344.78684411250646,73481.25083112055
592,4.4541546019105995,344.5847446748415,73525.1667165746
593,4.453304495722811,344.3827771085161,73568.90126143405
594,4.452454616202142,344.1809413077858,73612.45481695076
595,4.451604963229677,343.9792371670162,73655.82773379718
596,4.450755536686606,343.7776645806823,73699.02036206577
597,4.449906336454227,343.57622344336903,73742.03305126965
598,4.4490573624139405,343.3749136497724,73784.8661503448
599,4.448208614447257,343.1737350946959,73827.52000765118
600,4.447360092435789,342.9726876730543,73869.99497097314
601,4.446511796261255,342.77177127986954,73912.29138751997
602,4.445663725805481,342.57098581027395,73954.40960392739
603,4.444815880950395,342.37033115950686,73996.34996625887
604,4.443968261578028,342.16980722292095,74038.11282000659
605,4.443120867570519,341.96941389597055,74079.6985100919
606,4.442273698810109,341.7691510742223,74121.10738086635
607,4.441426755179142,341.5690186533506,74162.33977611264
608,4.440580036560069,341.3690165291392,74203.3960390455
609,4.439733542835441,341.169144597476,74244.27651231317
610,4.4388872738879135,340.96940275435855,74284.98153799753
611,4.438041229600245,340.76979089589304,74325.51145761485
612,4.4371954098552955,340.57030891829197,74365.86661211758
613,4.436349814536029,340.370956717873,74406.04734189503
614,4.435504443525511,340.1717341910627,74446.05398677383
615,4.4346592967069105,339.9726412343949,74485.88688601882
616,4.4338143739634965,339.77367774450977,74525.54637833391
617,4.432969675178641,339.5748436181531,74565.03280186334
618,4.432125200235817,339.3761387521764,74604.34649419214
619,4.431280949018599,339.1775630435391,74643.48779234747
620,4.430436921410662,338.9791163893059,74682.45703279947
621,4.4295931172957825,338.7807986866476,74721.2545514622
622,4.428749536557837,338.58260983284055,74759.88068369444
623,4.427906179080804,338.3845497252646,74798.33576430009
624,4.42706304474876,338.1866182614073,74836.620127529
625,4.4262201334458835,337.9888153388619,74874.73410707798
626,4.425377445056452,337.79114085532484,74912.6780360921
627,4.424534979464843,337.5935947085977,74950.45224716574
628,4.423692736555533,337.3961767965868,74988.05707234333
629,4.422850716213098,337.19888701730497,75025.49284312005
630,4.422008918322214,337.0017252688672,75062.75989044263
631,4.421167342767654,336.80469144949285,75099.85854471051
632,4.420325989434292,336.6077854575059,75136.78913577682
633,4.419484858207098,336.4110071913351,75173.55199294777
634,4.418643948971143,336.2143565495112,75210.14744498422
635,4.417803261611595,336.01783343066995,75246.57582010356
636,4.416962796013719,335.82143773354966,75282.83744598003
637,4.4161225520628795,335.6251693569921,75318.93264974559
638,4.4152825296445375,335.42902819994424,75354.86175799067
639,4.414442728644251,335.23301416145324,75390.62509676503
640,4.413603148947677,335.03712714066955,75426.222991579
641,4.412763790440567,334.8413670368461,75461.65576740367
642,4.411924653008772,334.6457337493431,75496.92374867211
643,4.411085736538239,334.4502271776157,75532.02725928025
644,4.41024704091501,334.25484722122656,75566.96662258798
645,4.409408566025225,334.0595937798371,75601.74216141982
646,4.40857031175512,333.8644667532146,75636.35419806567
647,4.407732277991025,333.6694660412258,75670.803054281
648,4.406894464619369,333.47459154383756,75705.08905128865
649,4.406056871526674,333.27984316112037,75739.21250977977
650,4.40521949859956,333.08522079324683,75773.17374991416
651,4.404382345724739,332.8907243404894,75806.97309132054
652,4.403545412789021,332.69635370322226,75840.61085309724
653,4.40270869967931,332.50210878191876,75874.08735381372
654,4.4018722062826035,332.30798947715414,75907.40291151176
655,4.401035932485996,332.1139956896058,75940.5578437063
656,4.400199878176675,331.9201273200506,75973.55246738653
657,4.399364043241922,331.7263842693645,76006.38709901641
658,4.398528427569114,331.5327664385252,76039.06205453565
659,4.39769303104572,331.33927372860956,76071.57764936042
660,4.396857853559305,331.1459060407957,76103.93419838452
661,4.396022894997525,330.9526632763601,76136.13201597962
662,4.3951881552481336,330.75954533667993,76168.17141599614
663,4.394353634198973,330.56655212322937,76200.05271176416
664,4.3935193317379815,330.3736835375863,76231.77621609399
665,4.392685247753189,330.18093948142433,76263.3422412769
666,4.391851382132719,329.98831985651674,76294.7510990856
667,4.391017734764788,329.7958245647376,76326.00310077559
668,4.390184305537704,329.60345350805727,76357.09855708599
669,4.389351094339868,329.4112065885473,76388.0377782398
670,4.388518101059773,329.21908370837457,76418.82107394535
671,4.387685325586005,329.02708476980706,76449.44875339683
672,4.386852767807239,328.83520967521116,76479.92112527098
673,4.386020427612245,328.6434583270504,76510.23849773008
674,4.385188304889883,328.45183062788396,76540.40117842495
675,4.384356399529105,328.2603264803725,76570.40947449597
676,4.3835247114189535,328.0689457872726,76600.26369257389
677,4.382693240448562,327.87768845143955,76629.96413878076
678,4.381861986507156,327.6865543758257,76659.51111873052
679,4.38103094948405,327.49554346347844,76688.90493752995
680,4.380200129268651,327.30465561754534,76718.14589977883
681,4.379369525750456,327.11389074127015,76747.23430957149
682,4.378539138819052,326.9232487379938,76776.17047049737
683,4.377708968364117,326.7327295111514,76804.95468564198
684,4.376879014275418,326.5423329642777,76833.58725758837
685,4.376049276442812,326.3520590010022,76862.06848841846
686,4.375219754756246,326.16190752505264,76890.39867971206
687,4.374390449105758,325.9718784402516,76918.57813254776
688,4.373561359381473,325.7819716505165,76946.60714750462
689,4.372732485473606,325.5921870598638,76974.48602466221
690,4.3719038272724635,325.40252457240274,77002.21506360175
691,4.371075384668439,325.21298409234123,77029.79456340674
692,4.370247157552014,325.02356552397976,77057.22482266361
693,4.369419145813762,324.8342687717161,77084.50613946216
694,4.368591349344342,324.6450937400416,77111.63881139642
695,4.367763768034504,324.4560403335464,77138.62313556581
696,4.366936401775083,324.2671084569118,77165.45940857593
697,4.366109250457007,324.0782980149158,77192.14792653889
698,4.365282313971288,323.8896089124307,77218.68898507448
699,4.364455592209027,323.70104105442385,77245.08287931103
700,4.363629085061414,323.51259434595795,77271.32990388662
701,4.362802792419727,323.3242686921872,77297.43035294958
702,4.361976714175328,323.136063998363,77323.38452015912
703,4.361150850219671,322.94798016983054,77349.19269868596
704,4.3603252004442945,322.76001711202775,77374.85518121318
705,4.359499764740825,322.5721747304854,77400.37225993704
706,4.358674543000976,322.38445293083214,77425.74422656817
707,4.357849535116548,322.1968516187872,77450.97137233168
708,4.357024740979429,322.0093707001631,77476.05398796762
709,4.356200160481591,321.82201008086764,77500.99236373218
710,4.355375793515095,321.6347696668996,77525.78678939876
711,4.3545516399720885,321.44764936435274,77550.43755425885
712,4.353727699744804,321.26064907941355,77574.94494712292
713,4.352903972725559,321.0737687183616,77599.30925632056
714,4.3520804588067605,320.8870081875671,77623.53076970176
715,4.351257157880899,320.7003673934956,77647.609774637
716,4.35043406984055,320.51384624270344,77671.54655801854
717,4.349611194578378,320.3274446418409,77695.34140626094
718,4.348788531987128,320.14116249764936,77718.99460530204
719,4.347966081959635,319.9549997169623,77742.50644060351
720,4.3471438443888175,319.76895620670604,77765.87719715142
721,4.346321819167678,319.5830318738977,77789.10715945701
722,4.345500006189306,319.3972266256479,77812.19661155716
723,4.344678405346875,319.2115403691573,77835.1458370158
724,4.343857016533643,319.0259730117186,77857.95511892471
725,4.343035839642951,318.840524460715,77880.62473990425
726,4.342214874568229,318.6551946236244,77903.15498210394
727,4.3413941212029865,318.469983408011,77925.54612720326
728,4.340573579440822,318.2848907215345,77947.79845641206
729,4.339753249175413,318.09991647194255,77969.91225047178
730,4.338933130300525,317.91506056707476,77991.88778965588
731,4.338113222710006,317.73032291486317,78013.72535377054
732,4.337293526297788,317.5457034233257,78035.4252221558
733,4.336474040957887,317.3612020005765,78056.98767368606
734,4.335654766584401,317.1768185548144,78078.41298677107
735,4.334835703071514,316.9925529943341,78099.70143935594
736,4.33401685031349,316.8084052275151,78120.85330892233
737,4.33319820820468,316.6243751628314,78141.86887248939
738,4.332379776639515,316.4404627088437,78162.74840661355
739,4.331561555512511,316.25666777420435,78183.49218738917
740,4.330743544718266,316.0729902676557,78204.10049044996
741,4.329925744151461,315.88943009802614,78224.5735909699
742,4.3291081537068585,315.7059871742389,78244.91176366371
743,4.3282907732793054,315.5226614053014,78265.11528278796
744,4.327473602763731,315.33945270031336,78285.1844221415
745,4.326656642055144,315.15636096846174,78305.11945506644
746,4.325839891048639,314.9733861190243,78324.92065444883
747,4.32502334963939,314.79052806136553,78344.58829271968
748,4.324207017722655,314.6077867049426,78364.12264185515
749,4.323390895193771,314.4251619592955,78383.52397337713
750,4.3225749819481605,314.242653734057,78402.79255835418
751,4.321759277881324,314.06026193894763,78421.92866740239
752,4.320943782888847,313.87798648377395,78440.9325706864
753,4.320128496866394,313.69582727843505,78459.80453791945
754,4.319313419709711,313.5137842329122,78478.54483836445
755,4.318498551314626,313.3318572572791,78497.15374083449
756,4.3176838915770475,313.15004626169565,78515.63151369336
757,4.316869440392966,312.968351156411,78533.9784248568
758,4.316055197658452,312.7867718517583,78552.19474179305
759,4.315241163269656,312.60530825816255,78570.28073152334
760,4.314427337122811,312.42396028613257,78588.23666062263
761,4.313613719114229,312.2427278462676,78606.06279522028
762,4.312800309140304,312.06161084925117,78623.75940100073
763,4.311987107097508,311.8806092058555,78641.32674320412
764,4.311174112882396,311.6997228269382,78658.76508662701
765,4.310361326391602,311.51895162344607,78676.0746956235
766,4.3095487475218395,311.3382955064119,78693.25583410582
767,4.308736376169902,311.15775438695204,78710.30876554499
768,4.307924212232663,310.9773281762742,78727.2337529717
769,4.307112255607077,310.79701678566823,78744.03105897682
770,4.306300506190175,310.61682012651477,78760.70094571232
771,4.305488963879072,310.4367381102756,78777.24367489167
772,4.304677628570959,310.25677064850095,78793.65950779067
773,4.303866500163106,310.0769176528291,78809.94870524803
774,4.303055578552865,309.89717903497944,78826.1115276659
775,4.3022448636376645,309.71755470676135,78842.14823501058
776,4.301434355315014,309.5380445800676,78858.05908681334
777,4.300624053482501,309.35864856687664,78873.84434217095
778,4.2998139580377925,309.17936657925253,78889.50425974664
779,4.299004068878633,309.0001985293468,78905.03909777083
780,4.298194385902845,308.8211443293915,78920.44911404177
781,4.297384909008333,308.6422038917078,78935.73456592628
782,4.296575638093076,308.46337712870076,78950.89571036027
783,4.2957665730551335,308.2846639528603,78965.93280384963
784,4.294957713792643,308.1060642767596,78980.84610247049
785,4.29414906020382,307.9275780130579,78995.6358618699
786,4.293340612186958,307.7492050744991,79010.30233726658
787,4.292532369640428,307.5709453739117,79024.84578345182
788,4.291724332462679,307.3927988242089,79039.26645479031
789,4.290916500552239,307.21476533838495,79053.56460522045
790,4.2901088738077116,307.0368448295226,79067.74048825512
791,4.289301452127779,306.85903721078597,79081.7943569816
792,4.288494235411201,306.6813423954245,79095.72646406312
793,4.287687223556815,306.5037602967709,79109.53706173955
794,4.286880416463535,306.3262908282393,79123.2264018282
795,4.286073814030352,306.1489339033313,79136.79473572414
796,4.285267416156334,305.97168943562986,79150.24231440097
797,4.284461222740629,305.79455733880303,79163.56938841175
798,4.283655233682457,305.6175375265985,79176.77620788944
799,4.282849448881118,305.44062991285176,79189.86302254756
800,4.282043868235988,305.26383441147743,79202.83008168092
801,4.281238491646519,305.0871509364775,79215.67763416632
802,4.280433319012241,304.91057940193105,79228.40592846318
803,4.279628350232759,304.73411972200466,79241.01521261428
804,4.278823585207754,304.5577718109472,79253.50573424596
805,4.278019023836986,304.3815355830874,79265.8777405692
806,4.277214666020288,304.20541095283767,79278.1314783801
807,4.27641051165757,304.0293978346936,79290.26719406065
808,4.275606560648819,303.85349614323405,79302.28513357892
809,4.274802812894096,303.6777057931162,79314.18554248998
810,4.273999268293541,303.5020266990849,79325.96866593655
811,4.273195926747366,303.3264587759607,79337.63474865
812,4.272392788155861,303.1510019386511,79349.18403495065
813,4.271589852419392,302.97565610214264,79360.61676874856
814,4.270787119438397,302.80042118150527,79371.93319354422
815,4.269984589113394,302.62529709188766,79383.13355242914
816,4.269182261344972,302.45028374852285,79394.21808808675
817,4.268380136033798,302.2753810667241,79405.18704279287
818,4.267578213080613,302.1005889618872,79416.04065841611
819,4.266776492386233,301.92590734948675,79426.77917641865
820,4.26597497385155,301.7513361450788,79437.40283785695
821,4.265173657377528,301.5768752643035,79447.91188338175
822,4.26437254286521,301.40252462287845,79458.30655323867
823,4.2635716302157105,301.22828413660375,79468.5870872695
824,4.262770919330219,301.0541537213595,79478.75372491298
825,4.26197041011,300.8801332931049,79488.80670520524
826,4.261170102456393,300.7062227678835,79498.74626678038
827,4.26036999627081,300.5324220618162,79508.57264787123
828,4.259570091454738,300.358731091104,79518.2860863101
829,4.258770387909739,300.18514977203006,79527.88681952927
830,4.257970885537449,300.0116780209568,79537.37508456156
831,4.257171584239577,299.83831575432544,79546.75111804069
832,4.2563724839179065,299.66506288866003,79556.01515620187
833,4.255573584474295,299.49191934056023,79565.16743488311
834,4.254774885810672,299.3188850267098,79574.20818952564
835,4.253976387829043,299.1459598638685,79583.13765517436
836,4.253178090431486,298.97314376887766,79591.95606647877
837,4.252379993520153,298.80043665865645,79600.66365769322
838,4.251582096997267,298.6278384502055,79609.26066267806
839,4.250784400765128,298.4553490606034,79617.74731489994
840,4.249986904726106,298.2829684070084,79626.12384743255
841,4.249189608782647,298.1106964066565,79634.39049295709
842,4.248392512837268,297.9385329768631,79642.54748376305
843,4.247595616792559,297.7664780350247,79650.59505174839
844,4.246798920551184,297.59453149861434,79658.53342842046
845,4.246002424015879,297.4226932851829,79666.36284489649
846,4.245206127089453,297.25096331236114,79674.0835319043
847,4.244410029674788,297.0793414978582,79681.69571978293
848,4.243614131674838,296.9078277594618,79689.19963848343
849,4.24281843299263,296.73642201503804,79696.59551756937
850,4.2420229335312625,296.5651241825304,79703.88358621736
851,4.241227633193907,296.3939341799601,79711.06407321786
852,4.240432531883808,296.22285192542887,79718.13720697562
853,4.239637629504281,296.05187733711296,79725.10321551016
854,4.238842925958713,295.88101033327064,79731.9623264563
855,4.238048421150565,295.7102508322322,79738.71476706481
856,4.237254114983369,295.5395987524091,79745.36076420333
857,4.236460007360727,295.36905401229177,79751.90054435695
858,4.235666098186317,295.1986165304449,79758.33433362863
859,4.234872387363884,295.0282862255116,79764.66235773993
860,4.234078874797249,294.8580630162129,79770.88484203155
861,4.233285560390301,294.68794682134705,79777.00201146361
862,4.2324924440470015,294.5179375597879,79783.01409061672
863,4.231699525671385,294.3480351504879,79788.92130369239
864,4.230906805167556,294.1782395124759,79794.7238745138
865,4.230114282439689,294.0085505648561,79800.42202652628
866,4.229321957392032,293.8389682268115,79806.01598279792
867,4.2285298299289025,293.66949241760096,79811.50596602022
868,4.22773789995469,293.5001230565598,79816.89219850863
869,4.226946167373853,293.3308600630991,79822.17490220336
870,4.226154632090925,293.161703356707,79827.35429866964
871,4.2253632940105055,292.99265285694855,79832.43060909865
872,4.2245721530372675,292.82370848346375,79837.40405430768
873,4.223781209075954,292.6548701559683,79842.27485474116
874,4.222990462031378,292.48613779425676,79847.04323047087
875,4.222199911808423,292.3175113181955,79851.70940119674
876,4.221409558312045,292.14899064772885,79856.27358624719
877,4.2206194014472675,291.9805757028773,79860.73600457964
878,4.2198294411191855,291.81226640373586,79865.09687478116
879,4.219039677232964,291.64406267047525,79869.35641506927
880,4.218250109693839,291.4759644233443,79873.51484329252
881,4.217460738407115,291.30797158266114,79877.57237693101
882,4.216671563278167,291.1400840688248,79881.52923309714
883,4.215882584212441,290.97230180230724,79885.38562853605
884,4.215093801115451,290.8046247036567,79889.1417796263
885,4.214305213892782,290.6370526934938,79892.79790238036
886,4.213516822450089,290.46958569251615,79896.354212445
887,4.212728626693094,290.3022236214951,79899.81092510193
888,4.211940626527593,290.1349664012789,79903.16825526826
889,4.2111528218594465,289.96781395278873,79906.42641749747
890,4.210365212594588,289.80076619701924,79909.58562597985
891,4.209577798639018,289.63382305504155,79912.6460945432
892,4.208790579898809,289.46698444800046,79915.60803665314
893,4.208003556280099,289.30025029711516,79918.47166541412
894,4.207216727689098,289.13362052367927,79921.23719356954
895,4.206430094032084,288.967095049058,79923.90483350273
896,4.205643655215403,288.8006737946948,79926.47479723707
897,4.204857411145472,288.63435668210536,79928.94729643656
898,4.204071361728775,288.4681436328763,79931.32254240672
899,4.2032855068718655,288.30203456867304,79933.60074609482
900,4.202499846481365,288.1360294112304,79935.7821180905
901,4.201714380463965,287.97012808236013,79937.86686862643
902,4.200929108726425,287.8043305039457,79939.855207579
903,4.2001440311755704,287.6386365979437,79941.74734446884
904,4.199359147718299,287.4730462863837,79943.5434884613
905,4.198574458261575,287.30755949137205,79945.24384836722
906,4.19778996271243,287.1421761350838,79946.84863264329
907,4.197005660977966,286.97689613976854,79948.35804939264
908,4.1962215529653495,286.81171942775,79949.77230636562
909,4.1954376385818195,286.64664592142327,79951.09161095996
910,4.194653917734679,286.48167554325863,79952.31617022173
911,4.193870390331302,286.316808215797,79953.44619084572
912,4.193087056279128,286.1520438616512,79954.48187917587
913,4.192303915485667,285.9873824035087,79955.42344120586
914,4.191520967858493,285.8228237641302,79956.27108257974
915,4.1907382133052495,285.6583678663456,79957.0250085923
916,4.189955651733649,285.49401463305827,79957.68542418977
917,4.189173283051469,285.329763987245,79958.2525339703
918,4.188391107166556,285.16561585195353,79958.72654218443
919,4.187609123986824,285.00157015030624,79959.10765273591
920,4.186827333420252,284.8376268054926,79959.39606918226
921,4.18604573537489,284.67378574077816,79959.59199473502
922,4.185264329758851,284.5100468794988,79959.6956322606
923,4.184483116480319,284.34641014506246,79959.70718428034
924,4.183702095447541,284.1828754609494,79959.62685297141
925,4.182921266568834,284.0194427507099,79959.4548401673
926,4.182140629752581,283.8561119379645,79959.1913473585
927,4.1813601849072315,283.6928829464097,79958.83657569316
928,4.180579931941303,283.52975569981027,79958.39072597724
929,4.179799870763377,283.3667301220005,79957.8539986753
930,4.179020001282105,283.20380613689025,79957.2265939109
931,4.178240323406201,283.040983668457,79956.50871146724
932,4.177460837044451,282.8782626407508,79955.70055078743
933,4.176681542105701,282.7156429778925,79954.80231097553
934,4.175902438498869,282.55312460407276,79953.81419079671
935,4.175123526132936,282.390707443554,79952.73638867807
936,4.17434480491695,282.228391420669,79951.56910270893
937,4.173566274760025,282.0661764598208,79950.31253064157
938,4.172787935571342,281.9040624854835,79948.96686989158
939,4.172009787260147,281.7420494222011,79947.53231753853
940,4.171231829735753,281.58013719458773,79946.00907032646
941,4.170454062907537,281.41832572733017,79944.39732466449
942,4.169676486684945,281.256614945181,79942.69727662722
943,4.168899100977485,281.09500477296615,79940.90912195518
944,4.168121905694733,280.9334951355813,79939.03305605546
945,4.167344900746331,280.7720859579922,79937.06927400203
946,4.166568086041985,280.61077716523187,79935.01797053653
947,4.165791461491468,280.4495686824059,79932.87934006876
948,4.165015027004617,280.28846043468815,79930.65357667702
949,4.164238782491335,280.12745234732364,79928.34087410868
950,4.163462727861591,279.96654434562595,79925.94142578077
951,4.16268686302542,279.80573635497535,79923.45542478058
952,4.161911187892919,279.64502830082733,79920.88306386609
953,4.161135702374253,279.48442010870195,79918.22453546658
954,4.160360406379651,279.323911704191,79915.48003168315
955,4.1595852998194065,279.16350301295427,79912.64974428924
956,4.15881038260388,279.00319396071956,79909.73386473121
957,4.158035654643495,278.8429844732852,79906.73258412856
958,4.15726111584874,278.6828744765194,79903.64609327471
959,4.156486766130168,278.5228638963579,79900.47458263756
960,4.155712605398399,278.3629526588026,79897.2182423597
961,4.154938633564115,278.20314068992946,79893.8772622592
962,4.154164850538064,278.04342791587857,79890.45183183003
963,4.153391256231057,277.8838142628615,79886.9421402426
964,4.152617850553971,277.7242996571551,79883.34837634428
965,4.151844633417746,277.56488402510854,79879.67072865993
966,4.1510716047333895,277.4055672931348,79875.90938539233
967,4.1502987644119695,277.24634938771885,79872.06453442268
968,4.14952611236462,277.0872302354118,79868.13636331106
969,4.148753648502538,276.9282097628332,79864.12505929692
970,4.147981372736986,276.7692878966706,79860.03080929948
971,4.14720928497929,276.6104645636789,79855.85379991843
972,4.146437385140841,276.4517396906835,79851.59421743453
973,4.145665673133091,276.2931132045724,79847.25224781016
974,4.144894148867558,276.1345850323059,79842.8280766896
975,4.144122812255825,275.9761551009106,79838.32188939984
976,4.143351663209535,275.81782333748026,79833.73387095077
977,4.142580701640399,275.6595896691734,79829.06420603591
978,4.141809927460188,275.5014540232214,79824.31307903273
979,4.141039340580739,275.3434163269182,79819.48067400331
980,4.14026894091395,275.1854765076282,79814.56717469472
981,4.139498728371786,275.02763449278143,79809.5727645395
982,4.138728702866271,274.86989020987295,79804.49762665616
983,4.137958864309497,274.71224358646947,79799.34194384977
984,4.137189212613615,274.5546945501999,79794.10589861218
985,4.136419747690842,274.39724302876385,79788.78967312272
986,4.135650469453457,274.23988894992334,79783.39344924872
987,4.134881377813801,274.0826322415108,79777.91740854607
988,4.13411247268428,273.9254728314236,79772.36173225976
989,4.133343753977363,273.76841064762675,79766.72660132413
990,4.132575221605581,273.6114456181516,79761.0121963635
991,4.131806875481527,273.4545776710922,79755.21869769275
992,4.131038715517859,273.2978067346146,79749.34628531743
993,4.130270741627296,273.14113273694693,79743.39513893459
994,4.129502953722619,272.98455560638644,79737.3654379332
995,4.128735351716673,272.8280752712936,79731.25736139479
996,4.127967935522367,272.6716916600958,79725.07108809371
997,4.127200705052669,272.5154047012868,79718.80679649785
998,4.126433660220611,272.3592143234274,79712.46466476879
999,4.125666800939289,272.2031204551405,79706.04487076259
1000,4.124900127121859,272.0471230251183,79699.5475920299
1001,4.12413363868154,271.891221962121,79692.97300581701
1002,4.123367335531614,271.73541719496245,79686.32128906567
1003,4.122601217585424,271.5797086525355,79679.59261841401
1004,4.121835284756375,271.4240962637926,79672.78717019697
1005,4.121069536957935,271.26857995775265,79665.90512044687
1006,4.120303974103635,271.11315966349713,79658.94664489351
1007,4.1195385961070645,270.9578353101751,79651.91191896625
1008,4.118773402881877,270.8026068270003,79644.80111779348
1009,4.118008394341789,270.6474741432525,79637.61441620292
1010,4.117243570400577,270.4924371882754,79630.35198872186
1011,4.116478930972079,270.33749589147664,79623.01400957769
1012,4.115714475970195,270.18265018232984,79615.6006526983
1013,4.114950205308888,270.0278999903741,79608.11209171252
1014,4.1141861189021816,269.8732452452125,79600.5484999507
1015,4.113422216664159,269.7186858765099,79592.91005044512
1016,4.112658498508969,269.5642218140005,79585.19691593033
1017,4.111894964350817,269.40985298747916,79577.40926884394
1018,4.111131614103973,269.2555793268076,79569.54728132683
1019,4.1103684476827675,269.101400761911,79561.61112522379
1020,4.109605465001591,268.9473172227778,79553.600972084
1021,4.108842665974897,268.7933286394634,79545.51699316129
1022,4.108080050517198,268.6394349420845,79537.35935941486
1023,4.107317618543069,268.48563606081973,79529.12824150984
1024,4.106555369967147,268.3319319259167,79520.82380981746
1025,4.105793304704127,268.1783224676851,79512.44623441566
1026,4.105031422668767,268.02480761649747,79503.99568508934
1027,4.104269723775885,267.871387302791,79495.47233133124
1028,4.103508207940361,267.7180614570667,79486.87634234219
1029,4.102746875077133,267.5648300098867,79478.2078870315
1030,4.101985725101203,267.4116928918808,79469.46713401747
1031,4.101224757927631,267.2586500337407,79460.65425162787
1032,4.100463973471539,267.1057013662186,79451.76940790044
1033,4.0997033716481095,266.95284682013215,79442.81277058327
1034,4.0989429523725835,266.80008632636265,79433.7845071352
1035,4.098182715560265,266.64741981585604,79424.68478472647
1036,4.097422661126516,266.49484721961755,79415.51377023886
1037,4.096662788986761,266.34236846871795,79406.2716302663
1038,4.095903099056483,266.189983494291,79396.95853111536
1039,4.095143591251226,266.03769222753203,79387.57463880553
1040,4.094384265486594,265.88549459970176,79378.12011906992
1041,4.093625121678251,265.7333905421209,79368.59513735575
1042,4.09286615974192,265.5813799861709,79358.99985882465
1043,4.092107379593386,265.42946286329993,79349.33444835326
1044,4.0913487811484925,265.2776391050198,79339.59907053353
1045,4.090590364323143,265.1259086429003,79329.7938896731
1046,4.089832129033301,264.9742714085764,79319.91906979594
1047,4.089074075194989,264.8227273337444,79309.97477464275
1048,4.0883162027242905,264.67127635016334,79299.96116767156
1049,4.087558511537348,264.5199183896557,79289.87841205782
1050,4.086801001550364,264.36865338410234,79279.72667069519
1051,4.086043672679598,264.2174812654477,79269.50610619593
1052,4.085286524841374,264.0664019657009,79259.21688089112
1053,4.08452955795207,263.91541541693186,79248.8591568314
1054,4.083772771928127,263.7645215512692,79238.43309578706
1055,4.083016166686044,263.61372030090666,79227.93885924866
1056,4.082259742142379,263.46301159809883,79217.37660842761
1057,4.08150349821375,263.3123953751614,79206.74650425643
1058,4.080747434816834,263.16187156447336,79196.04870738919
1059,4.079991551868366,263.0114400984709,79185.28337820215
1060,4.0792358492851415,262.86110090965644,79174.45067679403
1061,4.078480326984015,262.7108539305928,79163.55076298644
1062,4.077724984881898,262.5606990939004,79152.58379632416
1063,4.076969822895763,262.4106363322659,79141.54993607591
1064,4.076214840942641,262.26066557843336,79130.4493412346
1065,4.075460038939621,262.11078676520935,79119.28217051785
1066,4.074705416803851,261.96099982546536,79108.04858236834
1067,4.073950974452538,261.8113046921247,79096.7487349545
1068,4.073196711802948,261.6617012981793,79085.38278617058
1069,4.072442628772405,261.5121895766801,79073.95089363745
1070,4.071688725278292,261.36276946073656,79062.45321470275
1071,4.070935001238048,261.2134408835213,79050.8899064414
1072,4.070181456569174,261.06420377826777,79039.26112565593
1073,4.069428091189229,260.9150580782667,79027.56702887718
1074,4.068674905015827,260.7660037168725,79015.80777236455
1075,4.067921897966645,260.61704062750215,79003.98351210632
1076,4.067169069959414,260.46816874362463,78992.0944038202
1077,4.066416420911926,260.3193879987762,78980.14060295383
1078,4.06566395074203,260.170698326553,78968.12226468514
1079,4.064911659367633,260.0220996606089,78956.03954392285
1080,4.0641595467066995,259.8735919346587,78943.89259530672
1081,4.063407612677254,259.7251750824801,78931.68157320829
1082,4.0626558571973765,259.5768490379027,78919.40663173092
1083,4.061904280185208,259.4286137348251,78907.0679247105
1084,4.061152881558943,259.2804691072032,78894.66560571567
1085,4.060401661236837,259.13241508904696,78882.1998280483
1086,4.059650619137204,258.9844516144325,78869.67074474394
1087,4.0588997551784125,258.8365786174938,78857.0785085724
1088,4.05814906927889,258.68879603242556,78844.423272038
1089,4.057398561357123,258.54110379347804,78831.70518738
1090,4.0566482313316525,258.3935018349648,78818.92440657305
1091,4.05589807912108,258.24599009125774,78806.0810813276
1092,4.055148104644064,258.0985684967868,78793.17536309035
1093,4.054398307819318,257.9512369860439,78780.20740304458
1094,4.053648688565617,257.8039954935762,78767.17735211058
1095,4.052899246801788,257.65684395399234,78754.08536094603
1096,4.0521499824467195,257.5097823019594,78740.93157994647
1097,4.051400895419356,257.362810472206,78727.7161592458
1098,4.050651985638697,257.21592839951524,78714.43924871668
1099,4.049903253023802,257.06913601873237,78701.10099797082
1100,4.049154697493788,256.92243326476023,78687.70155635967
1101,4.048406318967825,256.7758200725628,78674.24107297447
1102,4.0476581173651445,256.6292963771551,78660.71969664705
1103,4.046910092605032,256.4828621136194,78647.13757594982
1104,4.04616224460683,256.3365172170912,78633.49485919657
1105,4.045414573289939,256.19026162276856,78619.79169444257
1106,4.044667078573816,256.0440952659057,78606.02822948513
1107,4.043919760377975,255.89801808181363,78592.20461186364
1108,4.043172618621984,255.75203000586396,78578.32098886024
1109,4.042425653225472,255.60613097348624,78564.37750750028
1110,4.04167886410812,255.46032092016856,78550.37431455271
1111,4.04093225118967,255.31459978145332,78536.31155653046
1112,4.0401858143899165,255.16896749294668,78522.1893796911
1113,4.039439553628713,255.02342399030718,78508.00793003697
1114,4.0386934688259695,254.87796920925612,78493.76735331574
1115,4.037947559901649,254.73260308557005,78479.46779502083
1116,4.037201826775775,254.5873255550845,78465.10940039164
1117,4.036456269368425,254.44213655369012,78450.69231441413
1118,4.035710887599732,254.2970360173373,78436.2166818211
1119,4.034965681389887,254.15202388203724,78421.68264709279
1120,4.034220650659137,254.00710008384962,78407.09035445692
1121,4.033475795327782,253.86226455889977,78392.43994788943
1122,4.0327311153161824,253.71751724336931,78377.7315711147
1123,4.0319866105447515,253.57285807349197,78362.9653676061
1124,4.031242280933959,253.4282869855641,78348.1414805861
1125,4.030498126404332,253.2838039159383,78333.26005302696
1126,4.029754146876451,253.139408801022,78318.32122765094
1127,4.029010342270953,252.99510157728136,78303.32514693082
1128,4.0282667125085325,252.85088218124258,78288.27195309017
1129,4.027523257509938,252.7067505494807,78273.16178810391
1130,4.026779977195974,252.56270661863476,78257.99479369851
1131,4.0260368714875,252.4187503253989,78242.77111135251
1132,4.025293940305432,252.27488160652288,78227.49088229683
1133,4.0245511835707415,252.13110039881397,78212.15424751527
1134,4.023808601204454,251.9874066391368,78196.76134774492
1135,4.023066193127652,251.8438002644096,78181.31232347644
1136,4.022323959261471,251.70028121161266,78165.8073149546
1137,4.0215818995271055,251.5568494177764,78150.24646217855
1138,4.0208400138458025,251.4135048199906,78134.62990490212
1139,4.020098302138864,251.27024735540317,78118.95778263434
1140,4.019356764327649,251.12707696121475,78103.23023463975
1141,4.018615400333571,250.983993574684,78087.44739993886
1142,4.017874210078097,250.8409971331276,78071.60941730841
1143,4.017133193482751,250.69808757391337,78055.7164252821
1144,4.01639235046911,250.55526483446997,78039.76856215046
1145,4.015651680958809,250.41252885228064,78023.76596596168
1146,4.014911184873535,250.2698795648819,78007.70877452195
1147,4.01417086213503,250.1273169098704,77991.5971253956
1148,4.013430712665093,249.9848408248947,77975.43115590565
1149,4.012690736385575,249.8424512476614,77959.21100313426
1150,4.011950933218383,249.70014811593387,77942.93680392286
1151,4.01121130308548,249.55793136752732,77926.60869487276
1152,4.010471845908881,249.41580094031542,77910.22681234528
1153,4.009732561610656,249.27375677222685,77893.7912924625
1154,4.008993450112933,249.13179880124605,77877.30227110721
1155,4.008254511337889,248.9899269654098,77860.75988392354
1156,4.00751574520776,248.84814120281487,77844.16426631744
1157,4.006777151644834,248.70644145160915,77827.51555345676
1158,4.006038730571453,248.5648276499977,77810.81388027192
1159,4.005300481910016,248.4232997362427,77794.05938145614
1160,4.0045624055829725,248.28185764865685,77777.2521914658
1161,4.003824501512829,248.14050132561107,77760.39244452091
1162,4.003086769622145,247.99923070553203,77743.48027460542
1163,4.002349209833535,247.8580457268979,77726.5158154677
1164,4.001611822069666,247.71694632824205,77709.49920062075
1165,4.0008746062532605,247.5759324481564,77692.43056334266
1166,4.000137562307095,247.435004025283,77675.31003667704
1167,3.9994006901539976,247.29416099832247,77658.13775343326
1168,3.9986639897168534,247.15340330602874,77640.91384618697
1169,3.9979274609185995,247.0127308872081,77623.63844728036
1170,3.9971911036822276,246.87214368072372,77606.31168882258
1171,3.9964549179307824,246.7316416254923,77588.93370268994
1172,3.9957189035873633,246.59122466048834,77571.50462052654
1173,3.994983060575122,246.4508927247321,77554.0245737445
1174,3.994247388817265,246.31064575730593,77536.49369352437
1175,3.993511888237052,246.17048369734428,77518.91211081545
1176,3.992776558757796,246.03040648403424,77501.27995633606
1177,3.992041400302864,245.89041405661845,77483.5973605742
1178,3.991306412795676,245.75050635439416,77465.86445378757
1179,3.9905715961597052,245.61068331670944,77448.08136600419
1180,3.989836950318479,245.47094488297054,77430.24822702269
1181,3.989102475195577,245.33129099263405,77412.36516641264
1182,3.9883681707146335,245.19172158521246,77394.43231351496
1183,3.9876340367993346,245.05223660026894,77376.4497974423
1184,3.98690007337342,244.91283597742458,77358.41774707935
1185,3.9861662803606834,244.7735196563511,77340.3362910833
1186,3.9854326576849703,244.6342875767751,77322.20555788407
1187,3.98469920527018,244.4951396784772,77304.02567568472
1188,3.9839659230402646,244.3560759012883,77285.79677246194
1189,3.9832328109192296,244.21709618509777,77267.51897596622
1190,3.9824998688311326,244.07820046984338,77249.19241372234
1191,3.981767096700085,243.93938869551786,77230.8172130297
1192,3.9810344944502503,243.8006608021683,77212.39350096261
1193,3.980302062005845,243.6620167298945,77193.9214043707
1194,3.9795697992911383,243.52345641884813,77175.40104987934
1195,3.9788377062304527,243.38497980923506,77156.83256388981
1196,3.9781057827481625,243.24658684131467,77138.21607257977
1197,3.977374028768695,243.10827745539646,77119.55170190365
1198,3.9766424442165302,242.97005159184775,77100.83957759288
1199,3.9759110290162005,242.83190919108247,77082.07982515635
1200,3.975179783092291,242.69385019357244,77063.27256988072
1201,3.9744487063694387,242.55587453983878,77044.41793683064
1202,3.9737177987723338,242.41798217045843,77025.51605084943
1203,3.972987060225718,242.28017302605812,77006.56703655906
1204,3.9722564906543862,242.14244704731712,76987.57101836079
1205,3.971526089983185,242.0048041749691,76968.52812043537
1206,3.9707958581370133,241.86724434979993,76949.4384667436
1207,3.9700657950408225,241.7297675126478,76930.30218102636
1208,3.969335900619616,241.59237360440068,76911.11938680528
1209,3.9686061747984485,241.45506256600117,76891.89020738295
1210,3.9678766175024283,241.31783433844268,76872.6147658433
1211,3.9671472286567147,241.18068886277212,76853.29318505178
1212,3.9664180081865195,241.0436260800897,76833.92558765596
1213,3.9656889560171056,240.90664593154344,76814.51209608566
1214,3.964960072073789,240.76974835833715,76795.05283255344
1215,3.964231356281937,240.63293330172698,76775.54791905492
1216,3.963502808566968,240.49620070301512,76755.99747736905
1217,3.9627744288543534,240.35955050356137,76736.40162905857
1218,3.9620462170696156,240.2229826447769,76716.7604954703
1219,3.961318173138329,240.08649706812054,76697.0741977355
1220,3.9605902969861195,239.9500937151072,76677.34285677008
1221,3.9598625885386647,239.81377252730198,76657.56659327513
1222,3.9591350477216936,239.67753344631942,76637.74552773709
1223,3.958407674460987,239.54137641382937,76617.87978042822
1224,3.9576804686823768,239.40530137155014,76597.96947140688
1225,3.956953430311747,239.26930826124956,76578.01472051792
1226,3.9562265592750325,239.13339702475136,76558.01564739304
1227,3.9554998554982195,238.9975676039286,76537.972371451
1228,3.9547733189073457,238.8618199407058,76517.8850118981
1229,3.9540469494285,238.72615397705738,76497.75368772853
1230,3.9533207469878233,238.59056965501023,76477.57851772447
1231,3.952594711511506,238.4550669166428,76457.35962045661
1232,3.9518688429257915,238.31964570408164,76437.0971142845
1233,3.9511431411569733,238.18430595950798,76416.79111735678
1234,3.9504176061313956,238.04904762515113,76396.4417476114
1235,3.9496922377754546,237.91387064329098,76376.04912277647
1236,3.9489670360155973,237.77877495626043,76355.61336037004
1237,3.9482420007783214,237.64376050644256,76335.13457770078
1238,3.9475171319901756,237.5088272362694,76314.61289186818
1239,3.9467924295777594,237.37397508822522,76294.0484197629
1240,3.946067893467723,237.23920400484533,76273.44127806708
1241,3.945343523586768,237.10451392871278,76252.7915832548
1242,3.944619319861646,236.96990480246464,76232.09945159232
1243,3.9438952822191595,236.83537656878687,76211.36499913821
1244,3.943171410586162,236.70092917041174,76190.58834174402
1245,3.9424477048895574,236.5665625501278,76169.76959505433
1246,3.9417241650563004,236.43227665077225,76148.90887450722
1247,3.9410007910133964,236.2980714152303,76128.00629533456
1248,3.9402775826879006,236.1639467864398,76107.06197256234
1249,3.939554540006919,236.029902707388,76086.07602101103
1250,3.9388316628976083,235.89593912111033,76065.04855529593
1251,3.9381089512871754,235.76205597069537,76043.9796898274
1252,3.9373864051028775,235.62825319927853,76022.8695388113
1253,3.9366640242720226,235.4945307500459,76001.71821624924
1254,3.935941808721968,235.3608885662345,75980.525835939
1255,3.9352197583801223,235.22732659113024,75959.29251147468
1256,3.9344978731739433,235.0938447680703,75938.01835624712
1257,3.9337761530309394,234.9604430404385,75916.70348344439
1258,3.9330545978786695,234.82712135167048,75895.34800605188
1259,3.9323332076447417,234.69387964525296,75873.95203685269
1260,3.931611982256815,234.56071786471594,75852.51568842793
1261,3.9308909216425985,234.42763595364514,75831.03907315715
1262,3.93017002572985,234.29463385567385,75809.52230321857
1263,3.9294492944463784,234.16171151448458,75787.96549058944
1264,3.928728727720042,234.02886887380606,75766.36874704638
1265,3.928008325478749,233.89610587742246,75744.73218416545
1266,3.9272880876504574,233.76342246916144,75723.05591332278
1267,3.926568014163175,233.63081859290273,75701.34004569465
1268,3.9258481049449596,233.49829419257665,75679.58469225804
1269,3.925128359923918,233.36584921215643,75657.7899637908
1270,3.9244087790282074,233.23348359566987,75635.95597087195
1271,3.923689362186034,233.10119728719317,75614.08282388221
1272,3.9229701093256537,232.9689902308483,75592.17063300418
1273,3.922251020375372,232.83686237080826,75570.21950822251
1274,3.9215320952635446,232.70481365129666,75548.22955932449
1275,3.920813333918575,232.57284401658114,75526.20089590013
1276,3.9200947362689176,232.44095341098244,75504.13362734276
1277,3.919376302243075,232.3091417788682,75482.02786284892
1278,3.918658031769601,232.17740906465133,75459.88371141918
1279,3.9179399247770963,232.04575521279824,75437.70128185797
1280,3.917221981194212,231.91418016782293,75415.48068277417
1281,3.916504200949649,231.78268387428474,75393.22202258145
1282,3.9157865839721566,231.65126627679416,75370.92540949839
1283,3.9150691301905334,231.5199273200111,75348.590951549
1284,3.9143518395336274,231.38866694863978,75326.21875656272
1285,3.9136347119303347,231.25748510743415,75303.80893217518
1286,3.912917747309602,231.12638174119888,75281.36158582807
1287,3.912200945600423,230.99535679478336,75258.87682476976
1288,3.9114843067318428,230.86441021308548,75236.35475605541
1289,3.910767830632953,230.73354194105315,75213.79548654746
1290,3.9100515172328953,230.6027519236814,75191.19912291571
1291,3.9093353664608603,230.47204010601192,75168.56577163783
1292,3.908619378246087,230.34140643313575,75145.8955389994
1293,3.9079035525178636,230.21085085019178,75123.18853109454
1294,3.907187889205526,230.08037330236596,75100.44485382605
1295,3.90647238823846,229.9499737348893,75077.66461290572
1296,3.9057570495460996,229.81965209304647,75054.84791385457
1297,3.905041873057927,229.6894083221641,75031.99486200334
1298,3.9043268587034734,229.5592423676193,75009.10556249258
1299,3.9036120064123185,229.4291541748372,74986.18012027311
1300,3.9028973161140907,229.29914368928775,74963.21864010628
1301,3.9021827877384663,229.16921085649034,74940.22122656422
1302,3.9014684212151702,229.03935562201204,74917.18798403029
1303,3.9007542164739757,228.90957793146745,74894.11901669927
1304,3.9000401734447045,228.7798777305119,74871.01442857776
1305,3.899326292057227,228.65025496485802,74847.8743234843
1306,3.8986125722414613,228.52070958025863,74824.69880504976
1307,3.8978990139273737,228.39124152251665,74801.48797671776
1308,3.897185617044979,228.26185073748195,74778.24194174475
1309,3.89647238152434,228.1325371710497,74754.96080320048
1310,3.895759307295567,228.0033007691634,74731.64466396824
1311,3.8950463942888205,227.8741414778133,74708.29362674519
1312,3.8943336424343062,227.74505924303824,74684.90779404256
1313,3.89362105166228,227.61605401091802,74661.4872681861
1314,3.8929086219030444,227.48712572758495,74638.0321513161
1315,3.8921963530869506,227.35827433921713,74614.54254538799
1316,3.8914842451443974,227.2294997920368,74591.01855217245
1317,3.8907722980058317,227.10080203231485,74567.46027325587
1318,3.8900605116017477,226.97218100636968,74543.86781004044
1319,3.8893488858626877,226.84363666056296,74520.24126374458
1320,3.888637420719242,226.71516894130542,74496.5807354032
1321,3.8879261161020477,226.58677779505567,74472.88632586806
1322,3.887214971941791,226.45846316831214,74449.15813580791
1323,3.886503988169205,226.33022500762613,74425.39626570896
1324,3.8857931647150696,226.20206325959504,74401.60081587503
1325,3.8850825015102135,226.07397787085603,74377.77188642794
1326,3.8843719984855127,225.94596878809907,74353.90957730773
1327,3.8836616555718897,225.8180359580592,74330.013988273
1328,3.8829514727003156,225.69017932751453,74306.08521890109
1329,3.8822414498018083,225.56239884329318,74282.12336858839
1330,3.8815315868074336,225.4346944522647,74258.1285365508
1331,3.880821883648304,225.30706610134754,74234.10082182378
1332,3.8801123402555797,225.17951373750583,74210.0403232629
1333,3.879402956560468,225.05203730775023,74185.94713954395
1334,3.8786937324942232,224.92463675913427,74161.82136916315
1335,3.8779846679881476,224.79731203875988,74137.66311043782
1336,3.8772757629735897,224.670063093775,74113.47246150613
1337,3.8765670173819458,224.54288987137042,74089.24952032787
1338,3.875858431144659,224.4157923187864,74064.99438468427
1339,3.8751500041932196,224.28877038330313,74040.70715217871
1340,3.874441736459165,224.16182401225322,74016.38792023678
1341,3.8737336278740786,224.03495315300853,73992.03678610656
1342,3.873025678369592,223.90815775299055,73967.65384685886
1343,3.872317887877384,223.78143775966498,73943.2391993871
1344,3.871610256329178,223.65479312054268,73918.79294040833
1345,3.8709027836567467,223.5282237831782,73894.31516646313
1346,3.8701954697919083,223.40172969517351,73869.80597391617
1347,3.8694883146665284,223.27531080417546,73845.26545895627
1348,3.868781318212519,223.14896705787305,73820.69371759695
1349,3.868074480361838,223.02269840400547,73796.09084567639
1350,3.867367801046491,222.89650479035305,73771.45693885793
1351,3.8666612801985307,222.77038616474258,73746.79209263033
1352,3.865954917750055,222.64434247504633,73722.09640230793
1353,3.865248713633209,222.51837366917954,73697.36996303103
1354,3.8645426677801846,222.39247969510407,73672.61286976618
1355,3.86383678012322,222.26666050082676,73647.82521730622
1356,3.863131050594599,222.14091603439817,73623.00710027102
1357,3.8624254791266526,222.01524624391146,73598.15861310737
1358,3.8617200656517587,221.88965107750963,73573.27985008949
1359,3.8610148101023403,221.76413048337557,73548.370905319
1360,3.8603097124108676,221.63868440973945,73523.43187272541
1361,3.8596047725098566,221.51331280487574,73498.4628460664
1362,3.85889999033187,221.38801561710156,73473.46391892809
1363,3.858195365809516,221.26279279478018,73448.4351847252
1364,3.857490898875449,221.13764428632095,73423.37673670151
1365,3.8567865894623705,221.01257004017285,73398.28866793012
1366,3.8560824375030274,220.88757000483,73373.17107131344
1367,3.855378442930212,220.76264412883486,73348.02403958383
1368,3.854674605676764,220.63779236077215,73322.8476653036
1369,3.853970925675568,220.51301464926863,73297.64204086542
1370,3.8532674028595553,220.38831094299724,73272.40725849269
1371,3.8525640371617023,220.26368119067598,73247.14341023943
1372,3.8518608285150315,220.13912534106336,73221.85058799107
1373,3.8511577768526117,220.01464334296634,73196.52888346431
1374,3.8504548821075573,219.890235145231,73171.1783882076
1375,3.8497521442130282,219.7659006967499,73145.79919360136
1376,3.8490495631022306,219.64163994645986,73120.39139085822
1377,3.848347138708416,219.5174528433419,73094.95507102335
1378,3.847644870964881,219.3933393364178,73069.49032497464
1379,3.846942759804969,219.2692993747555,73043.99724342309
1380,3.8462408051620685,219.14533290746763,73018.47591691291
1381,3.8455390069696134,219.02143988370688,72992.926435822
1382,3.8448373651610828,218.89762025267365,72967.348890362
1383,3.8441358796700023,218.77387396360734,72941.74337057864
1384,3.843434550429942,218.65020096579497,72916.10996635199
1385,3.842733377374518,218.52660120856305,72890.44876739685
1386,3.842032360437391,218.40307464128597,72864.75986326273
1387,3.8413314995522687,218.27962121337714,72839.0433433345
1388,3.840630794652902,218.15624087429583,72813.29929683231
1389,3.839930245673089,218.03293357354565,72787.52781281201
1390,3.8392298525466715,217.90969926066958,72761.7289801655
1391,3.8385296152075377,217.78653788525818,72735.9028876208
1392,3.83782953358962,217.66344939694048,72710.0496237424
1393,3.8371296076268973,217.5404337453913,72684.16927693156
1394,3.836429837253392,217.41749088032884,72658.26193542648
1395,3.8357302224031726,217.2946207515136,72632.32768730274
1396,3.8350307630103524,217.1718233087495,72606.36662047339
1397,3.8343314590090896,217.04909850188167,72580.37882268934
1398,3.8336323103335874,216.92644628079984,72554.3643815394
1399,3.8329333169180946,216.80386659543709,72528.32338445088
1400,3.8322344786969036,216.68135939576757,72502.25591868957
1401,3.8315357956043528,216.5589246318066,72476.16207135998
1402,3.830837267574825,216.43656225361727,72450.04192940585
1403,3.8301388945427477,216.31427221130014,72423.89557961018
1404,3.8294406764425934,216.19205445500162,72397.72310859562
1405,3.8287426132088798,216.06990893491144,72371.5246028247
1406,3.8280447047761683,215.94783560125612,72345.30014859985
1407,3.8273469510790656,215.82583440431037,72319.0498320641
1408,3.8266493520522227,215.703905294392,72292.773739201
1409,3.8259519076303357,215.58204822185377,72266.47195583493
1410,3.825254617748145,215.46026313709785,72240.14456763152
1411,3.824557482340435,215.3385499905679,72213.79166009775
1412,3.823860501342036,215.21690873274628,72187.41331858224
1413,3.8231636746878213,215.09533931416044,72161.0096282756
1414,3.822467002312709,214.97384168538053,72134.58067421052
1415,3.821770484151663,214.8524157970152,72108.12654126211
1416,3.8210741201396896,214.7310615997183,72081.64731414826
1417,3.8203779102118403,214.60977904418732,72055.14307742962
1418,3.819681854303211,214.48856808115477,72028.61391551013
1419,3.8189859523489416,214.3674286614014,72002.05991263705
1420,3.8182902042842164,214.24636073574953,71975.48115290143
1421,3.817594610044264,214.12536425506,71948.87772023822
1422,3.8168991695643575,214.0044391702377,71922.24969842643
1423,3.816203882779813,213.8835854322289,71895.59717108957
1424,3.815508749625992,213.76280299202313,71868.92022169576
1425,3.814813770038299,213.64209180064887,71842.21893355808
1426,3.8141189439521836,213.52145180917725,71815.49338983477
1427,3.8134242713031385,213.40088296872048,71788.7436735295
1428,3.812729752026701,213.2803852304326,71761.96986749167
1429,3.8120353860584517,213.15995854551073,71735.17205441646
1430,3.8113411733340157,213.0396028651928,71708.35031684527
1431,3.8106471137890616,212.919318140756,71681.50473716589
1432,3.8099532073593023,212.79910432352082,71654.63539761277
1433,3.809259453980494,212.6789613648506,71627.74238026723
1434,3.808565853588437,212.5588892161458,71600.8257670578
1435,3.807872406118975,212.4388878288529,71573.88563976038
1436,3.807179111507996,212.31895715445512,71546.92207999853
1437,3.8064859696914306,212.19909714447883,71519.93516924368
1438,3.8057929806052546,212.07930775049226,71492.92498881542
1439,3.8051001441854866,211.95958892410513,71465.89161988172
1440,3.8044074603681883,211.83994061696518,71438.83514345916
1441,3.8037149290894656,211.72036278076374,71411.75564041322
1442,3.803022550285468,211.60085536723392,71384.65319145843
1443,3.8023303238923885,211.48141832814764,71357.52787715875
1444,3.8016382498464623,211.36205161531655,71330.3797779277
1445,3.8009463280839695,211.24275518059787,71303.20897402859
1446,3.800254558541233,211.12352897588337,71276.01554557493
1447,3.7995629411546195,211.00437295311048,71248.79957253045
1448,3.7988714758605386,210.8852870642566,71221.56113470941
1449,3.798180162595443,210.76627126133715,71194.300311777
1450,3.7974890012958293,210.64732549641064,71167.0171832493
1451,3.7967979918982366,210.52844972157592,71139.71182849389
1452,3.796107134339248,210.40964388897396,71112.38432672963
1453,3.7954164285554888,210.29090795077974,71085.03475702723
1454,3.7947258744836283,210.17224185921506,71057.66319830938
1455,3.7940354720603784,210.05364556654172,71030.26972935094
1456,3.793345221222494,209.93511902505827,71002.85442877926
1457,3.792655121906774,209.81666218710674,70975.41737507445
1458,3.7919651740500586,209.69827500506912,70947.95864656946
1459,3.7912753775892325,209.5799574313656,70920.47832145052
1460,3.7905857324612224,209.46170941845844,70892.97647775729
1461,3.789896238602999,209.34353091885234,70865.4531933831
1462,3.7892068959515743,209.2254218850846,70837.9085460751
1463,3.788517704444004,209.10738226973942,70810.34261343456
1464,3.7878286640173875,208.98941202544015,70782.75547291726
1465,3.7871397746088653,208.87151110484874,70755.1472018334
1466,3.7864510361556216,208.75367946066538,70727.51787734807
1467,3.785762448594883,208.6359170456344,70699.86757648154
1468,3.7850740118639195,208.51822381253638,70672.19637610923
1469,3.7843857259000426,208.40059971419376,70644.50435296216
1470,3.783697590640607,208.2830447034707,70616.79158362716
1471,3.7830096060230107,208.1655587332638,70589.05814454699
1472,3.7823217719846927,208.0481417565165,70561.30411202069
1473,3.781634088463136,207.93079372621077,70533.52956220378
1474,3.780946555395865,207.81351459536526,70505.7345711084
1475,3.7802591727204473,207.69630431704084,70477.91921460358
1476,3.7795719403744927,207.5791628443378,70450.08356841559
1477,3.7788848582956533,207.4620901303941,70422.2277081279
1478,3.7781979264216234,207.34508612838906,70394.3517091817
1479,3.7775111446901404,207.2281507915422,70366.45564687595
1480,3.7768245130389833,207.11128407310892,70338.53959636776
1481,3.7761380314059734,206.99448592638538,70310.60363267246
1482,3.775451699728974,206.87775630470944,70282.64783066398
1483,3.7747655179458923,206.76109516145698,70254.67226507499
1484,3.774079485994675,206.64450245004178,70226.6770104972
1485,3.7733936038133136,206.52797812391802,70198.66214138141
1486,3.7727078713398394,206.41152213657858,70170.62773203799
1487,3.7720222885123276,206.29513444155626,70142.5738566368
1488,3.7713368552688946,206.17881499242026,70114.50058920776
1489,3.770651571547699,206.0625637427832,70086.40800364078
1490,3.769966437286941,205.94638064629282,70058.2961736862
1491,3.7692814524248632,205.83026565663815,70030.16517295489
1492,3.7685966168997505,205.71421872754735,70002.01507491857
1493,3.7679119306499285,205.59823981278464,69973.84595290988
1494,3.767227393613766,205.48232886615557,69945.65788012285
1495,3.766543005729673,205.3664858415056,69917.45092961281
1496,3.7658587669361014,205.25071069271632,69889.22517429694
1497,3.7651746771715446,205.13500337370715,69860.98068695424
1498,3.764490736374538,205.01936383843986,69832.71754022596
1499,3.763806944483659,204.90379204091207,69804.43580661554
1500,3.7631233014375263,204.7882879351615,69776.13555848913
1501,3.7624398071748004,204.67285147526474,69747.81686807559
1502,3.7617564616341834,204.55748261533432,69719.4798074669
1503,3.761073264754419,204.44218130952356,69691.1244486182
1504,3.7603902164742924,204.3269475120255,69662.75086334819
1505,3.7597073167326305,204.21178117706873,69634.3591233391
1506,3.7590245654683017,204.09668225892082,69605.94930013725
1507,3.7583419626202157,203.9816507118877,69577.52146515297
1508,3.7576595081273236,203.866686490314,69549.07568966105
1509,3.7569772019286183,203.75178954858328,69520.6120448007
1510,3.7562950439631333,203.63695984111655,69492.13060157602
1511,3.7556130341699445,203.52219732237424,69463.63143085611
1512,3.754931172488168,203.4075019468519,69435.11460337526
1513,3.754249458856963,203.2928736690861,69406.58018973323
1514,3.753567893215527,203.17831244365306,69378.02826039543
1515,3.752886475503102,203.0638182251595,69349.45888569317
1516,3.7522052056589685,202.94939096825735,69320.87213582383
1517,3.75152408362245,202.83503062763535,69292.26808085112
1518,3.750843109332911,202.7207371580173,69263.64679070526
1519,3.7501622827297556,202.60651051416744,69235.00833518316
1520,3.74948160375243,202.49235065088763,69206.35278394866
1521,3.7488010723404224,202.37825752301575,69177.68020653287
1522,3.7481206884332603,202.26423108543045,69148.9906723342
1523,3.747440451970513,202.1502712930446,69120.2842506186
1524,3.746760362891791,202.03637810080986,69091.56101051996
1525,3.746080421136745,201.9225514637168,69062.8210210401
1526,3.7454006266450675,201.80879133679562,69034.06435104915
1527,3.744720979356491,201.6950976751067,69005.29106928558
1528,3.7440414792107894,201.58147043375484,68976.50124435677
1529,3.7433621261477774,201.46790956788092,68947.6949447387
1530,3.74268292010731,201.35441503266102,68918.87223877665
1531,3.742003861029284,201.24098678331228,68890.03319468506
1532,3.7413249488536353,201.1276247750849,68861.17788054803
1533,3.740646183520342,201.01432896326833,68832.30636431933
1534,3.739967564969422,200.90109930319028,68803.41871382263
1535,3.739289093140934,200.78793575021632,68774.51499675172
1536,3.7386107679749774,200.67483825974597,68745.59528067098
1537,3.7379325894116926,200.56180678721861,68716.65963301502
1538,3.73725455739126,200.44884128811023,68687.70812108956
1539,3.7365766718539,200.33594171793487,68658.74081207112
1540,3.735898932739875,200.22310803224215,68629.7577730075
1541,3.735221339989486,200.1103401866171,68600.75907081783
1542,3.7345438935430764,199.99763813668613,68571.74477229288
1543,3.733866593341028,199.88500183810848,68542.71494409534
1544,3.7331894393237652,199.7724312465832,68513.66965275978
1545,3.7325124314317506,199.6599263178462,68484.60896469315
1546,3.7318355696054883,199.5474870076685,68455.53294617467
1547,3.731158853785522,199.43511327185684,68426.44166335634
1548,3.7304822839124365,199.32280506625955,68397.33518226299
1549,3.729805859926856,199.21056234675774,68368.21356879245
1550,3.729129581769446,199.09838506926852,68339.07688871585
1551,3.7284534493809103,198.9862731897492,68309.92520767768
1552,3.7277774627019946,198.8742266641917,68280.7585911963
1553,3.727101621673484,198.76224544862376,68251.5771046638
1554,3.7264259262362036,198.65032949911225,68222.38081334642
1555,3.7257503763310185,198.53847877175755,68193.16978238475
1556,3.725074971898834,198.42669322269845,68163.94407679378
1557,3.7243997128805955,198.31497280811095,68134.70376146318
1558,3.723724599217288,198.20331748420605,68105.44890115768
1559,3.7230496308499372,198.09172720722898,68076.17956051696
1560,3.722374807719608,197.98020193346593,68046.89580405608
1561,3.7217001297674046,197.86874161923578,68017.5976961657
1562,3.7210255969344725,197.75734622089567,67988.28530111197
1563,3.720351209161996,197.64601569483935,67958.9586830372
1564,3.7196769663911997,197.53474999749403,67929.61790595966
1565,3.719002868563347,197.42354908532528,67900.26303377403
1566,3.7183289156197428,197.31241291483752,67870.89413025147
1567,3.71765510750173,197.20134144256352,67841.51125903982
1568,3.7169814441506914,197.0903346250775,67812.11448366383
1569,3.7163079255080507,196.9793924189895,67782.70386752547
1570,3.71563455151527,196.86851478094627,67753.27947390382
1571,3.7149613221138513,196.7577016676271,67723.8413659557
1572,3.714288237245336,196.64695303575007,67694.38960671543
1573,3.7136152968513056,196.53626884206932,67664.92425909545
1574,3.7129425008733805,196.4256490433718,67635.44538588621
1575,3.7122698492532207,196.31509359648496,67605.95304975643
1576,3.711597341932526,196.20460245826712,67576.4473132534
1577,3.7109249788530354,196.09417558561418,67546.92823880314
1578,3.7102527599565267,195.98381293545887,67517.39588871051
1579,3.7095806851848176,195.87351446476987,67487.85032515955
1580,3.708908754479766,195.76328013054874,67458.29161021352
1581,3.708236967783267,195.65310988983506,67428.71980581514
1582,3.707565325037257,195.54300369970383,67399.13497378686
1583,3.7068938261837103,195.4329615172636,67369.5371758311
1584,3.706222471164641,195.322983299662,67339.92647353014
1585,3.7055512599221028,195.21306900407777,67310.30292834678
1586,3.7048801923981873,195.1032185877278,67280.6666016241
1587,3.7042092685350263,194.99343200786245,67251.017554586
1588,3.7035384882747904,194.88370922177077,67221.35584833706
1589,3.7028678515596893,194.77405018677317,67191.68154386304
1590,3.702197358331972,194.6644548602281,67161.99470203089
1591,3.7015270085339256,194.554923199529,67132.295383589
1592,3.700856802107877,194.44545516210252,67102.58364916738
1593,3.7001867389961918,194.33605070541364,67072.85955927792
1594,3.699516819141275,194.22670978695794,67043.12317431447
1595,3.6988470424855695,194.1174323642712,67013.37455455311
1596,3.6981774089715582,194.00821839491968,66983.61376015232
1597,3.697507918541762,193.89906783650807,66953.84085115313
1598,3.696838571138741,193.78998064667576,66924.0558874794
1599,3.6961693667050937,193.68095678309405,66894.25892893801
1600,3.695500305183458,193.57199620347205,66864.45003521886
1601,3.6948313865165106,193.4630988655557,66834.62926589535
1602,3.694162610646966,193.3542647271183,66804.79668042432
1603,3.6934939775175777,193.24549374597467,66774.95233814635
1604,3.692825487071138,193.1367858799733,66745.09629828604
1605,3.6921571392504786,193.02814108699533,66715.22861995197
1606,3.6914889339984684,192.91955932495844,66685.3493621371
1607,3.690820871258016,192.81104055181635,66655.45858371886
1608,3.6901529509720676,192.7025847255515,66625.55634345938
1609,3.6894851730836087,192.59419180418686,66595.64270000561
1610,3.688817537535663,192.4858617457805,66565.71771188958
1611,3.6881500442712922,192.37759450841787,66535.78143752857
1612,3.6874826932335973,192.2693900502258,66505.83393522521
1613,3.686815484365717,192.1612483293642,66475.87526316779
1614,3.686148417610829,192.0531693040252,66445.90547943031
1615,3.685481492912148,191.94515293243757,66415.92464197277
1616,3.6848147102129296,191.83719917286433,66385.93280864134
1617,3.684148069456465,191.72930798360045,66355.9300371686
1618,3.6834815705860846,191.6214793229775,66325.91638517356
1619,3.6828152135451577,191.51371314936358,66295.89191016207
1620,3.682148998277091,191.406009421153,66265.85666952678
1621,3.68148292472533,191.29836809678255,66235.81072054758
1622,3.680816992833358,191.1907891347187,66205.75412039142
1623,3.6801512025446956,191.08327249346505,66175.68692611289
1624,3.679485553802903,190.97581813155577,66145.60919465416
1625,3.6788200465515786,190.86842600756196,66115.52098284524
1626,3.678154680734357,190.76109608008852,66085.42234740408
1627,3.677489456294912,190.65382830777273,66055.31334493693
1628,3.676824373176956,190.54662264928726,66025.19403193837
1629,3.6761594313242374,190.4394790633368,65995.0644647915
1630,3.6754946306805447,190.33239750866116,65964.92469976819
1631,3.6748299711897032,190.22537794403465,65934.7747930293
1632,3.6741654527955765,190.11842032826632,65904.61480062468
1633,3.6735010754420654,190.0115246201955,65874.4447784936
1634,3.6728368390731094,189.90469077869807,65844.26478246461
1635,3.672172743632685,189.7979187626839,65814.07486825608
1636,3.671508789064807,189.69120853109527,65783.87509147609
1637,3.6708449753135275,189.58456004290645,65753.66550762278
1638,3.670181302322937,189.4779732571294,65723.44617208446
1639,3.669517770037163,189.37144813280614,65693.21714013982
1640,3.6688543784003707,189.26498462901407,65662.97846695805
1641,3.6681911273567636,189.158582704865,65632.73020759913
1642,3.6675280168505826,189.0522423195011,65602.47241701378
1643,3.6668650468261057,188.94596343210074,65572.20515004394
1644,3.6662022172276485,188.83974600187554,65541.92846142274
1645,3.665539527999565,188.7335899880695,65511.64240577472
1646,3.6648769790862454,188.62749534995865,65481.34703761607
1647,3.6642145704321183,188.521462046857,65451.042411354756
1648,3.6635523019816496,188.41549003810505,65420.72858129067
1649,3.6628901736793424,188.30957928308217,65390.405601615865
1650,3.6622281854697376,188.2037297411993,65360.07352641484
1651,3.6615663372974128,188.09794137190133,65329.73240966442
1652,3.6609046291069838,187.99221413466356,65299.38230523416
1653,3.660243060843103,187.88654798899674,65269.02326688651
1654,3.65958163245046,187.78094289444726,65238.65534827682
1655,3.658920343873783,187.67539881058653,65208.278602953826
1656,3.6582591950578354,187.56991569702635,65177.89308435944
1657,3.6575981859474194,187.4644935134101,65147.498845829265
1658,3.6569373164873737,187.35913221941118,65117.09594059253
1659,3.6562765866225746,187.25383177473938,65086.68442177234
1660,3.655615996297935,187.14859213913653,65056.26434238597
1661,3.654955545458405,187.04341327237486,65025.835755344815
1662,3.654295234048972,186.93829513426223,64995.398713454706
1663,3.6536350620146605,186.83323768464115,64964.953269416095
1664,3.652975029300532,186.72824088337907,64934.499475824145
1665,3.6523151358516848,186.6233046903839,64904.03738516902
1666,3.651655381613254,186.5184290655942,64873.56704983592
1667,3.6509957665304125,186.4136139689803,64843.088522105325
1668,3.650336290548369,186.3088593605441,64812.60185415324
1669,3.6496769536123703,186.2041652003235,64782.10709805111
1670,3.649017755667699,186.09953144838514,64751.60430576635
1671,3.6483586966596744,185.9949580648308,64721.09352916223
1672,3.647699776533654,185.89044500979688,64690.57481999825
1673,3.647040995235031,185.78599224344444,64660.04822993006
1674,3.646382352709235,185.68159972597428,64629.513810509954
1675,3.645723848901734,185.57726741761817,64598.97161318673
1676,3.645065483758031,185.472995278638,64568.421689306015
1677,3.644407257223667,185.3687832693299,64537.86409011041
1678,3.6437491692442183,185.2646313500222,64507.29886673986
1679,3.643091219765299,185.16053948107574,64476.726070231445
1680,3.642433408732559,185.05650762288272,64446.14575151979
1681,3.6417757360916854,184.95253573586615,64415.557961437196
1682,3.6411182017884016,184.84862378048527,64384.962750713756
1683,3.6404608057684675,184.7447717172274,64354.36016997756
1684,3.6398035479776794,184.64097950661454,64323.75026975483
1685,3.63914642836187,184.5372471092012,64293.13310047014
1686,3.6384894468669096,184.4335744855708,64262.5087124465
1687,3.637832603438703,184.3299615963429,64231.87715590567
1688,3.6371758980231927,184.22640840216567,64201.23848096813
1689,3.6365193305663577,184.12291486372104,64170.5927376534
1690,3.6358629010142125,184.01948094172138,64139.9399758801
1691,3.6352066093128084,183.91610659691312,64109.28024546629
1692,3.634550455408233,183.81279179007214,64078.613596129355
1693,3.6338944392466095,183.70953648200808,64047.94007748644
1694,3.6332385607740987,183.6063406335633,64017.25973905447
1695,3.632582819936897,183.50320420560826,63986.57263025032
1696,3.631927216681236,183.40012715904837,63955.87880039107
1697,3.6312717509533856,183.2971094548204,63925.178298694
1698,3.6306164226996493,183.1941510538921,63894.471174277
1699,3.629961231866369,183.0912519172609,63863.75747615836
1700,3.629306178399921,182.98841200596027,63833.03725325734
1701,3.628651262246719,182.8856312810511,63802.310554394186
1702,3.6279964833532117,182.78290970362823,63771.577428290126
1703,3.627341841665884,182.680247234819,63740.837923567735
1704,3.6266873371312576,182.5776438357786,63710.092088751095
1705,3.6260329696958893,182.47509946769677,63679.33997226582
1706,3.625378739306372,182.3726140917935,63648.5816224393
1707,3.624724645909335,182.27018766932318,63617.81708750084
1708,3.6240706894514427,182.16782016156532,63587.0464155818
1709,3.623416869879396,182.06551152983417,63556.269654715834
1710,3.622763187139931,181.96326173547752,63525.48685283894
1711,3.622109641179821,181.8610707398705,63494.698057789734
1712,3.6214562319458734,181.7589385044226,63463.903317309625
1713,3.6208029593849322,181.6568649905742,63433.102679042764
1714,3.620149823443877,181.55485015979392,63402.296190536545
1715,3.6194968240696235,181.45289397358601,63371.48389924136
1716,3.6188439612091226,181.35099639348172,63340.665852511134
1717,3.618191234809361,181.2491573810448,63309.84209760331
1718,3.6175386448173605,181.14737689787123,63279.01268167894
1719,3.6168861911801797,181.04565490558815,63248.17765180303
1720,3.6162338738449122,180.94399136585113,63217.337054944524
1721,3.6155816927586866,180.84238624034944,63186.49093797654
1722,3.6149296478686677,180.74083949080307,63155.639347676566
1723,3.6142777391220555,180.63935107896032,63124.78233072646
1724,3.613625966466086,180.53792096660425,63093.91993371287
1725,3.61297432984803,180.43654911554538,63063.05220312708
1726,3.6123228292151945,180.33523548762602,63032.17918536544
1727,3.611671464514921,180.23398004472028,63001.300926729375
1728,3.611020235694587,180.1327827487346,62970.41747342553
1729,3.6103691427016047,180.0316435616002,62939.52887156598
1730,3.609718185483423,179.93056244528486,62908.63516716844
1731,3.6090673639875246,179.82953936178578,62877.736406156335
1732,3.6084166781614284,179.72857427312846,62846.83263435888
1733,3.6077661279526883,179.6276671413726,62815.923897511464
1734,3.607115713308893,179.52681792860426,62785.01024125565
1735,3.606465434177667,179.42602659694438,62754.09171113921
1736,3.6058152905066705,179.32529310854073,62723.168352616616
1737,3.6051652822435973,179.22461742557385,62692.24021104888
1738,3.604515409336178,179.12399951025554,62661.30733170385
1739,3.603865671732177,179.0234393248247,62630.369759756315
1740,3.6032160693793944,178.9229368315534,62599.427540288234
1741,3.6025666022256657,178.8224919927443,62568.480718288854
1742,3.6019172702188604,178.72210477072898,62537.5293386547
1743,3.6012680733068843,178.6217751278681,62506.57344619003
1744,3.600619011437677,178.52150302655662,62475.61308560678
1745,3.599970084559214,178.4212884292154,62444.64830152476
1746,3.5993212926195053,178.3211312982988,62413.679138471845
1747,3.598672635566596,178.22103159629114,62382.70564088408
1748,3.5980241133485653,178.12098928570504,62351.72785310584
1749,3.597375725913529,178.0210043290831,62320.74581939002
1750,3.5967274732096355,177.92107668900246,62289.75958389816
1751,3.5960793551850703,177.8212063280628,62258.769190700485
1752,3.595431371788052,177.72139320890008,62227.77468377635
1753,3.594783522966835,177.6216372941794,62196.77610701398
1754,3.5941358086697073,177.52193854659288,62165.773504211036
1755,3.593488228844993,177.4222969288655,62134.76691907443
1756,3.5928407834410496,177.32271240375206,62103.75639522063
1757,3.5921934724062705,177.22318493403486,62072.74197617587
1758,3.591546295689083,177.12371448252836,62041.72370537617
1759,3.590899253237949,177.02430101207838,62010.70162616756
1760,3.5902523450013657,176.92494448555468,61979.67578180624
1761,3.589605570927864,176.8256448658616,61948.64621545859
1762,3.588958930966009,176.72640211593273,61917.61297020159
1763,3.588312425064402,176.62721619873162,61886.57608902264
1764,3.5876660531716777,176.52808707724913,61855.53561481999
1765,3.5870198152365056,176.42901471450818,61824.49159040274
1766,3.586373711207589,176.32999907356165,61793.44405849101
1767,3.5857277410336663,176.2310401174893,61762.39306171607
1768,3.58508190466351,176.13213780940512,61731.338642620496
1769,3.5844362020459277,176.0332921124462,61700.28084365846
1770,3.58379063312976,175.93450298978325,61669.21970719554
1771,3.583145197863883,175.83577040461688,61638.15527550919
1772,3.5824998961972065,175.737094320177,61607.087590788775
1773,3.581854728078675,175.63847469972035,61576.01669513561
1774,3.581209693457267,175.53991150653633,61544.9426305633
1775,3.5805647922819954,175.4414047039431,61513.86543899776
1776,3.579920024501907,175.34295425528563,61482.785162277396
1777,3.5792753900660834,175.24456012394216,61451.70184215321
1778,3.5786308889236396,175.1462222733167,61420.61552028901
1779,3.577986521023725,175.0479406668436,61389.52623826157
1780,3.577342286315524,174.94971526798756,61358.434037560655
1781,3.5766981847482535,174.8515460402426,61327.33895958922
1782,3.576054216271166,174.7534329471298,61296.241045663664
1783,3.5754103808335467,174.65537595220138,61265.1403370138
1784,3.574766678384716,174.55737501903906,61234.03687478314
1785,3.5741231088740273,174.4594301112512,61202.93070002893
1786,3.573479672250869,174.3615411924784,61171.821853722424
1787,3.5728363684646625,174.2637082263875,61140.71037674886
1788,3.572193197464864,174.16593117667585,61109.59630990774
1789,3.571550159200963,174.06821000706847,61078.479693912945
1790,3.5709072536224826,173.97054468132137,61047.36056939281
1791,3.5702644806789805,173.87293516321944,61016.23897689026
1792,3.569621840320048,173.77538141657374,60985.1149568631
1793,3.56897933249531,173.677883405227,60953.98854968399
1794,3.568336957154426,173.5804410930522,60922.859795640696
1795,3.5676947142470876,173.48305444394407,60891.72873493616
1796,3.5670526037230217,173.38572342183357,60860.59540768866
1797,3.5664106255319883,173.2884479906784,60829.459853932014
1798,3.5657687796237814,173.19122811446258,60798.32211361557
1799,3.5651270659482277,173.0940637572015,60767.18222660453
1800,3.564485484455189,172.99695488293952,60736.040232679894
1801,3.56384403509456,172.89990145574677,60704.896171538785
1802,3.5632027178162686,172.80290343972456,60673.750082794424
1803,3.562561532570277,172.70596079900417,60642.60200597642
1804,3.56192047930658,172.6090734977389,60611.45198053084
1805,3.5612795579752072,172.51224150011763,60580.30004582027
1806,3.560638768526221,172.4154647703559,60549.14624112418
1807,3.559998110909717,172.3187432726951,60517.99060563874
1808,3.5593575850758254,172.22207697140797,60486.833178477296
1809,3.558717190974708,172.12546583079677,60455.67399867022
1810,3.558076928556562,172.02890981518652,60424.51310516531
1811,3.557436797771617,171.93240888893604,60393.35053682767
1812,3.556796798570135,171.83596301643277,60362.186332440004
1813,3.5561569309024135,171.7395721620863,60331.02053070276
1814,3.5555171947187816,171.643236290341,60299.85317023423
1815,3.554877589969603,171.54695536566797,60268.68428957065
1816,3.554238116605273,171.45072935256403,60237.51392716633
1817,3.5535987745762214,171.3545582155569,60206.342121393915
1818,3.5529595638329114,171.25844191920183,60175.168910544344
1819,3.552320484325839,171.16238042808268,60143.9943328272
1820,3.5516815360055327,171.06637370680917,60112.81842637054
1821,3.5510427188225555,170.97042172002287,60081.64122922142
1822,3.5504040327275024,170.87452443238982,60050.46277934572
1823,3.549765477671002,170.77868180860514,60019.283114628284
1824,3.549127053603716,170.68289381339332,59988.102272873366
1825,3.5484887604763395,170.58716041150691,59956.92029180438
1826,3.5478505982395996,170.4914815677238,59925.73720906422
1827,3.5472125668442573,170.3958572468527,59894.55306221549
1828,3.546574666241107,170.30028741373042,59863.367888740424
1829,3.5459368963809745,170.20477203321997,59832.18172604122
1830,3.54529925721472,170.1093110702095,59800.99461143994
1831,3.5446617486932364,170.0139044896214,59769.80658217891
1832,3.544024370767449,169.91855225640091,59738.61767542067
1833,3.543387123388316,169.82325433552373,59707.42792824814
1834,3.542750006506829,169.72801069199338,59676.23737766477
1835,3.5421130200740123,169.6328212908383,59645.04606059475
1836,3.5414761640409225,169.53768609711744,59613.854013882934
1837,3.5408394383586494,169.44260507591744,59582.6612742952
1838,3.540202842978316,169.34757819235128,59551.46787851841
1839,3.539566377851077,169.2526054115581,59520.273863160735
1840,3.5389300429281207,169.157686698709,59489.07926475157
1841,3.538293838160668,169.06282201899828,59457.884119741786
1842,3.5376577634999715,168.96801133765058,59426.68846450386
1843,3.537021818897318,168.87325461991804,59395.49233533205
1844,3.5363860043040263,168.77855183107778,59364.29576844231
1845,3.5357503196714473,168.68390293643708,59333.09879997269
1846,3.535114764950965,168.5893079013296,59301.90146598323
1847,3.534479340093996,168.49476669111874,59270.703802456315
1848,3.533844045051989,168.40027927118837,59239.50584529659
1849,3.5332088797764256,168.30584560695797,59208.307630331285
1850,3.53257384421882,168.2114656638697,59177.10919331021
1851,3.5319389383307187,168.11713940739327,59145.91056990595
1852,3.5313041620637007,168.0228668030273,59114.711795713956
1853,3.5306695153693775,167.92864781629817,59083.51290625275
1854,3.5300349981993926,167.8344824127564,59052.313936963925
1855,3.5294006105054225,167.7403705579825,59021.11492321239
1856,3.5287663522391757,167.64631221758538,58989.915900286454
1857,3.528132223352393,167.55230735719462,58958.716903397886
1858,3.5274982237968473,167.45835594247356,58927.51796768222
1859,3.5268643535243447,167.36445793911136,58896.319128198724
1860,3.526230612486723,167.27061331282155,58865.12041993057
1861,3.525597000635852,167.1768220293472,58833.92187778501
1862,3.5249635179236343,167.08308405445877,58802.72353659335
1863,3.524330164302004,166.98939935395086,58771.525431111324
1864,3.523696939722928,166.89576789364762,58740.32759601898
1865,3.5230638441384055,166.80218963940177,58709.13006592101
1866,3.522430877500467,166.708664557086,58677.93287534663
1867,3.5217980397611757,166.61519261260676,58646.73605874998
1868,3.5211653308726274,166.521773771896,58615.539650510065
1869,3.520532750786949,166.4284080009107,58584.34368493096
1870,3.5199002994562996,166.33509526563458,58553.14819624188
1871,3.519267976832871,166.2418355320812,58521.95321859737
1872,3.518635782868887,166.14862876628692,58490.758786077415
1873,3.518003717516602,166.05547493431902,58459.564932687514
1874,3.517371780728304,165.96237400226653,58428.37169235883
1875,3.516739972456312,165.8693259362503,58397.179098948414
1876,3.516108292652978,165.77633070241365,58365.98718623912
1877,3.515476741270684,165.68338826692926,58334.79598793993
1878,3.514845318261846,165.5904985959964,58303.605537685995
1879,3.5142140235789103,165.4976616558381,58272.415869038705
1880,3.513582857174356,165.40487741270724,58241.227015485936
1881,3.512951819000693,165.31214583288275,58210.03901044208
1882,3.5123209090104646,165.21946688266843,58178.85188724817
1883,3.5116901271562444,165.126840528394,58147.66567917209
1884,3.511059473390638,165.03426673641934,58116.48041940849
1885,3.5104289476662833,164.94174547312664,58085.29614107927
1886,3.5097985499358493,164.84927670492718,58054.11287723334
1887,3.5091682801520374,164.75686039825868,58022.93066084692
1888,3.5085381382675798,164.66449651958274,57991.74952482364
1889,3.507908124235241,164.57218503539073,57960.56950199465
1890,3.5072782380078165,164.4799259121976,57929.3906251187
1891,3.5066484795381343,164.38771911654587,57898.212926882385
1892,3.5060188487790533,164.29556461500235,57867.03643990011
1893,3.5053893456834637,164.20346237416396,57835.861196714286
1894,3.504759970204288,164.1114123606499,57804.687229795505
1895,3.5041307222944797,164.01941454110806,57773.51457154256
1896,3.503501601907024,163.92746888221262,57742.343254282576
1897,3.502872608994938,163.83557535066174,57711.17331027127
1898,3.502243743511269,163.74373391318093,57680.0047716929
1899,3.5016150054090964,163.65194453652325,57648.83767066047
1900,3.5009863946415316,163.56020718746583,57617.672039215795
1901,3.5003579111617165,163.4685218328106,57586.50790932974
1902,3.499729554922825,163.3768884393889,57555.34531290217
1903,3.4991013258780614,163.28530697405725,57524.184281762224
1904,3.4984732239806626,163.19377740369555,57493.02484766833
1905,3.497845249183896,163.1022996952123,57461.86704230841
1906,3.4972174014410604,163.01087381554225,57430.710897299905
1907,3.496589680705486,162.9194997316429,57399.55644418993
1908,3.4959620869305335,162.82817741050195,57368.403714455446
1909,3.495334620069596,162.73690681912868,57337.25273950328
1910,3.494707280076097,162.64568792456063,57306.10355067038
1911,3.4940800669034915,162.55452069385993,57274.95617922378
1912,3.4934529805052654,162.46340509411675,57243.81065636081
1913,3.4928260208349355,162.37234109244363,57212.667013209146
1914,3.4921991878460505,162.28132865598167,57181.525280827045
1915,3.4915724814921894,162.19036775189744,57150.38549020334
1916,3.490945901726963,162.0994583473807,57119.247672257596
1917,3.490319448504012,162.00860040965074,57088.11185784028
1918,3.4896931217770097,161.9177939059484,57056.97807773275
1919,3.489066921499659,161.8270388035415,57025.84636264751
1920,3.4884408476256943,161.73633506972521,56994.71674322827
1921,3.487814900108881,161.64568267181946,56963.58925005008
1922,3.487189078903015,161.55508157716758,56932.46391361935
1923,3.4865633839619243,161.46453175314088,56901.340764374116
1924,3.4859378152394664,161.3740331671366,56870.21983268409
1925,3.4853123726895303,161.28358578657387,56839.101148850656
1926,3.484687056266036,161.19318957890206,56807.98474310729
1927,3.4840618659229334,161.10284451159148,56776.87064561932
1928,3.483436801614205,161.0125505521395,56745.758886484284
1929,3.482811863293862,160.92230766806995,56714.64949573191
1930,3.482187050915948,160.832115826932,56683.54250332431
1931,3.4815623644345366,160.74197499629855,56652.437939156065
1932,3.4809378038037324,160.65188514376734,56621.33583305435
1933,3.48031336897767,160.56184623696376,56590.23621477903
1934,3.4796890599105157,160.47185824353812,56559.1391140228
1935,3.479064876556466,160.3819211311645,56528.044560411305
1936,3.478440818869747,160.29203486754088,56496.952583503145
1937,3.477816886804618,160.20219942039483,56465.863212790144
1938,3.477193080315366,160.1124147574746,56434.77647769736
1939,3.4765693993563107,160.02268084655606,56403.69240758323
1940,3.475945843881801,159.9329976554409,56372.61103173971
1941,3.4753224138462175,159.84336515195244,56341.5323793923
1942,3.47469910920397,159.75378330394233,56310.4564797003
1943,3.4740759299095,159.66425207928816,56279.38336175672
1944,3.4734528759172787,159.574771445886,56248.31305458868
1945,3.4728299471818076,159.48534137166362,56217.245587157224
1946,3.4722071436576196,159.3959618245724,56186.18098835759
1947,3.4715844652992773,159.3066327725858,56155.11928701929
1948,3.470961912061374,159.2173541837053,56124.06051190622
1949,3.4703394838985324,159.1281260259566,56093.00469171682
1950,3.4697171807654072,159.03894826738897,56061.95185508407
1951,3.4690950026166822,158.94982087607644,56030.9020305757
1952,3.468472949407072,158.86074382012185,55999.8552466943
1953,3.467851021091321,158.7717170676452,55968.81153187737
1954,3.4672292176242046,158.68274058679773,55937.77091449746
1955,3.4666075389605275,158.5938143457546,55906.73342286229
1956,3.465985985055126,158.50493831271262,55875.69908521487
1957,3.4653645558628647,158.41611245589613,55844.667929733536
1958,3.4647432513386405,158.32733674355288,55813.63998453218
1959,3.464122071437379,158.23861114395697,55782.61527766021
1960,3.4635010161140363,158.14993562540366,55751.59383710281
1961,3.4628800853235986,158.06131015621708,55720.57569078091
1962,3.4622592790210827,157.97273470474212,55689.56086655146
1963,3.461638597161534,157.88420923934922,55658.54939220735
1964,3.4610180397000305,157.79573372843515,55627.541295477655
1965,3.4603976065916777,157.70730814042085,55596.5366040277
1966,3.459777297791612,157.6189324437493,55565.53534545919
1967,3.4591571132550007,157.5306066068898,55534.53754731025
1968,3.45853705293704,157.44233059833726,55503.543237055615
1969,3.4579171167929563,157.35410438660787,55472.552442106724
1970,3.457297304778006,157.2659279402468,55441.56518981177
1971,3.4566776168474758,157.17780122781727,55410.58150745585
1972,3.4560580529566813,157.08972421791088,55379.60142226106
1973,3.455438613060969,157.00169687914396,55348.624961386595
1974,3.4548192971157152,156.91371918015676,55317.652151928945
1975,3.454200105076325,156.82579108961178,55286.68302092181
1976,3.4535810368982345,156.73791257619786,55255.71759533643
1977,3.4529620925369087,156.65008360862836,55224.7559020815
1978,3.452343271947843,156.56230415563834,55193.79796800342
1979,3.451724575086562,156.47457418599058,55162.843819886286
1980,3.451106001908621,156.38689366846856,55131.8934844521
1981,3.450487552369604,156.29926257188077,55100.94698836079
1982,3.449869226425125,156.2116808650616,55070.00435821035
1983,3.449251024030828,156.12414851686916,55039.065620536996
1984,3.4486329451423856,156.03666549618302,55008.13080181515
1985,3.4480149897155017,155.9492317719097,54977.1999284576
1986,3.447397157705909,155.86184731297865,54946.27302681575
1987,3.4467794490693686,155.7745120883456,54915.35012317944
1988,3.4461618637616733,155.68722606698373,54884.43124377729
1989,3.4455444017386445,155.59998921789648,54853.516414776714
1990,3.4449270629561326,155.51280151011136,54822.605662284004
1991,3.444309847370018,155.42566291267397,54791.69901234448
1992,3.443692754936211,155.33857339465925,54760.79649094254
1993,3.44307578561065,155.25153292516524,54729.89812400183
1994,3.442458939349305,155.16454147331106,54699.0039373853
1995,3.4418422161081734,155.07759900824254,54668.11395689531
1996,3.4412256158432832,154.9907054991302,54637.228208273744
1997,3.440609138510691,154.90386091516206,54606.34671720212
1998,3.439992784066484,154.81706522555643,54575.46950930177
1999,3.4393765524667774,154.73031839955422,54544.59661013369
2000,3.438760443667716,154.64362040641703,54513.728045198994
2001,3.438144457625475,154.556971215434,54482.86383993874
2002,3.4375285942962575,154.47037079591414,54452.0040197341
2003,3.4369128536362967,154.38381911719287,54421.14860990661
2004,3.4362972356018546,154.29731614862868,54390.29763571805
2005,3.435681740149223,154.21086185960436,54359.451122370665
2006,3.435066367234722,154.1244562195216,54328.60909500725
2007,3.434451116814702,154.03809919781608,54297.77157871129
2008,3.4338359888455416,153.95179076393188,54266.938598507
2009,3.433220983283649,153.8655308873517,54236.11017935942
2010,3.432606100085462,153.77931953757243,54205.28634617462
2011,3.4319913392074466,153.69315668411548,54174.467123799644
2012,3.4313767006060987,153.6070422965305,54143.652537022754
2013,3.4307621842379423,153.52097634438476,54112.84261057334
2014,3.4301477900595314,153.43495879727357,54082.03736912226
2015,3.4295335180274487,153.3489896248097,54051.23683728177
2016,3.4289193680983057,153.26306879663844,54020.441039605714
2017,3.4283053402287433,153.1771962824179,53989.65000058952
2018,3.4276914343754314,153.09137205183998,53958.86374467049
2019,3.427077650495068,153.0055960746138,53928.08229622769
2020,3.4264639885443815,152.9198683204662,53897.30567958218
2021,3.4258504484801278,152.834188759161,53866.533918997084
2022,3.425237030259092,152.74855736047243,53835.76703867763
2023,3.4246237338380894,152.66297409420875,53805.005062771386
2024,3.4240105591739622,152.57743893019074,53774.248015368205
2025,3.4233975062235826,152.49195183827442,53743.49592050042
2026,3.4227845749438512,152.40651278832397,53712.748802142836
2027,3.422171765291698,152.32112175024136,53682.00668421303
2028,3.421559077224081,152.23577869394322,53651.26959057124
2029,3.4209465106979877,152.15048358936752,53620.53754502059
2030,3.4203340656704335,152.0652364064857,53589.81057130707
2031,3.419721742098463,151.98003711527892,53559.0886931198
2032,3.41910953993915,151.89488568576635,53528.371934091025
2033,3.418497459149596,151.80978208797163,53497.66031779616
2034,3.417885499686932,151.7247262919597,53466.953867753924
2035,3.417273661508317,151.63971826780414,53436.252607426635
2036,3.4166619445709387,151.55475798561372,53405.55656021998
2037,3.416050348832014,151.46984541551026,53374.86574948333
2038,3.4154388742487884,151.3849805276426,53344.18019850976
2039,3.4148275207785352,151.30016329218262,53313.49993053622
2040,3.4142162883785563,151.2153936793221,53282.824968743495
2041,3.4136051770061826,151.13067165928345,53252.15533625641
2042,3.4129941866187736,151.04599720229956,53221.491056143874
2043,3.412383317173717,150.96137027863836,53190.832151419054
2044,3.411772568628429,150.87679085858554,53160.17864503941
2045,3.411161940940354,150.79225891244195,53129.530559906685
2046,3.4105514340669654,150.70777441054625,53098.887918867236
2047,3.4099410479657646,150.62333732324564,53068.250744711964
2048,3.4093307825942816,150.53894762092264,53037.619060176454
2049,3.4087206379100747,150.45460527396946,53006.99288794102
2050,3.4081106138707304,150.37031025281587,52976.37225063091
2051,3.407500710433864,150.28606252789598,52945.75717081625
2052,3.4068909275571184,150.20186206968432,52915.14767101231
2053,3.406281265198166,150.11770884866633,52884.543773679456
2054,3.405671723314706,150.03360283535247,52853.94550122333
2055,3.4050623018644663,149.94954400028075,52823.3528759949
2056,3.404453000805204,149.8655323140059,52792.76592029054
2057,3.4038438200947034,149.78156774710737,52762.184656352234
2058,3.4032347596907777,149.69765027018468,52731.6091063675
2059,3.4026258195512673,149.61377985386605,52701.039292469606
2060,3.402016999634042,149.529956468794,52670.47523673764
2061,3.4014082998969988,149.44618008564132,52639.91696119663
2062,3.400799720298063,149.36245067509805,52609.36448781749
2063,3.4001912607951885,149.27876820787597,52578.817838517316
2064,3.3995829213463566,149.1951326547136,52548.27703515938
2065,3.3989747019095775,149.111543986365,52517.742099553194
2066,3.3983666024428887,149.02800217361695,52487.21305345468
2067,3.3977586229043557,148.9445071872661,52456.6899185661
2068,3.397150763252073,148.86105899814376,52426.17271653647
2069,3.396543023444162,148.7776575770937,52395.661468961225
2070,3.3959354034387728,148.6943028949863,52365.15619738274
2071,3.395327903194083,148.61099492271364,52334.65692329005
2072,3.3947205226682984,148.5277336311862,52304.16366811921
2073,3.3941132618196526,148.4445189913461,52273.67645325329
2074,3.393506120606407,148.3613509741455,52243.195300022424
2075,3.392899098986851,148.27822955057272,52212.72022970392
2076,3.392292196919302,148.19515469162025,52182.25126352245
2077,3.3916854143621054,148.11212636832084,52151.78842264994
2078,3.391078751273634,148.02914455171492,52121.331728205914
2079,3.3904722076122877,147.946209212877,52090.881201257354
2080,3.3898657833364965,147.86332032289414,52060.43686281893
2081,3.389259478404716,147.78047785288072,52029.99873385308
2082,3.3886532927754303,147.69768177396878,51999.56683526999
2083,3.388047226407151,147.614932057314,51969.14118792784
2084,3.387441279258418,147.53222867409872,51938.72181263279
2085,3.3868354512877987,147.44957159551947,51908.30873013913
2086,3.386229742453888,147.36696079280216,51877.901961149255
2087,3.385624152715308,147.28439623718737,51847.50152631396
2088,3.385018682030709,147.20187789994623,51817.10744623226
2089,3.384413330358769,147.11940575236179,51786.71974145174
2090,3.3838080976581937,147.03697976574153,51756.338432468525
2091,3.383202983887716,146.95459991142312,51725.9635397273
2092,3.382597989006096,146.8722661607534,51695.59508362159
2093,3.381993112972123,146.78997848511324,51665.23308449363
2094,3.3813883557446114,146.7077368558951,51634.87756263462
2095,3.380783717282405,146.62554124451947,51604.52853828467
2096,3.3801791975443747,146.54339162242223,51574.186031633115
2097,3.3795747964894183,146.46128796107092,51543.85006281834
2098,3.3789705140764617,146.37923023194523,51513.52065192799
2099,3.3783663502644576,146.29721840654864,51483.19781899909
2100,3.3777623050123866,146.21525245641322,51452.88158401808
2101,3.377158378279257,146.13333235307965,51422.57196692092
2102,3.3765545700241035,146.0514580681229,51392.2689875932
2103,3.375950880205989,145.9696295731308,51361.97266587016
2104,3.3753473087840034,145.88784683971937,51331.68302153687
2105,3.374743855717264,145.80610983951928,51301.4000743282
2106,3.374140520964916,145.7244185441916,51271.12384392906
2107,3.3735373044861303,145.64277292540862,51240.8543499743
2108,3.3729342062401066,145.56117295486712,51210.591612049044
2109,3.3723312261860716,145.47961860429305,51180.33564968848
2110,3.3717283642832787,145.3981098454218,51150.08648237818
2111,3.371125620491009,145.316646650022,51119.84412955408
2112,3.3705229947685704,145.2352289898738,51089.608610602656
2113,3.3699204870752983,145.1538568367851,51059.379944860804
2114,3.369318097370555,145.07253016257837,51029.15815161621
2115,3.36871582561373,144.99124893910783,50998.943250107215
2116,3.3681136717642404,144.9100131382392,50968.735259522975
2117,3.3675116357815296,144.8288227318619,50938.53419900355
2118,3.366909717625069,144.7476776918915,50908.34008764001
2119,3.366307917254356,144.66657799025913,50878.15294447448
2120,3.365706234628916,144.58552359891937,50847.97278850029
2121,3.365104669708302,144.50451448984592,50817.79963866195
2122,3.3645032224520914,144.4235506350405,50787.633513855304
2123,3.3639018928198916,144.34263200651677,50757.47443292762
2124,3.363300680771335,144.2617585763115,50727.32241467768
2125,3.3626995862660825,144.18093031649272,50697.1774778558
2126,3.3620986092638203,144.10014719913195,50667.03964116406
2127,3.3614977497242626,144.01940919633898,50636.90892325617
2128,3.3608970076071505,143.93871628023152,50606.78534273774
2129,3.360296382872251,143.85806842295938,50576.668918166266
2130,3.35969587547936,143.77746559668233,50546.559668051304
2131,3.359095485388298,143.69690777359426,50516.45761085443
2132,3.3584952125589136,143.6163949258953,50486.36276498945
2133,3.3578950569510817,143.53592702581437,50456.275148822344
2134,3.3572950185247046,143.45550404560404,50426.19478067152
2135,3.356695097239711,143.37512595753097,50396.12167880778
2136,3.3560952930560566,143.29479273388978,50366.05586145434
2137,3.355495605933723,143.21450434699025,50335.99734678718
2138,3.35489603583272,143.13426076916588,50305.94615293473
2139,3.354296582713083,143.05406197276682,50275.90229797833
2140,3.3536972465348738,142.97390793017308,50245.865799952095
2141,3.3530980272581825,142.89379861377665,50215.83667684307
2142,3.352498924843124,142.8137339959919,50185.81494659126
2143,3.3518999392498414,142.73371404925933,50155.800627089746
2144,3.3513010704385033,142.65373874603443,50125.79373618487
2145,3.350702318369305,142.57380805879555,50095.79429167611
2146,3.3501036830024695,142.49392196003978,50065.80231131628
2147,3.3495051642982454,142.41408042229,50035.81781281168
2148,3.3489067622169078,142.3342834180833,50005.840813822026
2149,3.3483084767187585,142.2545309199839,49975.87133196064
2150,3.347710307764126,142.1748229005739,49945.90938479445
2151,3.347112255313365,142.09515933244822,49915.954989844126
2152,3.346514319326858,142.0155401882374,49886.0081645842
2153,3.3459164997650115,141.93596544057877,49856.068926443084
2154,3.3453187965882605,141.856435062142,49826.13729280308
2155,3.3447212097570653,141.77694902560546,49796.21328100064
2156,3.344123739231913,141.69750730368196,49766.296908326345
2157,3.343526384973318,141.61810986908748,49736.388192024926
2158,3.3429291469418194,141.5387566945751,49706.4871492955
2159,3.342332025097984,141.45944775290792,49676.59379729144
2160,3.341735019402404,141.38018301687148,49646.70815312071
2161,3.3411381298156986,141.30096245927643,49616.83023384576
2162,3.340541356298513,141.22178605294985,49586.9600564836
2163,3.3399446988115185,141.1426537707372,49557.09763800599
2164,3.3393481573154133,141.06356558550587,49527.24299533948
2165,3.3387517317709214,140.9845214701487,49497.39614536544
2166,3.3381554221387932,140.9055213975708,49467.55710492019
2167,3.3375592283798055,140.826565340705,49437.725890795016
2168,3.3369631504547606,140.7476532725015,49407.90251973636
2169,3.3363671883244876,140.66878516592308,49378.087008445815
2170,3.3357713419498416,140.5899609939676,49348.279373580204
2171,3.335175611291704,140.51118072963934,49318.47963175164
2172,3.334579996310982,140.4324443459749,49288.68779952772
2173,3.333984496968609,140.35375181601887,49258.90389343147
2174,3.333389113225545,140.27510311284843,49229.12792994151
2175,3.332793845042775,140.19649820955024,49199.359925492055
2176,3.3321986923813114,140.11793707923815,49169.59989647312
2177,3.331603655202192,140.03941969504163,49139.847859230416
2178,3.33100873346648,139.96094603011082,49110.103830065644
2179,3.330413927135266,139.88251605762096,49080.36782523635
2180,3.3298192361696657,139.80412975075996,49050.63986095615
2181,3.3292246605308207,139.7257870827451,49020.9199533948
2182,3.328630200179899,139.64748802680046,48991.20811867818
2183,3.328035855078094,139.5692325561837,48961.50437288844
2184,3.3274416251866255,139.49102064416238,48931.8087320641
2185,3.326847510466739,139.41285226403218,48902.12121220009
2186,3.3262535108797064,139.3347273891032,48872.44182924781
2187,3.3256596263868246,139.25664599270542,48842.77059911521
2188,3.3250658569494167,139.17860804819261,48813.107537666954
2189,3.324472202528832,139.1006135289321,48783.452660724346
2190,3.3238786630864454,139.0226624083209,48753.805984065555
2191,3.3232852385836575,138.9447546597643,48724.167523425516
2192,3.322691928981895,138.86689025669938,48694.53729449628
2193,3.3220987342426094,138.78906917257504,48664.915312926794
2194,3.3215056543272796,138.71129138085715,48635.30159432314
2195,3.320912689197409,138.63355685504155,48605.6961542486
2196,3.3203198388145263,138.55586556863474,48576.099008223675
2197,3.3197271031401874,138.47821749517053,48546.51017172622
2198,3.319134482135973,138.40061260819482,48516.92966019148
2199,3.3185419757634897,138.32305088128052,48487.357489012196
2200,3.31794958398437,138.24553228801489,48457.793673538654
2201,3.3173573067602704,138.16805680200713,48428.238229078735
2202,3.3167651440528756,138.09062439688734,48398.69117089809
2203,3.316173095823894,138.01323504629772,48369.152514220084
2204,3.315581162035061,137.9358887239129,48339.622274226
2205,3.3149893426481354,137.85858540341442,48310.10046605501
2206,3.314397637624904,137.78132505851704,48280.58710480426
2207,3.3138060469271777,137.70410766293836,48251.08220552901
2208,3.3132145705167932,137.62693319043046,48221.58578324268
2209,3.3126232083556126,137.54980161475535,48192.09785291688
2210,3.312031960405524,137.47271290970195,48162.618429481576
2211,3.3114408266284405,137.3956670490735,48133.14752782504
2212,3.310849806986301,137.31866400669253,48103.68516279398
2213,3.3102589014410695,137.24170375640497,48074.23134919373
2214,3.309668109954735,137.1647862720699,48044.78610178806
2215,3.309077432489313,137.08791152757553,48015.349435299526
2216,3.3084868690068436,137.01107949681813,47985.92136440935
2217,3.3078964194693925,136.93429015372465,47956.50190375762
2218,3.307306083839051,136.85754347223195,47927.091067943256
2219,3.306715862077935,136.7808394263024,47897.68887152418
2220,3.3061257541481863,136.70417798991372,47868.2953290173
2221,3.305535760011972,136.62755913706337,47838.91045489868
2222,3.304945879631484,136.55098284177322,47809.53426360355
2223,3.3043561129689403,136.47444907807665,47780.166769526346
2224,3.303766459986583,136.3979578200359,47750.807987020846
2225,3.303176920646681,136.32150904171982,47721.45793040029
2226,3.3025874949115264,136.24510271722895,47692.11661393727
2227,3.3019981827434384,136.16873882067384,47662.784051864
2228,3.3014089841047607,136.092417326192,47633.46025837224
2229,3.3008198989578617,136.01613820793463,47604.145247613495
2230,3.3002309272651353,135.93990144007037,47574.839033699
2231,3.2996420689890007,135.8637069967977,47545.5416306998
2232,3.299053324091902,135.7875548523179,47516.25305264684
2233,3.2984646925363084,135.71144498086747,47486.97331353106
2234,3.2978761742847142,135.63537735668945,47457.70242730339
2235,3.297287769299639,135.55935195405684,47428.44040787494
2236,3.2966994775436267,135.4833687472507,47399.18726911694
2237,3.2961112989792474,135.4074277105841,47369.943024860884
2238,3.295523233569095,135.33152881837486,47340.7076888986
2239,3.2949352812757895,135.25567204496713,47311.4812749823
2240,3.294347442061975,135.17985736472724,47282.26379682466
2241,3.2937597158903213,135.10408475203326,47253.055268098906
2242,3.293172102723523,135.02835418128944,47223.855702438865
2243,3.2925846025242986,134.9526656269148,47194.66511343901
2244,3.291997215255393,134.8770190633454,47165.48351465454
2245,3.291409940879575,134.8014144650381,47136.31091960154
2246,3.290822779359639,134.72585180647292,47107.14734175699
2247,3.2902357306584036,134.6503310621437,47077.992794558726
2248,3.2896487947387127,134.57485220656122,47048.84729140564
2249,3.289061971563435,134.49941521426567,47019.7108456578
2250,3.2884752610954635,134.42402005979977,46990.58347063634
2251,3.2878886632977165,134.34866671774148,46961.46517962366
2252,3.287302178133137,134.2733551626745,46932.35598586345
2253,3.2867158055646932,134.19808536921238,46903.25590256082
2254,3.286129545555377,134.1228573119768,46874.16494288226
2255,3.2855433980682065,134.04767096561847,46845.0831199558
2256,3.2849573630662228,133.9725263048006,46816.010446871005
2257,3.284371440512493,133.89742330420123,46786.94693667917
2258,3.283785630370108,133.8223619385276,46757.8926023932
2259,3.2831999326021846,133.74734218249623,46728.84745698789
2260,3.282614347171863,133.6723640108502,46699.811513399814
2261,3.2820288740423083,133.59742739834326,46670.78478452747
2262,3.281443513176711,133.5225323197573,46641.76728323134
2263,3.280858264538285,133.44767874988008,46612.75902233403
2264,3.28027312809027,133.37286666353063,46583.760014620144
2265,3.27968810379593,133.2980960355396,46554.7702728366
2266,3.2791031916185522,133.22336684075432,46525.7898096925
2267,3.2785183915214504,133.14867905404964,46496.818637859265
2268,3.2779337034679616,133.07403265030936,46467.85676997079
2269,3.277349127421448,132.99942760444202,46438.90421862338
2270,3.2767646633452956,132.92486389136823,46409.96099637587
2271,3.276180311202915,132.85034148603705,46381.02711574967
2272,3.275596070957742,132.77586036340662,46352.10258922888
2273,3.2750119425732365,132.70142049845572,46323.18742926037
2274,3.274427926012882,132.62702186618816,46294.281648253724
2275,3.2738440212401874,132.55266444161398,46265.38525858145
2276,3.273260228218686,132.47834819977356,46236.49827257893
2277,3.272676546911934,132.40407311571715,46207.62070254461
2278,3.272092977283515,132.32983916452073,46178.75256073998
2279,3.2715095192970334,132.25564632126967,46149.893859389624
2280,3.2709261729161203,132.18149456107983,46121.044610681325
2281,3.2703429381044304,132.10738385907175,46092.204826766174
2282,3.2697598148256426,132.03331419039077,46063.37451975859
2283,3.2691768030434605,131.95928553020568,46034.55370173633
2284,3.2685939027216113,131.88529785369172,46005.742384740624
2285,3.2680111138238472,131.81135113605407,45976.940580776296
2286,3.267428436313944,131.73744535250742,45948.148301811685
2287,3.2668458701557017,131.66358047829343,45919.36555977882
2288,3.2662634153129457,131.58975648865984,45890.59236657345
2289,3.265681071749524,131.51597335888465,45861.82873405508
2290,3.2650988394293097,131.44223106425775,45833.07467404713
2291,3.2645167183161994,131.36852958008487,45804.33019833686
2292,3.263934708374115,131.2948688816989,45775.59531867556
2293,3.263352809567001,131.22124894444133,45746.87004677859
2294,3.262771021858827,131.1476697436778,45718.154394325364
2295,3.262189345213587,131.07413125478598,45689.44837295951
2296,3.2616077795952982,131.0006334531709,45660.75199428888
2297,3.2610263249680025,130.92717631424486,45632.06526988565
2298,3.260444981295765,130.8537598134489,45603.38821128639
2299,3.259863748542676,130.78038392623523,45574.72082999204
2300,3.259282626672849,130.70704862807085,45546.06313746807
2301,3.2587016156504216,130.63375389445068,45517.41514514456
2302,3.2581207154395555,130.5604997008787,45488.77686441614
2303,3.2575399260044366,130.48728602288406,45460.14830664218
2304,3.256959247309274,130.41411283600667,45431.52948314681
2305,3.256378679318302,130.3409801158133,45402.92040521895
2306,3.2557982219957773,130.26788783787595,45374.321084112446
2307,3.255217875305982,130.19483597779757,45345.731531046
2308,3.2546376392132212,130.12182451119156,45317.15175720341
2309,3.2540575136818237,130.0488534136877,45288.58177373347
2310,3.2534774986761428,129.97592266094225,45260.02159175019
2311,3.2528975941605554,129.90303222861823,45231.471222332744
2312,3.252317800099462,129.83018209240902,45202.930676525524
2313,3.2517381164572874,129.75737222801018,45174.39996533829
2314,3.2511585431984797,129.68460261115047,45145.87909974625
2315,3.250579080287511,129.6118732175643,45117.368090689924
2316,3.249999727688877,129.53918402301443,45088.86694907545
2317,3.2494204853670974,129.4665350032727,45060.375685774496
2318,3.248841353286715,129.39392613413256,45031.89431162442
2319,3.2482623314122976,129.3213573914045,45003.422837428196
2320,3.2476834197084354,129.2488287509148,44974.96127395464
2321,3.247104618139743,129.17634018851302,44946.509631938345
2322,3.246525926670859,129.10389168005898,44918.06792207982
2323,3.245947345266444,129.0314832014374,44889.63615504549
2324,3.2453688738911843,128.9591147285463,44861.214341467814
2325,3.244790512509789,128.88678623729973,44832.80249194527
2326,3.24421226108699,128.81449770363315,44804.40061704261
2327,3.2436341195875436,128.742249103495,44776.00872729056
2328,3.24305608797623,128.67004041285938,44747.62683318629
2329,3.2424781662178526,128.59787160770782,44719.25494519325
2330,3.241900354277238,128.5257426640512,44690.89307374118
2331,3.2413226521192366,128.4536535579024,44662.541229226365
2332,3.240745059708723,128.38160426530726,44634.19942201154
2333,3.2401675770105935,128.3095947623172,44605.86766242594
2334,3.23959020398977,128.23762502501157,44577.54596076562
2335,3.2390129406111967,128.16569502947854,44549.23432729311
2336,3.2384357868398412,128.09380475182712,44520.932772237786
2337,3.237858742640695,128.02195416818398,44492.64130579579
2338,3.2372818079787726,127.95014325469064,44464.359938130176
2339,3.2367049828191123,127.87837198751183,44436.08867937087
2340,3.2361282671267757,127.80664034282219,44407.82753961481
2341,3.2355516608668475,127.73494829682092,44379.57652892598
2342,3.234975164004436,127.6632958257177,44351.33565733548
2343,3.2343987765046736,127.59168290574794,44323.10493484156
2344,3.233822498332714,127.52010951315457,44294.88437140971
2345,3.233246329453736,127.44857562420121,44266.67397697266
2346,3.2326702698329415,127.37708121517502,44238.47376143055
2347,3.232094319435555,127.30562626237091,44210.28373465089
2348,3.2315184782268243,127.23421074210937,44182.10390646866
2349,3.2309427461720213,127.16283463072247,44153.93428668638
2350,3.2303671232364404,127.09149790456132,44125.774885074105
2351,3.2297916093853996,127.02020053999466,44097.62571136957
2352,3.22921620458424,126.94894251340499,44069.486775278245
2353,3.2286409087983254,126.87772380120002,44041.35808647329
2354,3.228065721993044,126.80654437979423,44013.239654595716
2355,3.227490644133806,126.73540422563148,43985.13148925441
2356,3.226915675186045,126.66430331515716,43957.0336000262
2357,3.2263408151152175,126.59324162484918,43928.9459964559
2358,3.2257660638868044,126.52221913119054,43900.868688056406
2359,3.225191421466308,126.4512358106917,43872.801684308695
2360,3.2246168878192556,126.38029163987201,43844.74499466192
2361,3.2240424629111955,126.309386595271,43816.69862853344
2362,3.2234681467077,126.23852065344524,43788.662595308975
2363,3.2228939391743654,126.16769379096614,43760.63690434252
2364,3.222319840276809,126.09690598442887,43732.6215649565
2365,3.221745849980673,126.02615721043487,43704.6165864418
2366,3.221171968251621,125.95544744561296,43676.62197805782
2367,3.2205981950553415,125.88477666660094,43648.637749032525
2368,3.220024530357544,125.81414485006205,43620.66390856255
2369,3.2194509741239625,125.74355197266684,43592.70046581319
2370,3.2188775263203526,125.67299801110579,43564.74742991853
2371,3.2183041869124938,125.60248294209309,43536.80480998144
2372,3.2177309558661884,125.53200674234913,43508.87261507364
2373,3.2171578331472612,125.46156938862173,43480.95085423575
2374,3.21658481872156,125.39117085766674,43453.03953647749
2375,3.2160119125549556,125.32081112626229,43425.138670777436
2376,3.2154391146133414,125.2504901711979,43397.24826608342
2377,3.214866424862634,125.18020796928847,43369.36833131232
2378,3.214293843268773,125.10996449735784,43341.498875350284
2379,3.21372136979772,125.03975973224786,43313.63990705268
2380,3.21314900441546,124.969593650824,43285.79143524424
2381,3.2125767470880007,124.89946622995623,43257.95346871895
2382,3.2120045977813723,124.82937744654335,43230.12601624046
2383,3.211432556461628,124.75932727749202,43202.30908654169
2384,3.210860623094844,124.68931569973293,43174.502688325236
2385,3.210288797647118,124.61934269020584,43146.706830263196
2386,3.209717080084572,124.5494082258767,43118.92152099743
2387,3.2091454703733495,124.47951228371767,43091.14676913943
2388,3.2085739684796177,124.409654840721,43063.38258327051
2389,3.2080025743695653,124.33983587390192,43035.62897194177
2390,3.2074312880094045,124.27005536028227,43007.88594367421
2391,3.20686010936537,124.2003132769105,42980.153506958806
2392,3.2062890384037184,124.1306096008432,42952.43167025645
2393,3.20571807509073,124.06094430915867,42924.72044199812
2394,3.2051472193927073,123.99131737894636,42897.0198305849
2395,3.2045764712759746,123.9217287873212,42869.329844388056
2396,3.2040058307068797,123.85217851140634,42841.65049174899
2397,3.203435297651793,123.78266652834286,42813.98178097943
2398,3.202864872077106,123.71319281529357,42786.32372036148
2399,3.2022945539492347,123.64375734943206,42758.67631814748
2400,3.2017243432346163,123.57436010795062,42731.03958256033
2401,3.2011542398997106,123.50500106805568,42703.41352179332
2402,3.2005842439110004,123.43568020697596,42675.79814401038
2403,3.2000143552349907,123.36639750194882,42648.19345734596
2404,3.1994445738382087,123.29715293023703,42620.59946990521
2405,3.1988748996872043,123.22794646911234,42593.016189763905
2406,3.1983053327485496,123.15877809586021,42565.443624968684
2407,3.197735872988839,123.08964778779422,42537.88178353696
2408,3.1971665203746897,123.0205555222324,42510.33067345699
2409,3.196597274872741,122.9515012765192,42482.79030268796
2410,3.1960281364496548,122.88248502800538,42455.26067916006
2411,3.1954591050721146,122.81350675406958,42427.74181077452
2412,3.1948901807068273,122.74456643209196,42400.233705403596
2413,3.194321363320521,122.67566403948365,42372.73637089073
2414,3.1937526528799474,122.60679955366284,42345.24981505055
2415,3.193184049351879,122.53797295206506,42317.77404566888
2416,3.1926155527031113,122.46918421214751,42290.309070502924
2417,3.1920471629004625,122.40043331137676,42262.85489728118
2418,3.1914788799107723,122.3317202272403,42235.411533703584
2419,3.1909107037009026,122.26304493723656,42207.97898744149
2420,3.190342634237738,122.19440741888864,42180.5572661378
2421,3.1897746714881854,122.12580764972554,42153.14637740695
2422,3.189206815419173,122.05724560730299,42125.74632883503
2423,3.188639065997652,121.98872126918442,42098.35712797978
2424,3.1880714231905953,121.92023461295253,42070.97878237066
2425,3.1875038869649983,121.85178561620634,42043.61129950886
2426,3.1869364572878784,121.78337425655864,42016.25468686756
2427,3.1863691341262745,121.71500051164395,41988.90895189163
2428,3.1858019174472485,121.64666435910549,41961.574101997954
2429,3.185234807217884,121.5783657766096,41934.25014457541
2430,3.1846678034052864,121.5101047418354,41906.93708698492
2431,3.1841009059765835,121.44188123247191,41879.634936559465
2432,3.183534114898925,121.37369522623659,41852.34370060418
2433,3.1829674301394824,121.30554670085131,41825.06338639638
2434,3.1824008516654496,121.23743563406394,41797.79400118565
2435,3.1818343794440422,121.16936200362832,41770.53555219385
2436,3.1812680134424984,121.10132578732583,41743.288046615206
2437,3.1807017536280773,121.03332696293883,41716.05149161633
2438,3.1801355999680605,120.96536550828056,41688.825894336296
2439,3.1795695524297516,120.89744140117081,41661.61126188668
2440,3.1790036109804762,120.82955461944637,41634.40760135162
2441,3.178437775587582,120.76170514096503,41607.21491978781
2442,3.1778720462184373,120.69389294359503,41580.03322422473
2443,3.177306422840434,120.62611800522251,41552.86252166443
2444,3.176740905420985,120.55838030374734,41525.70281908179
2445,3.176175493927525,120.49067981709186,41498.554123424474
2446,3.1756101883275103,120.42301652318345,41471.41644161303
2447,3.1750449885884198,120.35539039997595,41444.28978054092
2448,3.1744798946777535,120.2878014254346,41417.17414707457
2449,3.1739149065630334,120.22024957753389,41390.06954805337
2450,3.173350024211804,120.15273483427686,41362.975990289815
2451,3.17278524759163,120.0852571736707,41335.89348056957
2452,3.1722205766700995,120.01781657374818,41308.822025651374
2453,3.171656011414821,119.95041301254791,41281.761632267226
2454,3.1710915517934257,119.88304646813403,41254.71230712241
2455,3.170527197773566,119.81571691857827,41227.674056895485
2456,3.169962949322916,119.74842434197274,41200.64688823843
2457,3.1693988064091716,119.68116871642255,41173.630807776586
2458,3.1688347690000507,119.61395002004816,41146.62582210879
2459,3.168270837063292,119.54676823099052,41119.63193780739
2460,3.167707010566657,119.47962332739915,41092.64916141833
2461,3.1671432894779272,119.41251528744789,41065.677499461104
2462,3.1665796737649075,119.34544408931413,41038.716958428944
2463,3.166016163395423,119.27840971120288,41011.767544788774
2464,3.165452758337321,119.21141213132599,40984.82926498122
2465,3.1648894585584704,119.1444513279177,40957.90212542088
2466,3.1643262640267613,119.07752727922322,40930.98613249604
2467,3.163763174710106,119.01063996350315,40904.08129256898
2468,3.1632001905764375,118.94378935903663,40877.187611975976
2469,3.162637311593711,118.87697544411319,40850.30509702729
2470,3.162074537729903,118.81019819704602,40823.43375400718
2471,3.161511868953011,118.74345759615423,40796.57358917412
2472,3.1609493052310547,118.67675361978168,40769.72460876069
2473,3.1603868465320746,118.61008624628006,40742.88681897367
2474,3.1598244928241335,118.54345545402077,40716.06022599409
2475,3.1592622440753146,118.47686122138842,40689.24483597735
2476,3.158700100253723,118.4103035267824,40662.440655053135
2477,3.1581380613274854,118.34378234862234,40635.64768932556
2478,3.1575761272647496,118.27729766533636,40608.865944873185
2479,3.1570142980336846,118.21084945537498,40582.09542774909
2480,3.1564525736024813,118.1444376971985,40555.336143980865
2481,3.1558909539393514,118.07806236928481,40528.58809957074
2482,3.155329439012528,118.01172345012498,40501.85130049554
2483,3.1547680287902664,117.94542091823054,40475.12575270681
2484,3.154206723240842,117.87915475212365,40448.411462130854
2485,3.1536455223325524,117.81292493034185,40421.70843466872
2486,3.153084426033715,117.74673143144202,40395.01667619635
2487,3.1525234343126707,117.68057423398804,40368.33619256449
2488,3.1519625471377797,117.61445331656938,40341.66698959889
2489,3.1514017644774244,117.54836865778209,40315.009073100235
2490,3.1508410863000083,117.48232023624462,40288.36244884422
2491,3.1502805125739557,117.41630803058344,40261.7271225817
2492,3.149720043267713,117.35033201944883,40235.10310003856
2493,3.1491596783497466,117.28439218149666,40208.49038691589
2494,3.148599417788545,117.2184884954012,40181.88898888997
2495,3.148039261552617,117.15262093985787,40155.298911612386
2496,3.147479209610494,117.08678949356766,40128.72016071003
2497,3.146919261930727,117.02099413525619,40102.152741785074
2498,3.146359418481888,116.95523484365626,40075.59666041517
2499,3.1457996792325718,116.88951159752038,40049.051922153405
2500,3.1452400441513926,116.82382437561148,40022.51853252838
2501,3.144680513206987,116.7581731567156,39995.99649704418
2502,3.144121086368011,116.69255791962615,39969.48582118051
2503,3.1435617636031434,116.6269786431528,39942.986510392744
2504,3.143002544881083,116.56143530612698,39916.49857011192
2505,3.1424434301705495,116.49592788738322,39890.02200574478
2506,3.1418844194402844,116.43045636578256,39863.55682267383
2507,3.1413255126590496,116.36502072019309,39837.10302625749
2508,3.140766709795628,116.29962092950416,39810.66062182995
2509,3.140208010818824,116.23425697261533,39784.22961470133
2510,3.1396494156974617,116.16892882844009,39757.81001015776
2511,3.1390909244003877,116.10363647591578,39731.401813461336
2512,3.1385325368964683,116.03837989398019,39705.00502985022
2513,3.1379742531545913,115.97315906160038,39678.619664538644
2514,3.1374160731436658,115.9079739577472,39652.245722717016
2515,3.1368579968326205,115.84282456141601,39625.88320955194
2516,3.136300024190406,115.77771085160717,39599.53213018623
2517,3.1357421551859934,115.71263280734738,39573.19248973897
2518,3.135184389788375,115.6475904076656,39546.86429330562
2519,3.1346267279665634,115.58258363161201,39520.54754595796
2520,3.1340691696895924,115.51761245825466,39494.24225274422
2521,3.133511714926516,115.45267686666963,39467.94841868906
2522,3.13295436364641,115.38777683595413,39441.66604879365
2523,3.13239711581837,115.32291234521567,39415.39514803577
2524,3.131839971411513,115.25808337357817,39389.13572136973
2525,3.131282930394976,115.19328990017806,39362.88777372651
2526,3.1307259927379176,115.12853190417313,39336.651310013745
2527,3.130169158409517,115.06380936472766,39310.42633511588
2528,3.1296124273789734,114.99912226102275,39284.21285389405
2529,3.1290557996155073,114.9344705722619,39258.01087118624
2530,3.12849927508836,114.86985427764914,39231.8203918073
2531,3.127942853766793,114.8052733564174,39205.64142054902
2532,3.1273865356200883,114.74072778780328,39179.47396218008
2533,3.1268303206175494,114.67621755106735,39153.318021446226
2534,3.1262742087284994,114.61174262547543,39127.173603070216
2535,3.1257181999222827,114.54730299031888,39101.0407117519
2536,3.1251622941682644,114.48289862489159,39074.919352168225
2537,3.12460649143583,114.4185295085082,39048.80952897338
2538,3.1240507916943847,114.35419562050096,39022.711246798695
2539,3.1234951949133554,114.28989694020976,38996.62451025284
2540,3.1229397010621893,114.22563344699613,38970.54932392173
2541,3.122384310110354,114.16140512022915,38944.48569236866
2542,3.1218290220273377,114.09721193930092,38918.4336201343
2543,3.121273836782649,114.03305388360626,38892.39311173679
2544,3.1207187543458166,113.9689309325665,38866.36417167174
2545,3.1201637746863904,113.90484306561044,38840.34680441225
2546,3.1196088977739405,113.84079026218069,38814.341014409
2547,3.1190541235780573,113.77677250174133,38788.34680609035
2548,3.118499452068352,113.71278976376318,38762.36418386223
2549,3.117944883214456,113.64884202773604,38736.393152108314
2550,3.1173904169860207,113.58492927315955,38710.433715189996
2551,3.1168360533527184,113.52105147955575,38684.48587744649
2552,3.116281792284242,113.45720862645169,38658.54964319479
2553,3.1157276337503044,113.39340069339715,38632.62501672978
2554,3.1151735777206384,113.32962765995252,38606.71200232425
2555,3.114619624164998,113.26588950568684,38580.810604229
2556,3.1140657730531576,113.20218621019525,38554.92082667275
2557,3.1135120243549106,113.13851775307651,38529.0426738623
2558,3.1129583780400725,113.07488411395296,38503.17614998253
2559,3.1124048340784776,113.01128527245187,38477.32125919647
2560,3.1118513924399815,112.94772120822586,38451.47800564528
2561,3.1112980530944596,112.88419190092775,38425.64639344833
2562,3.110744816011808,112.8206973302385,38399.826426703294
2563,3.110191681161942,112.75723747584445,38374.018109486075
2564,3.1096386485147978,112.69381231744782,38348.221445851006
2565,3.1090857180403324,112.63042183476945,38322.436439830715
2566,3.108532889708522,112.56706600753881,38296.66309543626
2567,3.1079801634893633,112.50374481550494,38270.90141665722
2568,3.107427539352874,112.4404582384223,38245.15140746164
2569,3.10687501726909,112.37720625607045,38219.41307179613
2570,3.10632259720807,112.31398884823442,38193.68641358585
2571,3.105770279139891,112.25080599472041,38167.97143673463
2572,3.10521806303465,112.18765767534398,38142.268145124995
2573,3.1046659488624657,112.1245438699351,38116.576542618124
2574,3.104113936593475,112.06146455834019,38090.896633054
2575,3.103562026197836,111.99841972041558,38065.22842025138
2576,3.103010217645727,111.9354093360393,38039.57190800787
2577,3.1024585109073457,111.872433385094,38013.92710009998
2578,3.10190690595291,111.80949184748593,37988.29400028309
2579,3.101355402752658,111.74658470312967,37962.67261229158
2580,3.1008040012768485,111.68371193195011,37937.06293983883
2581,3.100252701495759,111.62087351389604,37911.46498661728
2582,3.0997015033796878,111.55806942892174,37885.8787562984
2583,3.099150406898953,111.49529965700226,37860.30425253282
2584,3.098599412023893,111.43256417811986,37834.74147895036
2585,3.098048518724865,111.36986297227925,37809.19043916005
2586,3.097497726972248,111.30719601948756,37783.65113675009
2587,3.0969470367364393,111.24456329977735,37758.123575288046
2588,3.096396447987857,111.18196479318881,37732.60775832082
2589,3.0958459606969386,111.11940047977497,37707.10368937465
2590,3.095295574834142,111.05687033960974,37681.61137195517
2591,3.094745290369945,110.99437435277365,37656.13080954752
2592,3.0941951072748446,110.93191249936517,37630.6620056163
2593,3.0936450255193577,110.86948475949266,37605.20496360565
2594,3.0930950450740218,110.80709111328568,37579.759686939266
2595,3.092545165909394,110.74473154087853,37554.326179020485
2596,3.091995387996051,110.68240602242871,37528.9044432323
2597,3.0914457113045892,110.6201145381001,37503.49448293735
2598,3.090896135805625,110.55785706807332,37478.09630147809
2599,3.0903466614697943,110.49563359254299,37452.709902176604
2600,3.089797288267753,110.43344409171534,37427.335288334965
2601,3.089248016170177,110.3712885458157,37401.972463234975
2602,3.088698845147762,110.30916693507625,37376.62143013839
2603,3.0881497751712224,110.24707923974981,37351.282192286846
2604,3.0876008062112934,110.1850254400979,37325.95475290202
2605,3.0870519382387296,110.12300551639753,37300.63911518554
2606,3.0865031712243054,110.06101944894073,37275.33528231912
2607,3.0859545051388144,109.99906721802718,37250.04325746454
2608,3.08540593995307,109.93714880398075,37224.763043763705
2609,3.0848574756379064,109.87526418712855,37199.49464433875
2610,3.0843091121641755,109.8134133478223,37174.23806229194
2611,3.0837608495027498,109.75159626641353,37148.993300705806
2612,3.083212687624522,109.68981292328117,37123.7603626432
2613,3.0826646265004034,109.6280632988072,37098.539251147275
2614,3.0821166661013253,109.56634737339634,37073.32996924154
2615,3.0815688063982387,109.50466512745986,37048.132519929895
2616,3.081021047362114,109.4430165414253,37022.94690619675
2617,3.0804733889639415,109.38140159573389,36997.773131006914
2618,3.0799258311747306,109.31982027083855,36972.61119730577
2619,3.0793783739655103,109.25827254721078,36947.461108019204
2620,3.078831017307329,109.19675840532898,36922.32286605378
2621,3.0782837611712552,109.1352778256922,36897.196474296616
2622,3.0777366055283766,109.07383078880503,36872.08193561553
2623,3.0771895503497997,109.01241727519599,36846.979252859055
2624,3.076642595606651,108.95103726539536,36821.888428856495
2625,3.0760957412700773,108.8896907399528,36796.80946641792
2626,3.0755489873112434,108.82837767943468,36771.742368334235
2627,3.075002333701334,108.767098064414,36746.68713737715
2628,3.074455780411554,108.70585187548411,36721.64377629941
2629,3.0739093274131264,108.64463909324661,36696.61228783454
2630,3.073362974677295,108.58345969831868,36671.59267469718
2631,3.0728167221753213,108.52231367132862,36646.58493958288
2632,3.072270569878488,108.46120099292371,36621.58908516833
2633,3.0717245177580956,108.40012164375962,36596.605114111226
2634,3.0711785657854653,108.33907560450447,36571.6330290505
2635,3.0706327139319365,108.27806285584828,36546.67283260613
2636,3.070086962168868,108.21708337848072,36521.7245273794
2637,3.069541310467639,108.15613715311873,36496.78811595278
2638,3.0689957587996464,108.09522416048179,36471.863600890036
2639,3.068450307136308,108.03434438131178,36446.95098473626
2640,3.06790495544906,107.97349779635518,36422.05027001787
2641,3.0673597037093576,107.91268438638201,36397.1614592427
2642,3.066814551888676,107.85190413216414,36372.28455490002
2643,3.066269499958509,107.79115701449241,36347.41955946051
2644,3.0657245478903694,107.73044301417431,36322.566475376436
2645,3.0651796956557904,107.66976211202379,36297.72530508155
2646,3.064634943226323,107.60911428887471,36272.89605099119
2647,3.0640902905735388,107.54849952557025,36248.07871550232
2648,3.0635457376690267,107.48791780296582,36223.27330099353
2649,3.063001284484397,107.42736910193084,36198.47980982512
2650,3.062456930991277,107.36685340335218,36173.69824433914
2651,3.0619126771613145,107.30637068812528,36148.928606859314
2652,3.0613685229661765,107.24592093715778,36124.17089969126
2653,3.060824468377548,107.18550413137717,36099.425125122376
2654,3.0602805133671342,107.12512025171705,36074.69128542194
2655,3.0597366579066585,107.06476927912804,36049.969382841125
2656,3.059192901967864,107.00445119457034,36025.259419613096
2657,3.0586492455225125,106.9441659790239,36000.56139795294
2658,3.0581056885423856,106.88391361347541,35975.875320057756
2659,3.0575622309992827,106.82369407892541,35951.20118810673
2660,3.057018872865023,106.76350735639426,35926.53900426117
2661,3.056475614111445,106.70335342690359,35901.88877066443
2662,3.055932454710405,106.6432322714999,35877.250489442034
2663,3.05538939463378,106.58314387123421,35852.62416270175
2664,3.054846433853464,106.5230882071775,35828.00979253356
2665,3.054303572341372,106.46306526040709,35803.40738100971
2666,3.0537608100694364,106.40307501202155,35778.81693018474
2667,3.053218147009609,106.34311744312292,35754.23844209551
2668,3.0526755831338606,106.28319253483025,35729.67191876134
2669,3.052133118414181,106.22330026828048,35705.117362183875
2670,3.051590752822579,106.16344062461518,35680.574774347224
2671,3.051048486331082,106.10361358499723,35656.044157218
2672,3.050506318911736,106.04381913059572,35631.52551274532
2673,3.0499642505366067,105.9840572425965,35607.01884286087
2674,3.0494222811777782,105.92432790219453,35582.524149478886
2675,3.0488804108073535,105.86463109060468,35558.04143449628
2676,3.048338639397454,105.80496678904802,35533.57069979255
2677,3.0477969669202203,105.74533497875954,35509.11194722999
2678,3.0472553933478124,105.68573564099215,35484.66517865351
2679,3.046713918652408,105.62616875700611,35460.23039589085
2680,3.046172542806204,105.56663430807701,35435.807600752545
2681,3.045631265781416,105.50713227549102,35411.39679503194
2682,3.0450900875502795,105.44766264055238,35386.997980505264
2683,3.044549008085047,105.3882253845715,35362.61115893165
2684,3.04400802735799,105.32882048887845,35338.23633205316
2685,3.0434671453414,105.26944793481272,35313.873501594804
2686,3.0429263620075857,105.21010770372109,35289.522669264676
2687,3.0423856773288755,105.15079977697457,35265.18383675379
2688,3.0418450912776165,105.09152413594767,35240.85700573641
2689,3.0413046038261737,105.03228076203341,35216.54217786972
2690,3.0407642149469316,104.97306963663237,35192.23935479418
2691,3.0402239246122926,104.91389074116574,35167.94853813338
2692,3.0396837327946784,104.85474405705621,35143.66972949412
2693,3.039143639466529,104.79562956575023,35119.40293046647
2694,3.038603644600303,104.73654724870111,35095.148142623795
2695,3.0380637481684776,104.67749708737357,35070.905367522726
2696,3.0375239501435485,104.61847906325175,35046.67460670328
2697,3.0369842504980302,104.55949315782573,35022.45586168888
2698,3.036444649204456,104.50053935260196,34998.24913398631
2699,3.035905146235377,104.44161762909577,34974.05442508585
2700,3.0353657415633637,104.38272796884206,34949.87173646125
2701,3.0348264351610044,104.32387035338002,34925.70106956978
2702,3.034287227000906,104.26504476426977,34901.54242585229
2703,3.0337481170556946,104.20625118307937,34877.39580673317
2704,3.033209105298014,104.14748959138535,34853.26121362048
2705,3.0326701917005274,104.08875997078665,34829.13864790589
2706,3.0321313762359154,104.03006230288646,34805.02811096482
2707,3.0315926588768773,103.9713965693071,34780.92960415636
2708,3.0310540395961314,103.912762751677,34756.84312882332
2709,3.030515518366414,103.85416083164378,34732.76868629242
2710,3.0299770951604805,103.79559079086255,34708.706277874095
2711,3.0294387699511036,103.73705261100287,34684.65590486267
2712,3.028900542711075,103.67854627374675,34660.61756853635
2713,3.0283624134132046,103.62007176078635,34636.5912701573
2714,3.0278243820303214,103.56162905383299,34612.57701097161
2715,3.0272864485352717,103.50321813460197,34588.574792209336
2716,3.026748612900921,103.44483898483085,34564.58461508458
2717,3.0262108751001526,103.38649158625716,34540.606480795504
2718,3.0256732351058684,103.32817592064326,34516.64039052436
2719,3.0251356928909887,103.26989196975472,34492.686345437476
2720,3.0245982484284517,103.21163971537752,34468.744346685366
2721,3.024060901691214,103.15341913930375,34444.81439540278
2722,3.0235236526522513,103.09523022334014,34420.89649270858
2723,3.0229865012845565,103.03707294930648,34396.99063970597
2724,3.022449447561141,102.97894729903247,34373.096837482335
2725,3.021912491455035,102.92085325436537,34349.21508710948
2726,3.021375632939286,102.86279079715854,34325.34538964351
2727,3.0208388719869608,102.80475990928396,34301.487746124934
2728,3.0203022085711435,102.74676057262211,34277.6421575786
2729,3.0197656426649373,102.68879276906483,34253.80862501389
2730,3.0192291742414628,102.63085648051923,34229.98714942462
2731,3.018692803273859,102.5729516889011,34206.177731789125
2732,3.0181565297352835,102.5150783761454,34182.380373070264
2733,3.0176203535989115,102.45723652419092,34158.5950742155
2734,3.0170842748379365,102.39942611499671,34134.821836156865
2735,3.01654829342557,102.34164713052814,34111.06065981103
2736,3.0160124093350418,102.28389955276599,34087.31154607939
2737,3.0154766225396004,102.2261833637015,34063.574495847985
2738,3.0149409330125114,102.16849854533771,34039.84950998759
2739,3.014405340727059,102.1108450796946,34016.13658935378
2740,3.013869845656545,102.05322294879768,33992.43573478688
2741,3.01333444777429,101.99563213469297,33968.74694711212
2742,3.012799147053632,101.93807261942766,33945.070227139506
2743,3.012263943467928,101.88054438507186,33921.405575663965
2744,3.011728836990552,101.82304741370027,33897.75299346538
2745,3.011193827594896,101.7655816874061,33874.11248130855
2746,3.0106589152543712,101.70814718829008,33850.48403994326
2747,3.0101240999424053,101.65074389846588,33826.86767010433
2748,3.009589381632445,101.5933718000611,33803.26337251163
2749,3.0090547602979543,101.53603087521188,33779.67114787009
2750,3.0085202359124157,101.47872110607301,33756.09099686978
2751,3.0079858084493294,101.42144247480357,33732.52292018589
2752,3.007451477882214,101.36419496358248,33708.96691847874
2753,3.006917244184605,101.30697855459465,33685.42299239397
2754,3.006383107330057,101.2497932300403,33661.89114256237
2755,3.0058490672921416,101.19263897213013,33638.37136959998
2756,3.005315124044449,101.1355157630862,33614.86367410821
2757,3.0047812775605864,101.07842358514739,33591.36805667373
2758,3.00424752781418,101.02136242055799,33567.884517868624
2759,3.0037138747788723,100.96433225158276,33544.41305825032
2760,3.0031803184283254,100.90733306048655,33520.95367836169
2761,3.002646858736218,100.85036482955873,33497.50637873108
2762,3.0021134956762476,100.7934275410909,33474.07115987226
2763,3.0015802292221285,100.73652117739502,33450.64802228456
2764,3.0010470593475933,100.67964572078866,33427.236966452816
2765,3.0005139860263927,100.62280115360217,33403.83799284746
2766,2.9999810092322945,100.56598745818414,33380.45110192456
2767,2.999448128939085,100.50920461688408,33357.07629412574
2768,2.998915345120567,100.45245261207535,33333.713569878346
2769,2.998382657750563,100.39573142613263,33310.36292959538
2770,2.9978500668029113,100.33904104145157,33287.024373675624
2771,2.9973175722514696,100.28238144043262,33263.697902503554
2772,2.9967851740701117,100.2257526054959,33240.38351644946
2773,2.99625287223273,100.16915451906445,33217.081215869446
2774,2.9957206667132352,100.1125871635767,33193.79100110546
2775,2.9951885574855543,100.05605052148813,33170.512872485306
2776,2.994656544523633,99.99954457525762,33147.24683032273
2777,2.9941246278014337,99.94306930736408,33123.99287491739
2778,2.993592807292938,99.88662470029196,33100.75100655491
2779,2.993061082972143,99.83021073654083,33077.521225506884
2780,2.992529454813065,99.7738273986187,33054.30353203099
2781,2.991997922789738,99.71747466905201,33031.097926370894
2782,2.9914664868762126,99.6611525303726,33007.9044087564
2783,2.9909351470465575,99.60486096512498,32984.72297940338
2784,2.990403903274859,99.54859995587171,32961.55363851387
2785,2.989872755535221,99.49236948517627,32938.39638627607
2786,2.9893417038017653,99.43616953562451,32915.2512228644
2787,2.98881074804863,99.38000008980657,32892.118148439484
2788,2.988279888249972,99.32386113033031,32868.99716314821
2789,2.9877491243799654,99.26775263980936,32845.88826712379
2790,2.9872184564128013,99.21167460087523,32822.791460485714
2791,2.9866878843226887,99.15562699616807,32799.70674333982
2792,2.9861574080838547,99.0996098083346,32776.634115778346
2793,2.9856270276705428,99.04362302004391,32753.573577879928
2794,2.985096743057014,98.98766661396722,32730.525129709615
2795,2.984566554217548,98.93174057279549,32707.488771318964
2796,2.9840364611264407,98.87584487922325,32684.464502745985
2797,2.983506463758006,98.81997951596658,32661.45232401521
2798,2.982976562086575,98.76414446574024,32638.452235137756
2799,2.982446756086496,98.70833971128344,32615.464236111282
2800,2.9819170457321356,98.6525652353392,32592.48832692006
2801,2.9813874309978767,98.59682102066316,32569.524507535043
2802,2.9808579118581204,98.54110705002691,32546.572777913778
2803,2.9803284882872845,98.48542330620901,32523.633138000543
2804,2.979799160259805,98.42976977200145,32500.705587726337
2805,2.979269927750134,98.37414643020584,32477.790127008928
2806,2.978740790732742,98.3185532636403,32454.886755752817
2807,2.9782117491821167,98.26299025512816,32431.995473849336
2808,2.9776828030727627,98.2074573875108,32409.116281176655
2809,2.977153952379202,98.1519546436387,32386.24917759982
2810,2.976625197075974,98.09648200636617,32363.394162970766
2811,2.9760965371376353,98.04103945857239,32340.55123712831
2812,2.97556797253876,97.98562698313766,32317.72039989825
2813,2.9750395032539396,97.93024456296162,32294.901651093413
2814,2.974511129257782,97.87489218094767,32272.094990513524
2815,2.973982850524913,97.81956982001999,32249.300417945386
2816,2.973454667029976,97.76427746310375,32226.517933162893
2817,2.9729265787476304,97.70901509314082,32203.747535927014
2818,2.972398585652554,97.65378269308758,32180.989225985806
2819,2.971870687719441,97.59858024590554,32158.243003074505
2820,2.9713428849230032,97.54340773457412,32135.508866915497
2821,2.9708151772379696,97.48826514207767,32112.786817218366
2822,2.970287564639086,97.4331524514198,32090.076853679966
2823,2.969760047101116,97.37806964560488,32067.378975984346
2824,2.969232624598839,97.32301670765943,32044.6931838029
2825,2.9687052971070536,97.2679936206153,32022.019476794256
2826,2.9681780646005733,97.21300036751502,31999.35785460448
2827,2.96765092705423,97.15803693141852,31976.708316866898
2828,2.967123884442873,97.10310329539102,31954.07086320233
2829,2.966596936741368,97.04819944251163,31931.445493218944
2830,2.9660700839245973,96.9933253558688,31908.83220651239
2831,2.9655433259674613,96.9384810185672,31886.231002665783
2832,2.965016662844877,96.88366641371648,31863.64188124974
2833,2.9644900945317785,96.828881524444,31841.064841822386
2834,2.9639636210031166,96.77412633388523,31818.499883929482
2835,2.96343724223386,96.71940082518192,31795.947007104307
2836,2.962910958198993,96.66470498149751,31773.40621086772
2837,2.9623847688735183,96.61003878599739,31750.877494728302
2838,2.961858674232455,96.55540222186622,31728.36085818226
2839,2.961332674250839,96.50079527229192,31705.856300713498
2840,2.960806768903723,96.44621792048314,31683.36382179361
2841,2.9602809581661775,96.3916701496474,31660.883420881975
2842,2.9597552420132893,96.33715194301578,31638.415097425725
2843,2.959229620420162,96.28266328382296,31615.958850859814
2844,2.958704093361917,96.22820415531577,31593.514680606993
2845,2.9581786608136915,96.1737745407567,31571.082586077897
2846,2.95765332275064,96.1193744234131,31548.662566671002
2847,2.9571280791479344,96.0650037865714,31526.254621772732
2848,2.956602929980763,96.01066261351838,31503.8587507574
2849,2.9560778752243304,95.95635088756362,31481.47495298732
2850,2.9555529148538597,95.90206859201763,31459.103227812782
2851,2.9550280488445893,95.84781571021081,31436.74357457205
2852,2.9545032771717747,95.79359222547932,31414.395992591486
2853,2.953978599810689,95.7393981211713,31392.060481185483
2854,2.9534540167366212,95.68523338064742,31369.737039656535
2855,2.952929527924878,95.63109798727643,31347.425667295236
2856,2.9524051333507826,95.57699192444409,31325.12636338033
2857,2.951880832989674,95.52291517553996,31302.839127178773
2858,2.9513566268169096,95.46886772397201,31280.563957945655
2859,2.950832514807862,95.4148495531533,31258.30085492434
2860,2.950308496937921,95.36086064651109,31236.04981734637
2861,2.949784573182495,95.30690098748248,31213.81084443165
2862,2.949260743517006,95.25297055951444,31191.58393538831
2863,2.948737007916895,95.19906934606976,31169.36908941287
2864,2.948213366357619,95.14519733061603,31147.166305690145
2865,2.947689818814651,95.09135449663955,31124.97558339334
2866,2.9471663652634827,95.03754082762694,31102.796921684105
2867,2.9466430056796202,94.98375630708642,31080.630319712465
2868,2.9461197400385872,94.93000091852967,31058.475776616928
2869,2.9455965683159246,94.87627464548548,31036.333291524483
2870,2.945073490487189,94.82257747148928,31014.20286355063
2871,2.944550506527954,94.76890938008802,30992.084491799356
2872,2.94402761641381,94.7152703548412,30969.978175363263
2873,2.943504820120364,94.6616603793161,30947.88391332349
2874,2.9429821176232394,94.60807943709703,30925.80170474982
2875,2.9424595088980765,94.55452751177174,30903.731548700664
2876,2.9419369939205318,94.50100458694641,30881.673444223048
2877,2.941414572666279,94.44751064623053,30859.62739035273
2878,2.940892245111007,94.39404567325361,30837.593386114157
2879,2.9403700112304225,94.34060965164579,30815.57143052052
2880,2.939847871000249,94.28720256505318,30793.561522573757
2881,2.9393258243962257,94.2338243971358,30771.563661264598
2882,2.938803871394108,94.18047513155837,30749.577845572585
2883,2.938282011969669,94.12715475200264,30727.604074466097
2884,2.9377602460986973,94.0738632421564,30705.642346902358
2885,2.9372385737569986,94.02060058572025,30683.692661827492
2886,2.9367169949203946,93.96736676640553,30661.755018176536
2887,2.936195509564724,93.91416176793209,30639.829414873453
2888,2.935674117665841,93.86098557403655,30617.91585083115
2889,2.935152819199618,93.8078381684589,30596.01432495153
2890,2.9346316141419417,93.75471953495956,30574.124836125524
2891,2.934110502468717,93.70162965729554,30552.247383233094
2892,2.933589484155864,93.64856851924883,30530.381965143224
2893,2.9330685591793197,93.59553610460256,30508.52858071402
2894,2.932547727515038,93.54253239715804,30486.687228792674
2895,2.9320269891389885,93.48955738072151,30464.857908215523
2896,2.931506344027157,93.43661103911225,30443.04061780804
2897,2.930985792155546,93.38369335616018,30421.23535638492
2898,2.930465333500175,93.33080431570421,30399.442122750017
2899,2.929944968037079,93.27794390159896,30377.66091569646
2900,2.9294246957423087,93.2251120977028,30355.891734006585
2901,2.928904516591933,93.17230888789214,30334.134576452023
2902,2.9283844305620357,93.11953425604668,30312.38944179375
2903,2.9278644376287173,93.06678818606566,30290.656328782017
2904,2.9273445377680947,93.01407066184895,30268.93523615645
2905,2.9268247309563007,92.96138166731204,30247.22616264602
2906,2.926305017169485,92.90872118638411,30225.529106969152
2907,2.925785396383813,92.8560892029988,30203.844067833637
2908,2.9252658685754667,92.80348570110645,30182.17104393677
2909,2.9247464337206437,92.75091066466366,30160.510033965256
2910,2.924227091795559,92.69836407763917,30138.86103659535
2911,2.9237078427764422,92.64584592401057,30117.224050492794
2912,2.923188686639541,92.59335618777088,30095.59907431289
2913,2.922669623361118,92.54089485291915,30073.986106700493
2914,2.9221506529174524,92.48846190346443,30052.385146290067
2915,2.9216317752848395,92.43605732343343,30030.79619170566
2916,2.9211129904395907,92.38368109685194,30009.219241561004
2917,2.9205942983580337,92.33133320776764,29987.654294459426
2918,2.9200756990165124,92.27901364023039,29966.10134899404
2919,2.9195571923913866,92.22672237830768,29944.56040374756
2920,2.9190387784590324,92.17445940607018,29923.03145729251
2921,2.918520457195842,92.12222470760803,29901.514508191125
2922,2.918002228578224,92.07001826701175,29880.009554995468
2923,2.917484092582602,92.01784006838747,29858.516596247333
2924,2.9169660491854175,91.96569009585463,29837.035630478407
2925,2.9164480983631265,91.91356833353719,29815.566656210187
2926,2.9159302400922016,91.86147476557561,29794.109671954084
2927,2.9154124743491314,91.80940937611634,29772.66467621137
2928,2.914894801110421,91.75737214931783,29751.231667473243
2929,2.914377220352591,91.70536306934737,29729.810644220834
2930,2.913859732052178,91.6533821203881,29708.401604925286
2931,2.913342336185735,91.60142928662688,29687.004548047677
2932,2.9128250327298306,91.54950455226268,29665.619472039132
2933,2.91230782166105,91.49760790150978,29644.24637534077
2934,2.911790702955994,91.44573931858697,29622.885256383845
2935,2.9112736765912794,91.39389878772637,29601.536113589616
2936,2.9107567425435388,91.34208629316785,29580.198945369484
2937,2.9102399007894206,91.2903018191671,29558.873750124952
2938,2.90972315130559,91.23854534998314,29537.560526247707
2939,2.9092064940687274,91.18681686989265,29516.259272119587
2940,2.9086899290555293,91.13511636317835,29494.969986112636
2941,2.908173456242708,91.08344381412975,29473.692666589086
2942,2.907657075606992,91.03179920705541,29452.42731190146
2943,2.9071407871251256,90.98018252626666,29431.173920392506
2944,2.906624590773869,90.92859375609126,29409.932490395277
2945,2.9061084865299978,90.87703288086125,29388.703020233108
2946,2.9055924743703043,90.82549988492649,29367.4855082197
2947,2.905076554271596,90.7739947526367,29346.279952659097
2948,2.9045607262106965,90.72251746836233,29325.086351845723
2949,2.9040449901644454,90.67106801647827,29303.904704064367
2950,2.9035293461096976,90.61964638136911,29282.735007590265
2951,2.9030137940233245,90.5682525474353,29261.577260689122
2952,2.902498333882213,90.51688649908166,29240.431461617067
2953,2.9019829656632656,90.46554822072629,29219.29760862072
2954,2.901467689343401,90.41423769679463,29198.17569993725
2955,2.9009525048995526,90.36295491172817,29177.06573379431
2956,2.9004374123086714,90.31169984997112,29155.967708410135
2957,2.8999224115477227,90.26047249598564,29134.881621993518
2958,2.899407502593688,90.20927283423802,29113.807472743858
2959,2.8988926854235646,90.15810084920714,29092.745258851206
2960,2.8983779600143653,90.10695652538199,29071.694978496213
2961,2.8978633263431193,90.05583984726003,29050.65662985022
2962,2.8973487843868706,90.0047507993536,29029.630211075197
2963,2.896834334122679,89.95368936617909,29008.615720323945
2964,2.8963199755276205,89.90265553226901,28987.613155739884
2965,2.895805708578787,89.85164928216325,28966.622515457224
2966,2.895291533253285,89.80067060040687,28945.64379760095
2967,2.8947774495282377,89.74971947156489,28924.677000286858
2968,2.8942634573807835,89.69879588020406,28903.72212162152
2969,2.893749556788076,89.64789981090777,28882.77915970239
2970,2.8932357477272856,89.59703124826403,28861.848112617758
2971,2.8927220301755976,89.54619017687656,28840.92897844683
2972,2.8922084041102125,89.49537658135064,28820.021755259648
2973,2.891694869508347,89.44459044631132,28799.126441117278
2974,2.891181426347233,89.39383175638814,28778.243034071635
2975,2.8906680746041187,89.34310049621993,28757.371532165656
2976,2.8901548142562667,89.29239665046111,28736.51193343327
2977,2.8896416452809564,89.24172020377058,28715.664235899385
2978,2.8891285676554816,89.19107114082001,28694.828437579967
2979,2.888615581357153,89.14044944628822,28674.004536482065
2980,2.888102686363295,89.08985510486986,28653.192530603726
2981,2.8875898826512496,89.03928810126254,28632.392417934167
2982,2.887077170198373,88.98874842018085,28611.604196453667
2983,2.886564548982037,88.93823604634541,28590.827864133706
2984,2.8860520189796293,88.8877509644831,28570.063418936843
2985,2.885539580168553,88.83729315933941,28549.310858816905
2986,2.885027232526226,88.78686261566254,28528.57018171884
2987,2.8845149760300823,88.73645931821639,28507.841385578904
2988,2.8840028106575715,88.68608325176903,28487.12446832453
2989,2.8834907363861584,88.63573440110439,28466.419427874436
2990,2.882978753193323,88.58541275101187,28445.72626213863
2991,2.882466861056561,88.53511828629243,28425.04496901843
2992,2.8819550599533836,88.48485099175699,28404.37554640649
2993,2.8814433498613172,88.43461085222425,28383.717992186783
2994,2.880931730757904,88.38439785252847,28363.07230423468
2995,2.8804202026207006,88.33421197750667,28342.438480416917
2996,2.87990876542728,88.28405321201411,28321.816518591688
2997,2.8793974191552305,88.23392154090487,28301.206416608547
2998,2.878886163782155,88.18381694905408,28280.608172308574
2999,2.8783749992856724,88.1337394213384,28260.021783524262
3000,2.8778639256434166,88.08368894265111,28239.44724807965
3001,2.877352942833037,88.03366549789025,28218.884563790245
3002,2.8768420508321983,87.98366907196556,28198.33372846311
3003,2.8763312496185804,87.93369964979671,28177.794739896864
3004,2.875820539169879,87.88375721631147,28157.26759588169
3005,2.8753099194638043,87.83384175645189,28136.752294199378
3006,2.874799390478082,87.78395325516419,28116.248832623343
3007,2.8742889521904535,87.73409169740998,28095.757208918614
3008,2.8737786045786753,87.68425706815653,28075.277420841878
3009,2.8732683476205185,87.63444935238216,28054.80946614153
3010,2.872758181293771,87.58466853507521,28034.353342557602
3011,2.8722481055762334,87.53491460123253,28013.909047821933
3012,2.871738120445724,87.48518753586399,27993.476579657996
3013,2.871228225880076,87.43548732398416,27973.055935781114
3014,2.870718421857136,87.38581395062533,27952.64711389832
3015,2.870208708354767,87.3361674008181,27932.250111708487
3016,2.869699085350848,87.28654765961433,27911.864926902283
3017,2.8691895528232716,87.23695471206679,27891.49155716222
3018,2.8686801107499464,87.18738854324528,27871.13000016267
3019,2.868170759108796,87.13784913822387,27850.780253569897
3020,2.867661497877759,87.08833648208687,27830.442315042037
3021,2.8671523270347894,87.03885055993399,27810.116182229172
3022,2.8666432465578566,86.98939135686432,27789.801852773257
3023,2.866134256424944,86.93995885799715,27769.499324308297
3024,2.8656253566140517,86.89055304845381,27749.208594460215
3025,2.8651165471031934,86.84117391337134,27728.929660846934
3026,2.864607827870399,86.79182143789053,27708.662521078397
3027,2.8640991988937126,86.74249560716909,27688.40717275659
3028,2.863590660151194,86.6931964063659,27668.163613475568
3029,2.863082211620918,86.64392382065313,27647.931840821428
3030,2.862573853280974,86.59467783521656,27627.711852372366
3031,2.8620655851094674,86.54545843524467,27607.503645698725
3032,2.861557407084517,86.49626560594236,27587.307218362956
3033,2.8610493191842585,86.44709933251882,27567.122567919665
3034,2.860541321386841,86.39795960019529,27546.949691915637
3035,2.86003341367043,86.34884639420018,27526.78858788984
3036,2.8595255960132047,86.29975969977674,27506.63925337346
3037,2.85901786839336,86.25069950217275,27486.501685889918
3038,2.858510230789106,86.2016657866456,27466.375882954868
3039,2.858002683178667,86.15265853846871,27446.261842076256
3040,2.8574952255402826,86.10367774291392,27426.159560754306
3041,2.856987857852208,86.05472338527383,27406.069036481527
3042,2.8564805800927124,86.00579545084229,27385.99026674279
3043,2.8559733922400805,85.95689392492945,27365.92324901533
3044,2.855466294272612,85.90801879284969,27345.86798076866
3045,2.8549592861686204,85.85917003992755,27325.82445946476
3046,2.8544523679064358,85.81034765150265,27305.792682557974
3047,2.8539455394644015,85.76155161291412,27285.772647495065
3048,2.8534388008208773,85.71278190952056,27265.76435171528
3049,2.8529321519542368,85.66403852668273,27245.76779265028
3050,2.8524255928428683,85.61532144977694,27225.782967724223
3051,2.851919123465176,85.56663066418358,27205.809874353745
3052,2.851412743799578,85.51796615529774,27185.848509948035
3053,2.850906453824508,85.4693279085177,27165.89887190879
3054,2.8504002535184134,85.42071590925406,27145.960957630246
3055,2.8498941428597577,85.37213014293083,27126.034764499265
3056,2.8493881218270185,85.3235705949744,27106.120289895265
3057,2.8488821903986885,85.2750372508276,27086.21753119026
3058,2.8483763485532747,85.22653009593725,27066.326485748912
3059,2.847870596269299,85.17804911576204,27046.44715092853
3060,2.847364933525299,85.12959429576759,27026.579524079094
3061,2.846859360299826,85.08116562143434,27006.723602543276
3062,2.846353876571446,85.0327630782467,26986.879383656404
3063,2.84584848231874,84.9843866516992,26967.046864746575
3064,2.8453431775203053,84.93603632730104,26947.226043134615
3065,2.844837962154751,84.88771209056117,26927.416916134094
3066,2.844332836200703,84.8394139270076,26907.619481051355
3067,2.843827799636801,84.7911418221707,26887.8337351856
3068,2.8433228524417,84.74289576159575,26868.059675828747
3069,2.8428179945940695,84.69467573083168,26848.297300265607
3070,2.842313226072593,84.64648171544395,26828.546605773812
3071,2.8418085468559697,84.59831370099896,26808.807589623906
3072,2.841303956922913,84.55017167307598,26789.080249079256
3073,2.8407994562521504,84.50205561726752,26769.3645813962
3074,2.840295044822425,84.45396551916852,26749.660583823927
3075,2.8397907226124945,84.40590136439002,26729.96825360461
3076,2.8392864896011303,84.35786313854565,26710.287587973402
3077,2.838782345767119,84.30985082726622,26690.618584158394
3078,2.8382782910892623,84.26186441618114,26670.96123938068
3079,2.837774325546375,84.2139038909398,26651.31555085435
3080,2.8372704491172884,84.1659692371945,26631.681515786557
3081,2.836766661780847,84.11806044060702,26612.0591313775
3082,2.8362629635159102,84.07017748685263,26592.448394820436
3083,2.835759354301352,84.02232036161156,26572.849303301675
3084,2.8352558341160616,83.97448905057485,26553.26185400069
3085,2.8347524029389413,83.92668353944097,26533.686044090024
3086,2.8342490607489093,83.87890381392218,26514.121870735376
3087,2.8337458075248976,83.83114985973414,26494.5693310956
3088,2.833242643245853,83.78342166260728,26475.028422322725
3089,2.8327395678907368,83.73571920827858,26455.499141561973
3090,2.8322365814385244,83.68804248248944,26435.98148595175
3091,2.8317336838682063,83.64039147099993,26416.47545262373
3092,2.8312308751587874,83.59276615957157,26396.981038702794
3093,2.8307281552892865,83.54516653397994,26377.4982413071
3094,2.830225524238737,83.49759258000515,26358.02705754809
3095,2.829722981986187,83.45004428344352,26338.567484530453
3096,2.829220528510699,83.40252163008992,26319.11951935228
3097,2.8287181637913505,83.35502460575916,26299.68315910493
3098,2.8282158878072323,83.30755319626853,26280.258400873117
3099,2.8277137005374504,83.26010738744506,26260.845241734925
3100,2.827211601961125,83.2126871651289,26241.443678761825
3101,2.826709592057391,83.16529251516367,26222.053709018684
3102,2.8262076708053963,83.11792342340922,26202.6753295638
3103,2.8257058381843048,83.0705798757244,26183.308537448876
3104,2.8252040941732943,83.02326185798738,26163.953329719086
3105,2.824702438751557,82.97596935607773,26144.609703413087
3106,2.824200871898299,82.92870235589042,26125.277655563
3107,2.8236993935927415,82.88146084332455,26105.95718319445
3108,2.823198003814119,82.83424480429032,26086.64828332659
3109,2.822696702541681,82.78705422470654,26067.350952972138
3110,2.8221954897546913,82.73988909049973,26048.065189137305
3111,2.8216943654324282,82.69274938760972,26028.7909888219
3112,2.821193329554184,82.64563510197979,26009.528349019372
3113,2.8206923820992653,82.59854621956761,25990.2772667167
3114,2.8201915230469927,82.55148272633578,25971.037738894523
3115,2.8196907523767014,82.50444460825742,25951.80976252711
3116,2.8191900700677412,82.45743185131447,25932.59333458239
3117,2.8186894760994754,82.41044444149618,25913.38845202198
3118,2.818188970451282,82.36348236480579,25894.195111801157
3119,2.8176885531025535,82.31654560724883,25875.0133108689
3120,2.817188224032696,82.26963415484781,25855.843046167967
3121,2.8166879832211302,82.22274799362351,25836.6843146348
3122,2.8161878306472907,82.1758871096163,25817.537113199614
3123,2.815687766290627,82.12905148886902,25798.401438786404
3124,2.8151877901306017,82.08224111743407,25779.27728831295
3125,2.8146879021466926,82.0354559813767,25760.164658690865
3126,2.8141881023183912,81.98869606676693,25741.063546825506
3127,2.8136883906252033,81.94196135968507,25721.973949616167
3128,2.813188767046648,81.89525184621901,25702.895863955942
3129,2.8126892315622607,81.84856751246956,25683.829286731812
3130,2.8121897841515886,81.80190834454093,25664.77421482464
3131,2.811690424794194,81.75527432855189,25645.730645109208
3132,2.811191153469654,81.70866545062638,25626.69857445421
3133,2.810691970157558,81.66208169689646,25607.677999722287
3134,2.810192874837512,81.61552305350565,25588.668917770032
3135,2.8096938674891336,81.5689895066035,25569.67132544797
3136,2.809194948092056,81.52248104235333,25550.6852196007
3137,2.8086961166259266,81.47599764692087,25531.710597066736
3138,2.8081973730704055,81.42953930648716,25512.747454678665
3139,2.807698717405168,81.3831060072369,25493.79578926308
3140,2.807200149609903,81.33669773536629,25474.855597640653
3141,2.806701669664314,81.29031447707887,25455.9268766261
3142,2.806203277548118,81.2439562185866,25437.00962302825
3143,2.805704973241046,81.19762294611407,25418.103833649984
3144,2.805206756722843,81.1513146458891,25399.209505288367
3145,2.8047086279732687,81.10503130415523,25380.32663473453
3146,2.8042105869720957,81.05877290715515,25361.455218773794
3147,2.8037126336991114,81.01253944114987,25342.595254185613
3148,2.8032147681341173,80.9663308924024,25323.74673774367
3149,2.802716990256928,80.92014724718986,25304.909666215797
3150,2.802219300047373,80.87398849179418,25286.08403636405
3151,2.801721697485295,80.82785461250695,25267.26984494473
3152,2.8012241825505506,80.78174559562933,25248.467088708374
3153,2.8007267552230113,80.73566142746874,25229.675764399755
3154,2.800229415482562,80.68960209434657,25210.895868757972
3155,2.799732163309101,80.64356758258637,25192.127398516357
3156,2.7992349986825413,80.59755787852684,25173.370350402594
3157,2.798737921582809,80.5515729685089,25154.624721138673
3158,2.798240931989845,80.50561283889009,25135.890507440916
3159,2.797744029883604,80.45967747602748,25117.167706020005
3160,2.797247215244053,80.4137668662914,25098.456313581006
3161,2.796750488051175,80.36788099606349,25079.75632682335
3162,2.7962538482849655,80.32201985172848,25061.06774244087
3163,2.7957572959254344,80.27618341968551,25042.39055712183
3164,2.7952608309526057,80.23037168633782,25023.724767548916
3165,2.7947644533465166,80.18458463809905,25005.070370399255
3166,2.794268163087218,80.13882226138993,24986.427362344442
3167,2.7937719601547757,80.09308454264392,24967.795740050562
3168,2.7932758445292682,80.04737146829923,24949.17550017819
3169,2.792779816190788,80.00168302480193,24930.566639382378
3170,2.792283875119442,79.95601919861336,24911.96915431276
3171,2.7917880212953503,79.91037997619262,24893.38304161344
3172,2.791292254698647,79.86476534401866,24874.808297923155
3173,2.7907965753094794,79.81917528856968,24856.244919875135
3174,2.7903009831080094,79.77360979633995,24837.69290409725
3175,2.789805478074413,79.7280688538263,24819.152247211936
3176,2.789310060188878,79.68255244754083,24800.62294583628
3177,2.788814729431608,79.63706056399613,24782.104996581966
3178,2.788319485782819,79.59159318971717,24763.59839605534
3179,2.7878243292227416,79.54615031124075,24745.1031408574
3180,2.7873292597316195,79.50073191510602,24726.61922758385
3181,2.78683427728971,79.45533798786686,24708.146652825053
3182,2.7863393818772852,79.40996851608075,24689.68541316608
3183,2.7858445734746295,79.36462348631602,24671.235505186734
3184,2.7853498520620414,79.31930288514721,24652.796925461564
3185,2.7848552176198336,79.27400669916214,24634.369670559845
3186,2.7843606701283314,79.22873491495265,24615.95373704565
3187,2.7838662095678752,79.18348751911923,24597.549121477765
3188,2.7833718359188175,79.1382644982749,24579.15582040988
3189,2.7828775491615256,79.09306583903704,24560.773830390404
3190,2.7823833492763796,79.04789152803295,24542.403147962606
3191,2.781889236243774,79.00274155189692,24524.0437696646
3192,2.781395210044116,78.95761589727586,24505.695692029352
3193,2.7809012706578273,78.91251455082116,24487.358911584688
3194,2.7804074180653426,78.86743749919208,24469.03342485333
3195,2.77991365224711,78.82238472906266,24450.71922835288
3196,2.7794199731835922,78.77735622710507,24432.41631859589
3197,2.778926380855264,78.73235198000998,24414.1246920898
3198,2.778432875242615,78.6873719744691,24395.84434533702
3199,2.7779394563261475,78.64241619718862,24377.575274834904
3200,2.777446124086378,78.59748463487719,24359.317477075798
3201,2.7769528785038355,78.55257727425898,24341.070948547025
3202,2.776459719559064,78.50769410205814,24322.835685730886
3203,2.77596664723262,78.46283510501148,24304.611685104723
3204,2.7754736615050732,78.41800026986671,24286.39894314089
3205,2.774980762357008,78.3731895833747,24268.197456306836
3206,2.7744879497690214,78.32840303230002,24250.007221064996
3207,2.773995223721724,78.28364060341136,24231.82823387293
3208,2.77350258419574,78.23890228348735,24213.660491183255
3209,2.7730100311717067,78.1941880593135,24195.503989443725
3210,2.7725175646302755,78.14949791768782,24177.358725097165
3211,2.772025184552111,78.10483184541243,24159.22469458159
3212,2.7715328909178907,78.06018982929773,24141.10189433008
3213,2.771040683708306,78.01557185616743,24122.990320770954
3214,2.7705485629040623,77.97097791284722,24104.88997032767
3215,2.7700565284858767,77.92640798617488,24086.800839418855
3216,2.7695645804344813,77.88186206299363,24068.722924458354
3217,2.769072718730621,77.83734013016019,24050.656221855246
3218,2.7685809433550546,77.79284217453286,24032.600728013826
3219,2.768089254288553,77.74836818298483,24014.556439333617
3220,2.7675976515119016,77.70391814239396,23996.523352209424
3221,2.767106135005899,77.65949203964279,23978.501463031313
3222,2.7666147047513565,77.61508986163014,23960.490768184634
3223,2.7661233607291,77.57071159525627,23942.491264050048
3224,2.765632102919967,77.52635722743508,23924.502947003493
3225,2.76514093130481,77.48202674508347,23906.5258134163
3226,2.764649845864494,77.43772013513296,23888.559859655084
3227,2.764158846579897,77.39343738451427,23870.60508208185
3228,2.763667933431911,77.34917848017542,23852.66147705396
3229,2.763177106401441,77.30494340906766,23834.729040924158
3230,2.7626863654694054,77.26073215814988,23816.807770040567
3231,2.7621957106167354,77.21654471439385,23798.89766074677
3232,2.761705141824376,77.17238106477478,23780.99870938172
3233,2.7612146590732847,77.1282411962783,23763.110912279863
3234,2.7607242623444335,77.08412509589587,23745.23426577103
3235,2.760233951618807,77.04003275063216,23727.368766180593
3236,2.7597437268774025,76.9959641474936,23709.51440982932
3237,2.7592535881012314,76.95191927350128,23691.671193033562
3238,2.758763535271318,76.90789811568067,23673.839112105114
3239,2.758273568368699,76.86390066106206,23656.01816335131
3240,2.757783687374426,76.81992689669173,23638.208343075
3241,2.7572938922695625,76.77597680961736,23620.409647574626
3242,2.756804183035185,76.73205038690024,23602.622073144157
3243,2.7563145596523846,76.68814761560408,23584.84561607313
3244,2.7558250221022638,76.64426848280664,23567.080272646694
3245,2.7553355703659395,76.60041297558907,23549.32603914559
3246,2.7548462044245414,76.5565810810427,23531.58291184616
3247,2.7543569242592123,76.51277278626635,23513.850887020388
3248,2.753867729851108,76.46898807836594,23496.12996093589
3249,2.753378621181398,76.42522694445934,23478.42012985596
3250,2.752889598231264,76.38148937166717,23460.72139003954
3251,2.7524006609819014,76.33777534712478,23443.03373774124
3252,2.7519118094145187,76.29408485796641,23425.35716921138
3253,2.7514230435103375,76.25041789134399,23407.691680696007
3254,2.7509343632505923,76.20677443440938,23390.037268436878
3255,2.7504457686165305,76.16315447432935,23372.39392867145
3256,2.749957259589413,76.11955799827426,23354.76165763297
3257,2.7494688361505135,76.07598499342372,23337.140451550433
3258,2.748980498281119,76.03243544696551,23319.530306648598
3259,2.748492245962529,75.98890934609378,23301.931219148024
3260,2.748004079176057,75.94540667801527,23284.343185265065
3261,2.747515997903029,75.90192742993874,23266.76620121188
3262,2.7470280021247833,75.85847158908689,23249.200263196468
3263,2.746540091822672,75.81503914268576,23231.645367422658
3264,2.7460522669780607,75.7716300779715,23214.101510090117
3265,2.745564527572327,75.72824438218751,23196.56868739443
3266,2.745076873586862,75.68488204258425,23179.046895526997
3267,2.7445893050030694,75.64154304642393,23161.536130675144
3268,2.7441018218023663,75.59822738097168,23144.03638902208
3269,2.7436144239661826,75.55493503350563,23126.547666746963
3270,2.743127111475961,75.51166599130788,23109.06996002485
3271,2.7426398843131574,75.46842024167006,23091.603265026748
3272,2.7421527424592407,75.42519777189153,23074.147577919626
3273,2.741665685895692,75.38199856927822,23056.70289486641
3274,2.7411787146040063,75.33882262114825,23039.269212026033
3275,2.740691828565691,75.29566991482189,23021.846525553377
3276,2.740205027762267,75.25254043763442,23004.434831599374
3277,2.7397183121752673,75.20943417691934,22987.03412631094
3278,2.7392316817862374,75.16635112002787,22969.64440583106
3279,2.7387451365767372,75.12329125431181,22952.26566629872
3280,2.7382586765283383,75.08025456713669,22934.89790384898
3281,2.7377723016226256,75.03724104587177,22917.541114612988
3282,2.737286011841197,74.99425067789545,22900.195294717956
3283,2.7367998071656627,74.95128345059398,22882.860440287186
3284,2.7363136875776464,74.90833935136035,22865.536547440093
3285,2.7358276530587844,74.86541836759919,22848.22361229222
3286,2.7353417035907253,74.82252048671786,22830.921630955225
3287,2.734855839155131,74.77964569613654,22813.63059953693
3288,2.734370059733677,74.73679398327968,22796.3505141413
3289,2.73388436530805,74.69396533558064,22779.081370868465
3290,2.73339875585995,74.6511597404807,22761.823165814774
3291,2.7329132313710907,74.60837718542743,22744.575895072707
3292,2.7324277918231976,74.56561765788064,22727.339554730996
3293,2.7319424371980094,74.52288114530212,22710.11414087459
3294,2.7314571674772776,74.48016763516902,22692.89964958466
3295,2.7309719826427665,74.43747711495521,22675.69607693859
3296,2.7304868826762525,74.39480957215335,22658.50341901008
3297,2.7300018675595257,74.35216499425653,22641.32167186906
3298,2.729516937274388,74.30954336877123,22624.150831581755
3299,2.729032091802655,74.2669446832074,22606.990894210656
3300,2.728547331126154,74.22436892508293,22589.841855814586
3301,2.7280626552267258,74.18181608192879,22572.70371244869
3302,2.7275780640862233,74.13928614127431,22555.576460164415
3303,2.727093557686513,74.09677909066596,22538.46009500956
3304,2.726609136009473,74.05429491765132,22521.354613028285
3305,2.7261247990369943,74.01183360979088,22504.2600102611
3306,2.7256405467509817,73.9693951546478,22487.17628274491
3307,2.725156379133351,73.9269795397992,22470.103426513004
3308,2.7246722961660317,73.88458675282253,22453.041437595046
3309,2.724188297830966,73.84221678130638,22435.990312017155
3310,2.723704384110108,73.79986961284997,22418.950045801856
3311,2.7232205549854247,73.75754523505492,22401.920634968097
3312,2.7227368104388967,73.71524363553569,22384.902075531292
3313,2.7222531504525156,73.6729648019107,22367.894363503317
3314,2.721769575008287,73.63070872180711,22350.897494892517
3315,2.721286084088228,73.58847538285869,22333.91146570372
3316,2.720802677674369,73.54626477271059,22316.936271938226
3317,2.7203193557487526,73.50407687901203,22299.971909593904
3318,2.7198361182934345,73.46191168941924,22283.018374665076
3319,2.7193529652904824,73.41976919160216,22266.07566314265
3320,2.718869896721977,73.37764937322862,22249.14377101403
3321,2.718386912570011,73.33555222198352,22232.222694263204
3322,2.71790401281669,73.29347772555276,22215.31242887074
3323,2.717421197444132,73.25142587163515,22198.41297081374
3324,2.7169384664344682,73.2093966479317,22181.524316065916
3325,2.716455819769841,73.16739004215673,22164.646460597614
3326,2.715973257432407,73.12540604202896,22147.77940037575
3327,2.7154907794043335,73.08344463527126,22130.923131363885
3328,2.7150083856678013,73.04150580962167,22114.077649522194
3329,2.714526076205004,72.99958955281953,22097.242950807544
3330,2.714043850998147,72.95769585261671,22080.419031173424
3331,2.7135617100294485,72.91582469676766,22063.605886570018
3332,2.713079653281139,72.87397607304075,22046.80351294417
3333,2.7125976807354615,72.83214996920312,22030.011906239415
3334,2.7121157923746715,72.7903463730386,22013.231062396037
3335,2.711633988181037,72.74856527233239,21996.460977350984
3336,2.7111522681368383,72.70680665487825,21979.70164703797
3337,2.7106706322243683,72.6650705084814,21962.953067387425
3338,2.7101890804259323,72.62335682095014,21946.21523432656
3339,2.7097076127238475,72.58166558010213,21929.488143779312
3340,2.7092262291004445,72.53999677376083,21912.771791666408
3341,2.7087449295380654,72.49835038976164,21896.066173905365
3342,2.7082637140190653,72.45672641594147,21879.371286410485
3343,2.707782582525811,72.41512484015087,21862.6871250929
3344,2.707301535040682,72.37354565024462,21846.01368586054
3345,2.706820571546071,72.33198883408146,21829.35096461815
3346,2.7063396920243816,72.2904543795351,21812.698957267366
3347,2.7058588964580306,72.24894227448067,21796.05765970664
3348,2.705378184829447,72.20745250680557,21779.427067831286
3349,2.7048975571210723,72.16598506439978,21762.807177533505
3350,2.7044170133153598,72.12453993516698,21746.19798470239
3351,2.703936553394776,72.08311710701079,21729.599485223913
3352,2.7034561773417987,72.04171656784597,21713.011674980964
3353,2.7029758851389185,72.00033830559755,21696.434549853348
3354,2.7024956767686388,71.95898230819252,21679.86810571781
3355,2.7020155522134743,71.91764856357081,21663.312338448024
3356,2.7015355114559525,71.87633705967434,21646.767243914626
3357,2.7010555544786135,71.8350477844591,21630.232817985197
3358,2.700575681264009,71.79378072587937,21613.709056524327
3359,2.700095891794703,71.75253587190606,21597.19595539355
3360,2.6996161860532726,71.71131321051203,21580.693510451423
3361,2.6991365640223064,71.67011272967777,21564.20171755349
3362,2.698657025684405,71.62893441739502,21547.720572552345
3363,2.6981775710221823,71.58777826165891,21531.25007129758
3364,2.697698200018263,71.54664425047352,21514.790209635834
3365,2.6972189126552855,71.50553237184869,21498.340983410806
3366,2.696739708915899,71.46444261380579,21481.902388463244
3367,2.6962605887827658,71.42337496436828,21465.474420630977
3368,2.69578155223856,71.38232941157202,21449.057075748915
3369,2.6953025992659683,71.341305943458,21432.650349649037
3370,2.6948237298476894,71.30030454807032,21416.254238160476
3371,2.694344943966434,71.25932521346843,21399.868737109435
3372,2.693866241604925,71.21836792771244,21383.493842319254
3373,2.693387622745897,71.1774326788753,21367.129549610432
3374,2.692909087372098,71.13651945503229,21350.775854800584
3375,2.6924306354662875,71.09562824427123,21334.432753704492
3376,2.6919522670112364,71.05475903467944,21318.10024213412
3377,2.6914739819897284,71.01391181436044,21301.77831589858
3378,2.690995780384559,70.97308657141957,21285.466970804224
3379,2.6905176621785367,70.93228329396976,21269.166202654542
3380,2.6900396273544813,70.89150197013491,21252.876007250274
3381,2.6895616758952245,70.85074258804104,21236.596380389365
3382,2.689083807783611,70.81000513582815,21220.327317867002
3383,2.688606023002496,70.76928960163423,21204.068815475614
3384,2.688128321534749,70.72859597361376,21187.82086900486
3385,2.6876507033632495,70.6879242399218,21171.58347424169
3386,2.68717316847089,70.64727438872622,21155.35662697031
3387,2.6866957168405756,70.60664640819783,21139.14032297222
3388,2.6862183484552222,70.56604028651637,21122.9345580262
3389,2.6857410632977583,70.52545601186863,21106.73932790834
3390,2.6852638613511246,70.48489357244736,21090.554628392056
3391,2.684786742598274,70.44435295645656,21074.380455248072
3392,2.6843097070221704,70.4038341521021,21058.216804244443
3393,2.683832754605791,70.36333714760225,21042.063671146574
3394,2.6833558853321238,70.32286193117895,21025.92105171726
3395,2.68287909918417,70.28240849106214,21009.788941716615
3396,2.6824023961449415,70.24197681548954,20993.667336902137
3397,2.6819257761974633,70.20156689270422,20977.556233028714
3398,2.6814492393247717,70.1611787109608,20961.455625848652
3399,2.680972785509915,70.12081225851551,20945.365511111635
3400,2.680496414735954,70.08046752363866,20929.285884564768
3401,2.6800201269859607,70.04014449459817,20913.216741952598
3402,2.6795439222430195,69.99984315967883,20897.158079017092
3403,2.6790678004902264,69.95956350716556,20881.109891497683
3404,2.67859176171069,69.91930552535595,20865.072175131238
3405,2.67811580588753,69.8790692025507,20849.044925652102
3406,2.6776399330038783,69.8388545270592,20833.0281387921
3407,2.6771641430428788,69.79866148719759,20817.021810280537
3408,2.6766884359876872,69.75849007128825,20801.02593584421
3409,2.6762128118214714,69.71834026766435,20785.040511207448
3410,2.675737270527411,69.67821206466118,20769.065532092078
3411,2.6752618120886966,69.63810545062613,20753.100994217453
3412,2.674786436488532,69.59802041390878,20737.146893300465
3413,2.6743111437101326,69.55795694287204,20721.203225055546
3414,2.673835933736725,69.51791502587835,20705.2699851947
3415,2.6733608065515475,69.4778946513016,20689.347169427492
3416,2.6728857621378515,69.43789580752387,20673.43477346105
3417,2.672410800478899,69.39791848293056,20657.532793000093
3418,2.671935921557964,69.35796266591908,20641.641223746974
3419,2.6714611253583334,69.31802834488964,20625.760061401576
3420,2.6709864118633044,69.27811550825129,20609.889301661457
3421,2.670511781056187,69.23822414441847,20594.02894022177
3422,2.670037232920303,69.19835424181686,20578.17897277533
3423,2.669562767438985,69.15850578887508,20562.339395012583
3424,2.669088384595578,69.11867877402909,20546.51020262162
3425,2.668614084373439,69.0788731857266,20530.691391288197
3426,2.668139866755937,69.03908901241401,20514.882956695757
3427,2.6676657317264514,68.99932624255312,20499.084894525433
3428,2.6671916792683747,68.95958486460681,20483.297200456014
3429,2.666717709365111,68.91986486704975,20467.519870164026
3430,2.6662438220000753,68.88016623836018,20451.752899323692
3431,2.665770017156695,68.84048896702421,20435.996283606968
3432,2.665296294818409,68.80083304153541,20420.250018683528
3433,2.664822654968668,68.76119845039261,20404.514100220786
3434,2.664349097590935,68.72158518210607,20388.788523883934
3435,2.6638756226686833,68.68199322518726,20373.073285335875
3436,2.663402230185399,68.64242256816036,20357.36838023732
3437,2.6629289201245787,68.60287319955087,20341.673804246744
3438,2.6624556924697327,68.56334510789819,20325.989553020416
3439,2.661982547204381,68.52383828174067,20310.315622212413
3440,2.6615094843120564,68.48435270962767,20294.652007474582
3441,2.661036503776303,68.44488838011785,20278.998704456615
3442,2.6605636055806765,68.40544528177206,20263.355708806037
3443,2.660090789708744,68.36602340316273,20247.723016168187
3444,2.659618056144085,68.32662273286589,20232.100622186255
3445,2.65914540487029,68.28724325946548,20216.48852250128
3446,2.6586728358709606,68.24788497155137,20200.886712752188
3447,2.6582003491297113,68.20854785772389,20185.295188575754
3448,2.6577279446301674,68.16923190658669,20169.71394560663
3449,2.6572556223559656,68.12993710675013,20154.142979477372
3450,2.656783382290755,68.09066344683698,20138.582285818455
3451,2.6563112244181957,68.05141091546761,20123.03186025821
3452,2.6558391487219595,68.01217950127824,20107.491698422935
3453,2.655367155185729,67.97296919290606,20091.961795936837
3454,2.6548952437932005,67.9337799789996,20076.442148422062
3455,2.6544234145280794,67.8946118482102,20060.9327514987
3456,2.653951667374084,67.85546478920058,20045.433600784792
3457,2.653480002314944,67.81633879063476,20029.944691896366
3458,2.6530084193344,67.77723384118629,20014.46602044737
3459,2.652536918416205,67.73814992953868,19998.99758204982
3460,2.652065499544123,67.69908704437677,19983.53937231363
3461,2.6515941627019295,67.66004517439765,19968.091386846783
3462,2.651122907873412,67.62102430830126,19952.65362125523
3463,2.6506517350423686,67.58202443479593,19937.226071142974
3464,2.6501806441926097,67.54304554259528,19921.80873211202
3465,2.649709635307957,67.50408762042373,19906.40159976242
3466,2.649238708372243,67.46515065700864,19891.004669692258
3467,2.648767863369313,67.42623464108443,19875.617937497704
3468,2.6482971002830222,67.3873395613957,19860.241398772945
3469,2.6478264190972385,67.34846540669052,19844.875049110284
3470,2.6473558197958407,67.30961216572477,19829.518884100078
3471,2.646885302362719,67.2707798272601,19814.172899330795
3472,2.6464148667817753,67.23196838006842,19798.837090388977
3473,2.6459445130369224,67.19317781292375,19783.51145285928
3474,2.645474241112085,67.15440811461163,19768.19598232449
3475,2.6450040509911994,67.11565927392216,19752.89067436552
3476,2.644533942658213,67.07693127964826,19737.5955245614
3477,2.644063916097084,67.03822412059728,19722.310528489303
3478,2.643593971291783,66.9995377855769,19707.035681724574
3479,2.6431241082262917,66.96087226340673,19691.770979840705
3480,2.6426543268846028,66.92222754290812,19676.516418409352
3481,2.6421846272507206,66.88360361291532,19661.27199300036
3482,2.6417150093086605,66.84500046226083,19646.037699181747
3483,2.64124547304245,66.80641807979237,19630.81353251975
3484,2.6407760184361275,66.76785645435947,19615.59948857877
3485,2.6403066454737423,66.72931557481859,19600.395562921476
3486,2.6398373541393556,66.6907954300363,19585.2017511087
3487,2.63936814441704,66.65229600888266,19570.018048699545
3488,2.6388990162908783,66.61381730023514,19554.844451251334
3489,2.6384299697449665,66.57535929297715,19539.680954319647
3490,2.6379610047634103,66.53692197600225,19524.527553458294
3491,2.6374921213303275,66.4985053382059,19509.384244219396
3492,2.6370233194298467,66.46010936849507,19494.251022153298
3493,2.636554599046108,66.42173405577985,19479.127882808658
3494,2.6360859601632636,66.38337938897816,19464.01482173239
3495,2.6356174027654755,66.34504535701475,19448.911834469756
3496,2.6351489268369175,66.30673194882009,19433.81891656429
3497,2.6346805323617755,66.26843915333383,19418.736063557833
3498,2.634212219324245,66.23016695949849,19403.66327099058
3499,2.633743987708535,66.19191535626808,19388.60053440103
3500,2.6332758374988634,66.15368433260039,19373.547849326053
3501,2.6328077686794606,66.11547387745665,19358.50521130082
3502,2.632339781234568,66.07728397981161,19343.472615858896
3503,2.6318718751484385,66.03911462864097,19328.450058532217
3504,2.6314040504053358,66.00096581293171,19313.437534851062
3505,2.630936306989535,65.96283752167261,19298.435040344128
3506,2.6304686448853216,65.92472974386521,19283.442570538446
3507,2.6300010640769935,65.8866424685091,19268.460120959517
3508,2.6295335645488596,65.8485756846191,19253.487687131197
3509,2.629066146285239,65.8105293812117,19238.525264575783
3510,2.628598809270463,65.77250354730998,19223.57284881396
3511,2.6281315534888736,65.73449817194746,19208.63043536489
3512,2.6276643789248237,65.69651324416031,19193.69801974616
3513,2.627197285562678,65.65854875299277,19178.775597473785
3514,2.626730273386812,65.62060468749432,19163.863164062255
3515,2.626263342381612,65.58268103672482,19148.96071502452
3516,2.6257964925314763,65.5447777897456,19134.068245871997
3517,2.6253297238208133,65.5068949356297,19119.185752114605
3518,2.6248630362340433,65.46903246345396,19104.313229260704
3519,2.624396429755597,65.43119036229865,19089.45067281721
3520,2.6239299043699167,65.39336862125734,19074.598078289506
3521,2.6234634600614557,65.35556722942447,19059.755441181496
3522,2.6229970968146783,65.3177861759057,19044.9227569956
3523,2.62253081461406,65.28002544980845,19030.10002123278
3524,2.6220646134440875,65.24228504025156,19015.28722939252
3525,2.621598493289258,65.20456493635668,19000.484376972872
3526,2.6211324541340804,65.16686512725323,18985.691459470407
3527,2.620666495963074,65.12918560207721,18970.908472380284
3528,2.62020061876077,65.09152634997002,18956.13541119623
3529,2.619734822511709,65.0538873600828,18941.37227141052
3530,2.6192691072004455,65.01626862156898,18926.619048514043
3531,2.618803472811542,64.97867012359391,18911.875737996277
3532,2.6183379193295737,64.9410918553216,18897.142335345274
3533,2.6178724467391263,64.90353380593044,18882.418836047713
3534,2.6174070550247968,64.86599596459962,18867.705235588885
3535,2.616941744171193,64.82847832051962,18853.001529452715
3536,2.616476514162933,64.7909808628841,18838.307713121736
3537,2.6160113649846477,64.75350358089311,18823.623782077146
3538,2.615546296620977,64.71604646375465,18808.94973179877
3539,2.6150813090565728,64.67860950068136,18794.285557765113
3540,2.614616402276098,64.64119268089604,18779.631255453318
3541,2.614151576264226,64.60379599362302,18764.98682033921
3542,2.613686831005641,64.56641942809816,18750.352247897285
3543,2.6132221664850395,64.5290629735598,18735.727533600737
3544,2.612757582687127,64.49172661925434,18721.11267292147
3545,2.6122930795966215,64.45441035443413,18706.507661330037
3546,2.611828657198251,64.41711416835724,18691.912494295742
3547,2.6113643154767545,64.3798380502914,18677.327167286614
3548,2.6109000544168826,64.34258198950629,18662.751675769363
3549,2.6104358740033957,64.30534597528363,18648.186015209474
3550,2.609971774221066,64.26812999690351,18633.630181071145
3551,2.6095077550546764,64.23093404366062,18619.08416881735
3552,2.60904381648902,64.19375810485018,18604.547973909783
3553,2.6085799585089022,64.15660216977834,18590.021591808923
3554,2.6081161810991382,64.11946622775451,18575.505017974017
3555,2.607652484244554,64.08235026809409,18560.99824786309
3556,2.607188867929987,64.04525428012388,18546.501276932944
3557,2.6067253321402846,64.00817825316848,18532.01410063918
3558,2.6062618768603056,63.97112217656748,18517.536714436203
3559,2.6057985020749204,63.934086039660706,18503.069113777223
3560,2.605335207769009,63.89706983179921,18488.611294114264
3561,2.6048719939274623,63.860073542335535,18474.163250898167
3562,2.604408860535183,63.82309716063458,18459.724979578612
3563,2.6039458075770834,63.78614067606056,18445.296475604122
3564,2.6034828350380876,63.749204077987535,18430.877734422043
3565,2.6030199429031304,63.71228735579808,18416.46875147862
3566,2.6025571311571567,63.67539049887681,18402.06952221889
3567,2.6020943997851225,63.63851349661893,18387.68004208683
3568,2.6016317487719944,63.60165633842288,18373.30030652523
3569,2.6011691781027504,63.56481901369411,18358.930310975797
3570,2.6007066877623783,63.528001511843684,18344.57005087912
3571,2.600244277735878,63.49120382229217,18330.219521674688
3572,2.5997819480082587,63.45442593446324,18315.878718800883
3573,2.5993196985645413,63.41766783778645,18301.547637695014
3574,2.5988575293897567,63.38092952170272,18287.22627379328
3575,2.5983954404689475,63.344210975650945,18272.914622530858
3576,2.5979334317871663,63.30751218908484,18258.612679341793
3577,2.5974715033294764,63.27083315145739,18244.320439659125
3578,2.597009655080952,63.234173852233816,18230.037898914816
3579,2.596547887026678,63.19753428088157,18215.765052539784
3580,2.59608619915175,63.16091442687453,18201.50189596392
3581,2.595624591441274,63.12431427969744,18187.24842461606
3582,2.5951630638803675,63.08773382883313,18173.004633924047
3583,2.5947016164541576,63.051173063778805,18158.770519314698
3584,2.594240249147783,63.01463197403221,18144.546076213803
3585,2.5937789619463922,62.97811054910182,18130.331300046168
3586,2.5933177548351454,62.94160877849804,18116.126186235593
3587,2.592856627799212,62.90512665174291,18101.9307302049
3588,2.5923955808237737,62.868664158358094,18087.744927375934
3589,2.5919346138940216,62.832221287874695,18073.568773169536
3590,2.5914737269951575,62.795798029832454,18059.402263005624
3591,2.591012920112395,62.759394373772864,18045.245392303117
3592,2.5905521932309568,62.72301030924795,18031.098156480006
3593,2.590091546336077,62.686645825812754,18016.96055095334
3594,2.589630979413,62.65030091302948,18002.832571139206
3595,2.5891704924469816,62.61397556046561,17988.714212452756
3596,2.588710085423287,62.577669757698075,17974.60547030826
3597,2.588249758327193,62.54138349430669,17960.506340119024
3598,2.5877895111439857,62.50511675987726,17946.416817297464
3599,2.5873293438589635,62.46886954400663,17932.33689725508
3600,2.586869256457434,62.432641836289555,17918.266575402515
3601,2.586409248924716,62.39643362633524,17904.20584714945
3602,2.585949321246139,62.36024490375292,17890.154707904752
3603,2.5854894734070415,62.324075658163174,17876.113153076378
3604,2.585029705392775,62.2879258791876,17862.08117807141
3605,2.584570017188699,62.25179555646012,17848.05877829609
3606,2.584110408780186,62.21568467961353,17834.045949155792
3607,2.5836508801526175,62.17959323829056,17820.042686055018
3608,2.5831914312913855,62.143521222142056,17806.048984397472
3609,2.582732062181893,62.10746862082074,17792.064839586
3610,2.5822727728095534,62.07143542398983,17778.09024702261
3611,2.5818135631597903,62.03542162131422,17764.125202108506
3612,2.581354433218038,61.999427202470585,17750.16970024406
3613,2.580895382969741,61.963452157133695,17736.223736828855
3614,2.5804364124003554,61.92749647499239,17722.28730726165
3615,2.579977521495346,61.891560145737294,17708.360406940425
3616,2.579518710240189,61.855643159064826,17694.443031262363
3617,2.579059978620372,61.81974550468157,17680.53517562388
3618,2.5786013266213907,61.783867172295444,17666.636835420588
3619,2.5781427542287534,61.74800815162282,17652.748006047357
3620,2.577684261427978,61.71216843238474,17638.868682898286
3621,2.5772258482045927,61.67634800431165,17624.998861366726
3622,2.576767514544136,61.64054685713544,17611.138536845272
3623,2.576309260432158,61.60476498059877,17597.287704725764
3624,2.575851085854217,61.56900236444802,17583.44636039933
3625,2.5753929907958844,61.53325899843223,17569.614499256364
3626,2.5749349752427393,61.49753487231336,17555.79211668653
3627,2.574477039180373,61.46182997585372,17541.979208078767
3628,2.574019182594387,61.426144298826195,17528.17576882135
3629,2.573561405470392,61.39047783100532,17514.381794301793
3630,2.573103707794011,61.354830562177106,17500.59727990695
3631,2.5726460895508754,61.31920248212578,17486.82222102296
3632,2.572188550726628,61.283593580649516,17473.05661303532
3633,2.571731091306922,61.24800384754822,17459.300451328814
3634,2.57127371127742,61.212433272627415,17445.553731287568
3635,2.570816410623797,61.176881845702304,17431.816448295034
3636,2.570359189331736,61.14134955658953,17418.088597734026
3637,2.569902047386931,61.10583639511747,17404.370174986703
3638,2.5694449847750875,61.070342351112465,17390.66117543457
3639,2.56898800148192,61.03486741441478,17376.961594458488
3640,2.5685310974931537,60.999411574865086,17363.271427438714
3641,2.568074272794524,60.96397482231463,17349.590669754845
3642,2.567617527371777,60.92855714661713,17335.919316785883
3643,2.567160861210669,60.89315853763357,17322.257363910212
3644,2.5667042742969657,60.85777898523071,17308.604806505606
3645,2.5662477666164443,60.8224184792804,17294.96163994924
3646,2.5657913381548916,60.787077009663555,17281.327859617704
3647,2.5653349888981047,60.751754566262974,17267.703460886984
3648,2.564878718831891,60.71645113897136,17254.088439132498
3649,2.5644225279420687,60.68116671768459,17240.48278972909
3650,2.5639664162144653,60.64590129230514,17226.886508051022
3651,2.563510383634919,60.6106548527417,17213.299589472008
3652,2.563054430189278,60.57542738890777,17199.72202936519
3653,2.5625985558634015,60.540218890726074,17186.153823103192
3654,2.5621427606431575,60.50502934812079,17172.594966058063
3655,2.5616870445144255,60.46985875102769,17159.0454536013
3656,2.561231407463095,60.43470708938069,17145.50528110393
3657,2.560775849475065,60.399574353127555,17131.974443936397
3658,2.560320370536245,60.36446053221673,17118.45293746865
3659,2.559864970632556,60.32936561660354,17104.940757070122
3660,2.5594096497499264,60.29428959625218,17091.437898109743
3661,2.5589544078742974,60.25923246112952,17077.94435595594
3662,2.5584992449916193,60.22419420120917,17064.46012597664
3663,2.558044161087852,60.189174806469886,17050.98520353928
3664,2.5575891561489668,60.15417426689939,17037.519584010824
3665,2.557134230160944,60.11919257248695,17024.06326275776
3666,2.556679383109775,60.0842297132322,17010.61623514611
3667,2.5562246149814603,60.04928567913717,16997.178496541394
3668,2.5557699257620117,60.014360460211165,16983.75004230874
3669,2.55531531543745,59.97945404646901,16970.33086781277
3670,2.5548607839938073,59.9445664279305,16956.92096841768
3671,2.5544063314171246,59.90969759462462,16943.520339487204
3672,2.5539519576934535,59.87484753658177,16930.12897638469
3673,2.553497662808856,59.84001624384251,16916.746874473025
3674,2.553043446749404,59.80520370645016,16903.374029114668
3675,2.552589309501179,59.77040991445465,16890.010435671655
3676,2.5521352510502737,59.73563485791218,16876.65608950567
3677,2.55168127138279,59.700878526883365,16863.310985977918
3678,2.5512273704848396,59.66614091143812,16849.975120449246
3679,2.550773548342545,59.63142200164762,16836.648488280094
3680,2.550319804942039,59.59672178759467,16823.33108483054
3681,2.549866140269463,59.56204025935974,16810.022905460242
3682,2.54941255431097,59.52737740703727,16796.72394552851
3683,2.5489590470527217,59.492733220721746,16783.43420039428
3684,2.548505618480891,59.458107690517984,16770.153665416132
3685,2.5480522685816602,59.423500806533205,16756.882335952265
3686,2.5475989973412223,59.38891255888169,16743.620207360545
3687,2.547145804745779,59.35434293768324,16730.367274998487
3688,2.5466926907815433,59.31979193306269,16717.123534223265
3689,2.5462396554347375,59.28525953515357,16703.888980391726
3690,2.545786698691594,59.25074573409123,16690.663608860377
3691,2.5453338205383553,59.21625052002082,16677.447414985403
3692,2.5448810209612738,59.18177388308914,16664.24039412268
3693,2.544428299946612,59.14731581345406,16651.042541627765
3694,2.543975657480642,59.11287630127276,16637.853852855907
3695,2.5435230935496462,59.078455336711286,16624.674323162068
3696,2.5430706081399173,59.044052909943964,16611.50394790091
3697,2.542618201237757,59.00966901114618,16598.342722426794
3698,2.5421658728294783,58.97530363050389,16585.190642093825
3699,2.5417136229014026,58.940956758204585,16572.047702255782
3700,2.541261451439862,58.90662838444341,16558.91389826624
3701,2.5408093584311984,58.872318499420054,16545.78922547846
3702,2.540357343861764,58.83802709334301,16532.673679245447
3703,2.539905407717921,58.80375415642331,16519.567254919955
3704,2.5394535499860402,58.76949967887783,16506.46994785452
3705,2.539001770652504,58.73526365093324,16493.38175340139
3706,2.538550069703703,58.70104606281455,16480.302666912594
3707,2.53809844712604,58.666846904759964,16467.232683739905
3708,2.537646902905925,58.63266616700811,16454.171799234926
3709,2.53719543702978,58.59850383980742,16441.120008749003
3710,2.536744049484035,58.56435991340799,16428.077307633244
3711,2.5362927402551323,58.53023437807065,16415.043691238574
3712,2.5358415093295217,58.49612722405589,16402.019154915728
3713,2.535390356693664,58.462038441632664,16389.003694015206
3714,2.5349392823340295,58.427968021078094,16375.997303887336
3715,2.534488286237099,58.39391595267049,16362.999979882252
3716,2.534037368389362,58.3598822266983,16350.011717349898
3717,2.533586528777319,58.3258668334523,16337.032511640062
3718,2.5331357673874795,58.29186976323004,16324.062358102345
3719,2.532685084206363,58.25789100633349,16311.101252086168
3720,2.532234479220499,58.22393055307389,16298.149188940812
3721,2.531783952416427,58.189988393764516,16285.206164015408
3722,2.5313335037806954,58.15606451872458,16272.272172658912
3723,2.5308831332998634,58.12215891828188,16259.34721022014
3724,2.5304328409604997,58.088271582766964,16246.431272047786
3725,2.5299826267491823,58.054402502516815,16233.52435349041
3726,2.5295324906524996,58.020551667873086,16220.62644989642
3727,2.5290824326570496,57.98671906918633,16207.737556614104
3728,2.5286324527494397,57.9529046968082,16194.85766899165
3729,2.5281825509162874,57.91910854110068,16181.986782377138
3730,2.52773272714422,57.88533059242876,16169.124892118505
3731,2.5272829814198743,57.85157084116019,16156.271993563621
3732,2.526833313729897,57.817829277674484,16143.428082060227
3733,2.5263837240609446,57.78410589235174,16130.593152956013
3734,2.5259342123996826,57.75040067558145,16117.767201598544
3735,2.5254847787327876,57.71671361775496,16104.950223335329
3736,2.525035423046945,57.68304470927412,16092.142213513782
3737,2.5245861453288496,57.649393940540236,16079.34316748126
3738,2.524136945565207,57.61576130196356,16066.553080585061
3739,2.523687823742731,57.582146783961136,16053.771948172387
3740,2.523238779848147,57.54855037695236,16040.999765590417
3741,2.5227898138681883,57.51497207136614,16028.236528186288
3742,2.5223409257895986,57.48141185763356,16015.482231307064
3743,2.5218921155991314,57.44786972619254,16002.736870299781
3744,2.52144338328355,57.41434566748537,15990.000440511436
3745,2.520994728829627,57.38083967196323,15977.272937289017
3746,2.5205461522241444,57.347351730079524,15964.554355979468
3747,2.5200976534538944,57.31388183229323,15951.84469192971
3748,2.519649232505679,57.28042996907203,15939.143940486649
3749,2.519200889366309,57.24699613088619,15926.45209699722
3750,2.5187526240226057,57.21358030821226,15913.769156808306
3751,2.518304436461399,57.18018249153141,15901.095115266817
3752,2.5178563266695297,57.14680267133343,15888.429967719645
3753,2.5174082946338476,57.113440838109625,15875.773709513735
3754,2.5169603403412117,57.080096982360764,15863.126335996012
3755,2.5165124637784912,57.046771094591236,15850.487842513443
3756,2.5160646649325646,57.01346316530757,15837.858224413
3757,2.51561694379032,56.98017318502834,15825.237477041721
3758,2.5151693003386555,56.94690114427216,15812.625595746631
3759,2.514721734564478,56.913647033567564,15800.022575874851
3760,2.5142742464547045,56.88041084344417,15787.42841277349
3761,2.5138268359962614,56.8471925644426,15774.843101789778
3762,2.5133795031760853,56.81399218710122,15762.266638270941
3763,2.512932247981121,56.78080970197163,15749.699017564288
3764,2.5124850703983244,56.74764509960639,15737.140235017192
3765,2.512037970414659,56.71449837056385,15724.590285977116
3766,2.5115909480171004,56.6813695054106,15712.049165791572
3767,2.5111440031926313,56.648258494716046,15699.51686980816
3768,2.5106971359282455,56.61516532905552,15686.993393374572
3769,2.5102503462109453,56.58208999900929,15674.47873183859
3770,2.5098036340277434,56.54903249516586,15661.97288054809
3771,2.5093569993656617,56.515992808115264,15649.475834851053
3772,2.5089104422117314,56.48297092845693,15636.98759009554
3773,2.508463962552993,56.44996684679387,15624.508141629765
3774,2.5080175603764974,56.41698055373115,15612.037484802022
3775,2.5075712356693036,56.38401203988568,15599.575614960746
3776,2.5071249884184814,56.351061295874636,15587.12252745448
3777,2.5066788186111095,56.31812831232474,15574.678217631907
3778,2.506232726234276,56.285213079864235,15562.242680841839
3779,2.5057867112750785,56.25231558913011,15549.815912433229
3780,2.505340773720624,56.21943583076251,15537.397907755176
3781,2.504894913558029,56.186573795407696,15524.988662156922
3782,2.50444913077442,56.153729473717355,15512.588170987881
3783,2.504003425356932,56.12090285634768,15500.196429597587
3784,2.50355779729271,56.088093933963115,15487.81343333578
3785,2.503112246568908,56.055302697229635,15475.439177552327
3786,2.5026667731726904,56.02252913682365,15463.073657597304
3787,2.50222137709123,55.98977324341967,15450.716868820937
3788,2.501776058311709,55.957035007704754,15438.368806573642
3789,2.5013308168213193,55.92431442036656,15426.029466206031
3790,2.500885652607263,55.89161147210174,15413.698843068889
3791,2.5004405656567505,55.858926153609715,15401.376932513205
3792,2.4999955559570015,55.82625845559592,15389.063729890175
3793,2.499550623495246,55.79360836877128,15376.759230551192
3794,2.4991057682587225,55.76097588385119,15364.463429847869
3795,2.4986609902346797,55.7283609915593,15352.176323132004
3796,2.4982162894103745,55.695763682620665,15339.897905755643
3797,2.4977716657730746,55.66318394776951,15327.628173071054
3798,2.497327119310056,55.63062177774287,15315.36712043072
3799,2.496882650008604,55.59807716328352,15303.114743187361
3800,2.4964382578560143,55.56555009513999,15290.871036693927
3801,2.4959939428395908,55.53304056406489,15278.635996303628
3802,2.495549704946647,55.50054856081947,15266.409617369909
3803,2.495105544164506,55.46807407616601,15254.191895246448
3804,2.4946614604805006,55.43561710087631,15241.982825287214
3805,2.494217453881972,55.403177625724496,15229.782402846411
3806,2.493773524356271,55.370755641490696,15217.590623278515
3807,2.493329671890758,55.338351138959666,15205.407481938268
3808,2.492885896472802,55.305964108924414,15193.23297418068
3809,2.4924421980897824,55.27359454218029,15181.067095361059
3810,2.4919985767290873,55.24124242952771,15168.90984083497
3811,2.491555032378114,55.20890776177684,15156.761205958277
3812,2.491111565024269,55.17659052973558,15144.621186087134
3813,2.4906681746549677,55.144290724224426,15132.48977657799
3814,2.490224861257636,55.112008336064264,15120.366972787599
3815,2.489781624819708,55.079743356085,15108.252770073015
3816,2.4893384653286277,55.047495775119046,15096.147163791584
3817,2.4888953827718474,55.01526558400495,15084.050149300998
3818,2.48845237713683,54.98305277358658,15071.961721959246
3819,2.488009448411046,54.95085733471222,15059.881877124637
3820,2.4875665965819764,54.918679258237816,15047.810610155811
3821,2.487123821637111,54.88651853502123,15035.747916411749
3822,2.486681123563949,54.854375155929475,15023.693791251748
3823,2.4862385023499987,54.82224911183164,15011.648230035458
3824,2.485795957982777,54.79014039360303,14999.611228122862
3825,2.485353490449811,54.758048992124394,14987.582780874307
3826,2.4849110997386363,54.725974898280555,14975.562883650473
3827,2.484468785836798,54.69391810296466,14963.551531812418
3828,2.4840265487318502,54.66187859707107,14951.548720721526
3829,2.4835843884113564,54.629856371504374,14939.554445739599
3830,2.483142304862889,54.59785141716731,14927.568702228758
3831,2.4827002980740303,54.56586372497499,14915.591485551528
3832,2.48225836803237,54.53389328584269,14903.622791070778
3833,2.4818165147255096,54.50194009069472,14891.66261414982
3834,2.481374738141057,54.47000413045788,14879.710950152292
3835,2.480933038266631,54.43808539606401,14867.767794442254
3836,2.480491415089859,54.40618387845426,14855.833142384145
3837,2.480049868598378,54.37429956856775,14843.906989342819
3838,2.4796083987798325,54.342432457356075,14831.989330683518
3839,2.4791670056218784,54.31058253577086,14820.080161771912
3840,2.4787256891121796,54.27874979477298,14808.179477974056
3841,2.4782844492384086,54.24693422532444,14796.287274656437
3842,2.4778432859882478,54.215135818397606,14784.403547185964
3843,2.4774021993493887,54.18335456496371,14772.52829092996
3844,2.476961189309531,54.15159045600236,14760.661501256198
3845,2.4765202558563844,54.1198434825003,14748.803173532839
3846,2.4760793989776677,54.088113635445474,14736.95330312853
3847,2.475638618661108,54.0564009058349,14725.111885412332
3848,2.4751979148944425,54.02470528466797,14713.278915753757
3849,2.4747572876654167,53.99302676294977,14701.454389522765
3850,2.474316736961785,53.96136533169011,14689.638302089772
3851,2.473876262771311,53.92972098190648,14677.830648825651
3852,2.4734358650817687,53.89809370461884,14666.031425101732
3853,2.472995543880939,53.866483490852055,14654.240626289797
3854,2.472555299156613,53.83489033164038,14642.458247762135
3855,2.472115130896591,53.80331421801589,14630.68428489148
3856,2.4716750390886815,53.771755141022986,14618.918733051045
3857,2.471235023720703,53.74021309170623,14607.16158761452
3858,2.470795084780482,53.70868806111914,14595.412843956108
3859,2.470355222255855,53.677180040316806,14583.672497450472
3860,2.4699154361346674,53.64568902036252,14571.940543472783
3861,2.4694757264047724,53.61421499232341,14560.216977398697
3862,2.4690360930540334,53.582757947268696,14548.501794604394
3863,2.468596536070322,53.55131787627847,14536.794990466527
3864,2.46815705544152,53.519894770432956,14525.09656036229
3865,2.4677176511555166,53.488488620821514,14513.406499669374
3866,2.467278323200211,53.45709941853469,14501.72480376599
3867,2.466839071563511,53.42572715467308,14490.05146803087
3868,2.4663998962333333,53.394371820335124,14478.38648784328
3869,2.4659607971976043,53.363033406631665,14466.729858582978
3870,2.4655217744442584,53.33171190467442,14455.08157563032
3871,2.4650828279612393,53.30040730558039,14443.44163436614
3872,2.4646439577364996,53.26911960047441,14431.810030171846
3873,2.464205163758001,53.23784878048363,14420.186758429367
3874,2.463766446013714,53.20659483674085,14408.5718145212
3875,2.463327804491618,53.17535776038343,14396.965193830392
3876,2.4628892391797006,53.14413754255652,14385.366891740536
3877,2.46245075006596,53.112934174406284,14373.776903635793
3878,2.462012337138402,53.08174764708805,14362.195224900886
3879,2.461574000385042,53.050577951760275,14350.621850921107
3880,2.461135739793903,53.019425079583186,14339.056777082315
3881,2.460697555353019,52.98828902172823,14327.499998770942
3882,2.4602594470504306,52.95716976936691,14315.951511374018
3883,2.459821414874189,52.92606731367967,14304.41131027914
3884,2.4593834588123538,52.89498164584809,14292.879390874483
3885,2.4589455788529926,52.86391275706367,14281.355748548824
3886,2.458507774984183,52.83286063851694,14269.840378691559
3887,2.458070047194011,52.80182528140654,14258.333276692632
3888,2.457632395470572,52.770806676937994,14246.834437942623
3889,2.4571948198019693,52.73980481631801,14235.343857832702
3890,2.4567573201763153,52.708819690762084,14223.861531754672
3891,2.456319896581731,52.67785129148696,14212.387455100921
3892,2.455882549006348,52.64689960971913,14200.921623264465
3893,2.4554452774383035,52.61596463668327,14189.46403163894
3894,2.455008081865747,52.585046363615945,14178.014675618611
3895,2.454570962276834,52.55414478175476,14166.573550598368
3896,2.4541339186597306,52.52325988234231,14155.140651973725
3897,2.453696951002611,52.492391656629174,14143.71597514084
3898,2.4532600592936586,52.461540095867896,14132.299515496514
3899,2.4528232435210646,52.43070519131694,14120.891268438172
3900,2.45238650367303,52.39988693423908,14109.49122936391
3901,2.451949839737764,52.369085315904215,14098.099393672452
3902,2.4515132517034854,52.33830032758411,14086.715756763193
3903,2.4510767395584203,52.30753196055906,14075.340314036164
3904,2.4506403032908053,52.27678020611241,14063.973060892093
3905,2.4502039428888844,52.24604505552955,14052.613992732322
3906,2.4497676583409107,52.21532650010658,14041.263104958907
3907,2.4493314496351464,52.18462453113986,14029.920392974549
3908,2.4488953167598626,52.15393913993432,14018.58585218264
3909,2.448459259703338,52.12327031779624,14007.259477987225
3910,2.448023278453862,52.092618056041495,13995.941265793062
3911,2.44758737299973,52.061982345984134,13984.631211005577
3912,2.447151543329249,52.031363178949846,13973.329309030893
3913,2.4467157894307325,52.00076054626555,13962.035555275816
3914,2.446280111292504,51.97017443926309,13950.749945147863
3915,2.445844508902895,51.93960484928189,13939.472474055246
3916,2.4454089822502465,51.9090517676627,13928.203137406868
3917,2.444973531322907,51.878515185755845,13916.941930612351
3918,2.444538156109235,51.84799509490978,13905.688849082031
3919,2.4441028565975964,51.81749148648476,13894.44388822695
3920,2.443667632776367,51.787004351841034,13883.207043458873
3921,2.4432324846339304,51.75653368234756,13871.97831019027
3922,2.4427974121586793,51.72607946937541,13860.757683834372
3923,2.442362415339015,51.69564170430153,13849.545159805097
3924,2.441927494163347,51.6652203785075,13838.34073351712
3925,2.441492648620094,51.634815483379114,13827.144400385829
3926,2.4410578786976833,51.60442701030981,13815.956155827385
3927,2.4406231843845507,51.57405495069412,13804.775995258658
3928,2.440188565669141,51.543699295935106,13793.603914097284
3929,2.4397540225399066,51.513360037438204,13782.43990776162
3930,2.4393195549853095,51.48303716661414,13771.28397167081
3931,2.43888516299382,51.45273067487895,13760.13610124474
3932,2.4384508465539176,51.42244055365244,13748.99629190404
3933,2.4380166056540893,51.392166794362026,13737.864539070111
3934,2.437582440282831,51.361909388436395,13726.74083816514
3935,2.437148350428648,51.331668327313636,13715.625184612052
3936,2.4367143360800534,51.301443602430126,13704.517573834555
3937,2.4362803972255693,51.27123520523355,13693.418001257147
3938,2.435846533853726,51.24104312717208,13682.326462305084
3939,2.435412745953063,51.21086735970217,13671.24295240443
3940,2.434979033512127,51.180707894282605,13660.167466981995
3941,2.4345453965194754,51.15056472237732,13649.1000014654
3942,2.4341118349636726,51.12043783545566,13638.040551283084
3943,2.4336783488332916,51.090327224990645,13626.98911186424
3944,2.433244938116915,51.06023288246304,13615.94567863888
3945,2.432811602803133,51.030154799354506,13604.910247037804
3946,2.432378342880544,51.000092967155496,13593.882812492648
3947,2.431945158337756,50.97004737735722,13582.863370435825
3948,2.4315120491633855,50.94001802146077,13571.851916300573
3949,2.4310790153460564,50.910004890965894,13560.848445520938
3950,2.4306460568744024,50.88000797738046,13549.852953531803
3951,2.430213173737065,50.850027272218675,13538.865435768856
3952,2.429780365922694,50.82006276699603,13527.885887668604
3953,2.429347633419948,50.79011445323634,13516.9143046684
3954,2.4289149762174946,50.76018232246572,13505.950682206421
3955,2.4284823943040093,50.73026636621537,13494.99501572168
3956,2.428049887668176,50.70036657602106,13484.047300654021
3957,2.4276174562986874,50.67048294342568,13473.10753244413
3958,2.4271851001842446,50.6406154599743,13462.175706533553
3959,2.4267528193135575,50.61076411721668,13451.251818364659
3960,2.4263206136753435,50.58092890671117,13440.335863380693
3961,2.4258884832583294,50.55110982001403,13429.427837025716
3962,2.4254564280512505,50.521306848693314,13418.527734744703
3963,2.4250244480428496,50.491519984316774,13407.635551983436
3964,2.424592543221879,50.46174921846079,13396.75128418858
3965,2.424160713577099,50.43199454270369,13385.874926807666
3966,2.4237289590972777,50.40225594862962,13375.006475289105
3967,2.423297279771193,50.37253342782708,13364.145925082163
3968,2.4228656755876306,50.34282697188876,13353.293271636981
3969,2.422434146535384,50.31313657241465,13342.4485104046
3970,2.4220026926032556,50.283462221005955,13331.61163683692
3971,2.4215713137800567,50.253803909272165,13320.782646386744
3972,2.4211400100546063,50.22416162882386,13309.961534507744
3973,2.420708781415732,50.194535371281006,13299.148296654503
3974,2.4202776278522697,50.164925128262524,13288.342928282473
3975,2.419846549353064,50.135330891395085,13277.545424848035
3976,2.419415545906968,50.105752652311786,13266.75578180845
3977,2.4189846175028427,50.07619040264678,13255.973994621883
3978,2.4185537641295576,50.0466441340426,13245.200058747405
3979,2.4181229857759905,50.01711383814382,13234.433969645006
3980,2.417692282431028,49.98759950660074,13223.675722775579
3981,2.417261654083565,49.95810113106666,13212.925313600934
3982,2.4168311007225043,49.928618703203234,13202.182737583798
3983,2.416400622336757,49.899152214673705,13191.447990187831
3984,2.4159702189152434,49.869701657146095,13180.721066877606
3985,2.415539890446891,49.8402670222967,13170.001963118622
3986,2.415109636920637,49.810848301799986,13159.290674377304
3987,2.4146794583254247,49.78144548734165,13148.58719612104
3988,2.4142493546502086,49.75205857060753,13137.89152381811
3989,2.4138193258839493,49.72268754329165,13127.203652937773
3990,2.413389372015617,49.693332397089144,13116.523578950202
3991,2.4129594930341893,49.66399312370436,13105.851297326533
3992,2.4125296889286525,49.63466971484074,13095.186803538843
3993,2.4120999596880015,49.60536216220925,13084.530093060155
3994,2.411670305301239,49.576070457527265,13073.881161364452
3995,2.4112407257573762,49.54679459251312,13063.24000392668
3996,2.410811221045433,49.5175345588936,13052.606616222729
3997,2.4103817911544367,49.488290348397335,13041.980993729467
3998,2.4099524360734232,49.459061952758326,13031.363131924712
3999,2.409523155791437,49.42984936371456,13020.75302628727
4000,2.4090939502975313,49.40065257300908,13010.150672296902
4001,2.408664819580766,49.37147157239333,12999.556065434346
4002,2.4082357636302105,49.34230635361708,12988.969201181335
4003,2.4078067824349425,49.31315690844131,12978.390075020547
4004,2.407377875984047,49.284023228622154,12967.818682435667
4005,2.406949044266618,49.25490530593005,12957.255018911377
4006,2.4065202872717575,49.22580313213429,12946.699079933313
4007,2.406091604988576,49.196716699012505,12936.150860988135
4008,2.405662997406192,49.16764599834327,12925.61035756346
4009,2.405234464513732,49.13859102191336,12915.077565147942
4010,2.404806006300331,49.10955176151152,12904.552479231219
4011,2.4043776227551326,49.08052820893112,12894.035095303923
4012,2.403949313867287,49.05152035597259,12883.525408857702
4013,2.403521079625955,49.022528194440554,12873.023415385207
4014,2.403092920020304,48.99355171613892,12862.5291103801
4015,2.4026648350395092,48.96459091288235,12852.042489337062
4016,2.4022368246727552,48.93564577648614,12841.563547751768
4017,2.4018088889092346,48.90671629877561,12831.092281120948
4018,2.4013810277381475,48.87780247157535,12820.628684942345
4019,2.4009532411487027,48.84890428671612,12810.17275471469
4020,2.4005255291301166,48.820021736033524,12799.724485937786
4021,2.400097891671615,48.791154811366056,12789.283874112454
4022,2.39967032876243,48.76230350456122,12778.850914740522
4023,2.399242840391804,48.73346780746679,12768.425603324908
4024,2.3988154265489854,48.704647711936396,12758.007935369491
4025,2.398388087223232,48.67584320982863,12747.597906379267
4026,2.39796082240381,48.64705429300576,12737.195511860238
4027,2.3975336320799925,48.61828095333546,12726.800747319445
4028,2.397106516241062,48.589523182689604,12716.413608265
4029,2.396679474876308,48.56078097294496,12706.03409020606
4030,2.3962525079750288,48.53205431598021,12695.662188652823
4031,2.395825615526531,48.5033432036847,12685.297899116567
4032,2.3953987975201287,48.474647627946766,12674.941217109601
4033,2.3949720539451445,48.44596758066097,12664.592138145323
4034,2.394545384790909,48.41730305372468,12654.250657738188
4035,2.3941187900467606,48.38865403904513,12643.916771403712
4036,2.3936922697020466,48.36002052852867,12633.590474658478
4037,2.3932658237461215,48.331402514088076,12623.271763020168
4038,2.392839452168348,48.30279998764245,12612.9606320075
4039,2.3924131549580974,48.27421294110792,12602.657077140311
4040,2.3919869321047487,48.245641366416045,12592.361093939484
4041,2.3915607835976886,48.217085255495924,12582.072677926993
4042,2.391134709426313,48.1885446002828,12571.791824625932
4043,2.390708709580024,48.160019392714624,12561.518529560426
4044,2.390282784048234,48.13150962473911,12551.252788255737
4045,2.3898569328203614,48.1030152883033,12540.99459623822
4046,2.389431155885834,48.07453637536034,12530.743949035275
4047,2.389005453234087,48.046072877868085,12520.500842175465
4048,2.388579824854564,48.01762478778682,12510.265271188415
4049,2.3881542707367167,47.989192097086764,12500.037231604862
4050,2.387728790870004,47.96077479773929,12489.816718956665
4051,2.387303385243893,47.93237288171611,12479.603728776761
4052,2.38687805384786,47.903986340997534,12469.39825659923
4053,2.3864527966713873,47.875615167571645,12459.20029795925
4054,2.3860276137039675,47.84725935342562,12449.00984839312
4055,2.3856025049350995,47.81891889055309,12438.826903438256
4056,2.3851774703542907,47.79059377095198,12428.651458633185
4057,2.3847525099510567,47.76228398662281,12418.48350951757
4058,2.384327623714921,47.73398952957612,12408.32305163222
4059,2.3839028116354144,47.7057103918214,12398.170080519023
4060,2.3834780737020766,47.67744656537436,12388.024591721041
4061,2.3830534099044547,47.649198042253616,12377.886580782455
4062,2.382628820232104,47.620964814487145,12367.756043248577
4063,2.3822043046745875,47.59274687410434,12357.632974665872
4064,2.381779863221477,47.56454421313472,12347.517370581936
4065,2.381355495862351,47.536356823618185,12337.4092265455
4066,2.3809312025867966,47.508184697595595,12327.308538106472
4067,2.3805069833844086,47.48002782711695,12317.21530081586
4068,2.3800828382447903,47.45188620423191,12307.12951022587
4069,2.379658767157552,47.423759820996054,12297.051161889844
4070,2.379234770112313,47.39564866946773,12286.980251362262
4071,2.3788108470986993,47.36755274171487,12276.9167741988
4072,2.378386998106346,47.33947202980471,12266.860725956254
4073,2.3779632231248953,47.31140652581048,12256.812102192605
4074,2.3775395221439974,47.28335622180983,12246.77089846701
4075,2.377115895153311,47.25532110988523,12236.737110339758
4076,2.3766923421425017,47.227301182122595,12226.710733372347
4077,2.376268863101244,47.19929643061315,12216.691763127426
4078,2.3758454580192194,47.17130684745208,12206.680195168818
4079,2.375422126886118,47.14333242473915,12196.676025061535
4080,2.374998869691637,47.115373154576744,12186.679248371747
4081,2.3745756864254823,47.08742902907666,12176.689860666836
4082,2.3741525770773673,47.05950004035045,12166.707857515348
4083,2.373729541637013,47.03158618051452,12156.73323448702
4084,2.3733065800941486,47.00368744168915,12146.765987152774
4085,2.3728836924385113,46.97580381600372,12136.80611108473
4086,2.3724608786598456,46.947935295586745,12126.853601856197
4087,2.3720381387479037,46.92008187257311,12116.90845504169
4088,2.3716154726924468,46.89224353910362,12106.970666216896
4089,2.3711928804832425,46.86442028731623,12097.040230958726
4090,2.3707703621100675,46.836612109363976,12087.1171448453
4091,2.3703479175627056,46.808818997397374,12077.201403455909
4092,2.3699255468309484,46.781040943572805,12067.29300237108
4093,2.369503249904595,46.753277940049465,12057.391937172551
4094,2.3690810267734537,46.72552997899578,12047.498203443252
4095,2.3686588774273387,46.697797052579766,12037.611796767344
4096,2.3682368018560735,46.67007915297517,12027.73271273018
4097,2.3678148000494885,46.64237627236008,12017.860946918365
4098,2.3673928719974224,46.61468840291545,12007.996494919707
4099,2.3669710176897216,46.58701553683147,11998.13935232323
4100,2.36654923711624,46.559357666299555,11988.289514719201
4101,2.3661275302668394,46.5317147835114,11978.446977699094
4102,2.3657058971313893,46.50408688066691,11968.611736855624
4103,2.3652843376997676,46.47647394997381,11958.783787782748
4104,2.364862851961859,46.44887598363867,11948.96312607563
4105,2.364441439907556,46.42129297387435,11939.149747330692
4106,2.36402010152676,46.393724912897916,11929.343647145595
4107,2.3635988368093788,46.36617179292907,11919.544821119223
4108,2.363177645745329,46.33863360619689,11909.75326485172
4109,2.362756528324534,46.31111034492961,11899.968973944455
4110,2.3623354845369255,46.28360200136148,11890.191944000073
4111,2.361914514372443,46.256108567729584,11880.422170622453
4112,2.3614936178210333,46.22863003628192,11870.65964941671
4113,2.3610727948726513,46.20116639926013,11860.90437598923
4114,2.3606520455172593,46.17371764891766,11851.156345947662
4115,2.3602313697448274,46.14628377751014,11841.415554900892
4116,2.3598107675453335,46.11886477729599,11831.681998459086
4117,2.359390238908763,46.09146064054284,11821.95567223365
4118,2.3589697838251094,46.06407135951744,11812.236571837266
4119,2.3585494022843734,46.03669692649283,11802.5246928839
4120,2.358129094276564,46.00933733374428,11792.820030988749
4121,2.3577088597916966,45.9819925735566,11783.122581768312
4122,2.357288698819796,45.95466263821369,11773.432340840349
4123,2.3568686113508934,45.927347520005405,11763.749303823884
4124,2.356448597375028,45.900047211226024,11754.07346633924
4125,2.356028656882247,45.87276170417409,11744.404824007992
4126,2.355608789862605,45.845490991151664,11734.74337245302
4127,2.355188996306164,45.81823506446614,11725.089107298485
4128,2.354769276202994,45.79099391642849,11715.44202416981
4129,2.3543496295431727,45.76376753935249,11705.802118693726
4130,2.353930056316785,45.736555925561056,11696.169386498255
4131,2.353510556513924,45.70935906737646,11686.543823212694
4132,2.3530911301246897,45.68217695712674,11676.925424467652
4133,2.3526717771391903,45.65500958714425,11667.314185895002
4134,2.3522524975475414,45.627856949763824,11657.710103127953
4135,2.3518332913398665,45.600719037329725,11648.113171800995
4136,2.3514141585062966,45.57359584218513,11638.523387549903
4137,2.35099509903697,45.546487356681254,11628.940746011785
4138,2.3505761129220324,45.519393573166134,11619.365242825046
4139,2.3501572001516378,45.492314484002414,11609.79687362938
4140,2.349738360715947,45.46525008155056,11600.235634065812
4141,2.34931959460513,45.43820035817655,11590.681519776666
4142,2.3489009018093623,45.4111653062506,11581.134526405576
4143,2.348482282318828,45.38414491814566,11571.594649597517
4144,2.3480637361237187,45.35713918624364,11562.06188499874
4145,2.3476452632142335,45.330148102925776,11552.536228256851
4146,2.347226863580579,45.30317166057922,11543.017675020768
4147,2.34680853721297,45.27620985159343,11533.506220940708
4148,2.3463902841016275,45.2492626683673,11524.001861668256
4149,2.3459721042367816,45.22233010329878,11514.504592856278
4150,2.345553997608669,45.19541214879356,11505.014410159005
4151,2.345135964207534,45.168508797255846,11495.531309231987
4152,2.3447180040236284,45.141620041098165,11486.055285732087
4153,2.344300117047212,45.11474587274007,11476.586335317535
4154,2.343882303268552,45.087886284600465,11467.124453647888
4155,2.343464562677922,45.06104126910397,11457.669636384022
4156,2.343046895265605,45.03421081867796,11448.221879188179
4157,2.34262930102189,45.00739492575861,11438.781177723915
4158,2.3422117799370747,44.98059358278149,11429.34752765616
4159,2.3417943320014634,44.95380678218795,11419.920924651182
4160,2.341376957205368,44.92703451642352,11410.501364376581
4161,2.3409596555391086,44.900276777936156,11401.08884250131
4162,2.3405424269930117,44.87353355918529,11391.683354695711
4163,2.3401252715574117,44.84680485262248,11382.284896631418
4164,2.3397081892226512,44.820090650712324,11372.893463981476
4165,2.3392911799790794,44.79339094591928,11363.509052420242
4166,2.3388742438170533,44.766705730717,11354.131657623466
4167,2.338457380726937,44.740034997578306,11344.761275268249
4168,2.338040590699103,44.7133787389819,11335.397901033042
4169,2.33762387372393,44.68673694741056,11326.041530597679
4170,2.337207229791805,44.66010961534955,11316.692159643357
4171,2.3367906588931224,44.633496735292944,11307.349783852618
4172,2.336374161018284,44.60689829973444,11298.014398909414
4173,2.3359577361576993,44.5803143011733,11288.686000499029
4174,2.3355413843017843,44.553744732111156,11279.364584308143
4175,2.3351251054409627,44.52718958506064,11270.050146024825
4176,2.3347088995656664,44.50064885252802,11260.742681338483
4177,2.334292766666334,44.47412252703085,11251.442185939932
4178,2.3338767067334123,44.44761060108891,11242.148655521367
4179,2.3334607197573543,44.421113067224404,11232.86208577635
4180,2.3330448057286213,44.39462991796874,11223.582472399848
4181,2.332628964637682,44.368161145852284,11214.30981108819
4182,2.3322131964750117,44.34170674341121,11205.04409753911
4183,2.3317975012310943,44.31526670318427,11195.785327451735
4184,2.3313818788964205,44.28884101771903,11186.53349652657
4185,2.330966329461488,44.26242967956229,11177.28860046552
4186,2.330550852916802,44.236032681266636,11168.050634971889
4187,2.330135449252876,44.2096500153905,11158.819595750365
4188,2.3297201184602296,44.18328167448932,11149.59547850705
4189,2.3293048605293905,44.15692765113288,11140.378278949434
4190,2.3288896754508936,44.13058793788842,11131.167992786413
4191,2.328474563215281,44.10426252732884,11121.964615728295
4192,2.3280595238131023,44.07795141202955,11112.768143486775
4193,2.327644557234915,44.05165458457476,11103.578571774966
4194,2.327229663471283,44.025372037548024,11094.395896307404
4195,2.3268148425127775,43.99910376353841,11085.220112800003
4196,2.326400094349978,43.97284975513923,11076.05121697012
4197,2.325985418973471,43.946610004946045,11066.889204536501
4198,2.32557081637385,43.9203845055634,11057.734071219329
4199,2.325156286541716,43.894173249595134,11048.585812740195
4200,2.3247418294676767,43.867976229652456,11039.444424822095
4201,2.3243274451423486,43.84179343834347,11030.309903189469
4202,2.3239131335563536,43.81562486829077,11021.182243568173
4203,2.3234988947003226,43.78947051211417,11012.061441685468
4204,2.323084728564893,43.76333036243942,11002.947493270078
4205,2.32267063514071,43.73720441189598,10993.840394052098
4206,2.3222566144184245,43.71109265311589,10984.74013976311
4207,2.321842666388697,43.684995078739995,10975.646726136101
4208,2.3214287910421936,43.65891168140825,10966.56014890548
4209,2.3210149883695883,43.63284245376654,10957.480403807102
4210,2.3206012583615627,43.606787388462934,10948.40748657827
4211,2.320187601008805,43.58074647815418,10939.341392957682
4212,2.319774016302011,43.55471971549834,10930.282118685525
4213,2.3193605042318834,43.528707093153486,10921.229659503393
4214,2.318947064789133,43.50270860378725,10912.18401115433
4215,2.318533697964477,43.476724240067774,10903.145169382839
4216,2.31812040374864,43.450753994671835,10894.113129934829
4217,2.317707182132354,43.424797860275774,10885.0878885577
4218,2.317294033106359,43.39885582956129,10876.06944100028
4219,2.3168809566614006,43.372927895212534,10867.057783012837
4220,2.316467952788233,43.34701404992233,10858.052910347113
4221,2.316055021477617,43.32111428638288,10849.05481875628
4222,2.3156421627203203,43.295228597291874,10840.06350399497
4223,2.315229376507119,43.26935697535102,10831.078961819294
4224,2.314816662828795,43.24349941326621,10822.101187986787
4225,2.314404021676139,43.217655903746596,10813.13017825647
4226,2.313991453039947,43.191826439506016,10804.1659283888
4227,2.313578956911024,43.16601101326206,10795.208434145712
4228,2.3131665332801807,43.14020961773476,10786.257691290608
4229,2.312754182138236,43.11442224565277,10777.31369558834
4230,2.3123419034760158,43.088648889743965,10768.376442805251
4231,2.3119296972843526,43.06288954274186,10759.44592870912
4232,2.311517563554087,43.037144197383796,10750.522149069215
4233,2.3111055022760665,43.01141284640965,10741.605099656286
4234,2.310693513441145,42.98569548256781,10732.69477624252
4235,2.310281597040184,42.95999209860601,10723.791174601618
4236,2.309869753064053,42.93430268727744,10714.894290508744
4237,2.3094579815036274,42.90862724134112,10706.004119740524
4238,2.30904628234979,42.882965753553016,10697.120658075064
4239,2.308634655593432,42.85731821668299,10688.243901291986
4240,2.30822310122545,42.83168462349854,10679.373845172342
4241,2.307811619236749,42.80606496677258,10670.510485498717
4242,2.3074002096182404,42.78045923928042,10661.653818055125
4243,2.306988872360843,42.75486743380629,10652.803838627127
4244,2.3065776074554827,42.72928954313261,10643.960543001735
4245,2.3061664148930925,42.70372556004842,10635.123926967439
4246,2.3057552946646127,42.67817547734625,10626.293986314255
4247,2.3053442467609906,42.65263928782112,10617.470716833683
4248,2.3049332711731805,42.62711698427637,10608.654114318679
4249,2.304522367892144,42.60160855951667,10599.844174563741
4250,2.304111536908849,42.57611400634661,10591.040893364841
4251,2.303700778214272,42.55063331757856,10582.244266519441
4252,2.3032900917993957,42.52516648603166,10573.454289826532
4253,2.3028794776552095,42.49971350452431,10564.670959086572
4254,2.30246893577271,42.474274365880355,10555.894270101531
4255,2.302058466142902,42.44884906292758,10547.124218674906
4256,2.3016480687567964,42.423437588496014,10538.360800611666
4257,2.3012377436054114,42.39803993542432,10529.6040117183
4258,2.300827490679772,42.37265609655032,10520.853847802802
4259,2.30041730997091,42.34728606471735,10512.110304674676
4260,2.300007201469866,42.32192983277114,10503.37337814495
4261,2.2995971651676856,42.29658739356579,10494.643064026135
4262,2.299187201055422,42.27125873995651,10485.919358132276
4263,2.298777309124136,42.24594386479856,10477.202256278933
4264,2.298367489364895,42.22064276095643,10468.491754283164
4265,2.2979577417687738,42.19535542129527,10459.787847963575
4266,2.2975480663268537,42.170081838688496,10451.090533140256
4267,2.297138463030224,42.14482200600892,10442.399805634836
4268,2.2967289318699793,42.11957591613481,10433.715661270468
4269,2.2963194728372227,42.094343561946616,10425.038095871814
4270,2.2959100859230643,42.069124936333324,10416.367105265068
4271,2.29550077111862,42.043920032183266,10407.70268527796
4272,2.295091528415014,42.01872884238994,10399.044831739722
4273,2.294682357803377,41.9935513598509,10390.393540481135
4274,2.2942732592748465,41.9683875774678,10381.748807334498
4275,2.2938642328205674,41.94323748814512,10373.11062813364
4276,2.293455278431691,41.91810108479233,10364.478998713937
4277,2.293046396099376,41.89297836032216,10355.853914912273
4278,2.2926375858147883,41.86786930764997,10347.23537256709
4279,2.2922288475691004,41.84277391969918,10338.623367518365
4280,2.2918201813534917,41.817692189392716,10330.017895607572
4281,2.291411587159149,41.79262410965876,10321.418952677794
4282,2.2910030649772657,41.76756967342943,10312.826534573589
4283,2.2905946147990424,41.74252887363898,10304.240637141078
4284,2.290186236615686,41.71750170323026,10295.66125622795
4285,2.2897779304184116,41.692488155145114,10287.088387683394
4286,2.28936969619844,41.66748822233099,10278.522027358173
4287,2.2889615339469995,41.64250189773936,10269.962171104598
4288,2.2885534436553256,41.61752917432453,10261.408814776498
4289,2.2881454253146605,41.59257004504555,10252.861954229285
4290,2.287737478916253,41.56762450286515,10244.32158531989
4291,2.287329604451359,41.5426925407496,10235.787703906824
4292,2.2869218019112414,41.51777415166774,10227.260305850143
4293,2.2865140712871703,41.49286932859637,10218.739387011421
4294,2.2861064125704225,41.467978064511954,10210.224943253847
4295,2.2856988257522812,41.44310035239607,10201.716970442125
4296,2.2852913108240376,41.418236185232594,10193.215464442519
4297,2.2848838677769887,41.393385556013655,10184.72042112288
4298,2.284476496602439,41.36854845773086,10176.231836352565
4299,2.2840691972916995,41.343724883382635,10167.749706002549
4300,2.2836619698360887,41.3189148259661,10159.27402594534
4301,2.2832548142269316,41.29411827848576,10150.804792055007
4302,2.28284773045556,41.269335233952766,10142.342000207202
4303,2.282440718513312,41.244565685377566,10133.885646279125
4304,2.2820337783915345,41.2198096257757,10125.43572614955
4305,2.281626910081579,41.19506704816522,10116.992235698815
4306,2.281220113574806,41.17033794557229,10108.555170808828
4307,2.2808133888625806,41.14562231102235,10100.12452736308
4308,2.280406735936276,41.120920137546236,10091.700301246625
4309,2.2800001547872726,41.09623141817834,10083.282488346078
4310,2.279593645406957,41.071556145955505,10074.871084549639
4311,2.2791872077867232,41.04689431392275,10066.4660857471
4312,2.278780841917971,41.022245915126035,10058.06748782979
4313,2.2783745477921085,40.99761094261144,10049.675286690652
4314,2.277968325400549,40.97298938943252,10041.289478224182
4315,2.2775621747347143,40.94838124864922,10032.91005832647
4316,2.2771560957860317,40.9237865133209,10024.537022895202
4317,2.2767500885459357,40.89920517651197,10016.1703678296
4318,2.276344153005868,40.87463723129075,10007.81008903051
4319,2.2759382891572764,40.85008267072782,9999.45618240036
4320,2.2755324969916164,40.82554148790178,9991.108643843128
4321,2.2751267765003496,40.80101367589051,9982.767469264429
4322,2.274721127674945,40.77649922777746,9974.432654571423
4323,2.274315550506877,40.751998136647885,9966.104195672882
4324,2.273910044987629,40.72751039559758,9957.782088479167
4325,2.2735046111086894,40.703035997715105,9949.466328902212
4326,2.2730992488615542,40.67857493610074,9941.156912855567
4327,2.272693958237726,40.65412720385633,9932.85383625437
4328,2.272288739228714,40.629692794085884,9924.55709501533
4329,2.271883591826034,40.605271699901536,9916.266685056788
4330,2.271478516021209,40.58086391441488,9907.982602298645
4331,2.271073511805769,40.55646943074243,9899.704842662424
4332,2.2706685791712506,40.53208824200323,9891.433402071247
4333,2.270263718109196,40.50772034132415,9883.168276449818
4334,2.2698589286111557,40.48336572183156,9874.909461724461
4335,2.269454210668686,40.45902437665693,9866.656953823094
4336,2.269049564273351,40.43469629893712,9858.41074867523
4337,2.2686449894167198,40.4103814818061,9850.170842212
4338,2.2682404860903698,40.386079918411085,9841.937230366126
4339,2.2678360542858846,40.361791601896776,9833.709909071951
4340,2.2674316939948542,40.33751652541322,9825.488874265424
4341,2.267027405208876,40.31325468211243,9817.274121884077
4342,2.2666231879195533,40.289006065154695,9809.065647867084
4343,2.2662190421184967,40.26477066769959,9800.863448155218
4344,2.2658149677973234,40.24054848291164,9792.667518690852
4345,2.2654109649476575,40.21633950395924,9784.477855417992
4346,2.265007033561129,40.1921437240129,9776.294454282224
4347,2.2646031736293755,40.16796113625124,9768.117311230788
4348,2.2641993851440407,40.143791733852154,9759.946422212524
4349,2.2637956680967757,40.11963551000032,9751.781783177872
4350,2.263392022479237,40.09549245787748,9743.623390078912
4351,2.2629884482830893,40.071362570678644,9735.471238869346
4352,2.262584945500003,40.04724584159631,9727.325325504456
4353,2.2621815141216555,40.023142263828106,9719.18564594119
4354,2.261778154139731,39.999051830575354,9711.052196138096
4355,2.2613748655459194,39.974974535041554,9702.92497205534
4356,2.2609716483319184,39.95091037043822,9694.803969654737
4357,2.2605685024894324,39.92685932997605,9686.68918489969
4358,2.260165428010172,39.902821406870956,9678.580613755257
4359,2.259762424885854,39.878796594341146,9670.4782521881
4360,2.259359493108202,39.854784885612446,9662.382096166524
4361,2.258956632668948,39.83078627391213,9654.292141660473
4362,2.258553843559828,39.80680075246708,9646.208384641479
4363,2.258151125772586,39.782828314513125,9638.130821082745
4364,2.2577484792989724,39.75886895328654,9630.059446959094
4365,2.2573459041307444,39.73492266203148,9621.994258246965
4366,2.256943400259666,39.710989433991436,9613.935250924458
4367,2.2565409676775072,39.68706926241509,9605.882420971271
4368,2.256138606376045,39.66316214055309,9597.835764368774
4369,2.255736316347063,39.63926806166418,9589.795277099953
4370,2.255334097582351,39.615387019006306,9581.760955149428
4371,2.2549319500737064,39.59151900584252,9573.73279450347
4372,2.254529873812932,39.56766401543956,9565.710791149984
4373,2.254127868791838,39.543822041066115,9557.694941078504
4374,2.2537259350022407,39.51999307600068,9549.685240280214
4375,2.253324072435963,39.49617711351586,9541.68168474794
4376,2.2529222810848353,39.47237414689446,9533.684270476144
4377,2.252520560940693,39.44858416941975,9525.692993460956
4378,2.2521189119953795,39.42480717438277,9517.707849700102
4379,2.2517173342407437,39.401043155074014,9509.728835192991
4380,2.251315827668642,39.37729210478893,9501.75594594068
4381,2.250914392270937,39.35355401682654,9493.789177945848
4382,2.250513028039497,39.32982888448812,9485.828527212841
4383,2.2501117349661985,39.30611670108264,9477.873989747639
4384,2.2497105130429236,39.28241745991849,9469.925561557882
4385,2.2493093622615605,39.25873115430913,9461.98323865287
4386,2.2489082826140048,39.23505777757313,9454.04701704353
4387,2.2485072740921583,39.21139732302626,9446.116892742451
4388,2.248106336687929,39.187749783997205,9438.192861763895
4389,2.247705470393232,39.16411515381212,9430.27492012374
4390,2.247304675199989,39.1404934258023,9422.363063839555
4391,2.246903951100127,39.116884593301194,9414.457288930538
4392,2.2465032980855817,39.09328864964993,9406.557591417557
4393,2.246102716148293,39.06970558818914,9398.663967323137
4394,2.245702205280209,39.04613540226421,9390.776412671461
4395,2.245301765473283,39.022578085224275,9382.89492348836
4396,2.2449013967194755,38.99903363042056,9375.019495801349
4397,2.244501099010754,38.97550203121203,9367.150125639573
4398,2.244100872339091,38.951983280956924,9359.28680903386
4399,2.2437007166964675,38.92847737302033,9351.42954201669
4400,2.2433006320748694,38.90498430076419,9343.578320622215
4401,2.24290061846629,38.88150405756339,9335.733140886254
4402,2.2425006758627277,38.85803663679037,9327.893998846266
4403,2.2421008042561894,38.83458203182266,9320.060890541396
4404,2.241701003638687,38.81114023604154,9312.233812012466
4405,2.241301274002239,38.787711242829474,9304.412759301933
4406,2.240901615338871,38.764295045577555,9296.597728453957
4407,2.240502027640615,38.740891637676064,9288.788715514336
4408,2.2401025108995083,38.71750101252002,9280.985716530557
4409,2.239703065107596,38.69412316350676,9273.18872755178
4410,2.2393036902569294,38.670758084041104,9265.397744628817
4411,2.2389043863395655,38.64740576752905,9257.612763814164
4412,2.2385051533475684,38.62406620737648,9249.833781162
4413,2.2381059912730086,38.600739396997724,9242.060792728154
4414,2.237706900107963,38.577425329807696,9234.293794570156
4415,2.2373078798445145,38.554123999228764,9226.532782747183
4416,2.236908930474753,38.530835398682896,9218.7777533201
4417,2.2365100519907744,38.507559521596846,9211.028702351474
4418,2.236111244384681,38.48429636139948,9203.285625905504
4419,2.235712507648582,38.46104591152721,9195.54852004809
4420,2.2353138417745932,38.43780816541608,9187.817380846825
4421,2.2349152467548357,38.414583116506755,9180.092204370954
4422,2.2345167225814375,38.391370758243575,9172.372986691424
4423,2.234118269246533,38.368171084072806,9164.659723880846
4424,2.233719886742264,38.3449840874502,9156.952412013521
4425,2.233321575060777,38.32180976182571,9149.25104716545
4426,2.2329233341942256,38.298648100659264,9141.555625414276
4427,2.2325251641347705,38.27549909741117,9133.866142839363
4428,2.2321270648745775,38.25236274554938,9126.18259552176
4429,2.2317290364058198,38.22923903854117,9118.504979544166
4430,2.2313310787206766,38.20612796985872,9110.833290991004
4431,2.2309331918113333,38.183029532977585,9103.167525948358
4432,2.2305353756699815,38.1599437213756,9095.507680504019
4433,2.23013763028882,38.13687052853801,9087.853750747467
4434,2.229739955660053,38.11380994794947,9080.205732769842
4435,2.2293423517758915,38.09076197309943,9072.563622664007
4436,2.228944818628553,38.067726597481396,9064.927416524515
4437,2.2285473562102616,38.04470381459092,9057.29711044757
4438,2.2281499645132468,38.021693617928314,9049.672700531124
4439,2.227752643529745,37.998696000996915,9042.054182874772
4440,2.2273553932519983,37.975710957303534,9034.441553579838
4441,2.2269582136722565,37.952738480357176,9026.834808749325
4442,2.2265611047827747,37.92977856367413,9019.233944487924
4443,2.2261640665758144,37.90683120077022,9011.638956902038
4444,2.225767099043644,37.883896385166146,9004.04984209976
4445,2.225370202178537,37.86097411038456,8996.466596190869
4446,2.2249733759727746,37.838064369955624,8988.889215286861
4447,2.2245766204186435,37.81516715740895,8981.317695500902
4448,2.224179935508437,37.792282466280625,8973.752032947887
4449,2.2237833212344538,37.76941029010514,8966.1922237444
4450,2.2233867775890004,37.74655062242404,8958.638264008705
4451,2.222990304564389,37.723703456784584,8951.090149860802
4452,2.222593902152938,37.70086878673375,8943.547877422368
4453,2.2221975703469714,37.6780466058229,8936.011442816785
4454,2.2218013091388205,37.65523690760577,8928.48084216915
4455,2.2214051185208223,37.63243968564331,8920.956071606244
4456,2.2210089984853205,37.609654933496124,8913.437127256564
4457,2.2206129490246647,37.58688264472938,8905.924005250321
4458,2.220216970131211,37.564122812911734,8898.416701719403
4459,2.2198210617973215,37.54137543161384,8890.915212797432
4460,2.219425224015365,37.518640494413965,8883.419534619732
4461,2.219029456777716,37.49591799489123,8875.929663323312
4462,2.2186337600767554,37.47320792662455,8868.445595046915
4463,2.2182381339048707,37.45051028320005,8860.967325930975
4464,2.217842578254455,37.42782505820944,8853.494852117647
4465,2.2174470931179084,37.40515224524392,8846.028169750789
4466,2.217051678487637,37.3824918378994,8838.567274975969
4467,2.2166563343560526,37.3598438297751,8831.112163940466
4468,2.2162610607155737,37.337208214472525,8823.66283279328
4469,2.2158658575586254,37.31458498560027,8816.2192776851
4470,2.215470724877638,37.29197413676651,8808.78149476836
4471,2.215075662665049,37.269375661584185,8801.34948019717
4472,2.2146806709133013,37.24678955366815,8793.923230127384
4473,2.2142857496148447,37.22421580664238,8786.502740716565
4474,2.2138908987621346,37.20165441412518,8779.088008123968
4475,2.213496118347633,37.17910536974468,8771.67902851059
4476,2.2131014083638085,37.15656866713069,8764.275798039149
4477,2.2127067688031348,37.13404429991495,8756.87831287404
4478,2.2123121996580926,37.111532261736656,8749.486569181423
4479,2.2119177009211684,37.089032546234364,8742.100563129134
4480,2.211523272584855,37.066545147051364,8734.720290886757
4481,2.2111289146416513,37.04407005783298,8727.34574862559
4482,2.210734627084063,37.02160727223182,8719.976932518633
4483,2.2103404099046013,36.99915678389992,8712.613838740634
4484,2.209946263095784,36.976718586493995,8705.256463468026
4485,2.209552186650134,36.9542926736741,8697.904802878993
4486,2.209158180560182,36.93187903910439,8690.55885315344
4487,2.2087642448184632,36.90947767645031,8683.218610472966
4488,2.2083703794175205,36.88708857938262,8675.884071020922
4489,2.2079765843499017,36.86471174157488,8668.555230982376
4490,2.207582859608162,36.84234715670255,8661.232086544105
4491,2.207189205184861,36.81999481844849,8653.914633894636
4492,2.2067956210725663,36.797654720494855,8646.602869224189
4493,2.2064021072638504,36.77532685652855,8639.296788724736
4494,2.2060086637512923,36.75301122023979,8631.996388589967
4495,2.205615290527477,36.7307078053208,8624.70166501529
4496,2.205221987584996,36.708416605471065,8617.412614197847
4497,2.2048287549164463,36.686137614389516,8610.129232336518
4498,2.204435592514432,36.663870825781316,8602.851515631884
4499,2.204042500371562,36.64161623334876,8595.57946028629
4500,2.203649478480452,36.61937383080629,8588.313062503768
4501,2.2032565268337247,36.5971436118661,8581.052318490116
4502,2.2028636454240074,36.574925570245135,8573.797224452854
4503,2.2024708342439343,36.55271969966346,8566.547776601212
4504,2.2020780932861452,36.53052599384327,8559.30397114617
4505,2.2016854225432865,36.50834444651402,8552.065804300446
4506,2.2012928220080106,36.48617505140449,8544.833272278465
4507,2.200900291672976,36.46401780224814,8537.606371296411
4508,2.2005078315308464,36.44187269278034,8530.38509757217
4509,2.200115441574293,36.4197397167438,8523.169447325397
4510,2.199723121795992,36.39761886788053,8515.959416777463
4511,2.1993308721886264,36.37551013993885,8508.755002151462
4512,2.1989386927448846,36.353413526665406,8501.556199672243
4513,2.198546583457462,36.33132902181388,8494.363005566385
4514,2.1981545443190584,36.30925661914333,8487.175416062195
4515,2.1977625753223817,36.28719631241234,8479.993427389729
4516,2.197370676460144,36.26514809538403,8472.817035780758
4517,2.196978847725065,36.243111961823566,8465.64623746881
4518,2.1965870891098693,36.22108790550326,8458.481028689157
4519,2.196195400607288,36.19907592019482,8451.321405678777
4520,2.1958037822100587,36.17707599967448,8444.167364676416
4521,2.195412233910924,36.15508813772195,8437.018901922556
4522,2.1950207557026333,36.13311232811868,8429.876013659401
4523,2.1946293475779415,36.11114856465504,8422.738696130913
4524,2.1942380095296103,36.089196841115935,8415.60694558278
4525,2.1938467415504066,36.06725715129566,8408.48075826244
4526,2.1934555436331036,36.0453294889889,8401.36013041908
4527,2.193064415770481,36.023413847997446,8394.245058303599
4528,2.1926733579553233,36.001510222122434,8387.135538168668
4529,2.1922823701804224,35.97961860516978,8380.031566268692
4530,2.1918914524385755,35.95773899094843,8372.93313885981
4531,2.191500604722586,35.93587137326944,8365.840252199916
4532,2.1911098270252625,35.91401574595085,8358.75290254864
4533,2.1907191193394207,35.8921721028102,8351.671086167355
4534,2.1903284816578816,35.870340437669604,8344.594799319191
4535,2.1899379139734725,35.84852074435474,8337.524038269004
4536,2.189547416279027,35.82671301669341,8330.458799283408
4537,2.1891569885673836,35.80491724851786,8323.39907863077
4538,2.188766630831388,35.783133433663174,8316.344872581176
4539,2.1883763430638905,35.761361565967555,8309.296177406492
4540,2.187986125257749,35.73960163927138,8302.252989380295
4541,2.1875959774058265,35.71785364742201,8295.215304777947
4542,2.1872058995009915,35.69611758426616,8288.183119876532
4543,2.1868158915361193,35.67439344365514,8281.156430954885
4544,2.1864259535040906,35.65268121944341,8274.135234293599
4545,2.1860360853977925,35.63098090548757,8267.119526175018
4546,2.1856462872101177,35.60929249565103,8260.109302883206
4547,2.1852565589339643,35.5876159837968,8253.104560704025
4548,2.1848669005622376,35.565951363793836,8246.105295925036
4549,2.1844773120878482,35.54429862950844,8239.111504835588
4550,2.1840877935037124,35.52265777481858,8232.123183726768
4551,2.1836983448027527,35.501028793600035,8225.140328891406
4552,2.1833089659778975,35.479411679733204,8218.162936624094
4553,2.182919657022081,35.45780642710168,8211.191003221182
4554,2.182530417928243,35.436213029590924,8204.224524980744
4555,2.18214124868933,35.41463148109337,8197.263498202643
4556,2.1817521492982945,35.39306177550102,8190.307919188459
4557,2.181363119748094,35.37150390671019,8183.357784241552
4558,2.180974160031692,35.349957868619335,8176.413089667037
4559,2.1805852701420583,35.328423655133676,8169.473831771752
4560,2.1801964500721684,35.30690126015962,8162.5400068643185
4561,2.1798076998150044,35.28539067760318,8155.611611255115
4562,2.179419019363553,35.263891901378344,8148.688641256248
4563,2.1790304087108083,35.242404925399526,8141.771093181601
4564,2.1786418678497688,35.22092974358802,8134.858963346802
4565,2.178253396773439,35.199466349864466,8127.952248069242
4566,2.177864995474831,35.178014738154495,8121.050943668073
4567,2.177476663946961,35.15657490238461,8114.155046464182
4568,2.1770884021828514,35.135146836489106,8107.264552780238
4569,2.176700210175531,35.11373053440155,8100.379458940655
4570,2.176312087918034,35.09232599005985,8093.499761271598
4571,2.1759240354034004,35.07093319740517,8086.625456101013
4572,2.1755360526246768,35.04955215038053,8079.756539758566
4573,2.175148139574915,35.028182842937454,8072.893008575718
4574,2.174760296247172,35.00682526902221,8066.03485888568
4575,2.174372522634512,34.98547942259021,8059.182087023399
4576,2.1739848187300046,34.9641452975972,8052.334689325609
4577,2.1735971845267246,34.94282288800581,8045.4926621307995
4578,2.173209620017753,34.92151218777819,8038.656001779202
4579,2.1728221251961775,34.900213190880734,8031.824704612827
4580,2.17243470005509,34.878925891283245,8024.998766975426
4581,2.172047344587589,34.8576502829572,8018.178185212536
4582,2.17166005878678,34.836386359881075,8011.362955671447
4583,2.171272842645772,34.81513411603282,8004.553074701191
4584,2.1708856961576815,34.79389354539471,7997.748538652584
4585,2.17049861931563,34.77266464195255,7990.949343878204
4586,2.1701116121127457,34.7514473996942,7984.155486732368
4587,2.1697246745421617,34.73024181261182,7977.366963571184
4588,2.169337806597017,34.709047874700296,7970.583770752501
4589,2.168951008270456,34.68786557995763,7963.805904635935
4590,2.168564279555631,34.666694922383904,7957.033361582891
4591,2.1681776204456975,34.64553589598579,7950.2661379564925
4592,2.167791030933818,34.62438849476954,7943.504230121662
4593,2.167404511013161,34.60325271274583,7936.747634445076
4594,2.1670180606769,34.58212854392718,7929.996347295166
4595,2.166631679918215,34.56101598233288,7923.250365042148
4596,2.1662453687302907,34.53991502198175,7916.509684057972
4597,2.165859127106319,34.51882565689686,7909.774300716383
4598,2.165472955039497,34.49774788110612,7903.044211392887
4599,2.1650868525230273,34.47668168863465,7896.319412464732
4600,2.164700819550118,34.45562707351883,7889.5999003109555
4601,2.1643148561139833,34.43458402979316,7882.885671312361
4602,2.1639289622078435,34.413552551496416,7876.176721851496
4603,2.1635431378249246,34.39253263266929,7869.473048312705
4604,2.1631573829584574,34.37152426735914,7862.774647082064
4605,2.1627716976016798,34.350527449612926,7856.081514547451
4606,2.162386081747834,34.32954217348187,7849.393647098489
4607,2.162000535390169,34.308568433020376,7842.711041126574
4608,2.1616150585219396,34.28760622228455,7836.033693024871
4609,2.1612296511364053,34.266655535337414,7829.361599188319
4610,2.1608443132268325,34.24571636624308,7822.6947560136
4611,2.160459044786492,34.22478870906511,7816.033159899206
4612,2.160073845808662,34.203872557873744,7809.376807245353
4613,2.1596887162866247,34.182967906744324,7802.725694454054
4614,2.159303656213669,34.16207474975179,7796.07981792909
4615,2.1589186655830894,34.141193080975256,7789.439174075987
4616,2.158533744388186,34.120322894497,7782.803759302083
4617,2.1581488926222647,34.09946418440114,7776.1735700164345
4618,2.1577641102786367,34.07861694477851,7769.548602629903
4619,2.1573793973506192,34.05778116971949,7762.928853555115
4620,2.1569947538315355,34.0369568533186,7756.314319206455
4621,2.1566101797147135,34.01614398967241,7749.704996000087
4622,2.156225674993488,33.995342572884084,7743.100880353943
4623,2.1558412396611986,33.97455259705782,7736.501968687728
4624,2.1554568737111905,33.953774056297455,7729.908257422915
4625,2.1550725771368158,33.93300694471453,7723.319742982742
4626,2.1546883499314307,33.91225125642096,7716.736421792233
4627,2.1543041920883983,33.89150698553535,7710.158290278174
4628,2.153920103601086,33.87077412617569,7703.585344869117
4629,2.153536084462869,33.850052672464216,7697.017581995392
4630,2.153152134667126,33.82934261852515,7690.454998089117
4631,2.152768254207242,33.80864395848938,7683.897589584143
4632,2.152384443076608,33.78795668648709,7677.345352916141
4633,2.1520007012686206,33.76728079665293,7670.798284522509
4634,2.151617028776682,33.74661628312449,7664.256380842443
4635,2.1512334255942,33.725963140042765,7657.719638316918
4636,2.1508498917145875,33.70532136155084,7651.188053388652
4637,2.150466427131264,33.68469094179576,7644.661622502173
4638,2.150083031837654,33.664071874927465,7638.1403421037585
4639,2.149699705827188,33.64346415509764,7631.624208641454
4640,2.1493164490933014,33.62286777646453,7625.113218565106
4641,2.1489332616294363,33.602282733185945,7618.607368326302
4642,2.1485501434290395,33.5817090194239,7612.1066543784245
4643,2.1481670944855633,33.56114662934353,7605.611073176633
4644,2.147784114792467,33.54059555711173,7599.120621177838
4645,2.1474012043432134,33.52005579690198,7592.6352948407475
4646,2.1470183631312727,33.49952734288727,7586.155090625834
4647,2.1466355911501203,33.479010189246694,7579.680004995343
4648,2.1462528883932364,33.45850433015569,7573.2100344133005
4649,2.1458702548541075,33.43800975980167,7566.745175345492
4650,2.1454876905262252,33.41752647236982,7560.285424259499
4651,2.1451051954030875,33.397054462049454,7553.830777624671
4652,2.1447227694781974,33.37659372303292,7547.381231912119
4653,2.144340412745063,33.356144249514465,7540.936783594744
4654,2.1439581251971993,33.335706035694834,7534.497429147227
4655,2.1435759068281253,33.315279075774335,7528.063165046002
4656,2.1431937576313667,33.294863363957305,7521.633987769302
4657,2.1428116776004544,33.27445889445017,7515.209893797114
4658,2.142429666728925,33.254065661465674,7508.790879611221
4659,2.1420477250103205,33.23368365921618,7502.376941695178
4660,2.141665852438188,33.21331288191972,7495.968076534302
4661,2.1412840490060816,33.192953323792715,7489.564280615695
4662,2.140902314707559,33.17260497905809,7483.1655504282435
4663,2.1405206495361853,33.15226784194368,7476.771882462595
4664,2.1401390534855294,33.1319419066769,7470.383273211185
4665,2.139757526549167,33.111627167489246,7463.999719168218
4666,2.139376068720679,33.09132361861407,7457.621216829675
4667,2.1389946799936514,33.07103125429125,7451.247762693329
4668,2.138613360361677,33.05075006876018,7444.879353258702
4669,2.138232109818352,33.03048005626434,7438.515985027116
4670,2.13785092835728,33.010221211050236,7432.1576545016715
4671,2.1374698159720698,32.989973527366296,7425.804358187217
4672,2.137088772656335,32.96973699946876,7419.456092590412
4673,2.1367077984036946,32.94951162160893,7413.112854219669
4674,2.1363268932077744,32.92929738804682,7406.7746395851955
4675,2.1359460570622044,32.90909429304276,7400.44144519897
4676,2.1355652899606206,32.88890233086342,7394.113267574737
4677,2.1351845918966643,32.86872149577508,7387.790103228032
4678,2.134803962863983,32.84855178204811,7381.471948676175
4679,2.134423402856229,32.828393183955924,7375.1588004382365
4680,2.13404291186706,32.80824569577374,7368.850655035091
4681,2.1336624898901397,32.78810931178306,7362.547508989374
4682,2.1332821369191373,32.76798402626505,7356.249358825508
4683,2.1329018529477266,32.74786983350502,7349.956201069698
4684,2.132521637969588,32.72776672779005,7343.668032249909
4685,2.1321414919784063,32.707674703415044,7337.384848895892
4686,2.131761414967873,32.68759375467002,7331.106647539194
4687,2.1313814069316837,32.66752387585362,7324.833424713108
4688,2.1310014678635407,32.64746506126588,7318.565176952735
4689,2.130621597757151,32.62741730520875,7312.301900794931
4690,2.130241796606227,32.607380601990414,7306.0435927783365
4691,2.129862064404487,32.58735494591874,7299.790249443391
4692,2.1294824011456552,32.56734033130554,7293.541867332272
4693,2.1291028068234596,32.5473367524646,7287.298442988972
4694,2.1287232814316353,32.52734420371591,7281.059972959253
4695,2.1283438249639217,32.507362679379135,7274.826453790631
4696,2.1279644374140645,32.48739217377793,7268.597882032441
4697,2.1275851187758144,32.467432681240396,7262.374254235753
4698,2.1272058690429274,32.44748419609201,7256.155566953449
4699,2.1268266882091655,32.42754671266899,7249.941816740183
4700,2.1264475762682955,32.40762022530577,7243.73300015237
4701,2.1260685332140903,32.38770472834059,7237.52911374822
4702,2.1256895590403273,32.367800216114844,7231.3301540877255
4703,2.1253106537407898,32.34790668297163,7225.136117732638
4704,2.1249318173092666,32.328024123260434,7218.947001246506
4705,2.1245530497395517,32.30815253133015,7212.762801194646
4706,2.1241743510254447,32.2882919015339,7206.583514144155
4707,2.1237957211607505,32.26844222822648,7200.409136663916
4708,2.1234171601392795,32.24860350576904,7194.239665324575
4709,2.1230386679548476,32.22877572852227,7188.0750966985715
4710,2.1226602446012754,32.208958890852344,7181.915427360128
4711,2.12228189007239,32.189152987124025,7175.760653885221
4712,2.1219036043620227,32.169358011708184,7169.61077285163
4713,2.121525387464011,32.149573958980525,7163.465780838896
4714,2.1211472393721977,32.12980082331638,7157.32567442835
4715,2.120769160080431,32.110038599095,7151.190450203104
4716,2.1203911495825634,32.090287280697545,7145.060104748032
4717,2.1200132078724545,32.0705468625113,7138.934634649808
4718,2.1196353349439683,32.05081733892325,7132.8140364968685
4719,2.119257530790974,32.03109870432428,7126.69830687943
4720,2.1188797954073464,32.011390953108226,7120.587442389498
4721,2.118502128786966,31.991694079670758,7114.481439620847
4722,2.118124530923718,31.972008078415183,7108.380295169029
4723,2.117747001811494,31.95233294373995,7102.284005631387
4724,2.1173695414441895,31.932668670051992,7096.192567607028
4725,2.1169921498157067,31.913015251758562,7090.1059776968405
4726,2.116614826919952,31.89337268327305,7084.024232503508
4727,2.116237572750838,31.873740959008448,7077.94732863146
4728,2.115860387302282,31.854120073382006,7071.875262686937
4729,2.115483270568207,31.834510020813124,7065.808031277939
4730,2.115106222542542,31.81491079572369,7059.745631014247
4731,2.11472924321922,31.795322392541603,7053.688058507432
4732,2.11435233259218,31.77574480569428,7047.635310370818
4733,2.1139754906553656,31.756178029613082,7041.587383219532
4734,2.113598717402727,31.736622058731285,7035.544273670477
4735,2.1132220128282193,31.71707688748967,7029.505978342317
4736,2.112845376925802,31.697542510324265,7023.472493855511
4737,2.1124688096894415,31.67801892167943,7017.4438168322795
4738,2.112092311113108,31.658506116000975,7011.419943896636
4739,2.1117158811907775,31.639004087736456,7005.4008716743765
4740,2.1113395199164318,31.61951283133958,6999.386596793051
4741,2.1109632272840573,31.60003234126363,6993.37711588201
4742,2.110587003287646,31.580562611965913,6987.372425572367
4743,2.110210847921195,31.561103637905383,6981.372522497024
4744,2.109834761178707,31.541655413547282,6975.377403290657
4745,2.10945874305419,31.52221793335626,6969.387064589715
4746,2.1090827935416563,31.50279119180107,6963.401503032428
4747,2.108706912635125,31.483375183354735,6957.420715258814
4748,2.10833110032862,31.463969902487605,6951.444697910647
4749,2.1079553566161695,31.444575343680633,6945.473447631493
4750,2.107579681491808,31.425191501412773,6939.50696106669
4751,2.1072040749495753,31.405818370167022,6933.545234863359
4752,2.1068285369835156,31.386455944428057,6927.588265670393
4753,2.106453067587679,31.367104218686748,6921.636050138459
4754,2.106077666756121,31.347763187433443,6915.688584920008
4755,2.1057023344829013,31.328432845162553,6909.745866669271
4756,2.1053270707620864,31.30911318637122,6903.807892042242
4757,2.104951875587747,31.289804205558355,6897.874657696704
4758,2.104576748953959,31.270505897228976,6891.946160292208
4759,2.1042016908548047,31.251218255889114,6886.02239649009
4760,2.10382670128437,31.23194127604442,6880.10336295346
4761,2.103451780236747,31.21267495220663,6874.189056347198
4762,2.1030769277060326,31.19341927889207,6868.2794733379615
4763,2.10270214368633,31.174174250616606,6862.3746105942055
4764,2.1023274281717454,31.154939861900157,6856.474464786124
4765,2.1019527811563927,31.135716107265385,6850.579032585721
4766,2.1015782026343897,31.116502981236586,6844.688310666749
4767,2.1012036925998596,31.097300478344334,6838.802295704755
4768,2.100829251046931,31.07810859311861,6832.920984377064
4769,2.100454877969737,31.058927320093435,6827.044373362754
4770,2.100080573362417,31.039756653804382,6821.1724593427025
4771,2.0997063372191147,31.020596588793232,6815.305238999559
4772,2.0993321695339797,31.00144711960273,6809.442709017725
4773,2.098958070301166,30.98230824077525,6803.584866083415
4774,2.0985840395148334,30.963179946860137,6797.7317068845805
4775,2.098210077169147,30.944062232407195,6791.883228110974
4776,2.0978361832582766,30.92495509197219,6786.039426454123
4777,2.0974623577763976,30.90585852011043,6780.200298607307
4778,2.09708860071769,30.88677251138118,6774.365841265598
4779,2.0967149120763398,30.867697060345435,6768.536051125849
4780,2.0963412918465374,30.8486321615701,6762.710924886667
4781,2.0959677400224788,30.829577809621725,6756.8904592484505
4782,2.0955942565983654,30.810533999070802,6751.074650913359
4783,2.095220841568403,30.791500724490504,6745.263496585336
4784,2.0948474949268028,30.772477980457243,6739.456992970101
4785,2.094474216667782,30.753465761549077,6733.655136775133
4786,2.094101006785562,30.734464062347907,6727.857924709695
4787,2.09372786527437,30.715472877438163,6722.065353484825
4788,2.0933547921284372,30.696492201405942,6716.277419813333
4789,2.0929817873420014,30.67752202884332,6710.494120409799
4790,2.0926088509093046,30.65856235434197,6704.715451990573
4791,2.0922359828245947,30.639613172497405,6698.941411273781
4792,2.0918631830821237,30.62067447790791,6693.17199497934
4793,2.0914904516761497,30.60174626517353,6687.407199828904
4794,2.0911177886009353,30.582828528900176,6681.647022545929
4795,2.090745193850749,30.56392126369343,6675.891459855637
4796,2.0903726674198633,30.545024464162726,6670.140508485005
4797,2.090000209302557,30.526138124920568,6664.394165162808
4798,2.089627819493113,30.50726224058115,6658.652426619574
4799,2.0892554979858198,30.488396805762566,6652.9152895876105
4800,2.088883244774971,30.469541815085226,6647.182750801002
4801,2.0885110598548655,30.45069726317245,6641.454806995585
4802,2.088138943219807,30.43186314464914,6635.731454908993
4803,2.087766894864104,30.413039454146165,6630.012691280618
4804,2.0873949147820707,30.394226186293963,6624.298512851613
4805,2.0870230029680266,30.375423335726868,6618.5889163649235
4806,2.0866511594162955,30.35663089708082,6612.8838985652455
4807,2.086279384121207,30.337848864997703,6607.183456199057
4808,2.0859076770770955,30.31907723411923,6601.487586014609
4809,2.0855360382783,30.300315999091712,6595.796284761908
4810,2.0851644677191654,30.281565154560518,6590.10954919275
4811,2.0847929653940414,30.262824695176885,6584.427376060688
4812,2.0844215312972825,30.244094615596364,6578.749762121045
4813,2.0840501654232484,30.225374910474255,6573.076704130924
4814,2.083678867766304,30.20666557446952,6567.408198849178
4815,2.0833076383208193,30.18796660224291,6561.744243036446
4816,2.0829364770811694,30.169277988461022,6556.084833455138
4817,2.082565384041734,30.150599727790052,6550.429966869417
4818,2.0821943591968988,30.131931814899996,6544.7796400452235
4819,2.0818234025410534,30.113274244463526,6539.13384975028
4820,2.081452514068593,30.094627011155147,6533.492592754046
4821,2.0810816937739185,30.075990109655017,6527.855865827779
4822,2.080710941651435,30.05736353464444,6522.2236657444855
4823,2.080340257695552,30.03874728080424,6516.595989278949
4824,2.079969641900686,30.02014134282122,6510.972833207724
4825,2.079599094261257,30.001545715386488,6505.354194309116
4826,2.0792286147716905,29.9829603931908,6499.740069363214
4827,2.0788582034264174,29.964385370928774,6494.130455151873
4828,2.0784878602198726,29.94582064329761,6488.525348458701
4829,2.0781175851464972,29.927266204996258,6482.9247460690885
4830,2.0777473782007365,29.908722050729494,6477.3286447701785
4831,2.077377239377041,29.89018817520166,6471.737041350893
4832,2.077007168669867,29.871664573120956,6466.14993260192
4833,2.076637166073674,29.85315123919712,6460.567315315692
4834,2.076267231582929,29.83464816814719,6454.989186286436
4835,2.0758973651921018,29.816155354683584,6449.4155423101265
4836,2.0755275668956683,29.797672793526672,6443.846380184509
4837,2.0751578366881094,29.779200479398103,6438.281696709093
4838,2.0747881745639103,29.76073840702125,6432.721488685145
4839,2.074418580517562,29.742286571125245,6427.165752915708
4840,2.0740490545435604,29.723844966438854,6421.614486205595
4841,2.073679596636406,29.70541358769451,6416.067685361363
4842,2.0733102067906044,29.686992429626393,6410.525347191338
4843,2.072940885000666,29.668581486974436,6404.987468505629
4844,2.072571631261107,29.650180754478182,6399.454046116083
4845,2.0722024455664476,29.63179022688084,6393.925076836331
4846,2.0718333279112136,29.613409898928403,6388.400557481744
4847,2.0714642782899353,29.595039765369915,6382.880484869475
4848,2.0710952966971488,29.576679820955924,6377.364855818441
4849,2.070726383127394,29.55833006044082,6371.8536671493075
4850,2.070357537575217,29.53999047858133,6366.346915684506
4851,2.069988760035167,29.521661070136826,6360.844598248244
4852,2.069620050501801,29.503341829868347,6355.346711666462
4853,2.0692514089696785,29.485032752542715,6349.853252766898
4854,2.068882835433365,29.466733832926266,6344.364218379021
4855,2.0685143298874307,29.44844506578919,6338.87960533407
4856,2.068145892326451,29.430166445903236,6333.399410465062
4857,2.0677775227450055,29.41189796804584,6327.923630606748
4858,2.0674092211376798,29.39363962699413,6322.452262595646
4859,2.067040987499064,29.37539141753032,6316.985303270058
4860,2.0666728218237527,29.357153334435107,6311.5227494700075
4861,2.0663047241063457,29.33892537249502,6306.064598037315
4862,2.0659366943414486,29.320707526500815,6300.610845815521
4863,2.0655687325236705,29.302499791242983,6295.1614896499605
4864,2.0652008386476264,29.284302161515654,6289.716526387717
4865,2.0648330127079357,29.266114632114622,6284.275952877615
4866,2.0644652546992233,29.24793719784135,6278.839765970265
4867,2.064097564616118,29.229769853496936,6273.407962518007
4868,2.063729942453255,29.2116125938861,6267.980539374965
4869,2.063362388205273,29.19346541381639,6262.557493397008
4870,2.0629949018668166,29.175328308096745,6257.138821441756
4871,2.0626274834325344,29.15720127154336,6251.724520368597
4872,2.062260132897081,29.13908429896786,6246.314587038681
4873,2.061892850255115,29.120977385189555,6240.909018314886
4874,2.0615256355013,29.102880525028233,6235.50781106189
4875,2.061158488630305,29.08479371330913,6230.11096214608
4876,2.060791409636803,29.06671694485722,6224.718468435635
4877,2.0604243985154733,29.0486502145012,6219.330326800476
4878,2.060057455260999,29.03059351707222,6213.946534112273
4879,2.0596905798680685,29.01254684740322,6208.567087244463
4880,2.0593237723313744,28.994510200332705,6203.191983072235
4881,2.058957032645615,28.976483570698868,6197.82121847252
4882,2.058590360805493,28.95846695334347,6192.454790324019
4883,2.0582237568057167,28.940460343109983,6187.09269550718
4884,2.0578572206409977,28.922463734848787,6181.734930904199
4885,2.0574907523060544,28.90447712340589,6176.381493399046
4886,2.0571243517956086,28.886500503634963,6171.032379877415
4887,2.0567580191043877,28.868533870390927,6165.68758722677
4888,2.056391754227124,28.850577218530447,6160.3471123363315
4889,2.056025557158554,28.832630542915602,6155.010952097061
4890,2.0556594278934197,28.814693838408502,6149.679103401679
4891,2.0552933664264676,28.796767099874153,6144.351563144651
4892,2.054927372752449,28.778850322179863,6139.028328222199
4893,2.0545614468661206,28.76094350019828,6133.709395532301
4894,2.0541955887622434,28.743046628801697,6128.394761974673
4895,2.0538297984355833,28.725159702866048,6123.08442445079
4896,2.0534640758809113,28.70728271727121,6117.778379863881
4897,2.053098421093003,28.68941566689459,6112.476625118912
4898,2.0527328340666386,28.67155854662334,6107.179157122614
4899,2.0523673147966037,28.653711351342768,6101.885972783453
4900,2.052001863277688,28.635874075941835,6096.597069011651
4901,2.0516364795046873,28.6180467153112,6091.312442719188
4902,2.0512711634724003,28.600229264346936,6086.03209081977
4903,2.0509059151756324,28.582421717944843,6080.756010228873
4904,2.050540734609193,28.56462407100435,6075.484197863708
4905,2.0501756217678957,28.546836318427406,6070.21665064324
4906,2.0498105766465597,28.529058455117593,6064.953365488183
4907,2.049445599240009,28.51129047598405,6059.694339320983
4908,2.0490806895430724,28.493532375935608,6054.439569065852
4909,2.0487158475505827,28.475784149885943,6049.189051648738
4910,2.0483510732573786,28.458045792746336,6043.942783997337
4911,2.047986366658303,28.44031729943764,6038.700763041089
4912,2.047621727748204,28.422598664878986,6033.462985711188
4913,2.0472571565219333,28.404889883993174,6028.229448940555
4914,2.046892652974349,28.387190951705442,6023.000149663881
4915,2.0465282171003127,28.369501862942712,6017.7750848175765
4916,2.046163848894692,28.351822612637427,6012.554251339806
4917,2.045799548352358,28.334153195721683,6007.337646170494
4918,2.0454353154681875,28.31649360713107,6002.12526625128
4919,2.045071150237062,28.298843841802913,5996.917108525567
4920,2.044707052653867,28.281203894679884,5991.713169938492
4921,2.0443430227134933,28.263573760705725,5986.513447436936
4922,2.043979060410837,28.245953434823743,5981.317937969533
4923,2.043615165740798,28.22834291198373,5976.126638486633
4924,2.043251338698281,28.210742187135843,5970.939545940355
4925,2.0428875792781964,28.193151255235684,5965.756657284554
4926,2.0425238874754585,28.17557011123845,5960.577969474805
4927,2.0421602632849867,28.157998750103,5955.403479468449
4928,2.041796706701705,28.14043716678971,5950.23318422456
4929,2.041433217720542,28.122885356264387,5945.067080703941
4930,2.0410697963364317,28.105343313492586,5939.9051658691515
4931,2.040706442544312,28.08781103344333,5934.747436684474
4932,2.0403431563391257,28.07028851108826,5929.593890115941
4933,2.0399799377158208,28.05277574140054,5924.4445231313275
4934,2.0396167866693498,28.03527271936011,5919.29933270013
4935,2.03925370319467,28.017779439942643,5914.158315793596
4936,2.0388906872867434,28.000295898131263,5909.021469384719
4937,2.0385277389405365,27.982822088909483,5903.8887904482035
4938,2.0381648581510206,27.965358007266037,5898.760275960519
4939,2.0378020449131715,27.947903648189456,5893.635922899845
4940,2.0374392992219703,27.930459006671825,5888.515728246121
4941,2.0370766210724027,27.913024077707608,5883.399688981015
4942,2.0367140104594585,27.895598856293045,5878.287802087915
4943,2.036351467378133,27.87818333742966,5873.180064551973
4944,2.0359889918234253,27.86077751611872,5868.076473360053
4945,2.0356265837903402,27.843381387364932,5862.977025500762
4946,2.0352642432738866,27.82599494617592,5857.881717964446
4947,2.034901970269078,27.808618187560782,5852.790547743166
4948,2.034539764770933,27.791251106532187,5847.703511830743
4949,2.0341776267744747,27.773893698105105,5842.620607222715
4950,2.0338155562747304,27.75654595729685,5837.54183091635
4951,2.033453553266733,27.739207879126468,5832.467179910664
4952,2.03309161774552,27.72187945861834,5827.396651206393
4953,2.032729749706132,27.704560690796434,5822.330241805999
4954,2.032367949143617,27.687251570688368,5817.267948713699
4955,2.032006216053025,27.66995209332321,5812.209768935411
4956,2.031644550429412,27.65266225373538,5807.155699478805
4957,2.031282952267839,27.635382046959105,5802.10573735328
4958,2.0309214215633706,27.618111468031916,5797.059879569951
4959,2.030559958311077,27.600850511995347,5792.018123141676
4960,2.0301985625060324,27.583599173888434,5786.980465083044
4961,2.029837234143316,27.566357448759586,5781.946902410355
4962,2.0294759732180117,27.54912533165547,5776.917432141661
4963,2.029114779725208,27.531902817626328,5771.892051296719
4964,2.0287536536599977,27.51468990172396,5766.870756897032
4965,2.0283925950174786,27.497486579005447,5761.853545965826
4966,2.028031603792753,27.480292844527536,5756.840415528049
4967,2.027670679980928,27.463108693350495,5751.831362610375
4968,2.0273098235771156,27.44593412053709,5746.826384241221
4969,2.0269490345764316,27.42876912115162,5741.825477450698
4970,2.026588312973997,27.411613690263835,5736.828639270676
4971,2.0262276587649377,27.394467822944055,5731.835866734726
4972,2.025867071944383,27.37733151426258,5726.847156878161
4973,2.0255065525074687,27.3602047592951,5721.86250673801
4974,2.0251461004493336,27.34308755312113,5716.8819133530205
4975,2.024785715765122,27.325979890820026,5711.905373763675
4976,2.0244253984499823,27.308881767474496,5706.932885012178
4977,2.024065148499068,27.29179317816985,5701.964444142446
4978,2.0237049659075366,27.274714117992865,5697.000048200131
4979,2.0233448506705507,27.257644582035514,5692.039694232596
4980,2.0229848027832777,27.24058456538969,5687.083379288933
4981,2.022624822240889,27.223534063150517,5682.131100419957
4982,2.022264909038561,27.206493070414815,5677.182854678198
4983,2.0219050631714746,27.189461582285794,5672.238639117909
4984,2.021545284634815,27.17243959386266,5667.298450795069
4985,2.0211855734237725,27.15542710025182,5662.362286767363
4986,2.020825929533542,27.138424096560886,5657.43014409421
4987,2.020466352959322,27.121430577898966,5652.502019836735
4988,2.020106843696317,27.104446539380525,5647.577911057794
4989,2.0197474017397354,27.08747197611971,5642.657814821957
4990,2.0193880270847897,27.07050688323391,5637.741728195503
4991,2.019028719726698,27.053551255842294,5632.829648246446
4992,2.018669479660682,27.036605089069152,5627.921572044501
4993,2.0183103068819683,27.01966837803849,5623.017496661102
4994,2.0179512013857885,27.002741117877697,5618.1174191694145
4995,2.0175921631673783,26.985823303716575,5613.221336644297
4996,2.0172331922219784,26.96891493068792,5608.3292461623405
4997,2.0168742885448334,26.952015993925784,5603.441144801849
4998,2.016515452131193,26.935126488567743,5598.557029642825
4999,2.016156682976311,26.918246409753504,5593.6768977670135
5000,2.0157979810754463,26.9013757526244,5588.8007462578435
5001,2.015439346423862,26.884514512326845,5583.928572200478
5002,2.0150807790168255,26.86766268400706,5579.060372681796
5003,2.0147222788496095,26.850820262814555,5574.196144790362
5004,2.0143638459174906,26.833987243901372,5569.335885616479
5005,2.0140054802157503,26.81716362242109,5564.479592252161
5006,2.013647181739674,26.80034939353236,5559.627261791111
5007,2.013288950484553,26.783544552393703,5554.778891328768
5008,2.0129307864456814,26.766749094168162,5549.934477962267
5009,2.012572689618359,26.749963014017496,5545.094018790456
5010,2.01221465999789,26.733186307108777,5540.257510913905
5011,2.0118566975795824,26.716418968612892,5535.424951434864
5012,2.0114988023587497,26.699660993700594,5530.596337457323
5013,2.011140974330709,26.68291237754591,5525.771666086972
5014,2.0107832134907833,26.666173115324437,5520.95093443119
5015,2.0104255198342984,26.649443202216847,5516.134139599095
5016,2.0100678933565854,26.63272263340362,5511.321278701482
5017,2.00971033405298,26.616011404068534,5506.512348850873
5018,2.0093528419188225,26.599309509397838,5501.707347161493
5019,2.0089954169494573,26.58261694457928,5496.906270749264
5020,2.0086380591402335,26.56593370480577,5492.109116731821
5021,2.008280768486505,26.549259785271182,5487.315882228508
5022,2.00792354498363,26.53259518116888,5482.52656436036
5023,2.007566388626971,26.515939887697712,5477.74116025013
5024,2.0072092994118944,26.49929390006021,5472.959667022266
5025,2.0068522773337722,26.482657213458726,5468.1820818029255
5026,2.006495322387981,26.46602982309893,5463.4084017199675
5027,2.0061384345699005,26.449411724188884,5458.63862390295
5028,2.005781613874916,26.432802911938207,5453.872745483132
5029,2.0054248602984175,26.416203381561612,5449.110763593486
5030,2.0050681738357983,26.399613128273543,5444.35267536867
5031,2.004711554482457,26.38303214729171,5439.59847794506
5032,2.004355002233797,26.366460433835453,5434.848168460706
5033,2.003998517085225,26.34989798313037,5430.101744055386
5034,2.0036420990321533,26.333344790398037,5425.359201870569
5035,2.003285748069998,26.316800850867143,5420.620539049409
5036,2.0029294641941795,26.300266159767492,5415.885752736775
5037,2.002573247400124,26.283740712330466,5411.154840079237
5038,2.00221709768326,26.267224503792416,5406.4277982250405
5039,2.0018610150390224,26.250717529389565,5401.704624324152
5040,2.0015049994628495,26.234219784361244,5396.985315528218
5041,2.001149050950185,26.21773126394851,5392.269868990596
5042,2.000793169496475,26.201251963397414,5387.558281866325
5043,2.0004373550971724,26.184781877953647,5382.85055131215
5044,2.0000816077477332,26.168321002866268,5378.146674486508
5045,1.9997259274436183,26.151869333386767,5373.446648549533
5046,1.999370314180293,26.13542686476936,5368.750470663043
5047,1.9990147679532266,26.118993592269522,5364.058137990565
5048,1.9986592887578936,26.10256951114621,5359.3696476973055
5049,1.998303876589772,26.086154616660526,5354.684996950173
5050,1.9979485314443453,26.069748904074988,5350.004182917766
5051,1.9975932533171004,26.053352368657322,5345.327202770371
5052,1.9972380422035292,26.03696500567446,5340.654053679969
5053,1.9968828980991278,26.020586810397244,5335.984732820238
5054,1.9965278209993966,26.004217778098585,5331.319237366531
5055,1.9961728108998409,25.987857904052973,5326.65756449591
5056,1.9958178677959701,25.971507183539885,5321.999711387113
5057,1.995462991683298,25.955165611838584,5317.345675220569
5058,1.9951081825573425,25.938833184232795,5312.695453178406
5059,1.9947534404136265,25.92250989600401,5308.04904244442
5060,1.994398765247677,25.90619574244249,5303.406440204117
5061,1.9940441570550251,25.889890718837027,5298.76764364468
5062,1.993689615831207,25.87359482047955,5294.132649954977
5063,1.9933351415717626,25.8573080426645,5289.501456325573
5064,1.9929807342722365,25.841030380687698,5284.8740599486955
5065,1.9926263939281779,25.824761829850033,5280.250458018281
5066,1.99227212053514,25.808502385452133,5275.6306477299495
5067,1.9919179140886802,25.792252042797855,5271.014626280988
5068,1.991563774584361,25.776010797192505,5266.402390870382
5069,1.9912097020177488,25.75977864394649,5261.793938698804
5070,1.9908556963844144,25.743555578371055,5257.189266968597
5071,1.9905017576799329,25.727341595777084,5252.588372883793
5072,1.990147885899884,25.711136691481467,5247.991253650104
5073,1.9897940810398516,25.694940860801385,5243.397906474927
5074,1.989440343095424,25.678754099058974,5238.808328567344
5075,1.9890866720621938,25.662576401576104,5234.222517138105
5076,1.9887330679357582,25.64640776367783,5229.640469399648
5077,1.9883795307117187,25.630248180690877,5225.0621825661
5078,1.9880260603856807,25.614097647946686,5220.48765385325
5079,1.9876726569532546,25.59795616077658,5215.916880478582
5080,1.9873193204100545,25.58182371451511,5211.349859661241
5081,1.9869660507516993,25.565700304499092,5206.786588622062
5082,1.986612847973812,25.549585926066946,5202.227064583561
5083,1.9862597120720205,25.533480574563132,5197.671284769916
5084,1.985906643041956,25.517384245328227,5193.119246406995
5085,1.9855536408792551,25.50129693370978,5188.570946722343
5086,1.9852007055795582,25.485218635055432,5184.026382945168
5087,1.9848478371385099,25.469149344717934,5179.485552306363
5088,1.9844950355517594,25.453089058049603,5174.948452038493
5089,1.9841423008149601,25.4370377704061,5170.415079375791
5090,1.9837896329237699,25.420995477145425,5165.885431554182
5091,1.9834370318738508,25.404962173626938,5161.359505811237
5092,1.9830844976608692,25.388937855214966,5156.837299386222
5093,1.9827320302804958,25.37292251727367,5152.318809520072
5094,1.9823796297284058,25.356916155170282,5147.804033455377
5095,1.9820272960002783,25.340918764274836,5143.292968436425
5096,1.981675029091797,25.32493033995847,5138.785611709144
5097,1.9813228289986502,25.30895087759591,5134.281960521161
5098,1.9809706957165298,25.292980372563697,5129.782012121757
5099,1.9806186292411325,25.277018820240798,5125.285763761878
5100,1.980266629568159,25.26106621600757,5120.793212694153
5101,1.9799146966933148,25.24512255524933,5116.304356172873
5102,1.979562830612309,25.229187833351094,5111.81919145399
5103,1.9792110313208555,25.21326204570112,5107.3377157951345
5104,1.9788592988146723,25.197345187689038,5102.859926455591
5105,1.9785076330894817,25.18143725470943,5098.385820696324
5106,1.9781560341410103,25.165538242156618,5093.915395779961
5107,1.977804501964989,25.149648145428074,5089.44864897078
5108,1.977453036557153,25.133766959924827,5084.985577534741
5109,1.9771016379132416,25.117894681045687,5080.526178739466
5110,1.9767503060289986,25.102031304198007,5076.070449854228
5111,1.976399040900172,25.086176824787636,5071.618388149982
5112,1.9760478425225139,25.07033123822367,5067.169990899326
5113,1.9756967108917811,25.054494539916547,5062.725255376535
5114,1.9753456460037342,25.03866672528167,5058.284178857545
5115,1.9749946478541383,25.022847789734108,5053.846758619941
5116,1.9746437164387625,25.007037728692108,5049.412991942981
5117,1.9742928517533804,24.991236537576267,5044.982876107584
5118,1.9739420537937702,24.975444211808636,5040.556408396316
5119,1.9735913225557136,24.959660746816,5036.133586093412
5120,1.9732406580349968,24.94388613802623,5031.714406484766
5121,1.9728900602274106,24.92812038086662,5027.298866857925
5122,1.9725395291287497,24.912363470769634,5022.886964502106
5123,1.9721890647348133,24.89661540317127,5018.478696708161
5124,1.9718386670414045,24.880876173507364,5014.07406076862
5125,1.971488336044331,24.865145777216814,5009.673053977657
5126,1.9711380717394043,24.849424209740853,5005.275673631108
5127,1.9707878741224405,24.833711466522182,5000.881917026462
5128,1.97043774318926,24.81800754300823,4996.491781462858
5129,1.970087678935687,24.802312434646254,4992.105264241098
5130,1.9697376813575502,24.78662613688667,4987.722362663634
5131,1.9693877504506827,24.770948645181285,4983.343074034563
5132,1.9690378862109215,24.755279954986808,4978.967395659653
5133,1.9686880886341078,24.73962006176057,4974.595324846303
5134,1.9683383577160873,24.723968960959773,4970.226858903576
5135,1.9679886934527095,24.708326648047475,4965.861995142189
5136,1.9676390958398287,24.692693118486854,4961.500730874494
5137,1.9672895648733029,24.677068367745875,4957.143063414509
5138,1.9669401005489946,24.66145239129237,4952.788990077898
5139,1.9665907028627703,24.645845184597203,4948.438508181965
5140,1.9662413718105007,24.630246743132705,4944.091615045675
5141,1.965892107388061,24.614657062375915,4939.748307989626
5142,1.9655429095913304,24.599076137803735,4935.40858433608
5143,1.965193778416192,24.583503964896153,4931.072441408937
5144,1.9648447138585334,24.567940539135353,4926.73987653374
5145,1.9644957159142467,24.55238585600626,4922.410887037685
5146,1.9641467845792275,24.536839910994843,4918.0854702496135
5147,1.963797919849376,24.5213026995905,4913.763623500003
5148,1.9634491217205967,24.505774217284568,4909.445344120985
5149,1.963100390188798,24.4902544595697,4905.1306294463275
5150,1.9627517252498925,24.474743421943412,4900.819476811445
5151,1.962403126899797,24.459241099902933,4896.5118835534
5152,1.9620545951344326,24.443747488948596,4892.207847010883
5153,1.9617061299497245,24.428262584582946,4887.907364524241
5154,1.961357731341602,24.412786382310056,4883.610433435454
5155,1.9610093993059987,24.397318877638625,4879.317051088144
5156,1.9606611338388522,24.381860066077174,4875.027214827574
5157,1.9603129349361044,24.366409943137274,4870.740922000643
5158,1.959964802593701,24.350968504334013,4866.458169955895
5159,1.9596167368075927,24.335535745180273,4862.178956043513
5160,1.9592687375737337,24.320111661197174,4857.903277615302
5161,1.958920804888082,24.304696247904488,4853.631132024725
5162,1.9585729387466007,24.289289500825095,4849.362516626873
5163,1.9582251391452563,24.27389141548322,4845.097428778471
5164,1.9578774060800197,24.258501987407833,4840.835865837887
5165,1.957529739546866,24.243121212127622,4836.57782516511
5166,1.9571821395417746,24.227749085174427,4832.323304121778
5167,1.9568346060607285,24.212385602082275,4828.072300071162
5168,1.9564871390997154,24.197030758386656,4823.824810378157
5169,1.9561397386547268,24.181684549627633,4819.580832409295
5170,1.9557924047217583,24.166346971346382,4815.340363532752
5171,1.9554451372968098,24.151018019083484,4811.103401118317
5172,1.9550979363758854,24.135697688384536,4806.869942537424
5173,1.954750801954993,24.120385974798563,4802.63998516313
5174,1.954403734030145,24.105082873874448,4798.413526370127
5175,1.9540567325973575,24.0897883811641,4794.19056353474
5176,1.9537097976526512,24.074502492221633,4789.9710940349105
5177,1.9533629291920505,24.0592252026026,4785.755115250222
5178,1.953016127211584,24.043956507867183,4781.542624561884
5179,1.9526693917072848,24.02869640357539,4777.333619352722
5180,1.9523227226751896,24.01344488529023,4773.128097007205
5181,1.9519761201113393,23.998201948576142,4768.926054911415
5182,1.9516295840117792,23.982967589003355,4764.727490453069
5183,1.9512831143725584,23.96774180213845,4760.532401021509
5184,1.9509367111897302,23.952524583554464,4756.340784007693
5185,1.950590374459352,23.93731592882549,4752.152636804213
5186,1.9502441041774852,23.92211583352711,4747.967956805282
5187,1.9498979003401953,23.906924293239445,4743.78674140673
5188,1.9495517629435521,23.89174130354246,4739.608988006023
5189,1.9492056919836294,23.876566860019125,4735.43469400223
5190,1.948859687456505,23.861400958253803,4731.263856796059
5191,1.9485137493582607,23.846243593835485,4727.096473789837
5192,1.9481678776849827,23.831094762352983,4722.932542387499
5193,1.9478220724327608,23.81595445939808,4718.772059994612
5194,1.9474763335976892,23.800822680564806,4714.615024018361
5195,1.9471306611758663,23.785699421449742,4710.461431867538
5196,1.946785055163394,23.770584677650543,4706.311280952571
5197,1.9464395155563792,23.755478444768183,4702.164568685491
5198,1.9460940423509319,23.740380718405483,4698.021292479953
5199,1.9457486355431666,23.72529149416671,4693.881449751233
5200,1.945403295129202,23.71021076766061,4689.74503791621
5201,1.9450580211051605,23.69513853449582,4685.612054393389
5202,1.944712813467169,23.68007479028393,4681.482496602892
5203,1.944367672211358,23.665019530638766,4677.356361966441
5204,1.9440225973338625,23.649972751175532,4673.233647907388
5205,1.943677588830821,23.634934447513956,4669.114351850688
5206,1.9433326466983767,23.61990461527365,4664.998471222908
5207,1.9429877709326762,23.604883250078338,4660.88600345224
5208,1.9426429615298704,23.589870347549684,4656.7769459684705
5209,1.9422982184861144,23.574865903317278,4652.671296203006
5210,1.9419535417975673,23.55986991300956,4648.569051588867
5211,1.941608931460392,23.54488237225777,4644.4702095606735
5212,1.9412643874707556,23.529903276695574,4640.374767554665
5213,1.9409199098248293,23.514932621957595,4636.28272300868
5214,1.9405754985187882,23.499970403683353,4632.1940733621705
5215,1.9402311535488115,23.48501661751213,4628.108816056203
5216,1.9398868749110822,23.47007125908615,4624.026948533432
5217,1.9395426626017878,23.455134324048988,4619.948468238137
5218,1.9391985166171193,23.440205808048805,4615.873372616197
5219,1.938854436953272,23.425285706733547,4611.801659115092
5220,1.9385104236064454,23.410374015755313,4607.733325183916
5221,1.9381664765728426,23.395470730764853,4603.668368273354
5222,1.9378225958486708,23.380575847417795,4599.606785835705
5223,1.9374787814301413,23.365689361373146,4595.548575324871
5224,1.9371350333134696,23.350811268289746,4591.493734196349
5225,1.9367913514948747,23.335941563829316,4587.442259907244
5226,1.93644773597058,23.321080243655047,4583.394149916263
5227,1.9361041867368132,23.306227303434575,4579.349401683708
5228,1.935760703789805,23.291382738835402,4575.308012671488
5229,1.935417287125791,23.27654654552795,4571.269980343102
5230,1.9350739367410106,23.26171871918477,4567.235302163657
5231,1.934730652631707,23.246899255479924,4563.203975599861
5232,1.9343874347941272,23.23208815009294,4559.175998120007
5233,1.9340442832245228,23.217285398699833,4555.151367193992
5234,1.9337011979191487,23.20249099698298,4551.130080293317
5235,1.9333581788742644,23.187704940625,4547.112134891065
5236,1.933015226086133,23.172927225312925,4543.097528461928
5237,1.9326723395510217,23.15815784673372,4539.08625848218
5238,1.9323295192652015,23.14339680057722,4535.078322429701
5239,1.9319867652249476,23.1286440825354,4531.073717783963
5240,1.931644077426539,23.113899688301643,4527.072442026017
5241,1.9313014558662591,23.09916361357377,4523.074492638526
5242,1.9309589005403947,23.084435854049445,4519.07986710574
5243,1.9306164114452367,23.06971640542924,4515.088562913486
5244,1.9302739885770799,23.055005263415172,4511.100577549208
5245,1.9299316319322235,23.040302423714742,4507.115908501911
5246,1.9295893415069703,23.025607882031892,4503.134553262208
5247,1.9292471172976269,23.010921634077004,4499.156509322306
5248,1.9289049593005043,22.996243675561285,4495.18177417598
5249,1.928562867511917,22.981574002197483,4491.2103453186155
5250,1.9282208419281839,22.966912609702653,4487.242220247165
5251,1.9278788825456274,22.95225949379376,4483.277396460184
5252,1.927536989360574,22.937614650190657,4479.3158714578085
5253,1.9271951623693544,22.922978074614583,4475.357642741755
5254,1.926853401568303,22.90834976279112,4471.4027078153285
5255,1.926511706953758,22.89372971044583,4467.451064183425
5256,1.926170078522062,22.87911791330703,4463.502709352516
5257,1.9258285162695608,22.86451436710642,4459.55764083066
5258,1.9254870201926046,22.84991906757356,4455.615856127492
5259,1.9251455902875478,22.835332010445885,4451.677352754244
5260,1.9248042265507483,22.820753191459556,4447.742128223714
5261,1.924462928978568,22.806182606353573,4443.810180050283
5262,1.9241216975673727,22.791620250868327,4439.881505749923
5263,1.9237805323135322,22.777066120748557,4435.956102840176
5264,1.9234394332134201,22.762520211738963,4432.0339688401655
5265,1.9230984002634142,22.74798251958701,4428.115101270599
5266,1.9227574334598958,22.733453040042317,4424.199497653749
5267,1.9224165327992504,22.718931768855906,4420.287155513477
5268,1.9220756982778675,22.70441870178316,4416.378072375223
5269,1.9217349298921402,22.689913834579254,4412.472245765987
5270,1.9213942276384657,22.675417163003456,4408.569673214363
5271,1.9210535915132447,22.660928682812937,4404.670352250515
5272,1.9207130215128825,22.64644838977266,4400.774280406172
5273,1.9203725176337878,22.631976279646334,4396.8814552146505
5274,1.9200320798723733,22.61751234820046,4392.991874210824
5275,1.9196917082250557,22.603056591203675,4389.105534931155
5276,1.9193514026882557,22.588609004426072,4385.222434913673
5277,1.9190111632583973,22.574169583641957,4381.34257169797
5278,1.918670989931909,22.55973832462552,4377.465942825221
5279,1.918330882705223,22.545315223153896,4373.59254583817
5280,1.9179908415747753,22.530900275005518,4369.722378281117
5281,1.9176508665370058,22.51649347596314,4365.855437699947
5282,1.9173109575883582,22.502094821810523,4361.991721642103
5283,1.9169711147252804,22.487704308330898,4358.131227656602
5284,1.9166313379442237,22.473321931312984,4354.273953294032
5285,1.9162916272416437,22.45894768654575,4350.419896106534
5286,1.9159519826139997,22.444581569822365,4346.569053647823
5287,1.915612404057755,22.43022357693606,4342.721423473186
5288,1.9152728915693762,22.415873703682735,4338.877003139464
5289,1.9149334451453344,22.401531945859773,4335.035790205067
5290,1.9145940647821045,22.38719829926874,4331.197782229966
5291,1.914254750476165,22.37287275971115,4327.362976775698
5292,1.913915502223998,22.358555322991364,4323.5313714053655
5293,1.9135763200220903,22.344245984915805,4319.702963683623
5294,1.9132372038669319,22.329944741293435,4315.877751176693
5295,1.9128981537550167,22.315651587933885,4312.055731452364
5296,1.9125591696828426,22.301366520650323,4308.2369020799715
5297,1.9122202516469113,22.287089535257532,4304.421260630422
5298,1.9118813996437285,22.272820627571615,4300.6088046761715
5299,1.9115426136698033,22.258559793412925,4296.799531791238
5300,1.9112038937216491,22.244307028601785,4292.993439551209
5301,1.9108652397957828,22.230062328961292,4289.190525533206
5302,1.9105266518887254,22.215825690316585,4285.390787315922
5303,1.9101881299970016,22.20159710849418,4281.594222479608
5304,1.90984967411714,22.18737657932487,4277.800828606055
5305,1.909511284245673,22.173164098639315,4274.010603278627
5306,1.9091729603791365,22.158959662270963,4270.223544082227
5307,1.9088347025140708,22.144763266055765,4266.439648603318
5308,1.9084965106470198,22.130574905830567,4262.6589144299205
5309,1.908158384774531,22.116394577435425,4258.881339151596
5310,1.9078203248931558,22.102222276712094,4255.106920359465
5311,1.9074823309994495,22.088057999504397,4251.335655646199
5312,1.9071444030899714,22.0739017416575,4247.5675426060125
5313,1.9068065411612842,22.059753499020815,4243.802578834683
5314,1.906468745209955,22.04561326744361,4240.040761929522
5315,1.9061310152325537,22.031481042777983,4236.282089489399
5316,1.905793351225655,22.017356820878103,4232.526559114729
5317,1.9054557531858372,22.003240597599426,4228.774168407473
5318,1.905118221109682,21.989132368801656,4225.024914971141
5319,1.9047807549937752,21.975032130345532,4221.278796410788
5320,1.9044433548347062,21.960939878091207,4217.535810333009
5321,1.9041060206290685,21.946855607903533,4213.795954345958
5322,1.903768752373459,21.932779315650418,4210.059226059316
5323,1.9034315500644787,21.918710997199696,4206.325623084313
5324,1.9030944136987324,21.904650648422013,4202.595143033734
5325,1.9027573432728284,21.890598265190004,4198.867783521887
5326,1.902420338783379,21.876553843377646,4195.143542164633
5327,1.9020834002270002,21.862517378863167,4191.42241657938
5328,1.9017465276003118,21.848488867524637,4187.704404385057
5329,1.9014097208999374,21.83446830524292,4183.989503202155
5330,1.9010729801225044,21.820455687900218,4180.277710652683
5331,1.900736305264644,21.806451011382908,4176.569024360207
5332,1.900399696322991,21.792454271578332,4172.863441949819
5333,1.9000631532941838,21.778465464373387,4169.1609610481555
5334,1.8997266761748652,21.76448458566023,4165.461579283381
5335,1.8993902649616814,21.750511631331296,4161.765294285212
5336,1.8990539196512821,21.73654659728315,4158.072103684877
5337,1.8987176402403212,21.72258947941233,4154.382005115166
5338,1.8983814267254562,21.708640273617988,4150.694996210377
5339,1.8980452791033482,21.69469897580077,4147.01107460636
5340,1.8977091973706621,21.68076558186538,4143.330237940496
5341,1.8973731815240669,21.666840087716484,4139.652483851688
5342,1.8970372315602348,21.65292248926144,4135.977809980381
5343,1.8967013474758423,21.639012782409694,4132.306213968549
5344,1.896365529267569,21.625110963073052,4128.637693459692
5345,1.8960297769320988,21.611217027164237,4124.972246098846
5346,1.8956940904661193,21.59733097059915,4121.309869532567
5347,1.8953584698663215,21.583452789295322,4117.650561408954
5348,1.8950229151294005,21.569582479171622,4113.994319377621
5349,1.8946874262520548,21.555720036151044,4110.341141089714
5350,1.8943520032309866,21.54186545615649,4106.691024197907
5351,1.8940166460629024,21.528018735113605,4103.043966356402
5352,1.893681354744512,21.51417986895007,4099.399965220917
5353,1.8933461292725287,21.50034885359487,4095.7590184487103
5354,1.8930109696436699,21.48652568498108,4092.121123698544
5355,1.8926758758546567,21.47271035904175,4088.4862786307244
5356,1.892340847902214,21.4589028717126,4084.854480907073
5357,1.89200588578307,21.445103218931845,4081.2257281909237
5358,1.891670989493957,21.431311396638392,4077.6000181471463
5359,1.8913361590316107,21.417527400774524,4073.97734844213
5360,1.8910013943927708,21.403751227283976,4070.3577167437725
5361,1.8906666955741807,21.389982872112615,4066.741120721508
5362,1.8903320625725872,21.376222331207533,4063.127558046271
5363,1.8899974953847414,21.362469600519997,4059.5170263905343
5364,1.8896629940073975,21.34872467600115,4055.909523428279
5365,1.8893285584373134,21.33498755360487,4052.3050468349984
5366,1.8889941886712511,21.32125822928634,4048.7035942877133
5367,1.8886598847059761,21.307536699004807,4045.1051634649575
5368,1.8883256465382576,21.293822958719463,4041.5097520467693
5369,1.8879914741648687,21.280117004393283,4037.917357714716
5370,1.8876573675825856,21.26641883198799,4034.327978151873
5371,1.887323326788189,21.252728437469877,4030.7416110428303
5372,1.8869893517784626,21.2390458168082,4027.158254073693
5373,1.886655442550194,21.225370965972225,4023.5779049320704
5374,1.8863215991001747,21.211703880933772,4020.000561307093
5375,1.8859878214251997,21.19804455766617,4016.4262208894
5376,1.8856541095220676,21.18439299214651,4012.8548813711336
5377,1.8853204633875809,21.17074918035206,4009.2865404459576
5378,1.8849868830185454,21.157113118262714,4005.7211958090325
5379,1.884653368411771,21.14348480186034,4002.1588451570356
5380,1.8843199195640712,21.12986422712812,3998.5994861881563
5381,1.8839865364722628,21.116251390053307,3995.043116602078
5382,1.8836532191331665,21.10264628662411,3991.4897340999987
5383,1.883319967543607,21.089048912828208,3987.9393363846207
5384,1.882986781700412,21.075459264657887,3984.3919211601533
5385,1.8826536616004133,21.06187733810825,3980.8474861323125
5386,1.8823206072404464,21.04830312917446,3977.3060290083076
5387,1.88198761861735,21.03473663385429,3973.767547496864
5388,1.8816546957279672,21.021177848147506,3970.2320393082077
5389,1.881321838569144,21.00762676805522,3966.699502154057
5390,1.8809890471377304,20.994083389582478,3963.1699337476434
5391,1.88065632143058,20.98054770873433,3959.6433318036898
5392,1.8803236614445502,20.967019721518497,3956.1196940384248
5393,1.8799910671765019,20.953499423943953,3952.599018169582
5394,1.8796585386232996,20.93998681202481,3949.0813019163793
5395,1.8793260757818113,20.926481881771853,3945.566542999544
5396,1.878993678648909,20.912984629201755,3942.0547391413
5397,1.8786613472214682,20.899495050332106,3938.545888065364
5398,1.8783290814963678,20.886013141181813,3935.0399874969544
5399,1.8779968814704908,20.872538897773726,3931.53703516278
5400,1.8776647471407235,20.859072316130668,3928.0370287910437
5401,1.8773326785039557,20.84561339227811,3924.539966111456
5402,1.877000675557081,20.832162122242856,3921.0458448552004
5403,1.8766687382969967,20.818718502055606,3917.5546627549693
5404,1.8763368667206037,20.805282527747107,3914.066417544947
5405,1.8760050608248064,20.791854195350666,3910.581106960799
5406,1.875673320606513,20.77843350090267,3907.098728739693
5407,1.875341646062635,20.7650204404376,3903.6192806202803
5408,1.875010037190088,20.751615009997074,3900.142760342704
5409,1.8746784939857906,20.738217205621638,3896.669165648605
5410,1.8743470164466656,20.72482702335445,3893.198494281094
5411,1.8740156045696388,20.711444459239953,3889.7307439847887
5412,1.8736842583516402,20.69806950932657,3886.2659125057858
5413,1.8733529777896032,20.684702169662653,3882.8039975916668
5414,1.8730217628804646,20.67134243629921,3879.3449969915023
5415,1.872690613621165,20.657990305289164,3875.888908455847
5416,1.8723595300086486,20.644645772686786,3872.4357297367437
5417,1.872028512039863,20.63130883455023,3868.985458587718
5418,1.8716975597117596,20.617979486937678,3865.5380927637743
5419,1.8713666730212934,20.60465772591089,3862.093630021403
5420,1.8710358519654229,20.591343547529878,3858.6520681185843
5421,1.87070509654111,20.57803694786162,3855.213404814766
5422,1.8703744067453207,20.564737922972096,3851.777637870889
5423,1.870043782575024,20.551446468929857,3848.3447650493626
5424,1.869713224027193,20.53816258180541,3844.9147841140875
5425,1.8693827310988038,20.52488625767054,3841.48769283044
5426,1.8690523037868367,20.511617492600976,3838.0634889652683
5427,1.868721942088275,20.498356282672372,3834.6421702869034
5428,1.8683916460001062,20.48510262396302,3831.22373456516
5429,1.8680614155193207,20.471856512552495,3827.8081795713124
5430,1.867731250642913,20.458617944524256,3824.3955030781317
5431,1.8674011513678808,20.445386915962786,3820.985702859842
5432,1.8670711176912256,20.43216342295206,3817.578776692156
5433,1.8667411496099524,20.418947461581084,3814.1747223522643
5434,1.8664112471210699,20.405739027939116,3810.773537618814
5435,1.86608141022159,20.39253811811934,3807.3752202719384
5436,1.8657516389085282,20.379344728214843,3803.9797680932397
5437,1.8654219331789041,20.366158854321373,3800.5871788657887
5438,1.8650922930297404,20.352980492535902,3797.1974503741276
5439,1.8647627184580633,20.339809638959313,3793.810580404267
5440,1.8644332094609026,20.326646289692505,3790.4265667436903
5441,1.864103766035292,20.31349044083886,3787.045407181354
5442,1.8637743881782682,20.300342088503776,3783.667099507667
5443,1.863445075886872,20.28720122879389,3780.2916415145205
5444,1.863115829158147,20.274067857820782,3776.919030995268
5445,1.8627866479891413,20.260941971692827,3773.5492657447244
5446,1.8624575323769057,20.24782356652415,3770.1823435591773
5447,1.862128482318495,20.23471263842911,3766.81826223637
5448,1.8617994978109673,20.22160918352589,3763.4570195755196
5449,1.8614705788513846,20.208513197932714,3760.098613377303
5450,1.861141725436812,20.195424677770305,3756.743041443854
5451,1.8608129375643179,20.182343619161333,3753.390301578776
5452,1.860484215230975,20.169270018229764,3750.040391587135
5453,1.8601555584338594,20.156203871103372,3746.6933092754493
5454,1.85982696717005,20.143145173909975,3743.3490524517065
5455,1.8594984414366298,20.13009392277995,3740.0076189253423
5456,1.8591699812306852,20.117050113845792,3736.6690065072644
5457,1.8588415865493062,20.104013743240994,3733.3332130098333
5458,1.8585132573895862,20.090984807101993,3730.0002362468613
5459,1.8581849937486221,20.077963301566772,3726.6700740336264
5460,1.8578567956235144,20.06494922277525,3723.3427241868603
5461,1.857528663011367,20.051942566868572,3720.018184524743
5462,1.8572005959092874,20.038943329991753,3716.6964528669255
5463,1.8568725943143867,20.025951508289783,3713.377527034491
5464,1.856544658223779,20.01296709791015,3710.0614048499933
5465,1.8562167876345825,19.999990095002314,3706.74808413744
5466,1.8558889825439189,19.98702049571696,3703.4375627222757
5467,1.8555612429489128,19.97405829620863,3700.129838431412
5468,1.8552335688466928,19.96110349263179,3696.8249090932036
5469,1.854905960234391,19.948156081144525,3693.5227725374575
5470,1.8545784171091426,19.935216057903084,3690.2234265954335
5471,1.8542509394680866,19.92228341907061,3686.926869099828
5472,1.8539235273083656,19.909358160809198,3683.633097884804
5473,1.8535961806271253,19.896440279283464,3680.342110785963
5474,1.8532688994215152,19.883529770659973,3677.0539056403486
5475,1.852941683688688,19.87062663110651,3673.7684802864565
5476,1.8526145334258004,19.85773085679464,3670.485832564233
5477,1.8522874486300118,19.844842443895956,3667.2059603150587
5478,1.8519604292984857,19.83196138858454,3663.928861381766
5479,1.851633475428389,19.81908768703576,3660.654533608627
5480,1.8513065870168917,19.806221335428805,3657.3829748413614
5481,1.8509797640611676,19.793362329943765,3654.1141829271296
5482,1.8506530065583942,19.780510666760314,3650.848155714527
5483,1.8503263145057518,19.767666342063016,3647.5848910536033
5484,1.8499996879004246,19.754829352036634,3644.3243867958386
5485,1.8496731267396,19.7419996928698,3641.0666407941526
5486,1.8493466310204694,19.729177360751045,3637.8116509029132
5487,1.849020200740227,19.71636235187144,3634.5594149779167
5488,1.848693835896071,19.70355466242336,3631.3099308763994
5489,1.8483675364852026,19.690754288602882,3628.063196457042
5490,1.8480413025048266,19.67796122660614,3624.819209579952
5491,1.8477151339521514,19.665175472631724,3621.5779681066792
5492,1.8473890308243888,19.652397022880077,3618.3394699002083
5493,1.847062993118754,19.639625873552998,3615.103712824952
5494,1.8467370208324658,19.62686202085692,3611.870694746767
5495,1.846411113962746,19.614105460995358,3608.6404135329317
5496,1.8460852725068202,19.601356190177302,3605.4128670521663
5497,1.8457594964619175,19.588614204611947,3602.1880531746233
5498,1.8454337858252703,19.57587950051233,3598.965969771876
5499,1.8451081405941143,19.56315207409138,3595.7466147169384
5500,1.844782560765689,19.55043192156459,3592.529985884253
5501,1.8444570463372367,19.537719039149305,3589.3160811496855
5502,1.844131597306004,19.525013423064085,3586.1048983905384
5503,1.8438062136692401,19.51231506953129,3582.8964354855343
5504,1.8434808954241981,19.49962397477321,3579.690690314829
5505,1.8431556425681346,19.486940135014652,3576.487660760002
5506,1.8428304550983092,19.47426354648267,3573.2873447040583
5507,1.8425053330119852,19.461594205405046,3570.0897400314325
5508,1.8421802763064292,19.448932108012553,3566.8948446279765
5509,1.8418552849789116,19.436277250537465,3563.70265638097
5510,1.8415303590267056,19.423629629213856,3560.513173179121
5511,1.8412054984470883,19.41098924027713,3557.32639291255
5512,1.84088070323734,19.398356079966348,3554.1423134728057
5513,1.8405559733947443,19.385730144520565,3550.9609327528638
5514,1.8402313089165885,19.373111430181357,3547.7822486471027
5515,1.839906709800163,19.360499933191512,3544.6062590513397
5516,1.8395821760427618,19.34789564979748,3541.4329618628003
5517,1.8392577076416823,19.335298576245787,3538.262354980133
5518,1.8389333045942253,19.32270870878642,3535.0944363034055
5519,1.8386089668976948,19.31012604366815,3531.9292037340942
5520,1.8382846945493985,19.297550577144072,3528.7666551751026
5521,1.837960487546647,19.28498230546991,3525.6067885307493
5522,1.8376363458867553,19.27242122490144,3522.4496017067577
5523,1.8373122695670405,19.259867331696835,3519.2950926102794
5524,1.8369882585848238,19.24732062211556,3516.143259149869
5525,1.83666431293743,19.234781092420747,3512.9940992355
5526,1.8363404326221868,19.222248738875543,3509.8476107785605
5527,1.8360166176364254,19.209723557745544,3506.703791691844
5528,1.8356928679774804,19.197205545298164,3503.562639889559
5529,1.83536918364269,19.18469469780209,3500.4241532873307
5530,1.8350455646293955,19.172191011529673,3497.288329802178
5531,1.8347220109349416,19.159694482754233,3494.15516735255
5532,1.8343985225566766,19.147205107748587,3491.024663858285
5533,1.834075099491952,19.134722882789763,3487.8968172406408
5534,1.8337517417381224,19.122247804157453,3484.7716254222846
5535,1.8334284492925463,19.109779868131366,3481.649086327277
5536,1.8331052221525854,19.097319070993727,3478.529197881097
5537,1.8327820603156046,19.084865409028342,3475.4119580106294
5538,1.832458963778972,19.0724188785205,3472.297364644151
5539,1.8321359325400597,19.059979475759064,3469.185415711358
5540,1.8318129665962426,19.0475471970329,3466.0761091433346
5541,1.831490065944899,19.035122038633332,3462.9694428725816
5542,1.8311672305834108,19.02270399685287,3459.8654148329974
5543,1.8308444605091632,19.010293067988698,3456.7640229598737
5544,1.8305217557195443,18.997889248335024,3453.665265189915
5545,1.8301991162119464,18.985492534191422,3450.5691394612177
5546,1.8298765419837644,18.97310292185839,3447.475643713279
5547,1.829554033032397,18.960720407637563,3444.3847758869997
5548,1.8292315893552458,18.948344987834258,3441.296533924669
5549,1.828909210949716,18.935976658753763,3438.2109157699806
5550,1.8285868978132165,18.92361541670385,3435.1279193680275
5551,1.828264649943159,18.911261257993438,3432.0475426652893
5552,1.8279424673369586,18.898914178935144,3428.969783609647
5553,1.827620349992034,18.886574175841567,3425.894640150377
5554,1.827298297905807,18.874241245027694,3422.8221102381453
5555,1.8269763110757027,18.861915382810366,3419.75219182502
5556,1.8266543894991498,18.84959658550862,3416.6848828644465
5557,1.8263325331735802,18.83728484944218,3413.6201813112757
5558,1.826010742096429,18.824980170933667,3410.558085121746
5559,1.825689016265135,18.81268254630721,3407.498592253484
5560,1.8253673556771395,18.800391971888097,3404.4417006655094
5561,1.825045760329888,18.788108444005246,3401.387408318232
5562,1.8247242302208289,18.775831958987602,3398.335713173441
5563,1.824402765347414,18.76356251316646,3395.2866131943288
5564,1.8240813657070984,18.751300102875003,3392.2401063454586
5565,1.8237600312973408,18.739044724447595,3389.1961905927947
5566,1.8234387621156025,18.72679637422214,3386.1548639036805
5567,1.8231175581593486,18.714555048536656,3383.1161242468434
5568,1.8227964194260478,18.70232074373246,3380.0799695923947
5569,1.8224753459131713,18.690093456149217,3377.0463979118385
5570,1.8221543376181943,18.67787318213304,3374.0154071780485
5571,1.821833394538595,18.665659918029135,3370.9869953652956
5572,1.8215125166718549,18.653453660185054,3367.9611604492197
5573,1.8211917040154588,18.641254404950207,3364.937900406853
5574,1.820870956566895,18.62906214867517,3361.917213216598
5575,1.820550274323655,18.616876887714106,3358.8990968582407
5576,1.8202296572832333,18.604698618421224,3355.88354931295
5577,1.819909105443128,18.592527337153058,3352.870568563275
5578,1.8195886188008406,18.58036304026743,3349.8601525931317
5579,1.8192681973538753,18.568205724125665,3346.8522993878255
5580,1.8189478410997404,18.556055385089106,3343.84700693403
5581,1.8186275500359468,18.54391201952251,3340.8442732197973
5582,1.8183073241600092,18.531775623789443,3337.8440962345585
5583,1.817987163469445,18.519646194257653,3334.846473969111
5584,1.8176670679617755,18.507523727297464,3331.8514044156345
5585,1.8173470376345247,18.49540821927914,3328.8588855676803
5586,1.8170270724852202,18.48329966657542,3325.8689154201634
5587,1.816707172511393,18.47119806556021,3322.881491969387
5588,1.8163873377105773,18.459103412610904,3319.896613213004
5589,1.8160675680803102,18.44701570410504,3316.9142771500583
5590,1.8157478636181323,18.434934936422444,3313.934481780957
5591,1.8154282243215878,18.42286110594474,3310.957225107468
5592,1.8151086501882236,18.410794209054767,3307.9825051327366
5593,1.8147891412155903,18.39873424213981,3305.010319861275
5594,1.8144696974012413,18.386681201584373,3302.040667298957
5595,1.8141503187427337,18.374635083778156,3299.073545453033
5596,1.8138310052376276,18.362595885111105,3296.1089523321075
5597,1.8135117568834866,18.350563601976717,3293.1468859461584
5598,1.8131925736778776,18.338538230768474,3290.1873443065283
5599,1.81287345561837,18.326519767882264,3287.2303254259123
5600,1.8125544027025375,18.31450820971572,3284.2758273183836
5601,1.8122354149279565,18.302503552667662,3281.3238479993724
5602,1.8119164922922064,18.290505793140415,3278.374385485665
5603,1.8115976347928704,18.27851492753644,3275.4274377954152
5604,1.8112788424275346,18.266530952260393,3272.483002948134
5605,1.8109601151937882,18.254553863719174,3269.541078964695
5606,1.810641453089224,18.24258365832031,3266.6016638673314
5607,1.8103228561114382,18.230620332474224,3263.664755679626
5608,1.8100043242580295,18.218663882592722,3260.730352426532
5609,1.8096858575266004,18.206714305089363,3257.7984521343533
5610,1.8093674559147566,18.194771596378942,3254.869052830747
5611,1.8090491194201068,18.182835752879715,3251.9421525447337
5612,1.808730848040263,18.17090677100994,3249.0177493066803
5613,1.8084126417728408,18.158984647190287,3246.0958411483157
5614,1.8080945006154583,18.14706937784261,3243.1764261027192
5615,1.8077764245657375,18.135160959392174,3240.2595022043224
5616,1.8074584136213032,18.12325938826432,3237.3450674889086
5617,1.8071404677797835,18.11136466088683,3234.4331199936196
5618,1.80682258703881,18.099476773689926,3231.5236577569367
5619,1.806504771396017,18.087595723102435,3228.6166788187033
5620,1.8061870208490425,18.075721505559393,3225.7121812201017
5621,1.8058693353955275,18.063854117494945,3222.8101630036695
5622,1.8055517150331162,18.051993555345533,3219.910622213296
5623,1.805234159759456,18.040139815549395,3217.013556894208
5624,1.8049166695721974,18.028292894545967,3214.118965092984
5625,1.8045992444689947,18.01645278877806,3211.2268448575587
5626,1.8042818844475046,18.004619494688633,3208.3371942371928
5627,1.8039645895053873,17.992793008722895,3205.4500112825094
5628,1.8036473596403064,17.980973327327245,3202.5652940454647
5629,1.8033301948499285,17.969160446951573,3199.6830405793635
5630,1.8030130951319234,17.957354364046722,3196.803248938857
5631,1.8026960604839641,17.945555075063037,3193.925917179929
5632,1.802379090903727,17.933762576455432,3191.0510433599125
5633,1.8020621863888915,17.921976864679053,3188.1786255374764
5634,1.80174534693714,17.91019793619248,3185.3086617726353
5635,1.8014285725461585,17.898425787454393,3182.4411501267446
5636,1.8011118632136358,17.8866604149257,3179.576088662484
5637,1.8007952189372642,17.874901815068547,3176.713475443889
5638,1.800478639714739,17.863149984348503,3173.8533085363265
5639,1.8001621255437588,17.851404919231136,3170.9955860064942
5640,1.7998456764220252,17.839666616184402,3168.1403059224376
5641,1.799529292347243,17.827935071677928,3165.2874663535245
5642,1.7992129733171205,17.816210282182556,3162.4370653704664
5643,1.7988967193293688,17.804492244173417,3159.5891010453097
5644,1.7985805303817022,17.792780954122993,3156.743571451427
5645,1.7982644064718383,17.781076408508802,3153.90047466353
5646,1.7979483475974978,17.769378603808615,3151.059808757662
5647,1.7976323537564047,17.757687536503582,3148.221571811192
5648,1.797316424946286,17.74600320307496,3145.385761902828
5649,1.797000561164872,17.734325600006258,3142.5523771126013
5650,1.796684762409896,17.722654723782764,3139.7214155218767
5651,1.7963690286790945,17.710990570890885,3136.8928752133484
5652,1.7960533599702073,17.699333137820435,3134.0667542710303
5653,1.7957377562809773,17.687682421061307,3131.243050780275
5654,1.7954222176091506,17.676038417105676,3128.4217628277606
5655,1.795106743952476,17.664401122447806,3125.6028885014794
5656,1.794791335308706,17.652770533582576,3122.786425890764
5657,1.7944759916755961,17.641146647007663,3119.9723730862597
5658,1.794160713050905,17.629529459222173,3117.1607281799434
5659,1.7938454994323942,17.617918966726883,3114.351489265114
5660,1.7935303508178289,17.60631516602376,3111.5446544363904
5661,1.7932152672049768,17.594718053618124,3108.7402217897147
5662,1.7929002485916092,17.583127626015383,3105.938189422356
5663,1.7925852949755006,17.571543879723194,3103.138555432891
5664,1.7922704063544281,17.559966811250412,3100.3413179212303
5665,1.7919555827261726,17.548396417109206,3097.5464749885946
5666,1.7916408240885178,17.5368326938119,3094.7540247375264
5667,1.7913261304392505,17.52527563787302,3091.963965271891
5668,1.7910115017761605,17.5137252458097,3089.1762946968565
5669,1.7906969380970412,17.50218151413755,3086.3910111189234
5670,1.7903824393996886,17.49064443937824,3083.6081126459053
5671,1.790068005681902,17.479114018052627,3080.8275973869204
5672,1.7897536369414841,17.46759024668382,3078.049463452414
5673,1.7894393331762406,17.456073121796056,3075.2737089541356
5674,1.7891250943839798,17.44456263991696,3072.500332005153
5675,1.788810920562514,17.43305879757423,3069.7293307198515
5676,1.7884968117096578,17.421561591297802,3066.960703213916
5677,1.7881827678232294,17.4100710176193,3064.194447604352
5678,1.78786878890105,17.398587073071536,3061.4305620094765
5679,1.787554874940944,17.387109754190643,3058.6690445489035
5680,1.7872410259407385,17.37563905751379,3055.909893343575
5681,1.7869272418982642,17.364174979577538,3053.1531065157233
5682,1.7866135228113547,17.35271751692251,3050.3986821889016
5683,1.7862998686778466,17.341266666091578,3047.6466184879673
5684,1.7859862794955799,17.329822423627807,3044.8969135390776
5685,1.7856727552623974,17.31838478607644,3042.149565469703
5686,1.785359295976145,17.306953749984466,3039.4045724086204
5687,1.7850459016346722,17.2955293119,3036.6619324859
5688,1.784732572235831,17.28411146837449,3033.92164383293
5689,1.7844193077774764,17.272700215959418,3031.183704582388
5690,1.7841061082574672,17.261295551208566,3028.4481128682664
5691,1.7837929736736646,17.249897470676842,3025.7148668258546
5692,1.7834799040239335,17.23850597092246,3022.983964591735
5693,1.7831668993061414,17.227121048504607,3020.255404303804
5694,1.782853959518159,17.215742699982016,3017.5291841012527
5695,1.78254108465786,17.204370921917796,3014.8053021245637
5696,1.7822282747231215,17.193005710875333,3012.0837565155293
5697,1.7819155297118234,17.18164706342126,3009.364545417232
5698,1.7816028496218488,17.17029497612245,3006.647666974054
5699,1.781290234451084,17.158949445547684,3003.933119331675
5700,1.7809776841974179,17.14761046826719,3001.2209006370663
5701,1.780665198858743,17.13627804085437,2998.5110090384965
5702,1.7803527784329545,17.124952159882714,2995.8034426855347
5703,1.780040422917951,17.11363282192795,2993.098199729032
5704,1.7797281323116338,17.10232002356749,2990.3952783211407
5705,1.7794159066119077,17.09101376138075,2987.694676615299
5706,1.7791037458166803,17.079714031947788,2984.9963927662443
5707,1.778791649923862,17.068420831851395,2982.3004249300043
5708,1.778479618931367,17.057134157675687,2979.606771263886
5709,1.7781676528371118,17.045854006005975,2976.9154299264997
5710,1.7778557516390163,17.034580373430767,2974.2263990777387
5711,1.7775439153350037,17.0233132565387,2971.5396768787814
5712,1.7772321439229997,17.012052651920637,2968.8552614921036
5713,1.7769204374009333,17.000798556169052,2966.1731510814516
5714,1.7766087957667367,16.98955096587762,2963.4933438118755
5715,1.776297219018345,16.978309877643262,2960.8158378497023
5716,1.7759857071536964,16.96707528806298,2958.1406313625403
5717,1.7756742601707323,16.95584719373689,2955.46772251929
5718,1.7753628780673967,16.944625591263534,2952.797109490134
5719,1.775051560841637,16.933410477247403,2950.1287904465303
5720,1.7747403084914037,16.92220184829224,2947.4627635612314
5721,1.77442912101465,16.91099970100385,2944.7990270082564
5722,1.7741179984093323,16.899804031989866,2942.1375789629196
5723,1.7738069406734103,16.888614837858952,2939.478417601806
5724,1.7734959478048462,16.87743211522305,2936.8215411027827
5725,1.773185019801606,16.866255860694206,2934.1669476449956
5726,1.7728741566616577,16.855086070886646,2931.5146354088743
5727,1.7725633583829734,16.84392274241568,2928.864602576114
5728,1.7722526249635275,16.832765871899987,2926.216847329697
5729,1.7719419564012977,16.821615455958174,2923.571367853876
5730,1.7716313526942646,16.810471491212056,2920.9281623341813
5731,1.771320813840412,16.799333974282373,2918.2872289574216
5732,1.7710103398377264,16.788202901793674,2915.64856591167
5733,1.7706999306841977,16.77707827037287,2913.0121713862827
5734,1.7703895863778187,16.765960076646923,2910.378043571887
5735,1.7700793069165852,16.754848317245045,2907.746180660373
5736,1.7697690922984959,16.743742988797525,2905.1165808449164
5737,1.7694589425215526,16.73264408793783,2902.4892423199512
5738,1.76914885758376,16.72155161129965,2899.8641632811873
5739,1.7688388374831259,16.710465555518727,2897.241341925608
5740,1.7685288822176612,16.699385917232537,2894.6207764514556
5741,1.7682189917853801,16.688312693079627,2892.002465058246
5742,1.767909166184299,16.677245879702674,2889.386405946766
5743,1.7675994054124378,16.666185473741795,2886.7725973190604
5744,1.7672897094678195,16.6551314718419,2884.161037378447
5745,1.7669800783484697,16.64408387064816,2881.5517243295017
5746,1.7666705120524175,16.633042666809022,2878.944656378075
5747,1.7663610105776946,16.622007856972875,2876.339831731277
5748,1.766051573922336,16.610979437790395,2873.7372485974756
5749,1.7657422020843792,16.599957405913877,2871.1369051863076
5750,1.7654328950618652,16.588941757996707,2868.5387997086727
5751,1.7651236528528378,16.577932490695503,2865.9429303767247
5752,1.7648144754553439,16.56692960066698,2863.349295403887
5753,1.764505362867433,16.55593308456993,2860.7578930048335
5754,1.764196315087158,16.544942939064445,2858.1687213955056
5755,1.7638873321125748,16.533959160814465,2855.5817787931005
5756,1.7635784139417419,16.522981746481552,2852.997063416071
5757,1.763269560572721,16.512010692732012,2850.414573484128
5758,1.762960772003577,16.501045996232882,2847.8343072182447
5759,1.7626520482323773,16.490087653652346,2845.256262840639
5760,1.7623433892571927,16.47913566166179,2842.6804385747955
5761,1.7620347950760966,16.468190016932617,2840.1068326454442
5762,1.761726265687166,16.457250716138432,2837.535443278574
5763,1.76141780108848,16.446317755954034,2834.96626870143
5764,1.7611094012781214,16.435391133057223,2832.3993071425007
5765,1.7608010662541755,16.424470844126063,2829.834556831535
5766,1.760492796014731,16.413556885840663,2827.272015999525
5767,1.760184590557879,16.40264925488362,2824.7116828787207
5768,1.7598764498817139,16.391747947936132,2822.153555702622
5769,1.759568373984333,16.380852961685086,2819.5976327059684
5770,1.759260362863837,16.36996429281663,2817.0439121247596
5771,1.7589524165183288,16.35908193801906,2814.492392196236
5772,1.7586445349459146,16.348205893982254,2811.9430711588866
5773,1.7583367181447036,16.33733615739727,2809.395947252449
5774,1.758028966112808,16.326472724958247,2806.851018717902
5775,1.7577212788483427,16.315615593359475,2804.3082837974753
5776,1.7574136563494258,16.30476475929736,2801.767740734642
5777,1.7571060986141782,16.293920219469445,2799.2293877741117
5778,1.7567986056407239,16.283081970576365,2796.693223161845
5779,1.7564911774271896,16.272250009318988,2794.159245145044
5780,1.7561838139717052,16.261424332400892,2791.6274519721483
5781,1.7558765152724034,16.25060493652495,2789.0978418928453
5782,1.7555692813274197,16.239791818397656,2786.570413158055
5783,1.755262112134893,16.22898497472776,2784.045164019941
5784,1.7549550076929645,16.218184402224114,2781.5220927319106
5785,1.7546479679997788,16.20739009759772,2779.0011975485995
5786,1.7543409930534835,16.19660205756068,2776.482476725889
5787,1.7540340828522287,16.185820278828178,2773.965928520896
5788,1.7537272373941677,16.17504475811558,2771.4515511919685
5789,1.7534204566774567,16.164275492140295,2768.9393429987003
5790,1.7531137407002548,16.153512477621348,2766.4293022019096
5791,1.7528070894607242,16.14275571127897,2763.921427063656
5792,1.7525005029570295,16.132005189837233,2761.4157158472317
5793,1.7521939811873388,16.12126091001783,2758.9121668171574
5794,1.7518875241498229,16.110522868547122,2756.4107782391898
5795,1.7515811318426553,16.09979106215169,2753.911548380321
5796,1.751274804264013,16.089065487561246,2751.4144755087655
5797,1.7509685414120753,16.078346141505623,2748.919557893978
5798,1.7506623432850248,16.067633020716677,2746.42679380663
5799,1.7503562098810468,16.056926121928,2743.9361815186367
5800,1.7500501411983296,16.046225441874228,2741.4477193031325
5801,1.7497441372350642,16.035530977293046,2738.9614054344797
5802,1.7494381979894449,16.024842724922316,2736.4772381882694
5803,1.7491323234596687,16.014160681501956,2733.9952158413244
5804,1.7488265136439354,16.00348484377303,2731.5153366716795
5805,1.7485207685404478,15.99281520848053,2729.03759895861
5806,1.7482150881474117,15.982151772366954,2726.5620009826034
5807,1.7479094724630357,15.971494532179518,2724.0885410253745
5808,1.7476039214855312,15.960843484666169,2721.61721736987
5809,1.7472984352131127,15.95019862657591,2719.1480283002434
5810,1.7469930136439973,15.939559954660874,2716.68097210188
5811,1.7466876567764054,15.928927465673283,2714.216047061387
5812,1.74638236460856,15.918301156367471,2711.753251466583
5813,1.746077137138687,15.907681023498853,2709.2925836065165
5814,1.7457719743650153,15.897067063825903,2706.8340417714458
5815,1.7454668762857766,15.886459274107235,2704.3776242528543
5816,1.7451618428992055,15.875857651103535,2701.9233293434418
5817,1.7448568742035395,15.865262191577946,2699.471155337119
5818,1.744551970197019,15.854672892292122,2697.021100529023
5819,1.744247130877887,15.844089750013364,2694.5731632155002
5820,1.74394235624439,15.833512761508246,2692.12734169411
5821,1.7436376462947771,15.82294192354538,2689.6836342636325
5822,1.7433330010272998,15.812377232894486,2687.2420392240538
5823,1.743028420440213,15.801818686328371,2684.80255487658
5824,1.7427239045317744,15.791266280619933,2682.365179523628
5825,1.7424194533002444,15.780720012544162,2679.929911468819
5826,1.7421150667438863,15.770179878877572,2677.496749016994
5827,1.7418107448609665,15.759645876397867,2675.065690474205
5828,1.7415064876497541,15.74911800188573,2672.636734147703
5829,1.7412022951085209,15.738596252122806,2670.209878345959
5830,1.7408981672355417,15.728080623890307,2667.7851213786435
5831,1.7405941040290944,15.717571113973074,2665.362461556643
5832,1.7402901054874593,15.707067719158095,2662.9418971920463
5833,1.73998617160892,15.69657043623252,2660.523426598148
5834,1.7396823023917627,15.686079261985554,2658.1070480894477
5835,1.7393784978342763,15.675594193207955,2655.6927599816545
5836,1.739074757934753,15.665115226691599,2653.280560591675
5837,1.7387710826914875,15.654642359231406,2650.8704482376284
5838,1.7384674721027773,15.644175587622348,2648.4624212388253
5839,1.738163926166923,15.63371490866153,2646.0564779157853
5840,1.7378604448822281,15.623260319147121,2643.6526165902355
5841,1.7375570282469988,15.612811815880278,2641.250835585088
5842,1.7372536762595439,15.602369395663185,2638.8511332244716
5843,1.7369503889181754,15.5919330552975,2636.4535078337058
5844,1.7366471662212082,15.581502791588973,2634.0579577393087
5845,1.7363440081669594,15.571078601343686,2631.664481269
5846,1.7360409147537499,15.560660481370594,2629.273076751693
5847,1.7357378859799026,15.550248428478895,2626.8837425175043
5848,1.7354349218437437,15.539842439479774,2624.496476897743
5849,1.735132022343602,15.529442511185517,2622.1112782249093
5850,1.734829187477809,15.519048640411425,2619.728144832706
5851,1.7345264172446995,15.508660823972896,2617.347075056027
5852,1.734223711642611,15.498279058687416,2614.968067230957
5853,1.7339210706698833,15.487903341373972,2612.59111969478
5854,1.7336184943248598,15.477533668853512,2610.2162307859635
5855,1.7333159826058862,15.467170037947474,2607.8433988441743
5856,1.733013535511311,15.45681244547992,2605.4726222102695
5857,1.7327111530394859,15.44646088827611,2603.1038992262875
5858,1.732408835188765,15.436115363162388,2600.7372282354686
5859,1.7321065819575057,15.425775866968143,2598.3726075822365
5860,1.7318043933440677,15.415442396522728,2596.010035612199
5861,1.7315022693468138,15.405114948657685,2593.649510672158
5862,1.7312002099641095,15.394793520206052,2591.2910311101
5863,1.7308982151943233,15.384478108001987,2588.934595275195
5864,1.7305962850358263,15.374168708882564,2586.5802015178065
5865,1.7302944194869925,15.36386531968505,2584.227848189471
5866,1.7299926185461985,15.35356793724868,2581.8775336429185
5867,1.729690882211824,15.343276558414646,2579.529256232062
5868,1.7293892104822515,15.332991180024594,2577.1830143119905
5869,1.729087603355866,15.322711798922802,2574.8388062389845
5870,1.7287860608310555,15.312438411954716,2572.496630370498
5871,1.7284845829062108,15.30217101596736,2570.1564850651716
5872,1.7281831695797254,15.291909607808847,2567.8183686828247
5873,1.727881820849996,15.281654184330208,2565.482279584452
5874,1.7275805367154213,15.271404742382625,2563.1482161322338
5875,1.7272793171744036,15.261161278819314,2560.8161766895273
5876,1.7269781622253475,15.250923790494523,2558.48615962086
5877,1.7266770718666606,15.240692274265536,2556.158163291949
5878,1.7263760460967532,15.230466726989649,2553.832186069674
5879,1.7260750849140383,15.220247145527095,2551.508226322099
5880,1.7257741883169317,15.210033526737162,2549.1862824184645
5881,1.7254733563038522,15.199825867482648,2546.8663527291765
5882,1.7251725888732212,15.189624164628478,2544.548435625824
5883,1.724871886023463,15.179428415039737,2542.232529481163
5884,1.7245712477530046,15.169238615583492,2539.9186326691224
5885,1.7242706740602758,15.159054763127926,2537.606743564806
5886,1.723970164943709,15.148876854544081,2535.2968605444844
5887,1.7236697204017395,15.1387048867032,2532.9889819856016
5888,1.7233693404328054,15.128538856478503,2530.683106266772
5889,1.7230690250353478,15.118378760744754,2528.379231767775
5890,1.72276877420781,15.108224596377793,2526.077356869562
5891,1.7224685879486386,15.098076360256353,2523.777479954248
5892,1.7221684662562826,15.087934049260165,2521.4795994051196
5893,1.721868409129194,15.077797660268498,2519.1837136066288
5894,1.7215684165658274,15.067667190164112,2516.8898209443905
5895,1.7212684885646403,15.057542635831894,2514.597919805184
5896,1.720968625124093,15.047423994156855,2512.3080085769625
5897,1.7206688262426482,15.037311262026021,2510.0200856488277
5898,1.7203690919187717,15.027204436327933,2507.7341494110588
5899,1.720069422150932,15.017103513952202,2505.450198255085
5900,1.7197698169376006,15.007008491791328,2503.1682305735067
5901,1.719470276277251,14.996919366737997,2500.888244760084
5902,1.7191708001683599,14.986836135686827,2498.6102392097287
5903,1.7188713886094071,14.976758795533563,2496.334212318523
5904,1.7185720415988746,14.966687343177602,2494.0601624837045
5905,1.7182727591352474,14.956621775516108,2491.7880881036667
5906,1.7179735412170132,14.946562089450605,2489.517987577965
5907,1.7176743878426624,14.936508281883352,2487.2498593073055
5908,1.717375299010688,14.926460349717717,2484.983701693558
5909,1.7170762747195862,14.91641828985988,2482.7195131397475
5910,1.7167773149678556,14.906382099216207,2480.457292050045
5911,1.7164784197539973,14.896351774695054,2478.197036829786
5912,1.7161795890765157,14.88632731320582,2475.9387458854594
5913,1.7158808229339175,14.876308711660768,2473.6824176246982
5914,1.7155821213247124,14.866295966972377,2471.4280504562994
5915,1.7152834842474125,14.856289076055008,2469.1756427902014
5916,1.714984911700533,14.84628803582461,2466.9251930375012
5917,1.7146864036825915,14.836292843198965,2464.6766996104448
5918,1.7143879601921086,14.826303495096333,2462.4301609224226
5919,1.7140895812276076,14.816319988437503,2460.185575387982
5920,1.713791266787614,14.806342320144454,2457.9429414228175
5921,1.713493016870657,14.796370487140246,2455.7022574437633
5922,1.7131948314752676,14.786404486350738,2453.463521868812
5923,1.71289671059998,14.776444314702,2451.226733117094
5924,1.712598654243331,14.766489969122045,2448.9918896088907
5925,1.71230066240386,14.756541446540393,2446.7589897656285
5926,1.7120027350801093,14.746598743887642,2444.528032009875
5927,1.7117048722706238,14.736661858097209,2442.299014765345
5928,1.7114070739739513,14.726730786102664,2440.0719364568963
5929,1.711109340188642,14.716805524840384,2437.846795510525
5930,1.7108116709132488,14.706886071245833,2435.623590353377
5931,1.7105140661463276,14.696972422257879,2433.40231941373
5932,1.7102165258864368,14.687064574817498,2431.182981121012
5933,1.7099190501321375,14.677162525865791,2428.9655739057835
5934,1.7096216388819938,14.66726627234584,2426.7500961997466
5935,1.7093242921345722,14.657375811201732,2424.536546435744
5936,1.7090270098884417,14.647491139380445,2422.3249230477563
5937,1.7087297921421745,14.637612253829086,2420.115224470898
5938,1.7084326388943452,14.627739151496732,2417.907449141423
5939,1.708135550143531,14.617871829333913,2415.701595496719
5940,1.707838525888312,14.608010284292297,2413.4976619753133
5941,1.7075415661272708,14.598154513327016,2411.295647016866
5942,1.707244670858993,14.588304513391144,2409.095549062166
5943,1.7069478400820666,14.578460281442023,2406.8973665531435
5944,1.7066510737950822,14.56862181443724,2404.7010979328593
5945,1.7063543719966334,14.558789109337201,2402.5067416455013
5946,1.7060577346853165,14.548962163102493,2400.3142961363983
5947,1.7057611618597301,14.539140972695614,2398.123759851999
5948,1.7054646535184759,14.529325535080604,2395.9351312398885
5949,1.7051682096601577,14.519515847222484,2393.7484087487837
5950,1.7048718302833825,14.509711906089155,2391.5635908285235
5951,1.7045755153867599,14.499913708648622,2389.3806759300805
5952,1.704279264968902,14.490121251870864,2387.1996625055535
5953,1.7039830790284238,14.480334532726884,2385.0205490081644
5954,1.7036869575639428,14.470553548191294,2382.8433338922673
5955,1.703390900574079,14.460778295236485,2380.668015613338
5956,1.7030949080574556,14.45100877083918,2378.494592627978
5957,1.7027989800126977,14.441244971976756,2376.3230633939156
5958,1.7025031164384339,14.43148689562767,2374.1534263699955
5959,1.7022073173332948,14.42173453877313,2371.9856800161933
5960,1.701911582695914,14.411987898394573,2369.819822793606
5961,1.7016159125249275,14.402246971475314,2367.655853164446
5962,1.7013203068189744,14.392511754999733,2365.493769592054
5963,1.7010247655766961,14.382782245954951,2363.333570540885
5964,1.7007292887967367,14.373058441328341,2361.175254476516
5965,1.700433876477743,14.363340338109127,2359.0188198656488
5966,1.7001385286183643,14.353627933288836,2356.8642651760915
5967,1.699843245217253,14.343921223857649,2354.71158887678
5968,1.6995480262730636,14.33422020681092,2352.560789437767
5969,1.6992528717844535,14.324524879143326,2350.4118653302125
5970,1.698957781750083,14.314835237851549,2348.2648150264035
5971,1.6986627561686143,14.305151279933227,2346.1196369997338
5972,1.698367795038713,14.295473002388826,2343.9763297247155
5973,1.6980728983590472,14.285800402218946,2341.834891676976
5974,1.6977780661282873,14.276133476426118,2339.6953213332504
5975,1.6974832983451065,14.266472222014338,2337.5576171713924
5976,1.6971885950081806,14.256816635988653,2335.421777670365
5977,1.6968939561161884,14.247166715356856,2333.2878013102404
5978,1.6965993816678109,14.237522457126904,2331.155686572206
5979,1.6963048716617317,14.227883858309475,2329.0254319385517
5980,1.6960104260966373,14.21825091591391,2326.8970358926863
5981,1.695716044971217,14.208623626954674,2324.7704969191204
5982,1.6954217282841622,14.199001988445621,2322.6458135034723
5983,1.695127476034167,14.18938599740248,2320.522984132472
5984,1.6948332882199286,14.179775650842453,2318.402007293956
5985,1.6945391648401464,14.170170945783807,2316.2828814768613
5986,1.6942451058935226,14.160571879247545,2314.165605171237
5987,1.693951111378762,14.150978448254808,2312.05017686823
5988,1.6936571812945718,14.14139064982868,2309.9365950600945
5989,1.6933633156396621,14.131808480993268,2307.8248582401943
5990,1.6930695144127457,14.122231938775395,2305.714964902985
5991,1.6927757776125376,14.112661020202859,2303.6069135440293
5992,1.6924821052377557,14.10309572230303,2301.5007026599974
5993,1.6921884972871204,14.093536042107026,2299.3963307486492
5994,1.691894953759355,14.083981976646285,2297.293796308853
5995,1.691601474653185,14.0744335229549,2295.193097840572
5996,1.6913080599673387,14.064890678067222,2293.094233844871
5997,1.691014709700547,14.055353439019399,2290.997202823912
5998,1.6907214238515433,14.0458218028487,2288.902003280955
5999,1.6904282024190638,14.036295766595076,2286.808633720356
6000,1.690135045401847,14.026775327298632,2284.7170926475706
6001,1.6898419527986341,14.017260482001397,2282.627378569145
6002,1.6895489246081694,14.007751227746859,2280.5394899927237
6003,1.6892559608291993,13.998247561579479,2278.4534254270447
6004,1.6889630614604725,13.988749480547243,2276.36918338194
6005,1.688670226500741,13.979256981696011,2274.2867623683355
6006,1.6883774559487588,13.969770062075858,2272.206160898246
6007,1.688084749803283,13.960288718737031,2270.1273774847823
6008,1.687792108063073,13.95081294873257,2268.0504106421463
6009,1.6874995307268905,13.94134274911564,2265.9752588856254
6010,1.6872070177935006,13.93187811694134,2263.9019207316032
6011,1.68691456926167,13.922419049266143,2261.830394697546
6012,1.6866221851301688,13.912965543147598,2259.7606793020163
6013,1.6863298653977694,13.90351759564592,2257.692773064659
6014,1.6860376100632466,13.894075203821584,2255.6266745062053
6015,1.6857454191253778,13.884638364736814,2253.5623821484774
6016,1.685453292582943,13.875207075455727,2251.4998945143843
6017,1.6851612304347252,13.865781333042786,2249.439210127912
6018,1.6848692326795094,13.856361134564969,2247.3803275141404
6019,1.6845772993160835,13.846946477090281,2245.323245199228
6020,1.6842854303432377,13.83753735768826,2243.2679617104186
6021,1.6839936257597652,13.828133773429462,2241.21447557604
6022,1.6837018855644614,13.818735721386975,2239.1627853255
6023,1.6834102097561243,13.80934319863426,2237.1128894892895
6024,1.6831185983335548,13.799956202246543,2235.064786598977
6025,1.6828270512955559,13.790574729300108,2233.018475187215
6026,1.6825355686409333,13.781198776873897,2230.9739537877367
6027,1.6822441503684955,13.771828342047048,2228.9312209353466
6028,1.6819527964770533,13.762463421901296,2226.890275165936
6029,1.6816615069654202,13.753104013517572,2224.8511150164704
6030,1.6813702818324119,13.743750113980065,2222.8137390249894
6031,1.6810791210768472,13.734401720374885,2220.7781457306164
6032,1.6807880246975473,13.725058829788344,2218.7443336735414
6033,1.6804969926933357,13.715721439308586,2216.712301395036
6034,1.6802060250630386,13.706389546024765,2214.6820474374454
6035,1.6799151218054849,13.69706314702875,2212.653570344184
6036,1.6796242829195056,13.687742239412536,2210.626868659744
6037,1.679333508403935,13.678426820270017,2208.601940929693
6038,1.679042798257609,13.66911688669648,2206.578785700659
6039,1.678752152479367,13.65981243578823,2204.557401520355
6040,1.67846157106805,13.65051346464422,2202.537786937553
6041,1.6781710540225023,13.641219970364375,2200.519940502102
6042,1.6778806013415704,13.6319319500482,2198.5038607649203
6043,1.6775902130241032,13.622649400798478,2196.4895462779905
6044,1.6772998890689526,13.613372319719836,2194.4769955943657
6045,1.6770096294749726,13.604100703917162,2192.4662072681667
6046,1.6767194342410199,13.594834550497117,2190.45717985458
6047,1.6764293033659539,13.585573856567844,2188.4499119098605
6048,1.676139236848636,13.576318619238444,2186.444401991325
6049,1.6758492346879308,13.56706883562069,2184.4406486573575
6050,1.6755592968827049,13.557824502826573,2182.438650467407
6051,1.6752694234318277,13.548585617969865,2180.438405981982
6052,1.6749796143341709,13.539352178165355,2178.4399137626588
6053,1.674689869588609,13.53012418053123,2176.443172372075
6054,1.6744001891940188,13.520901622183667,2174.448180373925
6055,1.6741105731492798,13.511684500242831,2172.454936332971
6056,1.6738210214532738,13.502472811829623,2170.463438815031
6057,1.6735315341048855,13.493266554065915,2168.4736863869834
6058,1.6732421111030016,13.484065724076226,2166.4856776167703
6059,1.6729527524465118,13.474870318985257,2164.4994110733833
6060,1.6726634581343078,13.46568033591954,2162.5148853268793
6061,1.6723742281652842,13.456495772006635,2160.532098948372
6062,1.672085062538338,13.447316624376661,2158.551050510026
6063,1.6717959612523687,13.438142890160005,2156.5717385850694
6064,1.6715069243062783,13.42897456648881,2154.594161747776
6065,1.6712179516989714,13.419811650496706,2152.618318573485
6066,1.6709290434293549,13.410654139318963,2150.6442076385842
6067,1.6706401994963382,13.40150203009134,2148.671827520513
6068,1.6703514198988336,13.39235531995197,2146.701176797765
6069,1.6700627046357555,13.383214006040072,2144.73225404989
6070,1.6697740537060208,13.37407808549584,2142.7650578574817
6071,1.6694854671085493,13.364947555462122,2140.799586802193
6072,1.6691969448422626,13.355822413081926,2138.835839466718
6073,1.6689084869060853,13.346702655500078,2136.873814434808
6074,1.6686200932989446,13.337588279862821,2134.913510291261
6075,1.6683317640197697,13.328479283317417,2132.9549256219198
6076,1.6680434990674928,13.319375663013643,2130.9980590136784
6077,1.6677552984410482,13.3102774161016,2129.0429090544803
6078,1.6674671621393728,13.301184539733825,2127.089474333308
6079,1.667179090161406,13.292097031062083,2125.137753440197
6080,1.66689108250609,13.283014887241361,2123.187744966221
6081,1.666603139172369,13.273938105428497,2121.239447503506
6082,1.6663152601591897,13.264866682780506,2119.292859645219
6083,1.6660274454655015,13.255800616456245,2117.3479799855627
6084,1.6657396950902563,13.246739903615527,2115.404807119795
6085,1.6654520090324083,13.237684541420771,2113.4633396442077
6086,1.665164387290914,13.228634527034595,2111.5235761561344
6087,1.6648768298647332,13.219589857621413,2109.5855152539543
6088,1.6645893367528273,13.210550530347028,2107.6491555370794
6089,1.6643019079541603,13.201516542378263,2105.714495605967
6090,1.6640145434676992,13.192487890884479,2103.7815340621128
6091,1.6637272432924128,13.183464573035982,2101.850269508044
6092,1.6634400074272728,13.174446586002732,2099.9207005473363
6093,1.663152835871253,13.165433926957784,2097.992825784595
6094,1.6628657286233304,13.156426593076091,2096.06664382546
6095,1.6625786856824833,13.147424581532826,2094.1421532766135
6096,1.6622917070476937,13.138427889504888,2092.2193527457675
6097,1.662004792717945,13.129436514170614,2090.2982408416697
6098,1.661717942692224,13.120450452709303,2088.378816174106
6099,1.661431156969519,13.111469702302871,2086.4610773538843
6100,1.6611444355488216,13.102494260133348,2084.545022992859
6101,1.6608577784291252,13.093524123384691,2082.6306517039084
6102,1.660571185609426,13.084559289241643,2080.7179621009404
6103,1.6602846570887229,13.075599754892375,2078.806952798899
6104,1.6599981928660164,13.066645517523083,2076.8976224137537
6105,1.6597117929403102,13.05769657432389,2074.9899695625063
6106,1.6594254573106102,13.048752922485567,2073.0839928631876
6107,1.6591391859759248,13.039814559199879,2071.1796909348523
6108,1.6588529789352648,13.03088148166116,2069.277062397587
6109,1.6585668361876436,13.021953687063938,2067.376105872506
6110,1.6582807577320766,13.01303117260449,2065.4768199817436
6111,1.657994743567582,13.00411393548014,2063.579203348468
6112,1.6577087936931802,12.995201972890678,2061.6832545968628
6113,1.6574229081078946,12.986295282036183,2059.788972352145
6114,1.6571370868107502,12.977393860118458,2057.8963552405517
6115,1.6568513298007752,12.968497704340686,2056.0054018893397
6116,1.6565656370769997,12.959606811907749,2054.1161109267946
6117,1.6562800086384564,12.950721180024923,2052.228480982221
6118,1.6559944444841803,12.941840805899858,2050.3425106859413
6119,1.6557089446132092,12.93296568674124,2048.4581986693056
6120,1.6554235090245828,12.924095819758703,2046.5755435646777
6121,1.6551381377173437,12.915231202164476,2044.6945440054428
6122,1.6548528306905368,12.906371831170967,2042.8151986260075
6123,1.6545675879432091,12.897517703992339,2040.9375060617915
6124,1.6542824094744104,12.88866881784412,2039.0614649492368
6125,1.6539972952831927,12.879825169942862,2037.1870739258002
6126,1.6537122453686106,12.870986757507593,2035.3143316299534
6127,1.653427259729721,12.862153577757558,2033.4432367011862
6128,1.6531423383655832,12.853325627914488,2031.5737877799988
6129,1.652857481275259,12.84450290519897,2029.7059835079128
6130,1.6525726884578125,12.835685406836221,2027.839822527461
6131,1.6522879599123101,12.826873130050947,2025.9753034821845
6132,1.6520032956378208,12.818066072069644,2024.112425016641
6133,1.651718695633416,12.809264230120156,2022.2511857764043
6134,1.6514341598981694,12.800467601431281,2020.391584408048
6135,1.6511496884311574,12.791676183234353,2018.53361955917
6136,1.6508652812314584,12.782889972760916,2016.6772898783647
6137,1.6505809382981533,12.774108967244276,2014.8225940152463
6138,1.6502966596303255,12.765333163918685,2012.969530620435
6139,1.6500124452270608,12.756562560020912,2011.118098345555
6140,1.6497282950874472,12.747797152788653,2009.268295843243
6141,1.6494442092105754,12.739036939459229,2007.4201217671425
6142,1.6491601875955384,12.730281917273427,2005.573574771898
6143,1.6488762302414315,12.721532083472328,2003.7286535131664
6144,1.6485923371473523,12.712787435299447,2001.8853566476032
6145,1.648308508312401,12.7040479699986,2000.0436828328736
6146,1.6480247437356799,12.6953136848153,1998.2036307276464
6147,1.647741043416294,12.68658457699603,1996.3651989915872
6148,1.6474574073533506,12.677860643789753,1994.528386285373
6149,1.6471738355459593,12.669141882445683,1992.693191270677
6150,1.646890327993232,12.66042829021473,1990.8596126101736
6151,1.6466068846942834,12.65171986434919,1989.0276489675416
6152,1.6463235056482302,12.643016602102335,1987.1972990074564
6153,1.6460401908541913,12.63431850073058,1985.368561395595
6154,1.6457569403112884,12.625625557488478,1983.5414347986332
6155,1.6454737540186453,12.616937769634433,1981.7159178842426
6156,1.6451906319753884,12.608255134427099,1979.8920093210975
6157,1.6449075741806463,12.59957764912758,1978.0697077788604
6158,1.64462458063355,12.590905310997277,1976.2490119281993
6159,1.644341651333233,12.58223811729924,1974.4299204407748
6160,1.6440587862788307,12.573576065297908,1972.6124319892397
6161,1.6437759854694816,12.564919152258662,1970.7965452472442
6162,1.643493248904326,12.556267375449373,1968.9822588894358
6163,1.6432105765825065,12.547620732138128,1967.169571591446
6164,1.6429279685031686,12.538979219594738,1965.3584820299081
6165,1.6426454246654598,12.530342835090664,1963.5489888824422
6166,1.64236294506853,12.521711575897756,1961.741090827661
6167,1.6420805297115315,12.513085439290158,1959.9347865451714
6168,1.6417981785936189,12.504464422543068,1958.130074715564
6169,1.641515891713949,12.495848522932988,1956.326954020425
6170,1.6412336690716813,12.487237737737416,1954.525423142327
6171,1.6409515106659776,12.478632064236272,1952.7254807648294
6172,1.6406694164960016,12.470031499709734,1950.9271255724846
6173,1.64038738656092,12.461436041439653,1949.1303562508247
6174,1.6401054208599013,12.452845686708905,1947.3351714863738
6175,1.6398235193921165,12.44426043280275,1945.5415699666416
6176,1.639541682156739,12.43568027700672,1943.7495503801215
6177,1.6392599091529447,12.427105216608027,1941.9591114162906
6178,1.6389782003799118,12.41853524889592,1940.1702517656138
6179,1.6386965558368205,12.409970371158542,1938.382970119534
6180,1.6384149755228534,12.401410580688543,1936.5972651704847
6181,1.638133459437196,12.392855874778105,1934.8131356118724
6182,1.6378520075790353,12.384306250721137,1933.030580138092
6183,1.6375706199475615,12.375761705812534,1931.249597444519
6184,1.6372892965419663,12.367222237349482,1929.4701862275049
6185,1.6370080373614444,12.35868784262955,1927.692345184384
6186,1.6367268424051924,12.35015851895197,1925.916073013472
6187,1.6364457116724096,12.341634263617264,1924.1413684140562
6188,1.636164645162297,12.333115073926958,1922.3682300864114
6189,1.6358836428740589,12.324600947184964,1920.5966567317807
6190,1.6356027048069008,12.31609188069615,1918.8266470523884
6191,1.6353218309600313,12.307587871764996,1917.0581997514382
6192,1.6350410213326612,12.299088917699013,1915.2913135331003
6193,1.6347602759240032,12.290595015807428,1913.5259871025282
6194,1.6344795947332729,12.282106163399712,1911.762219165846
6195,1.634198977759688,12.273622357787044,1910.0000084301514
6196,1.633918425002468,12.265143596281892,1908.2393536035174
6197,1.6336379364608358,12.256669876197689,1906.4802533949858
6198,1.6333575121340156,12.248201194850303,1904.7227065145726
6199,1.6330771520212342,12.239737549555823,1902.966711673267
6200,1.632796856121721,12.231278937632018,1901.212267583023
6201,1.6325166244347074,12.22282535639762,1899.4593729567714
6202,1.6322364569594272,12.214376803173767,1897.7080265084096
6203,1.6319563536951167,12.205933275282508,1895.9582269527991
6204,1.6316763146410143,12.197494770045537,1894.2099730057796
6205,1.6313963397963605,12.189061284787908,1892.4632633841477
6206,1.6311164291603983,12.180632816834933,1890.7180968056755
6207,1.6308365827323732,12.172209363514364,1888.9744719890975
6208,1.6305568005115327,12.16379092215414,1887.232387654114
6209,1.6302770824971269,12.155377490083895,1885.4918425213905
6210,1.6299974286884078,12.146969064634261,1883.75283531256
6211,1.62971783908463,12.138565643138179,1882.0153647502143
6212,1.6294383136850503,12.130167222928904,1880.2794295579147
6213,1.6291588524889278,12.121773801341305,1878.5450284601761
6214,1.6288794554955237,12.113385375711593,1876.8121601824864
6215,1.6286001227041016,12.10500194337763,1875.0808234512895
6216,1.6283208541139276,12.096623501677584,1873.3510169939882
6217,1.6280416497242698,12.088250047951924,1871.6227395389494
6218,1.6277625095343988,12.0798815795421,1869.8959898155008
6219,1.6274834335435875,12.071518093790521,1868.170766553923
6220,1.6272044217511108,12.063159588041986,1866.4470684854625
6221,1.626925474156246,12.054806059641493,1864.7248943423162
6222,1.6266465907582728,12.046457505935722,1863.0042428576462
6223,1.626367771556473,12.038113924272695,1861.285112765567
6224,1.626089016550131,12.029775312001346,1859.5675028011465
6225,1.625810325738533,12.021441666473002,1857.851411700413
6226,1.6255316991209678,12.013112985039204,1856.1368382003507
6227,1.6252531366967264,12.004789265053185,1854.4237810388913
6228,1.624974638465102,11.99647050386977,1852.712238954927
6229,1.62469620442539,11.988156698844138,1851.0022106882984
6230,1.6244178345768885,11.979847847333744,1849.2936949798
6231,1.6241395289188973,11.97154394669704,1847.586690571182
6232,1.6238612874507188,11.963244994293744,1845.8811962051386
6233,1.6235831101716576,11.954950987484523,1844.177210625322
6234,1.6233049970810203,11.946661923632425,1842.47473257633
6235,1.623026948178116,11.938377800100723,1840.7737608037103
6236,1.6227489634622565,11.930098614254355,1839.074294053961
6237,1.622471042932755,11.921824363459548,1837.3763310745273
6238,1.6221931865889272,11.913555045083502,1835.6798706138024
6239,1.6219153944300915,11.905290656495708,1833.9849114211277
6240,1.621637666455568,11.89703119506663,1832.2914522467881
6241,1.6213600026646797,11.888776658166341,1830.599491842018
6242,1.6210824030567512,11.880527043167872,1828.9090289589963
6243,1.6208048676311095,11.872282347445955,1827.2200623508425
6244,1.620527396387084,11.864042568375524,1825.5325907716258
6245,1.6202499893240065,11.855807703333156,1823.8466129763558
6246,1.6199726464412105,11.847577749696763,1822.162127720985
6247,1.6196953677380324,11.839352704845217,1820.4791337624117
6248,1.61941815321381,11.831132566159628,1818.7976298584686
6249,1.6191410028678845,11.82291733102143,1817.1176147679366
6250,1.6188639166995982,11.814706996813703,1815.4390872505357
6251,1.6185868947082962,11.806501560920438,1813.7620460669211
6252,1.618309936893326,11.798301020728612,1812.0864899786934
6253,1.6180330432540369,11.790105373623495,1810.4124177483882
6254,1.6177562137897805,11.78191461699395,1808.7398281394799
6255,1.6174794484999109,11.773728748229496,1807.0687199163824
6256,1.6172027473837842,11.765547764720576,1805.399091844443
6257,1.6169261104407588,11.757371663859935,1803.7309426899474
6258,1.6166495376701955,11.749200443040587,1802.0642712201186
6259,1.6163730290714569,11.741034099657218,1800.3990762031106
6260,1.6160965846439082,11.732872631105367,1798.7353564080163
6261,1.6158202043869165,11.724716034782968,1797.0731106048586
6262,1.6155438882998514,11.716564308088168,1795.4123375645966
6263,1.6152676363820848,11.70841744842077,1793.7530360591234
6264,1.6149914486329904,11.700275453181789,1792.0952048612578
6265,1.6147153250519444,11.692138319773912,1790.4388427447575
6266,1.6144392656383253,11.68400604560011,1788.7839484843078
6267,1.6141632703915136,11.675878628065641,1787.1305208555234
6268,1.6138873393108921,11.667756064576688,1785.4785586349522
6269,1.613611472395846,11.659638352540357,1783.828060600066
6270,1.6133356696457621,11.651525489366067,1782.1790255292697
6271,1.6130599310600302,11.643417472463533,1780.5314522018978
6272,1.6127842566380417,11.635314299244026,1778.885339398205
6273,1.6125086463791904,11.62721596712014,1777.2406858993797
6274,1.6122331002828725,11.619122473505373,1775.5974904875316
6275,1.611957618348486,11.611033815815542,1773.9557519457
6276,1.6116822005754314,11.602949991466732,1772.3154690578485
6277,1.6114068469631115,11.59487099787722,1770.676640608862
6278,1.6111315575109308,11.586796832464364,1769.0392653845518
6279,1.6108563322182967,11.578727492649696,1767.4033421716547
6280,1.610581171084618,11.570662975854395,1765.7688697578244
6281,1.6103060741093065,11.562603279501207,1764.1358469316428
6282,1.6100310412917755,11.554548401014177,1762.5042724826078
6283,1.6097560726314408,11.546498337818287,1760.8741452011416
6284,1.6094811681277206,11.538453087340805,1759.2454638785878
6285,1.6092063277800348,11.530412647009232,1757.6182273072054
6286,1.6089315515878058,11.522377014252692,1755.9924342801746
6287,1.6086568395504581,11.514346186501246,1754.3680835915982
6288,1.6083821916674186,11.50632016118722,1752.7451740364897
6289,1.608107607938116,11.498298935743188,1751.1237044107856
6290,1.6078330883619814,11.490282507604007,1749.5036735113358
6291,1.607558632938448,11.482270874203843,1747.8850801359079
6292,1.6072842416669513,11.474264032979713,1746.2679230831875
6293,1.6070099145469288,11.466261981370312,1744.6522011527688
6294,1.6067356515778202,11.458264716814517,1743.0379131451666
6295,1.6064614527590677,11.450272236752872,1741.4250578618073
6296,1.6061873180901152,11.442284538626835,1739.8136341050297
6297,1.605913247570409,11.434301619880063,1738.2036406780871
6298,1.6056392411993976,11.426323477956569,1736.5950763851417
6299,1.6053652989765315,11.418350110301917,1734.9879400312718
6300,1.6050914209012634,11.410381514362932,1733.382230422464
6301,1.6048176069730486,11.402417687587358,1731.7779463656138
6302,1.604543857191344,11.394458627425857,1730.175086668528
6303,1.6042701715556087,11.386504331327416,1728.5736501399263
6304,1.6039965500653044,11.378554796744542,1726.9736355894277
6305,1.6037229927198944,11.37061002113004,1725.3750418275704
6306,1.6034494995188446,11.362670001938923,1723.777867665789
6307,1.603176070461623,11.35473473662652,1722.1821119164335
6308,1.6029027055476992,11.346804222649716,1720.5877733927573
6309,1.6026294047765457,11.338878457466668,1718.994850908917
6310,1.6023561681476368,11.330957438536446,1717.403343279977
6311,1.6020829956604492,11.323041163320354,1715.8132493219075
6312,1.6018098873144613,11.31512962927998,1714.2245678515778
6313,1.601536843109154,11.307222833878507,1712.6372976867654
6314,1.60126386304401,11.29932077457999,1711.0514376461463
6315,1.6009909471185144,11.291423448851425,1709.466986549302
6316,1.6007180953321547,11.283530854158114,1707.8839432167151
6317,1.60044530768442,11.275642987968867,1706.3023064697672
6318,1.6001725841748018,11.267759847753096,1704.7220751307423
6319,1.5998999248027939,11.259881430981174,1703.143248022824
6320,1.5996273295678918,11.252007735125657,1701.5658239700936
6321,1.5993547984695935,11.244138757659385,1699.989801797533
6322,1.5990823315073992,11.23627449605677,1698.4151803310197
6323,1.5988099286808108,11.22841494779319,1696.8419583973305
6324,1.5985375899893328,11.220560110346161,1695.2701348241417
6325,1.5982653154324715,11.21270998119354,1693.6997084400186
6326,1.5979931050097356,11.204864557814716,1692.1306780744296
6327,1.5977209587206356,11.19702383769098,1690.5630425577365
6328,1.5974488765646844,11.189187818302653,1688.9968007211921
6329,1.5971768585413968,11.181356497134116,1687.431951396948
6330,1.5969049046502901,11.173529871669455,1685.8684934180442
6331,1.5966330148908832,11.16570793939427,1684.3064256184177
6332,1.5963611892626974,11.157890697795125,1682.745746832898
6333,1.5960894277652564,11.150078144360757,1681.186455897202
6334,1.5958177303980854,11.142270276580206,1679.6285516479431
6335,1.595546097160712,11.134467091944037,1678.0720329226206
6336,1.5952745280526661,11.126668587944115,1676.5168985596267
6337,1.5950030230734795,11.118874762073157,1674.9631473982422
6338,1.5947315822226862,11.11108561182611,1673.4107782786352
6339,1.5944602054998223,11.103301134698215,1671.8597900418645
6340,1.594188892904426,11.095521328186871,1670.3101815298783
6341,1.5939176444360372,11.087746189788522,1668.761951585503
6342,1.5936464600941986,11.079975717003693,1667.215099052462
6343,1.5933753398784547,11.072209907332565,1665.669622775359
6344,1.5931042837883522,11.064448758276876,1664.1255215996832
6345,1.5928332918234396,11.05669226733955,1662.5827943718123
6346,1.5925623639832678,11.048940432024466,1661.0414399390027
6347,1.5922915002673894,11.041193249837711,1659.5014571493984
6348,1.5920207006753597,11.033450718285618,1657.9628448520268
6349,1.5917499652067357,11.0257128348761,1656.4256018967942
6350,1.5914792938610764,11.017979597117947,1654.8897271344913
6351,1.5912086866379433,11.010251002522145,1653.3552194167903
6352,1.5909381435368997,11.002527048600601,1651.822077596244
6353,1.5906676645575109,10.994807732864905,1650.2903005262847
6354,1.5903972496993444,10.987093052829689,1648.759887061223
6355,1.59012689896197,10.979383006009927,1647.2308360562515
6356,1.5898566123449593,10.971677589922782,1645.703146367441
6357,1.5895863898478861,10.963976802085629,1644.176816851738
6358,1.5893162314703262,10.95628064001746,1642.6518463669663
6359,1.5890461372118576,10.948589101238147,1641.1282337718305
6360,1.5887761070720603,10.940902183269706,1639.6059779259042
6361,1.5885061410505164,10.933219883634488,1638.085077689647
6362,1.58823623914681,10.925542199856352,1636.5655319243806
6363,1.5879664013605272,10.917869129460366,1635.047339492312
6364,1.5876966276912565,10.910200669973175,1633.5304992565186
6365,1.5874269181385883,10.902536818921673,1632.0150100809467
6366,1.587157272702115,10.894877573834966,1630.5008708304233
6367,1.5868876913814312,10.887222932242995,1628.9880803706415
6368,1.5866181741761332,10.879572891676663,1627.4766375681677
6369,1.5863487210858198,10.871927449669034,1625.966541290442
6370,1.5860793321100919,10.864286603753408,1624.4577904057696
6371,1.5858100072485521,10.856650351464678,1622.95038378333
6372,1.5855407465008053,10.849018690338896,1621.4443202931714
6373,1.5852715498664585,10.841391617913075,1619.9395988062079
6374,1.5850024173451205,10.833769131726351,1618.4362181942256
6375,1.5847333489364022,10.826151229318144,1616.9341773298772
6376,1.5844643446399167,10.818537908229423,1615.4334750866803
6377,1.5841954044552793,10.810929166002653,1613.9341103390218
6378,1.5839265283821071,10.803325000180594,1612.4360819621509
6379,1.5836577164200194,10.795725408308186,1610.9393888321863
6380,1.5833889685686373,10.788130387931222,1609.4440298261102
6381,1.583120284827584,10.780539936596744,1607.9500038217661
6382,1.5828516651964852,10.772954051852688,1606.457309697865
6383,1.582583109674968,10.765372731249137,1604.9659463339813
6384,1.5823146182626622,10.75779597233643,1603.4759126105469
6385,1.582046190959199,10.75022377266647,1601.9872074088614
6386,1.5817778277642118,10.742656129792326,1600.4998296110816
6387,1.5815095286773366,10.735093041268032,1599.0137781002263
6388,1.5812412936982108,10.727534504649674,1597.5290517601782
6389,1.5809731228264738,10.71998051749433,1596.0456494756731
6390,1.5807050160617677,10.71243107735868,1594.5635701323113
6391,1.580436973403736,10.70488618180218,1593.0828126165504
6392,1.5801689948520243,10.697345828385783,1591.6033758157027
6393,1.5799010804062807,10.689810014670755,1590.1252586179437
6394,1.5796332300661549,10.682278738219857,1588.6484599122998
6395,1.5793654438312985,10.674751996597053,1587.1729785886587
6396,1.5790977217013655,10.667229787367246,1585.6988135377612
6397,1.5788300636760118,10.659712108097379,1584.2259636512033
6398,1.5785624697548952,10.652198956354782,1582.754427821436
6399,1.5782949399376758,10.644690329708215,1581.2842049417666
6400,1.5780274742240155,10.637186225727383,1579.8152939063507
6401,1.577760072613578,10.629686641984113,1578.3476936102034
6402,1.5774927351060297,10.622191576051064,1576.8814029491853
6403,1.5772254617010384,10.614701025500649,1575.4164208200127
6404,1.576958252398274,10.607214987908277,1573.9527461202556
6405,1.5766911071974086,10.599733460849658,1572.4903777483287
6406,1.5764240260981162,10.592256441902615,1571.029314603502
6407,1.576157009100073,10.584783928645207,1569.5695555858908
6408,1.5758900562029567,10.577315918657074,1568.1110995964625
6409,1.5756231674064478,10.56985240951871,1566.653945537034
6410,1.575356342710228,10.562393398812727,1565.1980923102649
6411,1.5750895821139814,10.554938884122015,1563.7435388196661
6412,1.5748228856173943,10.547488863030956,1562.290283969597
6413,1.5745562532201545,10.54004333312517,1560.8383266652581
6414,1.5742896849219523,10.53260229199173,1559.3876658126992
6415,1.5740231807224796,10.525165737218009,1557.938300318813
6416,1.5737567406214306,10.517733666393505,1556.4902290913385
6417,1.5734903646185012,10.510306077108574,1555.04345103886
6418,1.5732240527133896,10.502882966954497,1553.5979650708
6419,1.5729578049057957,10.495464333524627,1552.1537700974288
6420,1.5726916211954216,10.488050174412617,1550.7108650298585
6421,1.5724255015819713,10.48064048721361,1549.2692487800393
6422,1.5721594460651507,10.473235269523943,1547.8289202607675
6423,1.571893454644668,10.465834518940841,1546.3898783856744
6424,1.571627527320233,10.45843823306361,1544.9521220692377
6425,1.5713616640915578,10.451046409491914,1543.5156502267716
6426,1.5710958649583564,10.443659045826758,1542.0804617744257
6427,1.5708301299203447,10.436276139670785,1540.6465556291935
6428,1.5705644589772403,10.428897688626838,1539.2139307089064
6429,1.5702988521287633,10.421523690299914,1537.7825859322274
6430,1.5700333093746357,10.414154142295827,1536.3525202186634
6431,1.569767830714581,10.406789042221627,1534.92373248855
6432,1.5695024161483253,10.399428387685228,1533.4962216630647
6433,1.5692370656755963,10.392072176296631,1532.0699866642187
6434,1.5689717792961235,10.384720405666153,1530.6450264148543
6435,1.568706557009639,10.37737307340554,1529.2213398386516
6436,1.5684413988158763,10.370030177127466,1527.798925860123
6437,1.568176304714571,10.362691714446665,1526.3777834046123
6438,1.5679112747054607,10.355357682978168,1524.9579113982988
6439,1.567646308788285,10.348028080339056,1523.5393087681903
6440,1.5673814069627856,10.340702904145855,1522.1219744421264
6441,1.5671165692287057,10.333382152017727,1520.7059073487803
6442,1.566851795585791,10.326065821575307,1519.29110641765
6443,1.5665870860337887,10.318753910439536,1517.877570579068
6444,1.5663224405724483,10.311446416232812,1516.4652987641953
6445,1.566057859201521,10.304143336578448,1515.0542899050174
6446,1.5657933419207604,10.29684466910178,1513.6445429343514
6447,1.5655288887299212,10.28955041142847,1512.2360567858395
6448,1.565264499628761,10.282260561185636,1510.8288303939528
6449,1.5650001746170388,10.27497511600158,1509.4228626939882
6450,1.5647359136945156,10.267694073505485,1508.018152622067
6451,1.5644717168609543,10.260417431328582,1506.6146991151352
6452,1.56420758411612,10.253145187102986,1505.2125011109672
6453,1.5639435154597796,10.245877338460534,1503.8115575481568
6454,1.5636795108917019,10.238613883035706,1502.411867366125
6455,1.5634155704116577,10.231354818464402,1501.0134295051114
6456,1.5631516940194197,10.224100142382872,1499.616242906182
6457,1.5628878817147625,10.216849852428812,1498.2203065112255
6458,1.5626241334974627,10.20960394624108,1496.825619262946
6459,1.562360449367299,10.202362421459425,1495.4321801048736
6460,1.5620968293240514,10.195125275725639,1494.039987981359
6461,1.5618332733675027,10.187892506681797,1492.6490418375681
6462,1.561569781497437,10.180664111971463,1491.2593406194894
6463,1.5613063537136405,10.17344008923905,1489.870883273929
6464,1.5610429900159015,10.166220436131614,1488.48366874851
6465,1.56077969040401,10.15900515029474,1487.0976959916761
6466,1.5605164548777581,10.151794229377245,1485.7129639526838
6467,1.5602532834369396,10.144587671028525,1484.3294715816091
6468,1.5599901760813504,10.137385472898831,1482.9472178293445
6469,1.5597271328107882,10.130187632640455,1481.5662016475922
6470,1.5594641536250529,10.12299414790601,1480.1864219888762
6471,1.5592012385239458,10.115805016349544,1478.8078778065292
6472,1.5589383875072704,10.108620235625983,1477.430568054701
6473,1.5586756005748323,10.101439803392273,1476.0544916883543
6474,1.558412877726439,10.094263717305688,1474.6796476632617
6475,1.5581502189618994,10.087091975024915,1473.3060349360105
6476,1.5578876242810247,10.079924574210418,1471.9336524639991
6477,1.557625093683628,10.072761512521772,1470.5624992054345
6478,1.5573626271695242,10.065602787622318,1469.1925741193381
6479,1.5571002247385304,10.058448397175116,1467.823876165537
6480,1.556837886390465,10.05129833884469,1466.4564043046698
6481,1.556575612125149,10.044152610296424,1465.0901574981863
6482,1.556313401942405,10.037011209197694,1463.725134708337
6483,1.5560512558420572,10.029874133216243,1462.3613348981894
6484,1.555789173823932,10.02274138002119,1460.9987570316123
6485,1.5555271558878576,10.015612947282843,1459.637400073281
6486,1.5552652020336644,10.008488832672404,1458.2772629886806
6487,1.5550033122611842,10.00136903386302,1456.9183447440973
6488,1.554741486570251,9.994253548528201,1455.5606443066247
6489,1.5544797249607005,9.987142374343442,1454.2041606441621
6490,1.5542180274323705,9.980035508983399,1452.8488927254102
6491,1.5539563939851007,9.97293295012646,1451.4948395198735
6492,1.5536948246187323,9.965834695450718,1450.1419999978618
6493,1.553433319333109,9.958740742635722,1448.7903731304827
6494,1.5531718781280757,9.951651089362189,1447.4399578896503
6495,1.5529105010034796,9.94456573331164,1446.0907532480749
6496,1.5526491879591697,9.937484672167686,1444.7427581792726
6497,1.552387938994997,9.930407903614165,1443.3959716575573
6498,1.5521267541108141,9.923335425336417,1442.0503926580407
6499,1.5518656333064758,9.916267235020586,1440.7060201566358
6500,1.5516045765818383,9.909203330354833,1439.362853130055
6501,1.55134358393676,9.902143709028213,1438.0208905558054
6502,1.5510826553711012,9.895088368729482,1436.680131412196
6503,1.550821790884724,9.888037307150253,1435.3405746783267
6504,1.5505609904774922,9.880990521982447,1434.0022193340983
6505,1.5503002541492719,9.873948010919994,1432.6650643602088
6506,1.5500395818999306,9.866909771657038,1431.3291087381454
6507,1.549778973729338,9.859875801889268,1429.994351450195
6508,1.5495184296373652,9.852846099313151,1428.6607914794386
6509,1.5492579496238859,9.84582066162718,1427.3284278097478
6510,1.548997533688775,9.838799486530165,1425.9972594257913
6511,1.5487371818319091,9.831782571722293,1424.6672853130256
6512,1.5484768940531677,9.824769914904934,1423.3385044577033
6513,1.548216670352431,9.81776151378031,1422.0109158468686
6514,1.5479565107295816,9.810757366053162,1420.6845184683527
6515,1.547696415184504,9.803757469426913,1419.359311310781
6516,1.5474363837170846,9.796761821608001,1418.0352933635695
6517,1.547176416327211,9.789770420303233,1416.712463616919
6518,1.5469165130147735,9.782783263221374,1415.3908210618247
6519,1.5466566737796636,9.775800348071469,1414.0703646900652
6520,1.546396898621775,9.768821672564023,1412.7510934942097
6521,1.5461371875410035,9.76184723441066,1411.4330064676167
6522,1.5458775405372458,9.754877031323845,1410.1161026044254
6523,1.5456179576104014,9.747911061018046,1408.800380899565
6524,1.5453584387603712,9.740949321208006,1407.4858403487535
6525,1.5450989839870577,9.733991809609913,1406.1724799484875
6526,1.5448395932903658,9.727038523941346,1404.8602986960536
6527,1.544580266670202,9.72008946192018,1403.5492955895184
6528,1.5443210041264743,9.713144621266268,1402.239469627734
6529,1.5440618056590931,9.706203999700328,1400.9308198103374
6530,1.5438026712679702,9.699267594944216,1399.6233451377439
6531,1.5435436009530192,9.692335404720627,1398.3170446111562
6532,1.543284594714156,9.68540742675423,1397.0119172325512
6533,1.5430256525512978,9.678483658769974,1395.707962004693
6534,1.5427667744643638,9.671564098494242,1394.4051779311249
6535,1.5425079604532752,9.66464874365429,1393.1035640161667
6536,1.5422492105179548,9.657737591979293,1391.8031192649214
6537,1.5419905246583272,9.650830641198716,1390.5038426832702
6538,1.5417319028743188,9.643927889043486,1389.2057332778686
6539,1.5414733451658582,9.637029333246193,1387.908790056156
6540,1.5412148515328752,9.630134971538592,1386.6130120263435
6541,1.540956421975302,9.62324480165606,1385.3183981974225
6542,1.5406980564930721,9.616358821333744,1384.02494757916
6543,1.5404397550861213,9.6094770283082,1382.732659182097
6544,1.5401815177543867,9.602599420317071,1381.44153201755
6545,1.5399233444978075,9.595725995098892,1380.1515650976125
6546,1.5396652353163247,9.588856750394115,1378.8627574351488
6547,1.539407190209881,9.581991683943517,1377.5751080437983
6548,1.539149209178421,9.57513079348925,1376.2886159379734
6549,1.538891292221891,9.56827407677435,1375.003280132858
6550,1.538633439340239,9.561421531543774,1373.7190996444115
6551,1.5383756505334152,9.554573155543325,1372.4360734893592
6552,1.5381179258013713,9.547728946518582,1371.1542006851998
6553,1.5378602651440607,9.54088890221786,1369.8734802502065
6554,1.5376026685614388,9.53405302038981,1368.593911203414
6555,1.5373451360534625,9.527221298784982,1367.3154925646345
6556,1.5370876676200909,9.520393735154249,1366.0382233544422
6557,1.5368302632612845,9.51357032724989,1364.7621025941846
6558,1.5365729229770058,9.506751072825,1363.4871293059762
6559,1.536315646767219,9.499935969634656,1362.2133025126955
6560,1.5360584346318902,9.493125015434186,1360.9406212379902
6561,1.5358012865709871,9.486318207980336,1359.6690845062756
6562,1.5355442025844794,9.479515545030967,1358.3986913427282
6563,1.5352871826723384,9.472717024345325,1357.1294407732958
6564,1.5350302268345373,9.465922643682955,1355.861331824684
6565,1.5347733350710508,9.459132400805325,1354.5943635243673
6566,1.5345165073818556,9.452346293474772,1353.3285349005841
6567,1.5342597437669303,9.44556431945447,1352.0638449823316
6568,1.5340030442262549,9.438786476509492,1350.800292799373
6569,1.5337464087598114,9.432012762405243,1349.5378773822345
6570,1.5334898373675836,9.425243174908484,1348.2765977621987
6571,1.533233330049557,9.41847771178715,1347.0164529713159
6572,1.532976886805719,9.41171637080995,1345.75744204239
6573,1.5327205076360584,9.404959149747528,1344.4995640089899
6574,1.532464192540566,9.39820604637085,1343.2428179054436
6575,1.5322079415192342,9.391457058452268,1341.9872027668348
6576,1.5319517545720576,9.384712183765497,1340.7327176290078
6577,1.531695631699032,9.377971420084542,1339.4793615285657
6578,1.5314395729001553,9.371234765185351,1338.227133502866
6579,1.531183578175427,9.3645022168447,1336.9760325900268
6580,1.5309276475248486,9.357773772840467,1335.7260578289188
6581,1.5306717809484227,9.351049430951397,1334.47720825917
6582,1.5304159784461544,9.344329188958104,1333.2294829211655
6583,1.5301602400180503,9.337613044641527,1331.9828808560417
6584,1.5299045656641184,9.330900995783992,1330.7374011056925
6585,1.5296489553843688,9.324193040168675,1329.493042712764
6586,1.5293934091788135,9.317489175580587,1328.2498047206545
6587,1.5291379270474659,9.310789399805126,1327.0076861735186
6588,1.528882508990341,9.304093710629537,1325.766686116257
6589,1.528627155007456,9.29740210584058,1324.5268035945287
6590,1.5283718650988294,9.290714583227503,1323.2880376547414
6591,1.5281166392644818,9.28403114058085,1322.0503873440498
6592,1.5278614775044355,9.277351775691512,1320.813851710364
6593,1.527606379818714,9.270676486351743,1319.578429802342
6594,1.5273513462073434,9.26400527035462,1318.3441206693888
6595,1.5270963766703507,9.257338125495124,1317.1109233616614
6596,1.5268414712077651,9.250675049568532,1315.8788369300614
6597,1.5265866298196173,9.244016040371502,1314.6478604262409
6598,1.52633185250594,9.237361095701786,1313.4179929025981
6599,1.5260771392667671,9.230710213357975,1312.1892334122767
6600,1.5258224901021349,9.22406339114052,1310.9615810091673
6601,1.525567905012081,9.21742062685076,1309.7350347479064
6602,1.5253133839966446,9.21078191828975,1308.5095936838754
6603,1.525058927055867,9.204147263261031,1307.2852568731996
6604,1.524804534189791,9.197516659569422,1306.0620233727477
6605,1.5245502053984608,9.190890105020097,1304.8398922401332
6606,1.524295940681923,9.184267597419613,1303.618862533713
6607,1.5240417400402253,9.177649134575566,1302.3989333125835
6608,1.5237876034734175,9.171034714296425,1301.1801036365864
6609,1.523533530981551,9.164424334392505,1299.9623725663039
6610,1.5232795225646787,9.157817992674458,1298.7457391630571
6611,1.5230255782228552,9.151215686954284,1297.5302024889113
6612,1.5227716979561372,9.144617415044788,1296.3157616066671
6613,1.5225178817645828,9.138023174761226,1295.102415579868
6614,1.522264129648252,9.131432963917515,1293.890163472796
6615,1.522010441607206,9.124846780330579,1292.6790043504686
6616,1.5217568176415082,9.118264621817863,1291.4689372786454
6617,1.5215032577512235,9.111686486197643,1290.2599613238206
6618,1.5212497619364185,9.10511237129006,1289.052075553225
6619,1.5209963301971614,9.098542274915607,1287.8452790348288
6620,1.5207429625335225,9.091976194896045,1286.6395708373327
6621,1.5204896589455732,9.085414129054056,1285.4349500301782
6622,1.5202364194333868,9.07885607521412,1284.2314156835398
6623,1.5199832439970384,9.072302031201039,1283.0289668683236
6624,1.5197301326366048,9.065751994840985,1281.8276026561728
6625,1.5194770853521644,9.059205963961203,1280.6273221194635
6626,1.519224102143797,9.052663936390296,1279.4281243313028
6627,1.5189711830115848,9.046125909957121,1278.230008365533
6628,1.518718327955611,9.039591882492438,1277.032973296723
6629,1.5184655369759605,9.033061851827853,1275.837018200179
6630,1.5182128100727204,9.026535815795768,1274.6421421519358
6631,1.5179601472459787,9.020013772230437,1273.4483442287558
6632,1.5177075484958258,9.013495718966444,1272.2556235081352
6633,1.5174550138223535,9.006981653839688,1271.0639790682972
6634,1.517202543225655,9.000471574687165,1269.8734099881935
6635,1.5169501367058256,8.99396547934673,1268.683915347507
6636,1.5166977942629618,8.987463365657987,1267.495494226642
6637,1.5164455158971624,8.980965231460958,1266.3081457067374
6638,1.516193301608527,8.97447107459747,1265.1218688696556
6639,1.5159411513971575,8.967980892908626,1263.9366627979834
6640,1.5156890652631574,8.96149468423892,1262.7525265750364
6641,1.5154370432066318,8.95501244643265,1261.5694592848545
6642,1.5151850852276871,8.94853417733545,1260.387460012201
6643,1.5149331913264317,8.94205987479402,1259.2065278425657
6644,1.5146813615029757,8.935589536655897,1258.0266618621597
6645,1.5144295957574307,8.929123160770432,1256.8478611579185
6646,1.51417789408991,8.92266074498732,1255.6701248175027
6647,1.5139262565005283,8.916202287157557,1254.4934519292901
6648,1.5136746829894023,8.909747785132993,1253.317841582384
6649,1.5134231735566501,8.90329723676727,1252.143292866609
6650,1.5131717282023918,8.896850639914375,1250.9698048725072
6651,1.5129203469267485,8.890407992430145,1249.797376691346
6652,1.5126690297298435,8.883969292169905,1248.626007415106
6653,1.5124177766118014,8.877534536991368,1247.4556961364924
6654,1.5121665875727488,8.871103724753562,1246.2864419489283
6655,1.5119154626128135,8.864676853315835,1245.1182439465524
6656,1.5116644017321252,8.858253920538848,1243.951101224223
6657,1.5114134049308152,8.851834924284097,1242.785012877518
6658,1.5111624722090164,8.845419862414857,1241.6199780027268
6659,1.5109116035668633,8.839008732794778,1240.4559956968596
6660,1.5106607990044918,8.832601533288791,1239.2930650576382
6661,1.51041005852204,8.826198261762897,1238.1311851835032
6662,1.5101593821196468,8.81979891608395,1236.9703551736106
6663,1.5099087697974536,8.813403494121085,1235.810574127826
6664,1.5096582215556027,8.80701199374225,1234.6518411467341
6665,1.5094077373942385,8.800624412818223,1233.4941553316276
6666,1.5091573173135069,8.794240749220126,1232.3375157845167
6667,1.508906961313555,8.787861000820868,1231.181921608122
6668,1.5086566693945322,8.78148516549363,1230.0273719058744
6669,1.508406441556589,8.775113241112987,1228.8738657819185
6670,1.5081562777998776,8.768745225554534,1227.7214023411086
6671,1.507906178124552,8.762381116694707,1226.5699806890086
6672,1.5076561425307675,8.756020912411705,1225.419599931895
6673,1.5074061710186812,8.749664610584093,1224.270259176749
6674,1.507156263588452,8.743312209091705,1223.1219575312646
6675,1.5069064202402396,8.736963705815768,1221.9746941038431
6676,1.5066566409742064,8.730619098637673,1220.8284680035924
6677,1.5064069257905155,8.72427838544077,1219.683278340329
6678,1.5061572746893321,8.717941564109116,1218.5391242245762
6679,1.505907687670823,8.71160863252791,1217.396004767562
6680,1.5056581647351561,8.705279588583116,1216.2539190812236
6681,1.5054087058825014,8.698954430162471,1215.1128662781994
6682,1.5051593111130304,8.692633155154102,1213.972845471836
6683,1.5049099804269157,8.686315761447371,1212.8338557761842
6684,1.5046607138243322,8.680002246932506,1211.6958963059953
6685,1.504411511305456,8.673692609501497,1210.5589661767283
6686,1.5041623728704647,8.66738684704666,1209.4230645045434
6687,1.5039132985195378,8.661084957461608,1208.2881904063017
6688,1.503664288252856,8.654786938641534,1207.1543429995684
6689,1.5034153420706016,8.648492788480915,1206.0215214026089
6690,1.5031664599729588,8.642202504877506,1204.88972473439
6691,1.5029176419601133,8.635916085728917,1203.7589521145808
6692,1.5026688880322523,8.629633528934027,1202.6292026635454
6693,1.5024201981895644,8.62335483239257,1201.5004755023529
6694,1.5021715724322398,8.61707999400599,1200.3727697527688
6695,1.5019230107604704,8.610809011676112,1199.2460845372568
6696,1.5016745131744498,8.604541883306032,1198.1204189789796
6697,1.5014260796743728,8.598278606799905,1196.9957722017957
6698,1.501177710260436,8.592019180062694,1195.8721433302633
6699,1.5009294049328377,8.58576360100113,1194.7495314896362
6700,1.5006811636917772,8.579511867522767,1193.6279358058625
6701,1.500432986537456,8.573263977534976,1192.5073554055884
6702,1.5001848734700767,8.56701992894764,1191.3877894161542
6703,1.4999368244898437,8.560779719670975,1190.2692369655933
6704,1.499688839596963,8.554543347616956,1189.151697182637
6705,1.4994409187916418,8.548310810697883,1188.035169196706
6706,1.4991930620740892,8.542082106827358,1186.9196521379167
6707,1.4989452694445156,8.535857233919774,1185.8051451370782
6708,1.4986975409031331,8.529636189891278,1184.6916473256886
6709,1.4984498764501553,8.523418972658385,1183.5791578359433
6710,1.4982022760857971,8.51720558013884,1182.4676758007247
6711,1.4979547398102755,8.510996010251478,1181.3572003536065
6712,1.4977072676238086,8.50479026091595,1180.247730628855
6713,1.4974598595266162,8.498588330054076,1179.1392657614217
6714,1.4972125155189193,8.492390215586614,1178.031804886953
6715,1.496965235600941,8.486195915437033,1176.9253471417803
6716,1.4967180197729055,8.480005427529154,1175.8198916629226
6717,1.4964708680350387,8.473818749788489,1174.7154375880907
6718,1.496223780387568,8.467635880140953,1173.6119840556812
6719,1.4959767568307223,8.461456816513685,1172.5095302047744
6720,1.4957297973647319,8.455281556834874,1171.4080751751417
6721,1.4954829019898288,8.44911009903356,1170.3076181072358
6722,1.4952360707062466,8.442942441040447,1169.208158142199
6723,1.4949893035142203,8.43677858078664,1168.109694421857
6724,1.4947426004139863,8.430618516204477,1167.0122260887188
6725,1.4944959614057827,8.424462245227636,1165.9157522859784
6726,1.4942493864898487,8.418309765789997,1164.8202721575149
6727,1.4940028756664256,8.412161075827303,1163.725784847886
6728,1.493756428935756,8.406016173276061,1162.6322895023377
6729,1.4935100462980841,8.39987505607379,1161.539785266792
6730,1.4932637277536551,8.393737722158855,1160.4482712878576
6731,1.4930174733027164,8.387604169471313,1159.357746712823
6732,1.4927712829455162,8.38147439595159,1158.268210689654
6733,1.4925251566823048,8.375348399541355,1157.1796623670016
6734,1.4922790945133337,8.3692261781831,1156.0921008941934
6735,1.4920330964388562,8.363107729821024,1155.0055254212357
6736,1.4917871624591266,8.35699305239968,1153.9199350988165
6737,1.491541292574401,8.350882143864865,1152.8353290782986
6738,1.4912954867849368,8.344775002163924,1151.751706511724
6739,1.4910497450909934,8.338671625243535,1150.669066551815
6740,1.4908040674928311,8.332572011053523,1149.587408351964
6741,1.490558453990712,8.326476157543626,1148.5067310662462
6742,1.4903129045848993,8.320384062664784,1147.4270338494093
6743,1.4900674192756584,8.314295724368785,1146.348315856877
6744,1.4898219980632557,8.308211140609092,1145.270576244749
6745,1.4895766409479587,8.302130309339542,1144.1938141697965
6746,1.4893313479300372,8.296053228515193,1143.1180287894676
6747,1.4890861190097622,8.289979896092191,1142.0432192618846
6748,1.4888409541874057,8.28391031002744,1140.9693847458389
6749,1.4885958534632417,8.277844468279525,1139.8965244007964
6750,1.4883508168375457,8.271782368807916,1138.8246373868978
6751,1.4881058443105943,8.265724009571848,1137.7537228649508
6752,1.4878609358826658,8.259669388532844,1136.6837799964367
6753,1.48761609155404,8.253618503653597,1135.6148079435072
6754,1.4873713113249978,8.247571352897173,1134.5468058689833
6755,1.4871265951958221,8.241527934227909,1133.4797729363581
6756,1.486881943166797,8.23548824561112,1132.41370830979
6757,1.486637355238208,8.229452285012949,1131.3486111541101
6758,1.486392831410342,8.223420050401241,1130.2844806348162
6759,1.4861483716834878,8.217391539744153,1129.2213159180715
6760,1.4859039760579351,8.211366751011147,1128.1591161707113
6761,1.4856596445339754,8.205345682172402,1127.0978805602324
6762,1.4854153771119012,8.199328331199867,1126.0376082548037
6763,1.4851711737920072,8.19331469606629,1124.9782984232556
6764,1.484927034574589,8.187304774744213,1123.9199502350857
6765,1.4846829594599438,8.181298565208644,1122.862562860456
6766,1.48443894844837,8.175296065434903,1121.806135470194
6767,1.484195001540168,8.169297273400018,1120.7506672357897
6768,1.483951118735639,8.16330218708134,1119.6961573293986
6769,1.483707300035086,8.157310804457476,1118.642604923837
6770,1.4834635454388134,8.15132312350783,1117.590009192586
6771,1.4832198549471272,8.145339142213464,1116.5383693097876
6772,1.4829762285603343,8.139358858555815,1115.487684450245
6773,1.4827326662787437,8.133382270517567,1114.4379537894247
6774,1.4824891681026653,8.127409376082394,1113.3891765034523
6775,1.4822457340324107,8.121440173235252,1112.341351769113
6776,1.4820023640682929,8.115474659961334,1111.2944787638553
6777,1.4817590582106261,8.10951283424763,1110.2485566657813
6778,1.4815158164597264,8.103554694081877,1109.2035846536576
6779,1.4812726388159108,8.097600237452612,1108.159561906907
6780,1.4810295252794978,8.091649462350036,1107.1164876056082
6781,1.4807864758508078,8.085702366764725,1106.0743609305011
6782,1.4805434905301622,8.079758948688445,1105.0331810629807
6783,1.4803005693178837,8.073819206114013,1103.9929471850978
6784,1.4800577122142968,8.067883137035022,1102.9536584795615
6785,1.4798149192197272,8.06195073944672,1101.9153141297334
6786,1.4795721903345018,8.056022011344737,1100.8779133196338
6787,1.4793295255589494,8.05009695072637,1099.8414552339354
6788,1.4790869248933998,8.044175555588316,1098.8059390579651
6789,1.4788443883381843,8.038257823930342,1097.771363977705
6790,1.4786019158936357,8.0323437537521,1096.7377291797886
6791,1.478359507560088,8.026433343054462,1095.7050338515041
6792,1.478117163337877,8.020526589839308,1094.6732771807917
6793,1.4778748832273392,8.014623492109303,1093.6424583562416
6794,1.4776326672288134,8.008724047868805,1092.6125765670972
6795,1.477390515342639,8.00282825512247,1091.5836310032544
6796,1.4771484275691573,7.996936111876198,1090.5556208552546
6797,1.4769064039087105,7.9910476161367185,1089.5285453142963
6798,1.4766644443616428,7.985162765912349,1088.50240357222
6799,1.4764225489282994,7.979281559211802,1087.477194821521
6800,1.4761807176090267,7.97340399404546,1086.452918255342
6801,1.475938950404173,7.967530068423332,1085.4295730674712
6802,1.4756972473140875,7.961659780357602,1084.4071584523479
6803,1.4754556083391213,7.955793127861597,1083.3856736050582
6804,1.4752140334796262,7.949930108949054,1082.3651177213317
6805,1.474972522735956,7.944070721634919,1081.3454899975495
6806,1.4747310761084655,7.938214963934908,1080.3267896307339
6807,1.474489693597511,7.932362833866374,1079.3090158185557
6808,1.47424837520345,7.926514329447045,1078.2921677593306
6809,1.4740071209266419,7.920669448695851,1077.276244652016
6810,1.4737659307674467,7.91482818963274,1076.2612456962163
6811,1.4735248047262262,7.908990550278419,1075.2471700921794
6812,1.4732837428033436,7.903156528655701,1074.2340170407933
6813,1.4730427449991634,7.897326122786389,1073.221785743593
6814,1.4728018113140513,7.891499330694866,1072.2104754027525
6815,1.4725609417483747,7.885676150405845,1071.2000852210879
6816,1.472320136302502,7.879856579945659,1070.1906144020602
6817,1.472079394976803,7.874040617341026,1069.182062149765
6818,1.471838717771649,7.868228260619837,1068.1744276689433
6819,1.4715981046874125,7.862419507811015,1067.167710164976
6820,1.4713575557244676,7.856614356944248,1066.1619088438792
6821,1.4711170708831895,7.850812806050846,1065.157022912313
6822,1.470876650163955,7.8450148531624855,1064.1530515775726
6823,1.4706362935671418,7.839220496312038,1063.1499940475926
6824,1.4703960010931292,7.833429733533176,1062.1478495309466
6825,1.470155772742298,7.827642562861656,1061.1466172368428
6826,1.4699156085150302,7.821858982332205,1060.1462963751283
6827,1.469675508411709,7.81607898998212,1059.1468861562853
6828,1.469435472432719,7.810302583849233,1058.148385791432
6829,1.4691955005784463,7.804529761972196,1057.1507944923233
6830,1.4689555928492781,7.798760522391224,1056.1541114713468
6831,1.468715749245603,7.792994863146921,1055.158335941526
6832,1.4684759697678114,7.787232782281101,1054.1634671165189
6833,1.468236254416294,7.781474277836325,1053.1695042106146
6834,1.4679966031914435,7.7757193478568,1052.1764464387381
6835,1.4677570160936542,7.769967990387078,1051.1842930164482
6836,1.467517493123321,7.764220203472923,1050.19304315993
6837,1.4672780342808405,7.75847598516153,1049.2026960860076
6838,1.4670386395666106,7.752735333499488,1048.21325101213
6839,1.4667993089810305,7.746998246536375,1047.224707156381
6840,1.4665600425245007,7.741264722321726,1046.2370637374756
6841,1.466320840197423,7.7355347589061685,1045.2503199747546
6842,1.4660817020002006,7.729808354341206,1044.2644750881918
6843,1.4658426279332377,7.724085506679904,1043.2795282983898
6844,1.46560361799694,7.718366213975656,1042.2954788265772
6845,1.4653646721917148,7.712650474283128,1041.3123258946143
6846,1.4651257905179702,7.706938285657886,1040.3300687249864
6847,1.4648869729761158,7.701229646156323,1039.3487065408065
6848,1.4646482195665627,7.695524553836431,1038.3682385658171
6849,1.4644095302897229,7.689823006756537,1037.3886640243818
6850,1.46417090514601,7.684125002976635,1036.4099821414957
6851,1.4639323441358387,7.678430540556343,1035.4321921427768
6852,1.4636938472596253,7.672739617557373,1034.4552932544668
6853,1.4634554145177867,7.667052232042622,1033.479284703435
6854,1.4632170459107419,7.661368382075339,1032.5041657171712
6855,1.4629787414389108,7.655688065719953,1031.529935523792
6856,1.4627405011027146,7.650011281041662,1030.556593352037
6857,1.4625023249025757,7.644338026107281,1029.5841384312653
6858,1.4622642128389178,7.638668298983967,1028.612569991463
6859,1.4620261649121662,7.63300209774005,1027.6418872632355
6860,1.4617881811227469,7.6273394204448515,1026.6720894778084
6861,1.4615502614710876,7.621680265168488,1025.7031758670314
6862,1.4613124059576172,7.616024629983067,1024.7351456633724
6863,1.4610746145827658,7.610372512959737,1023.7679980999199
6864,1.4608368873469648,7.604723912172174,1022.8017324103835
6865,1.4605992242506467,7.59907882569437,1021.8363478290893
6866,1.4603616252942455,7.5934372516019035,1020.8718435909846
6867,1.4601240904781965,7.587799187970742,1019.9082189316347
6868,1.4598866198029359,7.582164632877959,1018.9454730872206
6869,1.4596492132689016,7.576533584401702,1017.9836052945437
6870,1.4594118708765325,7.5709060406207955,1017.0226147910205
6871,1.4591745926262685,7.565281999615689,1016.0625008146839
6872,1.4589373785185513,7.559661459467208,1015.1032626041855
6873,1.4587002285538235,7.5540444182573,1014.1448993987882
6874,1.4584631427325292,7.548430874068751,1013.1874104383738
6875,1.4582261210551135,7.542820824986315,1012.230794963438
6876,1.4579891635220226,7.5372142690937745,1011.2750522150894
6877,1.4577522701337045,7.5316112044774695,1010.3201814350529
6878,1.4575154408906077,7.526011629224207,1009.3661818656633
6879,1.4572786757931826,7.520415541421594,1008.4130527498718
6880,1.4570419748418806,7.514822939158803,1007.460793331242
6881,1.4568053380371542,7.5092338205253535,1006.5094028539464
6882,1.4565687653794572,7.503648183611966,1005.5588805627727
6883,1.456332256869245,7.4980660265101164,1004.6092257031191
6884,1.4560958125069734,7.49248734731281,1003.660437520992
6885,1.4558594322931002,7.486912144113476,1002.7125152630116
6886,1.4556231162280842,7.48134041500668,1001.7654581764052
6887,1.4553868643123853,7.475772158088384,1000.8192655090124
6888,1.4551506765464646,7.470207371453999,999.8739365092802
6889,1.4549145529307845,7.4646460532018475,998.929470426263
6890,1.4546784934658088,7.459088201430154,997.9858665096253
6891,1.454442498152002,7.453533814238289,997.0431240096401
6892,1.4542065669898305,7.447982889726424,996.1012421771845
6893,1.4539706999797612,7.442435425996268,995.1602202637457
6894,1.453734897122263,7.436891421149888,994.2200575214141
6895,1.4534991584178052,7.43135087329054,993.2807532028897
6896,1.4532634838668588,7.425813780522427,992.3423065614752
6897,1.4530278734698958,7.420280140950487,991.4047168510792
6898,1.4527923272273895,7.414749952681269,990.4679833262152
6899,1.4525568451398145,7.409223213822083,989.532105242002
6900,1.4523214272076463,7.403699922480076,988.5970818541592
6901,1.4520860734313619,7.398180076764522,987.6629124190134
6902,1.4518507838114394,7.392663674785753,986.7295961934904
6903,1.4516155583483579,7.387150714654492,985.7971324351219
6904,1.4513803970425978,7.3816411944826275,984.8655204020398
6905,1.4511452998946408,7.3761351123829675,983.9347593529767
6906,1.4509102669049698,7.370632466469141,983.0048485472689
6907,1.4506752980740687,7.365133254856261,982.0757872448527
6908,1.4504403934024226,7.359637475659856,981.1475747062617
6909,1.450205552890518,7.354145126996569,980.2202101926347
6910,1.4499707765388423,7.3486562069838275,979.2936929657044
6911,1.4497360643478843,7.343170713740569,978.3680222878064
6912,1.449501416318134,7.337688645386583,977.4431974218747
6913,1.449266832450082,7.332210000041459,976.5192176314376
6914,1.4490323127442208,7.326734775827086,975.5960821806266
6915,1.4487978572010438,7.321262970865642,974.6737903341656
6916,1.4485634658210456,7.315794583280847,973.7523413573782
6917,1.4483291386047217,7.3103296111968055,972.8317345161837
6918,1.448094875552569,7.304868052738755,971.9119690770975
6919,1.4478606766650859,7.299409906032687,970.9930443072293
6920,1.4476265419427712,7.29395516920616,970.074959474287
6921,1.4473924713861253,7.288503840387046,969.1577138465686
6922,1.4471584649956497,7.283055917704404,968.2413066929713
6923,1.4469245227718472,7.277611399288224,967.3257372829819
6924,1.4466906447152215,7.2721702832697,966.4110048866826
6925,1.4464568308262775,7.266732567780253,965.4971087747493
6926,1.4462230811055214,7.261298250952925,964.5840482184481
6927,1.4459893955534604,7.255867330921558,963.6718224896393
6928,1.4457557741706026,7.250439805820656,962.7604308607744
6929,1.445522216957458,7.2450156737863045,961.8498726048948
6930,1.4452887239145369,7.239594932954951,960.9401469956354
6931,1.445055295042351,7.234177581464164,960.031253307218
6932,1.4448219303414134,7.2287636174524765,959.1231908144562
6933,1.4445886298122381,7.2233530390591545,958.2159587927549
6934,1.4443553934553404,7.2179458444250075,957.3095565181047
6935,1.4441222212712366,7.212542031691199,956.4039832670865
6936,1.443889113260444,7.207141599000031,955.4992383168709
6937,1.443656069423481,7.201744544494997,954.5953209452123
6938,1.4434230897608678,7.196350866319817,953.6922304304575
6939,1.4431901742731246,7.1909605626198365,952.7899660515352
6940,1.4429573229607737,7.18557363154116,951.8885270879645
6941,1.4427245358243381,7.180190071230794,950.9879128198503
6942,1.4424918128643418,7.174809879836518,950.0881225278798
6943,1.4422591540813101,7.169433055507612,949.1891554933293
6944,1.4420265594757693,7.164059596393733,948.2910109980585
6945,1.441794029048247,7.158689500645647,947.3936883245109
6946,1.4415615627992715,7.153322766414911,946.4971867557147
6947,1.4413291607293728,7.1479593918545685,945.6015055752804
6948,1.4410968228390815,7.142599375118015,944.7066440674032
6949,1.4408645491289294,7.137242714360235,943.8126015168616
6950,1.4406323395994496,7.131889407735842,942.9193772090136
6951,1.4404001942511762,7.126539453401504,942.026970429801
6952,1.4401681130846442,7.121192849514952,941.1353804657485
6953,1.43993609610039,7.115849594234289,940.2446066039573
6954,1.439704143298951,7.110509685718757,939.3546481321143
6955,1.4394722546808654,7.10517312212832,938.465504338482
6956,1.4392404302466728,7.0998399016244464,937.5771745119055
6957,1.4390086699969138,7.0945100223690165,936.6896579418099
6958,1.43877697393213,7.089183482524974,935.8029539181957
6959,1.4385453420528644,7.083860280256257,934.9170617316452
6960,1.4383137743596608,7.078540413727499,934.0319806733177
6961,1.4380822708530638,7.073223881104839,933.1477100349488
6962,1.4378508315336196,7.067910680555255,932.2642491088533
6963,1.4376194564018752,7.0626008102455184,931.3815971879217
6964,1.4373881454583786,7.057294268344451,930.4997535656208
6965,1.4371568987036791,7.051991053021928,929.618717535995
6966,1.4369257161383269,7.046691162448203,928.73848839366
6967,1.4366945977628733,7.041394594794658,927.8590654338124
6968,1.4364635435778708,7.036101348233582,926.980447952219
6969,1.4362325535838725,7.030811420938017,926.1026352452224
6970,1.4360016277814331,7.025524811082509,925.2256266097402
6971,1.435770766171108,7.02024151684195,924.3494213432607
6972,1.435539968753454,7.014961536392385,923.4740187438481
6973,1.4353092355290287,7.009684867910548,922.599418110137
6974,1.4350785664983905,7.0044115095751165,921.7256187413349
6975,1.4348479616620993,6.9991414595638926,920.8526199372219
6976,1.4346174210207159,6.993874716057007,919.9804209981492
6977,1.434386944574802,6.988611277235124,919.1090212250367
6978,1.4341565323249208,6.983351141279661,918.2384199193784
6979,1.4339261842716358,6.978094306373483,917.3686163832355
6980,1.4336959004155119,6.972840770699855,916.4996099192391
6981,1.4334656807571151,6.967590532443141,915.6313998305928
6982,1.4332355252970126,6.96234358978846,914.7639854210639
6983,1.4330054340357723,6.957099940922372,913.8973659949922
6984,1.432775406973963,6.951859584031855,913.0315408572845
6985,1.4325454441121552,6.946622517304953,912.1665093134135
6986,1.4323155454509198,6.9413887389306765,911.3022706694217
6987,1.4320857109908287,6.936158247099145,910.4388242319156
6988,1.4318559407324551,6.930931040000741,909.5761693080703
6989,1.4316262346763733,6.925707115827454,908.714305205626
6990,1.4313965928231582,6.920486472771955,907.8532312328884
6991,1.4311670151733862,6.915269109027672,906.9929466987277
6992,1.4309375017276345,6.910055022789475,906.1334509125802
6993,1.430708052486481,6.904844212252622,905.274743184445
6994,1.4304786674505052,6.8996366756134835,904.4168228248865
6995,1.430249346620287,6.894432411069323,903.5596891450305
6996,1.430020089996408,6.8892314168181805,902.7033414565681
6997,1.42979089757945,6.884033691059525,901.8477790717516
6998,1.4295617693699962,6.878839231993208,900.9930013033954
6999,1.4293327053686309,6.87364803782062,900.1390074648768
7000,1.4291037055759392,6.868460106742791,899.2857968701351
7001,1.4288747699925075,6.863275436962729,898.4333688336665
7002,1.4286458986189225,6.85809402668456,897.5817226705334
7003,1.4284170914557728,6.852915874112662,896.7308576963534
7004,1.4281883485036473,6.847740977452605,895.8807732273067
7005,1.427959669763136,6.842569334910666,895.0314685801332
7006,1.4277310552348301,6.837400944694576,894.182943072129
7007,1.4275025049193217,6.832235805012424,893.3351960211512
7008,1.427274018817204,6.827073914073438,892.4882267456144
7009,1.4270455969290705,6.821915270087714,891.6420345644897
7010,1.4268172392555165,6.816759871266113,890.7966187973082
7011,1.4265889457971381,6.811607715821332,889.9519787641532
7012,1.426360716554532,6.806458801965242,889.1081137856693
7013,1.426132551528296,6.801313127912001,888.2650231830552
7014,1.4259044507190293,6.796170691876125,887.4227062780645
7015,1.4256764141273313,6.7910314920735555,886.5811623930065
7016,1.425448441753803,6.785895526720621,885.7403908507471
7017,1.4252205335990458,6.780762794034729,884.900390974703
7018,1.4249926896636627,6.775633292234209,884.0611620888494
7019,1.424764909948257,6.770507019538118,883.2227035177106
7020,1.4245371944534337,6.765383974166941,882.3850145863665
7021,1.424309543179798,6.760264154341559,881.548094620451
7022,1.4240819561279565,6.7551475582839355,880.7119429461469
7023,1.4238544332985166,6.750034184216773,879.8765588901917
7024,1.4236269746920867,6.744924030364586,879.0419417798744
7025,1.4233995803092758,6.739817094951087,878.2080909430335
7026,1.4231722501506943,6.734713376202283,877.3750057080604
7027,1.4229449842169533,6.729612872344636,876.5426854038942
7028,1.422717782508665,6.7245155816054165,875.7111293600259
7029,1.4224906450264423,6.719421502213258,874.8803369064966
7030,1.4222635717708993,6.714330632397226,874.0503073738937
7031,1.4220365627426508,6.70924297038743,873.2210400933568
7032,1.4218096179423125,6.704158514414716,872.3925343965715
7033,1.4215827373705012,6.699077262711372,871.5647896157715
7034,1.4213559210278346,6.693999213510066,870.7378050837399
7035,1.421129168914931,6.688924365044521,869.9115801338038
7036,1.42090248103241,6.6838527155497935,869.0861140998398
7037,1.420675857380892,6.6787842632604475,868.2614063162699
7038,1.4204492979609982,6.673719006413665,867.4374561180612
7039,1.4202228027733508,6.668656943246659,866.6142628407264
7040,1.4199963718185729,6.66359807199764,865.7918258203265
7041,1.4197700050972886,6.658542390905608,864.9701443934615
7042,1.4195437026101227,6.653489898210958,864.1492178972811
7043,1.4193174643577011,6.648440592154467,863.3290456694748
7044,1.4190912903406503,6.643394470977981,862.5096270482779
7045,1.418865180559598,6.638351532924272,861.6909613724697
7046,1.4186391350151728,6.633311776236799,860.8730479813685
7047,1.4184131537080038,6.6282751991604725,860.0558862148391
7048,1.4181872366387216,6.623241799940551,859.2394754132846
7049,1.417961383807957,6.618211576823803,858.4238149176524
7050,1.4177355952163422,6.61318452805648,857.6089040694299
7051,1.41750987086451,6.608160651887489,856.794742210644
7052,1.4172842107530943,6.603139946565669,855.981328683864
7053,1.4170586148827298,6.598122410340983,855.1686628321984
7054,1.4168330832540519,6.593108041464237,854.3567439992939
7055,1.416607615867697,6.588096838187003,853.5455715293384
7056,1.4163822127243024,6.583088798762239,852.7351447670569
7057,1.4161568738245063,6.5780839214432865,851.9254630577128
7058,1.4159315991689476,6.573082204484562,851.1165257471094
7059,1.4157063887582664,6.568083646141186,850.3083321815838
7060,1.4154812425931032,6.563088244669715,849.5008817080136
7061,1.4152561606740997,6.558095998327451,848.6941736738124
7062,1.4150311430018983,6.5531069053715925,847.8882074269278
7063,1.4148061895771422,6.548120964061425,847.0829823158468
7064,1.4145813004004757,6.54313817265652,846.2784976895896
7065,1.414356475472544,6.538158529417875,845.474752897711
7066,1.4141317147939925,6.533182032606908,844.6717472903043
7067,1.413907018365468,6.528208680486021,843.8694802179916
7068,1.4136823861876182,6.523238471318404,843.067951031933
7069,1.4134578182610915,6.518271403368611,842.2671590838221
7070,1.413233314586537,6.513307474901564,841.4671037258826
7071,1.4130088751646046,6.508346684183312,840.667784310875
7072,1.4127844999959454,6.503389029480685,839.8692001920874
7073,1.412560189081211,6.498434509061326,839.0713507233445
7074,1.412335942421054,6.493483121194622,838.2742352590008
7075,1.4121117600161277,6.48853486414917,837.4778531539399
7076,1.4118876418670863,6.483589736195811,836.6822037635793
7077,1.4116635879745847,6.478647735605724,835.8872864438664
7078,1.411439598339279,6.473708860651421,835.0931005512759
7079,1.4112156729618255,6.468773109605855,834.2996454428161
7080,1.410991811842882,6.463840480743005,833.5069204760206
7081,1.4107680149831066,6.458910972337741,832.7149250089542
7082,1.4105442823831584,6.453984582665664,831.9236584002101
7083,1.4103206140436975,6.449061310003731,831.1331200089088
7084,1.4100970099653842,6.44414115262932,830.3433091946982
7085,1.4098734701488802,6.4392241088208255,829.554225317755
7086,1.4096499945948477,6.434310176857756,828.7658677387801
7087,1.4094265833039499,6.429399355019857,827.9782358190045
7088,1.4092032362768507,6.424491641588406,827.191328920181
7089,1.4089799535142147,6.4195870348453195,826.4051464045918
7090,1.4087567350167074,6.414685533073443,825.619687635043
7091,1.408533580784995,6.4097871345562965,824.8349519748643
7092,1.4083104908197448,6.404891837578819,824.0509387879116
7093,1.4080874651216244,6.399999640426283,823.2676474385654
7094,1.4078645036913024,6.395110541385031,822.4850772917277
7095,1.4076416065294484,6.390224538742141,821.7032277128264
7096,1.4074187736367325,6.385341630786037,820.9220980678097
7097,1.4071960050138257,6.380461815805534,820.1416877231507
7098,1.4069733006613996,6.375585092090876,819.3619960458439
7099,1.4067506605801265,6.370711457932029,818.5830224034047
7100,1.40652808477068,6.3658409116208325,817.8047661638712
7101,1.406305573233734,6.360973451450115,817.0272266958024
7102,1.4060831259699633,6.356109075713074,816.2504033682765
7103,1.4058607429800436,6.351247782703971,815.474295550894
7104,1.405638424264651,6.346389570717752,814.6989026137733
7105,1.4054161698244625,6.341534438050744,813.9242239275534
7106,1.405193979660156,6.33668238299967,813.150258863393
7107,1.4049718537724103,6.331833403862259,812.3770067929674
7108,1.4047497921619045,6.326987498937157,811.6044670884723
7109,1.4045277948293187,6.322144666523699,810.8326391226209
7110,1.4043058617753337,6.317304904922567,810.0615222686423
7111,1.404083993000631,6.312468212435236,809.2911159002855
7112,1.4038621885058928,6.307634587363064,808.5214193918135
7113,1.4036404482918023,6.302804028009268,807.7524321180072
7114,1.4034187723590434,6.297976532678019,806.9841534541644
7115,1.4031971607083005,6.293152099673914,806.216582776096
7116,1.4029756133402584,6.2883307273025375,805.4497194601297
7117,1.4027541302556037,6.283512413870377,804.6835628831088
7118,1.4025327114550226,6.278697157684634,803.9181124223894
7119,1.4023113569392027,6.27388495705385,803.1533674558427
7120,1.402090066708832,6.269075810286936,802.3893273618529
7121,1.4018688407645996,6.264269715693852,801.6259915193181
7122,1.4016476791071948,6.2594666715852965,800.8633593076501
7123,1.401426581737308,6.254666676273647,800.1014301067702
7124,1.4012055486556299,6.249869728070543,799.3402032971159
7125,1.4009845798628524,6.245075825289831,798.5796782596341
7126,1.400763675359668,6.2402849662457776,797.8198543757834
7127,1.4005428351467695,6.235497149253413,797.0607310275334
7128,1.4003220592248509,6.230712372629084,796.3023075973647
7129,1.4001013475946067,6.225930634689535,795.5445834682674
7130,1.399880700256732,6.2211519337525525,794.7875580237435
7131,1.3996601172119227,6.216376268136581,794.0312306478017
7132,1.3994395984608754,6.211603636161464,793.2756007249615
7133,1.3992191440042874,6.206834036147416,792.5206676402516
7134,1.3989987538428565,6.202067466415636,791.7664307792069
7135,1.3987784279772815,6.197303925288249,791.0128895278734
7136,1.3985581664082616,6.192543411088414,790.2600432728011
7137,1.3983379691364968,6.187785922139511,789.5078914010502
7138,1.3981178361626876,6.183031456766464,788.7564333001867
7139,1.3978977674875355,6.1782800132948035,788.0056683582827
7140,1.3976777631117425,6.173531590050801,787.2555959639157
7141,1.3974578230360113,6.168786185362025,786.5062155061715
7142,1.3972379472610452,6.164043797556458,785.7575263746385
7143,1.3970181357875484,6.159304424963097,785.0095279594118
7144,1.3967983886162254,6.154568065911795,784.2622196510898
7145,1.3965787057477814,6.149834718733102,783.5156008407757
7146,1.3963590871829226,6.145104381758926,782.7696709200775
7147,1.3961395329223556,6.140377053321531,782.0244292811044
7148,1.3959200429667877,6.135652731754594,781.2798753164705
7149,1.3957006173169269,6.130931415391361,780.5360084192922
7150,1.3954812559734815,6.126213102567533,779.7928279831876
7151,1.3952619589371609,6.121497791618823,779.0503334022778
7152,1.395042726208675,6.116785480881963,778.3085240711833
7153,1.3948235577887345,6.112076168694531,777.567399385029
7154,1.3946044536780502,6.107369853394817,776.8269587394383
7155,1.394385413877334,6.102666533322425,776.0872015305349
7156,1.3941664383872983,6.097966206817362,775.3481271549437
7157,1.3939475272086561,6.09326887222064,774.6097350097904
7158,1.3937286803421212,6.088574527874119,773.8720244926959
7159,1.393509897788408,6.083883172120379,773.1349950017844
7160,1.3932911795482312,6.079194803303285,772.3986459356762
7161,1.3930725256223064,6.074509419767492,771.6629766934907
7162,1.3928539360113497,6.0698270198575415,770.9279866748448
7163,1.3926354107160779,6.065147601919807,770.1936752798524
7164,1.3924169497372083,6.060471164301563,769.4600419091254
7165,1.392198553075459,6.0557977053505105,768.7270859637725
7166,1.3919802207315486,6.051127223415346,767.9948068453974
7167,1.3917619527061964,6.046459716845608,767.2632039561012
7168,1.391543749000122,6.041795183991555,766.5322766984791
7169,1.3913256096140458,6.037133623204743,765.8020244756227
7170,1.391107534548689,6.032475032837109,765.0724466911187
7171,1.390889523804773,6.027819411241619,764.3435427490464
7172,1.3906715773830198,6.023166756771928,763.6153120539818
7173,1.3904536952841526,6.018517067783344,762.8877540109916
7174,1.3902358775088945,6.013870342630476,762.1608680256386
7175,1.3900181240579694,6.009226579670067,761.4346535039779
7176,1.389800434932102,6.0045857772593125,760.7091098525552
7177,1.3895828101320173,5.999947933756091,759.9842364784112
7178,1.389365249658441,5.99531304751961,759.2600327890775
7179,1.389147753512099,5.9906811169094585,758.5364981925759
7180,1.3889303216937186,5.986052140286246,757.8136320974216
7181,1.3887129542040269,5.98142611601123,757.0914339126181
7182,1.388495651043752,5.976803042447005,756.3699030476613
7183,1.3882784122136225,5.97218291795656,755.6490389125366
7184,1.388061237714367,5.967565740903848,754.9288409177185
7185,1.3878441275467157,5.962951509653713,754.2093084741709
7186,1.3876270817113985,5.95834022257202,753.4904409933475
7187,1.3874101002091461,5.953731878024857,752.7722378871895
7188,1.38719318304069,5.94912647437978,752.0546985681272
7189,1.386976330206762,5.944524010005003,751.3378224490768
7190,1.3867595417080942,5.9399244832694045,750.6216089434444
7191,1.3865428175454197,5.9353278925431665,749.9060574651227
7192,1.386326157719472,5.930734236196864,749.1911674284892
7193,1.3861095622309851,5.926143512602087,748.4769382484099
7194,1.3858930310806936,5.9215557201312174,747.7633693402364
7195,1.3856765642693325,5.916970857157369,747.0504601198043
7196,1.3854601617976372,5.912388922054943,746.3382100034372
7197,1.385243823666344,5.907809913198709,745.6266184079407
7198,1.3850275498761897,5.903233828964802,744.9156847506065
7199,1.3848113404279112,5.89866066772897,744.2054084492114
7200,1.3845951953222464,5.894090427869329,743.4957889220129
7201,1.3843791145599333,5.889523107764012,742.7868255877553
7202,1.3841630981417108,5.884958705792158,742.0785178656652
7203,1.383947146068318,5.880397220333734,741.3708651754488
7204,1.3837312583404946,5.875838649769408,740.6638669372992
7205,1.3835154349589809,5.871282992481103,739.9575225718878
7206,1.3832996759245177,5.866730246851172,739.25183150037
7207,1.3830839812378461,5.862180411262934,738.546793144382
7208,1.3828683508997082,5.8576334841003765,737.8424069260394
7209,1.3826527849108459,5.853089463748819,737.13867226794
7210,1.382437283272002,5.848548348594283,736.4355885931617
7211,1.3822218459839197,5.844010137022711,735.7331553252602
7212,1.3820064730473427,5.8394748274219825,735.0313718882734
7213,1.3817911644630152,5.834942418180259,734.330237706716
7214,1.381575920231682,5.83041290768702,733.629752205583
7215,1.3813607403540882,5.82588629433211,732.9299148103471
7216,1.3811456248309792,5.821362576506372,732.2307249469586
7217,1.3809305736631015,5.8168417526013405,731.5321820418459
7218,1.3807155868512013,5.812323821009787,730.834285521915
7219,1.380500664396026,5.807808780124906,730.137034814548
7220,1.3802858062983228,5.803296628340882,729.4404293476045
7221,1.3800710125588398,5.7987873640526955,728.7444685494186
7222,1.3798562831783254,5.794280985656033,728.0491518488024
7223,1.3796416181575286,5.789777491548212,727.3544786750426
7224,1.3794270174971985,5.785276880125855,726.6604484578996
7225,1.3792124811980853,5.780779149787665,725.9670606276104
7226,1.3789980092609389,5.776284298932622,725.274314614887
7227,1.37878360168651,5.7717923259609965,724.582209850912
7228,1.3785692584755498,5.767303229273481,723.890745767346
7229,1.37835497962881,5.762817007271688,723.199921796319
7230,1.3781407651470423,5.758333658358099,722.5097373704366
7231,1.3779266150309994,5.753853180935865,721.8201919227768
7232,1.3777125292814343,5.749375573409395,721.1312848868878
7233,1.3774985078991002,5.7449008341835155,720.443015696792
7234,1.3772845508847509,5.7404289616639845,719.7553837869823
7235,1.3770706582391403,5.735959954257604,719.0683885924227
7236,1.3768568299630233,5.731493810371412,718.3820295485491
7237,1.3766430660571547,5.727030528413867,717.6963060912653
7238,1.37642936652229,5.722570106794055,717.0112176569473
7239,1.3762157313591852,5.718112543921863,716.3267636824418
7240,1.3760021605685964,5.713657838207911,715.6429436050622
7241,1.3757886541512803,5.709205988064018,714.9597568625924
7242,1.3755752121079938,5.704756991902439,714.2772028932853
7243,1.3753618344394947,5.700310848136372,713.5952811358613
7244,1.3751485211465406,5.6958675551797056,712.9139910295094
7245,1.37493527222989,5.69142711144757,712.2333320138849
7246,1.3747220876903012,5.686989515355487,711.5533035291122
7247,1.3745089675285338,5.682554765319981,710.873905015782
7248,1.3742959117453468,5.678122859758693,710.1951359149509
7249,1.3740829203415001,5.6736937970889345,709.5169956681426
7250,1.373869993317754,5.669267575730292,708.8394837173462
7251,1.3736571306748693,5.664844194102412,708.1625995050155
7252,1.3734443324136065,5.6604236506258845,707.4863424740713
7253,1.3732315985347274,5.656005943722,706.8107120678972
7254,1.3730189290389936,5.651591071813284,706.1357077303421
7255,1.372806323927167,5.6471790333226455,705.4613289057204
7256,1.3725937832000104,5.642769826673962,704.7875750388072
7257,1.3723813068582864,5.638363450291942,704.1144455748436
7258,1.3721688949027582,5.633959902601964,703.4419399595328
7259,1.3719565473341895,5.629559182030632,702.7700576390401
7260,1.371744264153344,5.625161287005307,702.0987980599947
7261,1.371532045360986,5.620766215953269,701.4281606694854
7262,1.3713198909578803,5.616373967303493,700.7581449150645
7263,1.3711078009447917,5.611984539485876,700.0887502447458
7264,1.3708957753224855,5.607597930930692,699.4199761070021
7265,1.3706838140917275,5.603214140069172,698.7518219507688
7266,1.3704719172532833,5.5988331653333665,698.0842872254407
7267,1.3702600848079196,5.594455005156006,697.4173713808717
7268,1.370048316756403,5.590079657971038,696.7510738673772
7269,1.3698366130995003,5.585707122212812,696.0853941357291
7270,1.369624973837979,5.581337396316642,695.4203316371596
7271,1.3694133989726067,5.576970478718506,694.755885823361
7272,1.3692018885041513,5.57260636785561,694.0920561464804
7273,1.368990442433381,5.568245062165913,693.4288420591254
7274,1.3687790607610646,5.5638865600872816,692.7662430143598
7275,1.3685677434879708,5.5595308600594215,692.1042584657042
7276,1.368356490614869,5.555177960522391,691.4428878671372
7277,1.3681453021425287,5.550827859917446,690.782130673092
7278,1.3679341780717196,5.546480556686251,690.1219863384592
7279,1.367723118403212,5.5421360492714316,689.4624543185852
7280,1.367512123137776,5.5377943361162565,688.803534069271
7281,1.3673011922761829,5.533455415665257,688.1452250467723
7282,1.367090325819203,5.529119286363334,687.4875267078016
7283,1.3668795237676084,5.524785946656313,686.8304385095228
7284,1.36666878612217,5.5204553949909005,686.1739599095558
7285,1.3664581128836601,5.516127629814737,685.5180903659727
7286,1.366247504052851,5.511802649575698,684.8628293373004
7287,1.3660369596305149,5.507480452723081,684.2081762825178
7288,1.3658264796174244,5.503161037706769,683.5541306610562
7289,1.3656160640143526,5.4988444029773405,682.9006919327992
7290,1.365405712822073,5.494530546986566,682.2478595580841
7291,1.3651954260413588,5.490219468186621,681.5956329976963
7292,1.3649852036729841,5.485911165030623,680.9440117128757
7293,1.3647750457177228,5.481605635972497,680.2929951653107
7294,1.3645649521763492,5.47730287946684,679.6425828171416
7295,1.364354923049638,5.473002893969455,678.9927741309592
7296,1.3641449583383638,5.468705677936541,678.3435685698022
7297,1.363935058043302,5.464411229825256,677.6949655971611
7298,1.3637252221652278,5.460119548093723,677.0469646769733
7299,1.3635154507049168,5.455830631200311,676.3995652736268
7300,1.3633057436631446,5.4515444776047675,675.7527668519576
7301,1.3630961010406877,5.447261085767437,675.1065688772492
7302,1.362886522838322,5.442980454149498,674.4609708152336
7303,1.362677009056824,5.43870258121276,673.8159721320903
7304,1.3624675596969709,5.4344274654202485,673.1715722944443
7305,1.3622581747595393,5.430155105235406,672.5277707693702
7306,1.3620488542453064,5.425885499122594,671.8845670243861
7307,1.3618395981550497,5.421618645546836,671.2419605274582
7308,1.3616304064895468,5.417354542974376,670.5999507469976
7309,1.3614212792495757,5.413093189871825,669.9585371518604
7310,1.3612122164359144,5.408834584707083,669.3177192113483
7311,1.3610032180493412,5.404578725947862,668.6774963952095
7312,1.3607942840906344,5.400325612063508,668.037868173632
7313,1.360585414560573,5.39607524152427,667.3988340172525
7314,1.3603766094599354,5.391827612800729,666.7603933971482
7315,1.3601678687895014,5.387582724364481,666.1225457848418
7316,1.3599591925500496,5.383340574687853,665.4852906522983
7317,1.35975058074236,5.379101162243863,664.8486274719241
7318,1.359542033367212,5.374864485506746,664.2125557165698
7319,1.3593335504253854,5.370630542951091,663.5770748595276
7320,1.3591251319176603,5.36639933305244,662.9421843745299
7321,1.3589167778448168,5.362170854286998,662.3078837357526
7322,1.3587084882076355,5.3579451051324805,661.6741724178108
7323,1.3585002630068967,5.353722084066027,661.0410498957614
7324,1.3582921022433814,5.34950178956669,660.4085156451015
7325,1.3580840059178703,5.345284220113961,659.7765691417668
7326,1.3578759740311446,5.3410693741880415,659.1452098621343
7327,1.3576680065839852,5.336857250270272,658.5144372830201
7328,1.3574601035771738,5.332647846842411,657.8842508816783
7329,1.357252265011492,5.328441162387172,657.2546501358026
7330,1.3570444908877213,5.324237195387875,656.6256345235237
7331,1.3568367812066435,5.320035944329058,655.9972035234118
7332,1.3566291359690408,5.3158374076956445,655.3693566144749
7333,1.356421555175695,5.311641583973503,654.7420932761561
7334,1.3562140388273887,5.307448471649273,654.1154129883372
7335,1.356006586924904,5.303258069210577,653.4893152313372
7336,1.3557991994690235,5.299070375145238,652.8637994859089
7337,1.35559187646053,5.294885387942495,652.2388652332439
7338,1.355384617900206,5.290703106092119,651.6145119549669
7339,1.3551774237888348,5.286523528084598,650.9907391331394
7340,1.3549702941271993,5.282346652411553,650.367546250259
7341,1.3547632289160827,5.278172477565036,649.7449327892543
7342,1.3545562281562682,5.274001002038003,649.1228982334917
7343,1.3543492918485391,5.269832224324194,648.5014420667698
7344,1.3541424199936791,5.265666142918018,647.8805637733208
7345,1.3539356125924717,5.261502756315059,647.2602628378115
7346,1.3537288696457006,5.257342063011283,646.6405387453399
7347,1.3535221911541495,5.253184061503906,646.0213909814377
7348,1.3533155771186025,5.249028750289846,645.4028190320689
7349,1.3531090275398434,5.244876127868126,644.7848223836288
7350,1.3529025424186565,5.24072619273789,644.1674005229447
7351,1.3526961217558258,5.236578943399167,643.5505529372757
7352,1.3524897655521355,5.232434378352765,642.9342791143109
7353,1.3522834738083702,5.2282924961001696,642.3185785421714
7354,1.3520772465253141,5.2241532951440215,641.7034507094064
7355,1.351871083703752,5.220016773987365,641.0888951049969
7356,1.351664985344468,5.21588293113416,640.4749112183538
7357,1.3514589514482471,5.211751765089005,639.8614985393154
7358,1.3512529820158738,5.20762327435767,639.2486565581507
7359,1.351047077048133,5.203497457446356,638.6363847655574
7360,1.3508412365458096,5.199374312862444,638.0246826526596
7361,1.3506354605096882,5.195253839113165,637.4135497110121
7362,1.350429748940554,5.191136034707353,636.8029854325945
7363,1.3502241018391918,5.187020898154694,636.192989309816
7364,1.350018519206387,5.182908427965274,635.5835608355129
7365,1.3498130010429241,5.178798622650065,634.9746995029454
7366,1.3496075473495885,5.174691480720719,634.3664048058033
7367,1.3494021581271656,5.170587000690029,633.7586762382008
7368,1.3491968333764401,5.166485181071201,633.151513294678
7369,1.3489915730981976,5.1623860203783405,632.5449154702009
7370,1.3487863772932234,5.158289517126317,631.9388822601586
7371,1.3485812459623026,5.15419566983067,631.333413160368
7372,1.3483761791062203,5.1501044770084174,630.7285076670686
7373,1.3481711767257623,5.146015937175988,630.1241652769235
7374,1.3479662388217135,5.141930048851729,629.52038548702
7375,1.3477613653948595,5.13784681055425,628.9171677948701
7376,1.3475565564459855,5.133766220803354,628.314511698407
7377,1.347351811975877,5.1296882781192545,627.712416695988
7378,1.3471471319853192,5.125612981023025,627.1108822863916
7379,1.3469425164750977,5.121540328036546,626.5099079688194
7380,1.3467379654459974,5.117470317682336,625.909493242895
7381,1.3465334788988041,5.113402948484069,625.3096376086621
7382,1.3463290568343032,5.109338218965814,624.7103405665864
7383,1.3461246992532796,5.105276127652544,624.1116016175555
7384,1.3459204061565189,5.101216673069856,623.5134202628747
7385,1.3457161775448063,5.097159853744858,622.9157960042728
7386,1.3455120134189271,5.0931056682040685,622.3187283438956
7387,1.3453079137796666,5.089054114975851,621.7222167843097
7388,1.34510387862781,5.085005192589053,621.1262608285018
7389,1.3448999079641424,5.08095889957316,620.5308599798753
7390,1.3446960017894491,5.076915234458783,619.9360137422535
7391,1.3444921601045152,5.072874195776942,619.3417216198785
7392,1.3442883829101255,5.068835782059561,618.7479831174082
7393,1.3440846702070652,5.064799991839209,618.154797739921
7394,1.3438810219961195,5.060766823649574,617.5621649929094
7395,1.343677438278073,5.056736276024773,616.9700843822853
7396,1.3434739190537106,5.052708347499812,616.3785554143765
7397,1.3432704643238171,5.048683036610737,615.7875775959261
7398,1.3430670740891775,5.0446603418933496,615.1971504340944
7399,1.342863748350576,5.040640261885526,614.6072734364571
7400,1.3426604871087977,5.036622795125184,614.0179461110046
7401,1.342457290364627,5.032607940151188,613.4291679661435
7402,1.3422541581188483,5.028595695502997,612.8409385106934
7403,1.342051090372246,5.024586059721243,612.2532572538894
7404,1.3418480871256044,5.020579031346943,611.6661237053813
7405,1.3416451483797078,5.016574608921977,611.0795373752306
7406,1.3414422741353402,5.012572790989054,610.4934977739147
7407,1.3412394643932857,5.008573576091465,609.9080044123217
7408,1.3410367191543282,5.004576962773648,609.323056801754
7409,1.3408340384192516,5.000582949580464,608.7386544539265
7410,1.3406314221888398,4.996591535057945,608.1547968809647
7411,1.340428870463876,4.992602717751839,607.5714835954077
7412,1.3402263832451442,4.988616496209961,606.988714110205
7413,1.3400239605334276,4.984632868980209,606.406487938718
7414,1.3398216023295095,4.980651834611377,605.8248045947182
7415,1.3396193086341732,4.976673391653003,605.2436635923888
7416,1.3394170794482019,4.972697538655282,604.6630644463212
7417,1.3392149147723782,4.9687242741695306,604.0830066715195
7418,1.3390128146074851,4.964753596747442,603.5034897833942
7419,1.3388107789543053,4.960785504941629,602.9245132977683
7420,1.3386088078136213,4.956819997305324,602.3460767308715
7421,1.3384069011862156,4.952857072392885,601.7681795993426
7422,1.3382050590728705,4.9488967287593715,601.1908214202292
7423,1.3380032814743679,4.944938964959811,600.6140017109876
7424,1.33780156839149,4.940983779550909,600.0377199894793
7425,1.3375999198250184,4.937031171089696,599.4619757739763
7426,1.337398335775735,4.933081138134343,598.8867685831545
7427,1.3371968162444214,4.929133679243379,598.3120979360992
7428,1.3369953612318588,4.925188792976254,597.7379633523018
7429,1.3367939707388283,4.921246477893025,597.1643643516577
7430,1.3365926447661112,4.917306732554895,596.5913004544702
7431,1.336391383314488,4.913369555523446,596.0187711814473
7432,1.3361901863847396,4.9094349453611335,595.4467760537023
7433,1.3359890539776467,4.905502900631186,594.8753145927536
7434,1.3357879860939892,4.9015734198977485,594.3043863205237
7435,1.3355869827345475,4.897646501725196,593.7339907593392
7436,1.3353860439001013,4.893722144679204,593.1641274319321
7437,1.3351851695914305,4.889800347325993,592.5947958614362
7438,1.3349843598093147,4.885881108232459,592.0259955713892
7439,1.3347836145545333,4.881964425966593,591.4577260857316
7440,1.3345829338278654,4.878050299096773,590.8899869288073
7441,1.33438231763009,4.8741387261922755,590.3227776253623
7442,1.3341817659619857,4.870229705823072,589.756097700544
7443,1.333981278824331,4.86632323655986,589.1899466799019
7444,1.3337808562179043,4.862419316974375,588.6243240893878
7445,1.3335804981434838,4.858517945638771,588.0592294553529
7446,1.333380204601847,4.854619121126068,587.4946623045511
7447,1.3331799755937719,4.850722842010238,586.9306221641344
7448,1.332979811120036,4.846829106865423,586.3671085616575
7449,1.3327797111814161,4.842937914267103,585.8041210250743
7450,1.3325796757786894,4.8390492627913035,585.2416590827364
7451,1.3323797049126325,4.835163151014804,584.6797222633973
7452,1.332179798584022,4.831279577515013,584.1183100962079
7453,1.3319799567936341,4.827398540870455,583.5574221107175
7454,1.3317801795422446,4.823520039660042,582.997057836875
7455,1.3315804668306293,4.819644072463544,582.437216805026
7456,1.3313808186595635,4.8157706378613705,581.8778985459151
7457,1.3311812350298227,4.811899734435054,581.3191025906833
7458,1.3309817159421815,4.808031360766476,580.7608284708682
7459,1.3307822613974147,4.804165515438735,580.2030757184059
7460,1.3305828713962968,4.800302197034726,579.6458438656283
7461,1.3303835459396018,4.796441404138911,579.0891324452621
7462,1.3301842850281036,4.792583135336549,578.5329409904319
7463,1.3299850886625757,4.788727389213266,577.9772690346559
7464,1.3297859568437913,4.784874164355573,577.4221161118493
7465,1.3295868895725234,4.781023459350731,576.8674817563214
7466,1.3293878868495446,4.777175272786613,576.3133655027752
7467,1.3291889486756274,4.773329603252203,575.7597668863101
7468,1.328990075051544,4.7694864493368705,575.2066854424185
7469,1.328791265978066,4.765645809630848,574.6541207069852
7470,1.328592521455965,4.761807682724998,574.102072216291
7471,1.3283938414860121,4.757972067211265,573.5505395070076
7472,1.3281952260689782,4.7541389616823055,572.9995221162002
7473,1.3279966752056338,4.750308364730726,572.449019581327
7474,1.3277981888967492,4.746480274950779,571.8990314402373
7475,1.3275997671430941,4.74265469093704,571.3495572311734
7476,1.3274014099454383,4.738831611285175,570.8005964927689
7477,1.3272031173045509,4.735011034591244,570.2521487640478
7478,1.3270048892212007,4.731192959452169,569.7042135844264
7479,1.3268067256961564,4.727377384465481,569.1567904937098
7480,1.3266086267301862,4.723564308229832,568.6098790320956
7481,1.326410592324058,4.719753729344229,568.0634787401705
7482,1.3262126224785389,4.71594564640856,567.5175891589099
7483,1.3260147171943966,4.712140058023446,566.9722098296801
7484,1.3258168764723977,4.708336962790431,566.4273402942367
7485,1.3256191003133087,4.704536359311246,565.8829800947226
7486,1.3254213887178956,4.700738246188919,565.3391287736704
7487,1.3252237416869244,4.696942622027026,564.7957858740002
7488,1.32502615922116,4.693149485429765,564.2529509390208
7489,1.3248286413213677,4.68935883500242,563.7106235124292
7490,1.324631187988312,4.685570669350636,563.168803138307
7491,1.324433799222757,4.6817849870809916,562.6274893611252
7492,1.3242364750254667,4.6780017868007295,562.0866817257421
7493,1.3240392153972045,4.674221067117722,561.5463797773994
7494,1.3238420203387333,4.670442826640952,561.0065830617278
7495,1.323644889850816,4.666667063979774,560.4672911247421
7496,1.3234478239342145,4.662893777744388,559.9285035128436
7497,1.3232508225896908,4.659122966545928,559.3902197728189
7498,1.3230538858180065,4.655354628995708,558.8524394518386
7499,1.3228570136199225,4.651588763706319,558.3151620974579
7500,1.3226602059961994,4.6478253692909135,557.7783872576179
7501,1.3224634629475973,4.644064444363366,557.2421144806414
7502,1.3222667844748761,4.640305987538194,556.706343315237
7503,1.3220701705787952,4.636549997430941,556.171073310495
7504,1.3218736212601134,4.632796472657591,555.6363040158898
7505,1.3216771365195892,4.629045411834969,555.1020349812792
7506,1.3214807163579805,4.6252968135804915,554.5682657569017
7507,1.3212843607760452,4.6215506765126655,554.0349958933792
7508,1.3210880697745402,4.617806999250384,553.5022249417163
7509,1.3208918433542223,4.614065780413678,552.9699524532969
7510,1.3206956815158477,4.6103270186224465,552.4381779798887
7511,1.3204995842601723,4.606590712498055,551.9069010736384
7512,1.3203035515879515,4.602856860662659,551.3761212870747
7513,1.32010758349994,4.599125461738832,550.8458381731068
7514,1.3199116799968924,4.595396514349929,550.316051285023
7515,1.3197158410795626,4.591670017119986,549.7867601764921
7516,1.319520066748704,4.58794596867407,549.2579644015624
7517,1.3193243570050694,4.584224367637632,548.7296635146613
7518,1.3191287118494117,4.580505212636992,548.2018570705956
7519,1.3189331312824828,4.576788502299187,547.6745446245495
7520,1.318737615305034,4.573074235251857,547.1477257320869
7521,1.3185421639178168,4.569362410123996,546.6213999491495
7522,1.3183467771215813,4.565653025544144,546.0955668320564
7523,1.3181514549170779,4.561946080142533,545.5702259375037
7524,1.317956197305056,4.5582415725497105,545.0453768225666
7525,1.3177610042862644,4.554539501397302,544.5210190446937
7526,1.317565875861452,4.55083986531731,543.9971521617142
7527,1.3173708120313665,4.547142662942573,543.4737757318308
7528,1.3171758127967557,4.543447892906678,542.950889313623
7529,1.3169808781583663,4.539755553843805,542.4284924660465
7530,1.316786008116945,4.536065644389174,541.9065847484312
7531,1.3165912026732374,4.532378163178447,541.3851657204832
7532,1.316396461827989,4.528693108848075,540.8642349422839
7533,1.3162017855819448,4.525010480035147,540.343791974287
7534,1.316007173935849,4.521330275378063,539.8238363773228
7535,1.315812626890445,4.517652493514797,539.3043677125938
7536,1.3156181444464765,4.513977133084978,538.785385541677
7537,1.315423726604686,4.5103041927287055,538.2668894265232
7538,1.3152293733658156,4.50663367108666,537.7488789294549
7539,1.3150350847306067,4.502965566800575,537.2313536131686
7540,1.3148408606998003,4.499299878512595,536.7143130407328
7541,1.314646701274137,4.495636604865683,536.197756775588
7542,1.3144526064543565,4.491975744503424,535.6816843815468
7543,1.3142585762411978,4.48831729607043,535.166095422793
7544,1.3140646106354,4.484661258211713,534.6509894638822
7545,1.3138707096377007,4.4810076295731385,534.1363660697415
7546,1.3136768732488378,4.477356408801529,533.6222248056673
7547,1.313483101469548,4.473707594543516,533.1085652373271
7548,1.313289394300568,4.470061185447583,532.5953869307598
7549,1.313095751742633,4.466417180162341,532.0826894523714
7550,1.3129021737964781,4.4627755773372355,531.5704723689405
7551,1.3127086604628382,4.4591363756223075,531.0587352476125
7552,1.312515211742447,4.4554995736686465,530.547477655903
7553,1.3123218276360378,4.451865170127731,530.0366991616967
7554,1.312128508144343,4.448233163651862,529.526399333245
7555,1.311935253268095,4.444603552894074,529.0165777391696
7556,1.311742063008025,4.440976336507992,528.507233948458
7557,1.3115489373648639,4.437351513148262,527.9983675304669
7558,1.3113558763393416,4.433729081469971,527.4899780549191
7559,1.3111628799321877,4.430109040129261,526.9820650919047
7560,1.3109699481441313,4.4264913877820815,526.4746282118805
7561,1.3107770809759003,4.422876123086223,525.96766698567
7562,1.3105842784282224,4.4192632446996045,525.4611809844621
7563,1.3103915405018247,4.41565275128097,524.9551697798128
7564,1.3101988671974332,4.412044641489767,524.4496329436411
7565,1.3100062585157735,4.408438913986056,523.9445700482337
7566,1.3098137144575706,4.404835567430933,523.439980666242
7567,1.3096212350235485,4.401234600485869,522.9358643706804
7568,1.3094288202144313,4.397636011813173,522.4322207349294
7569,1.3092364700309416,4.394039800075754,521.929049332733
7570,1.3090441844738014,4.390445963937542,521.426349738198
7571,1.3088519635437326,4.3868545020631435,520.9241215257965
7572,1.308659807241456,4.38326541311716,520.4223642703623
7573,1.3084677155676914,4.379678695765719,519.9210775470931
7574,1.3082756885231586,4.376094348675283,519.4202609315493
7575,1.3080837261085763,4.3725123705133315,518.9199139996523
7576,1.3078918283246626,4.368932759947762,518.4200363276871
7577,1.3076999951721346,4.365355515647255,517.9206274923004
7578,1.307508226651709,4.361780636281098,517.4216870704994
7579,1.307316522764102,4.358208120519648,516.9232146396533
7580,1.3071248835100284,4.354637967033588,516.4252097774918
7581,1.3069333088902029,4.351070174494453,515.927672062106
7582,1.3067417989053391,4.34750474157449,515.4306010719471
7583,1.3065503535561502,4.343941666946528,514.9339963858253
7584,1.3063589728433482,4.340380949284695,514.4378575829116
7585,1.3061676567676448,4.336822587262706,513.9421842427378
7586,1.3059764053297507,4.333266579555879,513.446975945192
7587,1.3057852185303758,4.329712924839907,512.9522322705242
7588,1.3055940963702295,4.326161621791441,512.4579527993402
7589,1.3054030388500202,4.322612669087562,511.9641371126063
7590,1.3052120459704557,4.3190660654061706,511.47078479164736
7591,1.305021117732243,4.3155218094258325,510.9778954181434
7592,1.3048302541360886,4.3119798998257535,510.48546857413487
7593,1.3046394551826974,4.3084403352861305,509.9935038420181
7594,1.3044487208727744,4.30490311448755,509.5020008045459
7595,1.3042580512070234,4.301368236111434,509.01095904482946
7596,1.3040674461861477,4.297835698840044,508.520378146334
7597,1.3038769058108493,4.294305501355854,508.0302576928831
7598,1.3036864300818298,4.29077764234254,507.5405972686561
7599,1.30349601899979,4.287252120484314,507.05139645818554
7600,1.3033056725654295,4.283728934466106,506.56265484636174
7601,1.3031153907794477,4.280208082973417,506.07437201842976
7602,1.302925173642543,4.276689564692768,505.58654755998805
7603,1.3027350211554125,4.273173378311075,505.0991810569911
7604,1.302544933318753,4.269659522516059,504.6122720957456
7605,1.3023549101332605,4.266147995996035,504.12582026291403
7606,1.3021649515996299,4.262638797440335,503.63982514551253
7607,1.3019750577185552,4.259131925538653,503.1542863309087
7608,1.3017852284907299,4.25562737898152,502.66920340682503
7609,1.3015954639168466,4.252125156460426,502.18457596133624
7610,1.3014057639975967,4.248625256666625,501.70040358286883
7611,1.3012161287336712,4.245127678293225,501.21668586020303
7612,1.30102655812576,4.241632420033415,500.7334223824689
7613,1.3008370521745523,4.238139480581216,500.25061273915065
7614,1.300647610880736,4.234648858631231,499.7682565200824
7615,1.3004582342449988,4.23116055287905,499.2863533154491
7616,1.3002689222680273,4.227674562020692,498.8049027157874
7617,1.3000796749505068,4.224190884752931,498.3239043119848
7618,1.299890492293122,4.220709519773267,497.84335769527706
7619,1.299701374296557,4.217230465779795,497.36326245725354
7620,1.299512320961495,4.21375372147158,496.8836181898493
7621,1.2993233322886175,4.210279285548373,496.40442448535117
7622,1.2991344082786063,4.206807156709917,495.92568093639534
7623,1.2989455489321413,4.203337333657434,495.4473871359656
7624,1.2987567542499021,4.199869815092492,494.96954267739557
7625,1.2985680242325672,4.196404599717645,494.4921471543667
7626,1.2983793588808141,4.192941686235832,494.0152001609081
7627,1.2981907581953194,4.189481073350804,493.5387012913978
7628,1.2980022221767589,4.186022759766891,493.0626501405598
7629,1.2978137508258076,4.182566744189399,492.58704630346693
7630,1.2976253441431393,4.179113025324076,492.1118893755384
7631,1.297437002129427,4.175661601877412,491.6371789525396
7632,1.2972487247853426,4.1722124725566205,491.16291463058275
7633,1.2970605121115573,4.168765636069748,490.689096006127
7634,1.2968723641087412,4.165321091125045,490.2157226759758
7635,1.2966842807775634,4.161878836431971,489.7427942372797
7636,1.2964962621186922,4.158438870700466,489.2703102875334
7637,1.296308308132795,4.1550011926411035,488.7982704245769
7638,1.2961204188205382,4.151565800965414,488.3266742465967
7639,1.295932594182587,4.14813269438533,487.85552135212106
7640,1.2957448342196056,4.144701871613577,487.38481134002427
7641,1.2955571389322578,4.141273331363572,486.91454380952473
7642,1.2953695083212058,4.137847072349304,486.444718360183
7643,1.2951819423871112,4.134423093285766,485.97533459190464
7644,1.2949944411306342,4.1310013928883365,485.50639210493745
7645,1.2948070045524347,4.127581969873166,485.03789049987245
7646,1.2946196326531707,4.124164822957278,484.5698293776437
7647,1.2944323254335,4.120749950857877,484.1022083395263
7648,1.294245082894079,4.117337352293358,483.63502698713893
7649,1.2940579050355632,4.113927025982616,483.1682849224412
7650,1.293870791858607,4.110518970645255,482.70198174773435
7651,1.2936837433638637,4.107113185001462,482.2361170656614
7652,1.293496759551986,4.103709667772388,481.77069047920514
7653,1.293309840423625,4.100308417679584,481.3057015916904
7654,1.293122985979431,4.096909433445398,480.8411500067819
7655,1.2929361962200538,4.093512713792745,480.3770353284842
7656,1.2927494711461414,4.090118257445531,479.91335716114224
7657,1.292562810758341,4.086726063128031,479.4501151094409
7658,1.2923762150572986,4.083336129565584,478.9873087784035
7659,1.2921896840436595,4.0799484554834375,478.5249377733931
7660,1.2920032177180678,4.076563039608167,478.0630017001114
7661,1.2918168160811665,4.073179880667091,477.6015001645984
7662,1.2916304791335977,4.0697989773879275,477.1404327732334
7663,1.2914442068760021,4.0664203284991505,476.6797991327323
7664,1.2912579993090196,4.063043932729829,476.21959885014985
7665,1.2910718564332888,4.059669788809998,475.75983153287785
7666,1.2908857782494474,4.056297895470089,475.3004967886452
7667,1.290699764758132,4.052928251441325,474.84159422551824
7668,1.290513815959978,4.0495608554555735,474.3831234518992
7669,1.29032793185562,4.046195706245305,473.9250840765274
7670,1.2901421124456909,4.042832802543964,473.4674757084784
7671,1.289956357730823,4.0394721430856455,473.0102979571627
7672,1.2897706677116474,4.036113726604433,472.5535504323275
7673,1.289585042388794,4.032757551835772,472.0972327440549
7674,1.2893994817628918,4.02940361751582,471.64134450276185
7675,1.2892139858345681,4.026051922381117,471.18588531920096
7676,1.2890285546044498,4.02270246516898,470.7308548044579
7677,1.2888431880731621,4.01935524461741,470.2762525699537
7678,1.2886578862413296,4.016010259464999,469.82207822744397
7679,1.2884726491095753,4.012667508451249,469.3683313890161
7680,1.288287476678521,4.00932699031612,468.91501166709344
7681,1.2881023689487878,4.005988703800312,468.4621186744302
7682,1.2879173259209955,4.002652647645098,468.0096520241151
7683,1.2877323475957625,3.9993188205929866,467.55761132956945
7684,1.287547433973706,3.995987221386091,467.1059962045457
7685,1.2873625850554427,3.9926578487680895,466.6548062631303
7686,1.287177800841587,3.989330701483044,466.2040411197407
7687,1.2869930813327533,3.986005778275621,465.75370038912513
7688,1.286808426529554,3.9826830778914353,465.30378368636514
7689,1.2866238364326008,3.979362599076489,464.8542906268709
7690,1.2864393110425039,3.9760443405775603,464.4052208263859
7691,1.2862548503598723,3.9727283011420016,463.9565739009834
7692,1.286070454385314,3.969414479518116,463.50834946706544
7693,1.2858861231194358,3.9661028744546143,463.06054714136593
7694,1.2857018565628433,3.9627934847009616,462.6131665409488
7695,1.2855176547161404,3.9594863090072856,462.16620728320555
7696,1.2853335175799305,3.956181346124555,461.71966898585896
7697,1.2851494451548153,3.9528785948039378,461.27355126695954
7698,1.2849654374413955,3.9495780537977367,460.82785374488685
7699,1.2847814944402705,3.9462797218587804,460.3825760383497
7700,1.2845976161520383,3.9429835977404455,459.9377177663836
7701,1.284413802577296,3.939689680197123,459.4932785483538
7702,1.2842300537166391,3.9363979679835155,459.0492580039521
7703,1.284046369570662,3.933108459855129,458.6056557531972
7704,1.2838627501399582,3.9298211545681494,458.16247141643686
7705,1.2836791954251192,3.9265360508793106,457.71970461434364
7706,1.283495705426736,3.923253147546302,457.27735496791837
7707,1.2833122801453976,3.9199724433272163,456.8354220984879
7708,1.2831289195816922,3.916693936981137,456.3939056277043
7709,1.2829456237362067,3.9134176272669987,455.9528051775465
7710,1.2827623926095266,3.9101435129454023,455.5121203703192
7711,1.2825792262022364,3.9068715927770907,455.07185082865107
7712,1.2823961245149187,3.9036018655236004,454.63199617549765
7713,1.2822130875481552,3.9003343299470927,454.19255603413785
7714,1.2820301153025264,3.897068984810323,453.7535300281758
7715,1.2818472077786114,3.8938058288769875,453.3149177815406
7716,1.2816643649769879,3.8905448609111573,452.8767189184838
7717,1.2814815868982323,3.887286079677706,452.43893306358194
7718,1.2812988735429198,3.884029483942017,452.0015598417356
7719,1.281116224911624,3.880775072470442,451.56459887816675
7720,1.2809336410049175,3.8775228440297385,451.1280497984223
7721,1.2807511218233714,3.874272797387644,450.6919122283706
7722,1.2805686673675554,3.87102493131183,450.25618579420313
7723,1.280386277638038,3.867779244571277,449.8208701224342
7724,1.2802039526353863,3.8645357359356454,449.3859648398985
7725,1.2800216923601662,3.861294404175006,448.951469573754
7726,1.2798394968129418,3.8580552480601704,448.51738395147964
7727,1.2796573659942765,3.8548182663625212,448.08370760087496
7728,1.2794752999047316,3.851583457854379,447.6504401500619
7729,1.2792932985448677,3.8483508213084456,447.21758122748105
7730,1.2791113619152434,3.8451203554981683,446.7851304618952
7731,1.2789294900164165,3.8418920591976917,446.3530874823874
7732,1.278747682848943,3.8386659311816986,445.921451918359
7733,1.2785659404133778,3.835441970226052,445.49022339953245
7734,1.2783842627102742,3.8322201751062672,445.0594015559498
7735,1.278202649740184,3.829000544599354,444.62898601797053
7736,1.2780211015036578,3.825783077482652,444.1989764162754
7737,1.277839618001245,3.8225677725344074,443.76937238186184
7738,1.2776581992334932,3.8193546285332625,443.34017354604686
7739,1.2774768452009486,3.81614364425863,442.9113795404656
7740,1.2772955559041563,3.8129348184905476,442.48298999707
7741,1.2771143313436597,3.8097281500096587,442.0550045481308
7742,1.2769331715200007,3.806523637597484,441.62742282623645
7743,1.2767520764337201,3.8033212800359784,441.2002444642908
7744,1.276571046085357,3.8001210761078252,440.7734690955163
7745,1.2763900804754489,3.7969230245965155,440.347096353451
7746,1.2762091796045323,3.7937271242857276,439.92112587194987
7747,1.2760283434731419,3.7905333739602765,439.4955572851842
7748,1.275847572081811,3.7873417724054748,439.0703902276402
7749,1.2756668654310717,3.7841523184072727,438.6456243341206
7750,1.2754862235214541,3.7809650107522126,438.2212592397438
7751,1.2753056463534873,3.7777798482277363,437.7972945799415
7752,1.2751251339276986,3.774596829621685,437.3737299904626
7753,1.274944686244614,3.7714159537226486,436.95056510736885
7754,1.2747643033047582,3.7682372193197473,436.527799567037
7755,1.2745839851086538,3.7650606252030845,436.10543300615876
7756,1.2744037316568224,3.761886170163083,435.6834650617378
7757,1.2742235429497841,3.7587138529909465,435.26189537109303
7758,1.2740434189880574,3.755543672478773,434.8407235718561
7759,1.273863359772159,3.7523756274184814,434.4199493019717
7760,1.2736833653026043,3.7492097166036524,433.99957219969787
7761,1.2735034355799075,3.74604593882799,433.57959190360395
7762,1.2733235706045807,3.742884292885949,433.16000805257335
7763,1.2731437703771349,3.73972477757256,432.7408202858008
7764,1.2729640348980793,3.7365673916837423,432.3220282427923
7765,1.2727843641679215,3.7334121340158277,431.9036315633664
7766,1.2726047581871678,3.730259003365865,431.48562988765286
7767,1.2724252169563228,3.727107998531563,431.0680228560917
7768,1.2722457404758898,3.7239591183112033,430.65081010943504
7769,1.27206632874637,3.7208123615039477,430.2339912887443
7770,1.2718869817682636,3.717667726909615,429.81756603539213
7771,1.271707699542069,3.71452521332804,429.4015339910615
7772,1.2715284820682828,3.7113848195603967,428.98589479774427
7773,1.2713493293474003,3.708246544408206,428.5706480977425
7774,1.271170241379915,3.7051103866738955,428.15579353366826
7775,1.2709912181663192,3.7019763451602716,427.74133074844076
7776,1.2708122597071032,3.6988444186708773,427.32725938529074
7777,1.2706333660027558,3.695714606009824,426.91357908775484
7778,1.270454537053764,3.692586905982099,426.5002894996801
7779,1.2702757728606138,3.689461317393122,426.08739026522125
7780,1.2700970734237889,3.6863378390490076,425.67488102883993
7781,1.2699184387437719,3.683216469756546,425.2627614353065
7782,1.2697398688210433,3.68009720832307,424.8510311296984
7783,1.2695613636560823,3.6769800535570276,424.43968975739955
7784,1.2693829232493663,3.673865004266608,424.028736964102
7785,1.2692045476013711,3.6707520592613747,423.61817239580313
7786,1.269026236712571,3.6676412173512505,423.20799569880745
7787,1.2688479905834384,3.664532477347058,422.7982065197259
7788,1.2686698092144442,3.661425838059977,422.3888045054745
7789,1.2684916926060574,3.6583212983019546,421.9797893032752
7790,1.2683136407587459,3.6552188568855652,421.57116056065627
7791,1.2681356536729753,3.652118512623925,421.16291792544956
7792,1.2679577313492099,3.6490202643310754,420.75506104579307
7793,1.2677798737879118,3.645924110821423,420.3475895701287
7794,1.267602080989542,3.6428300509101144,419.9405031472037
7795,1.26742435295456,3.639738083413081,419.5338014260687
7796,1.2672466896834227,3.6366482071464525,419.127484056078
7797,1.2670690911765858,3.6335604209274353,418.72155068689074
7798,1.2668915574345037,3.630474723573737,418.3160009684689
7799,1.2667140884576282,3.627391113903716,417.9108345510772
7800,1.26653668424641,3.6243095907362703,417.50605108528447
7801,1.2663593448012982,3.621230152891179,417.10165022196065
7802,1.2661820701227395,3.6181527991886253,416.6976316122798
7803,1.2660048602111795,3.6150775284495404,416.29399490771755
7804,1.2658277150670618,3.612004339495365,415.8907397600507
7805,1.2656506346908283,3.6089332311484386,415.4878658213591
7806,1.265473619082919,3.6058642022315275,415.08537274402386
7807,1.2652966682437723,3.6027972515680577,414.68326018072656
7808,1.2651197821738247,3.5997323779823778,414.2815277844506
7809,1.2649429608735112,3.5966695802986646,413.8801752084795
7810,1.2647662043432648,3.5936088573426903,413.47920210639774
7811,1.264589512583517,3.5905502079403804,413.07860813209055
7812,1.264412885594697,3.587493630918376,412.67839293974225
7813,1.2642363233772327,3.5844391251038745,412.2785561838378
7814,1.2640598259315499,3.5813866893249555,411.87909751916055
7815,1.2638833932580729,3.5783363224100864,411.4800166007944
7816,1.2637070253572238,3.5752880231884556,411.0813130841224
7817,1.2635307222294234,3.572241790489877,410.6829866248251
7818,1.2633544838750903,3.569197623144743,410.28503687888315
7819,1.2631783102946414,3.566155519984291,409.88746350257503
7820,1.2630022014884918,3.5631154798403983,409.4902661524767
7821,1.2628261574570547,3.560077501544963,409.0934444854628
7822,1.2626501782007415,3.5570415839311207,408.69699815870496
7823,1.2624742637199617,3.55400772583267,408.3009268296733
7824,1.2622984140151232,3.550975926083778,407.9052301561342
7825,1.2621226290866319,3.547946183519339,407.5099077961511
7826,1.2619469089348916,3.544918496974867,407.11495940808396
7827,1.2617712535603045,3.541892865286451,406.7203846505901
7828,1.2615956629632712,3.5388692872910177,406.3261831826216
7829,1.2614201371441898,3.5358477618259294,405.93235466342804
7830,1.261244676103457,3.532828287729221,405.53889875255334
7831,1.2610692798414675,3.5298108638394803,405.1458151098379
7832,1.2608939483586141,3.5267954889962,404.7531033954173
7833,1.2607186816552876,3.5237821620394465,404.36076326972113
7834,1.2605434797318769,3.5207708818093537,403.9687943934749
7835,1.2603683425887693,3.5177616471473434,403.5771964276988
7836,1.26019327022635,3.5147544568951554,403.185969033706
7837,1.2600182626450023,3.5117493098954182,402.7951118731048
7838,1.2598433198451073,3.508746204991134,402.4046246077969
7839,1.2596684418270447,3.505745141026016,402.01450689997773
7840,1.259493628591192,3.502746116844336,401.62475841213666
7841,1.2593188801379247,3.4997491312912117,401.2353788070549
7842,1.2591441964676164,3.496754183212174,400.84636774780734
7843,1.2589695775806389,3.493761271453442,400.4577248977618
7844,1.2587950234773617,3.490770394861868,400.06944992057765
7845,1.258620534158153,3.487781552285091,399.6815424802073
7846,1.258446109623378,3.484794742570915,399.29400224089426
7847,1.2582717498734013,3.4818099645682143,398.90682886717434
7848,1.2580974549085844,3.478827217126356,398.520022023875
7849,1.2579232247292873,3.475846499095233,398.13358137611397
7850,1.257749059335868,3.4728678093256247,397.74750658930077
7851,1.2575749587286822,3.469891146668679,397.36179732913615
7852,1.257400922908084,3.4669165099762487,396.97645326160955
7853,1.2572269518744255,3.4639438981008337,396.59147405300314
7854,1.2570530456280564,3.460973309895447,396.20685936988673
7855,1.2568792041693249,3.4580047442139774,395.82260887912156
7856,1.2567054274985767,3.4550381999107063,395.4387222478584
7857,1.256531715616156,3.4520736758408197,395.055199143536
7858,1.2563580685224043,3.449111170859418,394.6720392338838
7859,1.2561844862176617,3.446150683823085,394.28924218691975
7860,1.2560109687022658,3.443192213588587,393.9068076709496
7861,1.2558375159765527,3.4402357590134067,393.52473535456863
7862,1.255664128040856,3.437281318955606,393.1430249066595
7863,1.2554908048955074,3.4343288922738333,392.761675996393
7864,1.2553175465408364,3.4313784778275753,392.3806882932283
7865,1.2551443529771706,3.428430074476699,392.00006146691095
7866,1.2549712242048356,3.4254836810817895,391.61979518747427
7867,1.2547981602241547,3.4225392965039525,391.2398891252393
7868,1.2546251610354493,3.4195969196051483,390.8603429508125
7869,1.2544522266390385,3.4166565492477394,390.48115633508814
7870,1.2542793570352397,3.4137181842949995,390.10232894924565
7871,1.2541065522243677,3.4107818236101553,389.72386046475145
7872,1.2539338122067356,3.4078474660576354,389.3457505533581
7873,1.2537611369826542,3.404915110502506,388.9679988871022
7874,1.2535885265524325,3.4019847558102136,388.5906051383074
7875,1.2534159809163767,3.3990564008469097,388.21356897958213
7876,1.2532435000747917,3.3961300444792637,387.8368900838189
7877,1.2530710840279795,3.393205685574831,387.460568124196
7878,1.2528987327762406,3.3902833230015026,387.08460277417527
7879,1.252726446319873,3.3873629556279017,386.7089937075034
7880,1.2525542246591728,3.3844445823232676,386.33374059821153
7881,1.2523820677944335,3.3815282019573507,385.9588431206132
7882,1.252209975725947,3.3786138134009955,385.58430094930657
7883,1.2520379484540027,3.3757014155247607,385.21011375917305
7884,1.2518659859788879,3.372791007200553,384.8362812253769
7885,1.2516940883008878,3.3698825873006095,384.4628030233654
7886,1.2515222554202852,3.366976154698002,384.0896788288678
7887,1.251350487337361,3.364071708266185,383.7169083178967
7888,1.2511787840523938,3.361169246879316,383.3444911667469
7889,1.25100714556566,3.358268769412144,382.9724270519941
7890,1.2508355718774335,3.355370274739983,382.6007156504964
7891,1.2506640629879868,3.352473761738974,382.22935663939415
7892,1.2504926188975893,3.3495792292856343,381.8583496961071
7893,1.2503212396065086,3.346686676257196,381.4876944983379
7894,1.25014992511501,3.343796101531399,381.1173907240687
7895,1.2499786754233568,3.3409075039870433,380.74743805156277
7896,1.2498074905318095,3.3380208825026956,380.3778361593641
7897,1.249636370440627,3.3351362359582155,380.008584726296
7898,1.2494653151500656,3.3322535632338934,379.6396834314624
7899,1.2492943246603794,3.329372863210527,379.2711319542468
7900,1.2491233989718202,3.3264941347697623,378.9029299743111
7901,1.2489525380846378,3.323617376793643,378.5350771715982
7902,1.2487817419990792,3.320742588164875,378.167573226328
7903,1.2486110107153898,3.317869767766708,377.80041781900104
7904,1.2484403442338121,3.31499891448323,377.43361063039555
7905,1.2482697425545868,3.312130027198915,377.06715134156747
7906,1.2480992056779519,3.3092631047989123,376.7010396338517
7907,1.2479287336041434,3.306398146169207,376.3352751888609
7908,1.247758326333395,3.303535150195653,375.9698576884849
7909,1.2475879838659376,3.300674115765602,375.60478681489195
7910,1.2474177062020007,3.29781504176655,375.24006225052574
7911,1.2472474933418105,3.2949579270867146,374.87568367810843
7912,1.2470773452855914,3.2921027706148163,374.5116507806388
7913,1.2469072620335657,3.289249571240393,374.14796324139104
7914,1.2467372435859527,3.286398327853401,373.7846207439166
7915,1.2465672899429698,3.283549039344457,373.4216229720432
7916,1.2463974011048322,3.280701704604787,373.05896960987315
7917,1.2462275770717521,3.2778563225261506,372.696660341786
7918,1.24605781784394,3.2750128920011323,372.33469485243495
7919,1.245888123421604,3.2721714119227014,371.97307282674967
7920,1.245718493804949,3.2693318811847143,371.61179394993457
7921,1.2455489289941786,3.2664942986809287,371.2508579074682
7922,1.2453794289894933,3.263658663306566,370.89026438510376
7923,1.2452099937910914,3.2608249739570057,370.5300130688698
7924,1.245040623399169,3.2579932295283087,370.17010364506694
7925,1.24487131781392,3.255163428917148,369.81053580027157
7926,1.2447020770355348,3.252335571020715,369.45130922133194
7927,1.2445329010642026,3.2495096547370363,369.0924235953713
7928,1.2443637899001097,3.246685678964517,368.7338786097855
7929,1.2441947435434397,3.243863642602211,368.375673952242
7930,1.2440257619943744,3.2410435445498327,368.0178093106828
7931,1.2438568452530927,3.2382253837075807,367.66028437332216
7932,1.243687993319771,3.2354091589766796,367.3030988286453
7933,1.243519206194584,3.2325948692581314,366.94625236541094
7934,1.2433504838777028,3.2297825134542273,366.58974467264835
7935,1.2431818263692966,3.226972090467582,366.2335754396596
7936,1.2430132336695325,3.224163599201633,365.8777443560176
7937,1.2428447057785748,3.221357038560185,365.522251111566
7938,1.242676242696585,3.2185524074477256,365.16709539642034
7939,1.2425078444237225,3.215749704769338,364.8122769009656
7940,1.2423395109601443,3.212948929430637,364.45779531585873
7941,1.2421712423060045,3.210150080338047,364.1036503320261
7942,1.242003038461455,3.2073531563983737,363.74984164066376
7943,1.2418348994266453,3.204558156519104,363.39636893323865
7944,1.241666825201722,3.2017650796082413,363.04323190148676
7945,1.2414988157868294,3.198973924574805,362.69043023741324
7946,1.2413308711821094,3.1961846903275903,362.337963633293
7947,1.2411629913877011,3.1933973757766685,361.985831781669
7948,1.2409951764037412,3.190611979832501,361.6340343753541
7949,1.240827426230364,3.187828501406098,361.28257110742953
7950,1.2406597408677011,3.1850469394092387,360.93144167124325
7951,1.2404921203158814,3.1822672927541205,360.5806457604131
7952,1.2403245645750316,3.179489560353589,360.2301830688246
7953,1.2401570736452754,3.1767137411210133,359.88005329062946
7954,1.2399896475267342,3.1739398339705875,359.53025612024857
7955,1.239822286219527,3.171167837816869,359.180791252369
7956,1.2396549897237699,3.168397751575093,358.8316583819449
7957,1.2394877580395762,3.1656295741612883,358.4828572041982
7958,1.2393205911670573,3.1628633044913825,358.1343874146156
7959,1.2391534891063214,3.160098941482745,357.7862487089517
7960,1.2389864518574742,3.157336484052916,357.43844078322667
7961,1.238819479420619,3.154575931120075,357.090963333726
7962,1.2386525717958565,3.151817281602956,356.7438160570025
7963,1.2384857289832845,3.149060534421085,356.3969986498721
7964,1.2383189509829984,3.1463056884943597,356.050510809418
7965,1.2381522377950906,3.14355274274336,355.70435223298784
7966,1.2379855894196514,3.140801696089225,355.35852261819355
7967,1.237819005856768,3.1380525474536567,355.0130216629119
7968,1.237652487106525,3.135305295759132,354.667849065285
7969,1.2374860331690047,3.132559939928706,354.32300452371766
7970,1.2373196440442864,3.1298164788855107,353.97848773687974
7971,1.2371533197324467,3.1270749115537835,353.6342984037041
7972,1.2369870602335595,3.1243352368583728,353.2904362233875
7973,1.2368208655476964,3.121597453724496,352.94690089539034
7974,1.236654735674926,3.1188615610780346,352.60369211943544
7975,1.2364886706153142,3.1161275578454712,352.26080959550876
7976,1.236322670368924,3.1133954429537996,351.91825302385945
7977,1.2361567349358162,3.1106652153307897,351.5760221049981
7978,1.2359908643160484,3.1079368739046234,351.2341165396987
7979,1.235825058509676,3.1052104176041255,350.89253602899583
7980,1.235659317516751,3.1024858453586233,350.55128027418743
7981,1.2354936413373232,3.0997631560982817,350.2103489768321
7982,1.2353280299714393,3.097042348753801,349.86974183874986
7983,1.2351624834191435,3.0943234222559575,349.52945856202217
7984,1.2349970016804772,3.0916063755367214,349.18949884899166
7985,1.234831584755479,3.0888912075283543,348.849862402261
7986,1.2346662326441846,3.086177917163946,348.5105489246939
7987,1.2345009453466274,3.083466503376938,348.17155811941416
7988,1.2343357228628373,3.0807569651014304,347.832889689806
7989,1.234170565192842,3.0780493012720513,347.4945433395134
7990,1.2340054723366662,3.0753435108242053,347.15651877243954
7991,1.2338404442943318,3.0726395926936982,346.81881569274765
7992,1.233675481065858,3.069937545816951,346.4814338048604
7993,1.2335105826512607,3.0672373691310013,346.14437281345846
7994,1.2333457490505537,3.064539061573596,345.80763242348274
7995,1.2331809802637475,3.061842622082665,345.4712123401313
7996,1.2330162762908499,3.059148049597111,345.13511226886146
7997,1.232851637131866,3.0564553430562973,344.7993319153893
7998,1.232687062786798,3.0537645014000945,344.4638709856875
7999,1.2325225532556452,3.05107552356918,344.12872918598754
8000,1.2323581085384039,3.048388408504575,343.79390622277793
8001,1.2321937286350675,3.0457031551482396,343.4594018028049
8002,1.232029413545627,3.043019762441915,343.125215633071
8003,1.2318651632700701,3.040338229328651,342.7913474208373
8004,1.2317009778083818,3.0376585547520136,342.45779687362005
8005,1.2315368571605443,3.034980737655747,342.1245636991924
8006,1.2313728013265366,3.0323047769850495,341.7916476055846
8007,1.231208810306335,3.0296306716842274,341.4590483010824
8008,1.231044884099913,3.0269584206999514,341.12676549422633
8009,1.230881022707241,3.024288022977714,340.79479889381514
8010,1.2307172261282866,3.0216194774652108,340.463148208901
8011,1.2305534943630143,3.018952783109138,340.131813148791
8012,1.2303898274113858,3.0162879388582993,339.8007934230495
8013,1.23022622527336,3.013624943661064,339.4700887414937
8014,1.2300626879488925,3.010963796466212,339.1396988141964
8015,1.2298992154379362,3.008304496224329,338.8096233514837
8016,1.2297358077404412,3.005647041884941,338.4798620639376
8017,1.2295724648563544,3.002991432399924,338.15041466239313
8018,1.2294091867856196,3.0003376667199753,337.82128085793823
8019,1.229245973528178,2.9976857437979874,337.4924603619165
8020,1.2290828250839676,2.995035662585856,337.16395288592327
8021,1.2289197414529234,2.9923874220375546,336.8357581418072
8022,1.2287567226349774,2.989741021106302,336.5078758416711
8023,1.2285937686300585,2.987096458747208,336.18030569786924
8024,1.228430879438093,2.9844537339143593,335.8530474230085
8025,1.2282680550590037,2.981812845564366,335.5261007299491
8026,1.2281052954927107,2.9791737926528388,335.1994653318026
8027,1.227942600739131,2.9765365741361083,334.87314094193187
8028,1.2277799707981785,2.973901188972252,334.54712727395344
8029,1.2276174056697642,2.9712676361183554,334.2214240417337
8030,1.2274549053537958,2.9686359145336088,333.8960309593908
8031,1.2272924698501781,2.9660060231762775,333.57094774129337
8032,1.2271300991588132,2.963377961006568,333.2461741020627
8033,1.2269677932795995,2.9607517269841352,332.92170975656893
8034,1.2268055522124326,2.9581273200703446,332.59755441993303
8035,1.226643375957205,2.955504739225733,332.2737078075278
8036,1.2264812645138063,2.9528839834129306,331.950169634974
8037,1.2263192178821227,2.9502650515936146,331.6269396181426
8038,1.2261572360620376,2.947647942731586,331.30401747315614
8039,1.225995319053431,2.945032655790035,330.9814029163845
8040,1.2258334668561799,2.9424191897327323,330.65909566444697
8041,1.2256716794701585,2.9398075435250575,330.3370954342137
8042,1.2255099568952375,2.937197716131785,330.01540194280176
8043,1.2253482991312845,2.934589706519422,329.6940149075769
8044,1.225186706178164,2.931983513653653,329.3729340461552
8045,1.2250251780357377,2.9293791365022437,329.05215907639905
8046,1.2248637147038637,2.9267765740320058,328.73168971641957
8047,1.2247023161823969,2.9241758252118437,328.4115256845749
8048,1.2245409824711893,2.9215768890097213,328.0916666994728
8049,1.2243797135700898,2.918979764395673,327.7721124799665
8050,1.224218509478944,2.9163844503390384,327.4528627451564
8051,1.224057370197594,2.91379094581012,327.1339172143919
8052,1.2238962957258794,2.911199249780532,326.8152756072673
8053,1.223735286063636,2.9086093612210613,326.4969376436235
8054,1.2235743412106965,2.9060212791045967,326.1789030435494
8055,1.2234134611668908,2.903435002403062,325.8611715273785
8056,1.2232526459320452,2.9008505300904592,325.54374281569056
8057,1.2230918955059826,2.898267861139868,325.2266166293124
8058,1.2229312098885234,2.895686994526414,324.90979268931466
8059,1.222770589079484,2.8931079292241626,324.593270717014
8060,1.222610033078678,2.890530664209649,324.277050433973
8061,1.2224495418859154,2.8879551984580707,323.96113156199857
8062,1.2222891155010034,2.8853815309468116,323.6455138231421
8063,1.2221287539237455,2.882809660652723,323.3301969396996
8064,1.2219684571539424,2.8802395865531953,323.01518063421264
8065,1.221808225191391,2.8776713076273097,322.7004646294657
8066,1.2216480580358853,2.875104822853225,322.3860486484871
8067,1.2214879556872158,2.8725401312111507,322.0719324145503
8068,1.22132791814517,2.869977231680249,321.75811565117095
8069,1.2211679454095314,2.867416123242076,321.4445980821083
8070,1.2210080374800811,2.86485680487696,321.131379431366
8071,1.2208481943565965,2.862299275567328,320.81845942318927
8072,1.2206884160388516,2.8597435342947173,320.5058377820659
8073,1.220528702526617,2.8571895800427134,320.19351423272803
8074,1.2203690538196599,2.8546374117939735,319.88148850014846
8075,1.2202094699177446,2.8520870285331883,319.5697603095427
8076,1.2200499508206317,2.849538429244527,319.25832938636785
8077,1.2198904965280786,2.84699161291256,318.94719545632427
8078,1.2197311070398391,2.8444465785239257,318.63635824535226
8079,1.219571782355664,2.8419033250639503,318.3258174796337
8080,1.2194125224753003,2.839361851520161,318.0155728855927
8081,1.219253327398492,2.836822156879114,317.70562418989323
8082,1.2190941971249796,2.834284240129427,317.3959711194401
8083,1.2189351316544998,2.831748100258821,317.0866134013802
8084,1.2187761309867868,2.829213736257013,316.77755076309865
8085,1.2186171951215705,2.8266811471128315,316.46878293222164
8086,1.2184583240585778,2.8241503318169947,316.16030963661643
8087,1.218299517797532,2.821621289359695,315.8521306043883
8088,1.218140776338153,2.8190940187327627,315.54424556388267
8089,1.2179820996801576,2.816568518927625,315.2366542436855
8090,1.2178234878232588,2.8140447889362497,314.92935637262065
8091,1.217664940767166,2.8115228277522744,314.62235167975103
8092,1.2175064585115856,2.809002634368417,314.3156398943785
8093,1.2173480410562203,2.8064842077794356,314.00922074604455
8094,1.2171896884007694,2.8039675469791443,313.7030939645277
8095,1.2170314005449285,2.8014526509632915,313.3972592798446
8096,1.21687317748839,2.7989395187270696,313.09171642225175
8097,1.2167150192308427,2.7964281492673146,312.78646512224145
8098,1.2165569257719717,2.793918541580078,312.4815051105441
8099,1.216398897111459,2.791410694663452,312.1768361181286
8100,1.2162409332489827,2.788904607514946,311.8724578762
8101,1.2160830341842177,2.7864002791326614,311.5683701161996
8102,1.215925199916835,2.7838977085163252,311.2645725698086
8103,1.2157674304465025,2.7813968946647765,310.9610649689414
8104,1.2156097257728842,2.7788978365787096,310.6578470457502
8105,1.2154520858956408,2.7764005332583293,310.3549185326243
8106,1.2152945108144293,2.773904983705437,310.05227916218803
8107,1.2151370005289033,2.771411186921087,309.7499286673018
8108,1.2149795550387126,2.768919141908317,309.44786678106084
8109,1.2148221743435035,2.7664288476692835,309.14609323679827
8110,1.2146648584429187,2.7639403032081233,308.84460776807975
8111,1.2145076073365977,2.7614535075280915,308.5434101087073
8112,1.2143504210241758,2.7589684596344384,308.2424999927186
8113,1.2141932995052849,2.75648515853176,307.94187715438443
8114,1.2140362427795535,2.754003603225542,307.64154132821017
8115,1.2138792508466063,2.7515237927225913,307.3414922489375
8116,1.2137223237060646,2.7490457260289016,307.04172965154027
8117,1.2135654613575457,2.746569402152457,306.742253271226
8118,1.2134086638006634,2.744094820100372,306.44306284343793
8119,1.213251931035028,2.7416219788817497,306.144158103851
8120,1.213095263060246,2.7391508775047675,305.84553878837374
8121,1.2129386598759204,2.7366815149796455,305.5472046331493
8122,1.2127821214816503,2.734213890315542,305.2491553745519
8123,1.2126256478770314,2.73174800252398,304.95139074918956
8124,1.2124692390616554,2.7292838506152424,304.6539104939019
8125,1.2123128950351105,2.726821433601709,304.3567143457627
8126,1.2121566157969814,2.7243607504952254,304.0598020420765
8127,1.2120004013468488,2.7219018003082,303.7631733203793
8128,1.2118442516842898,2.7194445820546393,303.4668279184409
8129,1.2116881668088775,2.7169890947476816,303.1707655742613
8130,1.2115321467201818,2.7145353374024213,302.8749860260713
8131,1.2113761914177685,2.7120833090329883,302.57948901233533
8132,1.2112203009012,2.7096330086557923,302.2842742717465
8133,1.2110644751700343,2.707184435286051,301.98934154322876
8134,1.2109087142238264,2.7047375879410454,301.69469056593897
8135,1.210753018062127,2.702292465637191,301.40032107926254
8136,1.2105973866844837,2.699849067392827,301.10623282281466
8137,1.2104418200904394,2.6974073922258546,300.812425536443
8138,1.210286318279534,2.6949674391546368,300.51889896022305
8139,1.2101308812513032,2.6925292071991827,300.2256528344606
8140,1.209975509005279,2.6900926953785147,299.9326868996904
8141,1.2098202015409898,2.6876579027139593,299.64000089667815
8142,1.2096649588579598,2.685224828225593,299.34759456641694
8143,1.2095097809557096,2.6827934709356027,299.055467650129
8144,1.2093546678337561,2.6803638298652883,298.7636198892667
8145,1.2091996194916121,2.6779359040379096,298.4720510255097
8146,1.209044635928787,2.675509692475839,298.18076080076577
8147,1.2088897171447857,2.6730851942034293,297.88974895717257
8148,1.2087348631391097,2.6706624082441404,297.5990152370937
8149,1.2085800739112569,2.668241333623274,297.3085593831213
8150,1.2084253494607204,2.665821969365972,297.0183811380763
8151,1.2082706897869906,2.663404314497559,296.7284802450054
8152,1.208116094889553,2.660988368045054,296.4388564471826
8153,1.2079615647678899,2.6585741290346645,296.14950948811077
8154,1.2078070994214793,2.6561615964944756,295.8604391115176
8155,1.2076526988497955,2.6537507694517566,295.5716450613586
8156,1.2074983630523088,2.6513416469356863,295.28312708181465
8157,1.2073440920284857,2.648934227974612,294.9948849172946
8158,1.2071898857777887,2.6465285115987793,294.70691831243204
8159,1.2070357442996764,2.64412449683749,294.4192270120865
8160,1.2068816675936034,2.6417221827223285,294.1318107613445
8161,1.2067276556590203,2.6393215682836595,293.84466930551685
8162,1.2065737084953738,2.6369226525538703,293.5578023901396
8163,1.2064198261021069,2.6345254345649045,293.2712097609755
8164,1.206266008478658,2.632129913349205,292.9848911640107
8165,1.2061122556244623,2.629736087940756,292.6988463454563
8166,1.2059585675389504,2.6273439573727777,292.4130750517494
8167,1.2058049442215493,2.6249535206803363,292.12757702954985
8168,1.2056513856716817,2.622564776897564,291.84235202574223
8169,1.2054978918887667,2.6201777250608513,291.5573997874361
8170,1.205344462872219,2.617792364205425,291.27272006196404
8171,1.2051910986214494,2.615408693368473,290.98831259688194
8172,1.2050377991358647,2.613026711586408,290.7041771399693
8173,1.2048845644148678,2.6106464178975304,290.42031343923037
8174,1.2047313944578573,2.608267811339295,290.136721242891
8175,1.2045782892642278,2.60589089095105,289.85340029939977
8176,1.20442524883337,2.603515655771679,289.57035035742985
8177,1.2042722731646704,2.6011421048404686,289.2875711658751
8178,1.2041193622575117,2.5987702371985977,289.0050624738519
8179,1.203966516111272,2.5964000518860897,288.7228240307004
8180,1.2038137347253257,2.5940315479449674,288.4408555859813
8181,1.203661018099043,2.591664724416408,288.1591568894771
8182,1.2035083662317902,2.5892995803435235,287.87772769119334
8183,1.2033557791229292,2.5869361147685512,287.59656774135544
8184,1.2032032567718178,2.5845743267356447,287.3156767904104
8185,1.2030507991778099,2.5822142152881216,287.0350545890276
8186,1.2028984063402552,2.5798557794710875,286.7547008880957
8187,1.202746078258499,2.5774990183294757,286.474615438725
8188,1.2025938149318829,2.5751439309084323,286.19479799224547
8189,1.202441616359744,2.5727905162547544,285.9152483002092
8190,1.2022894825414152,2.570438773414417,285.6359661143866
8191,1.2021374134762257,2.568088701435263,285.35695118676824
8192,1.2019854091635,2.5657402993643488,285.07820326956625
8193,1.2018334696025585,2.5633935662505607,284.79972211521044
8194,1.2016815947927177,2.5610485011420074,284.5215074763507
8195,1.2015297847332898,2.5587051030885424,284.2435591058568
8196,1.2013780394235827,2.556363371139533,283.96587675681667
8197,1.2012263588629,2.554023304345886,283.68846018253714
8198,1.2010747430505413,2.551684901757824,283.411309136545
8199,1.2009231919858019,2.5493481624273966,283.1344233725843
8200,1.2007717056679728,2.5470130854062223,282.8578026446177
8201,1.2006202840963407,2.544679669746404,282.58144670682594
8202,1.200468927270188,2.542347914501619,282.3053553136088
8203,1.2003176351887934,2.5400178187246856,282.02952821958246
8204,1.2001664078514307,2.537689381470218,281.75396517958103
8205,1.2000152452573696,2.535362601792308,281.47866594865695
8206,1.1998641474058755,2.533037478746622,281.20363028207885
8207,1.1997131142962096,2.530714011388079,280.92885793533287
8208,1.1995621459276289,2.5283921987735134,280.65434866412255
8209,1.199411242299386,2.526072039958901,280.3801022243675
8210,1.1992604034107288,2.5237535340020925,280.1061183722033
8211,1.1991096292609018,2.5214366799601353,279.8323968639836
8212,1.1989589198491444,2.519121476891924,279.55893745627696
8213,1.1988082751746916,2.5168079238557737,279.28573990586744
8214,1.1986576952367747,2.5144960199108652,279.01280396975693
8215,1.19850718003462,2.512185764117536,278.74012940516116
8216,1.19835672956745,2.5098771555354515,278.4677159695119
8217,1.1982063438344823,2.5075701932261243,278.19556342045564
8218,1.1980560228349306,2.505264876250268,277.9236715158554
8219,1.197905766568004,2.5029612036704147,277.65204001378805
8220,1.1977555750329072,2.5006591745483395,277.3806686725445
8221,1.1976054482288405,2.4983587879476232,277.1095572506321
8222,1.197455386155,2.4960600429309667,276.83870550677153
8223,1.197305388810577,2.493762938563194,276.56811319989686
8224,1.1971554561947584,2.4914674739083895,276.297780089158
8225,1.1970055883067272,2.489173648031223,276.02770593391745
8226,1.1968557851456616,2.4868814599978912,275.75789049375095
8227,1.1967060467107353,2.484590908873809,275.4883335284498
8228,1.196556373001118,2.482301993726191,275.2190347980163
8229,1.1964067640159741,2.4800147136214754,274.9499940626671
8230,1.1962572197544643,2.477729067627939,274.68121108283174
8231,1.1961077402157445,2.4754450548129454,274.41268561915217
8232,1.195958325398966,2.4731626742460144,274.14441743248346
8233,1.1958089753032761,2.4708819249955436,273.87640628389187
8234,1.1956596899278171,2.4686028061318988,273.60865193465787
8235,1.1955104692717269,2.4663253167245975,273.3411541462727
8236,1.195361313334139,2.4640494558450188,273.07391268043887
8237,1.1952122221141825,2.4617752225640945,272.80692729907275
8238,1.1950631956109818,2.4595026159532454,272.54019776430044
8239,1.1949142338236567,2.4572316350853627,272.27372383845915
8240,1.1947653367513225,2.4549622790325283,272.0075052840994
8241,1.19461650439309,2.4526945468688632,271.7415418639808
8242,1.1944677367480656,2.450428437667444,271.4758333410738
8243,1.1943190338153509,2.448163950503264,271.21037947856115
8244,1.1941703955940428,2.445901084450507,270.94518003983427
8245,1.1940218220832342,2.443639838585185,270.68023478849557
8246,1.1938733132820127,2.4413802119825383,270.41554348835814
8247,1.1937248691894617,2.4391222037195974,270.1511059034443
8248,1.1935764898046601,2.4368658128726297,269.8869217979865
8249,1.1934281751266818,2.4346110385195874,269.622990936426
8250,1.1932799251545962,2.432357879738297,269.35931308341515
8251,1.1931317398874683,2.430106335606769,269.095888003814
8252,1.1929836193243584,2.427856405204612,268.8327154626922
8253,1.192835563464322,2.4256080876106627,268.56979522532873
8254,1.1926875723064099,2.4233613819055386,268.3071270572108
8255,1.1925396458496684,2.4211162871690894,268.0447107240337
8256,1.1923917840931393,2.4188728024829738,267.7825459917025
8257,1.1922439870358594,2.41663092692808,267.52063262632953
8258,1.192096254676861,2.41439065958695,267.25897039423455
8259,1.1919485870151714,2.4121519995417176,266.99755906194713
8260,1.1918009840498136,2.4099149458759586,266.73639839620256
8261,1.1916534457798056,2.407679497672597,266.47548816394425
8262,1.191505972204161,2.405445654016353,266.2148281323236
8263,1.1913585633218884,2.403213413991488,265.9544180686986
8264,1.1912112191319917,2.400982776682775,265.6942577406342
8265,1.1910639396334701,2.398753741176458,265.43434691590164
8266,1.190916724825318,2.3965263065580062,265.17468536248066
8267,1.1907695747065254,2.394300471914588,264.9152728485555
8268,1.190622489276077,2.3920762363328816,264.65610914251715
8269,1.190475468532953,2.389853598901084,264.397194012964
8270,1.190328512476129,2.3876325587066822,264.1385272286988
8271,1.1901816211045753,2.3854131148389706,263.88010855873034
8272,1.1900347944172578,2.3831952663864953,263.62193777227446
8273,1.1898880324131376,2.3809790124395445,263.36401463875075
8274,1.1897413350911707,2.378764352087968,263.1063389277841
8275,1.1895947024503086,2.3765512844221557,262.84891040920616
8276,1.1894481344894978,2.374339808533814,262.5917288530519
8277,1.18930163120768,2.372129923514216,262.33479402956124
8278,1.1891551926037922,2.369921628456079,262.07810570917974
8279,1.1890088186767662,2.367714922451504,261.8216636625561
8280,1.1888625094255294,2.365509804594307,261.565467660544
8281,1.1887162648490037,2.3633062739776034,261.30951747420056
8282,1.1885700849461067,2.3611043296962295,261.053812874788
8283,1.188423969715751,2.3589039708442874,260.7983536337708
8284,1.1882779191568442,2.3567051965176384,260.54313952281757
8285,1.188131933268289,2.3545080058112915,260.2881703138011
8286,1.187986012048983,2.3523123978223195,260.0334457787963
8287,1.187840155497819,2.350118371647039,259.778965690081
8288,1.1876943636136856,2.3479259263823993,259.5247298201375
8289,1.1875486363954653,2.345735061126769,259.27073794164914
8290,1.1874029738420362,2.34354577497778,259.01698982750196
8291,1.1872573759522718,2.341358067034814,258.76348525078555
8292,1.1871118427250398,2.3391719363964993,258.51022398479085
8293,1.1869663741592038,2.3369873821632163,258.2572058030099
8294,1.1868209702536219,2.334804403434513,258.00443047913893
8295,1.1866756310071473,2.332622999311977,257.751897787074
8296,1.1865303564186283,2.330443168896139,257.499607500913
8297,1.1863851464869082,2.328264911289396,257.24755939495503
8298,1.1862400012108252,2.3260882255933923,256.9957532437017
8299,1.1860949205892124,2.3239131109115103,256.744188821854
8300,1.1859499046208983,2.321739566346702,256.4928659043142
8301,1.185804953304706,2.3195675910024423,256.24178426618613
8302,1.1856600666394534,2.3173971839836054,255.99094368277306
8303,1.1855152446239539,2.3152283443942365,255.74034392957861
8304,1.1853704872570154,2.3130610713404236,255.4899847823078
8305,1.185225794537441,2.310895363927215,255.23986601686428
8306,1.1850811664640284,2.3087312212614712,254.98998740935164
8307,1.1849366030355706,2.306568642449363,254.74034873607434
8308,1.1847921042508551,2.3044076265987457,254.4909497735352
8309,1.1846476701086648,2.3022481728167765,254.24179029843623
8310,1.1845033006077772,2.3000902802123044,253.99287008767988
8311,1.1843589957469645,2.297933947893486,253.74418891836652
8312,1.184214755524994,2.2957791749700744,253.49574656779563
8313,1.1840705799406281,2.2936259605517035,253.24754281346478
8314,1.1839264689926237,2.2914743037482097,252.9995774330714
8315,1.1837824226797324,2.289324203670952,252.75185020451008
8316,1.1836384410007013,2.2871756594305443,252.5043609058736
8317,1.1834945239542718,2.285028670139327,252.25710931545404
8318,1.1833506715391802,2.2828832349089168,252.0100952117395
8319,1.1832068837541578,2.280739352852635,251.7633183734165
8320,1.1830631605979307,2.2785970230830963,251.51677857937003
8321,1.1829195020692194,2.276456244714527,251.2704756086809
8322,1.1827759081667397,2.2743170168607016,251.0244092406274
8323,1.182632378889202,2.2721793386368327,250.7785792546861
8324,1.1824889142353112,2.2700432091578113,250.53298543052875
8325,1.1823455142037675,2.267908627539023,250.28762754802466
8326,1.1822021787932657,2.2657755928972443,250.04250538723903
8327,1.182058908002495,2.2636441043485425,249.79761872843446
8328,1.1819157018301396,2.261514161010688,249.55296735206886
8329,1.1817725602748785,2.259385762000732,249.30855103879583
8330,1.1816294833353853,2.2572589064373356,249.06436956946627
8331,1.1814864710103283,2.255133593438724,248.82042272512527
8332,1.1813435232983707,2.253009822124525,248.57671028701375
8333,1.18120064019817,2.2508875916137843,248.33323203656897
8334,1.1810578217083791,2.2487669010272078,248.08998775542236
8335,1.180915067827645,2.2466477494847887,247.84697722540017
8336,1.1807723785546094,2.2445301361082386,247.6042002285247
8337,1.1806297538879087,2.242414060018836,247.361656547012
8338,1.1804871938261743,2.2402995203383704,247.11934596327234
8339,1.180344698368032,2.2381865161898973,246.87726825991177
8340,1.180202267512102,2.236075046696084,246.63542321972935
8341,1.1800599012569997,2.2339651109809475,246.39381062571846
8342,1.1799175996013347,2.231856708167961,246.15243026106594
8343,1.1797753625437113,2.2297498373822218,245.91128190915376
8344,1.1796331900827284,2.2276444977481518,245.67036535355592
8345,1.1794910822169795,2.225540688391845,245.42968037804022
8346,1.1793490389450527,2.2234384084387155,245.18922676656842
8347,1.179207060265531,2.2213376570158063,244.94900430329434
8348,1.1790651461769912,2.2192384332493984,244.70901277256502
8349,1.1789232966780054,2.2171407362677304,244.469251958921
8350,1.17878151176714,2.215044565198357,244.2297216470943
8351,1.178639791442956,2.212949919169392,243.9904216220093
8352,1.178498135704009,2.2108567973103495,243.7513516687842
8353,1.1783565445488486,2.2087651987500236,243.51251157272768
8354,1.1782150179760198,2.206675122618898,243.27390111934034
8355,1.1780735559840614,2.204586568046753,243.03552009431624
8356,1.177932158571507,2.2024995341650313,242.7973682835392
8357,1.1777908257368848,2.2004140201043816,242.55944547308533
8358,1.1776495574787171,2.19833002499741,242.32175144922144
8359,1.177508353795521,2.196247547975747,242.08428599840687
8360,1.1773672146858083,2.194166588172762,241.84704890729026
8361,1.1772261401480846,2.1920871447214414,241.61003996271154
8362,1.1770851301808505,2.1900092167552696,241.37325895170224
8363,1.1769441847826008,2.1879328034090593,241.13670566148315
8364,1.1768033039518249,2.185857903816954,240.90037987946553
8365,1.1766624876870062,2.1837845171147516,240.66428139325188
8366,1.1765217359866231,2.1817126424374846,240.42840999063355
8367,1.1763810488491484,2.17964227892207,240.19276545959156
8368,1.1762404262730486,2.177573425704512,239.95734758829815
8369,1.1760998682567854,2.1755060819225225,239.72215616511355
8370,1.1759593747988144,2.173440246713144,239.48719097858748
8371,1.1758189458975856,2.171375919215068,239.25245181746004
8372,1.1756785815515436,2.1693130985662927,239.01793847065935
8373,1.1755382817591273,2.167251783906456,238.7836507273025
8374,1.17539804651877,2.165191974374825,238.54958837669494
8375,1.1752578758288987,2.16313366911105,238.31575120833202
8376,1.1751177696879358,2.1610768672563867,238.0821390118965
8377,1.1749777280942975,2.1590215679511493,237.84875157725884
8378,1.1748377510463939,2.156967770337403,237.6155886944793
8379,1.17469783854263,2.1549154735565015,237.38265015380443
8380,1.1745579905814052,2.1528646767514346,237.14993574566884
8381,1.1744182071611124,2.15081537906455,236.91744526069607
8382,1.1742784882801398,2.148767579639801,236.6851784896955
8383,1.174138833936869,2.1467212776204665,236.4531352236639
8384,1.1739992441296763,2.144676472151378,236.2213152537867
8385,1.173859718856932,2.142633162376943,235.9897183714349
8386,1.173720258117001,2.1405913474429537,235.75834436816615
8387,1.1735808619082422,2.138551026494885,235.52719303572616
8388,1.1734415302290089,2.136512198678713,235.296264166046
8389,1.1733022630776484,2.1344748631417123,235.0655575512434
8390,1.1731630604525023,2.1324390190305245,234.83507298362176
8391,1.1730239223519063,2.1304046654934026,234.6048102556719
8392,1.1728848487741905,2.1283718016779227,234.37476916006918
8393,1.172745839717679,2.126340426733193,234.14494948967467
8394,1.1726068951806905,2.1243105398079383,233.91535103753648
8395,1.1724680151615372,2.122282140052204,233.68597359688656
8396,1.1723291996585259,2.1202552266154826,233.45681696114215
8397,1.1721904486699573,2.1182297986488647,233.227880923907
8398,1.1720517621941264,2.1162058553028023,232.99916527896863
8399,1.1719131402293224,2.114183395729315,232.7706698202989
8400,1.1717745827738284,2.112162419080097,232.5423943420559
8401,1.171636089825922,2.1101429245072763,232.31433863858084
8402,1.1714976613838741,2.1081249111642313,232.08650250439928
8403,1.1713592974459508,2.1061083782039427,231.8588857342223
8404,1.1712209980104114,2.1040933247807363,231.63148812294335
8405,1.1710827630755096,2.1020797500483663,231.40430946564035
8406,1.1709445926394935,2.1000676531621685,231.17734955757464
8407,1.1708064867006045,2.0980570332768598,230.9506081941922
8408,1.1706684452570788,2.096047889548725,230.72408517112117
8409,1.170530468307146,2.094040221133417,230.4977802841729
8410,1.1703925558490305,2.0920340271881583,230.27169332934287
8411,1.1702547078809498,2.0900293068697415,230.04582410280855
8412,1.170116924401116,2.088026059335666,229.82017240093006
8413,1.1699792054077354,2.0860242837445107,229.59473802025133
8414,1.1698415508990077,2.0840239792542574,229.36952075749747
8415,1.1697039608731268,2.08202514502449,229.14452040957588
8416,1.1695664353282809,2.080027780214163,228.91973677357743
8417,1.1694289742626518,2.078031883983797,228.69516964677362
8418,1.1692915776744155,2.076037455493251,228.4708188266179
8419,1.1691542455617416,2.0740444939040223,228.24668411074651
8420,1.1690169779227941,2.072052998376815,228.02276529697622
8421,1.168879774755731,2.0700629680742098,227.7990621833052
8422,1.1687426360587032,2.068074402157871,227.57557456791287
8423,1.1686055618298568,2.0660872997911355,227.35230224916046
8424,1.1684685520673312,2.06410166013697,227.12924502558923
8425,1.1683316067692597,2.0621174823588126,226.90640269592134
8426,1.1681947259337695,2.0601347656213895,226.6837750590602
8427,1.1680579095589818,2.058153509088809,226.46136191408905
8428,1.1679211576430117,2.0561737119267205,226.2391630602711
8429,1.167784470183968,2.054195373300078,226.0171782970509
8430,1.1676478471799532,2.052218492375645,225.79540742405212
8431,1.1675112886290642,2.0502430683192934,225.57385024107774
8432,1.167374794529391,2.04826910029856,225.3525065481122
8433,1.1672383648790183,2.046296587480332,225.1313761453179
8434,1.167101999676024,2.04432552903306,224.91045883303667
8435,1.1669656989184796,2.0423559241245757,224.68975441179097
8436,1.166829462604451,2.0403877719242662,224.469262682281
8437,1.166693290731998,2.038421071601144,224.24898344538624
8438,1.1665571832991732,2.036455822324629,224.02891650216452
8439,1.1664211403040239,2.0344920232656647,223.80906165385377
8440,1.1662851617445908,2.032529673594308,223.58941870186894
8441,1.1661492476189086,2.03056877248225,223.36998744780354
8442,1.1660133979250051,2.028609319100586,223.15076769343003
8443,1.1658776126609027,2.0266513126219303,222.93175924069803
8444,1.165741891824617,2.0246947522182666,222.712961891735
8445,1.1656062354141572,2.022739637063163,222.4943754488473
8446,1.1654706434275266,2.02078596632954,222.27599971451764
8447,1.165335115862722,2.0188337391917752,222.0578344914062
8448,1.165199652717734,2.01688295482417,221.83987958235144
8449,1.1650642539905465,2.0149336124012103,221.62213479036802
8450,1.1649289196791377,2.0129857110987515,221.4045999186478
8451,1.164793649781479,2.0110392500920273,221.18727477055901
8452,1.1646584442955357,2.0090942285578084,220.97015914964786
8453,1.1645233032192663,2.0071506456722448,220.753252859636
8454,1.1643882265506236,2.005208500613032,220.53655570442112
8455,1.1642532142875535,2.003267792557252,220.32006748807854
8456,1.1641182664279957,2.001328520683416,220.10378801485848
8457,1.1639833829698836,1.9993906841696856,219.88771708918696
8458,1.163848563911144,1.997454282195508,219.6718545156671
8459,1.1637138092496975,1.9955193139398024,219.45620009907628
8460,1.1635791189834581,1.993585778582988,219.2407536443676
8461,1.1634444931103334,1.991653675305186,219.02551495667046
8462,1.1633099316282247,1.9897230032869349,218.81048384128835
8463,1.1631754345350267,1.9877937617100543,218.59566010369957
8464,1.1630410018286275,1.9858659497557434,218.38104354955885
8465,1.1629066335069091,1.9839395666067354,218.16663398469436
8466,1.1627723295677468,1.9820146114450534,217.95243121510902
8467,1.1626380900090094,1.9800910834545116,217.73843504698002
8468,1.1625039148285594,1.978168981818047,217.52464528665996
8469,1.1623698040242525,1.9762483057202225,217.31106174067426
8470,1.1622357575939382,1.9743290543449676,217.09768421572255
8471,1.162101775535459,1.9724112268777612,216.88451251867937
8472,1.1619678578466515,1.9704948225034378,216.6715464565918
8473,1.1618340045253452,1.968579840408366,216.45878583668042
8474,1.1617002155693636,1.9666662797785952,216.24623046634042
8475,1.161566490976523,1.9647541398005166,216.03388015313917
8476,1.1614328307446338,1.9628434196620164,215.82173470481706
8477,1.1612992348714992,1.9609341185501565,215.6097939292885
8478,1.161165703354916,1.9590262356535584,215.3980576346395
8479,1.1610322361926748,1.9571197701602683,215.18652562912916
8480,1.1608988333825592,1.955214721259831,214.97519772118977
8481,1.160765494922346,1.9533110881411861,214.76407371942523
8482,1.1606322208098059,1.9514088699947683,214.5531534326117
8483,1.1604990110427025,1.9495080660104496,214.3424366696973
8484,1.1603658656187932,1.9476086753794841,214.13192323980306
8485,1.1602327845358282,1.945710697292788,213.92161295222073
8486,1.1600997677915517,1.9438141309425367,213.71150561641366
8487,1.1599668153837006,1.9419189755206472,213.50160104201797
8488,1.1598339273100053,1.9400252302194985,213.2918990388399
8489,1.15970110356819,1.9381328942326743,213.0823994168567
8490,1.1595683441559712,1.9362419667532054,212.8731019862181
8491,1.1594356490710598,1.9343524469755882,212.66400655724357
8492,1.159303018311159,1.9324643340937289,212.45511294042313
8493,1.159170451873966,1.9305776273029607,212.24642094641882
8494,1.159037949757171,1.9286923257982544,212.0379303860619
8495,1.1589055119584575,1.9268084287758178,211.8296410703538
8496,1.1587731384755018,1.9249259354313817,211.62155281046773
8497,1.1586408293059742,1.9230448449621225,211.41366541774528
8498,1.1585085844475376,1.9211651565649248,211.20597870369872
8499,1.1583764038978484,1.9192868694370848,210.99849248000933
8500,1.1582442876545562,1.9174099827771693,210.79120655852947
8501,1.1581122357153038,1.9155344957831175,210.5841207512796
8502,1.1579802480777268,1.9136604076542814,210.37723487044977
8503,1.1578483247394546,1.9117877175896818,210.17054872839998
8504,1.1577164656981094,1.9099164247895537,209.9640621376583
8505,1.1575846709513067,1.9080465284536396,209.75777491092185
8506,1.157452940496655,1.9061780277831721,209.5516868610573
8507,1.1573212743317558,1.9043109219787786,209.34579780109917
8508,1.1571896724542041,1.9024452102425675,209.14010754425001
8509,1.157058134861588,1.9005808917760836,208.93461590388213
8510,1.1569266615514884,1.8987179657823068,208.72932269353475
8511,1.1567952525214793,1.896856431463842,208.52422772691523
8512,1.1566639077691283,1.8949962880239768,208.3193308178998
8513,1.1565326272919956,1.8931375346669528,208.11463178053134
8514,1.1564014110876344,1.8912801705965356,207.91013042902085
8515,1.1562702591535912,1.889424195017938,207.70582657774617
8516,1.1561391714874056,1.8875696071358175,207.50172004125378
8517,1.1560081480866102,1.8857164061562655,207.29781063425605
8518,1.1558771889487305,1.8838645912848233,207.09409817163245
8519,1.155746294071285,1.8820141617284751,206.89058246843055
8520,1.1556154634517857,1.8801651166935816,206.68726333986336
8521,1.1554846970877368,1.8783174553881419,206.4841406013107
8522,1.155353994976636,1.8764711770194136,206.28121406831983
8523,1.155223357115974,1.874626280796137,206.07848355660312
8524,1.1550927835032343,1.8727827659267586,205.87594888203932
8525,1.1549622741358936,1.870940631620172,205.67360986067416
8526,1.1548318290114212,1.8690998770864482,205.4714663087184
8527,1.1547014481272797,1.8672605015350974,205.26951804254827
8528,1.1545711314809242,1.865422504177098,205.0677648787068
8529,1.154440879069803,1.8635858842227628,204.8662066339014
8530,1.1543106908913576,1.8617506408840805,204.66484312500523
8531,1.154180566943022,1.859916773372257,204.46367416905636
8532,1.1540505072222234,1.8580842809000226,204.26269958325864
8533,1.153920511726381,1.8562531626795138,204.06191918498018
8534,1.1537905804529085,1.8544234179243442,203.86133279175343
8535,1.153660713399211,1.8525950458477913,203.66094022127697
8536,1.153530910562687,1.850768045663601,203.4607412914124
8537,1.153401171940728,1.8489424165866475,203.26073582018594
8538,1.1532714975307181,1.8471181578312534,203.06092362578886
8539,1.1531418873300345,1.8452952686133293,202.8613045265757
8540,1.153012341336047,1.8434737481480281,202.6618783410646
8541,1.1528828595461178,1.8416535956520206,202.462644887939
8542,1.1527534419576029,1.8398348103414135,202.26360398604422
8543,1.1526240885678503,1.8380173914337312,202.06475545438988
8544,1.152494799374201,1.8362013381459643,201.86609911214947
8545,1.152365574373989,1.834386649696501,201.6676347786589
8546,1.1522364135645407,1.8325733253032208,201.46936227341735
8547,1.1521073169431753,1.8307613641853004,201.2712814160867
8548,1.1519782845072049,1.8289507655618706,201.0733920264927
8549,1.1518493162539343,1.8271415286522685,200.8756939246228
8550,1.151720412180661,1.8253336526770625,200.67818693062674
8551,1.1515915722846755,1.8235271368563064,200.48087086481775
8552,1.1514627965632602,1.8217219804114249,200.2837455476706
8553,1.151334085013691,1.819918182563332,200.0868107998217
8554,1.1512054376332361,1.8181157425343404,199.89006644207083
8555,1.1510768544191565,1.8163146595462243,199.6935122953784
8556,1.1509483353687058,1.814514932822085,199.49714818086665
8557,1.1508198804791303,1.8127165615847107,199.30097391982014
8558,1.1506914897476688,1.8109195450580815,199.104989333684
8559,1.150563163171553,1.809123882465691,198.9091942440648
8560,1.1504349007480068,1.807329573032468,198.71358847273106
8561,1.1503067024742473,1.8055366159830026,198.51817184161132
8562,1.1501785683474837,1.8037450105423567,198.32294417279547
8563,1.1500504983649182,1.8019547559367326,198.12790528853353
8564,1.1499224925237452,1.8001658513917955,197.93305501123754
8565,1.149794550821152,1.7983782961345363,197.73839316347858
8566,1.1496666732543181,1.796592089391635,197.54391956798824
8567,1.149538859820416,1.7948072303909555,197.34963404765915
8568,1.14941111051661,1.7930237183598723,197.15553642554326
8569,1.149283425340058,1.791241552527178,196.96162652485233
8570,1.1491558042879095,1.7894607321211309,196.76790416895875
8571,1.1490282473573072,1.7876812563713782,196.57436918139365
8572,1.1489007545453858,1.7859031245070203,196.38102138584776
8573,1.1487733258492725,1.784126335758574,196.18786060617185
8574,1.1486459612660875,1.7823508893561684,195.99488666637546
8575,1.148518660792943,1.7805767845305993,195.8020993906267
8576,1.1483914244269438,1.7788040205135662,195.60949860325385
8577,1.1482642521651871,1.77703259653635,195.41708412874303
8578,1.1481371440047627,1.7752625118315721,195.22485579173937
8579,1.148010099942753,1.7734937656313532,195.03281341704619
8580,1.147883119976232,1.7717263571691904,194.84095682962638
8581,1.147756204102267,1.7699602856780592,194.64928585459964
8582,1.1476293523179175,1.7681955503922995,194.45780031724436
8583,1.1475025646202353,1.766432150545679,194.2665000429978
8584,1.1473758410062642,1.7646700853735187,194.0753848574539
8585,1.1472491814730412,1.762909354110677,193.8844545863643
8586,1.1471225860175949,1.7611499559924906,193.69370905563963
8587,1.1469960546369466,1.759391890255441,193.50314809134653
8588,1.14686958732811,1.7576351561354746,193.31277151970932
8589,1.1467431840880913,1.7558797528699286,193.12257916711044
8590,1.1466168449138883,1.7541256796956008,192.93257086008808
8591,1.1464905698024919,1.7523729358506677,192.74274642533823
8592,1.146364358750885,1.750621520572717,192.55310568971302
8593,1.1462382117560426,1.7488714331009134,192.36364848022214
8594,1.1461121288149323,1.7471226726736773,192.17437462403115
8595,1.1459861099245139,1.7453752385308843,191.98528394846156
8596,1.1458601550817393,1.7436291299118964,191.79637628099252
8597,1.1457342642835529,1.741884346057419,191.60765144925816
8598,1.1456084375268911,1.7401408862078744,191.4191092810486
8599,1.1454826748086828,1.7383987496041304,191.23074960431086
8600,1.145356976125849,1.7366579354881682,191.04257224714652
8601,1.1452313414753028,1.7349184431013713,190.85457703781313
8602,1.1451057708539496,1.733180271686715,190.66676380472416
8603,1.144980264258687,1.7314434204864415,190.47913237644778
8604,1.144854821686405,1.7297078887441886,190.29168258170733
8605,1.1447294431339852,1.727973675703143,190.10441424938205
8606,1.144604128598302,1.7262407806077853,189.91732720850527
8607,1.1444788780762216,1.7245092027021225,189.73042128826532
8608,1.1443536915646024,1.7227789412314938,189.54369631800495
8609,1.1442285690602951,1.7210499954407354,189.35715212722224
8610,1.1441035105601423,1.7193223645759625,189.17078854556902
8611,1.1439785160609788,1.717596047883212,188.98460540285106
8612,1.1438535855596315,1.7158710446087615,188.7986025290294
8613,1.1437287190529193,1.7141473540000263,188.61277975421802
8614,1.1436039165376535,1.7124249753039484,188.42713690868493
8615,1.143479178010637,1.7107039077688153,188.24167382285253
8616,1.1433545034686654,1.708984150642385,188.05639032729624
8617,1.1432298929085256,1.707265703173761,187.8712862527445
8618,1.1431053463269971,1.7055485646115616,187.6863614300807
8619,1.1429808637208514,1.7038327342056632,187.50161569033975
8620,1.1428564450868517,1.7021182112056386,187.31704886471005
8621,1.1427320904217533,1.7004049948621986,187.1326607845339
8622,1.1426077997223036,1.6986930844256167,186.94845128130532
8623,1.1424835729852423,1.6969824791475048,186.76442018667134
8624,1.1423594102073005,1.6952731782792054,186.58056733243146
8625,1.1422353113852015,1.693565181072469,186.39689255053815
8626,1.142111276515661,1.6918584867801452,186.21339567309553
8627,1.1419873055953857,1.6901530946545957,186.03007653235986
8628,1.141863398621075,1.6884490039494389,185.84693496074013
8629,1.1417395555894203,1.6867462139180054,185.66397079079653
8630,1.1416157764971044,1.6850447238147137,185.48118385524103
8631,1.1414920613408024,1.6833445328936132,185.29857398693792
8632,1.141368410117181,1.6816456404100342,185.1161410189024
8633,1.141244822822899,1.6799480456188105,184.93388478430077
8634,1.1411212994546072,1.6782517477761207,184.75180511645146
8635,1.140997840008948,1.6765567461378634,184.56990184882358
8636,1.1408744444825558,1.6748630399603475,184.3881748150366
8637,1.1407511128720567,1.6731706285009267,184.2066238488622
8638,1.1406278451740688,1.671479511016622,184.0252487842217
8639,1.140504641385202,1.6697896867656086,183.84404945518725
8640,1.1403815015020582,1.6681011550056262,183.66302569598145
8641,1.1402584255212307,1.6664139149957244,183.4821773409778
8642,1.140135413439305,1.664727965994463,183.30150422469936
8643,1.1400124652528578,1.6630433072617168,183.12100618181904
8644,1.1398895809584584,1.6613599380568687,182.94068304716092
8645,1.1397667605526673,1.659677857640621,182.76053465569768
8646,1.139644004032037,1.657997065273097,182.58056084255196
8647,1.1395213113931115,1.6563175602159592,182.40076144299684
8648,1.139398682632427,1.6546393417303922,182.2211362924536
8649,1.1392761177465107,1.652962409078038,182.0416852264931
8650,1.139153616731882,1.6512867615216644,181.8624080808365
8651,1.1390311795850523,1.6496123983235085,181.6833046913526
8652,1.1389088063025241,1.6479393187471345,181.50437489405957
8653,1.1387864968807917,1.646267522055626,181.325618525125
8654,1.1386642513163414,1.6445970075133494,181.14703542086448
8655,1.1385420696056507,1.6429277743841337,180.96862541774217
8656,1.1384199517451894,1.6412598219333043,180.79038835237057
8657,1.1382978977314182,1.6395931494254952,180.61232406151126
8658,1.13817590756079,1.6379277561267185,180.4344323820732
8659,1.1380539812297492,1.636263641302494,180.2567131511131
8660,1.1379321187347315,1.6346008042196494,180.07916620583669
8661,1.1378103200721645,1.63293924414473,179.9017913835967
8662,1.1376885852384675,1.631278960344709,179.72458852189325
8663,1.1375669142300509,1.6296199520876158,179.547557458375
8664,1.137445307043317,1.6279622186409555,179.37069803083713
8665,1.13732376367466,1.6263057592736905,179.19401007722186
8666,1.137202284120465,1.624650573254139,179.01749343561985
8667,1.137080868377109,1.6229966598519419,178.84114794426768
8668,1.1369595164409605,1.6213440183362944,178.66497344154868
8669,1.1368382283083796,1.619692647977651,178.488969765994
8670,1.1367170039757175,1.618042548046003,178.31313675628056
8671,1.1365958434393173,1.616393717812622,178.13747425123196
8672,1.1364747466955136,1.614746156548533,177.96198208981798
8673,1.1363537137406323,1.6130998635250764,177.7866601111556
8674,1.1362327445709908,1.6114548380148772,177.61150815450682
8675,1.136111839182898,1.6098110792898768,177.43652605927977
8676,1.135990997572654,1.6081685866233548,177.2617136650295
8677,1.135870219736551,1.6065273592881386,177.08707081145582
8678,1.1357495056708717,1.6048873965583041,176.91259733840403
8679,1.135628855371891,1.6032486977074798,176.73829308586605
8680,1.1355082688358749,1.601611262010566,176.564157893978
8681,1.1353877460590807,1.5999750887419706,176.39019160302163
8682,1.1352672870377574,1.5983401771773458,176.21639405342447
8683,1.1351468917681449,1.596706526592032,176.04276508575802
8684,1.1350265602464749,1.5950741362624548,175.86930454073905
8685,1.1349062924689701,1.5934430054648774,175.6960122592297
8686,1.134786088431845,1.5918131334759467,175.5228880822359
8687,1.1346659481313048,1.5901845195733375,175.34993185090843
8688,1.1345458715635468,1.5885571630342996,175.17714340654214
8689,1.1344258587247589,1.5869310631373241,175.00452259057687
8690,1.1343059096111205,1.585306219160435,174.83206924459603
8691,1.1341860242188027,1.5836826303828668,174.65978321032676
8692,1.1340662025439672,1.5820602960835721,174.487664329641
8693,1.1339464445827674,1.580439215542575,174.31571244455372
8694,1.1338267503313482,1.5788193880395043,174.14392739722337
8695,1.133707119785845,1.577200812855233,173.97230902995292
8696,1.1335875529423851,1.5755834892702019,173.80085718518757
8697,1.1334680497970868,1.573967416566066,173.62957170551627
8698,1.1333486103460595,1.572352594024278,173.45845243367145
8699,1.133229234585404,1.5707390209266556,173.28749921252813
8700,1.1331099225112122,1.5691266965560005,173.11671188510394
8701,1.1329906741195672,1.5675156201948568,172.9460902945602
8702,1.1328714894065433,1.565905791126822,172.7756342842002
8703,1.1327523683682057,1.5642972086350801,172.60534369746978
8704,1.1326333110006113,1.5626898720040985,172.4352183779571
8705,1.1325143172998076,1.5610837805178666,172.26525816939326
8706,1.1323953872618335,1.5594789334616173,172.0954629156509
8707,1.132276520882719,1.5578753301201373,171.92583246074446
8708,1.1321577181584852,1.5562729697794653,171.75636664883126
8709,1.1320389790851444,1.554671851725102,171.58706532420948
8710,1.1319203036586998,1.553071975243989,171.41792833131913
8711,1.1318016918751457,1.5514733396226421,171.24895551474256
8712,1.1316831437304675,1.5498759441480325,171.08014671920256
8713,1.1315646592206419,1.5482797881081354,170.91150178956332
8714,1.1314462383416362,1.5466848707905356,170.74302057083102
8715,1.131327881089409,1.5450911914839747,170.57470290815212
8716,1.13120958745991,1.5434987494768015,170.40654864681423
8717,1.1310913574490797,1.5419075440585681,170.2385576322454
8718,1.1309731910528498,1.5403175745183453,170.07072971001557
8719,1.1308550882671429,1.538728840146596,169.90306472583384
8720,1.1307370490878725,1.5371413402331622,169.73556252555034
8721,1.1306190735109434,1.5355550740691655,169.56822295515596
8722,1.1305011615322509,1.5339700409455104,169.40104586078118
8723,1.1303833131476815,1.5323862401534616,169.2340310886964
8724,1.1302655283531127,1.5308036709853448,169.067178485313
8725,1.1301478071444127,1.529222332733001,168.9004878971812
8726,1.130030149517441,1.5276422246895098,168.73395917099103
8727,1.1299125554680476,1.526063346147459,168.56759215357295
8728,1.1297950249920736,1.5244856964008155,168.40138669189616
8729,1.129677558085351,1.5229092747429447,168.235342633069
8730,1.1295601547437029,1.5213340804684792,168.06945982434
8731,1.1294428149629425,1.519760112871621,167.903738113096
8732,1.1293255387388748,1.5181873712477676,167.73817734686318
8733,1.129208326067295,1.5166158548919084,167.57277737330602
8734,1.1290911769439893,1.5150455631002218,167.40753804022899
8735,1.1289740913647348,1.5134764951686728,167.2424591955741
8736,1.1288570693252995,1.5119086503935353,167.07754068742216
8737,1.128740110821442,1.51034202807229,166.91278236399282
8738,1.128623215848912,1.5087766275017855,166.74818407364342
8739,1.1285063844034493,1.5072124479801359,166.5837456648693
8740,1.1283896164807854,1.5056494888050311,166.41946698630508
8741,1.1282729120766417,1.5040877492753852,166.25534788672186
8742,1.128156271186731,1.5025272286896303,166.09138821502916
8743,1.1280396938067565,1.5009679263474474,165.92758782027454
8744,1.127923179932412,1.4994098415480688,165.76394655164248
8745,1.1278067295593828,1.4978529735918638,165.6004642584549
8746,1.1276903426833438,1.4962973217789626,165.43714079017195
8747,1.1275740192999613,1.4947428854105063,165.27397599639005
8748,1.1274577594048918,1.4931896637874666,165.11096972684302
8749,1.127341562993783,1.4916376562112112,164.94812183140138
8750,1.1272254300622733,1.4900868619840917,164.7854321600732
8751,1.1271093606059912,1.4885372804080377,164.6229005630028
8752,1.1269933546205564,1.4869889107861702,164.4605268904707
8753,1.1268774121015785,1.4854417524211854,164.2983109928951
8754,1.1267615330446588,1.4838958046169122,164.13625272082948
8755,1.126645717445388,1.482351066676918,163.97435192496377
8756,1.1265299652993486,1.4808075379058065,163.8126084561247
8757,1.1264142766021126,1.4792652176078045,163.65102216527436
8758,1.1262986513492432,1.4777241050883156,163.48959290351064
8759,1.126183089536294,1.4761841996525455,163.32832052206822
8760,1.1260675911588094,1.4746455006060573,163.1672048723164
8761,1.1259521562123238,1.473108007255415,163.00624580576013
8762,1.1258367846923627,1.4715717189067494,162.84544317404067
8763,1.1257214765944419,1.470036634867325,162.6847968289336
8764,1.1256062319140676,1.4685027544441533,162.52430662235022
8765,1.1254910506467366,1.4669700769452487,162.36397240633656
8766,1.1253759327879362,1.4654386016782808,162.20379403307433
8767,1.1252608783331444,1.4639083279520837,162.04377135487945
8768,1.125145887277829,1.4623792550750605,161.88390422420238
8769,1.125030959617449,1.4608513823568254,161.72419249362923
8770,1.1249160953474535,1.4593247091065495,161.56463601587956
8771,1.1248012944632821,1.457799234634577,161.40523464380755
8772,1.1246865569603648,1.4562749582510537,161.24598823040228
8773,1.124571882834122,1.4547518792664262,161.0868966287863
8774,1.1244572720799646,1.4532299969922868,160.9279596922161
8775,1.1243427246932938,1.4517093107396641,160.76917727408303
8776,1.124228240669501,1.4501898198207854,160.6105492279112
8777,1.1241138200039684,1.4486715235474756,160.45207540735868
8778,1.1239994626920684,1.44715442123273,160.29375566621775
8779,1.1238851687291636,1.445638512189133,160.1355898584135
8780,1.1237709381106071,1.444123795730417,159.97757783800438
8781,1.1236567708317422,1.4426102711699231,159.81971945918207
8782,1.1235426668879027,1.4410979378220907,159.66201457627187
8783,1.1234286262744124,1.439586795001112,159.50446304373165
8784,1.1233146489865857,1.4380768420221726,159.34706471615172
8785,1.1232007350197273,1.4365680782003216,159.18981944825637
8786,1.1230868843691317,1.4350605028509422,159.03272709490147
8787,1.1229730970300842,1.4335541152904219,158.8757875110756
8788,1.1228593729978602,1.4320489148347157,158.71900055190034
8789,1.1227457122677253,1.4305449008009425,158.56236607262898
8790,1.1226321148349354,1.4290420725058042,158.40588392864694
8791,1.1225185806947364,1.4275404292671174,158.24955397547248
8792,1.1224051098423646,1.426039970402446,158.09337606875508
8793,1.1222917022730465,1.4245406952303392,157.937350064276
8794,1.1221783579819988,1.4230426030690062,157.78147581794903
8795,1.1220650769644283,1.421545693237804,157.6257531858189
8796,1.1219518592155318,1.4200499650556808,157.47018202406196
8797,1.1218387047304967,1.418555417842722,157.31476218898575
8798,1.1217256135045002,1.4170620509188265,157.1594935370299
8799,1.1216125855327097,1.41556986360425,157.00437592476445
8800,1.121499620810283,1.4140788552201509,156.84940920889025
8801,1.1213867193323674,1.412589025087447,156.6945932462402
8802,1.121273881094101,1.4111003725280378,156.53992789377716
8803,1.1211611060906113,1.4096128968634627,156.38541300859447
8804,1.1210483943170164,1.408126597416428,156.231048447917
8805,1.1209357457684244,1.4066414735092168,156.07683406909942
8806,1.1208231604399332,1.4051575244652572,155.92276972962657
8807,1.120710638326631,1.4036747496075994,155.76885528711452
8808,1.120598179423596,1.4021931482603947,155.61509059930847
8809,1.1204857837258961,1.4007127197475464,155.46147552408394
8810,1.1203734512285897,1.3992334633935193,155.30800991944693
8811,1.120261181926725,1.3977553785235193,155.15469364353257
8812,1.12014897581534,1.3962784644624155,155.0015265546057
8813,1.120036832889463,1.3948027205362294,154.84850851106086
8814,1.119924753144112,1.3933281460705766,154.6956393714226
8815,1.1198127365742954,1.3918547403921933,154.542918994344
8816,1.1197007831750108,1.3903825028274337,154.39034723860763
8817,1.1195888929412463,1.388911432703773,154.2379239631256
8818,1.11947706586798,1.3874415293482545,154.08564902693874
8819,1.1193653019501795,1.3859727920891705,153.93352228921617
8820,1.1192536011828025,1.3845052202543102,153.78154360925714
8821,1.1191419635607966,1.3830388131726024,153.62971284648847
8822,1.1190303890790996,1.3815735701727876,153.47802986046574
8823,1.1189188777326384,1.380109490583972,153.32649451087357
8824,1.1188074295163304,1.3786465737361984,153.1751066575244
8825,1.1186960444250826,1.3771848189591012,153.02386616035866
8826,1.1185847224537921,1.375724225583458,152.8727728794458
8827,1.1184734635973457,1.3742647929395948,152.72182667498242
8828,1.1183622678506195,1.372806520359102,152.5710274072934
8829,1.1182511352084803,1.3713494071730308,152.42037493683117
8830,1.118140065665784,1.3698934527136095,152.2698691241764
8831,1.1180290592173767,1.3684386563126698,152.1195098300367
8832,1.117918115858094,1.366985017303163,151.9692969152471
8833,1.1178072355827613,1.365532535017642,151.81923024077088
8834,1.117696418386194,1.3640812087897856,151.6693096676976
8835,1.1175856642631967,1.3626310379530553,151.5195350572439
8836,1.1174749732085645,1.3611820218412454,151.36990627075443
8837,1.1173643452170816,1.3597341597892196,151.22042316969987
8838,1.117253780283522,1.3582874511312897,151.07108561567765
8839,1.1171432784026498,1.3568418952029437,150.92189347041264
8840,1.1170328395692184,1.355397491339281,150.77284659575557
8841,1.1169224637779709,1.353954238876486,150.62394485368384
8842,1.1168121510236402,1.3525121371503943,150.47518810630095
8843,1.1167019013009487,1.3510711854979194,150.32657621583746
8844,1.1165917146046085,1.3496313832556077,150.17810904464926
8845,1.1164815909293213,1.3481927297610412,150.02978645521833
8846,1.1163715302697788,1.3467552243515912,149.88160831015313
8847,1.1162615326206615,1.3453188663655617,149.73357447218734
8848,1.1161515979766403,1.3438836551411162,149.58568480418023
8849,1.1160417263323752,1.3424495900167805,149.43793916911764
8850,1.115931917682516,1.3410166703319888,149.29033743010976
8851,1.115822172021702,1.3395848954257943,149.1428794503924
8852,1.1157124893445622,1.338154264638359,148.99556509332734
8853,1.1156028696457148,1.3367247773094426,148.84839422240066
8854,1.1154933129197677,1.335296432779868,148.70136670122366
8855,1.1153838191613183,1.333869230390231,148.55448239353305
8856,1.1152743883649539,1.3324431694820524,148.40774116318997
8857,1.1151650205252506,1.3310182493965328,148.2611428741801
8858,1.1150557156367744,1.3295944694759751,148.11468739061385
8859,1.1149464736940808,1.3281718290624704,147.9683745767266
8860,1.1148372946917147,1.3267503274984886,147.82220429687757
8861,1.1147281786242103,1.325329964127375,147.6761764155501
8862,1.1146191254860913,1.3239107382921256,147.53029079735254
8863,1.1145101352718711,1.3224926493367557,147.3845473070165
8864,1.1144012079760524,1.3210756966050672,147.23894580939765
8865,1.114292343593127,1.3196598794417844,147.09348616947608
8866,1.1141835421175763,1.3182451971913165,146.94816825235512
8867,1.1140748035438712,1.316831649199151,146.80299192326146
8868,1.113966127866472,1.3154192348104183,146.65795704754606
8869,1.1138575150798284,1.3140079533712967,146.5130634906828
8870,1.113748965178379,1.3125978042276134,146.36831111826876
8871,1.113640478156552,1.3111887867262761,146.2236997960249
8872,1.1135320540087654,1.3097809002139433,146.07922938979445
8873,1.1134236927294257,1.3083741440377847,145.93489976554412
8874,1.1133153943129293,1.3069685175457062,145.79071078936312
8875,1.1132071587536616,1.3055640200853003,145.64666232746399
8876,1.1130989860459977,1.3041606510052273,145.5027542461815
8877,1.1129908761843015,1.3027584096537819,145.35898641197292
8878,1.1128828291629262,1.3013572953803394,145.21535869141837
8879,1.1127748449762147,1.2999573075338948,145.07187095122015
8880,1.1126669236184987,1.2985584454645065,144.9285230582022
8881,1.1125590650840993,1.2971607085218395,144.78531487931176
8882,1.1124512693673267,1.2957640960567527,144.64224628161722
8883,1.1123435364624805,1.2943686074196004,144.4993171323088
8884,1.1122358663638494,1.292974241961857,144.35652729869932
8885,1.1121282590657113,1.2915809990347942,144.2138766482226
8886,1.1120207145623333,1.2901888779900514,144.07136504843413
8887,1.1119132328479715,1.2887978781801521,143.92899236701146
8888,1.1118058139168716,1.2874079989572362,143.7867584717529
8889,1.1116984577632678,1.2860192396745196,143.64466323057823
8890,1.111591164381384,1.2846315996848057,143.5027065115282
8891,1.111483933765433,1.2832450783421017,143.3608881827654
8892,1.1113767659096165,1.281859674999909,143.2192081125724
8893,1.1112696608081258,1.280475389012827,143.07766616935302
8894,1.1111626184551409,1.2790922197351071,142.93626222163235
8895,1.111055638844831,1.2777101665220427,142.79499613805544
8896,1.110948721971354,1.2763292287287409,142.65386778738767
8897,1.1108418678288576,1.2749494057106812,142.5128770385159
8898,1.110735076411478,1.2735706968241916,142.37202376044655
8899,1.1106283477133407,1.2721931014252077,142.23130782230595
8900,1.11052168172856,1.2708166188708494,142.09072909334162
8901,1.1104150784512392,1.2694412485177584,141.95028744292037
8902,1.110308537875471,1.2680669897236252,141.8099827405286
8903,1.1102020599953364,1.266693841845841,141.66981485577358
8904,1.110095644804906,1.265321804242808,141.5297836583814
8905,1.109989292298239,1.2639508762725709,141.38988901819806
8906,1.109883002469384,1.2625810572942369,141.25013080518866
8907,1.109776775312378,1.2612123466665526,141.11050888943853
8908,1.1096706108212473,1.259844743749243,140.97102314115165
8909,1.1095645089900068,1.2584782479020262,140.831673430651
8910,1.1094584698126608,1.257112858484799,140.69245962837945
8911,1.109352493283202,1.2557485748583743,140.55338160489805
8912,1.1092465793956123,1.2543853963832132,140.41443923088684
8913,1.1091407281438623,1.2530233224208245,140.27563237714534
8914,1.1090349395219117,1.2516623523323576,140.1369609145909
8915,1.1089292135237088,1.2503024854799878,139.9984247142594
8916,1.1088235501431907,1.2489437212255596,139.86002364730606
8917,1.1087179493742836,1.2475860589318897,139.72175758500362
8918,1.1086124112109024,1.2462294979615844,139.58362639874306
8919,1.1085069356469508,1.244874037678159,139.4456299600343
8920,1.1084015226763213,1.2435196774448116,139.30776814050446
8921,1.1082961722928952,1.242166416625759,139.17004081189899
8922,1.1081908844905428,1.2408142545850736,139.03244784608083
8923,1.1080856592631227,1.2394631906871527,138.89498911503136
8924,1.1079804966044826,1.2381132242972275,138.75766449084887
8925,1.107875396508459,1.2367643547802207,138.62047384574925
8926,1.1077703589688765,1.2354165815020073,138.48341705206653
8927,1.1076653839795494,1.2340699038282725,138.34649398225116
8928,1.10756047153428,1.2327243211255638,138.20970450887108
8929,1.1074556216268594,1.231379832760154,138.07304850461185
8930,1.1073508342510678,1.230036438099317,137.9365258422754
8931,1.1072461094006736,1.2286941365100013,137.80013639478057
8932,1.107141447069434,1.2273529273601635,137.66388003516374
8933,1.1070368472510952,1.226012810017418,137.5277566365773
8934,1.1069323099393915,1.2246737838503936,137.3917660722901
8935,1.106827835128046,1.2233358482275154,137.2559082156884
8936,1.1067234228107707,1.221999002517676,137.120182940274
8937,1.1066190729812662,1.2206632460904583,136.98459011966534
8938,1.1065147856332211,1.2193285783151757,136.84912962759677
8939,1.1064105607603134,1.2179949985621434,136.71380133791936
8940,1.106306398356209,1.216662506201336,136.5786051245997
8941,1.1062022984145627,1.215331100603734,136.44354086171998
8942,1.106098260929018,1.2140007811399929,136.308608423479
8943,1.1059942858932066,1.2126715471817693,136.17380768419065
8944,1.1058903733007488,1.2113433981003268,136.03913851828437
8945,1.1057865231452537,1.2100163332680967,135.90460080030564
8946,1.1056827354203187,1.2086903520571763,135.7701944049148
8947,1.1055790101195297,1.20736545384006,135.63591920688728
8948,1.1054753472364613,1.206041637990081,135.50177508111466
8949,1.1053717467646762,1.204718903880224,135.36776190260267
8950,1.1052682086977257,1.203397250884476,135.23387954647214
8951,1.1051647330291499,1.2020766783765222,135.10012788795936
8952,1.1050613197524768,1.2007571857309953,134.96650680241493
8953,1.1049579688612232,1.1994387723221815,134.83301616530403
8954,1.1048546803488943,1.1981214375254952,134.69965585220655
8955,1.1047514542089836,1.1968051807158928,134.56642573881734
8956,1.1046482904349728,1.1954900012693468,134.43332570094495
8957,1.1045451890203326,1.1941758985615203,134.3003556145122
8958,1.1044421499585215,1.192862871969054,134.16751535555684
8959,1.1043391732429866,1.1915509208684423,134.03480480022992
8960,1.1042362588671633,1.190240044636492,133.90222382479664
8961,1.1041334068244752,1.1889302426508488,133.76977230563662
8962,1.104030617108335,1.1876215142887794,133.6374501192426
8963,1.1039278897121425,1.186313858928674,133.50525714222096
8964,1.1038252246292868,1.1850072759484631,133.37319325129232
8965,1.1037226218531448,1.1837017647270995,133.24125832329037
8966,1.103620081377082,1.1823973246432173,133.109452235162
8967,1.1035176031944518,1.1810939550764414,132.97777486396748
8968,1.1034151872985962,1.1797916554060612,132.84622608688082
8969,1.1033128336828453,1.178490425012341,132.71480578118832
8970,1.1032105423405174,1.1771902632752387,132.58351382428953
8971,1.1031083132649193,1.1758911695756435,132.4523500936973
8972,1.1030061464493457,1.1745931432944061,132.32131446703673
8973,1.1029040418870797,1.173296183812584,132.19040682204542
8974,1.1028019995713927,1.1720002905120854,132.05962703657462
8975,1.1027000194955439,1.1707054627745053,131.9289749885871
8976,1.102598101652781,1.1694116999823971,131.798450556158
8977,1.1024962460363399,1.1681190015180274,131.66805361747558
8978,1.1023944526394445,1.1668273667645988,131.53778405083955
8979,1.1022927214553069,1.165536795105004,131.4076417346616
8980,1.1021910524771272,1.1642472859230815,131.27762654746627
8981,1.102089445698094,1.1629588386024616,131.14773836788922
8982,1.1019879011113838,1.1616714525276204,131.01797707467827
8983,1.1018864187101607,1.1603851270829173,130.88834254669254
8984,1.1017849984875778,1.1590998616530523,130.7588346629035
8985,1.1016836404367756,1.1578156556235006,130.6294533023935
8986,1.101582344550883,1.156532508379456,130.5001983443562
8987,1.101481110823017,1.1552504193070463,130.37106966809742
8988,1.1013799392462822,1.1539693877921076,130.24206715303322
8989,1.1012788298137717,1.1526894132213727,130.11319067869107
8990,1.1011777825185665,1.1514104949814168,129.98444012470998
8991,1.1010767973537356,1.1501326324596162,129.85581537083928
8992,1.100975874312336,1.148855825043098,129.7273162969391
8993,1.1008750133874126,1.1475800721199352,129.59894278298094
8994,1.1007742145719983,1.1463053730779025,129.4706947090462
8995,1.100673477859114,1.1450317273057133,129.342571955327
8996,1.1005728032417688,1.1437591341919435,129.21457440212635
8997,1.1004721907129593,1.142487593125484,129.08670192985713
8998,1.1003716402656705,1.1412171034959737,128.95895441904253
8999,1.1002711518928747,1.1399476646928761,128.83133175031568
9000,1.1001707255875328,1.138679276106483,128.7038338044205
9001,1.1000703613425933,1.1374119371267974,128.5764604622101
9002,1.0999700591509924,1.1361456471447997,128.44921160464762
9003,1.0998698190056546,1.1348804055511543,128.32208711280637
9004,1.099769640899492,1.133616211737452,128.1950868678689
9005,1.0996695248254043,1.132353065095005,128.0682107511271
9006,1.0995694707762795,1.1310909650160577,127.94145864398325
9007,1.0994694787449935,1.129829910892505,127.81483042794807
9008,1.0993695487244097,1.1285699021173137,127.68832598464166
9009,1.0992696807073794,1.1273109380831785,127.56194519579408
9010,1.0991698746867415,1.1260530181831523,127.43568794324366
9011,1.0990701306553232,1.1247961418110646,127.30955410893777
9012,1.098970448605939,1.123540308360457,127.18354357493341
9013,1.0988708285313917,1.122285517225795,127.05765622339557
9014,1.0987712704244712,1.121031767801257,126.93189193659833
9015,1.0986717742779555,1.1197790594819395,126.80625059692392
9016,1.0985723400846104,1.1185273916626126,126.68073208686405
9017,1.0984729678371892,1.1172767637390952,126.55533628901792
9018,1.098373657528433,1.1160271751067767,126.43006308609314
9019,1.098274409151071,1.1147786251620355,126.30491236090631
9020,1.0981752226978194,1.1135311133009427,126.1798839963813
9021,1.0980760981613826,1.1122846389204926,126.05497787555021
9022,1.0979770355344525,1.1110392014175512,125.93019388155356
9023,1.0978780348097086,1.1097948001892817,125.80553189763923
9024,1.0977790959798182,1.1085514346336285,125.68099180716275
9025,1.097680219037436,1.1073091041482088,125.55657349358796
9026,1.0975814039752043,1.1060678081316704,125.43227684048564
9027,1.0974826507857536,1.1048275459822507,125.30810173153397
9028,1.0973839594617012,1.1035883170991578,125.18404805051922
9029,1.0972853299956526,1.10235012088129,125.06011568133441
9030,1.0971867623802007,1.101112956728478,124.93630450797964
9031,1.0970882566079259,1.0998768240402472,124.81261441456216
9032,1.096989812671396,1.0986417222170664,124.68904528529676
9033,1.0968914305631665,1.097407650659234,124.56559700450441
9034,1.0967931102757806,1.0961746087673336,124.44226945661309
9035,1.0966948518017692,1.0949425959428434,124.31906252615795
9036,1.09659665513365,1.0937116115868109,124.19597609778013
9037,1.0964985202639288,1.092481655101255,124.07301005622742
9038,1.0964004471850988,1.0912527258878906,123.9501642863546
9039,1.0963024358896405,1.0900248233493577,123.8274386731221
9040,1.096204486370022,1.0887979468879947,123.70483310159669
9041,1.0961065986186986,1.0875720959070623,123.58234745695188
9042,1.0960087726281138,1.0863472698095191,123.4599816244666
9043,1.0959110083906975,1.0851234679991975,123.33773548952573
9044,1.095813305898868,1.0839006898797732,123.21560893762069
9045,1.0957156651450302,1.0826789348556987,123.09360185434804
9046,1.095618086121577,1.0814582023313146,122.97171412541012
9047,1.0955205688208884,1.0802384917112995,122.84994563661485
9048,1.095423113235332,1.0790198024010795,122.72829627387625
9049,1.0953257193572625,1.0778021338057637,122.60676592321288
9050,1.095228387179022,1.076585485331409,122.48535447074886
9051,1.0951311166929403,1.0753698563837644,122.3640618027141
9052,1.095033907891334,1.0741552463694328,122.24288780544293
9053,1.0949367607665077,1.0729416546948656,122.12183236537481
9054,1.0948396753107525,1.0717290807672877,122.00089536905466
9055,1.0947426515163476,1.0705175239936844,121.88007670313178
9056,1.094645689375559,1.0693069837819307,121.75937625436012
9057,1.09454878888064,1.0680974595396249,121.63879390959885
9058,1.0944519500238317,1.066888950675262,121.51832955581128
9059,1.0943551727973617,1.06568145659719,121.39798308006499
9060,1.0942584571934453,1.0644749767140869,121.27775436953281
9061,1.094161803204285,1.063269510435312,121.15764331149097
9062,1.0940652108220705,1.0620650571700658,121.0376497933204
9063,1.0939686800389787,1.06086161632834,120.91777370250566
9064,1.0938722108471737,1.0596591873198669,120.79801492663613
9065,1.0937758032388067,1.0584577695552726,120.67837335340444
9066,1.0936794572060164,1.0572573624449018,120.55884887060705
9067,1.0935831727409286,1.0560579654000009,120.43944136614485
9068,1.093486949835656,1.0548595778315208,120.32015072802166
9069,1.0933907884822986,1.053662199151305,120.200976844345
9070,1.0932946886729435,1.0524658287710205,120.08191960332638
9071,1.0931986503996651,1.0512704661027605,119.96297889328001
9072,1.0931026736545248,1.0500761105592344,119.84415460262356
9073,1.093006758429571,1.0488827615529255,119.72544661987834
9074,1.0929109047168395,1.0476904184971803,119.60685483366844
9075,1.092815112508353,1.0464990808050758,119.48837913272052
9076,1.0927193817961212,1.0453087478905845,119.37001940586518
9077,1.092623712572141,1.0441194191673768,119.25177554203505
9078,1.0925281048283961,1.0429310940500178,119.13364743026577
9079,1.0924325585568577,1.0417437719527591,119.0156349596954
9080,1.0923370737494837,1.0405574522908347,118.8977380195652
9081,1.0922416503982193,1.0393721344791027,118.77995649921817
9082,1.0921462884949964,1.0381878179333162,118.66229028809994
9083,1.0920509880317342,1.0370045020691194,118.54473927575881
9084,1.0919557490003384,1.0358221863024362,118.42730335184481
9085,1.0918605713927023,1.0346408700499365,118.30998240611005
9086,1.0917654552007057,1.0334605527280092,118.19277632840925
9087,1.0916704004162157,1.0322812337539136,118.07568500869839
9088,1.0915754070310861,1.0311029125446258,117.95870833703545
9089,1.0914804750371578,1.0299255885179888,117.8418462035806
9090,1.0913856044262584,1.028749261091652,117.72509849859514
9091,1.091290795190203,1.0275739296840276,117.60846511244227
9092,1.0911960473207925,1.0263995937133061,117.49194593558627
9093,1.091101360809816,1.025226252598529,117.37554085859345
9094,1.0910067356490483,1.0240539057584803,117.25924977213104
9095,1.0909121718302521,1.0228825526128031,117.14307256696713
9096,1.0908176693451763,1.0217121925810075,117.02700913397176
9097,1.090723228185557,1.0205428250829107,116.91105936411549
9098,1.0906288483431168,1.0193744495389985,116.79522314846957
9099,1.0905345298095652,1.0182070653696171,116.67950037820681
9100,1.090440272576599,1.0170406719958536,116.56389094460035
9101,1.0903460766359012,1.0158752688385555,116.44839473902378
9102,1.0902519419791419,1.0147108553194426,116.33301165295207
9103,1.0901578685979778,1.0135474308599648,116.21774157795991
9104,1.0900638564840528,1.012384994882413,116.10258440572251
9105,1.089969905628997,1.0112235468088415,115.98754002801596
9106,1.0898760160244279,1.0100630860621342,115.87260833671616
9107,1.089782187661949,1.008903612064871,115.75778922379904
9108,1.0896884205331507,1.0077451242406215,115.64308258134064
9109,1.0895947146296108,1.0065876220126917,115.52848830151741
9110,1.089501069942893,1.0054311048047326,115.41400627660532
9111,1.0894074864645484,1.0042755720411092,115.29963639897983
9112,1.0893139641861143,1.0031210231459093,115.18537856111686
9113,1.0892205030991147,1.0019674575440831,115.07123265559132
9114,1.0891271031950602,1.0008148746603003,114.95719857507785
9115,1.0890337644654486,0.9996632739201041,114.84327621235072
9116,1.0889404869017638,0.9985126547487159,114.72946546028338
9117,1.0888472704954766,0.9973630165723149,114.61576621184813
9118,1.0887541152380442,0.9962143588167258,114.50217836011747
9119,1.0886610211209107,0.9950666809086364,114.38870179826202
9120,1.0885679881355066,0.9939199822746099,114.27533641955168
9121,1.088475016273249,0.9927742623415181,114.16208211735574
9122,1.0883821055255418,0.9916295205369255,114.04893878514167
9123,1.0882892558837753,0.9904857562881303,113.935906316476
9124,1.0881964673393263,0.9893429690232727,113.82298460502365
9125,1.0881037398835582,0.9882011581702179,113.7101735445487
9126,1.0880110735078212,0.9870603231577447,113.59747302891317
9127,1.0879184682034515,0.9859204634142893,113.48488295207726
9128,1.0878259239617722,0.9847815783691543,113.37240320810047
9129,1.087733440774093,0.9836436674513819,113.26003369113953
9130,1.0876410186317098,0.982506730090832,113.14777429544945
9131,1.087548657525905,0.9813707657171519,113.035624915384
9132,1.0874563574479477,0.9802357737607756,112.92358544539408
9133,1.0873641183890934,0.9791017536520401,112.81165578002867
9134,1.087271940340584,0.9779687048215359,112.69983581393502
9135,1.0871798232936478,0.976836626700642,112.58812544185744
9136,1.0870877672394996,0.9757055187203788,112.47652455863803
9137,1.0869957721693406,0.9745753803126409,112.36503305921684
9138,1.0869038380743585,0.973446210909061,112.2536508386307
9139,1.0868119649457273,0.9723180099420925,112.14237779201429
9140,1.0867201527746075,0.9711907768439445,112.03121381459907
9141,1.086628401552146,0.9700645110476487,111.92015880171442
9142,1.0865367112694755,0.968939211985981,111.80921264878619
9143,1.086445081917716,0.9678148790925059,111.69837525133725
9144,1.0863535134879734,0.9666915118006536,111.58764650498787
9145,1.0862620059713397,0.9655691095445426,111.47702630545479
9146,1.0861705593588935,0.9644476717582358,111.3665145485513
9147,1.0860791736416997,0.9633271978760654,111.25611113018802
9148,1.0859878488108095,0.9622076873330544,111.14581594637154
9149,1.0858965848572604,0.9610891395639749,111.03562889320494
9150,1.085805381772076,0.9599715540044155,110.92554986688842
9151,1.0857142395462667,0.9588549300897224,110.81557876371775
9152,1.0856231581708284,0.9577392672560028,110.70571548008499
9153,1.085532137636744,0.956624564939238,110.59595991247905
9154,1.085441177934982,0.9555108225761147,110.48631195748406
9155,1.0853502790564977,0.9543980396030914,110.37677151178065
9156,1.0852594409922323,0.9532862154574667,110.2673384721449
9157,1.0851686637331133,0.9521753495762686,110.1580127354494
9158,1.0850779472700542,0.9510654413973451,110.04879419866192
9159,1.0849872915939551,0.9499564903584252,109.9396827588458
9160,1.084896696695702,0.9488484958975211,109.83067831316049
9161,1.0848061625661674,0.9477414574532851,109.7217807588604
9162,1.084715689196209,0.946635374464232,109.6129899932954
9163,1.084625276576672,0.9455302463695724,109.50430591391104
9164,1.0845349246983866,0.9444260726083138,109.39572841824771
9165,1.08444463355217,0.9433228526202515,109.28725740394081
9166,1.084354403128825,0.9422205858449655,109.17889276872141
9167,1.0842642334191406,0.9411192717228091,109.07063441041501
9168,1.0841741244138918,0.9400189096939109,108.96248222694192
9169,1.0840840761038402,0.9389194991991991,108.85443611631797
9170,1.0839940884797328,0.9378210396794372,108.74649597665288
9171,1.083904161532303,0.9367235305757873,108.63866170615144
9172,1.0838142952522705,0.9356269713299721,108.5309332031126
9173,1.0837244896303404,0.9345313613835142,108.42331036593049
9174,1.0836347446572046,0.9334367001787208,108.31579309309306
9175,1.0835450603235401,0.9323429871576618,108.20838128318243
9176,1.083455436620011,0.9312502217632042,108.10107483487556
9177,1.0833658735372667,0.9301584034379734,107.993873646943
9178,1.0832763710659425,0.929067531625388,107.88677761824928
9179,1.0831869291966603,0.927977605768593,107.77978664775361
9180,1.0830975479200273,0.9268886253116321,107.67290063450818
9181,1.0830082272266373,0.9258005896981932,107.5661194776595
9182,1.0829189671070694,0.9247134983728088,107.45944307644778
9183,1.0828297675518892,0.9236273507798819,107.35287133020678
9184,1.0827406285516479,0.9225421463641046,107.24640413836349
9185,1.0826515500968827,0.9214578845708237,107.14004140043905
9186,1.082562532178117,0.920374564845148,107.03378301604741
9187,1.0824735747858594,0.9192921866329675,106.92762888489598
9188,1.0823846779106052,0.9182107493799125,106.82157890678528
9189,1.0822958415428352,0.9171302525324893,106.71563298160939
9190,1.0822070656730158,0.9160506955368743,106.60979100935502
9191,1.0821183502915999,0.9149720778400469,106.50405289010168
9192,1.0820296953890256,0.9138943988887782,106.39841852402255
9193,1.0819411009557174,0.9128176581305841,106.29288781138278
9194,1.0818525669820853,0.9117418550127667,106.18746065254044
9195,1.0817640934585253,0.9106669889834165,106.08213694794682
9196,1.0816756803754188,0.9095930594905027,105.97691659814495
9197,1.0815873277231336,0.9085200659822223,105.87179950377067
9198,1.0814990354920229,0.9074480079075444,105.76678556555247
9199,1.0814108036724257,0.9063768847151018,105.66187468431086
9200,1.081322632254667,0.9053066958543198,105.55706676095836
9201,1.081234521229057,0.90423744077441,105.45236169650038
9202,1.0811464705858926,0.9031691189253456,105.3477593920336
9203,1.0810584803154557,0.9021017297568725,105.24325974874709
9204,1.080970550408014,0.9010352727195079,105.13886266792149
9205,1.080882680853821,0.8999697472635365,105.03456805092995
9206,1.0807948716431162,0.8989051528399891,104.93037579923661
9207,1.0807071227661242,0.8978414888998688,104.82628581439748
9208,1.080619434213056,0.8967787548943723,104.72229799806051
9209,1.0805318059741076,0.8957169502753634,104.61841225196474
9210,1.0804442380394612,0.8946560744944707,104.5146284779406
9211,1.0803567303992843,0.8935961270040983,104.41094657791017
9212,1.0802692830437302,0.8925371072564139,104.30736645388666
9213,1.080181895962938,0.8914790147043502,104.20388800797409
9214,1.080094569147032,0.8904218488006237,104.1005111423682
9215,1.0800073025861225,0.8893656089986692,103.99723575935523
9216,1.0799200962703055,0.8883102947517864,103.89406176131234
9217,1.079832950189662,0.8872559055139576,103.79098905070812
9218,1.079745864334259,0.8862024407389574,103.68801753010135
9219,1.0796588386941492,0.885149899881313,103.58514710214155
9220,1.0795718732593709,0.8840982823954653,103.48237766956886
9221,1.0794849680199474,0.8830475877361196,103.37970913521437
9222,1.079398122965888,0.8819978153585984,103.27714140199909
9223,1.0793113380871875,0.8809489647180179,103.17467437293439
9224,1.0792246133738261,0.8799010352702136,103.07230795112254
9225,1.0791379488157697,0.8788540264708882,102.97004203975523
9226,1.0790513444029697,0.87780793777638,102.86787654211462
9227,1.0789648001253627,0.8767627686428967,102.76581136157323
9228,1.078878315972871,0.8757185185273366,102.66384640159292
9229,1.0787918919354025,0.8746751868864007,102.56198156572569
9230,1.0787055280028504,0.8736327731775435,102.46021675761365
9231,1.0786192241650934,0.8725912768579938,102.35855188098823
9232,1.0785329804119956,0.8715506973857199,102.25698683967065
9233,1.0784467967334066,0.8705110342185698,102.15552153757143
9234,1.0783606731191615,0.8694722868147432,102.05415587869125
9235,1.0782746095590805,0.8684344546329698,101.95288976711949
9236,1.0781886060429697,0.8673975371317947,101.85172310703504
9237,1.0781026625606203,0.866361533770508,101.75065580270639
9238,1.0780167791018087,0.8653264440081765,101.64968775849074
9239,1.077930955656297,0.8642922673046012,101.5488188788344
9240,1.0778451922138328,0.8632590031193869,101.4480490682732
9241,1.0777594887641486,0.8622266509128569,101.34737823143134
9242,1.0776738452969625,0.8611952101450907,101.2468062730219
9243,1.077588261801978,0.8601646802770179,101.14633309784722
9244,1.077502738268884,0.8591350607692272,101.04595861079783
9245,1.0774172746873543,0.8581063510830977,100.9456827168529
9246,1.0773318710470483,0.8570785506799096,100.84550532108051
9247,1.0772465273376108,0.8560516590211944,100.74542632863685
9248,1.0771612435486717,0.855025675569103,100.64544564476653
9249,1.0770760196698463,0.8540005997855652,100.54556317480238
9250,1.0769908556907353,0.8529764311332598,100.44577882416594
9251,1.0769057516009242,0.851953169074606,100.34609249836632
9252,1.0768207073899843,0.8509308130728428,100.24650410300066
9253,1.0767357230474717,0.8499093625909246,100.14701354375474
9254,1.076650798562928,0.8488888170925472,100.04762072640165
9255,1.0765659339258797,0.8478691760411915,99.94832555680225
9256,1.0764811291258392,0.8468504389010797,99.84912794090566
9257,1.0763963841523034,0.8458326051363307,99.75002778474834
9258,1.0763116989947548,0.8448156742113155,99.65102499445408
9259,1.0762270736426607,0.8437996455910316,99.55211947623486
9260,1.0761425080854738,0.8427845187402195,99.4533111363895
9261,1.0760580023126323,0.8417702931244301,99.35459988130431
9262,1.075973556313559,0.8407569682089291,99.25598561745319
9263,1.0758891700776623,0.839744543459727,99.15746825139692
9264,1.0758048435943353,0.838733018342606,99.05904768978345
9265,1.0757205768529563,0.8377223923241057,98.9607238393476
9266,1.0756363698428892,0.8367126648705284,98.86249660691178
9267,1.0755522225534826,0.8357038354488994,98.76436589938469
9268,1.07546813497407,0.8346959035260404,98.66633162376182
9269,1.0753841070939705,0.833688868569461,98.56839368712602
9270,1.075300138902488,0.8326827300466674,98.47055199664621
9271,1.0752162303889117,0.8316774874253182,98.37280645957786
9272,1.0751323815425153,0.8306731401737196,98.27515698326353
9273,1.0750485923525581,0.8296696877599656,98.17760347513163
9274,1.0749648628082842,0.8286671296528493,98.08014584269696
9275,1.0748811928989228,0.8276654653209775,97.98278399356109
9276,1.0747975826136882,0.8266646942336577,97.88551783541135
9277,1.0747140319417794,0.825664815859985,97.78834727602099
9278,1.0746305408723809,0.8246658296697472,97.69127222325014
9279,1.0745471093946617,0.823667735132614,97.59429258504395
9280,1.0744637374977761,0.8226705317188668,97.49740826943405
9281,1.0743804251708633,0.8216742188986202,97.40061918453742
9282,1.0742971724030472,0.8206787961426938,97.30392523855754
9283,1.0742139791834373,0.8196842629218072,97.20732633978268
9284,1.0741308455011274,0.818690618706941,97.11082239658714
9285,1.0740477713451964,0.8176978629696775,97.01441331743086
9286,1.0739647567047084,0.8167059951813682,96.91809901085884
9287,1.0738818015687122,0.8157150148140528,96.82187938550153
9288,1.0737989059262414,0.8147249213396615,96.72575435007508
9289,1.0737160697663148,0.813735714230734,96.62972381338028
9290,1.073633293077936,0.8127473929596276,96.53378768430308
9291,1.0735505758500932,0.8117599569994169,96.43794587181512
9292,1.0734679180717597,0.8107734058229598,96.3421982849723
9293,1.0733853197318937,0.8097877389038195,96.24654483291556
9294,1.0733027808194382,0.8088029557154712,96.1509854248711
9295,1.073220301323321,0.8078190557316361,96.0555199701494
9296,1.0731378812324548,0.8068360384265898,95.9601483781458
9297,1.0730555205357373,0.8058539032744945,95.86487055834003
9298,1.0729732192220505,0.8048726497501256,95.7696864202968
9299,1.0728909772802617,0.8038922773280726,95.67459587366483
9300,1.0728087946992229,0.8029127854836412,95.57959882817728
9301,1.0727266714677706,0.8019341736919225,95.48469519365193
9302,1.0726446075747265,0.8009564414286955,95.38988487999032
9303,1.0725626030088966,0.7999795881695503,95.29516779717837
9304,1.0724806577590722,0.7990036133907672,95.2005438552862
9305,1.072398771814029,0.7980285165684023,95.10601296446772
9306,1.0723169451625276,0.7970542971792622,95.01157503496059
9307,1.072235177793313,0.7960809547000148,94.91722997708689
9308,1.0721534696951154,0.7951084886075803,94.82297770125197
9309,1.0720718208566495,0.7941368983794637,94.72881811794485
9310,1.0719902312666145,0.7931661834929697,94.6347511377387
9311,1.0719087009136947,0.7921963434260845,94.54077667128966
9312,1.071827229786559,0.7912273776565986,94.44689462933763
9313,1.0717458178738606,0.7902592856629915,94.35310492270558
9314,1.0716644651642377,0.7892920669235289,94.25940746230052
9315,1.0715831716463131,0.7883257209172133,94.16580215911192
9316,1.0715019373086943,0.7873602471227901,94.07228892421274
9317,1.0714207621399734,0.7863956450197133,93.97886766875928
9318,1.0713396461287272,0.7854319140872303,93.88553830399051
9319,1.071258589263517,0.7844690538052693,93.7923007412283
9320,1.0711775915328887,0.7835070636536894,93.6991548918779
9321,1.071096652925373,0.7825459431125766,93.60610066742693
9322,1.071015773429485,0.7815856916625736,93.51313797944555
9323,1.0709349530337244,0.7806263087841399,93.42026673958732
9324,1.0708541917265757,0.7796677939584595,93.32748685958767
9325,1.0707734894965077,0.7787101466664416,93.23479825126473
9326,1.070692846331974,0.7777533663897215,93.14220082651936
9327,1.0706122622214127,0.7767974526097192,93.04969449733446
9328,1.0705317371532463,0.7758424048085375,92.95727917577528
9329,1.070451271115882,0.7748882224680793,92.86495477398913
9330,1.0703708640977112,0.77393490507093,92.77272120420598
9331,1.0702905160871103,0.7729824520994698,92.68057837873734
9332,1.0702102270724398,0.7720308630367392,92.5885262099767
9333,1.070129997042045,0.7710801373657589,92.49656461040009
9334,1.0700498259842557,0.7701302745697156,92.40469349256476
9335,1.0699697138873858,0.7691812741323774,92.31291276910972
9336,1.0698896607397341,0.7682331355373301,92.22122235275624
9337,1.0698096665295838,0.7672858582688288,92.12962215630677
9338,1.0697297312452023,0.7663394418109185,92.03811209264514
9339,1.0696498548748417,0.765393885648334,91.94669207473734
9340,1.0695700374067383,0.7644491892656026,91.85536201563009
9341,1.069490278829113,0.7635053521478943,91.76412182845174
9342,1.0694105791301711,0.7625623737802694,91.67297142641203
9343,1.0693309382981024,0.7616202536483742,91.58191072280168
9344,1.069251356321081,0.7606789912377954,91.49093963099254
9345,1.0691718331872655,0.7597385860343498,91.40005806443737
9346,1.0690923688847986,0.758799037524425,91.30926593667044
9347,1.069012963401808,0.7578603451941969,91.21856316130638
9348,1.068933616726405,0.7569225085305176,91.12794965204064
9349,1.0688543288466856,0.7559855270200581,91.03742532265005
9350,1.0687750997507304,0.7550494001501045,90.94699008699143
9351,1.0686959294266039,0.7541141274078236,90.85664385900228
9352,1.0686168178623552,0.7531797082809895,90.76638655270122
9353,1.0685377650460177,0.7522461422571957,90.67621808218671
9354,1.0684587709656093,0.7513134288246939,90.58613836163774
9355,1.0683798356091316,0.7503815674715556,90.49614730531394
9356,1.0683009589645713,0.7494505576865045,90.40624482755497
9357,1.0682221410198989,0.74852039895817,90.31643084278052
9358,1.0681433817630692,0.7475910907754215,90.22670526549052
9359,1.0680646811820216,0.7466626326276601,90.13706801026512
9360,1.0679860392646794,0.7457350240041646,90.04751899176416
9361,1.0679074559989503,0.7448082643947913,89.95805812472733
9362,1.0678289313727263,0.7438823532892432,89.86868532397463
9363,1.0677504653738836,0.7429572901778588,89.77940050440523
9364,1.0676720579902828,0.742033074550796,89.6902035809981
9365,1.0675937092097683,0.7411097058988751,89.60109446881225
9366,1.067515419020169,0.7401871837127114,89.51207308298572
9367,1.0674371874092983,0.7392655074835723,89.42313933873608
9368,1.0673590143649532,0.7383446767025285,89.33429315136075
9369,1.0672808998749153,0.7374246908613482,89.2455344362359
9370,1.0672028439269503,0.7365055494516599,89.15686310881705
9371,1.067124846508808,0.7355872519653457,89.0682790846394
9372,1.0670469076082223,0.7346697978948225,88.97978227931667
9373,1.0669690272129118,0.7337531867323269,88.89137260854189
9374,1.0668912053105783,0.732837417970731,88.80304998808681
9375,1.0668134418889088,0.7319224911027418,88.71481433380261
9376,1.0667357369355737,0.7310084056216767,88.62666556161882
9377,1.0666580904382277,0.7300951610206718,88.53860358754366
9378,1.0665805023845096,0.729182756793568,88.45062832766465
9379,1.0665029727620428,0.7282711924339523,88.36273969814725
9380,1.0664255015584339,0.7273604674360573,88.27493761523557
9381,1.0663480887612742,0.7264505812939558,88.18722199525278
9382,1.0662707343581392,0.7255415335023526,88.09959275459977
9383,1.066193438336588,0.7246333235558572,88.01204980975591
9384,1.0661162006841642,0.7237259509493277,87.92459307727921
9385,1.0660390213883952,0.7228194151781424,87.83722247380551
9386,1.0659619004367926,0.7219137157374655,87.74993791604862
9387,1.065884837816852,0.7210088521231838,87.66273932080107
9388,1.065807833516053,0.7201048238309349,87.57562660493268
9389,1.0657308875218592,0.7192016303569853,87.48859968539158
9390,1.0656539998217183,0.7182992711974471,87.40165847920335
9391,1.065577170403062,0.7173977458490525,87.31480290347191
9392,1.0655003992533063,0.7164970538083546,87.22803287537859
9393,1.0654236863598505,0.7155971945725297,87.14134831218203
9394,1.0653470317100784,0.71469816763869,87.05474913121907
9395,1.0652704352913578,0.7137999725041575,86.96823524990366
9396,1.0651938970910402,0.7129026086667674,86.881806585727
9397,1.0651174170964612,0.7120060756242357,86.79546305625823
9398,1.0650409952949407,0.7111103728748527,86.70920457914332
9399,1.064964631673782,0.7102154999167257,86.62303107210526
9400,1.0648883262202726,0.7093214562486071,86.536942452945
9401,1.0648120789216842,0.7084282413690758,86.45093863953986
9402,1.0647358897652717,0.7075358547773041,86.36501954984413
9403,1.0646597587382747,0.706644295972321,86.27918510188964
9404,1.0645836858279163,0.7057535644537616,86.1934352137846
9405,1.0645076710214034,0.7048636597210577,86.10776980371418
9406,1.0644317143059274,0.7039745812743297,86.02218878994005
9407,1.0643558156686628,0.7030863286135688,85.93669209080107
9408,1.0642799750967686,0.702198901238983,85.85127962471228
9409,1.0642041925773873,0.7013122986513264,85.76595131016515
9410,1.0641284680976455,0.7004265203511578,85.6807070657281
9411,1.0640528016446535,0.6995415658396624,85.59554681004556
9412,1.0639771932055058,0.6986574346178387,85.51047046183817
9413,1.06390164276728,0.6977741261873255,85.4254779399033
9414,1.0638261503170383,0.6968916400495351,85.34056916311415
9415,1.0637507158418265,0.6960099757065717,85.2557440504199
9416,1.063675339328674,0.6951291326603063,85.17100252084639
9417,1.0636000207645941,0.6942491104132338,85.08634449349474
9418,1.063524760136584,0.6933699084676763,85.00176988754218
9419,1.063449557431625,0.692491526326576,84.91727862224226
9420,1.0633744126366815,0.6916139634927964,84.8328706169237
9421,1.0632993257387022,0.6907372194694029,84.74854579099127
9422,1.0632242967246195,0.6898612937599894,84.66430406392496
9423,1.0631493255813493,0.6889861858679565,84.58014535528098
9424,1.0630744122957916,0.6881118952973633,84.49606958469063
9425,1.06299955685483,0.6872384215520438,84.41207667186049
9426,1.062924759245332,0.6863657641364626,84.32816653657308
9427,1.0628500194541484,0.6854939225548942,84.24433909868574
9428,1.0627753374681141,0.684622896312233,84.16059427813093
9429,1.062700713274048,0.6837526849132002,84.07693199491683
9430,1.0626261468587521,0.6828832878631216,83.9933521691264
9431,1.0625516382090126,0.6820147046672306,83.9098547209174
9432,1.0624771873115988,0.6811469348309841,83.82643957052308
9433,1.0624027941532646,0.6802799778603935,83.74310663825113
9434,1.0623284587207467,0.6794138332612227,83.65985584448418
9435,1.062254181000766,0.6785485005398825,83.57668710967984
9436,1.0621799609800269,0.6776839792025945,83.49360035437022
9437,1.0621057986452176,0.676820268756186,83.41059549916199
9438,1.06203169398301,0.6759573687073153,83.32767246473641
9439,1.0619576469800591,0.6750952785632347,83.24483117184953
9440,1.0618836576230044,0.6742339978310337,83.16207154133151
9441,1.0618097258984684,0.6733735260183604,83.07939349408673
9442,1.0617358517930575,0.6725138626327859,82.99679695109445
9443,1.0616620352933617,0.6716550071823876,82.9142818334076
9444,1.0615882763859543,0.6707969591752002,82.83184806215333
9445,1.0615145750573929,0.6699397181194698,82.74949555853333
9446,1.0614409312942181,0.6690832835239454,82.66722424382282
9447,1.0613673450829544,0.6682276548971918,82.58503403937095
9448,1.0612938164101096,0.6673728317483847,82.50292486660133
9449,1.0612203452621753,0.6665188135865294,82.42089664701086
9450,1.0611469316256268,0.665665599921179,82.33894930217032
9451,1.0610735754869227,0.6648131902618164,82.25708275372438
9452,1.0610002768325055,0.663961584118427,82.17529692339113
9453,1.0609270356488008,0.6631107810008549,82.09359173296225
9454,1.060853851922218,0.6622607804195259,82.01196710430285
9455,1.06078072563915,0.6614115818847217,81.93042295935177
9456,1.0607076567859732,0.6605631849072792,81.84895922012099
9457,1.0606346453490478,0.6597155889979844,81.76757580869555
9458,1.0605616913147173,0.6588687936678339,81.68627264723429
9459,1.0604887946693087,0.6580227984282873,81.60504965796878
9460,1.0604159553991324,0.6571776027906938,81.52390676320364
9461,1.0603431734904825,0.6563332062669368,81.44284388531698
9462,1.0602704489296364,0.6554896083687468,81.36186094675952
9463,1.0601977817028554,0.6546468086084415,81.28095787005466
9464,1.0601251717963838,0.6538048064981719,81.20013457779935
9465,1.0600526191964494,0.6529636015506657,81.11939099266267
9466,1.059980123889264,0.652123193278499,81.03872703738655
9467,1.0599076858610224,0.6512835811948037,80.95814263478583
9468,1.0598353050979028,0.6504447648125452,80.87763770774765
9469,1.0597629815860672,0.6496067436453302,80.7972121792317
9470,1.0596907153116606,0.6487695172066279,80.71686597227004
9471,1.0596185062608117,0.6479330850101278,80.63659900996747
9472,1.0595463544196326,0.6470974465700146,80.55641121550075
9473,1.059474259774219,0.6462626014002956,80.47630251211888
9474,1.0594022223106498,0.6454285490155702,80.3962728231433
9475,1.0593302420149875,0.6445952889302675,80.31632207196743
9476,1.0592583188732776,0.6437628206593777,80.23645018205653
9477,1.0591864528715491,0.6429311437177238,80.15665707694838
9478,1.0591146439958148,0.6421002576207717,80.07694268025216
9479,1.0590428922320707,0.641270161883731,79.997306915649
9480,1.0589711975662959,0.6404408560224363,79.91774970689222
9481,1.058899559984453,0.6396123395526299,79.83827097780645
9482,1.0588279794724884,0.6387846119902723,79.75887065228808
9483,1.0587564560163312,0.6379576728517893,79.67954865430505
9484,1.058684989601894,0.6371315216534552,79.60030490789721
9485,1.0586135802150731,0.6363061579121113,79.52113933717543
9486,1.058542227841748,0.6354815811444063,79.44205186632202
9487,1.0584709324677812,0.6346577908676374,79.36304241959111
9488,1.058399694079019,0.6338347865988617,79.28411092130747
9489,1.0583285126612907,0.6330125678557256,79.2052572958674
9490,1.0582573882004092,0.6321911341557266,79.12648146773857
9491,1.0581863206821702,0.6313704850169153,79.04778336145932
9492,1.0581153100923533,0.6305506199571849,78.96916290163917
9493,1.058044356416721,0.6297315384949885,78.89062001295872
9494,1.0579734596410193,0.6289132401487194,78.81215462016942
9495,1.0579026197509773,0.6280957244369414,78.73376664809325
9496,1.0578318367323076,0.62727899087876,78.65545602162351
9497,1.0577611105707059,0.626463038993055,78.5772226657237
9498,1.057690441251851,0.6256478682992805,78.49906650542823
9499,1.0576198287614054,0.6248334783167399,78.42098746584189
9500,1.0575492730850145,0.6240198685652958,78.34298547214034
9501,1.0574787742083072,0.6232070385646515,78.2650604495693
9502,1.0574083321168954,0.6223949878350615,78.18721232344492
9503,1.0573379467963746,0.6215837158966373,78.10944101915409
9504,1.057267618232323,0.6207732222700042,78.03174646215348
9505,1.0571973464103024,0.6199635064757121,77.95412857796997
9506,1.0571271313158577,0.619154568034787,77.87658729220102
9507,1.057056972934517,0.6183464064682215,77.79912253051373
9508,1.0569868712517918,0.6175390212972017,77.7217342186452
9509,1.0569168262531765,0.616732412043369,77.64442228240289
9510,1.056846837924149,0.6159265782282224,77.56718664766373
9511,1.05677690625017,0.6151215193738021,77.49002724037446
9512,1.0567070312166837,0.6143172350019943,77.41294398655201
9513,1.0566372128091175,0.6135137246352262,77.33593681228257
9514,1.0565674510128817,0.6127109877958125,77.25900564372205
9515,1.0564977458133702,0.6119090240065639,77.18215040709586
9516,1.0564280971959594,0.6111078327901585,77.10537102869927
9517,1.0563585051460096,0.6103074136698171,77.02866743489658
9518,1.0562889696488638,0.6095077661687004,76.95203955212159
9519,1.056219490689848,0.6087088898101597,76.8754873068776
9520,1.0561500682542722,0.6079107841180001,76.79901062573697
9521,1.0560807023274281,0.6071134486158819,76.72260943534114
9522,1.056011392894592,0.6063168828279796,76.64628366240102
9523,1.0559421399410223,0.6055210862783911,76.57003323369632
9524,1.055872943451961,0.6047260584916755,76.49385807607567
9525,1.0558038034126331,0.6039317989922721,76.41775811645707
9526,1.0557347198082467,0.6031383073051633,76.34173328182702
9527,1.0556656926239931,0.6023455829551649,76.26578349924073
9528,1.0555967218450464,0.6015536254676497,76.18990869582272
9529,1.0555278074565642,0.600762434367825,76.11410879876566
9530,1.0554589494436868,0.5999720091814449,76.03838373533107
9531,1.0553901477915377,0.5991823494341716,75.96273343284888
9532,1.0553214024852238,0.5983934546519332,75.88715781871788
9533,1.0552527135098346,0.5976053243610284,75.81165682040499
9534,1.055184080850443,0.5968179580876398,75.73623036544544
9535,1.0551155044921046,0.5960313553584881,75.66087838144324
9536,1.0550469844198584,0.5952455157001275,75.58560079607021
9537,1.0549785206187265,0.5944604386396503,75.51039753706638
9538,1.0549101130737135,0.593676123704018,75.4352685322403
9539,1.0548417617698078,0.5928925704207048,75.36021370946825
9540,1.0547734666919801,0.5921097783170179,75.28523299669448
9541,1.0547052278251847,0.5913277469208591,75.2103263219316
9542,1.0546370451543585,0.5905464757599276,75.1354936132597
9543,1.0545689186644218,0.5897659643624521,75.06073479882664
9544,1.0545008483402776,0.5889862122566218,74.98604980684864
9545,1.054432834166812,0.588207218970802,74.91143856560903
9546,1.0543648761288944,0.5874289840338026,74.83690100345895
9547,1.0542969742113766,0.5866515069742901,74.76243704881713
9548,1.0542291283990939,0.5858747873214567,74.68804663017002
9549,1.0541613386768642,0.5850988246043195,74.61372967607127
9550,1.054093605029489,0.5843236183524873,74.5394861151419
9551,1.0540259274417518,0.5835491680953666,74.46531587607065
9552,1.05395830589842,0.5827754733628928,74.39121888761319
9553,1.053890740384244,0.5820025336848722,74.31719507859232
9554,1.0538232308839561,0.5812303485916213,74.24324437789845
9555,1.0537557773822726,0.5804589176133225,74.16936671448876
9556,1.0536883798638923,0.5796882402806609,74.09556201738731
9557,1.0536210383134972,0.57891831612427,74.02183021568563
9558,1.053553752715752,0.5781491446749631,73.94817123854179
9559,1.0534865230553043,0.5773807254640232,73.87458501518063
9560,1.053419349316785,0.5766130580225474,73.80107147489426
9561,1.0533522314848074,0.5758461418821724,73.72763054704109
9562,1.0532851695439682,0.575079976574374,73.65426216104635
9563,1.0532181634788471,0.5743145616311525,73.58096624640179
9564,1.0531512132740062,0.573549896584378,73.50774273266599
9565,1.053084318913991,0.572785980966404,73.43459154946369
9566,1.0530174803833292,0.5720228143094774,73.36151262648615
9567,1.0529506976665324,0.5712603961463176,73.2885058934913
9568,1.0528839707480944,0.5704987260096429,73.21557128030291
9569,1.0528172996124923,0.5697378034323011,73.14270871681126
9570,1.0527506842441856,0.5689776279475894,73.06991813297296
9571,1.0526841246276173,0.5682181990886666,72.99719945881051
9572,1.0526176207472127,0.5674595163891902,72.9245526244124
9573,1.0525511725873802,0.5667015793826928,72.85197755993354
9574,1.0524847801325112,0.5659443876031989,72.77947419559449
9575,1.05241844336698,0.5651879405846046,72.70704246168162
9576,1.0523521622751437,0.5644322378612882,72.63468228854748
9577,1.052285936841342,0.5636772789675516,72.56239360661012
9578,1.0522197670498978,0.5629230634381261,72.49017634635335
9579,1.0521536528851168,0.5621695908076514,72.4180304383266
9580,1.0520875943312873,0.5614168606112443,72.34595581314517
9581,1.0520215913726807,0.5606648723839812,72.27395240148957
9582,1.0519556439935511,0.5599136256611116,72.20202013410581
9583,1.0518897521781356,0.5591631199783136,72.13015894180567
9584,1.051823915910654,0.5584133548711244,72.05836875546588
9585,1.051758135175309,0.5576643298755527,71.98664950602854
9586,1.0516924099562859,0.5569160445275422,71.91500112450133
9587,1.0516267402377533,0.556168498363469,71.84342354195674
9588,1.051561126003862,0.5554216909195987,71.77191668953236
9589,1.051495567238746,0.5546756217326887,71.70048049843128
9590,1.0514300639265224,0.5539302903393613,71.62911489992118
9591,1.0513646160512904,0.5531856962767374,71.55781982533468
9592,1.0512992235971326,0.5524418390817971,71.4865952060697
9593,1.051233886548114,0.5516987182920154,71.41544097358852
9594,1.0511686048882825,0.5509563334448067,71.34435705941846
9595,1.0511033786016688,0.5502146840777996,71.27334339515131
9596,1.0510382076722866,0.5494737697289945,71.20239991244401
9597,1.0509730920841323,0.5487335899362734,71.13152654301754
9598,1.0509080318211848,0.547994144238,71.06072321865756
9599,1.0508430268674058,0.5472554321724268,70.98998987121455
9600,1.0507780772067403,0.5465174532782712,70.91932643260304
9601,1.0507131828231155,0.5457802070941311,70.8487328348019
9602,1.0506483437004417,0.5450436931590937,70.77820900985465
9603,1.0505835598226119,0.5443079110120909,70.70775488986877
9604,1.0505188311735014,0.5435728601925914,70.63737040701581
9605,1.050454157736969,0.5428385402399676,70.56705549353194
9606,1.0503895394968559,0.5421049506937803,70.49681008171699
9607,1.050324976436986,0.5413720910939877,70.42663410393487
9608,1.0502604685411658,0.5406399609804377,70.35652749261334
9609,1.050196015793185,0.5399085598934483,70.28649018024456
9610,1.0501316181768154,0.5391778873732076,70.21652209938387
9611,1.0500672756758125,0.5384479429603866,70.14662318265073
9612,1.0500029882739135,0.5377187261955108,70.07679336272847
9613,1.0499387559548388,0.5369902366196445,70.00703257236378
9614,1.0498745787022916,0.5362624737736552,69.93734074436694
9615,1.0498104564999575,0.5355354371989178,69.86771781161214
9616,1.0497463893315053,0.5348091264366803,69.79816370703684
9617,1.049682377180586,0.5340835410286539,69.72867836364169
9618,1.0496184200308338,0.5333586805165172,69.65926171449128
9619,1.0495545178658652,0.5326345444421188,69.58991369271301
9620,1.0494906706692797,0.5319111323476853,69.5206342314977
9621,1.0494268784246592,0.5311884437753267,69.4514232640996
9622,1.0493631411155686,0.5304664782676676,69.3822807238358
9623,1.0492994587255553,0.5297452353671531,69.31320654408663
9624,1.0492358312381496,0.5290247146167167,69.24420065829531
9625,1.0491722586368641,0.5283049155591747,69.17526299996838
9626,1.0491087409051945,0.5275858377378058,69.1063935026749
9627,1.0490452780266188,0.5268674806957608,69.03759210004694
9628,1.0489818699845983,0.5261498439766765,68.96885872577963
9629,1.0489185167625763,0.5254329271240488,68.9001933136304
9630,1.0488552183439792,0.5247167296818293,68.83159579741957
9631,1.0487919747122159,0.5240012511939695,68.76306611103033
9632,1.048728785850678,0.5232864912045537,68.69460418840805
9633,1.0486656517427397,0.5225724492580546,68.62620996356078
9634,1.0486025723717582,0.5218591248988342,68.55788337055925
9635,1.0485395477210728,0.5211465176717253,68.48962434353632
9636,1.048476577774006,0.5204346271214235,68.42143281668713
9637,1.0484136625138625,0.5197234527930966,68.35330872426954
9638,1.04835080192393,0.5190129942317874,68.28525200060326
9639,1.0482879959874787,0.5183032509829784,68.21726258007028
9640,1.0482252446877613,0.5175942225920984,68.14934039711467
9641,1.0481625480080137,0.5168859086049752,68.08148538624283
9642,1.0480999059314537,0.516178308567325,68.01369748202289
9643,1.0480373184412823,0.5154714220253349,67.94597661908492
9644,1.0479747855206831,0.5147652485251405,67.8783227321212
9645,1.047912307152822,0.5140597876130413,67.81073575588555
9646,1.0478498833208476,0.513355038835731,67.74321562519356
9647,1.0477875140078914,0.5126510017397734,67.67576227492292
9648,1.0477251991970673,0.5119476758721884,67.60837564001264
9649,1.0476629388714722,0.5112450607799004,67.54105565546338
9650,1.047600733014185,0.5105431560102648,67.4738022563376
9651,1.0475385816082678,0.5098419611105195,67.406615377759
9652,1.047476484636765,0.5091414756283584,67.33949495491277
9653,1.0474144420827036,0.5084416991113604,67.27244092304578
9654,1.0473524539290935,0.5077426311075556,67.20545321746596
9655,1.0472905201589269,0.5070442711649258,67.13853177354257
9656,1.0472286407551787,0.5063466188316184,67.07167652670597
9657,1.0471668157008067,0.505649673656148,67.00488741244814
9658,1.047105044978751,0.5049534351869578,66.93816436632176
9659,1.047043328571934,0.5042579029728854,66.87150732394058
9660,1.0469816664632616,0.5035630765626845,66.8049162209797
9661,1.0469200586356215,0.502868955505546,66.73839099317487
9662,1.0468585050718844,0.5021755393505332,66.67193157632272
9663,1.0467970057549034,0.5014828276471806,66.60553790628101
9664,1.0467355606675144,0.5007908199448876,66.539209918968
9665,1.0466741697925357,0.5000995157935038,66.47294755036265
9666,1.0466128331127682,0.4994089147427581,66.40675073650496
9667,1.0465515506109957,0.49871901634284904,66.34061941349522
9668,1.0464903222699842,0.4980298201439023,66.27455351749427
9669,1.0464291480724823,0.49734132569621137,66.2085529847238
9670,1.0463680280012215,0.49665353255045613,66.1426177514656
9671,1.0463069620389158,0.49596644025718617,66.076747754062
9672,1.0462459501682615,0.49528004836740347,66.01094292891553
9673,1.0461849923719377,0.49459435643198657,65.94520321248942
9674,1.0461240886326062,0.4939093640022603,65.8795285413067
9675,1.0460632389329112,0.4932250706294205,65.81391885195067
9676,1.0460024432554793,0.49254147586514807,65.74837408106508
9677,1.0459417015829202,0.49185857926096255,65.68289416535337
9678,1.0458810138978256,0.49117638036882943,65.61747904157896
9679,1.0458203801827703,0.4904948787406191,65.5521286465657
9680,1.0457598004203112,0.48981407392862364,65.486842917197
9681,1.045699274592988,0.4891339654850941,65.42162179041591
9682,1.0456388026833232,0.4884545529624451,65.35646520322594
9683,1.0455783846738214,0.4877758359134569,65.29137309268974
9684,1.0455180205469699,0.4870978138907838,65.2263453959298
9685,1.0454577102852387,0.4864204864475545,65.16138205012852
9686,1.0453974538710804,0.48574385313674656,65.09648299252757
9687,1.0453372512869301,0.4850679135117813,65.03164816042826
9688,1.0452771025152054,0.48439266712596724,64.96687749119127
9689,1.0452170075383067,0.48371811353305616,64.90217092223702
9690,1.0451569663386164,0.48304425228666453,64.83752839104496
9691,1.0450969788985,0.48237108294086195,64.77294983515385
9692,1.0450370452003055,0.4816986050496031,64.70843519216209
9693,1.044977165226363,0.4810268181672669,64.64398439972689
9694,1.0449173389589859,0.4803557218481621,64.57959739556463
9695,1.0448575663804693,0.47968531564682904,64.51527411745111
9696,1.0447978474730917,0.4790155991181073,64.4510145032209
9697,1.0447381822191133,0.47834657181673407,64.3868184907675
9698,1.0446785706007777,0.47767823329788944,64.32268601804367
9699,1.0446190126003105,0.4770105831166298,64.25861702306075
9700,1.0445595081999202,0.4763436208284549,64.19461144388893
9701,1.0445000573817973,0.475677345988728,64.13066921865747
9702,1.0444406601281153,0.4750117581532688,64.06679028555405
9703,1.0443813164210303,0.47434685687774064,64.00297458282506
9704,1.0443220262426807,0.47368264171829644,63.939222048775484
9705,1.0442627895751875,0.4730191122310056,63.87553262176917
9706,1.0442036064006543,0.47235626797208874,63.811906240228055
9707,1.0441444767011674,0.4716941084981315,63.7483428426327
9708,1.0440854004587954,0.471032633365615,63.68484236752229
9709,1.0440263776555894,0.4703718421314478,63.621404753494
9710,1.0439674082735833,0.46971173435240626,63.558029939203394
9711,1.0439084922947934,0.4690523095857103,63.49471786336458
9712,1.0438496297012185,0.46839356738844323,63.43146846474947
9713,1.04379082047484,0.4677355073181578,63.36828168218814
9714,1.043732064597622,0.4670781289322547,63.30515745456911
9715,1.0436733620515108,0.4664214317885638,63.242095720838606
9716,1.0436147128184357,0.4657654154448071,63.1790964200008
9717,1.0435561168803078,0.46511007945912897,63.1161594911181
9718,1.0434975742190216,0.46445542338962537,63.05328487331052
9719,1.0434390848164536,0.4638014467945512,62.990472505755946
9720,1.043380648654463,0.4631481492325028,62.92772232768994
9721,1.0433222657148917,0.46249553026197066,62.865034278406114
9722,1.043263935979564,0.46184358944188814,62.80240829725548
9723,1.0432056594302863,0.46119232633104473,62.7398443236465
9724,1.0431474360488484,0.4605417404886652,62.677342297045676
9725,1.0430892658170219,0.45989183147385077,62.614902156976605
9726,1.0430311487165613,0.45924259884611923,62.55252384302035
9727,1.0429730847292038,0.4585940421648956,62.49020729481572
9728,1.0429150738366688,0.45794616099000823,62.42795245205854
9729,1.0428571160206583,0.4572989548811701,62.3657592545019
9730,1.042799211262857,0.45665242339850937,62.3036276419565
9731,1.0427413595449322,0.45600656610214035,62.24155755428991
9732,1.0426835608485334,0.4553613825522851,62.17954893142691
9733,1.0426258151552927,0.4547168723095334,62.11760171334926
9734,1.0425681224468253,0.4540730349343744,62.0557158400961
9735,1.0425104827047282,0.4534298699876907,61.99389125176328
9736,1.0424528959105814,0.452787377030261,61.93212788850345
9737,1.0423953620459472,0.4521455556232861,61.87042569052661
9738,1.0423378810923705,0.45150440532784536,61.80878459809917
9739,1.042280453031379,0.45086392570541867,61.74720455154433
9740,1.0422230778444825,0.45022411631741915,61.68568549124231
9741,1.042165755513174,0.44958497672563047,61.62422735762978
9742,1.0421084860189282,0.44894650649179646,61.562830091200006
9743,1.0420512693432031,0.4483087051778181,61.50149363250301
9744,1.0419941054674389,0.44767157234594046,61.44021792214516
9745,1.041936994373058,0.4470351075582976,61.37900290078927
9746,1.0418799360414663,0.44639931037742425,61.317848509154786
9747,1.0418229304540514,0.44576418036576654,61.256754688017345
9748,1.0417659775921837,0.4451297170861382,61.19572137820884
9749,1.0417090774372162,0.4444959201012955,61.13474852061748
9750,1.0416522299704845,0.4438627889743703,61.07383605618796
9751,1.0415954351733065,0.4432303232683816,61.01298392592064
9752,1.041538693026983,0.44259852254676574,60.95219207087225
9753,1.0414820035127972,0.4419673863728496,60.89146043215574
9754,1.0414253666120148,0.4413369143103507,60.83078895093979
9755,1.0413687823058841,0.44070710592295714,60.77017756844897
9756,1.041312250575636,0.44007796077450617,60.70962622596421
9757,1.0412557714024842,0.4394494784291429,60.649134864821804
9758,1.0411993447676242,0.43882165845096033,60.58870342641402
9759,1.0411429706522348,0.4381945004044077,60.52833185218901
9760,1.041086649037477,0.4375680038538402,60.4680200836505
9761,1.0410303799044947,0.4369421683640094,60.40776806235766
9762,1.0409741632344138,0.4363169934995707,60.347575729925794
9763,1.0409179990083435,0.43569247882557066,60.28744302802523
9764,1.040861887207375,0.4350686239069373,60.22736989838201
9765,1.040805827812582,0.43444542830902594,60.1673562827775
9766,1.0407498208050214,0.43382289159704945,60.10740212304878
9767,1.0406938661657321,0.43320101333665795,60.04750736108795
9768,1.0406379638757357,0.4325797930934272,59.98767193884241
9769,1.0405821139160365,0.4319592304330922,59.92789579831511
9770,1.0405263162676213,0.4313393249217174,59.86817888156388
9771,1.0404705709114594,0.43072007612525953,59.80852113070168
9772,1.040414877828503,0.430101483610066,59.74892248789689
9773,1.0403592369996864,0.42948354694239366,59.68938289537264
9774,1.0403036484059267,0.4288662656888711,59.629902295407014
9775,1.0402481120281237,0.42824963941603217,59.57048063033335
9776,1.0401926278471598,0.42763366769082717,59.51111784253964
9777,1.0401371958438996,0.4270183500800701,59.4518138744686
9778,1.040081815999191,0.42640368615096746,59.39256866861811
9779,1.0400264882938637,0.42578967547064184,59.33338216754049
9780,1.0399712127087304,0.4251763176065815,59.27425431384288
9781,1.0399159892245864,0.4245636121262499,59.21518505018686
9782,1.0398608178222095,0.4239515585972568,59.156174319288986
9783,1.0398056984823603,0.42334015658751756,59.09722206392004
9784,1.0397506311857816,0.42272940566485107,59.0383282269053
9785,1.0396956159131994,0.42211930539749837,58.979492751124766
9786,1.0396406526453217,0.4215098553535532,58.92071557951255
9787,1.0395857413628393,0.4209010551015113,58.86199665505709
9788,1.0395308820464257,0.4202929042097743,58.80333592080139
9789,1.0394760746767373,0.4196854022471046,58.74473331984247
9790,1.0394213192344124,0.4190785487821897,58.6861887953315
9791,1.0393666157000725,0.41847234338409095,58.62770229047413
9792,1.0393119640543214,0.41786678562182394,58.56927374852972
9793,1.0392573642777456,0.4172618750645427,58.51090311281175
9794,1.0392028163509144,0.41665761128175205,58.45259032668797
9795,1.0391483202543796,0.4160539938428258,58.3943353335798
9796,1.0390938759686756,0.41545102231752123,58.336138076962655
9797,1.0390394834743195,0.41484869627550186,58.277998500365605
9798,1.0389851427518109,0.41424701528681296,58.21991654737198
9799,1.038930853781632,0.41364597892139765,58.16189216161848
9800,1.0388766165442478,0.4130455867495721,58.10392528679546
9801,1.038822431020106,0.4124458383415643,58.04601586664729
9802,1.0387682971896368,0.4118467332679558,57.9881638449716
9803,1.0387142150332531,0.41124827109928463,57.93036916561962
9804,1.0386601845313506,0.4106504514064084,57.872631772496376
9805,1.038606205664307,0.4100532737601614,57.81495160956
9806,1.0385522784124837,0.4094567377315239,57.7573286208221
9807,1.0384984027562236,0.4088608428917909,57.69976275034792
9808,1.0384445786758532,0.4082655888121606,57.64225394225563
9809,1.0383908061516811,0.40767097506419014,57.58480214071681
9810,1.038337085163999,0.4070770012193618,57.52740728995643
9811,1.038283415693081,0.406483666849495,57.47006933425243
9812,1.0382297977191837,0.4058909715263758,57.41278821793584
9813,1.0381762312225469,0.4052989148221015,57.355563885390715
9814,1.0381227161833926,0.4047074963086985,57.298396281054515
9815,1.0380692525819255,0.4041167155585513,57.24128534941716
9816,1.0380158403983333,0.40352657214396304,57.18423103502177
9817,1.0379624796127862,0.40293706563759984,57.127233282464374
9818,1.037909170205437,0.4023481956120819,57.07029203639365
9819,1.0378559121564213,0.4017599616401813,57.01340724151111
9820,1.0378027054458574,0.4011723632949535,56.956578842571126
9821,1.0377495500538463,0.4005854001494096,56.89980678438062
9822,1.0376964459604716,0.3999990717768746,56.84309101179901
9823,1.0376433931457998,0.3994133777506065,56.78643146973871
9824,1.0375903915898799,0.3988283176442176,56.72982810316432
9825,1.0375374412727438,0.39824389103122754,56.673280857092855
9826,1.037484542174406,0.39766009748553016,56.616789676594195
9827,1.0374316942748638,0.39707693658091786,56.56035450679027
9828,1.0373788975540972,0.3964944078915368,56.50397529285538
9829,1.0373261519920687,0.3959125109915056,56.44765198001607
9830,1.037273457568724,0.39533124545509624,56.39138451355152
9831,1.037220814263991,0.3947506108568612,56.335172838792666
9832,1.0371682220577805,0.3941706067712614,56.27901690112266
9833,1.0371156809299864,0.39359123277313357,56.22291664597709
9834,1.037063190860485,0.39301248843720565,56.166872018843215
9835,1.0370107518291356,0.3924343733385663,56.11088296526041
9836,1.0369583638157798,0.3918568870522252,56.054949430820216
9837,1.0369060268002424,0.39128002915354615,55.999071361165825
9838,1.0368537407623308,0.39070379921777865,55.943248701992296
9839,1.0368015056818352,0.39012819682058036,55.88748139904682
9840,1.0367493215385284,0.38955322153747446,55.83176939812804
9841,1.0366971883121663,0.38897887294434824,55.776112645086336
9842,1.0366451059824873,0.3884051506170676,55.720511085824015
9843,1.0365930745292125,0.38783205413161875,55.66496466629481
9844,1.036541093932046,0.3872595830642884,55.60947333250406
9845,1.0364891641706748,0.3866877369912765,55.55403703050855
9846,1.0364372852247685,0.3861165154891395,55.49865570641685
9847,1.0363854570739794,0.3855459181343262,55.44332930638872
9848,1.036333679697943,0.3849759445036749,55.388057776635236
9849,1.036281953076277,0.38440659417390116,55.33284106341917
9850,1.0362302771885825,0.38383786672208714,55.27767911305426
9851,1.0361786520144431,0.38326976172521643,55.222571871905544
9852,1.0361270775334253,0.3827022787606328,55.167519286389556
9853,1.0360755537250783,0.38213541740559037,55.112521302973626
9854,1.0360240805689345,0.3815691772376819,55.05757786817626
9855,1.0359726580445086,0.3810035578344859,55.0026889285673
9856,1.0359212861312985,0.38043855877368526,54.94785443076732
9857,1.0358699648087848,0.3798741796332933,54.89307432144796
9858,1.0358186940564311,0.37931041999120685,54.83834854733167
9859,1.0357674738536837,0.3787472794256746,54.7836770551921
9860,1.035716304179972,0.3781847575148599,54.72905979185343
9861,1.0356651850147076,0.3776228538372732,54.67449670419062
9862,1.0356141163372858,0.37706156797134677,54.61998773912962
9863,1.0355630981270845,0.37650089949583937,54.56553284364685
9864,1.035512130363464,0.37594084798943606,54.511131964769326
9865,1.035461213025768,0.3753814130311577,54.456785049575
9866,1.0354103460933233,0.37482259419996544,54.40249204519203
9867,1.0353595295454388,0.3742643910751263,54.34825289879911
9868,1.0353087633614069,0.3737068032358961,54.294067557625674
9869,1.0352580475205027,0.37314983026166243,54.2399359689513
9870,1.0352073820019843,0.3725934717320818,54.18585808010592
9871,1.0351567667850925,0.3720377272267416,54.13183383847002
9872,1.0351062018490513,0.37148259632556985,54.07786319147421
9873,1.0350556871730676,0.37092807860840266,54.023946086599295
9874,1.0350052227363309,0.3703741736554083,53.97008247137619
9875,1.034954808518014,0.36982088104670713,53.91627229338631
9876,1.0349044444972724,0.3692682003627166,53.862515500260784
9877,1.0348541306532446,0.3687161311837937,53.80881203968085
9878,1.0348038669650523,0.368164673090611,53.75516185937795
9879,1.0347536534117998,0.36761382566384426,53.70156490713331
9880,1.0347034899725744,0.3670635884842651,53.64802113077796
9881,1.0346533766264465,0.36651396113293766,53.59453047819314
9882,1.0346033133524695,0.365964943190857,53.54109289730958
9883,1.0345533001296796,0.3654165342393197,53.48770833610779
9884,1.0345033369370962,0.36486873385959095,53.434376742618284
9885,1.0344534237537215,0.36432154163323316,53.381098064921034
9886,1.0344035605585409,0.363774957141725,53.32787225114555
9887,1.0343537473305227,0.3632289799668982,53.274699249471276
9888,1.034303984048618,0.3626836096904859,53.221579008126895
9889,1.034254270691761,0.36213884589456746,53.168511475390694
9890,1.0342046072388693,0.3615946881611291,53.115496599590266
9891,1.034154993668843,0.36105113607250133,53.06253432910296
9892,1.0341054299605656,0.36050818921094824,53.00962461235517
9893,1.0340559160929035,0.3599658471589198,52.95676739782259
9894,1.034006452044706,0.3594241094991113,52.903962634030535
9895,1.0339570377948057,0.3588829758141244,52.851210269553185
9896,1.033907673322018,0.3583424456869082,52.79851025301393
9897,1.0338583586051417,0.35780251870032714,52.74586253308555
9898,1.0338090936229583,0.35726319443757476,52.6932670584897
9899,1.0337598783542326,0.35672447248175715,52.640723777997025
9900,1.0337107127777123,0.3561863524163251,52.58823264042745
9901,1.0336615968721283,0.35564883382462215,52.53579359464959
9902,1.0336125306161947,0.35511191629035455,52.483406589580966
9903,1.0335635139886086,0.35457559939712446,52.43107157418827
9904,1.03351454696805,0.3540398827288598,52.37878849748664
9905,1.0334656295331823,0.35350476586946583,52.32655730854024
9906,1.033416761662652,0.3529702484029693,52.27437795646173
9907,1.0333679433350884,0.35243632991367757,52.22225039041278
9908,1.0333191745291044,0.3519030099858065,52.17017455960344
9909,1.0332704552232959,0.3513702882038954,52.11815041329237
9910,1.0332217853962415,0.35083816415241803,52.06617790078696
9911,1.0331731650265035,0.35030663741617163,52.01425697144299
9912,1.033124594092627,0.34977570757986354,51.962387574664554
9913,1.0330760725731407,0.349245374228527,51.9105696599045
9914,1.033027600446556,0.3487156369471155,51.85880317666382
9915,1.0329791776913677,0.34818649532090534,51.80708807449174
9916,1.0329308042860539,0.34765794893510005,51.755424302986135
9917,1.0328824802090755,0.34712999737521943,51.70381181179276
9918,1.0328342054388768,0.3466026402267465,51.65225055060566
9919,1.0327859799538857,0.3460758770752869,51.60074046916722
9920,1.0327378037325126,0.34554970750675307,51.54928151726774
9921,1.0326896767531517,0.345024131106924,51.49787364474558
9922,1.0326415989941802,0.34449914746193555,51.4465168014871
9923,1.0325935704339584,0.34397475615782774,51.39521093742685
9924,1.03254559105083,0.3434509567809674,51.34395600254713
9925,1.032497660823122,0.34292774891763317,51.292751946878006
9926,1.0324497797291445,0.342405132154442,51.24159872049779
9927,1.032401947747191,0.3418831060779145,51.1904962735322
9928,1.0323541648555383,0.3413616702748844,51.13944455615481
9929,1.0323064310324463,0.3408408243321841,51.08844351858706
9930,1.0322587462561585,0.34032056783674564,51.03749311109793
9931,1.0322111105049012,0.3398009003757671,50.986593284003895
9932,1.0321635237568845,0.33928182153637715,50.93574398766936
9933,1.0321159859903013,0.33876333090601435,50.88494517250593
9934,1.0320684971833285,0.33824542807204,50.834196788972775
9935,1.0320210573141255,0.3377281126221333,50.783498787576804
9936,1.0319736663608359,0.33721138414389706,50.732851118871885
9937,1.031926324301586,0.33669524222523434,50.68225373345953
9938,1.0318790311144854,0.33617968645400276,50.63170658198841
9939,1.0318317867776277,0.33566471641834905,50.5812096151547
9940,1.0317845912690893,0.3351503317063441,50.53076278370158
9941,1.03173744456693,0.3346365319063762,50.48036603841943
9942,1.0316903466491933,0.3341233166068085,50.43001933014602
9943,1.031643297493906,0.3336106853961136,50.37972260976593
9944,1.031596297079078,0.3330986378630352,50.32947582821083
9945,1.031549345382703,0.33258717359624107,50.2792789364597
9946,1.0315024423827577,0.3320762921846885,50.229131885538145
9947,1.0314555880572025,0.3315659932173068,50.179034626518735
9948,1.0314087823839813,0.33105627628329026,50.1289871105212
9949,1.031362025341021,0.33054714097177584,50.07898928871185
9950,1.0313153169062323,0.33003858687220144,50.029041112303815
9951,1.0312686570575096,0.3295306135739454,49.97914253255716
9952,1.0312220457727304,0.3290232206666748,49.92929350077847
9953,1.0311754830297555,0.32851640773999385,49.87949396832105
9954,1.0311289688064296,0.3280101743838094,49.829743886584794
9955,1.0310825030805806,0.32750452018800347,49.780043207016384
9956,1.03103608583002,0.32699944474258535,49.73039188110878
9957,1.0309897170325428,0.3264949476378013,49.680789860401546
9958,1.0309433966659276,0.32599102846384,49.63123709648081
9959,1.0308971247079362,0.32548768681118895,49.58173354097891
9960,1.0308509011363143,0.32498492227025405,49.53227914557462
9961,1.030804725928791,0.3244827344317635,49.48287386199321
9962,1.0307585990630788,0.3239811228863651,49.43351764200603
9963,1.0307125205168741,0.3234800872250016,49.38421043743061
9964,1.0306664902678566,0.3229796270385351,49.33495220013102
9965,1.0306205082936897,0.322479741918183,49.28574288201715
9966,1.0305745745720203,0.32198043145507294,49.23658243504508
9967,1.0305286890804788,0.32148169524047265,49.18747081121717
9968,1.0304828517966793,0.3209835328659171,49.13840796258151
9969,1.0304370626982198,0.3204859439228462,49.089393841232344
9970,1.0303913217626814,0.31998892800301565,49.040428399309775
9971,1.0303456289676292,0.31949248469810754,48.991511589000034
9972,1.0302999842906118,0.3189966136000962,48.942643362534845
9973,1.0302543877091612,0.3185013143008823,48.89382367219199
9974,1.0302088392007938,0.31800658639269785,48.845052470295066
9975,1.0301633387430087,0.3175124294676613,48.79632970921327
9976,1.0301178863132894,0.31701884311821193,48.74765534136141
9977,1.030072481889103,0.3165258269367133,48.6990293192003
9978,1.0300271254478999,0.31603338051582863,48.65045159523602
9979,1.0299818169671144,0.3155415034481853,48.6019221220202
9980,1.0299365564241647,0.31505019532653755,48.55344085215029
9981,1.0298913437964525,0.3145594557438956,48.505007738269036
9982,1.0298461790613633,0.31406928429316827,48.45662273306446
9983,1.0298010621962665,0.313579680567599,48.40828578927036
9984,1.029755993178515,0.31309064416034105,48.359996859665614
9985,1.0297109719854456,0.3126021746648466,48.31175589707448
9986,1.0296659985943788,0.31211427167448674,48.2635628543664
9987,1.029621072982619,0.3116269347829509,48.21541768445633
9988,1.029576195127454,0.3111401635838319,48.16732034030404
9989,1.0295313650061562,0.3106539576710321,48.11927077491463
9990,1.029486582595981,0.31016831663839034,48.071268941338474
9991,1.029441847874168,0.3096832400800127,48.023314792670725
9992,1.0293971608179406,0.30919872759001754,47.97540828205161
9993,1.029352521404506,0.3087147787626065,47.92754936266653
9994,1.0293079296110554,0.3082313931922408,47.879737987745656
9995,1.0292633854147637,0.3077485704733009,47.83197411056398
9996,1.0292188887927896,0.3072663102004812,47.78425768444162
9997,1.0291744397222757,0.306784611968387,47.736588662743266
9998,1.029130038180349,0.30630347537190994,47.68896699887852
