t,theta_history,m_history,v_history
0,-1.5,0.0,0.0
1,-1.5,-0.1618531867404196,0.2644629795589968
2,-1.4964644080533307,-0.3213418785672025,0.5262077543384643
3,-1.492381862093548,-0.47782018061498854,0.7830820419199521
4,-1.4880517921919731,-0.631234850241456,1.0348654966734872
5,-1.4835799603314572,-0.7815485945679762,1.281394475649996
6,-1.479016291091916,-0.9287651348124036,1.5226392707278815
7,-1.4743883936493636,-1.0728984757804485,1.7586048414398787
8,-1.469713181165138,-1.2139713845054283,1.9893250473022817
9,-1.4650017914395368,-1.3520114337786573,2.214849802236526
10,-1.4602619680624989,-1.487049374016729,2.435239592604546
11,-1.4554993284471,-1.6191182630466163,2.6505626338710973
12,-1.4507180901717474,-1.7482518506654685,2.8608893178954933
13,-1.4459215113595942,-1.8744862241149325,3.0662980838247145
14,-1.441112170872366,-1.9978576402190595,3.266867823959079
15,-1.4362921529580388,-2.1184015864537633,3.462674617340271
16,-1.4314631730248388,-2.236155261465518,3.653800514677587
17,-1.4266266662419063,-2.351156363929591,3.8403293703977006
18,-1.4217838510264946,-2.4634420475232637,4.022343106704262
19,-1.416935775387934,-2.573048935940385,4.199921609631387
20,-1.4120833514276814,-2.680013990232098,4.37314599084372
21,-1.4072273817434318,-2.784374110269513,4.542097181623289
22,-1.4023685797011562,-2.886166134931659,4.706855926955441
23,-1.3975075852407377,-2.9854268493443423,4.867502842245261
24,-1.3926449773638758,-3.08219292380526,5.024118210404255
25,-1.3877812840919745,-3.1765007768978872,5.1767814757067265
26,-1.3829169904570586,-3.2683862425738046,5.32556991126398
27,-1.3780525448794227,-3.3578848967545785,5.470559907688554
28,-1.373188364483825,-3.445032138461837,5.6118272918402905
29,-1.3683248395079293,-3.529863136856329,5.749447131894903
30,-1.3634623369548182,-3.612412761320214,5.8834934817043
31,-1.3586012036340454,-3.692715579513893,6.014039377934412
32,-1.3537417687185698,-3.7708059115323675,6.141157061527459
33,-1.3488843459226079,-3.846717847436105,6.2649180555406545
34,-1.3440292353591778,-3.920485182730417,6.385392927910692
35,-1.339176725114718,-3.9921413310780536,6.502650912980694
36,-1.3343270925624997,-4.061719336688431,6.61675998271557
37,-1.329480605501156,-4.129251970138896,6.727787238774351
38,-1.324637523164215,-4.194771802444188,6.835799247723043
39,-1.3197980971269019,-4.258311075813399,6.940861509897626
40,-1.3149625720563596,-4.319901598125184,7.043037985092604
41,-1.3101311863192024,-4.3795748337020814,7.142391477742129
42,-1.3053041725385948,-4.437361938803866,7.238983800162074
43,-1.300481758095446,-4.493293774116937,7.332875834967492
44,-1.2956641655735808,-4.547400903748072,7.424127539491134
45,-1.2908516131520973,-4.5997135803898,7.512797886053667
46,-1.2860443149457705,-4.650261747705547,7.598944877477994
47,-1.2812424813058816,-4.69907503963088,7.682625549721507
48,-1.2764463190855804,-4.746182780080812,7.763895976555626
49,-1.2716560318743428,-4.791613971289468,7.842811219021841
50,-1.266871820199744,-4.835397256334651,7.919425153289724
51,-1.2620938816889904,-4.8775609459518545,7.9937905903105015
52,-1.2573224112183576,-4.9181330195394795,8.065959291907133
53,-1.252557601046654,-4.957141147573491,8.135982068178118
54,-1.247799640937849,-4.9946126909540665,8.2039087816059
55,-1.2430487182691858,-5.030574699066927,8.269788344889019
56,-1.238305018125787,-5.065053916212981,8.333668750434063
57,-1.2335687233843668,-5.0980767814769585,8.395597073774686
58,-1.2288400147859688,-5.129669432769196,8.455619500338436
59,-1.224119071001537,-5.159857729441208,8.51378144958256
60,-1.2194060687011505,-5.188667241982556,8.570127523993014
61,-1.2147011826088498,-5.216123245637277,8.624701479761228
62,-1.2100045855466157,-5.242250727351345,8.677546267523828
63,-1.2053164484754413,-5.2670743780242,8.728703998385605
64,-1.200636940526966,-5.2906185934135035,8.778215950514005
65,-1.195966229029623,-5.3129074782727175,8.826122591488888
66,-1.1913044795311576,-5.333964846804822,8.872463585703947
67,-1.1866518558172103,-5.353814225425877,8.917277808524199
68,-1.1820085199261396,-5.372478849198562,8.960603335444448
69,-1.17737463215945,-5.389981665710926,9.00247745961078
70,-1.1727503510891504,-5.406345337373057,9.042936708643738
71,-1.1681358335635132,-5.421592241090664,9.082016843112044
72,-1.1635312347090538,-5.435744457460476,9.119752787570192
73,-1.1589367079209285,-5.4488237798038375,9.156178685850977
74,-1.1543524048568607,-5.460851717988682,9.191327925800524
75,-1.1497784754313205,-5.471849504565188,9.225233172258076
76,-1.1452150678101798,-5.4818380975314795,9.257926383612515
77,-1.1406623284046948,-5.490838179952326,9.289438810582109
78,-1.136120401863215,-5.498870153121216,9.31980095364622
79,-1.1315894310561116,-5.505954145762756,9.349042614602892
80,-1.1270695570639384,-5.512110020213348,9.37719293384178
81,-1.1225609191677999,-5.517357373702736,9.404280397981163
82,-1.118063654838836,-5.52171553912172,9.430332845755352
83,-1.1135778997269639,-5.525203588497823,9.455377485482
84,-1.109103787649559,-5.527840334402029,9.479440904804477
85,-1.1046414505800173,-5.529644332017368,9.502549079727896
86,-1.1001910186355994,-5.530633880639384,9.524727384899158
87,-1.0957526200654208,-5.530827025671768,9.54600060402848
88,-1.0913263812383107,-5.530241561037401,9.56639294197485
89,-1.086912426630684,-5.528895031004546,9.585928035611103
90,-1.0825108788146895,-5.526804732508843,9.60462896568524
91,-1.0781218584465457,-5.5239877175346885,9.622518268780397
92,-1.0737454842551075,-5.520460794331356,9.639617944011263
93,-1.0693818730304614,-5.516240528771263,9.655949459510877
94,-1.0650311396124708,-5.511343246735829,9.67153376390649
95,-1.060693396879665,-5.5057850368997805,9.68639130076687
96,-1.0563687557388792,-5.499581752560902,9.700542018268573
97,-1.0520573251153693,-5.492749014814834,9.714005387527743
98,-1.0477592119443238,-5.485302213510222,9.726800404497455
99,-1.0434745211619005,-5.477256509105133,9.73894559737629
100,-1.0392033556963816,-5.468626834095446,9.750459034051007
101,-1.0349458164598486,-5.4594278953442466,9.761358331706685
102,-1.0307020023402045,-5.449674175680611,9.771660664605657
103,-1.0264720101937546,-5.439379936835534,9.781382777649064
104,-1.0222559348386087,-5.428559221428792,9.79054099519029
105,-1.018053869048641,-5.417225854548315,9.79915122800446
106,-1.013865903547967,-5.405393446151464,9.807228984446983
107,-1.0096921270062411,-5.3930753964438285,9.814789405542859
108,-1.0055326260375743,-5.380284895903947,9.821847259188415
109,-1.0013874851984772,-5.367034925783042,9.828416935671475
110,-0.997256786984842,-5.353338259729582,9.834512452729118
111,-0.9931406118291825,-5.339207465925449,9.84014746501666
112,-0.9890390380987047,-5.324654909102432,9.845335272264684
113,-0.9849521420940488,-5.309692752965957,9.850088829032215
114,-0.9808799980487433,-5.294332962269429,9.85442075307059
115,-0.9768226781293735,-5.278587304664728,9.858343331410554
116,-0.972780252436187,-5.2624673515391,9.861868519615618
117,-0.9687527890035468,-5.245984481056759,9.865007954659097
118,-0.9647403538013748,-5.229149879956237,9.867772962825077
119,-0.9607430107375251,-5.211974545917652,9.870174568245488
120,-0.9567608216607937,-5.194469289588348,9.87222350047289
121,-0.9527938463646426,-5.176644736501415,9.873930201013419
122,-0.9488421425915279,-5.1585113292296665,9.875304829874636
123,-0.9449057660376687,-5.140079329372174,9.876357272827198
124,-0.9409847703585443,-5.121358819400343,9.877097147340328
125,-0.937079207174972,-5.102359704757254,9.877533809182566
126,-0.9331891260797203,-5.08309171589932,9.877676359043368
127,-0.9293145746447142,-5.0635644101175705,9.877533647931525
128,-0.9254555984287706,-5.043787173778576,9.877114284797882
129,-0.9216122409859878,-5.023769224345574,9.876426642654211
130,-0.9177845438746693,-5.003519612043799,9.875478862940534
131,-0.9139725466667171,-4.983047221935116,9.874278861525575
132,-0.9101762869575125,-4.962360775930425,9.872834335184727
133,-0.9063958003764263,-4.941468834951214,9.87115276755938
134,-0.9026311205977462,-4.920379800299208,9.869241431665264
135,-0.8988822793519714,-4.899101915798677,9.867107395711605
136,-0.8951493064375277,-4.877643269862845,9.864757529701583
137,-0.891432229733108,-4.856011797342128,9.862198510241013
138,-0.8877310752104641,-4.834215281642238,9.859436826438289
139,-0.8840458669476483,-4.81226135639989,9.856478783879679
140,-0.8803766271426804,-4.790157507468447,9.853330509833947
141,-0.8767233761276361,-4.767911074847051,9.849997957373624
142,-0.8730861323829953,-4.745529253358133,9.846486898029253
143,-0.8694649125510979,-4.723019094838608,9.842802929877406
144,-0.865859731450431,-4.700387510805007,9.838951489714086
145,-0.8622706020911106,-4.677641274385771,9.834937857963427
146,-0.8586975356907587,-4.654787021937002,9.830767161554105
147,-0.855140541690643,-4.63183125512969,9.826444379314742
148,-0.8515996277721744,-4.608780342626701,9.821974345758816
149,-0.8480747998737745,-4.585640521933219,9.817361754604862
150,-0.844566062207932,-4.56241790103083,9.812611162536156
151,-0.8410734172786473,-4.539118460436416,9.807726993590034
152,-0.8375968658990502,-4.51574805478802,9.80271354224891
153,-0.8341364072093117,-4.4923124146201046,9.797574977130385
154,-0.830692038694805,-4.468817148050006,9.79231534322066
155,-0.8272637562043232,-4.445267742444223,9.78693856529895
156,-0.8238515539685723,-4.421669566347067,9.781448452744206
157,-0.8204554246189715,-4.398027871200507,9.775848702774303
158,-0.8170753592066332,-4.374347792818752,9.770142902280263
159,-0.8137113472214632,-4.350634353222577,9.764334531688007
160,-0.8103633766114464,-4.326892462338442,9.758426968084015
161,-0.8070314338020855,-4.303126919588816,9.752423487961883
162,-0.8037155037160011,-4.2793424155263535,9.74632727019083
163,-0.8004155697926888,-4.255543533604172,9.740141399249676
164,-0.7971316140083622,-4.231734751664744,9.733868867724919
165,-0.7938636168959637,-4.207920443678811,9.727512579230188
166,-0.7906115575652114,-4.184104881169009,9.72107535063331
167,-0.7873754137227974,-4.160292234961068,9.714559914717293
168,-0.7841551616925501,-4.136486576471688,9.70796892152673
169,-0.7809507764356879,-4.112691879412227,9.701304941513198
170,-0.7777622315711338,-4.08891202137673,9.694570467815982
171,-0.7745894993958243,-4.065150785268377,9.687767918572888
172,-0.7714325509051319,-4.041411860857094,9.680899638845798
173,-0.768291355813225,-4.017698845662897,9.673967894323571
174,-0.7651658825725537,-3.994015246548234,9.666974875101102
175,-0.7620560983935524,-3.9703644817519708,9.659922704728627
176,-0.758961969265045,-3.9467498822725617,9.652813442045582
177,-0.7558834599746632,-3.9231746933830127,9.645649084885964
178,-0.7528205341294628,-3.899642076079232,9.638431571854728
179,-0.7497731541764661,-3.8761551084489936,9.631162782772607
180,-0.7467412814229715,-3.8527167868662007,9.623844539798593
181,-0.7437248760568683,-3.8293300275675293,9.61647860971141
182,-0.7407238971668288,-3.805997667789178,9.609066704691985
183,-0.7377383027624754,-3.782722467353826,9.601610484859417
184,-0.7347680497944351,-3.7595071097860604,9.594111559307112
185,-0.7318130941744025,-3.7363542037526623,9.586571487790254
186,-0.7288733907950493,-3.7132662843527395,9.578991782276871
187,-0.7259488935498637,-3.6902458143171972,9.571373908283048
188,-0.7230395553529478,-3.6672951854089297,9.563719286697422
189,-0.7201453281586777,-3.6444167196437336,9.556029295112456
190,-0.7172661629812797,-3.6216126704991853,9.548305269058734
191,-0.7144020099143076,-3.5988852241839835,9.540548503256764
192,-0.7115528181499645,-3.5762365007265022,9.532760252009496
193,-0.7087185359982734,-3.553668555214557,9.524941730517641
194,-0.7058991109061061,-3.531183379023202,9.517094116473622
195,-0.7030944894761104,-3.508782901021198,9.509218551524821
196,-0.7003046174855188,-3.4864689885926814,9.501316142097476
197,-0.6975294399048814,-3.464243448988112,9.493387961060868
198,-0.6947689009165737,-3.4421080302472538,9.485435048228881
199,-0.6920229439332378,-3.420064422480028,9.477458411814146
200,-0.6892915116160008,-3.398114258802759,9.469459029068904
201,-0.6865745458926171,-3.3762591165421734,9.461437847356367
202,-0.6838719879753731,-3.3545005182570544,9.45339578506415
203,-0.6811837783788653,-3.332839932743667,9.445333732461298
204,-0.6785098569376492,-3.311278776185269,9.43725255279293
205,-0.6758501628236642,-3.289818413086698,9.429153082883065
206,-0.673204634563529,-3.2684601572789083,9.421036133725597
207,-0.6705732100556403,-3.2472052729870495,9.412902491676475
208,-0.6679558265870975,-3.226054975767343,9.404752919238629
209,-0.6653524208504917,-3.2050104335082006,9.39658815577781
210,-0.6627629289604885,-3.184072767342161,9.388408917926244
211,-0.6601872864702231,-3.1632430525946904,9.380215900132626
212,-0.657625428387491,-3.142522319613661,9.372009774164614
213,-0.6550772891906796,-3.1219115548663385,9.363791190619851
214,-0.6525428028444891,-3.1014117016975153,9.355560780143207
215,-0.650021902815668,-3.081023661381523,9.347319154366184
216,-0.6475145220884744,-3.0607482938618453,9.339066906220653
217,-0.6450205931800235,-3.0405864187475373,9.33080461078327
218,-0.642540048155375,-3.020538816044328,9.32253282526275
219,-0.6400728186424545,-3.0006062270236287,9.31425208987631
220,-0.637618835846805,-2.980789355136959,9.305962928725847
221,-0.635178030566124,-2.9610888667337814,9.297665850094802
222,-0.632750333204659,-2.9415053918989678,9.289361346961673
223,-0.6303356737873862,-2.922039525276596,9.281049897600026
224,-0.6279339819739854,-2.9026918267774064,9.272731965893831
225,-0.6255451870726615,-2.8834628224035557,9.264408001917634
226,-0.6231692180537428,-2.8643530049649644,9.256078442220621
227,-0.6208060035630993,-2.8453628348437556,9.247743710341492
228,-0.6184554719353631,-2.8264927406888005,9.239404217209712
229,-0.6161175512069859,-2.8077431202154144,9.23106036158707
230,-0.6137921691290454,-2.7891143407358467,9.222712529771675
231,-0.6114792531799219,-2.7706067400569605,9.21436109658602
232,-0.6091787305776968,-2.7522206270263947,9.20600642573432
233,-0.6068905282924761,-2.733956282315393,9.197648870351973
234,-0.6046145730584607,-2.715813958976214,9.189288772950691
235,-0.6023507913858652,-2.697793883136073,9.180926465857084
236,-0.6000991095726311,-2.679896254693915,9.172562271848346
237,-0.5978594537159443,-2.6621212478498393,9.164196504170897
238,-0.5956317497236164,-2.64446901180337,9.155829467054367
239,-0.5934159233252424,-2.6269396713531066,9.147461455976382
240,-0.5912119000831791,-2.6095333274407038,9.139092757789308
241,-0.5890196054033692,-2.592250057797367,9.130723651059206
242,-0.5868389645459428,-2.575089917483387,9.122354406161472
243,-0.5846699026356528,-2.5580529394642815,9.113985285510354
244,-0.5825123446721219,-2.541139135160208,9.105616543983716
245,-0.580366215539941,-2.5243484950599018,9.097248429308523
246,-0.5782314400185543,-2.5076809891405913,9.088881182036712
247,-0.5761079427920388,-2.491136567554743,9.080515036067569
248,-0.5739956484586133,-2.474715160988014,9.072150218488376
249,-0.5718944815400678,-2.458416681282935,9.063786949915107
250,-0.5698043664909423,-2.4422410218759234,9.055425444573531
251,-0.5677252277075769,-2.4261880583303626,9.047065910675443
252,-0.565656989536981,-2.4102576488217027,9.038708550611089
253,-0.5635995762855341,-2.3944496345468096,9.030353560895431
254,-0.5615529122275521,-2.378763840276675,9.022001132570637
255,-0.55951692161364,-2.3632000747827435,9.01365145139452
256,-0.5574915286789129,-2.347758131254899,9.00530469793
257,-0.5554766576510739,-2.3324377878094587,8.996961047901868
258,-0.5534722327582966,-2.31723880788162,8.988620672676346
259,-0.5514781782370216,-2.302160940739604,8.980283741559804
260,-0.5494944183397548,-2.287203921826833,8.97195042024055
261,-0.547520877342582,-2.2723674731937216,8.963620870184755
262,-0.5455574795524278,-2.2576513038060986,8.955295248555007
263,-0.5436041493142179,-2.243055110070495,8.94697370864368
264,-0.5416608110178115,-2.2285785760765955,8.93865639967333
265,-0.5397273891048743,-2.214221374093274,8.930343467133703
266,-0.5378038080755256,-2.1999831648632884,8.922035052672861
267,-0.5358899924948832,-2.1858635980008505,8.913731294284457
268,-0.5339858669994431,-2.1718623123376153,8.905432326296133
269,-0.5320913563033144,-2.157978936254965,8.897138279505302
270,-0.5302063852043336,-2.1442130880928536,8.888849281613838
271,-0.5283308785900173,-2.1305643764214772,8.880565457069174
272,-0.5264647614434073,-2.117032400376379,8.872286927152674
273,-0.5246079588487753,-2.1036167500378773,8.8640138103401
274,-0.5227603959971723,-2.0903170066865924,8.85574622221435
275,-0.5209219981918798,-2.0771327431480118,8.847484275583628
276,-0.5190926908537056,-2.0640635240780507,8.839228080526617
277,-0.5172723995261606,-2.0511089062808434,8.830977744452621
278,-0.5154610498804904,-2.038268438945833,8.822733372048546
279,-0.5136585677206147,-2.0255416640308264,8.814495065641509
280,-0.5118648789878871,-2.0129281164288013,8.806262925078633
281,-0.5100799097658123,-2.0004273243491753,8.798037048008469
282,-0.5083035862845681,-1.9880388095025046,8.789817529596549
283,-0.5065358349254477,-1.975762087398952,8.781604462576807
284,-0.504776582225151,-1.9635966676039371,8.773397937509154
285,-0.5030257548799799,-1.9515420539763235,8.765198042876614
286,-0.5012832797499367,-1.9395977449511592,8.757004865234833
287,-0.49954908386268404,-1.9277632337285673,8.74881848904831
288,-0.49782309441741907,-1.9160380085433872,8.74063899686366
289,-0.49610523878861895,-1.9044215529158195,8.732466469511733
290,-0.494395444529675,-1.8929133458119511,8.72430098582064
291,-0.4926936393764448,-1.8815128619202905,8.716142622893074
292,-0.49099975125067197,-1.8702195718502816,8.707991456229976
293,-0.4893137082633247,-1.8590329423508096,8.69984755968619
294,-0.48763543871781667,-1.847952436486808,8.691711005534607
295,-0.4859648711131558,-1.8369775139082412,8.683581864644246
296,-0.48430193414694606,-1.8261076309490647,8.675460206261267
297,-0.4826465567183552,-1.8153422409247417,8.667346098351628
298,-0.4809986679309201,-1.8046807942386835,8.65923960745448
299,-0.47935819709531396,-1.7941227386136136,8.651140798822457
300,-0.4777250737319864,-1.78366751925833,8.643049736430221
301,-0.47609922757372114,-1.7733145790281861,8.63496648291634
302,-0.4744805885681077,-1.7630633586197768,8.626891099607853
303,-0.4728690868799023,-1.752913296710881,8.618823646582134
304,-0.47126465289332886,-1.7428638301565085,8.610764182862226
305,-0.46966721721427923,-1.7329143941397926,8.602712766359474
306,-0.468076710672428,-1.7230644222941853,8.594669453757225
307,-0.4664930643232812,-1.713313346909511,8.586634300711117
308,-0.46491620945010903,-1.7036605990463158,8.57860736185933
309,-0.46334607756582724,-1.6941056086860933,8.570588690736122
310,-0.46178260041478364,-1.6846478048626412,8.562578339884862
311,-0.46022570997448337,-1.675286615846451,8.554576361029543
312,-0.45867533845720737,-1.6660214692066335,8.546582804923846
313,-0.4571314183116061,-1.656851792023147,8.538597721548522
314,-0.4555938822241592,-1.6477770109397603,8.530621159885742
315,-0.45406266312060883,-1.638796552335116,8.52265316806555
316,-0.45253769416728884,-1.6299098424348322,8.514693793475663
317,-0.4510189087724,-1.6211163074159671,8.506743082614808
318,-0.44950624058721295,-1.612415373543353,8.498801081136184
319,-0.4479996235071858,-1.6038064672595387,8.490867833930968
320,-0.4464989916730404,-1.5952890153185757,8.482943385219562
321,-0.4450042794717566,-1.5868624448774815,8.475027778492754
322,-0.443515421537508,-1.5785261835933155,8.467121056578524
323,-0.4420323527525452,-1.570279659760299,8.459223261781874
324,-0.4405550082479921,-1.562122302364117,8.451334435715577
325,-0.4390833234046057,-1.554053541199296,8.443454619308723
326,-0.43761723385345447,-1.5460728069540093,8.435583852788202
327,-0.43615667547654136,-1.5381795313217663,8.427722175792718
328,-0.4347015844073575,-1.530373147042034,8.419869627317645
329,-0.43325189703141676,-1.522653088052728,8.412026245912475
330,-0.4318075499866862,-1.5150187895126095,8.404192069586875
331,-0.43036848016400964,-1.507469687926505,8.396367135913003
332,-0.4289346247074417,-1.500005221201357,8.388551481982127
333,-0.42750592101454515,-1.4926248287203874,8.380745144368873
334,-0.42608230673663305,-1.4853279514319673,8.372948159192227
335,-0.42466371977894984,-1.478114031904596,8.36516056213187
336,-0.423250098300818,-1.4709825144143476,8.357382388478532
337,-0.4218413807157213,-1.4639328450001796,8.349613673110746
338,-0.4204375056913482,-1.4569644715266779,8.341854450459804
339,-0.4190384121495862,-1.4500768437684277,8.33410475458951
340,-0.4176440392664552,-1.443269413437751,8.32636461912429
341,-0.4162543264720203,-1.4365416342773178,8.31863407739822
342,-0.4148692134502397,-1.4298929621045362,8.310913162455968
343,-0.4134886401387798,-1.4233228548686991,8.303201906926992
344,-0.4121125467287753,-1.4168307726786356,8.295500342571257
345,-0.41074087366453316,-1.4104161778929185,8.287808499727188
346,-0.4093735616431132,-1.4040785351311191,8.280126408205971
347,-0.40801055161397953,-1.3978173113663608,8.272454097544955
348,-0.40665178477858965,-1.391631975951501,8.264791596994232
349,-0.40529720258996327,-1.3855220006697928,8.257138935546132
350,-0.40394674675220915,-1.379486859788514,8.249496141935415
351,-0.4026003592200041,-1.373526030080785,8.241863244549654
352,-0.4012579821980472,-1.3676389908851951,8.234240271478702
353,-0.39991955814046337,-1.3618252241340567,8.226627250474305
354,-0.39858502975017773,-1.3560842143976803,8.21902420909911
355,-0.3972543399782615,-1.3504154489283373,8.211431174728679
356,-0.3959274320232354,-1.3448184176748508,8.20384817451191
357,-0.39460424933035654,-1.3392926133413965,8.19627523543356
358,-0.3932847355908524,-1.3338375314035675,8.188712384297673
359,-0.39196883474113725,-1.3284526701427393,8.181159647666382
360,-0.3906564909619883,-1.3231375306733588,8.173617051979601
361,-0.3893476486777035,-1.317891616996922,8.166084623602156
362,-0.38804225255520713,-1.3127144359817138,8.158562388603556
363,-0.3867402475031552,-1.3076054974328752,8.151050372912845
364,-0.385441578670981,-1.3025643140959544,8.143548602292913
365,-0.3841461914479309,-1.2975904016859021,8.13605710238428
366,-0.38285403146207114,-1.2926832789156895,8.128575898721824
367,-0.381565044579263,-1.2878424675050686,8.121105016693019
368,-0.3802791769021204,-1.2830674922173184,8.113644481615722
369,-0.37899637476893194,-1.2783578808694642,8.106194318728217
370,-0.3777165847525661,-1.273713164352371,8.098754553174512
371,-0.3764397536593486,-1.2691328766533394,8.091325210023259
372,-0.37516582852791236,-1.264616554861475,8.083906314267383
373,-0.3738947566280345,-1.2601637392041831,8.076497890907385
374,-0.3726264854594363,-1.2557739730411133,8.069099964838392
375,-0.3713609627505721,-1.2514468028888799,8.061712560878135
376,-0.37009813645738804,-1.2471817784300594,8.054335703797722
377,-0.3688379547620647,-1.242978452537388,8.046969418350988
378,-0.36758036607172995,-1.2388363812583125,8.039613729209133
379,-0.3663253190171722,-1.2347551238634589,8.032268661129201
380,-0.3650727624515089,-1.2307342428296841,8.024934238864637
381,-0.36382264544885523,-1.2267733038535182,8.017610487107136
382,-0.36257491730296476,-1.222871875867502,8.010297430549489
383,-0.36132952752584785,-1.2190295310391706,8.002995093861669
384,-0.360086425846379,-1.2152458447877903,7.995703501734509
385,-0.3588455622088795,-1.211520395780369,7.988422678845159
386,-0.3576068867716902,-1.2078527659430536,7.9811526498725085
387,-0.35637034990572314,-1.2042425404679327,7.9738934395063765
388,-0.3551359021929946,-1.2006893078102767,7.966645072406069
389,-0.3539034944251466,-1.1971926597042526,7.959407573287966
390,-0.35267307760194677,-1.1937521911512448,7.952180966887662
391,-0.3514446029297849,-1.1903675004351908,7.944965278021674
392,-0.35021802182014666,-1.1870381891206396,7.937760531609054
393,-0.3489932858880777,-1.1837638620543967,7.930566752600422
394,-0.3477703469506281,-1.1805441273569703,7.923383966004335
395,-0.34654915702529454,-1.1773785964456736,7.916212196964535
396,-0.3453296683284317,-1.1742668840093597,7.909051470678494
397,-0.3441118332736698,-1.1712086080208077,7.90190181243549
398,-0.34289560447030887,-1.168203389739822,7.89476324766843
399,-0.3416809347217004,-1.1652508537006159,7.887635801897986
400,-0.34046777702362363,-1.1623506277157483,7.880519500706958
401,-0.3392560845626421,-1.1595023428693045,7.873414369764964
402,-0.3380458107144551,-1.1567056335204093,7.8663204348629545
403,-0.3368369090422339,-1.1539601372983876,7.859237721935797
404,-0.3356293332949505,-1.1512654950926582,7.85216625702769
405,-0.33442303740569973,-1.1486213510583996,7.845106066333967
406,-0.33321797549000454,-1.1460273526018405,7.838057176187763
407,-0.33201410184412034,-1.1434831503859468,7.831019613106073
408,-0.3308113709433229,-1.1409883983177036,7.823993403765031
409,-0.32960973744019245,-1.1385427535431811,7.816978574951328
410,-0.3284091561628844,-1.1361458764402,7.80997515361738
411,-0.3272095821133973,-1.1337974306248102,7.802983166934475
412,-0.3260109704658226,-1.1314970829221616,7.796002642185114
413,-0.3248132765646023,-1.1292445033783411,7.78903360686611
414,-0.32361645592276617,-1.1270393652490895,7.782076088686172
415,-0.32242046422016596,-1.1248813449839137,7.775130115521336
416,-0.32122525730170753,-1.122770122228515,7.768195715466562
417,-0.32003079117556915,-1.120705379812174,7.761272916847413
418,-0.31883702201141845,-1.1186868037404631,7.7543617481904885
419,-0.31764390613861965,-1.1167140831836522,7.747462238195153
420,-0.31645140004443534,-1.1147869104687902,7.74057441578452
421,-0.31525946037222513,-1.1129049810764788,7.733698310112102
422,-0.31406804391963283,-1.1110679936236207,7.7268339505271255
423,-0.3128771076367737,-1.109275649858636,7.719981366539298
424,-0.31168660862440845,-1.1075276546479695,7.713140587877565
425,-0.3104965041321209,-1.1058237159691158,7.706311644510511
426,-0.3093067515564887,-1.1041635449004474,7.699494566687731
427,-0.3081173084392528,-1.1025468556137108,7.6926893849201825
428,-0.3069281324654778,-1.1009733653517642,7.685896129940849
429,-0.30573918146171747,-1.0994427944340015,7.6791148328121634
430,-0.3045504133941672,-1.097954866238633,7.672345525042936
431,-0.303361786366829,-1.09650930718575,7.6655882385365075
432,-0.30217325861967503,-1.0951058467372992,7.658843005535939
433,-0.30098478852679167,-1.093744217377074,7.652109858570619
434,-0.29979633459452526,-1.0924241546005777,7.645388830429199
435,-0.2986078554596213,-1.091145396904488,7.63867995420058
436,-0.29741930988736254,-1.0899076857759988,7.631983263316152
437,-0.29623065676970667,-1.0887107656806574,7.625298791511366
438,-0.29504185512341863,-1.0875543840450475,7.6186265728076
439,-0.2938528640882048,-1.0864382912522283,7.6119666415691825
440,-0.2926636429248414,-1.085362240625341,7.605319032484545
441,-0.2914741510133038,-1.0843259884175562,7.598683780590637
442,-0.29028434785089324,-1.0833292937964019,7.592060921238904
443,-0.289094193050363,-1.0823719188330716,7.585450490094161
444,-0.28790364633804066,-1.0814536284867764,7.578852523184107
445,-0.28671266755195646,-1.0805741906016033,7.572267056947421
446,-0.2855212166399633,-1.0797333758825074,7.565694128147326
447,-0.28432925365786166,-1.0789309578846327,7.559133773888645
448,-0.28313673876752204,-1.0781667130081807,7.5525860316974445
449,-0.281943632235005,-1.0774404204762849,7.546050939466799
450,-0.28074989442868564,-1.0767518623245247,7.539528535451385
451,-0.2795554858173748,-1.0761008233902676,7.533018858316435
452,-0.27836036696844096,-1.0754870912972212,7.5265219471247
453,-0.2771644985459332,-1.0749104564424337,7.520037841340239
454,-0.2759678413087048,-1.074370711981645,7.51356658084111
455,-0.2747703561085385,-1.0738676538206948,7.507108205945741
456,-0.2735720038882699,-1.07340108059646,7.5006627573793105
457,-0.27237274567991404,-1.072970793664649,7.494230276260349
458,-0.2711725426027905,-1.0725765970874312,7.487810804094101
459,-0.2699713558616472,-1.0722182976198742,7.481404382786606
460,-0.2687691467447865,-1.0718957046954927,7.475011054699466
461,-0.2675658766221972,-1.0716086304147314,7.468630862623194
462,-0.2663615069436833,-1.0713568895252352,7.462263849768308
463,-0.2651559992370005,-1.0711402994148171,7.45591005984141
464,-0.263949315105992,-1.0709586800994744,7.449569537057881
465,-0.26274141622872577,-1.0708118542004506,7.443242326075711
466,-0.2615322643556378,-1.070699646937173,7.4369284720302655
467,-0.26032182130767306,-1.0706218861131795,7.430628020551499
468,-0.25911004897442946,-1.0705784020996776,7.424341017747088
469,-0.2578969093123061,-1.07056902782285,7.418067510218509
470,-0.25668236434265324,-1.0705935987506792,7.411807545079037
471,-0.2554663761499258,-1.0706519528796867,7.405561169947138
472,-0.25424890687983787,-1.0707439307182325,7.39932843295379
473,-0.2530299187375235,-1.0708693752749745,7.393109382755813
474,-0.25180937398569914,-1.0710281320456623,7.386904068553809
475,-0.25058723494282903,-1.071220048997238,7.3807125400702125
476,-0.24936346398129472,-1.071444976553192,7.374534847547241
477,-0.24813802352556785,-1.0717027675834734,7.368371041790524
478,-0.24691087605038578,-1.0719932773862912,7.362221174148387
479,-0.24568198407893363,-1.0723163636789317,7.356085296549579
480,-0.24445131018102764,-1.0726718865801612,7.349963461453225
481,-0.2432188169713022,-1.0730597085938025,7.3438557218702165
482,-0.24198446710740537,-1.0734796946024334,7.33776213142361
483,-0.2407482232881945,-1.0739317118499416,7.331682744336176
484,-0.23951004825193908,-1.0744156299243612,7.325617615392063
485,-0.23826990477452814,-1.0749313207476399,7.319566799970428
486,-0.2370277556676807,-1.0754786585613714,7.313530354064602
487,-0.23578356377716253,-1.0760575199125197,7.307508334285857
488,-0.23453729198100848,-1.0766677836383505,7.301500797865023
489,-0.23328890318775072,-1.0773093308553576,7.295507802680347
490,-0.2320383603346512,-1.077982044943451,7.2895294072420125
491,-0.23078562638593988,-1.0786858115314777,7.283565670697149
492,-0.22953066433105923,-1.0794205184840913,7.277616652818994
493,-0.22827343718291224,-1.0801860558894538,7.271682414016643
494,-0.22701390797611468,-1.0809823160421523,7.265763015337184
495,-0.22575203976525696,-1.081809193431984,7.259858518486876
496,-0.2244877956231703,-1.0826665847292847,7.253968985853936
497,-0.2232211386392017,-1.0835543887702836,7.248094480505487
498,-0.2219520319174955,-1.084472506547187,7.242235066209553
499,-0.22068043857527836,-1.085420841188214,7.236390807392771
500,-0.21940632174115413,-1.0863992979460169,7.230561769175093
501,-0.21812964455340522,-1.0874077841873704,7.224748017418611
502,-0.21685037015830097,-1.0884462093768654,7.218949618722538
503,-0.21556846170841504,-1.0895144850614435,7.213166640396862
504,-0.21428388236094933,-1.0906125248578022,7.207399150470264
505,-0.2129965952760643,-1.0917402444401763,7.20164721772644
506,-0.21170656361521747,-1.0928975615245862,7.19591091169483
507,-0.21041375053951114,-1.0940843958550353,7.190190302657948
508,-0.2091181192080479,-1.09530066919157,7.184485461674964
509,-0.20781963277629395,-1.096546305294652,7.1787964605626025
510,-0.20651825439445048,-1.0978212299105647,7.173123371907044
511,-0.2052139472058352,-1.0991253707600546,7.167466269085589
512,-0.20390667434527093,-1.1004586575231412,7.161825226285104
513,-0.202596398937486,-1.1018210218249416,7.156200318495892
514,-0.2012830840955228,-1.103212397223172,7.150591621516645
515,-0.19996669291915425,-1.1046327191915215,7.144999211947406
516,-0.1986471884933113,-1.1060819251081124,7.13942316708497
517,-0.19732453388650756,-1.1075599542420589,7.133863564991535
518,-0.19599869214927848,-1.1090667477356912,7.128320484527659
519,-0.19466962631263776,-1.1106022485934948,7.122794005401683
520,-0.1933372993865446,-1.1121664016695827,7.117284208209129
521,-0.1920016743583826,-1.1137591536525342,7.11179117442653
522,-0.19066271419144998,-1.1153804530492928,7.106314986383188
523,-0.1893203818234596,-1.1170302501724514,7.1008557272727355
524,-0.1879746401650493,-1.1187084971277301,7.095413481197956
525,-0.18662545209830522,-1.1204151477978115,7.089988333156407
526,-0.1852727804752972,-1.122150157828437,7.084580369050423
527,-0.18391658811662615,-1.12391348461607,7.079189675704471
528,-0.18255683780998228,-1.1257050872907908,7.073816340826792
529,-0.18119349230871482,-1.1275249267031948,7.06846045303942
530,-0.17982651433041505,-1.1293729654113336,7.0631221019055355
531,-0.17845586655551274,-1.1312491676642316,7.057801377939875
532,-0.17708151162588848,-1.1331534993896417,7.052498372618067
533,-0.1757034121434971,-1.135085928177993,7.047213178367567
534,-0.17432153066900502,-1.1370464232670188,7.041945888576696
535,-0.17293582972044272,-1.1390349555296562,7.036696597609198
536,-0.17154627177186924,-1.1410514974588595,7.0314654008233095
537,-0.17015281925205275,-1.143096023150176,7.026252394546751
538,-0.16875543454316627,-1.1451685082892158,7.02105767611905
539,-0.16735407997949894,-1.1472689301377323,7.0158813439188465
540,-0.16594871784618373,-1.1493972675177426,7.01072349735674
541,-0.16453931037794042,-1.1515535007945104,7.005584236843453
542,-0.1631258197578332,-1.153737611863157,7.000463663805893
543,-0.1617082081160432,-1.1559495841344516,6.995361880729225
544,-0.16028643752866015,-1.1581894025176187,6.990278991157823
545,-0.15886047001649248,-1.1604570534061984,6.985215099707536
546,-0.1574302675438939,-1.162752524662879,6.980170312071022
547,-0.15599579201760694,-1.1650758056016937,6.975144735000907
548,-0.1545570052856248,-1.1674268869748319,6.970138476341931
549,-0.15311386913607097,-1.1698057609556896,6.9651516450417255
550,-0.15166634529609935,-1.172212421122899,6.960184351156754
551,-0.1502143954308134,-1.174646862445522,6.955236705856816
552,-0.14875798114220296,-1.1771090812650695,6.950308821423868
553,-0.1472970639681021,-1.1795990752794177,6.945400811260351
554,-0.1458316053811674,-1.1821168435281917,6.940512789902553
555,-0.14436156678787482,-1.1846623863755934,6.935644873034625
556,-0.1428869095275393,-1.1872357054916916,6.930797177470017
557,-0.14140759487135557,-1.1898368038373661,6.925969821192037
558,-0.13992358402146202,-1.1924656856483598,6.921162923371477
559,-0.13843483811002663,-1.1951223564167568,6.91637660434881
560,-0.13694131819835478,-1.1978068228724916,6.911610985628269
561,-0.13544298527602017,-1.200519092967988,6.906866189908627
562,-0.1339398002600192,-1.2032591758602658,6.90214234110049
563,-0.13243172399395098,-1.2060270818920475,6.897439564309892
564,-0.13091871724722035,-1.2088228225753366,6.892757985860674
565,-0.12940074071426583,-1.211646410571753,6.888097733291402
566,-0.12787775501381368,-1.214497859674405,6.883458935350217
567,-0.12634972068815623,-1.2173771847903834,6.878841722020764
568,-0.12481659820245729,-1.2202844019207935,6.8742462245354545
569,-0.12327834794408692,-1.2232195281428007,6.869672575393217
570,-0.12173493022198338,-1.2261825815906051,6.865120908355218
571,-0.12018630526604182,-1.2291735814345472,6.86059135843574
572,-0.11863243322653136,-1.2321925478621287,6.856084061915117
573,-0.11707327417354126,-1.23523950205933,6.8515991563639815
574,-0.115508788096457,-1.23831446619015,6.847136780643765
575,-0.11393893490346646,-1.2414174633742996,6.842697074880147
576,-0.11236367442109534,-1.2445485176682936,6.838280180504533
577,-0.11078296639377581,-1.247707654045575,6.83388624027015
578,-0.10919677048344695,-1.2508948983736707,6.829515398229224
579,-0.10760504626918638,-1.254110277392564,6.825167799738749
580,-0.10600775324687534,-1.2573538186947084,6.820843591481314
581,-0.1044048508288969,-1.2606255507018271,6.8165429214789555
582,-0.1027962983438711,-1.26392550264335,6.812265939097391
583,-0.10118205503642393,-1.2672537045338808,6.808012795040515
584,-0.09956208006699055,-1.2706101871491327,6.803783641333616
585,-0.09793633251165373,-1.2739949820040637,6.799578631350745
586,-0.09630477136202,-1.2774081213292403,6.795397919827959
587,-0.0946673555251345,-1.280849638046314,6.7912416628639125
588,-0.0930240438234346,-1.2843195657449211,6.7871100179330455
589,-0.09137479499474195,-1.287817938657758,6.7830031438732945
590,-0.08971956769229279,-1.2913447916347554,6.778921200867733
591,-0.08805832048480698,-1.2949001601185581,6.774864350467549
592,-0.0863910118565995,-1.2984840801197266,6.770832755603185
593,-0.08471760020773356,-1.3020965881904878,6.766826580584845
594,-0.08303804385421619,-1.305737721396655,6.762845991085221
595,-0.08135230102823683,-1.3094075172926054,6.758891154170023
596,-0.079660329878451,-1.3131060138945858,6.754962238294893
597,-0.07796208847030751,-1.3168332496514654,6.7510594132988375
598,-0.07625753478642236,-1.3205892634175291,6.747182850390087
599,-0.07454662672699569,-1.32437409442429,6.743332722157572
600,-0.07282932211027704,-1.3281877822510835,6.739509202581708
601,-0.07110557867308022,-1.332030366796617,6.735712467037864
602,-0.06937535407134629,-1.335901888248384,6.731942692278146
603,-0.06763860588075475,-1.3398023870521882,6.728200056427764
604,-0.06589529159738494,-1.3437319038823885,6.724484739004287
605,-0.06414536863842994,-1.347690479610177,6.720796920917509
606,-0.06238879434296342,-1.3516781552715855,6.717136784465905
607,-0.06062552597275951,-1.355694972036064,6.71350451334104
608,-0.058855520713166395,-1.3597409711732062,6.709900292596652
609,-0.05707873567403156,-1.36381619401893,6.706324308641553
610,-0.055295127890682805,-1.3679206819421912,6.702776749263392
611,-0.05350465432496874,-1.372054476311432,6.6992578036274555
612,-0.051707271866356,-1.3762176184591213,6.69576766226055
613,-0.049902937333084145,-1.3804101496448282,6.69230651703021
614,-0.04809160747337953,-1.384632111021151,6.688874561154222
615,-0.046273238966728976,-1.3888835435964648,6.685471989192367
616,-0.044447788425215067,-1.3931644881971479,6.682098997043258
617,-0.04261521239491491,-1.3974749854301964,6.678755781924036
618,-0.04077546735735966,-1.4018150756443417,6.675442542370468
619,-0.038928509731059754,-1.4061847988912946,6.672159478240298
620,-0.03707429587309661,-1.4105841948860804,6.668906790696006
621,-0.03521278208077917,-1.4150133029659862,6.6656846821822455
622,-0.033343924593366804,-1.4194721620495327,6.662493356419704
623,-0.03146767959386085,-1.4239608105953008,6.6593330184024495
624,-0.02958400321086593,-1.4284792865588858,6.6562038743836345
625,-0.02769285152052197,-1.433027627349671,6.653106131855348
626,-0.025794180548506608,-1.4376058697872804,6.650039999537326
627,-0.02388794627210989,-1.4422140500567677,6.647005687343749
628,-0.021974104622379993,-1.446852203662663,6.644003406379432
629,-0.020052611486345864,-1.4515203653831679,6.641033368937324
630,-0.018123422709317046,-1.456218569224224,6.63809578848227
631,-0.01618649409725908,-1.4609468483705645,6.63519087961942
632,-0.01424178141924646,-1.4657052351369244,6.6323188580619785
633,-0.012289240409992989,-1.470493760919965,6.629479940606582
634,-0.010328826772459767,-1.4753124561473503,6.626674345127215
635,-0.008360496180547617,-1.480161350227182,6.623902290564739
636,-0.0063842042818729565,-1.4850404714958718,6.6211639968919345
637,-0.004399906700625775,-1.4899498471654684,6.618459685091882
638,-0.002407559040512544,-1.4948895032704697,6.6157895771382655
639,-0.0004071168877852007,-1.4998594646133856,6.613153895956074
640,0.0016014641856449616,-1.5048597547089437,6.610552865398903
641,0.0036182286190040635,-1.5098903957282226,6.607986710216699
642,0.00564322085936431,-1.5149514084416429,6.605455656029526
643,0.007676485358262011,-1.5200428121607172,6.602959929301657
644,0.009718066568223131,-1.525164624678886,6.600499757308561
645,0.011768008939196141,-1.5303168622117773,6.598075368096812
646,0.01382635691489242,-1.5354995393364486,6.595686990441988
647,0.015893154929033145,-1.5407126689284565,6.593334853818312
648,0.01796844740149784,-1.5459562620998284,6.591019188371679
649,0.020052278734375255,-1.5512303281354385,6.5887402248774505
650,0.022144693307916713,-1.5565348744268779,6.586498194677527
651,0.024245735476391903,-1.5618699064069166,6.584293329631396
652,0.026355449563845747,-1.5672354274826052,6.582125862094865
653,0.028473879859750122,-1.5726314389669955,6.579996024883359
654,0.030601070614550953,-1.5780579400099828,6.577904051222605
655,0.0327370660351116,-1.5835149275277842,6.57585017468885
656,0.03488191028005246,-1.58900239613135,6.57383462916182
657,0.03703564745498332,-1.5945203380543682,6.571857648775117
658,0.039198321607628483,-1.6000687430791822,6.569919467851266
659,0.04136997672284447,-1.6056475984619059,6.568020320854447
660,0.043550656717526365,-1.6112568888565204,6.566160442332978
661,0.045740405435403364,-1.6168965962378197,6.564340066866736
662,0.04793926664172117,-1.6225666998230348,6.562559429002046
663,0.0501472840178118,-1.6282671759918526,6.560818763184005
664,0.052364501155549206,-1.6339979982063577,6.559118303693222
665,0.054590961551690124,-1.6397591369287985,6.5574582845780425
666,0.05682670860209818,-1.6455505595376985,6.555838939584217
667,0.05907178559584971,-1.6513722302445155,6.554260502091845
668,0.061326235709221015,-1.6572241100073861,6.552723205037047
669,0.06359010199955606,-1.663106156444056,6.551227280825548
670,0.06586342739901523,-1.6690183237435867,6.549772961252126
671,0.06814625470820272,-1.6749605625771622,6.5483604774455975
672,0.07043862658966751,-1.6809328200069436,6.546990059788958
673,0.07274058556127955,-1.6869350393942775,6.545661937834005
674,0.07505217398948191,-1.6929671603057086,6.544376340198797
675,0.07737343408241933,-1.6990291184184567,6.543133494476703
676,0.07970440788294071,-1.7051208454244224,6.541933627154218
677,0.08204513726147276,-1.7112422689324882,6.540776963524578
678,0.08439566390876338,-1.7173933123697027,6.539663727591521
679,0.08675602932849569,-1.723573894880897,6.538594141966742
680,0.08912627482977226,-1.729783931227557,6.537568427775833
681,0.09150644151946749,-1.7360233316844278,6.536586804550993
682,0.09389657029444806,-1.7422920019350192,6.535649490116969
683,0.0962967018336618,-1.748589842966611,6.5347567004864
684,0.09870687659009332,-1.7549167509622277,6.533908649744862
685,0.10112713478258471,-1.7612726171923982,6.533105549944662
686,0.10355751638752024,-1.7676573279052448,6.532347610990809
687,0.10599806113037473,-1.7740707642150595,6.531635040505239
688,0.10844880847712855,-1.7805128019891974,6.530968043682331
689,0.11090979762554935,-1.7869833117340985,6.530346823187327
690,0.11338106749633202,-1.7934821584793716,6.529771579044975
691,0.115862656724097,-1.800009201660874,6.529242508505388
692,0.11835460364825057,-1.8065642950020515,6.528759805907046
693,0.1208569463037062,-1.8131472863937397,6.5283236625343575
694,0.12336972241146692,-1.8197580177729342,6.527934266474744
695,0.12589296936906816,-1.8263963249997421,6.527591802485527
696,0.12842672424087792,-1.8330620377332272,6.527296451850593
697,0.13097102374825548,-1.839754979305331,6.527048392228113
698,0.13352590425956892,-1.846474966593708,6.52684779749169
699,0.13609140178007226,-1.8532218098935167,6.526694837578687
700,0.13866755194164043,-1.8599953127865418,6.526589678319351
701,0.14125438999236356,-1.8667952720103378,6.526532481285169
702,0.1438519507859976,-1.8736214773250088,6.52652340362924
703,0.14646026877127113,-1.8804737113788412,6.526562597905346
704,0.14907937798105197,-1.8873517495724161,6.526650211900602
705,0.15170931202137022,-1.8942553599217578,6.526786388471092
706,0.15435010406029692,-1.901184302919408,6.526971265354418
707,0.15700178681668145,-1.9081383313947433,6.527204974977923
708,0.15966439254874887,-1.9151171903724864,6.52748764427536
709,0.1623379530425543,-1.9221206169300258,6.527819394512497
710,0.16502249960029244,-1.9291483400534943,6.5282003410966025
711,0.16771806302846481,-1.9362000804921795,6.52863059337884
712,0.17042467362590558,-1.9432755506120611,6.529110254445148
713,0.17314236117166848,-1.9503744542476802,6.529639420916026
714,0.1758711549127723,-1.957496486552861,6.5302181827546395
715,0.1786110835518029,-1.9646413338503954,6.530846623056783
716,0.1813621752343758,-1.9718086734797002,6.5315248178309195
717,0.18412445753645992,-1.9789981736444862,6.532252835782045
718,0.18689795745156348,-1.9862094932580667,6.533030738097465
719,0.18968270137777993,-1.9934422817881583,6.533858578219795
720,0.19247871510469738,-2.000696179100236,6.53473640163115
721,0.19528602380016888,-2.007970815300056,6.535664245625514
722,0.19810465199694635,-2.0152658105745838,6.536642139068557
723,0.20093462357918065,-2.0225807750324702,6.537670102168291
724,0.20377596176878598,-2.0299153085429955,6.538748146236817
725,0.20662868911167048,-2.037269000574245,6.539876273438296
726,0.20949282746383657,-2.0446414300303974,6.541054476550424
727,0.2123683979773483,-2.0520321650878097,6.542282738721018
728,0.2152554210861671,-2.059440763030543,6.543561033226534
729,0.2181539164918563,-2.066866770084712,6.544889323220007
730,0.22106390314915658,-2.0743097212522277,6.546267561471332
731,0.2239853992514352,-2.081769140144,6.547695690095179
732,0.22691842221601255,-2.0892445388116707,6.549173640299162
733,0.22986298866936125,-2.0967354175796595,6.550701332123697
734,0.23281911443218173,-2.104241264875567,6.552278674173803
735,0.23578681450435546,-2.111761557060914,6.55390556335268
736,0.23876610304977772,-2.119295758260804,6.555581884587681
737,0.24175699338107143,-2.1268433201934474,6.557307510555489
738,0.24475949794418422,-2.1344036819989105,6.55908230140515
739,0.24777362830286928,-2.1419762700679663,6.560906104487093
740,0.25079939512305066,-2.149560497870214,6.562778754075668
741,0.25383680815707504,-2.1571557657823157,6.564700071080099
742,0.25688587622785425,-2.1647614609159858,6.566669862766583
743,0.25994660721289714,-2.1723769569456928,6.56868792247323
744,0.2630190080282339,-2.180001613936662,6.570754029326419
745,0.266103084612234,-2.1876347781726726,6.572867947951646
746,0.26919884190932025,-2.195275781984161,6.575029428185391
747,0.2723062838535811,-2.202923943576499,6.577238204793907
748,0.27542541335227994,-2.210578566858206,6.579493997185153
749,0.278556232269266,-2.2182389412703167,6.581796509109238
750,0.2816987414082906,-2.225904341615324,6.584145428358989
751,0.28485294049623067,-2.233574027887389,6.5865404264974785
752,0.2880188281662156,-2.241247245102501,6.588981158569874
753,0.2911964019406622,-2.248923223130017,6.591467262812991
754,0.294385658214221,-2.256601176524525,6.593998360363346
755,0.29758659223663647,-2.2642803043589663,6.59657405496161
756,0.3007991980955235,-2.2719597900583626,6.59919393266713
757,0.3040234686990609,-2.279638801235067,6.601857561576338
758,0.30725939575860234,-2.2873164895248457,6.60456449153252
759,0.31050696977121,-2.2949919904244536,6.607314253844869
760,0.3137661800021103,-2.302664423130968,6.610106361008978
761,0.317037014467075,-2.310332890382202,6.612940306427023
762,0.32031945991472943,-2.317996478298933,6.615815564130074
763,0.32361350180879034,-2.3256542562290083,6.618731588511013
764,0.3269191243102333,-2.333305276593076,6.621687814047465
765,0.3302363102593947,-2.3409485747329923,6.624683655038768
766,0.33356504115800906,-2.3485831687613032,6.62771850534201
767,0.33690529715118245,-2.356208059413982,6.630791738114951
768,0.3402570570093052,-2.3638222299049807,6.633902705556991
769,0.3436202981099068,-2.3714246457840096,6.637050738663617
770,0.34699499641945325,-2.3790142547960778,6.6402351469851215
771,0.3503811264750877,-2.3865899867444753,6.6434552183915345
772,0.35377866136631736,-2.3941507533566506,6.646710218840066
773,0.3571875727166491,-2.4016954481532005,6.649999392136067
774,0.36060783066517815,-2.409222946319813,6.6533219597041455
775,0.36403940384813194,-2.416732104582845,6.656677120394507
776,0.36748225938036194,-2.4242217610887837,6.660064050286174
777,0.3709363628367903,-2.4316907352869137,6.663481902492009
778,0.37440167823381226,-2.4391378278162192,6.666929806969494
779,0.3778781680106577,-2.4465618203963,6.670406870340112
780,0.3813657930107139,-2.453961475722167,6.673912175716433
781,0.38486451246280967,-2.4613355373639627,6.6774447825512695
782,0.3883742839624617,-2.468682729670449,6.681003726485329
783,0.39189506345308456,-2.476001757678027,6.684588019201441
784,0.39542680520716933,-2.4832913070243525,6.688196648306551
785,0.39896946180742676,-2.4905500438672705,6.691828577224219
786,0.40252298412789705,-2.4977766148083846,6.6954827450853145
787,0.40608732131503017,-2.5049696468229055,6.699158066642407
788,0.4096624207687359,-2.512127747194799,6.702853432193329
789,0.41324822812340567,-2.5192495034575817,6.706567707523937
790,0.41684468722890544,-2.526333483341252,6.710299733861858
791,0.4204517401315409,-2.5333782347255505,6.714048327838438
792,0.4240693270549991,-2.5403822855995357,6.717812281468117
793,0.4276973863812653,-2.5473441440277997,6.7215903621505975
794,0.4313358546315152,-2.5542622981237084,6.725381312693464
795,0.4349846664469814,-2.5611352160296468,6.72918385134572
796,0.4386437545697975,-2.5679613459042745,6.732996671850853
797,0.44231304982381825,-2.5747391159177253,6.7368184435158005
798,0.44599248109541906,-2.581466934253718,6.740647811291694
799,0.4496819753142751,-2.5881431891202493,6.7444833958828045
800,0.4533814574341197,-2.594766248767891,6.748323793878446
801,0.45709085041348013,-2.6013344615170984,6.752167577907237
802,0.4608100751963932,-2.607846155793432,6.756013296799956
803,0.46453905069310136,-2.6142996401722423,6.759859475786097
804,0.4682776937607289,-2.620693203431548,6.763704616706203
805,0.47202591918393877,-2.627025114614472,6.767547198247769
806,0.4757836396555699,-2.6332936231014847,6.771385676207919
807,0.47955076575725586,-2.6394969586920642,6.775218483772672
808,0.4833272059400257,-2.645633331696079,6.779044031825331
809,0.4871128665048864,-2.65170093303588,6.782860709285259
810,0.4909076515833857,-2.657697934358759,6.786666883468738
811,0.4947114631181574,-2.6636224881596062,6.790460900470546
812,0.4985242008434492,-2.6694727279147727,6.794241085580314
813,0.5023457622656323,-2.6752467682274017,6.798005743727663
814,0.5061760426436932,-2.6809427049836057,6.801753159947767
815,0.5100149349697078,-2.6865586155206564,6.8054815998784
816,0.5138623299493008,-2.6920925588063036,6.8091893102732115
817,0.5177181159820899,-2.697542575630996,6.812874519555847
818,0.5215821791421165,-2.7029066888123996,6.816535438409492
819,0.5254544031582584,-2.70818290341275,6.820170260393581
820,0.5293346693946306,-2.7133692069686077,6.823777162587074
821,0.5332228568309706,-2.718463569734008,6.827354306258414
822,0.5371188420430153,-2.723463944937108,6.830899837572976
823,0.5410224991828665,-2.7283682690498314,6.834411888327297
824,0.5449336999593474,-2.7331744620718146,6.8378885767190045
825,0.5488523136183514,-2.7378804278288507,6.841328008149095
826,0.5527782069231859,-2.7424840542855184,6.844728276056507
827,0.5567112441349115,-2.7469832138722494,6.848087462787506
828,0.5606512869926794,-2.751375763827411,6.85140364049432
829,0.5645981946940701,-2.755659546554471,6.854674872062599
830,0.5685518238754372,-2.7598323899942745,6.857899212075688
831,0.572512028592258,-2.763892108013553,6.861074707816442
832,0.576478660299495,-2.7678365008089063,6.8641994002998095
833,0.5804515678319707,-2.7716633553271155,6.867271325337376
834,0.5844305973847617,-2.775370445701689,6.8702885146389905
835,0.588415592493615,-2.7789555337059593,6.873248996940375
836,0.5924063940153942,-2.78241636922297,6.876150799170296
837,0.5964028401085579,-2.785750690733114,6.878991947655847
838,0.6004047662136773,-2.7889562258185987,6.8817704693553585
839,0.6044120050339994,-2.792030691685183,6.884484393122019
840,0.6084243865160627,-2.7949717957017763,6.887131750995785
841,0.6124417378303759,-2.797777235957795,6.889710579527506
842,0.616463883352166,-2.8004447018391225,6.892218921146365
843,0.6204906446422013,-2.8029718746228944,6.89465482555708
844,0.6245218404277026,-2.8053564280907226,6.897016351163813
845,0.6285572865833509,-2.8075960291603557,6.899301566526621
846,0.6325967961124015,-2.8096883385364158,6.901508551848162
847,0.6366401791279188,-2.811631011380533,6.903635400486462
848,0.6406872428341417,-2.8134216980006372,6.9056802204952
849,0.6447377915079958,-2.815058044560037,6.907641136194237
850,0.6487916264807639,-2.816537693806147,6.909516289766548
851,0.6528485461199317,-2.81785828581999,6.911303842889682
852,0.6569083458112215,-2.819017458784887,6.913001978382581
853,0.6609708179408341,-2.820012849775488,6.914608901876197
854,0.6650357518779159,-2.820842095566852,6.91612284350338
855,0.6691029339572714,-2.821502833464798,6.9175420596207875
856,0.673172147462339,-2.821992702157166,6.918864834551825
857,0.677243172608452,-2.822309342585091,6.920089482341364
858,0.6813157865264075,-2.822450398834987,6.921214348525476
859,0.6853897632463684,-2.822413519051848,6.922237811914565
860,0.6894648736821243,-2.8221963563735497,6.923158286405407
861,0.6935408856157333,-2.8217965698867773,6.923974222809659
862,0.6976175636825723,-2.8212118256036596,6.924684110684006
863,0.7016946693568259,-2.8204397974597657,6.92528648017072
864,0.7057719609374461,-2.819478168332584,6.925779903840894
865,0.7098491935346134,-2.8183246310818877,6.926162998548934
866,0.7139261190567324,-2.816976889610515,6.926434427279374
867,0.7180024861979991,-2.8154326599480104,6.926592901015689
868,0.7220780404265724,-2.813689671354234,6.926637180599038
869,0.7261525239733891,-2.811745667444575,6.926566078585191
870,0.7302256758216621,-2.809598407336123,6.926378461096255
871,0.7342972316971031,-2.807245666814402,6.926073249661297
872,0.7383669240589136,-2.8046852395208286,6.9256494230452565
873,0.7424344820915879,-2.801914938161141,6.925106019069789
874,0.7464996316975762,-2.7989325957342372,6.9244421364154265
875,0.7505620954908532,-2.7957360667821423,6.923656936412725
876,0.7546215927914448,-2.7923232286595687,6.922749644810475
877,0.7586778396209621,-2.788691982823093,6.921719553516069
878,0.7627305486991982,-2.7848402561392667,6.92056602229815
879,0.7667794294418449,-2.7807660022138037,6.91928848047857
880,0.7708241879593845,-2.7764672027392345,6.917886428592455
881,0.7748645270572134,-2.7719418688612545,6.916359440007975
882,0.7789001462370614,-2.767188042562677,6.914707162498534
883,0.782930741699769,-2.762203798065417,6.912929319776386
884,0.7869560063494884,-2.756987243250414,6.911025712984409
885,0.7909756297993734,-2.751536521095332,6.908996222143593
886,0.7949892983788261,-2.7458498111280885,6.906840807544004
887,0.7989966951423708,-2.739925330896023,6.904559511077394
888,0.8029974998802275,-2.7337613374510545,6.9021524575139415
889,0.8069913891306586,-2.727356128849634,6.899619855716633
890,0.810978036194163,-2.720708045666036,6.8969619997809835
891,0.8149571111495967,-2.713815472520132,6.894179270112215
892,0.8189282808722969,-2.7066768396175567,6.8912721344363055
893,0.8228912090542875,-2.699290624302379,6.888241148732549
894,0.826845556226648,-2.6916553526209195,6.885086958084594
895,0.8307909797841291,-2.683769600895693,6.881810297448178
896,0.834727134012098,-2.6756319973080926,6.878411992325029
897,0.8386536701158995,-2.667241223489892,6.874892959350094
898,0.8425702362527178,-2.6585960161234836,6.871254206793822
899,0.8464764775660247,-2.6496951685480883,6.867496834962193
900,0.8503720362227035,-2.6405375323713427,6.8636220364985725
901,0.8542565514529338,-2.6311220190849345,6.859631096575306
902,0.8581296595929286,-2.621447601682678,6.855525392915813
903,0.8619909941306293,-2.6115133162822057,6.851306395808527
904,0.8658401857544185,-2.6013182637473196,6.846975668021958
905,0.8696768624049386,-2.5908616113086396,6.8425348645581625
906,0.8735006493301133,-2.580142594182267,6.837985732287784
907,0.8773111691434603,-2.5691605171856007,6.833330109464784
908,0.8811080418857838,-2.5579147563480396,6.82856992511854
909,0.8848908850903308,-2.54640476051516,6.823707198323581
910,0.888659313851494,-2.5346300529458805,6.818744037345825
911,0.8924129408971468,-2.5225902328987475,6.813682638652484
912,0.8961513766646886,-2.5102849772078955,6.808525285793884
913,0.8998742293808809,-2.497714041846051,6.803274348153164
914,0.9035811051455507,-2.484877263472659,6.797932279555292
915,0.9072716080192348,-2.4717745609648594,6.792501616742877
916,0.9109453401148359,-2.45840593693026,6.786984977716592
917,0.9146019016933551,-2.444771479200495,6.781385059950113
918,0.9182408912637647,-2.4308713623019824,6.775704638460107
919,0.92186190568708,-2.4167058489023927,6.769946563737498
920,0.925464540284685,-2.40227529122976,6.764113759534886
921,0.929048388950963,-2.387580132463123,6.758209220514853
922,0.9326130442702747,-2.372620908095427,6.752236009777548
923,0.9361580976383244,-2.3573982472624038,6.746197256243812
924,0.9396831393879455,-2.341912874035929,6.740096151896366
925,0.943187758919334,-2.326165608680468,6.733935948895002
926,0.946671544834747,-2.3101573688708807,6.727719956558869
927,0.9501340850776799,-2.2938891708685096,6.721451538217874
928,0.953574967076528,-2.277362130653028,6.715134107941338
929,0.9569937778927272,-2.260577465008692,6.708771127143365
930,0.9603901043733638,-2.2435364925610246,6.702366101059493
931,0.963763533308233,-2.226240634763772,6.695922575112817
932,0.9671136515913171,-2.2086914168325156,6.6894441311602355
933,0.9704400463866482,-2.1908904686226256,6.682934383632426
934,0.9737423052985026,-2.172839525448898,6.676396975571331
935,0.9770200165458719,-2.1545404288449084,6.669835574563526
936,0.9802727691411406,-2.135995127260627,6.6632538685843725
937,0.9835001530728916,-2.117205676694941,6.656655561752501
938,0.9867017594927516,-2.0981742412611686,6.650044369997718
939,0.9898771809061738,-2.0789030936811774,6.64342401664324
940,0.9930260113670483,-2.0593946157086065,6.636798227925654
941,0.9961478466760132,-2.039651298480612,6.630170728460492
942,0.9992422845823359,-2.0196757427909224,6.62354523664459
943,1.0023089249892134,-1.999470659284645,6.61692546000652
944,1.0053473701623359,-1.979038868572759,6.610315090512299
945,1.0083572249415438,-1.9583833012649956,6.603717799840732
946,1.0113380969553978,-1.9375069979189818,6.597137234642523
947,1.0142895968384673,-1.9164131089024439,6.590577011779039
948,1.0172113384511317,-1.8951048941681778,6.584040713551445
949,1.0201029391016816,-1.873585722939183,6.5775318829265705
950,1.0229640197704926,-1.8518590733028928,6.571054018782454
951,1.0257942053360327,-1.8299285317123775,6.564610571170299
952,1.0285931248024551,-1.8077977923933255,6.558204936608945
953,1.0313604115285162,-1.7854706566557303,6.551840453417145
954,1.0340957034575522,-1.7629510321084814,6.545520397087516
955,1.0367986433482361,-1.74024293177792,6.539247975728742
956,1.0394688790058288,-1.7173504731278517,6.533026325575768
957,1.0421060635136294,-1.694277876980748,6.526858506572035
958,1.0447098554643246,-1.6710294663367766,6.520747498033825
959,1.0472799191909241,-1.6476096650938052,6.514696194425321
960,1.049815924996967,-1.6240229966683837,6.508707401241226
961,1.0523175493856773,-1.6002740825146997,6.5027838310003805
962,1.0547844752877447,-1.5763676405429214,6.496928099360815
963,1.0572163922873987,-1.5523084834366527,6.491142721370413
964,1.0596129968464447,-1.5281015168702607,6.485430107867662
965,1.0619739925259224,-1.5037517376278242,6.479792562037399
966,1.064299090205054,-1.4792642316214886,6.474232276117869
967,1.0665880082971435,-1.454644171811432,6.468751328287008
968,1.0688404729620873,-1.4298968160283108,6.463351679717934
969,1.0710562183151626,-1.405027504700758,6.458035171821949
970,1.073234986631763,-1.3800416584882451,6.452803523681089
971,1.0753765285477506,-1.3549447758214723,6.447658329687199
972,1.0774806032551008,-1.3297424303501906,6.442601057376973
973,1.0795469786925198,-1.3044402683017737,6.4376330454727135
974,1.0815754317307242,-1.2790440057559096,6.432755502147866
975,1.0835657483520797,-1.253559425831457,6.427969503515472
976,1.0855177238242988,-1.227992375789511,6.4232759923339815
977,1.0874311628679099,-1.2023487640562605,6.418675776937144
978,1.089305879817222,-1.17663455717053,6.414169530402164
979,1.0911416987745182,-1.1508557766580965,6.409757789954824
980,1.0929384537572302,-1.1250184958340823,6.405440956605744
981,1.0946959888378491,-1.0991288365366645,6.40121929501735
982,1.0964141582763478,-1.073192965799172,6.3970929336105415
983,1.098092826644905,-1.0472170924598312,6.393061864919451
984,1.0997318689447306,-1.0212074637124817,6.389125946175053
985,1.1013311707148092,-0.9951703616045131,6.385284900121102
986,1.1028906281323976,-0.9691120994879402,6.38153831607378
987,1.104410148105129,-0.9430390184233572,6.377885651206006
988,1.1058896483545924,-0.9169574835421982,6.374326232062076
989,1.1073290574912706,-0.8908738803722583,6.370859256298614
990,1.1087283150807414,-0.8647946111324741,6.367483794651648
991,1.1100873717010633,-0.8387260909975688,6.364198793111812
992,1.1114061889912867,-0.8126747443352741,6.36100307530603
993,1.1126847396910409,-0.7866470009278729,6.357895345096041
994,1.1139230076711748,-0.7606492921799585,6.354874189376191
995,1.1151209879554504,-0.7346880473141265,6.351938081057593
996,1.1162786867332941,-0.708769689558721,6.349085382230685
997,1.1173961213636336,-0.6829006323365215,6.3463143475116714
998,1.118473320369869,-0.6570872754592098,6.343623127561804
999,1.1195103234260417,-0.6313360013296196,6.341009772763692
1000,1.1205071813342846,-0.6056531711502621,6.3384722370396025
1001,1.1214639559936346,-0.5800451211527335,6.336008381820234
1002,1.1223807203603278,-0.55451815884842,6.3336159801495935
1003,1.1232575583997007,-0.5290785593048015,6.33129272090412
1004,1.1240945650298368,-0.503732561451338,6.329036213117971
1005,1.124891846057114,-0.47848636442234826,6.326843990426435
1006,1.1256495181038175,-0.4533461239386225,6.324713515592427
1007,1.1263677085280035,-0.42831794873459367,6.322642185112197
1008,1.1270465553358033,-0.40340789702611657,6.3206273338899
1009,1.1276862070863614,-0.37862197303152856,6.3186662399790645
1010,1.1282868227896197,-0.35396612354803625,6.3167561293620285
1011,1.128848571797172,-0.329446234585052,6.314894180766736
1012,1.129371633686411,-0.3050681280624239,6.3130775305224525
1013,1.1298561981382103,-0.280837558576775,6.311303277430221
1014,1.1303024648083841,-0.2567602102324166,6.309568487632712
1015,1.1307106431931702,-0.23284169354702716,6.307870199474247
1016,1.1310809524889887,-0.20908754243217442,6.306205428351502
1017,1.1314136214467352,-0.1855032112501141,6.304571171545476
1018,1.131708888220864,-0.16209407195353878,6.30296441301421
1019,1.1319670002135271,-0.13886541130915478,6.301382128132472
1020,1.132188213914035,-0.11582242820607236,6.2998212883866795
1021,1.1323727947338984,-0.09297023105363943,6.2982788660116595
1022,1.1325210168377233,-0.07031383526799169,6.2967518385416605
1023,1.1326331629702158,-0.047858160852085184,6.295237193280877
1024,1.1327095242795653,-0.025608030074728,6.293731931708335
1025,1.1327504001374742,-0.003568165240968215,6.292233073776864
1026,1.132756097956085,0.018256813443298558,6.290737662094947
1027,1.1327269330020566,0.039862389906396505,6.289242766007842
1028,1.1326632282080462,0.06124415414391713,6.287745485569762
1029,1.132565313981846,0.08239780405246627,6.286242955383447
1030,1.1324335280134177,0.10331914716308432,6.284732348315347
1031,1.1322682150800634,0.12400410226765982,6.28321087908441
1032,1.13206972684997,0.14444870094233914,6.281675807708631
1033,1.1318384216843589,0.16464908897527236,6.280124442808982
1034,1.1315746644384495,0.18460152769124355,6.278554144761348
1035,1.1312788262614517,0.20430239517123933,6.276962328703823
1036,1.1309512843958,0.22374818736468502,6.2753464674019055
1037,1.1305924219758365,0.24293551909824163,6.273704093958754
1038,1.1302026278261412,0.26186112498743536,6.272032804347292
1039,1.1297822962596875,0.28052186024528614,6.270330259804149
1040,1.1293318268760058,0.2989147013869371,6.268594189062649
1041,1.128851624359535,0.3170367468381333,6.266822390408445
1042,1.1283420982783188,0.3348852174449087,6.265012733583572
1043,1.1278036628832062,0.3524574568774168,6.263163161552485
1044,1.127236736907721,0.36975093194010195,6.261271692088731
1045,1.1266417433687368,0.38676323279206515,6.25933641918476
1046,1.1260191093680865,0.40349207307073637,6.257355514323325
1047,1.1253692658952377,0.4199352899215283,6.255327227588916
1048,1.1246926476311603,0.4360908439282516,6.253249888625352
1049,1.123989692753514,0.4519568189572059,6.251121907443867
1050,1.123260842743259,0.46753142191572705,6.248941775072568
1051,1.12250654219279,0.48281298242450094,6.246708064051259
1052,1.1217272386156845,0.49779995240310787,6.24441942879284
1053,1.1209233822581652,0.5124909055725299,6.242074605796993
1054,1.1200954259123563,0.5268845368780363,6.239672413718671
1055,1.1192438247314107,0.5409796618293782,6.237211753320059
1056,1.1183690360465892,0.5547752157638943,6.234691607284196
1057,1.117471519186358,0.5682702530443817,6.2321110398693875
1058,1.1165517352975483,0.5814639461812946,6.229469196489111
1059,1.1156101471686437,0.5943555848863967,6.226765303149416
1060,1.1146472190552454,0.6069445750495025,6.223998665754898
1061,1.1136634165077703,0.6192304376511685,6.2211686693249515
1062,1.1126592062014293,0.6312128076077338,6.21827477712272
1063,1.1116350557685284,0.642891432565843,6.215316529646539
1064,1.1105914336331109,0.6542661716373246,6.212293543529379
1065,1.1095288088479702,0.6653369940763327,6.209205510353218
1066,1.108447650934065,0.6761039779010937,6.206052195377209
1067,1.1073484297223621,0.6865673084590248,6.202833436199527
1068,1.1062316151981377,0.6967272769431887,6.19954914133784
1069,1.1050976773477537,0.7065842788717648,6.196199288708893
1070,1.1039470860079035,0.7161388125207673,6.192783924057271
1071,1.1027803107173475,0.7253914773127269,6.189303159335337
1072,1.10159782057115,0.7343429721524123,6.185757171014806
1073,1.1004000840774466,0.7429940937368417,6.182146198333128
1074,1.0991875690167272,0.7513457348254533,6.178470541519776
1075,1.0979607423036484,0.7593988824800777,6.174730559952913
1076,1.0967200698513702,0.7671546162756165,6.170926670274805
1077,1.0954660164384147,0.7746141064752632,6.167059344514045
1078,1.0941990455780608,0.781778612185924,6.163129108137398
1079,1.0929196193902582,0.7886494794882364,6.159136538070843
1080,1.0916281984760585,0.795228139537378,6.155082260735622
1081,1.0903252417945737,0.8015161066518014,6.150966950053986
1082,1.089011206542442,0.8075149763979497,6.146791325435268
1083,1.0876865480357716,0.8132264236453515,6.142556149752688
1084,1.0863517195945769,0.8186522005945104,6.138262227310009
1085,1.0850071724297201,0.8237941348027085,6.133910401809097
1086,1.0836533555323344,0.8286541271930963,6.1295015543468
1087,1.0822907155657322,0.8332341500657059,6.125036601396989
1088,1.0809196967597698,0.8375362451078092,6.120516492775004
1089,1.0795407408076485,0.841562521391658,6.115942209636043
1090,1.0781542867651517,0.8453151533794067,6.111314762510699
1091,1.0767607709522993,0.8487963789121609,6.106635189346293
1092,1.0753606268574252,0.8520084971985559,6.101904553554015
1093,1.0739542850436705,0.8549538668136168,6.097123942092599
1094,1.0725421730578653,0.8576349037117077,6.092294463562707
1095,1.0711247153417698,0.8600540792373426,6.087417246347171
1096,1.0697023331456763,0.8622139181251044,6.082493436801225
1097,1.0682754444443898,0.8641169965263563,6.07752419741781
1098,1.0668444638555377,0.8657659400514461,6.072510705059063
1099,1.065409802560188,0.8671634218174327,6.067454149240538
1100,1.0639718682257757,0.8683121604938858,6.062355730435404
1101,1.0625310649313433,0.8692149183710993,6.057216658420408
1102,1.0610877930950662,0.8698744994486041,6.052038150651712
1103,1.0596424494040408,0.8702937475364023,6.046821430692305
1104,1.0581954267463265,0.8704755443728615,6.0415677266711585
1105,1.0567471141452232,0.8704228077554386,6.036278269820672
1106,1.0552978966957869,0.8701384897118847,6.0309542930495414
1107,1.0538481555035284,0.8696255747007776,6.025597029526405
1108,1.0523982676252606,0.8688870777830581,6.020207711317443
1109,1.050948606012163,0.8679260428338273,6.01478756809017
1110,1.0494995394550184,0.8667455407784228,6.009337825862536
1111,1.0480514325316044,0.8653486678617225,6.00385970577598
1112,1.0466046455562015,0.8637385439409413,5.998354422925791
1113,1.0451595345312052,0.861918310800868,5.992823185220416
1114,1.0437164511008257,0.8598911304922153,5.9872671923360485
1115,1.0422757425068665,0.8576601837130235,5.981687634721274
1116,1.0408377515465381,0.8552286681977032,5.976085692565395
1117,1.0394028165323084,0.8525997971290362,5.9704625348527784
1118,1.0379712712537819,0.849776797588214,5.964819318482504
1119,1.0365434449415776,0.8467629090288232,5.959157187424866
1120,1.0351196622331869,0.8435613817713242,5.9534772719053155
1121,1.0337002431408062,0.8401754755380697,5.947780687628528
1122,1.032285503021103,0.8366084580156506,5.9420685350584534
1123,1.0308757525468975,0.8328636034695215,5.936341898727427
1124,1.0294712976807026,0.8289441913587915,5.930601846634981
1125,1.02807243965015,0.8248535049664208,5.924849429628549
1126,1.026679474925303,0.8205948300830931,5.91908568079774
1127,1.025292695197788,0.8161714537162804,5.9133116149550755
1128,1.0239123873617375,0.811586662828523,5.907528228151838
1129,1.0225388334965195,0.8068437431084589,5.901736497235866
1130,1.0211723108512314,0.8019459777793697,5.895937379426358
1131,1.0198130918309154,0.79689664644138,5.890131811918492
1132,1.0184614439844675,0.7916990239430309,5.884320711538101
1133,1.017117629994217,0.7863563792431247,5.878504974432624
1134,1.0157819076672219,0.7808719743252616,5.872685475769706
1135,1.0144545299282117,0.7752490631671536,5.8668630694451425
1136,1.0131357448141094,0.7694908907236787,5.861038587864264
1137,1.0118257954701386,0.7636006919288222,5.8552128417509
1138,1.0105249201475068,0.7575816907327192,5.849386619974302
1139,1.0092333522026304,0.7514370991764434,5.843560689396174
1140,1.0079513200978565,0.7451701165179568,5.837735794791911
1141,1.0066790474036253,0.7387839283564808,5.831912658738733
1142,1.0054167528020899,0.7322817057891566,5.826091981513466
1143,1.004164650092157,0.7256666045787605,5.820274441086399
1144,1.002922948195962,0.7189417643655324,5.814460693099636
1145,1.001691851166716,0.7121103079148119,5.808651370839718
1146,1.000471558197882,0.705175340388894,5.8028470852777065
1147,0.9992622636336609,0.6981399486567123,5.797048425123093
1148,0.9980641569807429,0.6910072006416146,5.791255956974141
1149,0.996877422921282,0.6837801446620998,5.785470225379127
1150,0.9957022413271106,0.6764618087947539,5.7796917528993434
1151,0.9945387872751735,0.669055200277456,5.773921040257085
1152,0.9933872310641323,0.6615633049334976,5.768158566531811
1153,0.9922477382321228,0.6539890866386112,5.7624047893254495
1154,0.9911204695756011,0.6463354868291953,5.7566601449588815
1155,0.9900055811692223,0.6386054239868503,5.750925048680371
1156,0.9889032243868041,0.6308017931704902,5.74519989493963
1157,0.9878135459233106,0.6229274655782662,5.7394850576292145
1158,0.9867366878178118,0.6149852881052954,5.733780890313098
1159,0.9856727874774338,0.6069780829507425,5.728087726551009
1160,0.9846219777022325,0.5989086472661953,5.722405880218117
1161,0.9835843867109255,0.5907797527789287,5.716735645775368
1162,0.9825601381675304,0.5825941454443689,5.711077298622245
1163,0.9815493512088714,0.5743545451330919,5.705431095440389
1164,0.9805521404729018,0.5660636453446815,5.699797274551583
1165,0.9795686161278002,0.5577241129595402,5.6941760563040855
1166,0.9785988839017837,0.5493385879988009,5.688567643472328
1167,0.9776430451136291,0.5409096833534166,5.682972221662954
1168,0.976701196703959,0.532439984563733,5.6773899596621025
1169,0.975773431267205,0.5239320496237956,5.671821009823867
1170,0.9748598370842093,0.5153884087984099,5.666265508512289
1171,0.9739604981554532,0.5068115644592135,5.66072357655446
1172,0.9730754942348762,0.49820399097676943,5.655195319703022
1173,0.9722049008641958,0.4895681345891523,5.649680829043496
1174,0.9713487894077601,0.48090641326051004,5.644180181416519
1175,0.9705072270879569,0.472221216566586,5.638693439875357
1176,0.969680277021131,0.463514905612646,5.63322065406994
1177,0.9688679982539512,0.45478981296667625,5.627761860693836
1178,0.9680704458002016,0.4460482426319122,5.622317084030554
1179,0.9672876706779352,0.4372924699907367,5.616886336351412
1180,0.9665197199470273,0.4285247417524766,5.611469618297173
1181,0.96576663674712,0.41974727594068745,5.60606691930807
1182,0.965028460335889,0.41096226188355695,5.6006782180870305
1183,0.9643052261276283,0.4021718602075018,5.5953034829972434
1184,0.9635969657321402,0.3933782028861011,5.5899426724958765
1185,0.9629037069938317,0.38458339326270097,5.584595735550936
1186,0.9622254740310613,0.3757895060522153,5.5792626120283755
1187,0.9615622872757665,0.36699858738693464,5.573943233014651
1188,0.9609141635132883,0.3582126548693904,5.568637521190589
1189,0.9602811159223805,0.34943369763361354,5.563345391208863
1190,0.9596631541153856,0.34066367644680084,5.558066750132185
1191,0.9590602841785048,0.33190452379398255,5.5528014977505755
1192,0.9584725087121824,0.3231581439249723,5.547549526804596
1193,0.9578998268716628,0.3144264129387009,5.542310723327438
1194,0.9573422344076561,0.3057111788789078,5.537084966961915
1195,0.9567997237070885,0.297014261853043,5.531872131178856
1196,0.9562722838338866,0.28833745416573864,5.52667208361305
1197,0.9557599005697726,0.2796825204442331,5.521484686388024
1198,0.9552625564550786,0.27105119772593145,5.516309796278108
1199,0.9547802308296383,0.2624451955834154,5.511147264880822
1200,0.9543128998736834,0.25386619626424706,5.505996938814089
1201,0.9538605366487198,0.2453158548129508,5.500858659979857
1202,0.9534231111384119,0.2367957992243947,5.495732265753471
1203,0.9530005902894129,0.2283076306163247,5.49061758916835
1204,0.9525929380521032,0.21985292334565143,5.485514459039214
1205,0.952200115421332,0.2114332251587256,5.480422700129167
1206,0.9518220804770974,0.20305005733992687,5.475342133230339
1207,0.9514587884251647,0.19470491486529953,5.4702725753008306
1208,0.9511101916376108,0.1863992665671861,5.4652138396018355
1209,0.9507762396932719,0.17813455533452718,5.460165735939943
1210,0.9504568794180304,0.16991219825414114,5.455128070658648
1211,0.9501520549250355,0.16173358675222888,5.450100646675147
1212,0.9498617076548554,0.15360008675451642,5.4450832636174065
1213,0.9495857764155281,0.14551303885373837,5.440075717916312
1214,0.9493241974224924,0.13747375851197757,5.435077802906138
1215,0.9490769043383346,0.12948353625387207,5.43008930897088
1216,0.9488438283123632,0.12154363779342187,5.425110023584536
1217,0.9486248980201268,0.11365530419212519,5.420139731375365
1218,0.9484200397028151,0.10581975204432838,5.415178214164081
1219,0.9482291772064915,0.09803817367518947,5.410225251095757
1220,0.9480522320211334,0.09031173729064343,5.405280618805894
1221,0.9478891233195631,0.08264158717576928,5.400344091511818
1222,0.9477397679961762,0.07502884385252703,5.395415441047518
1223,0.9476040807055394,0.06747460424565138,5.390494437008481
1224,0.947481973900839,0.059979941871034295,5.385580846903176
1225,0.9473733578721376,0.0525459069888491,5.380674436222109
1226,0.947278140784497,0.045173526772652205,5.37577496857859
1227,0.9471962287159373,0.037863805501047,5.370882205911001
1228,0.9471275256951877,0.03061772474377925,5.365995908712822
1229,0.9470719337392345,0.023436243522946758,5.3611158361315985
1230,0.9470293528907084,0.016320298456608123,5.356241746095888
1231,0.9469996812551384,0.009270803917692964,5.351373395507858
1232,0.9469828150380429,0.0022886522022393793,5.346510540487532
1233,0.9469786485818363,-0.00462528624114156,5.341652936708784
1234,0.9469870744024366,-0.011470162665702662,5.3368003395597805
1235,0.9470079832257216,-0.018245149910612976,5.3319525043368445
1236,0.9470412640238844,-0.024949442239929884,5.327109186504085
1237,0.9470868040516035,-0.0315822551641044,5.322270141917049
1238,0.9471444888819902,-0.03814282524952587,5.317435127243816
1239,0.9472142024422887,-0.04463040999410318,5.31260390025187
1240,0.9472958270494442,-0.05104428767668062,5.307776219989897
1241,0.9473892434454887,-0.05738375721682407,5.302951847081847
1242,0.9474943308327611,-0.06364813800198645,5.2981305441336755
1243,0.9476109669088942,-0.06983676971948105,5.293312076103793
1244,0.9477390279015762,-0.07594901224444818,5.28849621052276
1245,0.947878388603186,-0.0819842454917112,5.283682717839397
1246,0.9480289224052324,-0.08794186926710902,5.278871371768046
1247,0.9481905013325916,-0.09382130310923646,5.27406194970778
1248,0.9483629960775228,-0.09962198615974055,5.269254233098232
1249,0.9485462760335094,-0.10534337705566651,5.264448007622581
1250,0.9487402093289676,-0.11098495379885813,5.259643063538868
1251,0.9489446628607767,-0.11654621361720686,5.254839196104434
1252,0.9491595023276082,-0.1220266727753169,5.250036206056571
1253,0.9493845922629595,-0.12742586648903265,5.245233899777009
1254,0.9496197960680857,-0.1327433488319868,5.240432089599782
1255,0.9498649760448099,-0.13797869261161405,5.235630594097027
1256,0.9501199934281557,-0.1431314892343568,5.2308292383803385
1257,0.9503847084187776,-0.14820134855107936,5.226027854637403
1258,0.9506589802151483,-0.1531878987763708,5.22122628223994
1259,0.9509426670456433,-0.1580907863938947,5.216424367893399
1260,0.9512356262005006,-0.1629096760502922,5.211621965935079
1261,0.9515377140636258,-0.16764425041659572,5.206818938681577
1262,0.9518487861441818,-0.1722942100652269,5.202015156685519
1263,0.9521686971079935,-0.17685927341271726,5.197210498770014
1264,0.9524973008088934,-0.1813391766221448,5.192404852229068
1265,0.9528344503199322,-0.1857336735090547,5.187598112908741
1266,0.9531799979644617,-0.19004253539703608,5.182790185538675
1267,0.9535337953469905,-0.194265551036666,5.177980983845706
1268,0.9538956933839351,-0.19840252654535928,5.17317043042875
1269,0.9542655423343172,-0.20245328531641615,5.168358456810817
1270,0.9546431918303422,-0.20641766792125055,5.163545003581036
1271,0.9550284909078469,-0.21029553198025183,5.158730020536033
1272,0.9554212880365561,-0.2140867521180081,5.153913466480461
1273,0.9558214311503201,-0.21779121990802605,5.149095309182297
1274,0.956228767677311,-0.2214088437826803,5.144275525217946
1275,0.9566431445701169,-0.2249395489348492,5.139454099964272
1276,0.957064408335717,-0.22838327720872553,5.134631027705023
1277,0.9574924050653117,-0.23173998706136192,5.129806311202609
1278,0.957926980464165,-0.23500965349831318,5.12497996146863
1279,0.9583679798814055,-0.23819226800444562,5.120151997623059
1280,0.9588152483397757,-0.2412878384359205,5.115322446809033
1281,0.9592686305652557,-0.2442963889360125,5.110491343923089
1282,0.9597279710166161,-0.24721795991456197,5.105658731224804
1283,0.9601931139150289,-0.2500526079791209,5.100824658020729
1284,0.9606639032736431,-0.2528004058509618,5.095989180309177
1285,0.961140182927103,-0.25546144225190065,5.0911523607051485
1286,0.9616217965609422,-0.25803582186392626,5.086314268022161
1287,0.962108587741008,-0.26052366528827337,5.081474976695279
1288,0.9626003999429277,-0.26292510896991494,5.076634566426257
1289,0.9630970765815405,-0.26524030512532637,5.071793121905404
1290,0.9635984610403032,-0.2674694216433465,5.066950732476739
1291,0.9641043967006206,-0.26961264204529106,5.062107491590061
1292,0.9646147269712266,-0.27167016541826394,5.057263496384073
1293,0.9651292953175612,-0.2736422063434342,5.052418847162176
1294,0.9656479452911403,-0.27552899482117993,5.047573647047682
1295,0.9661705205589065,-0.27733077618509777,5.04272800170904
1296,0.9666968649325367,-0.27904781104093007,5.037882018709297
1297,0.967226822397774,-0.28068037521117406,5.033035806989367
1298,0.9677602371437908,-0.28222875967975275,5.028189476522463
1299,0.9682969535925752,-0.2836932704745395,5.023343137946106
1300,0.9688368164282242,-0.2850742285698565,5.0184969021552535
1301,0.9693796706261845,-0.28637196986727526,5.013650879769531
1302,0.969925361482598,-0.2875868451134031,5.008805180643064
1303,0.97047373464363,-0.2887192197976598,5.003959913497675
1304,0.971024636134736,-0.289769474031963,4.9991151857908305
1305,0.9715779123898198,-0.29073800250395465,4.994271103183125
1306,0.9721334102804445,-0.29162521441689404,4.989427768989525
1307,0.9726909771450726,-0.29243153338926836,4.984585283980214
1308,0.9732504608182383,-0.293157397340569,4.979743746132721
1309,0.9738117096596287,-0.2938032583882401,4.974903250309859
1310,0.9743745725830971,-0.2943695827816997,4.970063887894413
1311,0.974938899085682,-0.2948568507876773,4.965225746622512
1312,0.9755045392765258,-0.29526555659266357,4.960388910254521
1313,0.9760713439057358,-0.2955962082145554,4.955553458365869
1314,0.976639164393195,-0.295849327382179,4.950719466330819
1315,0.97720785285725,-0.2960254494123171,4.94588700506617
1316,0.9777772621432834,-0.29612512311668404,4.9410561408355
1317,0.9783472458522229,-0.29614891070091975,4.936226935168513
1318,0.9789176583689634,-0.29609738761190246,4.931399444819906
1319,0.9794883548905999,-0.2959711424040399,4.926573721879257
1320,0.9800591914544956,-0.295770776661709,4.921749813562735
1321,0.9806300249663105,-0.29549690486784314,4.916927762135585
1322,0.9812007132278783,-0.2951501542498204,4.9121076050640715
1323,0.9817711149648715,-0.29473116462281396,4.907289375344094
1324,0.9823410898542376,-0.29424058828650024,4.902473101291282
1325,0.9829104985515398,-0.2936790899018585,4.897658806557377
1326,0.9834792027181469,-0.2930473463169511,4.8928465105306875
1327,0.9840470650481522,-0.2923460464020109,4.888036228539437
1328,0.984613949295046,-0.2915758909129621,4.883227971879191
1329,0.9851797202982073,-0.2907375923530302,4.878421748002929
1330,0.9857442440091989,-0.28983187477972694,4.873617561025696
1331,0.986307387517739,-0.2888594736681194,4.8688154117873905
1332,0.9868690190774851,-0.2878211357615121,4.864015298105384
1333,0.98742900813159,-0.28671761887796715,4.85921721515687
1334,0.9879872253379375,-0.2855496917050542,4.854421155926174
1335,0.9885435425940282,-0.28431813365917935,4.84962711142454
1336,0.9890978330616533,-0.28302373471838793,4.844835070898054
1337,0.9896499711913038,-0.28166729521646694,4.8400450223232925
1338,0.9901998327462224,-0.2802496256334869,4.835256953027536
1339,0.9907472948260821,-0.27877154644638275,4.830470849777233
1340,0.9912922358904399,-0.2772338879365754,4.825686699068523
1341,0.9918345357818656,-0.2756374899579947,4.820904487758261
1342,0.9923740757486524,-0.27398320171688256,4.816124203650047
1343,0.9929107384671308,-0.2722718816153474,4.8113458355362315
1344,0.993444408063742,-0.2705043970534912,4.806569373540069
1345,0.9939749701367717,-0.2686816241714734,4.801794809872449
1346,0.9945023117776032,-0.26680444763137834,4.79702213923264
1347,0.995026321591587,-0.2648737604326635,4.79225135884775
1348,0.9955468897186125,-0.2628904636976676,4.787482468962439
1349,0.9960639078532968,-0.26085546640079693,4.7827154735375945
1350,0.9965772692646698,-0.25876968516881654,4.777950380384989
1351,0.9970868688155249,-0.25663404406629753,4.773187201416599
1352,0.9975926029813991,-0.25444947434665843,4.768425952980129
1353,0.998094369869111,-0.2522169141748844,4.763666656599063
1354,0.9985920692347782,-0.24993730842663262,4.758909338948313
1355,0.9990856025015047,-0.2476116084627445,4.754154031964849
1356,0.9995748727766839,-0.24524077187870127,4.74940077331781
1357,1.0000597848688462,-0.24282576221549784,4.744649606939464
1358,1.0005402453039731,-0.24036754874550015,4.739900582828652
1359,1.001016162341464,-0.23786710622556134,4.735153757214792
1360,1.0014874459896685,-0.23532541461117842,4.730409192970987
1361,1.0019540080208984,-0.23274345879194797,4.725666959903551
1362,1.0024157619859617,-0.23012222838092894,4.720927134497905
1363,1.0028726232283585,-0.22746271744350022,4.716189799932903
1364,1.0033245088979976,-0.22476592419492059,4.711455046613925
1365,1.0037713379643503,-0.22203285074006082,4.706722972074856
1366,1.0042130312291526,-0.21926450283898205,4.701993680619909
1367,1.004649511338719,-0.2164618896304002,4.697267283439847
1368,1.0050807027957587,-0.21362602332737377,4.692543898865318
1369,1.0055065319706316,-0.21075791896428944,4.687823652126107
1370,1.00592692711217,-0.20785859414113186,4.6831066749384265
1371,1.0063418183580617,-0.20492906873742434,4.678393105440099
1372,1.0067511377447196,-0.20197036459686588,4.673683088494024
1373,1.007154819216559,-0.19898350528355063,4.668976775038269
1374,1.007552798634866,-0.19596951582098032,4.664274321711522
1375,1.0079450137862078,-0.19292942239864375,4.659575890830827
1376,1.0083314043902996,-0.18986425205253132,4.65488165028576
1377,1.0087119121072805,-0.186775032417067,4.650191772874045
1378,1.0090864805445583,-0.18366279144877767,4.645506435901453
1379,1.0094550552631532,-0.18052855711469715,4.640825821019931
1380,1.009817583783455,-0.17737335711806956,4.636150114006054
1381,1.010174015590471,-0.17419821864619597,4.631479503898325
1382,1.0105243021386239,-0.17100416806902008,4.626814182577615
1383,1.0108683968559857,-0.1677922306197154,4.622154344733166
1384,1.011206255147888,-0.1645634301252767,4.617500187142943
1385,1.0115378344000312,-0.16131878875391215,4.612851907984776
1386,1.0118630939811228,-0.15805932671772668,4.608209706340287
1387,1.0121819952449393,-0.15478606196318792,4.603573782030394
1388,1.0124945015317717,-0.15150000990095325,4.598944334893636
1389,1.0128005781693497,-0.1482021831417357,4.594321563933893
1390,1.0131001924732546,-0.14489359121087086,4.589705666902365
1391,1.0133933137467568,-0.14157524023036028,4.585096840111514
1392,1.0136799132800003,-0.1382481326618152,4.580495277433047
1393,1.0139599643486787,-0.13491326705024806,4.575901169714773
1394,1.0142334422121848,-0.13157163773399774,4.571314704291865
1395,1.0145003241111552,-0.1282242345352025,4.566736064596653
1396,1.0147605892643645,-0.12487204251383895,4.562165429360079
1397,1.0150142188651026,-0.12151604170052191,4.557602971864744
1398,1.0152611960769848,-0.11815720680387369,4.553048859700643
1399,1.0155015060291241,-0.11479650695604439,4.548503254258112
1400,1.0157351358107438,-0.11143490545414098,4.543966309752806
1401,1.0159620744652307,-0.10807335948025552,4.539438172910661
1402,1.0161823129835597,-0.10471281981495088,4.534918982599226
1403,1.016395844297075,-0.10135423060088362,4.530408869167203
1404,1.0166026632697327,-0.09799852910231104,4.525907953858231
1405,1.0168027666897845,-0.09464664543586744,4.52141634833723
1406,1.0169961532608427,-0.09129950230260417,4.516934154486601
1407,1.0171828235923133,-0.08795801474221963,4.512461463831557
1408,1.0173627801892484,-0.08462308989730188,4.5079983569435305
1409,1.017536027441634,-0.08129562677780776,4.50354490319024
1410,1.0177025716131007,-0.07797651598901205,4.499101160524947
1411,1.0178624208289793,-0.07466663950862427,4.494667175028639
1412,1.018015585063803,-0.07136687047077013,4.4902429805202
1413,1.0181620761282648,-0.0680780729314312,4.485828598256253
1414,1.0183019076555855,-0.06480110161389335,4.4814240370487095
1415,1.018435095087245,-0.0615368017118081,4.4770292927170585
1416,1.018561655658199,-0.05828600867126028,4.472644347771168
1417,1.0186816083815347,-0.05504954796083769,4.46826917176488
1418,1.0187949740325273,-0.05182823488049472,4.46390372088947
1419,1.0189017751321856,-0.0486228743584398,4.459547937744459
1420,1.0190020359302592,-0.045434260727494326,4.455201751590427
1421,1.019095782387656,-0.04226317752488285,4.450865078266585
1422,1.0191830421583223,-0.03911039732806038,4.446537820124482
1423,1.0192638445706579,-0.035976681567251007,4.442219866200112
1424,1.0193382206084154,-0.032862780329541055,4.437911092232467
1425,1.0194062028910682,-0.029769432181578053,4.433611360896764
1426,1.0194678256536827,-0.026697363986915416,4.429320521950357
1427,1.0195231247262841,-0.023647290755612265,4.425038412457434
1428,1.019572137512785,-0.020619915494648415,4.420764856890923
1429,1.0196149029694772,-0.017615929022358114,4.416499667599295
1430,1.019651461583012,-0.014636009822259119,4.412242645237514
1431,1.0196818553479534,-0.011680823916125202,4.407993578737571
1432,1.0197061277439468,-0.008751024718124417,4.403752245833594
1433,1.019724323712462,-0.0058472528766952735,4.399518413888231
1434,1.0197364896330892,-0.002970136168126498,4.395291839730665
1435,1.019742673299497,-0.00012028937072688604,4.391072270327348
1436,1.0197429238950155,0.0027016858694419335,4.386859443685547
1437,1.0197372919678267,0.005495201123535159,4.382653088865684
1438,1.0197258294058698,0.008259681294043208,4.378452926633027
1439,1.019708589411403,0.010994564744022077,4.374258670420275
1440,1.0196856264751943,0.013699303373482618,4.370070026536078
1441,1.0196569963504503,0.01637336268822461,4.365886694823511
1442,1.0196227560265076,0.019016221904360506,4.361708369612687
1443,1.0195829637022136,0.021627374023810333,4.357534740175036
1444,1.0195376787590573,0.024206325899060105,4.353365491231273
1445,1.0194869617340814,0.026752598323012786,4.349200304064578
1446,1.0194308742925227,0.029265726060617853,4.3450388570904925
1447,1.019369479200309,0.03174525789302308,4.34088082623309
1448,1.0193028402963848,0.0341907566951969,4.3367258861561835
1449,1.0192310224648071,0.036601799474058776,4.332573710985585
1450,1.0191540916066906,0.038977977386175505,4.328423974513381
1451,1.0190721146120483,0.04131889577642946,4.324276351514765
1452,1.0189851593314931,0.043624174213521445,4.320130518544875
1453,1.0188932945478069,0.045893446489326195,4.315986154113156
1454,1.0187965899474491,0.04812636064368375,4.311842939938019
1455,1.0186951160919673,0.05032257898179198,4.3077005618602815
1456,1.0185889443893201,0.05248177803974324,4.303558709959968
1457,1.0184781470652224,0.05460364860423686,4.299417079692266
1458,1.0183627971344051,0.056687895725875286,4.29527537290453
1459,1.0182429683718106,0.058734238669082534,4.291133298005188
1460,1.0181187352838452,0.06074241088558836,4.286990570756131
1461,1.0179901730796506,0.06271216001695736,4.2828469155684745
1462,1.0178573576423409,0.06464324784463651,4.278702065568499
1463,1.0177203655003026,0.0665354502517059,4.2745557631643765
1464,1.0175792737985385,0.06838855720835406,4.270407761415541
1465,1.0174341602700205,0.07020237268977292,4.266257824119463
1466,1.0172851032071764,0.07197671462131516,4.262105726175335
1467,1.0171321814334566,0.07371141485269946,4.257951254920411
1468,1.0169754742749373,0.07540631908316994,4.253794210211586
1469,1.0168150615320424,0.07706128678170822,4.249634404633483
1470,1.016651023451398,0.0786761911271517,4.245471664764
1471,1.0164834406977965,0.08025091892802122,4.241305831249373
1472,1.0163123943262913,0.08178537052975787,4.237136758840595
1473,1.016137965754447,0.0832794597542462,4.232964317539153
1474,1.0159602367346985,0.08473311379908802,4.228788392714953
1475,1.015779289326886,0.08614627311407826,4.2246088849906815
1476,1.0155952058710036,0.08751889133991342,4.22042571105071
1477,1.0154080689600529,0.0888509352106912,4.216238804100247
1478,1.0152179614130665,0.09014238441196529,4.21204811333616
1479,1.0150249662483768,0.0913932314824121,4.207853604605924
1480,1.0148291666570584,0.09260348171748432,4.203655260964816
1481,1.0146306459765404,0.09377315303163378,4.199453082025509
1482,1.014429487664445,0.09490227583930416,4.195247084253839
1483,1.0142257752726334,0.09599089295110246,4.1910373016194935
1484,1.0140195924214332,0.09703905941190841,4.18682378487385
1485,1.0138110227741397,0.09804684237491776,4.182606601597337
1486,1.0136001500117255,0.09901432098874047,4.17838583677695
1487,1.0133870578077473,0.09994158624430458,4.174161592019828
1488,1.0131718298034966,0.10082874083110337,4.169933985383561
1489,1.0129545495833894,0.10167589900394937,4.165703151959241
1490,1.0127353006505893,0.10248318641997053,4.161469242918147
1491,1.0125141664028865,0.10325073999250953,4.157232425240106
1492,1.0122912301088132,0.10397870776544246,4.152992882058879
1493,1.0120665748839621,0.10466724872978407,4.148750811941582
1494,1.0118402836676084,0.10531653265306488,4.14450642812747
1495,1.0116124391995984,0.10592673995789953,4.140259958921413
1496,1.0113831239974331,0.10649806155173681,4.136011646991594
1497,1.0111524203336177,0.1070306986382286,4.131761748385271
1498,1.010920410213308,0.1075248625694496,4.12751053271326
1499,1.0106871753521973,0.10798077468492633,4.123258282584916
1500,1.0104527971546495,0.10839866612847823,4.1190052925271115
1501,1.01021735669211,0.10877877768262552,4.114751868787659
1502,1.0099809346817807,0.10912135960806442,4.110498328981873
1503,1.0097436114655443,0.10942667144583754,4.106245000879717
1504,1.009505466989189,0.10969498185482361,4.10199222203294
1505,1.0092665807818868,0.10992656844191113,4.097740339456243
1506,1.009027031935936,0.11012171757467129,4.093489708259936
1507,1.0087868990867797,0.11028072420759386,4.089240691266129
1508,1.0085462603932966,0.11040389170199347,4.084993658604143
1509,1.0083051935183793,0.11049153162822174,4.080748986434253
1510,1.008063775609811,0.11054396359973687,4.076507056198913
1511,1.007822083281389,0.11056151510537664,4.072268254478118
1512,1.007580192594317,0.11054452129733647,4.068032971569448
1513,1.0073381790389258,0.11049332480487721,4.063801600664149
1514,1.0070961175166815,0.11040827558142603,4.059574537662403
1515,1.0068540823224366,0.11028973070776527,4.055352179862987
1516,1.0066121471269784,0.11013805418701939,4.051134925023498
1517,1.0063703849599115,0.10995361677602673,4.046923171030695
1518,1.0061288681928124,0.10973679579962116,4.0427173148812985
1519,1.0058876685226759,0.10948797495632653,4.0385177515538215
1520,1.0056468569556687,0.109207544138403,4.034324873607565
1521,1.0054065037911875,0.10889589924723682,4.030139070337247
1522,1.005166678606215,0.10855344199683281,4.025960726557011
1523,1.0049274502399965,0.10818057974156568,4.021790222300676
1524,1.0046888867790114,0.10777772528141943,4.017627931835487
1525,1.0044510555422725,0.10734529667770601,4.013474222715724
1526,1.004214023066934,0.10688371707654123,4.009329455184106
1527,1.0039778550942056,0.10639341451285778,4.005193981598493
1528,1.0037426165556176,0.10587482172117857,4.001068145270746
1529,1.0035083715596118,0.10532837596556528,3.9969522799442503
1530,1.0032751833784352,0.104754518862984,3.9928467093348354
1531,1.0030431144353587,0.1041536961807151,3.98875174602666
1532,1.002812226292261,0.10352635765114222,3.9846676909507592
1533,1.002582579637564,0.10287295681516105,3.98059483297179
1534,1.0023542342744598,0.10219395083011758,3.97653344801711
1535,1.0021272491094995,0.10148980027675485,3.9724837983622416
1536,1.001901682141558,0.10076096899629332,3.96844613249385
1537,1.0016775904511241,0.10000792390748302,3.9644206842601784
1538,1.0014550301899474,0.09923113483114723,3.9604076722090475
1539,1.0012340565710331,0.0984310743191585,3.9564072995940918
1540,1.001014723859001,0.09760821747299846,3.952419753425125
1541,1.000797085360805,0.09676304177065044,3.9484452042746843
1542,1.0005811934168234,0.0958960268998431,3.9444838059153917
1543,1.0003670993923042,0.09500765457384805,3.9405356948456784
1544,1.0001548536692053,0.09409840837584796,3.936600989975202
1545,0.9999445056383752,0.09316877358871511,3.9326797923728973
1546,0.999736103692111,0.09221923701846486,3.928772185034897
1547,0.9995296952171137,0.09125028683345845,3.9248782325439184
1548,0.9993253265878068,0.09026241240482262,3.920997980916731
1549,0.9991230431600233,0.089256104150071,3.9171314575440914
1550,0.9989228892650603,0.08823185335201943,3.9132786709626877
1551,0.9987249082041569,0.08719015200248288,3.9094396106599043
1552,0.9985291422433422,0.08613149266382915,3.905614247387014
1553,0.9983356326086318,0.08505636829806153,3.9018025327421184
1554,0.9981444194816287,0.0839652721075681,3.898004399279363
1555,0.9979555419955198,0.08285869739139975,3.894219760922539
1556,0.997769038231443,0.08173713738983265,3.8904485124247294
1557,0.9975849452152299,0.08060108514094023,3.886690530074287
1558,0.9974032989145315,0.07945103332319194,3.882945671554608
1559,0.997224134236339,0.07828747411078583,3.879213776083545
1560,0.9970474850248805,0.07711089903799978,3.8754946649535342
1561,0.996873384059884,0.07592179884676946,3.8717881414370807
1562,0.9967018630552328,0.07472066334553007,3.8680939912913215
1563,0.9965329526580017,0.07350798128445633,3.8644119831045196
1564,0.9963666824478362,0.07228424021157022,3.860741868419217
1565,0.9962030809367133,0.07104992633673039,3.857083382455159
1566,0.9960421755690801,0.06980552439221457,3.8534362443466024
1567,0.9958839927223692,0.06855151751027819,3.84980015742112
1568,0.9957285577078526,0.06728838710154539,3.8461748101769335
1569,0.9955758947718492,0.06601661270630506,3.8425598762253625
1570,0.9954260270973234,0.06473667188189734,3.838955015145442
1571,0.995278976805815,0.06344904008841147,3.835359873184365
1572,0.9951347649596973,0.062154190561101316,3.8317740832130998
1573,0.9949934115647817,0.060852594191810126,3.8281972662173103
1574,0.9948549355732756,0.05954471940632667,3.8246290312130475
1575,0.994719354887073,0.05823103205706003,3.8210689760971284
1576,0.994586686361359,0.05691199531765891,3.8175166886961414
1577,0.9944569458085276,0.05558806955247902,3.813971746752355
1578,0.9943301480024477,0.054259712224669264,3.810433719252263
1579,0.9942063066830142,0.052927377788940064,3.8069021669832654
1580,0.9940854345610025,0.051591517577948165,3.8033766428788915
1581,0.9939675433232359,0.05025257971158192,3.799856693488051
1582,0.9938526436380317,0.04891100899274194,3.796341859195754
1583,0.9937407451609338,0.047567246810524974,3.792831674960547
1584,0.9936318565407213,0.04622173104462382,3.7893256717343373
1585,0.9935259854256988,0.044874895961881524,3.7858233764050446
1586,0.993423138470263,0.04352717214019986,3.782324313213013
1587,0.9933233213417003,0.04217898637671311,3.778828004469592
1588,0.9932265387272418,0.040830761589537155,3.775333970831864
1589,0.9931327943413795,0.039482916747559084,3.7718417331278826
1590,0.9930420909334001,0.0381358667796545,3.7683508121160063
1591,0.9929544302951526,0.03679002249720316,3.764860729851961
1592,0.9928698132690382,0.0354457905103999,3.7613710107275713
1593,0.9927882397562291,0.03410357314364584,3.7578811814209288
1594,0.9927097087251047,0.03276376838080574,3.7543907727038657
1595,0.9926342182198541,0.03142676978422911,3.7508993196622207
1596,0.9925617653692851,0.030092966411486056,3.7474063622659752
1597,0.9924923463958478,0.028762742770929592,3.743911447042532
1598,0.9924259566247905,0.02743647873731908,3.7404141268931133
1599,0.9923625904935203,0.026114549489132406,3.736913962202534
1600,0.992302241561129,0.024797325449811124,3.7334105220785876
1601,0.9922449025180723,0.02348517222343882,3.7299033840498237
1602,0.9921905651960016,0.02217845054293879,3.7263921357775422
1603,0.992139220577733,0.02087751620343902,3.7228763753218783
1604,0.9920908588073745,0.019582720006246394,3.7193557114908926
1605,0.9920454692005862,0.01829440771894458,3.715829765481902
1606,0.9920030402549429,0.01701292001556988,3.7122981703290616
1607,0.9919635596604285,0.01573859242848018,3.7087605724109216
1608,0.9919270143100479,0.01447175529914037,3.705216631937128
1609,0.9918933903105501,0.013212733729981963,3.701666022790136
1610,0.9918626729932555,0.011961847553037978,3.698108434296721
1611,0.9918348469249573,0.01071941126778266,3.6945435707921486
1612,0.9918098959189565,0.009485734007102519,3.6909711522633564
1613,0.99178780304617,0.00826111951806251,3.6873909156099427
1614,0.9917685506462768,0.007045866104437377,3.683802613928028
1615,0.991752120338986,0.005840266594418985,3.6802060177604754
1616,0.9917384930353715,0.004644608313955921,3.676600915559084
1617,0.9917276489492595,0.0034591730433967947,3.672987113133831
1618,0.9917195676087031,0.002284236997226793,3.669364435252328
1619,0.9917142278674964,0.0011200707901050599,3.6657327251042293
1620,0.9917116079167545,-3.3060586722872644e-05,3.662091844593552
1621,0.9917116852965376,-0.0011748977878693527,3.6584416753773223
1622,0.9917144369075176,-0.0023051871456270688,3.6547821179364397
1623,0.991719839022707,-0.0034236806876595228,3.6511130927942843
1624,0.9917278672992201,-0.004530136159132872,3.64743454026324
1625,0.9917384967900756,-0.005624317040507646,3.643746420114941
1626,0.9917517019560335,-0.006705992560192973,3.6400487128525807
1627,0.991767456677451,-0.007774937725174399,3.6363414185781617
1628,0.9917857342662072,-0.008830933323666895,3.6326245575460665
1629,0.991806507477626,-0.009873765934519833,3.628898170615656
1630,0.9918297485224163,-0.010903227958106396,3.6251623181541985
1631,0.9918554290786852,-0.011919117605706802,3.621417081033142
1632,0.9918835203039212,-0.012921238909860988,3.6176625601652983
1633,0.9919139928470044,-0.013909401746445116,3.613898875823413
1634,0.9919468168602724,-0.014883421830104134,3.610126168706287
1635,0.9919819620115751,-0.015843120722803136,3.606344598642493
1636,0.9920193974963607,-0.016788325837393328,3.6025543447951422
1637,0.992059092049777,-0.01771887043458299,3.598755605854173
1638,0.9921010139587737,-0.018634593626344967,3.5949485988409675
1639,0.9921451310742301,-0.019535340370800243,3.5911335597965914
1640,0.9921914108230815,-0.020420961475170796,3.5873107428949575
1641,0.9922398202204726,-0.021291313593392112,3.583480419938847
1642,0.992290325881927,-0.022146259217938495,3.5796428808613694
1643,0.9923428940355136,-0.02298566667865419,3.5757984322088423
1644,0.9923974905340438,-0.023809410122250532,3.5719473974462015
1645,0.9924540808672425,-0.024617369512558683,3.5680901165781305
1646,0.9925126301739489,-0.025409430627977885,3.564226944897717
1647,0.9925731032543511,-0.026185485032583347,3.560358253516966
1648,0.9926354645821795,-0.026945430074619792,3.5564844281979764
1649,0.99269967831694,-0.02768916887924829,3.5526058687017534
1650,0.9927657083161716,-0.028416610313898822,3.54872298906321
1651,0.9928335181476593,-0.029127668983320122,3.5448362159674947
1652,0.9929030711016888,-0.029822265214520773,3.540945988831692
1653,0.9929743302033097,-0.03050032503444718,3.537052759200991
1654,0.9930472582245952,-0.031161780151140434,3.5331569895309154
1655,0.9931218176969173,-0.03180656792824288,3.529259153342208
1656,0.9931979709232095,-0.03243463136281509,3.525359733990337
1657,0.9932756799902399,-0.03304591906336367,3.5214592240421796
1658,0.9933549067808932,-0.0336403852255463,3.5175581251118353
1659,0.9934356129864516,-0.03421798960823491,3.5136569463168787
1660,0.9935177601188929,-0.034778697500490466,3.5097562043109307
1661,0.9936013095231692,-0.035322479699852076,3.5058564223358313
1662,0.9936862223895041,-0.03584931247742029,3.5019581291022726
1663,0.993772459765684,-0.036359177537939234,3.498061858828139
1664,0.993859982569315,-0.03685206200255137,3.4941681498354957
1665,0.9939487516001225,-0.037327958372410715,3.4902775439643254
1666,0.9940387275522373,-0.03778686448570832,3.4863905862486115
1667,0.9941298710264496,-0.03822878349253117,3.4825078233994895
1668,0.9942221425424919,-0.03865372381308923,3.4786298037670638
1669,0.9943155025512918,-0.039061699092349265,3.4747570762652567
1670,0.9944099114472,-0.03945272817021798,3.4708901894257935
1671,0.9945053295802317,-0.039826835040135296,3.4670296911541736
1672,0.9946017172682825,-0.04018404880815551,3.4631761275148514
1673,0.9946990348093357,-0.040524403646953804,3.4593300421103965
1674,0.9947972424936403,-0.04084793875111095,3.455491975608911
1675,0.9948963006158605,-0.04115469829263012,3.4516624644535505
1676,0.9949961694872096,-0.04144473137547026,3.4478420407249164
1677,0.995096809447549,-0.041718091993730215,3.44403123105479
1678,0.9951981808774752,-0.04197483897700146,3.4402305558427715
1679,0.9953002442103592,-0.04221503594007228,3.436440528955332
1680,0.9954029599443398,-0.04243875123973935,3.432661656575585
1681,0.995506288654302,-0.04264605791392525,3.428894436715476
1682,0.9956101910037867,-0.04283703363036289,3.425139358691607
1683,0.9957146277568529,-0.0430117606424804,3.4213969020289827
1684,0.9958195597899204,-0.04317032572758429,3.4176675363228357
1685,0.9959249481035316,-0.0433128201294441,3.413951720232527
1686,0.9960307538340573,-0.0434393395073259,3.4102499009224125
1687,0.9961369382653529,-0.04354998387116907,3.406562513678468
1688,0.9962434628403275,-0.043644857523261464,3.40288998101005
1689,0.9963502891724475,-0.04372406900211749,3.399232712232475
1690,0.9964573790571722,-0.0437877310232491,3.3955911030123858
1691,0.9965646944833118,-0.043835960415937,3.391965534511728
1692,0.9966721976443017,-0.04386887805697928,3.3883563732852817
1693,0.9967798509493745,-0.04388660880715557,3.3847639704272954
1694,0.9968876170346422,-0.04388928144676004,3.3811886612672932
1695,0.9969954587740797,-0.04387702861477954,3.3776307649302257
1696,0.9971033392904148,-0.043849986743469106,3.3740905838117037
1697,0.9972112219659155,-0.04380829598368491,3.370568403179945
1698,0.9973190704530446,-0.04375210013928062,3.367064490904615
1699,0.9974268486850024,-0.04368154660088563,3.3635790968694956
1700,0.9975345208861561,-0.04359678627133212,3.3601124528824196
1701,0.9976420515823258,-0.043497973496764146,3.35666477214131
1702,0.997749405610946,-0.04338526599969674,3.353236249029555
1703,0.9978565481310991,-0.04325882480079959,3.3498270589052725
1704,0.9979634446333898,-0.04311881414854708,3.3464373576848736
1705,0.9980700609496821,-0.042965401445879244,3.343067281777748
1706,0.9981763632626818,-0.04279875717512846,3.33971694786092
1707,0.9982823181153604,-0.0426190548205494,3.3363864525538
1708,0.998387892420214,-0.04242647079776659,3.333075872555726
1709,0.9984930534683629,-0.04222118437744748,3.3297852641808143
1710,0.9985977689384863,-0.04200337760459933,3.3265146636052463
1711,0.9987020069055653,-0.04177323522151969,3.3232640864675758
1712,0.9988057358494531,-0.04153094458727003,3.3200335281457485
1713,0.9989089246632477,-0.041276695603067994,3.3168229634118305
1714,0.9990115426614917,-0.04101068063597469,3.313632346730409
1715,0.999113559588181,-0.04073309443820888,3.31046161208276
1716,0.999214945624576,-0.04044413406132747,3.3073106730991286
1717,0.9993156713967963,-0.0401439987777428,3.304179423174979
1718,0.9994157079832153,-0.03983289000451751,3.301067735476003
1719,0.9995150269216582,-0.03951101121802483,3.297975463211587
1720,0.9996136002163754,-0.039178567875911785,3.2949024395980095
1721,0.9997114003448129,-0.03883576733370616,3.2918484782474073
1722,0.9998084002641557,-0.038482818762798486,3.2888133732164797
1723,0.9999045734176529,-0.038119933066700355,3.2857968992448074
1724,0.9999998937407139,-0.03774732280192412,3.2827988121739686
1725,1.0000943356667833,-0.0373652020929493,3.2798188488760864
1726,1.0001878741329866,-0.03697378654589099,3.2768567280385597
1727,1.0002804845855264,-0.03657329317462,3.273912149859936
1728,1.0003721429848775,-0.03616394031190976,3.2709847971076704
1729,1.000462825810721,-0.035745947528671246,3.2680743347337597
1730,1.0005525100666566,-0.03531953554916474,3.265180410888214
1731,1.000641173284663,-0.03488492616811141,3.2623026569349576
1732,1.0007287935293243,-0.03444234216984929,3.259440687925936
1733,1.0008153494018193,-0.033992007246629444,3.2565941032635246
1734,1.000900820043668,-0.03353414591619333,3.2537624867769774
1735,1.0009851851402418,-0.03306898343092652,3.250945407609895
1736,1.0010684249240045,-0.03259674570224352,3.2481424203215026
1737,1.0011505201775315,-0.032117659219013876,3.2453530657477865
1738,1.0012314522362826,-0.0316319509658219,3.24257687122154
1739,1.0013112029911362,-0.03113984834119896,3.239813351283339
1740,1.0013897548906776,-0.030641579075025197,3.237062008283993
1741,1.001467090943241,-0.0301373711464409,3.234322332611959
1742,1.0015431947187121,-0.029627452704137188,3.2315938039019647
1743,1.0016180503500838,-0.0291120519921723,3.2288758907335775
1744,1.0016916425347986,-0.028591397261218354,3.226168052320195
1745,1.0017639565358174,-0.02806571669345095,3.2234697379620343
1746,1.0018349781824754,-0.02753523832589813,3.220780388699988
1747,1.0019046938710974,-0.02700018997150272,3.218099437258514
1748,1.0019730905653847,-0.02646079914080751,3.2154263088834463
1749,1.0020401557965688,-0.02591729296270935,3.212760422269637
1750,1.0021058776633265,-0.02536989810992996,3.2101011896080633
1751,1.0021702448314809,-0.024818840722181264,3.207448017974586
1752,1.0022332465334678,-0.024264346336615863,3.204800309290026
1753,1.0022948725676026,-0.02370663980862563,3.202157461605767
1754,1.0023551132971107,-0.02314594523567681,3.1995188692647334
1755,1.00241395964894,-0.022582485890005253,3.196883923930172
1756,1.0024714031123743,-0.02201648414685264,3.1942520151719664
1757,1.0025274357374365,-0.02144816141053516,3.1916225308538624
1758,1.0025820501330853,-0.020877738045253176,3.1889948585274928
1759,1.0026352394652034,-0.020305433303728932,3.186368385012717
1760,1.0026869974543937,-0.01973146525569261,3.1837424984531197
1761,1.0027373183735615,-0.01915605072873592,3.1811165874938676
1762,1.002786197045339,-0.018579405236965517,3.1784900433335577
1763,1.0028336288393,-0.018001742914673262,3.175862259375621
1764,1.0028796096689987,-0.017423276451786717,3.1732326323489044
1765,1.0029241359888235,-0.01684421703046591,3.1706005631330556
1766,1.002967204790678,-0.016264774263912984,3.167965456723734
1767,1.003008813600498,-0.01568515613162173,3.1653267238513916
1768,1.0030489604745871,-0.015105568920405722,3.162683780601582
1769,1.0030876439958003,-0.0145262171613585,3.160036049972917
1770,1.0031248632695533,-0.013947303574931211,3.1573829617241396
1771,1.0031606179196917,-0.013369029014940999,3.1547239535407305
1772,1.0031949080842095,-0.012791592410943534,3.1520584714043487
1773,1.003227734410819,-0.012215190707872572,3.1493859699863913
1774,1.0032590980523655,-0.01164001881670586,3.146705913931249
1775,1.0032890006621138,-0.011066269561792672,3.1440177772387217
1776,1.003317444388906,-0.010494133625997425,3.141321045367149
1777,1.0033444318721738,-0.009923799505547075,3.13861521407751
1778,1.0033699662368483,-0.009355453451072129,3.1358997915782316
1779,1.0033940510881145,-0.008789279427102352,3.133174297757883
1780,1.0034166905060748,-0.008225459067334176,3.1304382654147327
1781,1.0034378890403013,-0.007664171624225823,3.127691240696569
1782,1.0034576517042666,-0.007105593924165819,3.124932782968817
1783,1.0034759839696719,-0.006549900321706329,3.122162466329366
1784,1.0034928917606611,-0.005997262663559085,3.11937987881147
1785,1.0035083814479593,-0.00544785024421632,3.1165846239885444
1786,1.0035224598429027,-0.004901829767887232,3.1137763203766373
1787,1.0035351341913865,-0.004359365307832603,3.110954602561689
1788,1.0035464121677176,-0.0038206182712240935,3.1081191211868107
1789,1.0035563018683902,-0.003285747363350338,3.10526954322668
1790,1.003564811805783,-0.00275490855442139,3.102405552921257
1791,1.003571950901782,-0.002228255045235378,3.099526850965722
1792,1.0035777284813314,-0.0017059372308023144,3.0966331563534153
1793,1.0035821542659011,-0.0011881026759941542,3.093724204899479
1794,1.0035852383669066,-0.000674896080715676,3.0907997511983276
1795,1.003586991279052,-0.000166459257205379,3.0878595674459306
1796,1.0035874238736284,0.00033706889832514614,3.0849034445789316
1797,1.0035865473917518,0.0008355524358350079,3.0819311922013233
1798,1.0035843734375356,0.0013288583699668905,3.078942638352873
1799,1.0035809139712286,0.001816856705639875,3.075937630625305
1800,1.0035761813022994,0.0022994204579619717,3.0729160350422333
1801,1.0035701880824786,0.0027764256785065525,3.0698777374769897
1802,1.0035629472987473,0.003247751470920732,3.066822642610733
1803,1.003554472266293,0.003713280006793725,3.0637506748674856
1804,1.0035447766214352,0.004172896543217781,3.0606617779667245
1805,1.0035338743145146,0.004626489438847611,3.0575559150371725
1806,1.003521779602748,0.005073950169694558,3.0544330690725605
1807,1.0035085070430507,0.0055151733423686134,3.051293241975618
1808,1.0034940714848288,0.005950056705350721,3.0481364559178665
1809,1.0034784880627496,0.0063785011561153255,3.04496275167859
1810,1.0034617721894952,0.006800410755674416,3.0417721902076016
1811,1.0034439395484842,0.007215692734298717,3.038564851156851
1812,1.0034250060865777,0.007624257500109995,3.035340833752011
1813,1.0034049880067648,0.008026018643529337,3.032100256253426
1814,1.0033839017608361,0.008420892938846795,3.028843255639678
1815,1.0033617640420496,0.008808800352285076,3.0255699881850324
1816,1.0033385917777744,0.009189664044000866,3.022280628186188
1817,1.0033144021221225,0.0095634103688452,3.0189753690137557
1818,1.0032892124485744,0.009929968873928866,3.015654421750259
1819,1.003263040342601,0.010289272299451415,3.0123180158812444
1820,1.0032359035942775,0.01064125657938038,3.0089663984653967
1821,1.0032078201908818,0.01098586083426661,3.005599834084734
1822,1.0031788083095023,0.011323027364460923,3.0022186048108193
1823,1.003148886309649,0.011652701648648567,2.9988230092062396
1824,1.0031180727258515,0.011974832337240561,2.9954133631338675
1825,1.003086386260264,0.012289371244320122,2.9919899980911624
1826,1.0030538457752634,0.012596273341012227,2.988553262260676
1827,1.0030204702860563,0.012895496740804145,2.9851035189390682
1828,1.0029862789532946,0.013187002691614977,2.9816411470751505
1829,1.0029512910756946,0.013470755563411058,2.978166540427061
1830,1.0029155260826628,0.013746722834729273,2.974680107172828
1831,1.0028790035269308,0.014014875083122815,2.971182269976881
1832,1.0028417430771914,0.014275185966167428,2.96767346474082
1833,1.0028037645107515,0.014527632206303914,2.964154141224847
1834,1.0027650877062009,0.014772193573653484,2.960624761571964
1835,1.0027257326360894,0.01500885287215115,2.957085800744832
1836,1.0026857193596137,0.015237595918359981,2.953537745456279
1837,1.002645068015321,0.015458411520907957,2.9499810939975246
1838,1.0026037988138354,0.015671291460530864,2.9464163558401046
1839,1.0025619320306007,0.0158762304727185,2.9428440507070404
1840,1.002519487998628,0.01607322622116765,2.9392647088709896
1841,1.0024764871012803,0.01626227927488812,2.935678869654305
1842,1.0024329497650728,0.016443393088100992,2.932087081985113
1843,1.0023888964524903,0.016616573972849973,2.9284899029396687
1844,1.002344347654831,0.01678183107678054,2.924887897949268
1845,1.0022993238850708,0.016939176353952683,2.921281639859397
1846,1.0022538456707588,0.01708862453610815,2.917671708489325
1847,1.0022079335469452,0.017230193108611933,2.9140586903594823
1848,1.00216160804913,0.017363902279291365,2.9104431776016533
1849,1.0021148897062453,0.0174897749520919,2.9068257681889285
1850,1.0020677990336664,0.01760783669739097,2.903207064565016
1851,1.0020203565262489,0.017718115719848878,2.8995876738566198
1852,1.0019725826514103,0.017820642824969566,2.895968206757528
1853,1.0019244978422481,0.017915451388573974,2.892349277313466
1854,1.0018761224906947,0.0180025773266012,2.888731502325745
1855,1.0018274769407027,0.01808205905951029,2.8851155005756475
1856,1.0017785814814772,0.018153937477219995,2.881501892757391
1857,1.001729456340755,0.01821825590638911,2.8778913002820787
1858,1.0016801216781182,0.018275060076503216,2.8742843454470317
1859,1.0016305975783562,0.01832439807971988,2.8706816502449213
1860,1.0015809040448809,0.018366320337793545,2.8670838363149787
1861,1.0015310609931873,0.018400879564626944,2.86349152410873
1862,1.0014810882443623,0.0184281307295022,2.8599053324483887
1863,1.0014310055186468,0.018448131019271254,2.8563258781091374
1864,1.001380832429053,0.018460939796096986,2.8527537749794467
1865,1.0013305884750445,0.0184666185619097,2.8491896340121814
1866,1.001280293036272,0.018465230918991583,2.845634062145219
1867,1.0012299653663626,0.018456842528599283,2.8420876623420552
1868,1.0011796245867812,0.018441521071860312,2.8385510326198347
1869,1.0011292896807502,0.018419336209852918,2.835024765858639
1870,1.0010789794872343,0.018390359540153268,2.831509449184075
1871,1.0010287126950008,0.018354664553673572,2.8280056634000266
1872,1.000978507836753,0.018312326594317502,2.8245139827584556
1873,1.0009283832833362,0.018263422819532155,2.821034974118039
1874,1.000878357238006,0.018208032155231927,2.8175691968844148
1875,1.0008284477307852,0.01814623525132317,2.8141172021771115
1876,1.0007786726129002,0.01807811444071912,2.8106795326597185
1877,1.0007290495512964,0.01800375369387851,2.8072567219354996
1878,1.0006795960232393,0.017923238574864036,2.8038492941709503
1879,1.0006303293110037,0.017836656197361075,2.8004577637010146
1880,1.0005812664966505,0.01774409518010018,2.7970826345026687
1881,1.0005324244568932,0.017645645604400365,2.793724399996176
1882,1.0004838198580537,0.017541398965967483,2.7903835423698427
1883,1.0004354691511188,0.0174314481281908,2.787060532508181
1884,1.0003873885669015,0.0173158872810334,2.7837558293321685
1885,1.0003395941112876,0.017194811894053412,2.7804698796565415
1886,1.00029210156059,0.017068318669909738,2.7772031177252066
1887,1.0002449264570075,0.01693650549916097,2.7739559648552508
1888,1.0001980841041895,0.01679947141493603,2.7707288292471572
1889,1.000151589562906,0.016657316545099516,2.767522105463203
1890,1.000105457646833,0.01651014206586187,2.7643361743401487
1891,1.00005970291845,0.016358050156072272,2.761171402510738
1892,1.000014339685053,0.016201143953859822,2.758028142263521
1893,0.9999693819948725,0.01603952750688487,2.754906731190342
1894,0.999924843633321,0.01587330572641629,2.7518074919801476
1895,0.9998807381193587,0.01570258434070734,2.748730732139139
1896,0.9998370787019821,0.015527469849452654,2.7456767438089495
1897,0.9997938783568336,0.015348069477411441,2.742645803514764
1898,0.9997511497829374,0.015164491127444637,2.739638171961472
1899,0.9997089053995633,0.014976843336184735,2.7366540938882085
1900,0.9996671573432143,0.01478523522862274,2.7336937978325855
1901,0.9996259174647428,0.014589776467197819,2.7307574960165626
1902,0.9995851973266106,0.014390577208039547,2.727845384186932
1903,0.9995450082002769,0.014187748057672284,2.724957641428053
1904,0.9995053610637129,0.013981400026124663,2.7220944301667207
1905,0.9994662665990555,0.013771644480930816,2.7192558958879443
1906,0.9994277351903982,0.01355859310128005,2.7164421672116967
1907,0.9993897769217223,0.01334235783427026,2.7136533556804174
1908,0.9993524015749614,0.013123050849698515,2.7108895557881127
1909,0.9993156186282073,0.012900784494298425,2.7081508448384835
1910,0.9992794372540573,0.01267567124871858,2.70543728300713
1911,0.9992438663181006,0.012447823684863952,2.702748913172942
1912,0.9992089143775394,0.012217354420550901,2.700085761103424
1913,0.9991745896799583,0.011984376075133913,2.6974478352016824
1914,0.9991409001622352,0.011749001226802811,2.6948351267921096
1915,0.9991078534495959,0.011511342370969967,2.6922476098960852
1916,0.9990754568548047,0.011271511877166036,2.6896852414823296
1917,0.9990437173775019,0.011029621945740116,2.6871479613326534
1918,0.9990126417036835,0.010785784569233162,2.684635692294686
1919,0.9989822362053177,0.010540111489262746,2.682148340154096
1920,0.9989525069401046,0.010292714152993442,2.6796857939640812
1921,0.9989234596513877,0.010043703675667147,2.6772479258767192
1922,0.9988950997681951,0.009793190801512159,2.674834591537432
1923,0.99886743240542,0.009541285863935137,2.672445629968602
1924,0.99884046236414,0.009288098745226691,2.6700808639129248
1925,0.9988141941320795,0.009033738836327536,2.667740099784795
1926,0.998788631884213,0.008778315001495816,2.665423128085663
1927,0.9987637794834986,0.008521935539844476,2.663129723255178
1928,0.9987396404817479,0.008264708147986539,2.6608596442629535
1929,0.9987162181206326,0.008006739883428626,2.658612634322827
1930,0.9986935153328221,0.007748137130161721,2.65638842164898
1931,0.9986715347432505,0.0074890055616187185,2.6541867191161423
1932,0.9986502786705159,0.007229450105356641,2.6520072250181426
1933,0.998629749128411,0.006969574909363984,2.649849622828622
1934,0.9986099478275768,0.00670948330993278,2.647713581909678
1935,0.9985908761772795,0.006449277796628106,2.6455987573180284
1936,0.9985725352873124,0.006189059980516395,2.643504790542283
1937,0.9985549259700198,0.005928930564115375,2.641431309304135
1938,0.9985380487424326,0.005668989308010652,2.6393779283399086
1939,0.9985219038285279,0.00540933499938215,2.637344249221732
1940,0.9985064911616053,0.005150065423868015,2.6353298611093128
1941,0.9984918103867707,0.004891277336852638,2.633334340637217
1942,0.9984778608635277,0.004633066435076292,2.6313572527126077
1943,0.9984646416684771,0.004375527326602048,2.6293981502861308
1944,0.9984521515981258,0.004118753503271166,2.6274565753491044
1945,0.9984403891718008,0.0038628373166481214,2.6255320585409896
1946,0.9984293526346539,0.003607869952502809,2.6236241203141244
1947,0.9984190399607651,0.003353941404351693,2.621732270442959
1948,0.9984094488563413,0.003101140448843159,2.619856009237814
1949,0.9984005767630099,0.002849554622507661,2.617994827114404
1950,0.9983924208611975,0.0025992701987619703,2.6161482057396697
1951,0.998384978073597,0.002350372164232738,2.6143156176647366
1952,0.9983782450687197,0.002102944199253853,2.6124965274728584
1953,0.998372218264523,0.0018570686564152363,2.6106903914053365
1954,0.9983668938321167,0.0016128265397136459,2.608896658541779
1955,0.9983622676995465,0.0013702974863513628,2.6071147704220228
1956,0.9983583355556443,0.0011295597482455458,2.605344162223357
1957,0.998355092853948,0.0008906901726507282,2.6035842624165824
1958,0.9983525348166893,0.0006537641848737313,2.601834493955723
1959,0.9983506564388462,0.0004188557727688507,2.600094273854417
1960,0.9983494524922507,0.0001860374722553163,2.598363014540925
1961,0.9983489175297499,-4.461964876833283e-05,2.5966401232615492
1962,0.998349045889424,-0.0002730460053290101,2.594925003588379
1963,0.9983498316988567,-0.0004991735096037474,2.5932170547224986
1964,0.9983512688794548,-0.0007229355809889,2.591515673058295
1965,0.9983533511508045,-0.0009442671594760771,2.5898202514949684
1966,0.9983560720350737,-0.0011631047167853855,2.58813018094822
1967,0.9983594248614518,-0.0013793862688820885,2.58644484972248
1968,0.9983634027706308,-0.0015930513833449767,2.5847636450023614
1969,0.9983679987193126,-0.0018040411896494996,2.583085952202474
1970,0.9983732054847486,-0.002012298387529025,2.5814111564940294
1971,0.9983790156693071,-0.0022177672526206937,2.5797386421279302
1972,0.9983854217050585,-0.002420393645607262,2.5780677939672363
1973,0.9983924158583886,-0.002620125018923922,2.576397996813146
1974,0.9983999902346314,-0.002816910420926204,2.5747286369320204
1975,0.9984081367827145,-0.0030107005012360638,2.57305910134547
1976,0.9984168472998186,-0.0032014475151615363,2.571388779442392
1977,0.9984261134360491,-0.003389105328333987,2.5697170621332206
1978,0.9984359266991193,-0.0035736294176542975,2.568043343580657
1979,0.9984462784590322,-0.0037549768732996766,2.5663670202645292
1980,0.9984571599527687,-0.00393310639984885,2.5646874927447327
1981,0.9984685622889712,-0.004107978319710466,2.563004164714809
1982,0.998480476452637,-0.004279554572236341,2.561316444732761
1983,0.9984928933098025,-0.0044477987124259015,2.559623745301682
1984,0.9985058036122205,-0.00461267590905378,2.5579254845762223
1985,0.9985191980020252,-0.00477415294454429,2.5562210854085587
1986,0.9985330670163939,-0.004932198213329657,2.554509977096604
1987,0.9985474010921956,-0.005086781716461683,2.5527915943745825
1988,0.9985621905706213,-0.005237875058877295,2.5510653791718596
1989,0.9985774257017963,-0.005385451445494972,2.549330779586906
1990,0.9985930966493795,-0.005529485675500055,2.5475872516318536
1991,0.9986091934951351,-0.005669954139131743,2.545834258194587
1992,0.9986257062434932,-0.0058068348104769445,2.5440712707902144
1993,0.9986426248260781,-0.005940107240542675,2.5422977684589134
1994,0.9986599391062148,-0.006069752549696507,2.5405132395685786
1995,0.9986776388834016,-0.006195753421468851,2.5387171806497353
1996,0.9986957138977645,-0.00631809409314977,2.536909098203278
1997,0.998714153834471,-0.006436760347799398,2.535088507524859
1998,0.998732948328121,-0.006551739504204176,2.5332549344809916
