t,theta_history,theta_dot_history,theta_ddot_history,m_history,v_history
0,-1.5,-0.0,,0.0,0.0
1,-1.5,0.4082496465137576,,-0.0324745682820937,0.05283014465185424
2,-1.4991835007069725,0.5345256031065307,,-0.06485031162861926,0.1055393952790788
3,-1.4981144495007594,0.6123766021572609,,-0.09709075734770198,0.15800887165476082
4,-1.4968896962964449,0.6666706528682752,,-0.1291832852141065,0.21019740963517203
5,-1.4955563549907083,0.7071089757470606,,-0.16111855899959507,0.2620746886429251
6,-1.494142137039214,0.738547476095905,,-0.19289038837686084,0.3136207204971908
7,-1.4926650420870222,0.7637554082584169,,-0.2244941293921885,0.36482063275872956
8,-1.4911375312705053,0.7844493675723953,,-0.25592629340391604,0.415663373223578
9,-1.4895686325353605,0.8017582366752186,,-0.28718418027475073,0.46614050438488036
10,-1.4879651160620102,0.8164583252052102,,-0.31826568127950816,0.5162455511456945
11,-1.4863321994115999,0.8291026418288127,,-0.3491691358456645,0.5659735267905275
12,-1.4846739941279423,0.8400965915205539,,-0.3798932339392343,0.6153206089544553
13,-1.4829938009449013,0.8497445608799923,,-0.41043694458679414,0.6642839019857717
14,-1.4812943118231414,0.8582797704546008,,-0.440799462946186,0.712861260604392
15,-1.4795777522822322,0.8658840593613779,,-0.47098017001738496,0.7610511554375401
16,-1.4778459841635094,0.872701377387932,,-0.500978601452236,0.8088525687374954
17,-1.4761005814087336,0.8788472149576609,,-0.5307944229942535,0.8562649121297238
18,-1.4743428869788182,0.8844153367601756,,-0.560427410865594,0.9032879608232866
19,-1.4725740563052978,0.88948268164696,,-0.5898774359044552,0.9499218003198249
20,-1.4707950909420038,0.8941129884700258,,-0.6191444505912271,0.9961667827632065
21,-1.4690068649650638,0.8983595197286653,,-0.6482284783295298,1.0420234908249753
22,-1.4672101459256064,0.9022671353786774,,-0.6771296045094632,1.0874927075540683
23,-1.465405611654849,0.9058738913304434,,-0.7058479689947295,1.1325753909980056
24,-1.4635938638721881,0.909212285415766,,-0.7343837597594275,1.1772726526817805
25,-1.4617754393013567,0.9123102385489734,,-0.7627372074607004,1.2215857392310585
26,-1.4599508188242587,0.9151918746535032,,-0.7909085807807595,1.265516016583681
27,-1.4581204350749517,0.9178781460213953,,-0.8188981824052117,1.3090649563444856
28,-1.456284678782909,0.9203873387750023,,-0.8467063455324495,1.3522341239312168
29,-1.454443904105359,0.9227354844709745,,-0.874333430828014,1.3950251682230124
30,-1.452598433136417,0.924936697605656,,-0.9017798237554123,1.4374398124816776
31,-1.4507485597412058,0.9270034541576461,,-0.929045932226142,1.4794798463534877
32,-1.4488945528328905,0.9289468228641914,,-0.9561321845225068,1.5211471187955474
33,-1.4470366591871622,0.9307766583453311,,-0.9830390274541635,1.562443531795245
34,-1.4451751058704716,0.9325017632323449,,-1.009766924716608,1.6033710347757644
35,-1.443310102344007,0.9341300249607246,,-1.0363163554242278,1.643931619595372
36,-1.4414418422940856,0.9356685317351234,,-1.062687812795392,1.6841273160644417
37,-1.4395705052306154,0.9371236712789599,,-1.088881802969534,1.723960187912509
38,-1.4376962578880574,0.9385012152815457,,-1.1148988439410321,1.7634323291540182
39,-1.4358192554574944,0.9398063919051454,,-1.1407394645949636,1.8025458608022107
40,-1.4339396426736841,0.941043948278189,,-1.166404203832807,1.8413029278907933
41,-1.4320575547771277,0.9422182045533861,,-1.191893609777949,1.8797056967689605
42,-1.4301731183680209,0.9433331008310109,,-1.2172082390520464,1.9177563526394472
43,-1.4282864521663587,0.944392238023313,,-1.2423486561141437,1.955457097312032
44,-1.426397667690312,0.9453989135543373,,-1.2673154326562655,1.9928101471512167
45,-1.4245068698632033,0.9463561526415261,,-1.292109147049376,2.0298177311972494
46,-1.4226141575579203,0.9472667357847018,,-1.3167303838336921,2.066482089439941
47,-1.4207196240863509,0.9481332229885227,,-1.3411797332512079,2.102805471238203
48,-1.418823357640374,0.948957975163022,,-1.3654577908125236,2.1387901338579423
49,-1.4169254416900479,0.9497431730784743,,-1.3895651568992182,2.174438341133008
50,-1.4150259553438909,0.9504908341949938,,-1.4135024363943078,2.209752362223293
51,-1.413124973675501,0.9512028276398827,,-1.4372702383400078,2.2447344704674714
52,-1.4112225680202213,0.9518808875663195,,-1.4608691756216812,2.279386942326707
53,-1.4093188062450885,0.9525266250942199,,-1.4842998646723322,2.313712056399668
54,-1.4074137529949,0.9531415390056717,,-1.507562925198338,2.347712092511443
55,-1.4055074699168886,0.9537270253440989,,-1.5306589799243164,2.3813893308691405
56,-1.4036000158662003,0.9542843860460679,,-1.5535886543546331,2.414746051275523
57,-1.4016914470941082,0.9548148367177608,,-1.5763525765503301,2.447784532396427
58,-1.3997818174206726,0.9553195136532239,,-1.5989513769215502,2.480507051082453
59,-1.3978711783933662,0.9557994801796219,,-1.6213856880316155,2.512915881731349
60,-1.3959595794330069,0.9562557324033494,,-1.6436561444148095,2.545013295698493
61,-1.3940470679682002,0.9566892044222123,,-1.6657633824042306,2.576801560742676
62,-1.3921336895593557,0.9571007730605503,,-1.6877080399711168,2.608282940512227
63,-1.3902194880132346,0.957491262177707,,-1.7094907565728035,2.6394596940614603
64,-1.3883045054888792,0.9578614465938515,,-1.7311121730099173,2.6703340753996767
65,-1.3863887825956915,0.9582120556723595,,-1.7525729312920946,2.700908333070246
66,-1.3844723584843468,0.9585437765932927,,-1.7738736745110282,2.7311847097555373
67,-1.3825552709311602,0.9588572573486389,,-1.7950150467204393,2.76116544190634
68,-1.3806375564164628,0.959153109486497,,-1.8159976928233126,2.79085275939702
69,-1.3787192501974899,0.9594319106284805,,-1.836822258464494,2.820248885199657
70,-1.3768003863762328,0.9596942067819162,,-1.8574893899293485,2.849356035079662
71,-1.374880997962669,0.9599405144660571,,-1.8779997340477503,2.8781764173103923
72,-1.372961116933737,0.9601713226695571,,-1.8983539381033943,2.9067122324067074
73,-1.3710407742883979,0.9603870946546372,,-1.918552649747534,2.9349656728742857
74,-1.3691200000990886,0.9605882696219009,,-1.9385965169163621,2.9629389229718375
75,-1.367198823559845,0.9607752642479925,,-1.9584861877532342,2.9906341584906997
76,-1.365277273031349,0.9609484741073422,,-1.9782223105354262,3.018053546550722
77,-1.3633553760831343,0.9611082749882351,,-1.9978055336032943,3.045199245404648
78,-1.361433159533158,0.9612550241122325,,-2.0172365052919288,3.072073404251283
79,-1.3595106494849334,0.9613890612647652,,-2.0365158738689972,3.0986781630712392
80,-1.3575878713624039,0.9615107098448359,,-2.055644287473679,3.125015652466429
81,-1.3556648499427142,0.9616202778404771,,-2.074622394056599,3.1510879935028773
82,-1.3537416093870331,0.9617180587354613,,-2.093450841326788,3.1768972975793712
83,-1.3518181732695622,0.9618043323536208,,-2.112130276697338,3.2024456662910152
84,-1.349894564604855,0.9618793656453299,,-2.1306613472339095,3.2277351913030126
85,-1.3479708058735644,0.9619434134203709,,-2.1490446996094517,3.252767954247539
86,-1.3460469190467237,0.9619967190324991,,-2.1672809800536936,3.277546026600696
87,-1.3441229256086586,0.9620395150180165,,-2.1853708343120037,3.302071469594293
88,-1.3421988465786225,0.9620720236929161,,-2.203314907601844,3.3263463341184933
89,-1.3402747025312367,0.9620944577114322,,-2.2211138445713057,3.35037266063191
90,-1.3383505136158138,0.9621070205885147,,-2.238768289261834,3.374152479087348
91,-1.3364262995746368,0.962109907189716,,-2.2562788850678412,3.3976878088455416
92,-1.3345020797602574,0.9621033041895412,,-2.2736462747057207,3.4209806586242295
93,-1.3325778731518783,0.9620873905025865,,-2.2908711001728586,3.444033026409145
94,-1.330653698370873,0.9620623376867794,,-2.3079540027212357,3.466846899420171
95,-1.3287295736954994,0.9620283103235315,,-2.3248956228194246,3.489424254033116
96,-1.3268055170748523,0.9619854663737283,,-2.3416966001276243,3.511767055751108
97,-1.3248815461421048,0.9619339575136986,,-2.358357573463168,3.533877259139199
98,-1.3229576782270775,0.961873929450329,,-2.3748791807765426,3.5557568077992645
99,-1.3210339303681768,0.9618055222187253,,-2.391262059120204,3.5774076343168257
100,-1.3191103193237395,0.9617288704616811,,-2.4075068446268895,3.598831660244403
101,-1.3171868615828162,0.9616441036943715,,-2.4236141724783726,3.620030796047759
102,-1.3152635733754274,0.9615513465525294,,-2.439584676888117,3.641006941105565
103,-1.3133404706823224,0.96145071902824,,-2.4554189910712303,3.6617619836599427
104,-1.311417569244266,0.9613423366913856,,-2.471117747226096,3.6822978008118787
105,-1.3094948845708831,0.9612263108994594,,-2.4866815765115886,3.7026162584994635
106,-1.3075724319490842,0.9611027489960584,,-2.502111109023951,3.722719211474527
107,-1.305650226451092,0.9609717544979364,,-2.5174069737803304,3.742608503305202
108,-1.3037282829420962,0.9608334272729946,,-2.5325697986947193,3.762285966348509
109,-1.30180661608755,0.9606878637079056,,-2.547600210562232,3.781753421755429
110,-1.2998852403601342,0.9605351568673001,,-2.562498835040668,3.801012679465249
111,-1.2979641700463995,0.9603753966451521,,-2.5772662966283124,3.820065538184925
112,-1.2960434192531092,0.9602086699067673,,-2.591903218655638,3.838913785422813
113,-1.2941230019132957,0.9600350606257999,,-2.606410223257661,3.8575591974463284
114,-1.292202931792044,0.9598546500118387,,-2.6207879313679436,3.8760035393245267
115,-1.2902832224920204,0.9596675166334413,,-2.635036962696908,3.894248564908792
116,-1.2883638874587535,0.9594737365341253,,-2.6491579357183017,3.912296016845427
117,-1.2864449399856852,0.9592733833425314,,-2.663151467656523,3.9301476265916513
118,-1.284526393219,0.9590665283777124,,-2.67701817447,3.9478051144156607
119,-1.2826082601622446,0.9588532407488873,,-2.6907586708382634,3.9652701894112345
120,-1.280690553680747,0.9586335874501649,,-2.7043735701507496,3.982544549519223
121,-1.2787732865058465,0.9584076334513794,,-2.7178634844911387,3.9996298815307796
122,-1.2768564712389439,0.9581754417841705,,-2.7312290246251414,4.0165278611044775
123,-1.2749401203553754,0.9579370736234218,,-2.7444707999931794,4.033240152802817
124,-1.2730242462081285,0.9576925883664946,,-2.757589418690843,4.049768410079372
125,-1.2711088610313954,0.957442043706989,,-2.7705854874636278,4.06611427532335
126,-1.2691939769439815,0.9571854957057961,,-2.7834596116964114,4.082279379882754
127,-1.26727960595257,0.9569229988598297,,-2.7962123953959965,4.098265344059448
128,-1.2653657599548502,0.9566546061657194,,-2.8088444411889704,4.114073777165777
129,-1.2634524507425189,0.9563803691822319,,-2.821356350307051,4.129706277530719
130,-1.2615396900041544,0.9561003380891636,,-2.833748722578703,4.145164432530886
131,-1.2596274893279762,0.9558145617439893,,-2.8460221564178454,4.1604498186098855
132,-1.2577158602044882,0.9555230877352691,,-2.8581772488186115,4.175564001321961
133,-1.2558048140290177,0.9552259624345965,,-2.8702145953435583,4.190508535348825
134,-1.2538943621041485,0.9549232310460664,,-2.8821347901137018,4.205284964523744
135,-1.2519845156420564,0.954614937652933,,-2.8939384258040444,4.2198948218779435
136,-1.2500752857667505,0.9543011252629168,,-2.9056260936339666,4.234339629665881
137,-1.2481666835162246,0.9539818358517522,,-2.91719838335702,4.248620899387688
138,-1.2462587198445212,0.9536571104044184,,-2.92865588325405,4.26274013182534
139,-1.2443514056237124,0.9533269889540329,,-2.9399991801313,4.276698817099006
140,-1.2424447516458044,0.9529915106209669,,-2.9512288593045364,4.290498434665727
141,-1.2405387686245624,0.9526507136487372,,-2.962345504595703,4.304140453369491
142,-1.238633467197265,0.9523046354384141,,-2.9733496983293866,4.317626331490452
143,-1.2367288579263882,0.9519533125826306,,-2.984242021322063,4.330957516764151
144,-1.234824951301223,0.951596780897733,,-2.9950230528749833,4.344135446415456
145,-1.2329217577394276,0.9512350754540282,,-3.0056933707717794,4.357161547211962
146,-1.2310192875885195,0.9508682306057847,,-3.016253551268733,4.3700372354869295
147,-1.229117551127308,0.9504962800190387,,-3.0267041690927505,4.3827639171938175
148,-1.2272165585672699,0.9501192566994484,,-3.037045797430909,4.395342987925678
149,-1.225316320053871,0.9497371930181913,,-3.0472790079264707,4.407775832961226
150,-1.2234168456678347,0.949350120736567,,-3.057404370676839,4.420063827319022
151,-1.2215181454263615,0.9489580710305248,,-3.0674224542252997,4.432208335785338
152,-1.2196202292843004,0.9485610745141146,,-3.0773338255537936,4.44421071294604
153,-1.217723107135272,0.9481591612613003,,-3.0871390500810696,4.45607230324104
154,-1.2158267888127494,0.9477523608272588,,-3.096838691658489,4.46779444100865
155,-1.213931284091095,0.947340702269104,,-3.106433312564196,4.479378450522912
156,-1.2120366026865568,0.9469242141660216,,-3.1159234734961507,4.490825646025621
157,-1.2101427542582248,0.9465029246380149,,-3.125309733569661,4.502137331777413
158,-1.2082497484089487,0.9460768613639166,,-3.1345926503149406,4.5133148021088845
159,-1.2063575946862208,0.9456460515990766,,-3.1437727796724957,4.524359341462037
160,-1.2044663025830227,0.9452105221930155,,-3.1528506759841552,4.535272224413037
161,-1.2025758815386367,0.9447702996050805,,-3.1618268919936146,4.546054715735342
162,-1.2006863409394266,0.9443254099199897,,-3.170701978843707,4.556708070448657
163,-1.1987976901195867,0.9438758788633961,,-3.1794764860695524,4.567233533850009
164,-1.19690993836186,0.9434217318163257,,-3.188150961595745,4.577632341562077
165,-1.1950230948982274,0.9429629938289975,,-3.1967259517343862,4.587905719584373
166,-1.1931371689105694,0.942499689634754,,-3.205202001178438,4.598054884324984
167,-1.1912521695312999,0.9420318436625913,,-3.2135796530020584,4.608081042661087
168,-1.1893681058439747,0.9415594800497634,,-3.2218594486564567,4.61798539198112
169,-1.187484986883875,0.9410826226539136,,-3.2300419279667345,4.627769120229837
170,-1.1856028216385672,0.9406012950651147,,-3.2381276291261054,4.637433405942411
171,-1.183721619048437,0.9401155206167344,,-3.2461170886951707,4.646979418300191
172,-1.1818413880072036,0.9396253223957456,,-3.25401084160252,4.656408317191777
173,-1.179962137362412,0.9391307232537003,,-3.2618094211382416,4.665721253243268
174,-1.1780838759159047,0.9386317458169451,,-3.2695133589501437,4.674919367859794
175,-1.1762066124242707,0.93812841249605,,-3.2771231850429134,4.684003793279785
176,-1.1743303555992786,0.9376207454949093,,-3.284639427777139,4.692975652628307
177,-1.1724551141082888,0.9371087668200259,,-3.2920626138649047,4.701836059955539
178,-1.1705808965746487,0.9365924982887892,,-3.299393268370352,4.7105861202960515
179,-1.168707711578071,0.9360719615384022,,-3.3066319147035417,4.71922692969917
180,-1.1668355676549942,0.9355471780338209,,-3.3137790746193954,4.727759575280717
181,-1.1649644732989266,0.9350181690752606,,-3.3208352682171682,4.736185135277505
182,-1.163094436960776,0.934484955805587,,-3.327801013939293,4.744504679098355
183,-1.1612254670491649,0.9339475592177015,,-3.3346768285684574,4.752719267367249
184,-1.1593575719307294,0.9334060001618573,,-3.3414632272235587,4.760829951961247
185,-1.1574907599304056,0.9328602993520286,,-3.348160723360317,4.768837776068505
186,-1.1556250393317016,0.9323104773723639,,-3.354769828769767,4.776743774236987
187,-1.1537604183769568,0.9317565546834741,,-3.3612910535763225,4.784548972420986
188,-1.1518969052675898,0.9311985516285113,,-3.3677249062360506,4.79225438802801
189,-1.1500345081643328,0.9306364884389424,,-3.3740718935353824,4.799861029967632
190,-1.148173235187455,0.9300703852400746,,-3.3803325205902475,4.8073698987018405
191,-1.1463130944169748,0.9295002620565403,,-3.3865072908442464,4.814781986290749
192,-1.1444540938928618,0.9289261388177882,,-3.3925967060656115,4.822098276432676
193,-1.1425962416152262,0.9283480353626636,,-3.3986012663487237,4.829319744524473
194,-1.1407395455445009,0.9277659714440804,,-3.40452147011404,4.8364473577143565
195,-1.1388840136016127,0.9271799667338839,,-3.41035781410574,4.843482074944261
196,-1.137029653668145,0.9265900408277786,,-3.4161107933881176,4.85042484698597
197,-1.1351764735864895,0.9259962132494255,,-3.421780901346043,4.857276616495555
198,-1.1333244811599907,0.9253985034542689,,-3.427368629686243,4.864038318071237
199,-1.1314736841530821,0.9247969308336161,,-3.4328744684359447,4.870710878299226
200,-1.129624090291415,0.9241915147185888,,-3.438298905941692,4.8772952157996325
201,-1.1277757072619778,0.9235822743838883,,-3.443642428868384,4.883792241273403
202,-1.12592854271321,0.9229692290515562,,-3.4489055221976015,4.890202857545384
203,-1.1240826042551069,0.9223523978942626,,-3.4540886692280437,4.896527959616992
204,-1.1222378994593183,0.9217318000384436,,-3.4591923515759464,4.902768434718599
205,-1.1203944358592415,0.9211074545675396,,-3.4642170491744637,4.908925162356612
206,-1.1185522209501064,0.9204793805252194,,-3.469163240272239,4.914999014356737
207,-1.116711262189056,0.9198475969181453,,-3.4740314014342646,4.9209908549172106
208,-1.1148715669952198,0.9192121227188487,,-3.4788220075412184,4.926901540655066
209,-1.1130331427497822,0.9185729768686945,,-3.4835355317879637,4.932731920647727
210,-1.1111959967960447,0.9179301782804166,,-3.488172445683679,4.938482836482389
211,-1.1093601364394838,0.9172837458402794,,-3.4927332190538944,4.94415512231346
212,-1.1075255689478032,0.9166336984105421,,-3.4972183200400226,4.949749604908499
213,-1.105692301550982,0.91598005483204,,-3.5016282150976843,4.955267103687971
214,-1.103860341441318,0.9153228339263685,,-3.5059633689970866,4.9607084307740745
215,-1.1020296957734652,0.9146620544977849,,-3.5102242448242564,4.966074391043622
216,-1.1002003716644697,0.9139977353355335,,-3.5144113039794083,4.971365782167124
217,-1.0983723761937987,0.9133298952154145,,-3.518525006179605,4.976583394667112
218,-1.0965457164033678,0.9126585529019351,,-3.5225658094568826,4.981728011956014
219,-1.094720399297564,0.9119837271500482,,-3.526534170159039,4.986800410385001
220,-1.092896431843264,0.9113054367066837,,-3.5304305429508895,4.991801359295407
221,-1.0910738209698505,0.910623700312281,,-3.5342553808149657,4.99673162106728
222,-1.089252573569226,0.909938536702584,,-3.538009135050757,5.001591951160095
223,-1.0874326964958207,0.90924996461016,,-3.541692255274784,5.0063830981576976
224,-1.0856141965666004,0.9085580027657892,,-3.5453051894212058,5.011105803815108
225,-1.0837970805610688,0.9078626698996409,,-3.5488483837433487,5.015760803109419
226,-1.0819813552212696,0.90716398474251,,-3.5523222828143552,5.0203488242864465
227,-1.0801670272517845,0.9064619660269013,,-3.5557273295285623,5.024870588910265
228,-1.0783541033197306,0.9057566324882038,,-3.5590639651020433,5.029326811908397
229,-1.0765425900547543,0.9050480028661593,,-3.5623326290710113,5.033718201606752
230,-1.074732494049022,0.904336095905749,,-3.5655337592936043,5.0380454597797195
231,-1.0729238218572104,0.9036209303580252,,-3.568667791951257,5.042309281698739
232,-1.0711165799964943,0.9029025249810421,,-3.5717351615494577,5.0465103561772295
233,-1.0693107749465323,0.9021808985403652,,-3.574736300920552,5.050649365625119
234,-1.0675064131494516,0.9014560698101411,,-3.577671641223274,5.054726986087071
235,-1.0657035010098312,0.900728057574089,,-3.5805416119422384,5.05874388728057
236,-1.063902044894683,0.8999968806259475,,-3.5833466408905257,5.062700732648078
237,-1.0621020511334311,0.8992625577700873,,-3.5860871542108517,5.066598179402482
238,-1.060303526017891,0.8985251078222208,,-3.5887635763762757,5.070436878569489
239,-1.0585064758022467,0.8977845496099833,,-3.5913763301909194,5.074217475030536
240,-1.0567109067030267,0.8970409019732665,,-3.5939258367924696,5.0779406075729225
241,-1.0549168248990801,0.8962941837648232,,-3.5964125156524664,5.081606908929808
242,-1.0531242365315505,0.8955444138505848,,-3.5988367845782694,5.085217005827513
243,-1.0513331477038494,0.8947916111100159,,-3.601199059714533,5.088771519030205
244,-1.0495435644816293,0.8940357944366295,,-3.6034997555435995,5.092271063379057
245,-1.0477554928927562,0.8932769827381889,,-3.6057392848875187,5.095716247838899
246,-1.0459689389272797,0.8925151949369903,,-3.6079180589095734,5.099107675541714
247,-1.0441839085374058,0.8917504499702251,,-3.610036487114776,5.1024459438257965
248,-1.0424004076374653,0.8909827667899946,,-3.61209497735261,5.105731644284462
249,-1.0406184421038853,0.8902121643635083,,-3.6140939358182598,5.1089653628077425
250,-1.0388380177751584,0.8894386616731131,,-3.616033767054916,5.112147679628457
251,-1.0370591404518121,0.8886622777165268,,-3.617914873954442,5.115279169360614
252,-1.035281815896379,0.8878830315069239,,-3.6197376577591567,5.118360401042024
253,-1.0335060498333652,0.8871009420728755,,-3.6215025180639118,5.121391938178874
254,-1.0317318479492195,0.8863160284583368,,-3.623209852818152,5.124374338789057
255,-1.0299592158923028,0.885528309722914,,-3.6248600583258583,5.127308155435625
256,-1.028188159272857,0.8847378049415208,,-3.626453529249149,5.130193935277099
257,-1.026418683662974,0.8839445332041661,,-3.6279906586108748,5.133032220112924
258,-1.0246507945965657,0.8831485136162162,,-3.629471837794314,5.135823546414441
259,-1.0228844975693332,0.8823497652982251,,-3.6308974565456262,5.1385684453682785
260,-1.0211197980387368,0.8815483073855436,,-3.6322679029768214,5.141267442923134
261,-1.0193567014239657,0.8807441590280315,,-3.633583563568463,5.1439210598340805
262,-1.0175952131059096,0.8799373393900919,,-3.6348448231703747,5.1465298116969365
263,-1.0158353384271295,0.8791278676504157,,-3.636052065003911,5.149094208989819
264,-1.0140770826918286,0.8783157630019189,,-3.6372056706631866,5.151614757109122
265,-1.0123204511658248,0.8775010446514818,,-3.638306020117067,5.154091956409272
266,-1.010565449076522,0.876683731819374,,-3.6393534917129067,5.156526302250662
267,-1.0088120816128832,0.875863843739018,,-3.640348462178334,5.158918285037637
268,-1.007060353925405,0.8750413996565881,,-3.6412913066238133,5.161268390260051
269,-1.005310271126092,0.8742164188307134,,-3.6421823985447506,5.163577098531844
270,-1.0035618382884306,0.8733889205322205,,-3.643022109823196,5.165844885627494
271,-1.0018150604473661,0.872558924043726,,-3.6438108107302827,5.168072222521859
272,-1.0000699425992787,0.8717264486592675,,-3.6445488699285664,5.170259575428832
273,-0.9983264897019601,0.8708915136838731,,-3.645236654474375,5.172407405840182
274,-0.9965847066745924,0.8700541384331981,,-3.645874529820076,5.174516170563038
275,-0.994844598397726,0.8692143422331375,,-3.6464628598159496,5.176586321755984
276,-0.9931061697132597,0.8683721444189657,,-3.6470020067149758,5.178618306978637
277,-0.9913694254244217,0.8675275643349936,,-3.6474923311746066,5.180612569226066
278,-0.9896343702957517,0.8666806213343545,,-3.6479341922577526,5.182569546959024
279,-0.987901009053083,0.865831334778428,,-3.6483279474360857,5.18448967414463
280,-0.9861693463835262,0.8649797240362489,,-3.6486739525927128,5.186373380294956
281,-0.9844393869354536,0.8641258084839495,,-3.648972562025242,5.188221090506004
282,-0.9827111353184858,0.8632696075042875,,-3.649224128447898,5.19003322549248
283,-0.9809845961034772,0.8624111404861454,,-3.6494290029941783,5.191810201624049
284,-0.979259773822505,0.8615504268239661,,-3.6495875352194136,5.193552430961711
285,-0.977536672968857,0.8606874859170066,,-3.64970007310466,5.195260321299675
286,-0.975815297997023,0.8598223371690398,,-3.649766963057696,5.19693427619329
287,-0.974095653322685,0.8589549999875801,,-3.6497885499171936,5.198574695001321
288,-0.9723777433227099,0.8580854937833322,,-3.649765176955006,5.200181972919793
289,-0.9706615723351432,0.8572138379696537,,-3.6496971858788143,5.201756501016309
290,-0.9689471446592038,0.8563400519618524,,-3.6495849168353365,5.203298666267571
291,-0.9672344645552802,0.8554641551764324,,-3.6494287084141823,5.204808851599072
292,-0.9655235362449273,0.8545861670307007,,-3.6492288976492095,5.206287435912861
293,-0.9638143639108658,0.8537061069420744,,-3.6489858200221126,5.207734794124939
294,-0.9621069516969817,0.8528239943275412,,-3.6486998094647314,5.20915129719684
295,-0.9604013037083265,0.8519398486029448,,-3.648371198362515,5.210537312172245
296,-0.9586974240111207,0.8510536891822391,,-3.6480003175578735,5.211893202213325
297,-0.9569953166327562,0.8501655354768777,,-3.6475874963531054,5.213219326633849
298,-0.9552949855618024,0.8492754068952104,,-3.647133062513067,5.214516040931248
299,-0.9535964347480119,0.848383322841689,,-3.6466373422689187,5.2157836968236
300,-0.9518996681023285,0.8474893027161797,,-3.646100660321492,5.217022642284022
301,-0.9502046894968962,0.8465933659135119,,-3.6455233398430185,5.218233221567089
302,-0.9485115027650691,0.8456955318226962,,-3.6449057024810743,5.219415775245373
303,-0.9468201117014238,0.8447958198261052,,-3.6442480683622103,5.2205706402451515
304,-0.9451305200617716,0.8438942492987795,,-3.643550756095438,5.221698149879998
305,-0.943442731563174,0.8429908396079459,,-3.6428140827741657,5.222798633876852
306,-0.9417567498839582,0.8420856101122992,,-3.642038363979807,5.223872418409575
307,-0.9400725786637336,0.8411785801611763,,-3.641223913785669,5.224919826134342
308,-0.9383902215034112,0.8402697690939654,,-3.640371044759531,5.225941176218038
309,-0.9367096819652233,0.8393591962393022,,-3.639480067967739,5.226936784373407
310,-0.9350309635727447,0.8384468809144597,,-3.6385512929778856,5.227906962887393
311,-0.9333540698109158,0.837532842424549,,-3.6375850278627944,5.228852020655367
312,-0.9316790041260667,0.8366171000618029,,-3.63658157920381,5.229772263211954
313,-0.9300057699259432,0.8356996731049008,,-3.635541252094117,5.230667992761267
314,-0.9283343705797333,0.8347805808182748,,-3.6344643501422422,5.2315395082075575
315,-0.9266648094180968,0.8338598424514849,,-3.633351175474788,5.2323871051825375
316,-0.9249970897331938,0.8329374772383032,,-3.632202028741187,5.233211076081884
317,-0.9233312147787173,0.8320135043960972,,-3.6310172091166875,5.234011710092721
318,-0.9216671877699251,0.8310879431252765,,-3.6297970143050478,5.234789293219077
319,-0.9200050118836746,0.8301608126086159,,-3.628541740542042,5.235544108311093
320,-0.9183446902584573,0.8292321320104407,,-3.62725168259934,5.2362764350967135
321,-0.9166862259944365,0.8283019204757627,,-3.6259271337890113,5.23698655021562
322,-0.9150296221534849,0.8273701971295815,,-3.624568385966961,5.237674727247711
323,-0.9133748817592258,0.8264369810762839,,-3.623175729535913,5.238341236738867
324,-0.9117220077970732,0.8255022913988935,,-3.621749453449526,5.2389863462315915
325,-0.9100710032142755,0.8245661471584146,,-3.620289845215623,5.239610320291651
326,-0.9084218709199586,0.8236285673931217,,-3.6187971908998806,5.240213420536574
327,-0.9067746137851724,0.822689571117875,,-3.6172717751295878,5.240795905663685
328,-0.9051292346429367,0.8217491773234782,,-3.6157138810969633,5.241358031476235
329,-0.9034857362882898,0.8208074049758787,,-3.6141237905634354,5.241900050914001
330,-0.901844121478338,0.8198642730155788,,-3.6125017838628515,5.242422214077913
331,-0.9002043929323069,0.8189198003569633,,-3.6108481399050096,5.242924768256497
332,-0.898566553331593,0.8179740058874007,,-3.6091631361806136,5.243407957959066
333,-0.8969306053198182,0.8170269084665654,,-3.6074470487649726,5.243872024942346
334,-0.895296551502885,0.8160785269259545,,-3.605700152320612,5.244317208231158
335,-0.8936643944490331,0.8151288800681475,,-3.6039227201016257,5.24474374414729
336,-0.8920341366888969,0.8141779866660378,,-3.602115023957956,5.2451518663383
337,-0.8904057807155648,0.8132258654623036,,-3.6002773343383634,5.24554180579924
338,-0.8887793289846402,0.8122725351686477,,-3.598409920294858,5.245913790901497
339,-0.8871547839143029,0.811318014465174,,-3.5965130494863398,5.246268047417231
340,-0.8855321478853726,0.8103623219996885,,-3.5945869881825336,5.2466047985455795
341,-0.8839114232413732,0.8094054763869345,,-3.5926320012685284,5.2469242649413035
342,-0.8822926122885993,0.808447496208056,,-3.5906483522481607,5.247226664736834
343,-0.8806757172961832,0.8074884000100178,,-3.588636303247387,5.2475122135647885
344,-0.8790607404961632,0.8065282063048749,,-3.586596115018822,5.247781124585531
345,-0.8774476840835534,0.8055669335691424,,-3.5845280469457133,5.248033608511762
346,-0.8758365502164152,0.8046046002431976,,-3.5824323570454073,5.248269873630944
347,-0.8742273410159288,0.8036412247306117,,-3.5803093019737546,5.248490125831192
348,-0.8726200585664676,0.8026768253974699,,-3.5781591370293206,5.24869456862674
349,-0.8710147049156727,0.801711420571784,,-3.5759821161569856,5.2488834031800655
350,-0.8694112820745291,0.8007450285428551,,-3.5737784919523565,5.2490568283270305
351,-0.8678097920174433,0.7997776675607442,,-3.571548515665202,5.249215040597508
352,-0.8662102366823219,0.798809355835687,,-3.569292437203416,5.249358234238192
353,-0.8646126179706505,0.7978401115373209,,-3.56701050513785,5.24948660124022
354,-0.8630169377475758,0.796869952794077,,-3.564702966706442,5.249600331362484
355,-0.8614231978419876,0.795898897692643,,-3.562370067818059,5.24969961215296
356,-0.8598314000466023,0.7949269642774573,,-3.560012053055945,5.249784628968395
357,-0.8582415461180474,0.7939541705501377,,-3.557629165682182,5.249855564997632
358,-0.8566536377769471,0.7929805344688714,,-3.5552216476416265,5.249912601283767
359,-0.8550676767080094,0.7920060739478753,,-3.552789739566045,5.249955916745862
360,-0.8534836645601137,0.791030806856758,,-3.550333680778447,5.249985688202382
361,-0.8519016029464002,0.7900547510199599,,-3.5478537092973323,5.250002090393259
362,-0.8503214934443603,0.7890779242162459,,-3.5453500618404674,5.250005295999693
363,-0.8487433375959278,0.7881003441781201,,-3.5428229738292263,5.249995475666551
364,-0.8471671369075715,0.7871220285912143,,-3.5402726793932247,5.249972798025883
365,-0.8455928928503891,0.7861429950938238,,-3.5376994113739517,5.249937429715346
366,-0.8440206068602014,0.785163261276458,,-3.5351034013286613,5.249889535397141
367,-0.8424502803376485,0.7841828446811961,,-3.5324848795350214,5.249829277781583
368,-0.8408819146482861,0.7832017628011839,,-3.529844074995477,5.249756817647981
369,-0.8393155111226838,0.7822200330801685,,-3.5271812154408795,5.249672313862512
370,-0.8377510710565235,0.7812376729119714,,-3.5244965273350393,5.2495759233997505
371,-0.8361885957106995,0.7802546996399686,,-3.521790235878868,5.24946780136268
372,-0.8346280863114195,0.779271130556574,,-3.519062565014883,5.249348101003605
373,-0.8330695440503063,0.7782869829028155,,-3.516313737430898,5.249216973741419
374,-0.8315129700845006,0.7773022738678651,,-3.513543974564456,5.249074569181406
375,-0.8299583655367649,0.776317020588516,,-3.5107534966071365,5.248921035135471
376,-0.8284057314955879,0.7753312401487527,,-3.5079425225086904,5.248756517640399
377,-0.8268550690152904,0.7743449495793142,,-3.5051112699810614,5.248581160975782
378,-0.8253063791161318,0.7733581658571488,,-3.5022599555031357,5.248395107685512
379,-0.8237596627844175,0.7723709059049633,,-3.4993887943251,5.248198498596754
380,-0.8222149209726075,0.7713831865908152,,-3.4964980004723336,5.247991472836817
381,-0.8206721545994259,0.7703950247276734,,-3.493587786749846,5.24777416785203
382,-0.8191313645499705,0.7694064370730384,,-3.490658364746167,5.24754671942406
383,-0.8175925516758245,0.7684174403284164,,-3.487709944838391,5.24730926169157
384,-0.8160557167951676,0.7674280511389465,,-3.4847427361958916,5.2470619271658085
385,-0.8145208606928898,0.7664382860929706,,-3.4817569467849836,5.246804846749641
386,-0.8129879841207038,0.765448161721627,,-3.4787527833730394,5.246538149754609
387,-0.8114570877972606,0.7644576944985177,,-3.4757304515326677,5.246261963917078
388,-0.8099281724082635,0.7634669008392648,,-3.4726901556461556,5.245976415416583
389,-0.808401238606585,0.7624757971011811,,-3.4696320989094316,5.245681628891137
390,-0.8068762870123826,0.7614843995829251,,-3.4665564833365408,5.245377727454183
391,-0.8053533182132168,0.7604927245240819,,-3.4634635097638764,5.245064832711803
392,-0.8038323327641685,0.7595007881047702,,-3.460353377854851,5.244743064780768
393,-0.802313331187959,0.7585086064453407,,-3.4572262861036585,5.244412542302588
394,-0.8007963139750683,0.757516195605907,,-3.4540824318403516,5.244073382463705
395,-0.7992812815838565,0.7565235715859798,,-3.4509220112352397,5.243725701012252
396,-0.7977682344406846,0.7555307503242311,,-3.447745219302617,5.243369612270807
397,-0.7962571729400361,0.7545377476982011,,-3.4445522499051284,5.243005229151904
398,-0.7947480974446397,0.7535445795239268,,-3.4413432957580508,5.2426326631741995
399,-0.7932410082855919,0.7525512615556148,,-3.438118548433929,5.242252024479178
400,-0.7917359057624807,0.7515578094853044,,-3.434878198366888,5.241863421846853
401,-0.79023279014351,0.7505642389425818,,-3.431622434856783,5.241466962710254
402,-0.7887316616656248,0.7495705654942874,,-3.428351446073723,5.2410627531710725
403,-0.7872325205346362,0.748576804644246,,-3.42506541906211,5.240650898013481
404,-0.7857353669253477,0.7475829718329553,,-3.421764539745263,5.240231500720261
405,-0.7842402009816818,0.7465890824373533,,-3.4184489929294566,5.239804663485935
406,-0.7827470228168071,0.7455951517705329,,-3.4151189623081843,5.23937048723137
407,-0.781255832513266,0.7446011950814355,,-3.4117746304669696,5.238929071620227
408,-0.7797666301231031,0.7436072275545961,,-3.4084161788874505,5.238480515072448
409,-0.7782794156679939,0.7426132643098506,,-3.40504378795195,5.238024914779751
410,-0.7767941891393741,0.7416193204021566,,-3.4016576369475704,5.237562366717965
411,-0.7753109504985698,0.7406254108213739,,-3.398257904070222,5.237092965659715
412,-0.773829699676927,0.7396315504919467,,-3.3948447664296104,5.236616805191405
413,-0.7723504365759432,0.7386377542726985,,-3.391418400053356,5.236133977725896
414,-0.7708731610673978,0.737644036956614,,-3.387978979891176,5.235644574515515
415,-0.7693978729934846,0.7366504132706634,,-3.3845266798192766,5.235148685665088
416,-0.7679245721669433,0.735656897875582,,-3.381061672644566,5.234646400144997
417,-0.7664532583711922,0.7346635053656723,,-3.3775841301089966,5.2341378058042904
418,-0.7649839313604608,0.7336702502685872,,-3.3740942228941204,5.233622989384679
419,-0.7635165908599236,0.7326771470451438,,-3.370592120625144,5.233102036532531
420,-0.7620512365658333,0.7316842100891477,,-3.3670779918753357,5.232575031811766
421,-0.760587868145655,0.7306914537271814,,-3.3635520041705904,5.232042058717717
422,-0.7591264852382007,0.7296988922184313,,-3.3600143239935445,5.231503199689019
423,-0.7576670874537639,0.7287065397545068,,-3.3564651167881143,5.230958536120934
424,-0.7562096743742549,0.727714410459319,,-3.3529045469636145,5.230408148376423
425,-0.7547542455533363,0.72672251838894,,-3.349332777898824,5.229852115797314
426,-0.7533008005165583,0.7257308775314183,,-3.3457499719467143,5.229290516718219
427,-0.7518493387614955,0.7247395018066409,,-3.342156290438704,5.2287234284781725
428,-0.7503998597578823,0.7237484050662364,,-3.3385518936885927,5.228150927430704
429,-0.7489523629477498,0.7227576010934881,,-3.3349369409968834,5.2275730889549585
430,-0.7475068477455629,0.7217671036031856,,-3.331311590655118,5.226989987467696
431,-0.7460633135383565,0.7207769262414669,,-3.3276759999501846,5.226401696435342
432,-0.7446217596858736,0.7197870825856404,,-3.324030325169066,5.225808288387663
433,-0.7431821855207024,0.7187975861441116,,-3.3203747216029558,5.2252098349280125
434,-0.7417445903484141,0.7178084503563004,,-3.316709343551264,5.2246064067432165
435,-0.7403089734477015,0.716819688592545,,-3.31303434432604,5.223998073615064
436,-0.7388753340705164,0.7158313141539928,,-3.3093498762563858,5.22338490443185
437,-0.7374436714422085,0.7148433402725468,,-3.3056560906923926,5.222766967197682
438,-0.7360139847616634,0.7138557801107642,,-3.301953138009631,5.222144329044099
439,-0.7345862732014419,0.7128686467618269,,-3.2982411676132446,5.2215170562394775
440,-0.7331605359079182,0.7118819532494504,,-3.2945203279421302,5.220885214199541
441,-0.7317367720014193,0.7108957125277725,,-3.2907907664734437,5.220248867499196
442,-0.7303149805763638,0.7099099374812778,,-3.2870526297270497,5.219608079883648
443,-0.7288951607014013,0.7089246409248077,,-3.283306063269349,5.218962914276329
444,-0.7274773114195516,0.7079398356034987,,-3.2795512117175276,5.218313432789104
445,-0.7260614317483446,0.7069555341927676,,-3.2757882187438057,5.217659696731873
446,-0.7246475206799591,0.7059717492982986,,-3.272017227079478,5.21700176662142
447,-0.7232355771813624,0.7049884934559619,,-3.268238378519246,5.216339702192176
448,-0.7218256001944505,0.7040057791317528,,-3.264451813925718,5.215673562407275
449,-0.720417588636187,0.7030236187217732,,-3.2606576732335624,5.21500340546778
450,-0.7190115413987435,0.7020420245522571,,-3.256856095453355,5.214329288820373
451,-0.7176074573496389,0.701061008879557,,-3.253047218675881,5.213651269166988
452,-0.7162053353318798,0.7000805838901113,,-3.2492311800764933,5.212969402474948
453,-0.7148051741640996,0.6991007617004402,,-3.2454081159191754,5.212283743985683
454,-0.7134069726406987,0.6981215543571538,,-3.2415781615606547,5.2115943482235
455,-0.7120107295319844,0.697142973836921,,-3.237741451454845,5.210901269005886
456,-0.7106164435843105,0.6961650320465165,,-3.2338981191567933,5.210204559451174
457,-0.7092241135202175,0.6951877408228623,,-3.2300482973265887,5.2095042719860345
458,-0.7078337380385717,0.6942111119330185,,-3.226192117733776,5.208800458355432
459,-0.7064453158147057,0.6932351570741794,,-3.2223297112616307,5.208093169632054
460,-0.7050588455005573,0.6922598878737213,,-3.2184612079110972,5.2073824562238205
461,-0.7036743257248098,0.6912853158892639,,-3.214586736804758,5.20666836788136
462,-0.7022917550930313,0.6903114526086984,,-3.2107064261911,5.2059509537068624
463,-0.700911132187814,0.6893383094502249,,-3.206820403448617,5.205230262162366
464,-0.6995324555689135,0.688365897762393,,-3.20292879508981,5.2045063410775425
465,-0.6981557237733887,0.6873942288241168,,-3.1990317267655044,5.203779237658999
466,-0.6967809353157405,0.6864233138447392,,-3.1951293232689557,5.2030489984981445
467,-0.695408088688051,0.685453163964132,,-3.1912217085396564,5.202315669577459
468,-0.6940371823601228,0.6844837902528152,,-3.187309005667122,5.20157929627649
469,-0.6926682147796172,0.6835152037119882,,-3.18339133689518,5.200839923380791
470,-0.6913011843721931,0.6825474152735317,,-3.17946882362633,5.200097595091526
471,-0.6899360895416461,0.6815804358000898,,-3.1755415864256467,5.199352355032394
472,-0.6885729286700459,0.6806142760851581,,-3.1716097450247496,5.1986042462567
473,-0.6872117001178756,0.6796489468531803,,-3.167673418325878,5.197853311254602
474,-0.6858524022241692,0.6786844587596529,,-3.1637327244058104,5.197099591959776
475,-0.68449503330665,0.6777208223911905,,-3.1597877805198475,5.196343129756826
476,-0.6831395916618676,0.676758048265623,,-3.155838703105826,5.1955839654884075
477,-0.6817860755653363,0.6757961468320846,,-3.151885607788248,5.194822139462768
478,-0.6804344832716721,0.6748351284711266,,-3.147928609382163,5.194057691460202
479,-0.6790848130147299,0.6738750034948368,,-3.143967821896978,5.193290660739099
480,-0.6777370630077402,0.6729157821469252,,-3.1400033585405476,5.192521086043481
481,-0.6763912314434464,0.6719574746028413,,-3.1360353317231495,5.191749005609672
482,-0.6750473164942407,0.6710000909698604,,-3.13206385306153,5.19097445717371
483,-0.6737053163123009,0.6700436412872182,,-3.1280890333826687,5.190197477977026
484,-0.6723652290297265,0.6690881355262285,,-3.1241109827277636,5.189418104773219
485,-0.671027052758674,0.6681335835903909,,-3.120129810356275,5.188636373835097
486,-0.6696907855914932,0.6671799953155497,,-3.116145624749673,5.187852320960034
487,-0.6683564256008621,0.6662273804700699,,-3.1121585336150397,5.187065981474484
488,-0.6670239708399219,0.6652757487549351,,-3.1081686438891603,5.186277390241447
489,-0.6656934193424121,0.6643251098038476,,-3.1041760617425984,5.185486581667793
490,-0.6643647691228044,0.6633754731834045,,-3.10018089258341,5.184693589709212
491,-0.6630380181764376,0.6624268483932617,,-3.0961832410608454,5.183898447875381
492,-0.6617131644796511,0.6614792448662687,,-3.0921832110692207,5.183101189236056
493,-0.6603902059899186,0.660532671968578,,-3.0881809057519787,5.18230184642831
494,-0.6590691406459814,0.6595871389998007,,-3.084176427505471,5.181500451662104
495,-0.6577499663679819,0.6586426551931782,,-3.080169877982629,5.180697036725178
496,-0.6564326810575956,0.6576992297157433,,-3.076161358096756,5.1798916329886024
497,-0.655117282598164,0.6567568716684452,,-3.0721509680255354,5.179084271413626
498,-0.6538037688548272,0.6558155900863148,,-3.0681388072147797,5.178274982556968
499,-0.6524921376746545,0.654875393938637,,-3.06412497438215,5.177463796576006
500,-0.6511823868867772,0.6539362921291563,,-3.0601095675206906,5.176650743232767
501,-0.6498745143025189,0.6529982934962396,,-3.0560926839026705,5.17583585189961
502,-0.6485685177155264,0.6520614068130136,,-3.0520744200835144,5.175019151565722
503,-0.6472643949019004,0.6511256407875563,,-3.0480548719054084,5.174200670841575
504,-0.6459621436203252,0.650191004063088,,-3.044034134500923,5.173380437963557
505,-0.644661761612199,0.6492575052181502,,-3.040012302296743,5.172558480799037
506,-0.6433632466017627,0.6483251527667696,,-3.035989469017484,5.171734826852121
507,-0.6420665962962292,0.6473939551586503,,-3.0319657276893324,5.170909503268296
508,-0.6407718083859119,0.6464639207793751,,-3.0279411706436052,5.170082536838642
509,-0.6394788805443531,0.6455350579506188,,-3.0239158895202887,5.16925395400386
510,-0.6381878104284519,0.644607374930264,,-3.01988997527205,5.168423780861476
511,-0.6368985956785913,0.6436808799125845,,-3.0158635181679285,5.1675920431708
512,-0.6356112339187662,0.6427555810284816,,-3.0118366077967735,5.166758766356344
513,-0.6343257227567092,0.6418314863457016,,-3.007809333070718,5.165923975511531
514,-0.6330420597840177,0.6409086038690309,,-3.0037817822288444,5.165087695403506
515,-0.6317602425762797,0.639986941540479,,-2.9997540428408676,5.164249950478187
516,-0.6304802686931987,0.6390665072395102,,-2.995726201810609,5.163410764863861
517,-0.6292021356787197,0.6381473087832135,,-2.991698345379691,5.162570162376523
518,-0.6279258410611533,0.6372293539265299,,-2.9876705591309394,5.1617281665232975
519,-0.6266513823533003,0.6363126503624287,,-2.9836429279921295,5.160884800507902
520,-0.6253787570525755,0.6353972057221119,,-2.979615536239574,5.160040087235117
521,-0.6241079626411313,0.6344830275752411,,-2.9755884675015523,5.1591940493143795
522,-0.6228389965859809,0.6335701234301712,,-2.971561804761701,5.158346709063102
523,-0.6215718563391205,0.6326585007341737,,-2.9675356303624842,5.157498088510484
524,-0.6203065393376521,0.6317481668736293,,-2.9635100260088163,5.156648209402383
525,-0.6190430430039049,0.6308391291742519,,-2.959485072771541,5.15579709320512
526,-0.6177813647455563,0.6299313949013161,,-2.9554608510908666,5.154944761109185
527,-0.6165215019557537,0.6290249712598784,,-2.9514374407797423,5.154091234032788
528,-0.615263452013234,0.6281198653949976,,-2.9474149210273284,5.153236532625794
529,-0.6140072122824439,0.627216084391923,,-2.943393370402612,5.152380677274712
530,-0.6127527801136601,0.626313635276324,,-2.9393728668577985,5.15152368810622
531,-0.6115001528431074,0.6254125250145576,,-2.9353534877315473,5.1506655849895715
532,-0.6102493277930783,0.6245127605138879,,-2.9313353097523676,5.14980638754035
533,-0.6090003022720505,0.6236143486226883,,-2.927318409042103,5.148946115124803
534,-0.6077530735748051,0.6227172961306783,,-2.9233028611193426,5.148084786863422
535,-0.6065076389825438,0.6218216097691465,,-2.9192887409027954,5.147222421634633
536,-0.6052639957630055,0.6209272962111844,,-2.91527612271463,5.146359038078144
537,-0.6040221411705832,0.6200343620719445,,-2.9112650802836573,5.145494654597406
538,-0.6027820724464393,0.6191428139088772,,-2.9072556867486705,5.144629289363026
539,-0.6015437868186215,0.6182526582219436,,-2.9032480146618758,5.143762960316788
540,-0.6003072815021776,0.6173639014538465,,-2.8992421359922314,5.142895685175247
541,-0.5990725536992699,0.6164765499902856,,-2.895238122128639,5.14202748143225
542,-0.5978396005992893,0.6155906101601887,,-2.891236043883246,5.141158366362383
543,-0.5966084193789689,0.6147060882359696,,-2.887235971494619,5.140288357023444
544,-0.5953790072024969,0.6138229904337634,,-2.883237974631055,5.139417470259886
545,-0.5941513612216294,0.6129413229136561,,-2.8792421223938827,5.1385457227062545
546,-0.592925478575802,0.6120610917799227,,-2.8752484833206857,5.137673130790278
547,-0.5917013563922422,0.6111823030812952,,-2.8712571253884014,5.136799710735033
548,-0.5904789917860797,0.6103049628112193,,-2.86726811601644,5.135925478561304
549,-0.5892583818604572,0.6094290769080452,,-2.863281522070133,5.135050450092377
550,-0.5880395237066411,0.6085546512552752,,-2.85929740986393,5.134174640956911
551,-0.5868224144041306,0.607681691681825,,-2.8553158451644673,5.133298066591109
552,-0.5856070510207669,0.6068102039622592,,-2.851336893193789,5.132420742242024
553,-0.5843934306128424,0.6059401938170471,,-2.847360618632398,5.131542682969761
554,-0.5831815502252083,0.6050716669128126,,-2.843387085622403,5.130663903650268
555,-0.5819714068913827,0.6042046288625815,,-2.839416357770666,5.129784418978122
556,-0.5807629976336576,0.6033390852260442,,-2.835448498151869,5.128904243468795
557,-0.5795563194632055,0.602475041509786,,-2.8314835693116627,5.128023391461813
558,-0.5783513693801859,0.6016125031675408,,-2.8275216332697126,5.127141877123108
559,-0.5771481443738509,0.6007514756004484,,-2.823562751522725,5.12625971444731
560,-0.57594664142265,0.5998919641572767,,-2.8196069850476477,5.125376917261257
561,-0.5747468574943354,0.599033974134678,,-2.815654394304715,5.124493499226382
562,-0.573548789546066,0.5981775107774429,,-2.8117050392404423,5.123609473840975
563,-0.5723524345245111,0.597322579278755,,-2.807758979290655,5.122724854442598
564,-0.5711577893659536,0.5964691847804621,,-2.803816273383385,5.121839654209722
565,-0.5699648509963927,0.5956173323733557,,-2.799876979941785,5.120953886163285
566,-0.568773616331646,0.59476702709739,,-2.795941156887252,5.120067563170132
567,-0.5675840822774513,0.5939182739419152,,-2.792008861642504,5.119180697945991
568,-0.5663962457295675,0.5930710778459222,,-2.788080151134534,5.11829330305786
569,-0.5652101035738757,0.5922254436983163,,-2.784155081797492,5.117405390925658
570,-0.5640256526864791,0.5913813763381962,,-2.780233709575489,5.116516973823499
571,-0.5628428899338027,0.5905388805550861,,-2.7763160899256394,5.115628063882643
572,-0.5616618121726925,0.5896979610892067,,-2.7724022778209094,5.1147386730931
573,-0.5604824162505141,0.5888586226317127,,-2.7684923277531044,5.113848813306396
574,-0.5593046990052507,0.5880208698249396,,-2.7645862937357357,5.112958496237631
575,-0.5581286572656008,0.5871847072626557,,-2.760684229306931,5.112067733467767
576,-0.5569542878510755,0.5863501394903162,,-2.7567861875322404,5.111176536445375
577,-0.5557815875720948,0.5855171710053303,,-2.7528922210074946,5.110284916488502
578,-0.5546105532300841,0.5846858062572826,,-2.749002381861754,5.1093928847875585
579,-0.5534411816175696,0.5838560496481918,,-2.74511672176015,5.108500452407288
580,-0.5522734695182733,0.5830279055327761,,-2.741235291906622,5.107607630288167
581,-0.5511074137072077,0.5822013782187129,,-2.7373581430467047,5.106714429248171
582,-0.5499430109507703,0.5813764719669032,,-2.7334853254702574,5.105820859984195
583,-0.5487802580068365,0.5805531909917249,,-2.7296168890142605,5.1049269330739895
584,-0.5476191516248531,0.579731539461283,,-2.7257528830656206,5.104032658978168
585,-0.5464596885459305,0.5789115214976528,,-2.7218933565639563,5.1031380480423
586,-0.5453018655029352,0.5780931411771333,,-2.718038358004349,5.10224311049871
587,-0.544145679220581,0.5772764025304994,,-2.7141879354400635,5.101347856468197
588,-0.5429911264155199,0.5764613095432695,,-2.7103421364851994,5.100452295961245
589,-0.5418382037964334,0.5756478661559556,,-2.7065010083173946,5.099556438879741
590,-0.5406869080641216,0.5748360762642869,,-2.7026645976806867,5.0986602950198145
591,-0.539537235911593,0.5740259437194656,,-2.698832950888144,5.097763874073191
592,-0.538389184024154,0.5732174723284252,,-2.6950061138245376,5.096867185628738
593,-0.5372427490794972,0.5724106658541024,,-2.6911841319489063,5.095970239173372
594,-0.536097927747789,0.5716055280156943,,-2.6873670502971803,5.095073044093403
595,-0.5349547166917575,0.5708020624889015,,-2.683554913484838,5.09417560967636
596,-0.5338131125667798,0.5700002729061509,,-2.679747765709661,5.093277945113509
597,-0.5326731120209675,0.56920016285686,,-2.675945650754293,5.0923800595009014
598,-0.5315347116952537,0.5684017358876846,,-2.6721486119888525,5.091481961841011
599,-0.5303979082234783,0.5676049955027688,,-2.668356692373528,5.090583661044199
600,-0.5292626982324727,0.5668099451639987,,-2.6645699344611002,5.089685165929892
601,-0.5281290783421447,0.566016588291273,,-2.660788380399453,5.088786485227434
602,-0.5269970451655622,0.5652249282627426,,-2.657012071934143,5.087887627577708
603,-0.5258665953090368,0.5644349684150527,,-2.653241050411005,5.086988601534888
604,-0.5247377253722066,0.563646712043595,,-2.6494753567786504,5.086089415567618
605,-0.5236104319481194,0.5628601624027398,,-2.6457150315910405,5.085190078060837
606,-0.5224847116233139,0.5620753227060871,,-2.641960115009977,5.08429059731701
607,-0.5213605609779017,0.561292196126717,,-2.6382106468075546,5.083390981557156
608,-0.5202379765856483,0.5605107857974333,,-2.634466666368677,5.0824912389223815
609,-0.5191169550140534,0.5597310948110167,,-2.6307282126934903,5.0815913774748145
610,-0.5179974928244314,0.5589531262204607,,-2.626995324399908,5.0806914051993095
611,-0.5168795865719905,0.5581768830391953,,-2.623268039726105,5.07979133000523
612,-0.5157632328059121,0.5574023682413475,,-2.619546396532913,5.0788911597272195
613,-0.5146484280694293,0.5566295847620019,,-2.6158304323061787,5.077990902125842
614,-0.5135351688999054,0.5558585354974479,,-2.6121201841591253,5.077090564888454
615,-0.5124234518289105,0.5550892233054131,,-2.608415688834825,5.076190155630847
616,-0.5113132733822996,0.5543216510052836,,-2.604716982708654,5.075289681899021
617,-0.510204630080289,0.5535558213783348,,-2.6010241017907303,5.074389151170734
618,-0.5090975184375324,0.552791737167994,,-2.597337081728194,5.07348857085588
619,-0.5079919349631964,0.5520294010800828,,-2.593655957807556,5.07258794829755
620,-0.5068878761610363,0.5512688157830422,,-2.58998076495709,5.0716872907735135
621,-0.5057853385294702,0.5505099839081861,,-2.586311537749093,5.070786605496752
622,-0.5046843185616537,0.549752908049949,,-2.582648310402197,5.069885899616302
623,-0.5035848127455539,0.5489975907661125,,-2.5789911167837163,5.068985180218636
624,-0.5024868175640217,0.5482440345780377,,-2.575339990411972,5.068084454328843
625,-0.5013903294948656,0.547492241970903,,-2.571694964458581,5.067183728911606
626,-0.5002953450109238,0.5467422153939467,,-2.5680560717506995,5.066283010871967
627,-0.4992018605801359,0.5459939572606924,,-2.564423344773316,5.065382307056534
628,-0.4981098726656145,0.5452474699491924,,-2.5607968156714787,5.064481624254199
629,-0.49701937772571614,0.5445027558022537,,-2.557176516252531,5.063580969197159
630,-0.4959303722141116,0.543759817127657,,-2.553562477988475,5.0626803485626395
631,-0.49484285257985633,0.5430186561983861,,-2.549954732018099,5.061779768973497
632,-0.49375681526745957,0.5422792752528796,,-2.546353309149277,5.060879236999083
633,-0.4926722567169538,0.5415416764952445,,-2.5427582398609907,5.059978759155747
634,-0.4915891733639633,0.5408058620955191,,-2.5391695543057557,5.059078341908058
635,-0.49050756163977227,0.5400718341898533,,-2.535587282311436,5.0581779916691145
636,-0.48942741797139255,0.5393395948808271,,-2.5320114533838556,5.0572777148014865
637,-0.4883487387816309,0.5386091462375627,,-2.5284420967082886,5.056377517617555
638,-0.48727152048915573,0.5378804902960834,,-2.5248792411526266,5.05547740638196
639,-0.4861957595085636,0.5371536290593376,,-2.521322915268312,5.0545773873113795
640,-0.4851214522504449,0.5364285644976536,,-2.5177731472939793,5.0536774665771
641,-0.4840485951214496,0.535705298548718,,-2.5142299651557694,5.052777650303253
642,-0.4829771845243522,0.5349838331180902,,-2.5106933964712526,5.051877944569394
643,-0.481907216858116,0.5342641700791456,,-2.5071634685497064,5.050978355409259
644,-0.4808386885179577,0.5335463112735387,,-2.5036402083958014,5.0500788888134265
645,-0.47977159589541063,0.5328302585112255,,-2.5001236427105655,5.049179550729372
646,-0.4787059353783882,0.5321160135707816,,-2.4966137978940486,5.048280347062767
647,-0.4776417033512466,0.5314035781996405,,-2.493110700047352,5.047381283677798
648,-0.47657889619484733,0.5306929541142027,,-2.4896143749740824,5.046482366397573
649,-0.4755175102866189,0.5299841430002162,,-2.4861248481834,5.045583601005869
650,-0.4744575420006185,0.5292771465128229,,-2.4826421448908906,5.04468499324642
651,-0.47339898770759287,0.528571966276908,,-2.479166290021464,5.043786548824683
652,-0.47234184377503907,0.5278686038872664,,-2.4756973082109766,5.042888273407903
653,-0.47128610656726455,0.5271670609087741,,-2.4722352238079774,5.041990172625649
654,-0.470231772445447,0.5264673388766972,,-2.468780060876497,5.041092252071916
655,-0.4691788377676936,0.5257694392967752,,-2.4653318431970774,5.040194517304443
656,-0.46812729888910004,0.525073363645536,,-2.461890594269387,5.039296973846055
657,-0.46707715216180895,0.524379113370498,,-2.4584563373140114,5.038399627184837
658,-0.46602839393506795,0.523686689890317,,-2.455029095273907,5.037502482773971
659,-0.46498102055528734,0.5229960945951162,,-2.451608890817073,5.0366055460330825
660,-0.4639350283660971,0.5223073288465994,,-2.4481957463378294,5.035708822348055
661,-0.46289041370840395,0.5216203939782734,,-2.4447896839589447,5.0348123170722126
662,-0.4618471729204474,0.5209352912956948,,-2.4413907255339344,5.03391603552783
663,-0.46080530233785605,0.5202520220765859,,-2.437998892648277,5.033019983005618
664,-0.45976479829370287,0.5195705875711113,,-2.434614206621814,5.032124164766124
665,-0.45872565711856067,0.5188909890020701,,-2.4312366885106056,5.031228586040422
666,-0.45768787514055653,0.518213227565054,,-2.427866359108259,5.030333252029373
667,-0.4566514486854264,0.5175373044287342,,-2.4245032389483554,5.029438167904918
668,-0.4556163740765689,0.5168632207350162,,-2.421147348306042,5.028543338810495
669,-0.45458264763509887,0.5161909775991946,,-2.4177987071996903,5.027648769861745
670,-0.4535502656799005,0.5155205761102241,,-2.414457335393225,5.026754466147763
671,-0.45251922452768,0.5148520173308779,,-2.411123252397524,5.025860432730702
672,-0.45148952049301827,0.5141853022979482,,-2.407796477472115,5.024966674645783
673,-0.4504611498884224,0.5135204320224952,,-2.404477029627388,5.024073196902556
674,-0.4494341090243774,0.5128574074899933,,-2.401164927625984,5.023180004484702
675,-0.44840839420939743,0.5121962296605397,,-2.3978601899845366,5.022287102350142
676,-0.44738400175007637,0.511536899469085,,-2.3945628349758104,5.0213944954323715
677,-0.4463609279511382,0.5108794178255648,,-2.391272880630128,5.020502188640779
678,-0.44533916911548704,0.5102237856151006,,-2.3879903447371533,5.019610186861107
679,-0.44431872154425683,0.5095700036982201,,-2.3847152448479525,5.018718494956718
680,-0.4432995815368604,0.5089180729110101,,-2.381447598276372,5.017827117768343
681,-0.4422817453910384,0.5082679940653129,,-2.378187422100756,5.01693606011439
682,-0.44126520940290775,0.5076197679489575,,-2.3749347331659214,5.016045326791686
683,-0.4402499698670098,0.5069733953259172,,-2.371689548084557,5.015154922575266
684,-0.439236023076358,0.5063288769364974,,-2.3684518832388286,5.014264852218403
685,-0.438223365322485,0.5056862134975496,,-2.3652217547824197,5.0133751204540244
686,-0.4372119928954899,0.505045405702634,,-2.3619991786419643,5.012485731994572
687,-0.4362019020840846,0.5044064542221923,,-2.3587841705185597,5.011596691531999
688,-0.4351930891756402,0.5037693597037493,,-2.3555767458898065,5.010708003739465
689,-0.4341855504562327,0.5031341227720855,,-2.352376920011275,5.009819673271184
690,-0.4331792822106885,0.5025007440293995,,-2.349184707917923,5.008931704762281
691,-0.4321742807226297,0.5018692240555229,,-2.3460001244260034,5.008044102829695
692,-0.4311705422745187,0.501239563408096,,-2.3428231841346365,5.007156872072467
693,-0.4301680631477025,0.5006117626227259,,-2.33965390142714,5.006270017071329
694,-0.42916683962245705,0.49998582221318094,,-2.3364922904728482,5.005383542389705
695,-0.4281668679780307,0.4993617426715692,,-2.3333383652288147,5.004497452574503
696,-0.4271681444926876,0.49873952446849296,,-2.3301921394411456,5.003611752155899
697,-0.4261706654437506,0.4981191680532273,,-2.3270536266466104,5.002726445647754
698,-0.42517442710764414,0.497500673853908,,-2.323922840174423,5.0018415375486285
699,-0.42417942575993633,0.4968840422777034,,-2.3207997931475832,5.000957032341268
700,-0.4231856576753809,0.4962692737109844,,-2.3176844984842653,5.000072934492299
701,-0.4221931191279589,0.49565636851950606,,-2.3145769688996287,4.9991892484535345
702,-0.4212018063909199,0.4950453270485719,,-2.3114772169073055,4.998305978662275
703,-0.42021171573682276,0.49443614962318944,,-2.3083852548207116,4.997423129541002
704,-0.4192228434375764,0.49382883654824195,,-2.305301094754727,4.996540705498383
705,-0.4182351857644799,0.49322338810866223,,-2.3022247486273044,4.995658710929921
706,-0.41724873898826254,0.49261980456959514,,-2.299156228160763,4.994777150217498
707,-0.4162634993791233,0.49201808617656345,,-2.296095544883204,4.993896027729391
708,-0.41527946320677017,0.4914182331556434,,-2.2930427101301993,4.993015347821251
709,-0.41429662674045886,0.49082024571362787,,-2.2899977350461955,4.992135114836189
710,-0.4133149862490316,0.4902241240381779,,-2.2869606305857824,4.991255333104432
711,-0.41233453800095526,0.48962986829800753,,-2.283931407515229,4.990376006943559
712,-0.41135527826435925,0.4890374786430459,,-2.280910076414036,4.989497140659224
713,-0.41037720330707317,0.4884469552045808,,-2.277896647676264,4.988618738545325
714,-0.409400309396664,0.487858298095415,,-2.274891131511876,4.987740804883997
715,-0.40842459280047316,0.487271507410051,,-2.2718935379482885,4.98686334394591
716,-0.4074500497856531,0.48668658322483815,,-2.2689038768317844,4.985986359990773
717,-0.4064766766192034,0.4861035255981128,,-2.265922157828795,4.985109857267441
718,-0.4055044695680072,0.4855223345703567,,-2.262948390427315,4.98423384001419
719,-0.40453342489886646,0.4849430101643641,,-2.2599825839384162,4.983358312459315
720,-0.40356353887853774,0.4843655523853912,,-2.2570247474975327,4.982483278821069
721,-0.40259480777376694,0.4837899612213047,,-2.2540748900657097,4.9816087433074765
722,-0.4016272278513243,0.48321623664273183,,-2.251133020431097,4.980734710117212
723,-0.40066079537803884,0.4826443786032194,,-2.24819914721036,4.979861183439964
724,-0.3996955066208324,0.482074387039384,,-2.2452732788499103,4.978988167456144
725,-0.3987313578467537,0.4815062618710524,,-2.2423554236271737,4.978115666337037
726,-0.3977683453230116,0.4809400030014214,,-2.23944558965204,4.977243684245329
727,-0.39680646531700875,0.4803756103172071,,-2.236543784868189,4.976372225335325
728,-0.3958457140963743,0.4798130836887838,,-2.2336500170543325,4.975501293753044
729,-0.39488608792899677,0.4792524229703353,,-2.2307642938254273,4.974630893635883
730,-0.3939275830830561,0.4786936280000218,,-2.2278866226340583,4.973761029112836
731,-0.39297019582705606,0.478136698600111,,-2.2250170107717615,4.9728917043050425
732,-0.39201392242985583,0.47758163457710734,,-2.2221554653702564,4.972022923326147
733,-0.3910587591607016,0.4770284357218938,,-2.2193019934026763,4.971154690282283
734,-0.3901047022892578,0.47647710180989383,,-2.2164566016849214,4.970287009272274
735,-0.389151748085638,0.47592763260120063,,-2.21361929687693,4.969419884388118
736,-0.3881998928204356,0.4753800278407029,,-2.210790085483877,4.968553319715233
737,-0.3872491327647542,0.4748342872582382,,-2.2079689738573345,4.967687319332021
738,-0.38629946419023775,0.47429041056873744,,-2.205155968196633,4.966821887310458
739,-0.3853508833691003,0.4737483974723563,,-2.2023510745500876,4.965957027716418
740,-0.38440338657415557,0.4732082476546153,,-2.1995542988161056,4.9650927446092545
741,-0.3834569700788463,0.4726699607865406,,-2.19676564674436,4.964229042041727
742,-0.38251163015727324,0.4721335365247952,,-2.193985123937144,4.963365924060896
743,-0.3815673630842237,0.47159897451181026,,-2.1912127358505558,4.962503394708297
744,-0.38062416513520003,0.4710662743759235,,-2.1884484877956027,4.961641458019639
745,-0.37968203258644817,0.4705354357315097,,-2.1856923849393364,4.960780118024754
746,-0.37874096171498517,0.4700064581791208,,-2.182944432306136,4.959919378748089
747,-0.3778009487986269,0.46947934130560653,,-2.1802046347789066,4.9590592442091985
748,-0.3768619901160157,0.4689540846842461,,-2.1774729971001587,4.95819971842252
749,-0.37592408194664717,0.4684306878748788,,-2.1747495238730954,4.9573408053971475
750,-0.3749872205708974,0.4679091504240367,,-2.172034219562868,4.956482509137428
751,-0.37405140227004935,0.4673894718650768,,-2.169327088497708,4.95562483364292
752,-0.3731166233263192,0.4668716517183014,,-2.1666281348700327,4.954767782908612
753,-0.3721828800228826,0.4663556894910782,,-2.1639373627375194,4.953911360924897
754,-0.3712501686439004,0.46584158467796477,,-2.1612547760243026,4.953055571678106
755,-0.3703184854745445,0.46532933676083926,,-2.158580378522126,4.952200419150686
756,-0.36938782680102283,0.4648189452090273,,-2.1559141738913783,4.9513459073209605
757,-0.3684581889106048,0.4643104094794203,,-2.1532561656621465,4.950492040163108
758,-0.36752956809164594,0.4638037290165994,,-2.1506063572353273,4.949638821647389
759,-0.3666019606336127,0.4632989032529638,,-2.1479647518837734,4.948786255740374
760,-0.3656753628271068,0.4627959316088551,,-2.1453313527533227,4.94793434640476
761,-0.36474977096388905,0.4622948134926665,,-2.1427061628638526,4.947083097599631
762,-0.3638251813369037,0.4617955483009733,,-2.1400891851102855,4.946232513280079
763,-0.3629015902403018,0.4612981354186448,,-2.1374804222637427,4.945382597397867
764,-0.3619789939694645,0.4608025742189549,,-2.134879876972628,4.944533353901841
765,-0.36105738882102656,0.46030886406369553,,-2.1322875517636506,4.943684786738022
766,-0.36013677109289916,0.4598170043032898,,-2.129703449042809,4.942836899849514
767,-0.3592171370842926,0.4593269942769131,,-2.1271275710964477,4.941989697176609
768,-0.35829848309573875,0.4588388333126103,,-2.1245599200923295,4.941143182657018
769,-0.35738080542911355,0.4583525207274058,,-2.122000498080639,4.940297360226025
770,-0.35646410038765874,0.4578680558274156,,-2.119449306994951,4.939452233816362
771,-0.3555483642760039,0.4573854379079689,,-2.116906348653184,4.9386078073578785
772,-0.35463359340018796,0.45690466625372583,,-2.114371624758645,4.937764084777697
773,-0.3537197840676805,0.456425740138775,,-2.1118451369010867,4.936921070000902
774,-0.352806932587403,0.455948658826738,,-2.109326886557669,4.936078766950625
775,-0.3518950352697495,0.4554734215708823,,-2.10681687509388,4.93523717954777
776,-0.3509840884266078,0.4550000276142339,,-2.1043151037645207,4.934396311711053
777,-0.3500740883713793,0.4545284761896858,,-2.1018215737147417,4.933556167357417
778,-0.34916503141899996,0.45405876652010824,,-2.0993362859809666,4.932716750401837
779,-0.34825691388595975,0.4535908978184597,,-2.096859241491809,4.931878064757142
780,-0.3473497320903228,0.45312486928788187,,-2.094390441068996,4.931040114334166
781,-0.34644348235174705,0.4526606801218044,,-2.091929885428384,4.930202903042205
782,-0.3455381609915034,0.45219832950404665,,-2.0894775751809287,4.929366434789281
783,-0.3446337643324953,0.4517378166089248,,-2.0870335108335762,4.928530713481942
784,-0.34373028869927746,0.4512791406013652,,-2.084597692790114,4.927695743024755
785,-0.34282773041807474,0.4508223006369944,,-2.082170121352111,4.926861527320745
786,-0.34192608581680073,0.4503672958622346,,-2.0797507967199254,4.926028070272021
787,-0.34102535122507627,0.44991412541440673,,-2.0773397189936,4.925195375779742
788,-0.3401255229742475,0.44946278842183507,,-2.0749368881737253,4.924363447743899
789,-0.3392265973974038,0.4490132840039396,,-2.0725423041623183,4.923532290063444
790,-0.33832857082939594,0.44856561127133565,,-2.0701559667637115,4.922701906636333
791,-0.3374314396068533,0.44811976932593234,,-2.067777875685488,4.921872301359787
792,-0.3365352000682014,0.44767575726103537,,-2.0654080305393463,4.921043478130216
793,-0.33563984855367934,0.44723357416144316,,-2.0630464308419385,4.920215440843072
794,-0.3347453814053565,0.4467932191035406,,-2.060693076015716,4.919388193392873
795,-0.3338517949671494,0.4463546911553948,,-2.058347965389796,4.918561739673266
796,-0.3329590855848386,0.44591798937685184,,-2.0560110982008566,4.917736083577203
797,-0.3320672496060849,0.44548311281962855,,-2.053682473593987,4.916911228997059
798,-0.33117628338044564,0.44505006052740087,,-2.0513620906235306,4.916087179824769
799,-0.33028618325939085,0.4446188315358942,,-2.04904994825389,4.9152639399517755
800,-0.32939694559631905,0.4441894248729778,,-2.0467460453603703,4.914441513269038
801,-0.3285085667465731,0.4437618395587569,,-2.044450380730035,4.913619903667231
802,-0.32762104306745554,0.44333607460565544,,-2.042162953062559,4.912799115037079
803,-0.32673437091824425,0.44291212901850857,,-2.039883760971011,4.911979151269186
804,-0.32584854666020724,0.4424900017946584,,-2.03761280298262,4.9111600162537306
805,-0.3249635666566179,0.44206969192403756,,-2.0353500775395874,4.910341713880621
806,-0.32407942727276984,0.4416511983892567,,-2.0330955829999415,4.909524248039832
807,-0.3231961248759913,0.44123452016569553,,-2.030849317638319,4.908707622621262
808,-0.3223136558356599,0.4408196562215964,,-2.0286112796467197,4.907891841514472
809,-0.32143201652321673,0.44040660551813726,,-2.0263814671352978,4.907076908609038
810,-0.32055120331218045,0.4399953670095164,,-2.0241598781331267,4.9062628277945155
811,-0.31967121257816145,0.43958593964303494,,-2.0219465105890397,4.905449602960862
812,-0.3187920406988754,0.4391783223591777,,-2.0197413623724074,4.904637237998572
813,-0.31791368405415704,0.43877251409170065,,-2.017544431273875,4.9038257367984945
814,-0.31703613902597366,0.4383685137677169,,-2.015355715006082,4.903015103251624
815,-0.3161594019984382,0.4379663203077807,,-2.0131752112043944,4.9022053412489575
816,-0.31528346935782264,0.43756593262597016,,-2.0110029174276947,4.901396454681723
817,-0.3144083374925707,0.4371673496299603,,-2.008838831159157,4.900588447441726
818,-0.3135340027933108,0.4367705702211032,,-2.0066829498069754,4.899781323421339
819,-0.3126604616528686,0.43637559329450876,,-2.0045352707050674,4.898975086513373
820,-0.31178771046627957,0.4359824177391243,,-2.0023957911137846,4.898169740610988
821,-0.3109157456308013,0.4355910424378116,,-2.0002645082206505,4.897365289607824
822,-0.3100445635459257,0.4352014662674199,,-1.9981414191411382,4.896561737398445
823,-0.30917416061339087,0.4348136880988637,,-1.9960265209193637,4.895759087878239
824,-0.30830453323719315,0.43442770679720205,,-1.9939198105287708,4.894957344943267
825,-0.30743567782359876,0.4340435212217101,,-1.9918212848728367,4.894156512490413
826,-0.30656759078115536,0.43366113022595465,,-1.989730940785754,4.8933565944172965
827,-0.3057002685207035,0.43328053265787236,,-1.9876487750331628,4.89255759462244
828,-0.30483370745538774,0.4329017273598413,,-1.9855747843128373,4.891759517005308
829,-0.30396790400066803,0.43252471316875685,,-1.9835089652553668,4.890962365466296
830,-0.3031028545743305,0.432149488916098,,-1.981451314424834,4.890166143906866
831,-0.3022385555964983,0.4317760534280041,,-1.9794018283194508,4.889370856229284
832,-0.3013750034896423,0.43140440552535486,,-1.977360503372235,4.888576506336517
833,-0.3005121946785916,0.43103454402383606,,-1.9753273359517065,4.887783098132488
834,-0.29965012559054394,0.43066646773400863,,-1.9733023223625563,4.886990635522214
835,-0.2987887926550759,0.43030017546137367,,-1.971285458846302,4.886199122411898
836,-0.2979281923041532,0.4299356660064413,,-1.9692767415819308,4.885408562708952
837,-0.2970683209721403,0.4295729381648011,,-1.9672761666865215,4.884618960321852
838,-0.2962091750958107,0.4292119907271911,,-1.9652837302159185,4.883830319160277
839,-0.2953507511143563,0.4288528224795643,,-1.9632994281653942,4.883042643135312
840,-0.2944930454693972,0.42849543220315306,,-1.9613232564702758,4.882255936159476
841,-0.29363605460499087,0.4281398186745372,,-1.95935521100656,4.881470202146646
842,-0.2927797749676418,0.4277859806657096,,-1.957395287591517,4.880685445011975
843,-0.2919242030063104,0.4274339169441437,,-1.9554434819843052,4.879901668671854
844,-0.2910693351724221,0.427083626272856,,-1.9534997898866389,4.879118877044234
845,-0.2902151679198764,0.42673510741046966,,-1.951564206943392,4.878337074048623
846,-0.28936169770505543,0.42638835911128525,,-1.9496367287431833,4.877556263605841
847,-0.28850892098683284,0.42604338012534243,,-1.9477173508189698,4.876776449638035
848,-0.28765683422658217,0.4257001691984795,,-1.9458060686486356,4.875997636068712
849,-0.2868054338881852,0.42535872507240013,,-1.9439028776555924,4.8752198268226925
850,-0.2859547164380404,0.42501904648472627,,-1.9420077732094165,4.874443025826553
851,-0.2851046783450709,0.4246811321690629,,-1.9401207506264306,4.873667237008557
852,-0.2842553160807328,0.42434498085505695,,-1.938241805170267,4.872892464298607
853,-0.2834066261190227,0.4240105912684588,,-1.936370932052445,4.87211871162824
854,-0.28255860493648577,0.42367796213117964,,-1.9345081264329247,4.871345982930589
855,-0.2817112490122234,0.42334709216135463,,-1.932653383420685,4.870574282140359
856,-0.2808645548279007,0.42301798007339875,,-1.9308066980743213,4.869803613194051
857,-0.28001851886775386,0.42269062457806644,,-1.9289680654025922,4.8690339800299025
858,-0.27917313761859774,0.4223650243825071,,-1.9271374803649748,4.868265386587905
859,-0.27832840756983274,0.4220411781903206,,-1.925314937872223,4.867497836809923
860,-0.2774843252134521,0.4217190847016188,,-1.923500432786875,4.866731334639335
861,-0.2766408870440489,0.421398742613085,,-1.9216939599238063,4.865965884021052
862,-0.27579808955882273,0.4210801506180179,,-1.919895514050834,4.865201488902118
863,-0.2749559292575867,0.4207633074063859,,-1.9181050898892376,4.864438153231623
864,-0.2741144026427739,0.4204482116648883,,-1.9163226821142794,4.8636758809605505
865,-0.27327350621944413,0.42013486207700335,,-1.9145482853557412,4.862914676041936
866,-0.2724332364952901,0.4198232573230424,,-1.9127818941984254,4.862154542430749
867,-0.27159358998064403,0.41951339608020555,,-1.9110235031826839,4.8613954840838955
868,-0.2707545631884836,0.4192052770226333,,-1.909273106804958,4.860637504960372
869,-0.26991615263443836,0.418898898821454,,-1.9075306995183041,4.859880609021424
870,-0.26907835483679543,0.4185942601448391,,-1.9057962757328921,4.859124800230456
871,-0.26824116631650574,0.4182913596580524,,-1.9040698298165102,4.858370082553039
872,-0.26740458359718966,0.41799019602350657,,-1.902351356095034,4.857616459956663
873,-0.26656860320514264,0.4176907679008134,,-1.900640848852922,4.856863936410689
874,-0.265733221669341,0.41739307394682995,,-1.898938302333748,4.856112515886679
875,-0.2648984355214473,0.4170971128157112,,-1.8972437107406934,4.855362202358307
876,-0.2640642412958159,0.4168028831589573,,-1.8955570682370249,4.85461299980137
877,-0.263230635529498,0.41651038362545945,,-1.8938783689465863,4.853864912193894
878,-0.2623976147622471,0.4162196128615488,,-1.8922076069542633,4.85311794351605
879,-0.261565175536524,0.4159305695110451,,-1.8905447763064436,4.852372097750044
880,-0.26073331439750186,0.41564325221529796,,-1.8888898710115305,4.851627378880486
881,-0.25990202789307126,0.4153576596132313,,-1.8872428850404284,4.8508837908945175
882,-0.2590713125738448,0.4150737903413905,,-1.8856038123269971,4.8501413377817455
883,-0.258241164993162,0.41479164303399196,,-1.8839726467685054,4.849400023534126
884,-0.25741158170709405,0.4145112163229708,,-1.8823493822260715,4.8486598521458175
885,-0.2565825592744481,0.4142325088380221,,-1.8807340125251166,4.847920827613261
886,-0.2557540942567721,0.41395551920664403,,-1.8791265314558232,4.847182953935256
887,-0.2549261832183588,0.41368024605418013,,-1.8775269327736168,4.846446235113187
888,-0.25409882272625045,0.41340668800386443,,-1.8759352101995939,4.845710675150898
889,-0.25327200935024274,0.41313484367687153,,-1.8743513574209452,4.844976278054453
890,-0.252445739662889,0.41286471169235406,,-1.8727753680914079,4.844243047832338
891,-0.2516200102395043,0.4125962906674822,,-1.8712072358316918,4.843510988495488
892,-0.25079481765816936,0.41232957921748536,,-1.869646954229906,4.842780104057263
893,-0.2499701584997344,0.41206457595569196,,-1.8680945168420058,4.842050398533625
894,-0.249146029347823,0.4118012794935693,,-1.8665499171922268,4.841321875943182
895,-0.24832242678883587,0.4115396884407664,,-1.8650131487735024,4.840594540307155
896,-0.24749934741195434,0.41127980140515025,,-1.8634842050478833,4.839868395649466
897,-0.24667678780914404,0.41102161699284734,,-1.8619630794469484,4.8391434459967
898,-0.24585474457515835,0.41076513380828283,,-1.8604497653721992,4.838419695378013
899,-0.2450332143075418,0.41051035045421735,,-1.8589442561954705,4.837697147825204
900,-0.24421219360663335,0.4102572655317913,,-1.8574465452593438,4.836975807372652
901,-0.24339167907556977,0.4100058776405596,,-1.8559566258775548,4.836255678057386
902,-0.24257166732028865,0.40975618537852765,,-1.8544744913353997,4.835536763919226
903,-0.2417521549495316,0.40950818734218825,,-1.8530001348901248,4.834819069000739
904,-0.24093313857484722,0.40926188212655884,,-1.8515335497713103,4.834102597347191
905,-0.2401146148105941,0.409017268325223,,-1.8500747291812358,4.833387353006332
906,-0.23929658027394365,0.40877434453036154,,-1.848623666295276,4.832673340028556
907,-0.23847903158488293,0.4085331093327816,,-1.8471803542623246,4.831960562467273
908,-0.23766196536621736,0.4082935613219523,,-1.8457447862051732,4.8312490243789314
909,-0.23684537824357346,0.4080556990860393,,-1.8443169552208833,4.8305387298229805
910,-0.23602926684540138,0.4078195212119403,,-1.8428968543811537,4.829829682861831
911,-0.2352136278029775,0.40758502628532234,,-1.8414844767326752,4.829121887560707
912,-0.23439845775040685,0.4073522128906573,,-1.8400798152974864,4.828415347987555
913,-0.23358375332462553,0.40712107961125216,,-1.8386828630733465,4.827710068213146
914,-0.232769511165403,0.4068916250292825,,-1.8372936130341135,4.827006052311182
915,-0.23195572791534444,0.40666384772582137,,-1.83591205813011,4.82630330435841
916,-0.2311424002198928,0.40643774628087137,,-1.834538191288477,4.82560182843463
917,-0.23032952472733106,0.40621331927339976,,-1.833172005413514,4.82490162862256
918,-0.22951709808878426,0.4059905652813707,,-1.8318134933870183,4.8242027090077615
919,-0.22870511695822152,0.405769482881778,,-1.830462648068623,4.823505073678574
920,-0.22789357799245796,0.40555007065067317,,-1.8291194622961455,4.822808726726182
921,-0.22708247785115662,0.40533232716319423,,-1.8277839288859494,4.822113672244803
922,-0.22627181319683023,0.40511625099359094,,-1.8264560406332906,4.821419914331818
923,-0.22546158069484307,0.4049018407152588,,-1.825135790312641,4.820727457087623
924,-0.22465177701341255,0.40468909490076665,,-1.8238231706780226,4.820036304615696
925,-0.223842398823611,0.4044780121218828,,-1.822518174463337,4.819346461022634
926,-0.22303344279936724,0.404268590949606,,-1.8212207943826813,4.818657930418082
927,-0.22222490561746802,0.4040608299541905,,-1.819931023130673,4.817970716914799
928,-0.22141678395755965,0.4038547277051721,,-1.8186488533827865,4.81728482462878
929,-0.2206090745021493,0.40365028277139564,,-1.817374277795675,4.816600257679279
930,-0.21980177393660652,0.4034474937210419,,-1.8161072890074925,4.81591702018889
931,-0.21899487894916445,0.4032463591216519,,-1.8148478796381962,4.815235116283484
932,-0.21818838623092116,0.40304687754015917,,-1.8135960422898503,4.8145545500921125
933,-0.21738229247584084,0.4028490475429126,,-1.8123517695469296,4.8138753257470235
934,-0.21657659438075502,0.4026528676957059,,-1.8111150539766065,4.813197447383496
935,-0.2157712886453636,0.4024583365638038,,-1.8098858881290625,4.812520919139881
936,-0.214966371972236,0.4022654527119613,,-1.8086642645378035,4.811845745157806
937,-0.21416184106681208,0.40207421470444815,,-1.8074501757199644,4.811171929582251
938,-0.21335769263740317,0.4018846211050713,,-1.8062436141765992,4.81049947656156
939,-0.21255392339519302,0.40169667047719687,,-1.8050445723929733,4.80982839024751
940,-0.21175053005423863,0.4015103613837742,,-1.80385304283885,4.809158674795272
941,-0.21094750933147108,0.4013256923873635,,-1.802669017968756,4.808490334363234
942,-0.21014485794669635,0.4011426620501536,,-1.8014924902222715,4.807823373113135
943,-0.20934257262259603,0.40096126893398304,,-1.800323452024336,4.807157795210242
944,-0.20854065008472808,0.40078151160036507,,-1.7991618957855213,4.806493604823281
945,-0.20773908706152736,0.4006033886105081,,-1.7980078139023035,4.805830806124427
946,-0.20693788028430635,0.4004268985253391,,-1.7968611987573302,4.805169403289257
947,-0.20613702648725568,0.4002520399055224,,-1.7957220427196983,4.80450940049684
948,-0.20533652240744463,0.4000788113114806,,-1.7945903381452113,4.803850801929674
949,-0.20453636478482168,0.39990721130341783,,-1.7934660773766324,4.80319361177358
950,-0.20373655036221483,0.3997372384413397,,-1.79234925274396,4.80253783421775
951,-0.20293707588533216,0.3995688912850692,,-1.7912398565647005,4.801883473454952
952,-0.20213793810276204,0.39940216839426756,,-1.7901378811441302,4.801230533681481
953,-0.2013391337659735,0.3992370683284531,,-1.7890433187755408,4.800579019097142
954,-0.2005406596293166,0.39907358964702316,,-1.787956161740491,4.799928933905187
955,-0.19974251245002256,0.3989117309092647,,-1.7868764023090642,4.799280282312494
956,-0.19894468898820403,0.3987514906743759,,-1.7858040327401146,4.798633068529552
957,-0.19814718600685527,0.39859286750148254,,-1.7847390452815024,4.797987296770387
958,-0.19735000027185232,0.3984358599496544,,-1.783681432170356,4.797342971252725
959,-0.196553128551953,0.39828046657792193,,-1.7826311856333201,4.796700096198036
960,-0.19575656761879717,0.3981266859452944,,-1.7815882978867863,4.79605867583148
961,-0.19496031424690657,0.3979745166107741,,-1.7805527611371366,4.795418714381993
962,-0.19416436521368502,0.39782395713337315,,-1.7795245675809777,4.7947802160822945
963,-0.19336871729941826,0.3976750060721309,,-1.778503709405364,4.794143185168803
964,-0.192573367287274,0.3975276619861315,,-1.777490178788019,4.793507625881561
965,-0.19177831196330175,0.3973819234345198,,-1.776483967897555,4.792873542464184
966,-0.1909835481164327,0.39723778897651246,,-1.7754850688937192,4.792240939164065
967,-0.19018907253847966,0.39709525717141425,,-1.7744934739276175,4.791609820232377
968,-0.18939488202413685,0.3969543265786309,,-1.7735091751419367,4.790980189924092
969,-0.18860097337097959,0.3968149957576845,,-1.772532164671162,4.790352052497991
970,-0.18780734337946423,0.39667726326822483,,-1.7715624346417962,4.789725412216718
971,-0.18701398885292778,0.3965411276700456,,-1.7705999771725602,4.7891002733466586
972,-0.1862209065975877,0.3964065875231033,,-1.7696447843745957,4.788476640157782
973,-0.1854280934225415,0.39627364138752547,,-1.768696848351673,4.787854516923717
974,-0.18463554613976643,0.39614228782362143,,-1.767756161200414,4.787233907921933
975,-0.18384326156411918,0.39601252539189113,,-1.7668227150105158,4.786614817433894
976,-0.18305123651333538,0.3958843526530369,,-1.7658965018649462,4.785997249745049
977,-0.18225946780802932,0.39575776816797664,,-1.7649775138401436,4.785381209144807
978,-0.18146795227169338,0.39563277049785933,,-1.764065743006207,4.784766699926395
979,-0.18067668673069767,0.3955093582040783,,-1.7631611814270853,4.784153726386781
980,-0.1798856680142895,0.39538752984827963,,-1.7622638211607713,4.783542292826711
981,-0.17909489295459297,0.39526728399237193,,-1.7613736542594924,4.782932403550776
982,-0.1783043583866082,0.395148619198533,,-1.760490672769913,4.782324062867535
983,-0.17751406114821114,0.3950315340292201,,-1.7596148687333304,4.781717275089588
984,-0.1767239980801527,0.3949160270471818,,-1.7587462341858553,4.781112044533463
985,-0.17593416602605835,0.3948020968154675,,-1.7578847611586004,4.780508375519714
986,-0.1751445618324274,0.39468974189743267,,-1.7570304416778584,4.779906272372919
987,-0.17435518234863254,0.3945789608567554,,-1.756183267765271,4.77930573942152
988,-0.173566024426919,0.3944697522574441,,-1.7553432314380075,4.778706780997817
989,-0.17277708492240412,0.3943621146638433,,-1.7545103247089398,4.778109401438032
990,-0.17198836069307644,0.3942560466406423,,-1.7536845395868084,4.777513605082278
991,-0.17119984859979515,0.3941515467528817,,-1.752865868076414,4.776919396274698
992,-0.17041154550628937,0.3940486135659579,,-1.752054302178792,4.776326779363571
993,-0.16962344827915746,0.3939472456456288,,-1.7512498338913847,4.77573575870137
994,-0.1688355537878662,0.3938474415580258,,-1.7504524552081906,4.775146338644587
995,-0.16804785890475013,0.39374919986965723,,-1.7496621581199363,4.77455852355384
996,-0.1672603605050108,0.39365251914741456,,-1.748878934614242,4.773972317793904
997,-0.16647305546671598,0.39355739795857875,,-1.748102776675772,4.773387725733683
998,-0.1656859406707988,0.39346383487082526,,-1.747333676286389,4.772804751746203
999,-0.16489901300105717,0.3933718284522334,,-1.7465716254253116,4.772223400208538
1000,-0.1641122693441527,0.3932813772712901,,-1.7458166160692772,4.771643675501911
1001,-0.16332570658961013,0.393192479896893,,-1.7450686401926927,4.771065582011735
1002,-0.16253932162981635,0.3931051348983549,,-1.744327689767789,4.770489124127659
1003,-0.16175311136001963,0.3930193408454113,,-1.743593756764769,4.769914306243499
1004,-0.1609670726783288,0.39293509630822404,,-1.7428668331519424,4.769341132757187
1005,-0.16018120248571235,0.39285239985738385,,-1.7421469108958745,4.768769608070858
1006,-0.1593954976859976,0.39277125006391594,,-1.741433981961531,4.768199736590804
1007,-0.15860995518586976,0.392691645499286,,-1.7407280383123989,4.767631522727327
1008,-0.1578245718948712,0.39261358473540275,,-1.740029071910634,4.767064970894795
1009,-0.1570393447254004,0.39253706634461927,,-1.7393370747172143,4.766500085511792
1010,-0.15625427059271116,0.3924620888997335,,-1.7386520386920754,4.7659368710011645
1011,-0.1554693464149117,0.3923886509739854,,-1.7379739557942475,4.765375331790192
1012,-0.15468456911296372,0.392316751141064,,-1.7373028179819854,4.764815472310454
1013,-0.15389993561068158,0.3922463879751106,,-1.7366386172128927,4.764257296997796
1014,-0.15311544283473136,0.3921775600507186,,-1.7359813454440458,4.763700810292329
1015,-0.15233108771462991,0.3921102659429389,,-1.735330994632115,4.763146016638336
1016,-0.15154686718274404,0.392044504227283,,-1.7346875567334843,4.762592920484199
1017,-0.15076277817428949,0.39198027347971653,,-1.7340510237043834,4.762041526282639
1018,-0.14997881762733006,0.3919175722766587,,-1.7334213875010307,4.76149183849087
1019,-0.14919498248277674,0.3918563991949836,,-1.7327986400797417,4.760943861570524
1020,-0.14841126968438678,0.3917967528120215,,-1.7321827733970392,4.760397599987595
1021,-0.14762767617876274,0.3917386317055627,,-1.7315737794097705,4.759853058212361
1022,-0.1468441989153516,0.39168203445385513,,-1.730971650075217,4.759310240719415
1023,-0.1460608348464439,0.39162695963560373,,-1.730376377351204,4.758769151987654
1024,-0.1452775809271727,0.39157340582997036,,-1.729787953196216,4.758229796500303
1025,-0.14449443411551274,0.39152137161657596,,-1.7292063695694866,4.757692178744722
1026,-0.1437113913722796,0.3914708555754971,,-1.7286316184311163,4.757156303212567
1027,-0.1429284496611286,0.3914218562872613,,-1.7280636917421979,4.75662217439992
1028,-0.14214560594855408,0.39137437233284955,,-1.7275025814648985,4.756089796807113
1029,-0.1413628572038884,0.39132840229369553,,-1.7269482795625652,4.755559174938726
1030,-0.140580200399301,0.3912839447516838,,-1.7264007779998243,4.75503031330354
1031,-0.13979763250979763,0.3912409982891431,,-1.7258600687426844,4.754503216414717
1032,-0.13901515051321933,0.39119956148884244,,-1.7253261437586345,4.7539778887898
1033,-0.13823275139024166,0.391159632933989,,-1.7247989950167395,4.753454334950713
1034,-0.1374504321243737,0.3911212112082257,,-1.7242786144877202,4.752932559423675
1035,-0.13666818970195724,0.3910842948956281,,-1.7237649941440547,4.7524125667392365
1036,-0.135886021112166,0.39104888258069853,,-1.7232581259600763,4.751894361432404
1037,-0.1351039233470046,0.39101497284836223,,-1.7227580019120605,4.751377948042586
1038,-0.13432189340130787,0.3909825642839681,,-1.7222646139783047,4.750863331113492
1039,-0.13353992827273994,0.39095165547327865,,-1.7217779541392189,4.750350515193259
1040,-0.1327580249617934,0.390922245002467,,-1.7212980143774141,4.749839504834471
1041,-0.13197618047178847,0.3908943314581107,,-1.7208247866777786,4.749330304594139
1042,-0.13119439180887224,0.390867913427187,,-1.720358263027557,4.748822919033696
1043,-0.13041265598201787,0.3908429894970714,,-1.7198984354164248,4.7483173527188836
1044,-0.12963097000302373,0.3908195582555329,,-1.7194452958365523,4.747813610219664
1045,-0.12884933088651265,0.3907976182907239,,-1.7189988362827051,4.747311696110442
1046,-0.1280677356499312,0.3907771681911728,,-1.718559048752317,4.74681161497012
1047,-0.12728618131354885,0.3907582065457791,,-1.718125925245559,4.746313371382027
1048,-0.12650466490045728,0.3907407319438089,,-1.717699457765413,4.7458169699339
1049,-0.12572318343656966,0.39072474297488896,,-1.7172796383177296,4.745322415217798
1050,-0.12494173395061987,0.3907102382290005,,-1.7168664589113058,4.744829711830134
1051,-0.12416031347416187,0.3906972162964706,,-1.7164599115579413,4.7443388643716515
1052,-0.12337891904156893,0.39068567576796537,,-1.7160599882725063,4.743849877447444
1053,-0.122597547690033,0.3906756152344828,,-1.7156666810730046,4.743362755666928
1054,-0.12181619645956404,0.39066703328734304,,-1.715279981980628,4.742877503643849
1055,-0.12103486239298936,0.3906599285181801,,-1.714899883019839,4.742394125996435
1056,-0.120253542535953,0.39065429951893355,,-1.7145263762184157,4.741912627347265
1057,-0.11947223393691513,0.3906501448818425,,-1.7141594536075135,4.741433012323287
1058,-0.11869093364715144,0.3906474631994324,,-1.7137991072217258,4.740955285555943
1059,-0.11790963872075258,0.3906462530645052,,-1.7134453290991356,4.7404794516811375
1060,-0.11712834621462356,0.39064651307013615,,-1.7130981112813628,4.740005515339102
1061,-0.11634705318848329,0.39064824180966407,,-1.7127574458136074,4.739533481174349
1062,-0.11556575670486396,0.39065143787667966,,-1.7124233247447116,4.739063353835759
1063,-0.11478445382911061,0.3906560998650169,,-1.7120957401271921,4.738595137976507
1064,-0.11400314162938058,0.3906622263687425,,-1.7117746840173007,4.738128838254102
1065,-0.11322181717664309,0.3906698159821436,,-1.7114601484750682,4.737664459330454
1066,-0.1124404775446788,0.3906788672997211,,-1.711152125564348,4.737202005871773
1067,-0.11165911981007935,0.3906893789161788,,-1.710850607352858,4.73674148254855
1068,-0.110877741052247,0.3907013494264098,,-1.710555585912221,4.7362828940356305
1069,-0.11009633835339418,0.3907147774254885,,-1.7102670533180067,4.735826245012147
1070,-0.1093149087985432,0.3907296615086579,,-1.7099850016497617,4.735371540161495
1071,-0.10853344947552589,0.3907460002713189,,-1.7097094229910548,4.7349187841713505
1072,-0.10775195747498324,0.3907637923090179,,-1.7094403094294996,4.734467981733628
1073,-0.1069704298903652,0.3907830362174353,,-1.7091776530567973,4.734019137544498
1074,-0.10618886381793033,0.39080373059237233,,-1.7089214459687625,4.733572256304367
1075,-0.10540725635674558,0.39082587402973856,,-1.7086716802653634,4.733127342717934
1076,-0.1046256046086861,0.3908494651255377,,-1.7084283480507527,4.732684401494216
1077,-0.10384390567843502,0.3908745024758551,,-1.7081914414332942,4.732243437346541
1078,-0.10306215667348331,0.3909009846768429,,-1.707960952525599,4.731804454992622
1079,-0.10228035470412963,0.39092891032470845,,-1.707736873444534,4.731367459154415
1080,-0.10149849688348021,0.3909582780157043,,-1.7075191963112577,4.730932454558106
1081,-0.1007165803274488,0.39098908634611174,,-1.7073079132512277,4.7304994459340755
1082,-0.09993460215475658,0.39102133391222765,,-1.7071030163942364,4.730068438016944
1083,-0.09915255948693212,0.391055019310351,,-1.7069044978744163,4.729639435545487
1084,-0.09837044944831141,0.3910901411367735,,-1.7067123498302563,4.729212443262489
1085,-0.09758826916603787,0.3911266979877616,,-1.7065265644046215,4.728787465914812
1086,-0.09680601577006234,0.391164688459539,,-1.706347133744782,4.728364508253552
1087,-0.09602368639314326,0.3912041111482727,,-1.7061740500024218,4.727943575033967
1088,-0.09524127817084672,0.3912449646500556,,-1.7060073053336582,4.727524671015532
1089,-0.09445878824154662,0.3912872475608918,,-1.7058468918990501,4.727107800961934
1090,-0.09367621374642483,0.3913309584766853,,-1.7056928018635988,4.726692969640872
1091,-0.09289355182947147,0.39137609599322304,,-1.7055450273967618,4.726280181824114
1092,-0.09211079963748502,0.3914226587061598,,-1.7054035606724585,4.72586944228746
1093,-0.0913279543200727,0.39147064521100206,,-1.7052683938690703,4.7254607558106665
1094,-0.09054501302965069,0.3915200541030955,,-1.7051395191694427,4.725054127177359
1095,-0.0897619729214445,0.39157088397760453,,-1.7050169287608934,4.724649561175116
1096,-0.08897883115348929,0.3916231334294927,,-1.704900614835224,4.724247062595573
1097,-0.0881955848866303,0.391676801053506,,-1.7047905695887215,4.723846636234425
1098,-0.08741223128452329,0.3917318854441551,,-1.7046867852221579,4.723448286891397
1099,-0.08662876751363498,0.39178838519569875,,-1.7045892539407879,4.723052019370218
1100,-0.08584519074324358,0.39184629890212974,,-1.7044979679543366,4.722657838478477
1101,-0.08506149814543933,0.3919056251571552,,-1.7044129194770032,4.7222657490276845
1102,-0.08427768689512502,0.391966362554177,,-1.7043341007274506,4.721875755833276
1103,-0.08349375417001667,0.39202850968627445,,-1.7042615039288054,4.721487863714592
1104,-0.08270969715064412,0.39209206514618977,,-1.7041951213086326,4.7211020774947166
1105,-0.08192551302035174,0.3921570275263089,,-1.7041349450989336,4.720718402000451
1106,-0.08114119896529912,0.3922233954186399,,-1.7040809675361337,4.7203368420624106
1107,-0.08035675217446184,0.3922911674147935,,-1.704033180861084,4.719957402515069
1108,-0.07957216983963225,0.39236034210596366,,-1.7039915773190384,4.719580088196684
1109,-0.07878744915542032,0.39243091808291036,,-1.7039561491596447,4.719204903949274
1110,-0.07800258731925451,0.3925028939359401,,-1.7039268886369172,4.718831854618518
1111,-0.07721758153138263,0.3925762682548883,,-1.7039037880092285,4.718460945053744
1112,-0.07643242899487285,0.3926510396290946,,-1.7038868395392843,4.718092180107967
1113,-0.07564712691561466,0.3927272066473839,,-1.7038760354941156,4.71772556463792
1114,-0.0748616725023199,0.39280476789804586,,-1.7038713681450468,4.717361103503975
1115,-0.0740760629665238,0.39288372196881677,,-1.7038728297676733,4.716998801570033
1116,-0.07329029552258617,0.39296406744686174,,-1.703880412641829,4.716638663703412
1117,-0.07250436738769245,0.3930458029187515,,-1.703894109051569,4.716280694774904
1118,-0.07171827578185494,0.3931289269704425,,-1.703913911285146,4.715924899658735
1119,-0.07093201792791405,0.39321343818725285,,-1.7039398116349838,4.7155712832326
1120,-0.07014559105153954,0.39329933515384147,,-1.7039718023976498,4.715219850377656
1121,-0.06935899238123186,0.3933866164541832,,-1.7040098758738265,4.714870605978529
1122,-0.0685722191483235,0.3934752806715502,,-1.7040540243682836,4.714523554923276
1123,-0.06778526858698039,0.39356532638848724,,-1.7041042401898374,4.71417870210334
1124,-0.06699813793420342,0.39365675218679064,,-1.704160515651328,4.713836052413566
1125,-0.06621082442982984,0.3937495566474869,,-1.70422284306957,4.713495610752056
1126,-0.06542332531653487,0.39384373835081177,,-1.704291214765322,4.713157382020119
1127,-0.06463563783983325,0.39393929587618853,,-1.7043656230632402,4.712821371122204
1128,-0.06384775924808088,0.3940362278022045,,-1.7044460602918492,4.712487582965876
1129,-0.06305968679247648,0.3941345327065848,,-1.7045325187834977,4.712156022461865
1130,-0.06227141772706331,0.39423420916616897,,-1.7046249908743303,4.71182669452409
1131,-0.06148294930873097,0.39433525575688905,,-1.7047234689042348,4.711499604069535
1132,-0.06069427879721719,0.3944376710537427,,-1.7048279452168087,4.711174756018325
1133,-0.05990540345510971,0.3945414536307711,,-1.7049384121593063,4.710852155293631
1134,-0.05911632054784817,0.39464660206103497,,-1.705054862082598,4.710531806821626
1135,-0.0583270273437261,0.3947531149165899,,-1.7051772873411186,4.71021371553145
1136,-0.05753752111389292,0.3948609907684648,,-1.7053056802928175,4.709897886355081
1137,-0.05674779913235599,0.39497022818663896,,-1.7054400332991053,4.709584324227253
1138,-0.05595785867598271,0.395080825740015,,-1.705580338724803,4.709273034085431
1139,-0.055167697024502686,0.3951927819963971,,-1.7057265889380908,4.708964020869747
1140,-0.05437731146050989,0.39530609552246054,,-1.7058787763104555,4.708657289523037
1141,-0.05358669926946497,0.39542076488372846,,-1.7060368932166454,4.7083528449908325
1142,-0.05279585773969751,0.39553678864454916,,-1.7062009320346019,4.708050692221154
1143,-0.05200478416240842,0.39565416536806713,,-1.7063708851454147,4.707750836164627
1144,-0.05121347583167228,0.39577289361619383,,-1.7065467449332614,4.707453281774495
1145,-0.05042193004443989,0.39589297194958306,,-1.7067285037853517,4.70715803400656
1146,-0.04963014410054073,0.39601439892760426,,-1.706916154091865,4.706865097819114
1147,-0.048838115302685524,0.3961371731083172,,-1.707109688245884,4.706574478172877
1148,-0.04804584095646889,0.39626129304844565,,-1.7073090986433386,4.7062861800309275
1149,-0.047253318370372,0.3963867573033489,,-1.7075143776829351,4.706000208358701
1150,-0.0464605448557653,0.3965135644269958,,-1.7077255177660995,4.70571656812393
1151,-0.04566751772691131,0.39664171297193856,,-1.707942511296895,4.705435264296495
1152,-0.04487423430096743,0.39677120148928463,,-1.7081653506819734,4.705156301848486
1153,-0.04408069189798886,0.396902028528668,,-1.7083940283304964,4.704879685754126
1154,-0.04328688784093153,0.3970341926382204,,-1.7086285366540777,4.704605420989813
1155,-0.04249281945565509,0.3971676923645434,,-1.7088688680667035,4.704333512534009
1156,-0.041698484070926,0.3973025262526836,,-1.7091150149846634,4.7040639653671334
1157,-0.04090387901842064,0.39743869284610306,,-1.709366969826473,4.703796784471507
1158,-0.04010900163272843,0.39757619068665034,,-1.709624725012801,4.7035319748313285
1159,-0.03931384925135513,0.3977150183145311,,-1.7098882729663987,4.70326954143265
1160,-0.03851841921472607,0.39785517426827843,,-1.7101576061120163,4.703009489263311
1161,-0.03772270886618951,0.39799665708472554,,-1.7104327168763325,4.702751823312881
1162,-0.03692671555202006,0.3981394652989765,,-1.7107135976878651,4.702496548572548
1163,-0.03613043662142211,0.3982835974443786,,-1.7110002409768932,4.702243670035016
1164,-0.035333869426533354,0.39842905205249196,,-1.711292639175378,4.7019931926944984
1165,-0.03453701132242837,0.39857582765305916,,-1.7115907847168808,4.7017451215466695
1166,-0.03373985966712225,0.39872392277397517,,-1.711894670036483,4.7014994615886145
1167,-0.0329424118215743,0.3988733359412587,,-1.7122042875706958,4.701256217818722
1168,-0.03214466514969178,0.3990240656790213,,-1.7125196297573806,4.7010153952366585
1169,-0.03134661701833374,0.3991761105094357,,-1.712840689035656,4.70077699884331
1170,-0.030548264797314865,0.3993294689527036,,-1.7131674578458163,4.700541033640779
1171,-0.02974960585940946,0.3994841395270278,,-1.7134999286292396,4.700307504632262
1172,-0.028950637580355404,0.39964012074857835,,-1.713838093828293,4.700076416821996
1173,-0.02815135733885825,0.3997974111314626,,-1.7141819458862517,4.699847775215247
1174,-0.027351762516595324,0.39995600918769514,,-1.7145314772471891,4.699621584818114
1175,-0.026551850498219932,0.40011591342716896,,-1.7148866803558906,4.699397850637434
1176,-0.025751618671365595,0.4002771223576228,,-1.7152475476577533,4.699176577680713
1177,-0.02495106442665035,0.40043963448460446,,-1.7156140715987014,4.698957770956243
1178,-0.02415018515768114,0.40060344831143824,,-1.715986244625092,4.698741435473038
1179,-0.023348978261058265,0.400768562339195,,-1.7163640591836067,4.698527576240686
1180,-0.022547441136379874,0.4009349750666603,,-1.7167475077211605,4.698316198269279
1181,-0.021745571186246555,0.4011026849903027,,-1.7171365826847904,4.698107306569294
1182,-0.02094336581626595,0.40127169060423873,,-1.717531276521563,4.697900906151599
1183,-0.020140822435057472,0.40144199040020034,,-1.71793158167847,4.697697002027394
1184,-0.019337938454257072,0.4016135828675009,,-1.718337490602319,4.6974955992080805
1185,-0.01853471128852207,0.4017864664930059,,-1.7187489957396338,4.697296702705181
1186,-0.01773113835553606,0.40196063976109825,,-1.719166089536538,4.697100317530196
1187,-0.016927217076013863,0.40213610115364606,,-1.7195887644386534,4.696906448694553
1188,-0.016122944873706573,0.40231284914996845,,-1.7200170128909849,4.696715101209481
1189,-0.015318319175406636,0.4024908822268014,,-1.720450827337819,4.696526280086005
1190,-0.014513337410953033,0.40267019885826144,,-1.720890200222614,4.696339990334914
1191,-0.01370799701323651,0.4028507975158104,,-1.7213351239878862,4.696156236966671
1192,-0.01290229541820489,0.4030326766682236,,-1.721785591075101,4.6959750249913474
1193,-0.012096230064868443,0.4032158347815541,,-1.7222415939245512,4.695796359418467
1194,-0.011289798395305336,0.40340027031910014,,-1.7227031249752442,4.695620245256925
1195,-0.010482997854667135,0.40358598174136934,,-1.7231701766647862,4.69544668751491
1196,-0.009675825891184396,0.40377296750604463,,-1.7236427414292599,4.695275691199782
1197,-0.008868279956172308,0.40396122606794527,,-1.724120811703113,4.6951072613180935
1198,-0.008060357504036417,0.4041507558789933,,-1.7246043799190356,4.6949414028754655
1199,-0.007252055992278432,0.4043415553881771,,-1.725093438507839,4.6947781208765
1200,-0.006443372881502077,0.40453362304151874,,-1.7255879798983293,4.694617420324611
1201,-0.0056343056354190395,0.4047269572820384,,-1.7260879965171818,4.694459306221897
1202,-0.004824851720854962,0.404921556549715,,-1.7265934807888264,4.694303783569192
1203,-0.004015008607755532,0.40511741928144845,,-1.7271044251353203,4.694150857365992
1204,-0.003204773769192635,0.40531454391102745,,-1.727620821976218,4.6940005326102545
1205,-0.00239414468137058,0.40551292886909346,,-1.7281426637284454,4.693852814298288
1206,-0.0015831188236323933,0.4057125725831021,,-1.7286699428061674,4.693707707424694
1207,-0.0007716936784661894,0.405913473477284,,-1.7292026516206664,4.693565216982363
1208,4.013326848837848e-05,0.40611562997260797,,-1.7297407825802078,4.693425347962351
1209,0.0008523645284335942,0.40631904048674544,,-1.730284328089904,4.693288105353727
1210,0.0016650026094070848,0.40652370343403277,,-1.7308332805515865,4.693153494143514
1211,0.0024780500162751504,0.4067296172254339,,-1.7313876323636646,4.693021519316535
1212,0.003291509250726018,0.4069367802685021,,-1.7319473759209933,4.692892185855354
1213,0.0041053828112630215,0.40714519096734403,,-1.7325125036147373,4.692765498740135
1214,0.004919673193197709,0.40735484772258157,,-1.7330830078322226,4.69264146294847
1215,0.0057343828886428725,0.4075657489313149,,-1.7336588809568105,4.692520083455334
1216,0.006549514386505502,0.4077778929870834,,-1.7342401153677491,4.692401365232948
1217,0.007365070172479669,0.4079912782798257,,-1.7348267034400378,4.692285313250712
1218,0.00818105272903932,0.40820590319584216,,-1.7354186375442857,4.69217193247512
1219,0.008997464535431004,0.4084217661177549,,-1.736015910046565,4.692061227869621
1220,0.009814308067666514,0.4086388654244685,,-1.7366185133082712,4.6919532043945615
1221,0.01063158579851545,0.4088571994911323,,-1.7372264396859733,4.691847867007022
1222,0.011449300197497715,0.40907676668910103,,-1.7378396815312664,4.691745220660693
1223,0.012267453730875916,0.40929756538589823,,-1.7384582311906236,4.691645270305701
1224,0.013086048861647713,0.40951959394517556,,-1.7390820810052448,4.6915480208885105
1225,0.013905088049538064,0.4097428507266702,,-1.73971122331091,4.691453477351891
1226,0.014724573750991404,0.4099673340861693,,-1.740345650437827,4.691361644634691
1227,0.015544508419163742,0.4101930423754706,,-1.7409853547104706,4.691272527671669
1228,0.016364894503914682,0.41041997394233926,,-1.7416303284474377,4.691186131393484
1229,0.01718573445179936,0.4106481271304653,,-1.7422805639612968,4.691102460726644
1230,0.01800703070606029,0.4108775002794235,,-1.7429360535584275,4.691021520593371
1231,0.01882878570661914,0.41110809172463153,,-1.7435967895388713,4.690943315911508
1232,0.019651001890068402,0.4113398997973103,,-1.744262764196167,4.690867851594388
1233,0.02047368168966302,0.41157292282444274,,-1.744933969817195,4.690795132550672
1234,0.021296827535311907,0.41180715912873395,,-1.7456103986820173,4.690725163684253
1235,0.022120441853569376,0.41204260702856926,,-1.7462920430637092,4.690657949894074
1236,0.022944527067626515,0.41227926483797506,,-1.7469788952282044,4.6905934960739994
1237,0.023769085597302463,0.41251713086657626,,-1.747670947434125,4.690531807112667
1238,0.024594119859035615,0.4127562034195546,,-1.7483681919326186,4.69047288789338
1239,0.025419632265874723,0.4129964807976054,,-1.7490706209671973,4.690416743294024
1240,0.026245625227469933,0.41323796129689727,,-1.7497782267735638,4.69036337818686
1241,0.027072101150063727,0.41348064320903133,,-1.7504910015794437,4.690312797438374
1242,0.02789906243648179,0.41372452482100047,,-1.7512089376044169,4.690265005909078
1243,0.02872651148612379,0.4139696044151458,,-1.7519320270597445,4.690220008453421
1244,0.029554450694954083,0.4142158802691114,,-1.7526602621482055,4.690177809919732
1245,0.030382882455492307,0.41446335065580175,,-1.753393635063925,4.690138415150097
1246,0.03121180915680391,0.41471201384333833,,-1.7541321379921953,4.690101828980185
1247,0.032041233184490585,0.4149618680950182,,-1.7548757631093046,4.690068056239114
1248,0.03287115692068062,0.41521291166927143,,-1.7556245025823605,4.690037101749269
1249,0.033701582744019166,0.4154651428196193,,-1.756378348569108,4.690008970326113
1250,0.0345325130296584,0.41571855979462913,,-1.757137293217754,4.6899836667780805
1251,0.03536395014924766,0.4159731608378729,,-1.7579013286667906,4.689961195906418
1252,0.03619589647092341,0.4162289441878811,,-1.7586704470448102,4.689941562505051
1253,0.03702835435929917,0.41648590807810093,,-1.7594446404703283,4.689924771360413
1254,0.03786132617545537,0.41674405073685183,,-1.7602239010515957,4.689910827251289
1255,0.03869481427692908,0.4170033703872816,,-1.7610082208864182,4.689899734948665
1256,0.03952882101770364,0.41726386524732306,,-1.7617975920619688,4.689891499215546
1257,0.04036334874819829,0.41752553352964994,,-1.7625920066546024,4.6898861248067965
1258,0.04119839981525759,0.4177883734416304,,-1.7633914567296718,4.689883616469054
1259,0.04203397656214085,0.4180523831852812,,-1.764195934341344,4.689883978940609
1260,0.04287008132851141,0.4183175609572243,,-1.7650054315324015,4.68988721695117
1261,0.043706716450425856,0.4185839049486426,,-1.7658199403340609,4.689893335221752
1262,0.044543884260323144,0.41885141334523324,,-1.7666394527657763,4.689902338464514
1263,0.04538158708701361,0.41912008432716324,,-1.7674639608350466,4.689914231382561
1264,0.046219827255667936,0.4193899160690257,,-1.768293456537224,4.689929018669793
1265,0.04705860708780599,0.4196609067397946,,-1.7691279318553166,4.6899467050107075
1266,0.04789792890128557,0.4199330545027777,,-1.7699673787597912,4.689967295080246
1267,0.04873779501029113,0.42020635751557217,,-1.77081178920838,4.689990793543642
1268,0.049578207725322274,0.4204808139300194,,-1.771661155145876,4.690017205056187
1269,0.05041916935318231,0.42075642189216156,,-1.7725154685039348,4.690046534263016
1270,0.05126068219696663,0.4210331795421956,,-1.7733747212008737,4.690078785798943
1271,0.05210274855605102,0.4213110850144238,,-1.7742389051414702,4.690113964288337
1272,0.05294537072607987,0.42159013643720894,,-1.7751080122167604,4.690152074344942
1273,0.053788550998954285,0.4218703319329272,,-1.7759820343038393,4.690193120571735
1274,0.05463229166282014,0.42215166961791967,,-1.7768609632656527,4.690237107560762
1275,0.05547659500205598,0.4224341476024484,,-1.7777447909507926,4.6902840398929175
1276,0.05632146329726087,0.42271776399065036,,-1.7786335091932854,4.69033392213772
1277,0.057166898825242174,0.42300251688048884,,-1.7795271098123897,4.690386758853202
1278,0.05801290385900315,0.42328840436370546,,-1.7804255846123793,4.690442554585695
1279,0.058859480667730564,0.4235754245257751,,-1.7813289253823452,4.690501313869695
1280,0.05970663151678211,0.42386357544585507,,-1.782237123895967,4.690563041227624
1281,0.06055435866767382,0.4241528551967447,,-1.783150171911315,4.690627741169605
1282,0.06140266437806731,0.4244432618448343,,-1.7840680611706194,4.690695418193242
1283,0.06225155090175698,0.42473479345006176,,-1.784990783400069,4.690766076783402
1284,0.0631010204886571,0.4250274480658639,,-1.7859183303095794,4.690839721411989
1285,0.06395107538478882,0.4253212237391257,,-1.786850693592588,4.690916356537843
1286,0.06480171783226707,0.42561611851013564,,-1.7877878649258359,4.690995986606511
1287,0.06565295006928734,0.4259121304125303,,-1.7887298359691353,4.691078616050108
1288,0.0665047743301124,0.42620925747325167,,-1.7896765983651786,4.69116424928718
1289,0.06735719284505891,0.4265074977124922,,-1.7906281437392835,4.69125289072247
1290,0.06821020784048389,0.42680684914365236,,-1.7915844636991982,4.691344544746722
1291,0.06906382153877119,0.4271073097732887,,-1.7925455498348557,4.691439215736454
1292,0.06991803615831776,0.4274088776010695,,-1.7935113937181582,4.691536908053702
1293,0.07077285391351991,0.4277115506197242,,-1.794481986902753,4.691637626045864
1294,0.07162827701475935,0.42801532681499244,,-1.7954573209237892,4.6917413740454625
1295,0.07248430766838934,0.4283202041655837,,-1.7964373872977129,4.691848156369873
1296,0.07334094807672051,0.42862618064311947,,-1.7974221775220067,4.691957977321128
1297,0.07419820043800675,0.4289332542120901,,-1.7984116830749868,4.692070841185738
1298,0.07505606694643092,0.4292414228298039,,-1.7994058954155576,4.692186752234437
1299,0.07591454979209053,0.42955068444633465,,-1.800404805982968,4.692305714721976
1300,0.0767736511609832,0.4298610370044787,,-1.801408406196608,4.6924277328869275
1301,0.07763337323499216,0.43017247843969914,,-1.8024166874557324,4.692552810951386
1302,0.07849371819187155,0.4304850066800827,,-1.8034296411392565,4.692680953120782
1303,0.07935468820523171,0.43079861964628413,,-1.8044472586055074,4.692812163583713
1304,0.08021628544452428,0.4311133152514792,,-1.8054695311919746,4.692946446511616
1305,0.08107851207502724,0.4314290914013181,,-1.8064964502150958,4.693083806058608
1306,0.08194137025782988,0.4317459459938666,,-1.8075280069699844,4.693224246361258
1307,0.08280486214981761,0.4320638769195629,,-1.8085641927302147,4.693367771538385
1308,0.08366898990365673,0.4323828820611656,,-1.8096049987475678,4.693514385690773
1309,0.08453375566777906,0.43270295929369984,,-1.8106504162517714,4.693664092900977
1310,0.08539916158636646,0.4330241064844149,,-1.8117004364502918,4.693816897233067
1311,0.08626520979933529,0.4333463214927268,,-1.8127550505280408,4.6939728027323255
1312,0.08713190244232075,0.4336696021701734,,-1.813814249647157,4.694131813425028
1313,0.08799924164666109,0.4339939463603624,,-1.8148780249467589,4.694293933318248
1314,0.08886722953938182,0.43431935189891596,,-1.8159463675426646,4.6944591663995645
1315,0.08973586824317965,0.4346458166134276,,-1.8170192685271782,4.694627516636831
1316,0.09060515987640651,0.43497333832340895,,-1.818096718968812,4.694798987977861
1317,0.09147510655305333,0.4353019148402389,,-1.8191787099120238,4.694973584350126
1318,0.0923457103827338,0.4356315439671158,,-1.8202652323770006,4.695151309660633
1319,0.09321697347066803,0.4359622234989969,,-1.821356277359361,4.695332167795677
1320,0.09408889791766602,0.43629395122255293,,-1.8224518358299266,4.6955161626205815
1321,0.09496148582011112,0.4366267249161172,,-1.8235518987344639,4.69570329797945
1322,0.09583473926994335,0.43696054234962795,,-1.8246564569933958,4.695893577694902
1323,0.09670866035464261,0.43729540128458266,,-1.8257655015015826,4.696087005567882
1324,0.09758325115721177,0.4376312994739849,,-1.826879023128036,4.6962835853773335
1325,0.09845851375615974,0.43796823466228874,,-1.827997012715644,4.696483320879925
1326,0.09933445022548432,0.4383062045853571,,-1.8291194610809478,4.69668621580982
1327,0.10021106263465503,0.4386452069704019,,-1.8302463590138316,4.6968922738783165
1328,0.10108835304859583,0.4389852395359361,,-1.8313776972772733,4.697101498773599
1329,0.1019663235276677,0.4393262999917237,,-1.8325134666071006,4.697313894160554
1330,0.10284497612765114,0.4396683860387194,,-1.8336536577116782,4.697529463680426
1331,0.10372431289972858,0.44001149536902423,,-1.8347982612716693,4.697748210950571
1332,0.10460433589046664,0.44035562566583664,,-1.8359472679397684,4.6979701395641
1333,0.10548504714179831,0.44070077460339313,,-1.8371006683403863,4.698195253089549
1334,0.10636644869100509,0.4410469398469228,,-1.8382584530694288,4.698423555070723
1335,0.10724854257069893,0.44139411905258763,,-1.8394206126940056,4.698655049026476
1336,0.1081313308088041,0.4417423098674281,,-1.840587137752135,4.698889738450373
1337,0.10901481542853896,0.44209150992931767,,-1.8417580187525056,4.699127626810442
1338,0.1098989984483976,0.4424417168669069,,-1.8429332461741734,4.699368717548857
1339,0.11078388188213141,0.44279292829956673,,-1.8441128104662745,4.699613014081658
1340,0.11166946773873054,0.4431451418373455,,-1.8452967020477817,4.699860519798452
1341,0.11255575802240524,0.44349835508091073,,-1.8464849113071866,4.700111238062068
1342,0.11344275473256706,0.44385256562149555,,-1.8476774286022226,4.700365172208285
1343,0.11433045986381005,0.44420777104085135,,-1.8488742442596136,4.700622325545579
1344,0.11521887540589175,0.4445639689111898,,-1.8500753485747492,4.700882701354751
1345,0.11610800334371413,0.4449211567951305,,-1.8512807318114108,4.701146302888647
1346,0.1169978456573044,0.44527933224565475,,-1.8524903842015135,4.701413133371873
1347,0.1178884043217957,0.44563849280604506,,-1.8537042959447727,4.701683196000412
1348,0.11877968130740779,0.44599863600983636,,-1.8549224572084366,4.701956493941333
1349,0.11967167857942747,0.4463597593807659,,-1.856144858127015,4.702233030332522
1350,0.120564398098189,0.4467218604327136,,-1.85737148880195,4.702512808282301
1351,0.12145784181905443,0.44708493666965093,,-1.8586023393013436,4.7027958308691975
1352,0.12235201169239374,0.4474489855855878,,-1.8598373996596886,4.703082101141716
1353,0.12324690966356491,0.44781400466451404,,-1.8610766598775337,4.703371622117949
1354,0.12414253767289395,0.4481799913803491,,-1.8623201099212043,4.7036643967852765
1355,0.12503889765565465,0.44854694319689115,,-1.863567739722531,4.7039604281001095
1356,0.12593599154204843,0.44891485756775795,,-1.86481953917851,4.70425971898749
1357,0.12683382125718395,0.4492837319363374,,-1.8660754981510206,4.704562272340749
1358,0.12773238872105663,0.4496535637357386,,-1.8673356064665478,4.704868091021217
1359,0.1286316958485281,0.45002435038873023,,-1.8685998539158428,4.70517717785785
1360,0.12953174454930555,0.45039608930768993,,-1.8698682302536367,4.7054895356469455
1361,0.13043253672792093,0.4507687778945543,,-1.871140725198358,4.705805167151803
1362,0.13133407428371005,0.4511424135407602,,-1.8724173284317973,4.706124075102379
1363,0.13223635911079157,0.45151699362719055,,-1.8736980295988055,4.706446262194952
1364,0.13313939309804596,0.451892515524127,,-1.8749828183070179,4.706771731091818
1365,0.13404317812909422,0.4522689765911907,,-1.8762716841265115,4.707100484420891
1366,0.1349477160822766,0.45264637417728826,,-1.8775646165894955,4.70743252477535
1367,0.13585300883063117,0.45302470562056507,,-1.8788616051900373,4.7077678547133415
1368,0.1367590582418723,0.4534039682483439,,-1.8801626393837212,4.708106476757627
1369,0.13766586617836898,0.4537841593770698,,-1.8814677085873295,4.7084483933952495
1370,0.13857343449712312,0.4541652763122629,,-1.882776802178565,4.708793607077194
1371,0.13948176504974763,0.4545473163484614,,-1.884089909495715,4.709142120217998
1372,0.14039085968244455,0.45493027676916564,,-1.885407019837314,4.709493935195356
1373,0.1413007202359829,0.45531415484678694,,-1.8867281224618693,4.709849054349876
1374,0.14221134854567646,0.4556989478425925,,-1.8880532065875328,4.710207479984729
1375,0.14312274644136164,0.45608465300664497,,-1.8893822613917493,4.710569214365224
1376,0.14403491574737493,0.45647126757775536,,-1.8907152760109758,4.710934259718523
1377,0.14494785828253043,0.4568587887834282,,-1.8920522395403603,4.711302618233278
1378,0.1458615758600973,0.45724721383980244,,-1.8933931410333857,4.711674292059209
1379,0.1467760702877769,0.4576365399516008,,-1.8947379695015674,4.712049283306746
1380,0.14769134336768008,0.4580267643120823,,-1.8960867139141495,4.712427594046667
1381,0.14860739689630426,0.45841788410297835,,-1.8974393631977404,4.712809226309668
1382,0.1495242326645102,0.45880989649444354,,-1.8987959062359976,4.713194182086008
1383,0.15044185245749908,0.4592027986450047,,-1.9001563318693269,4.71358246332517
1384,0.1513602580547891,0.4595965877015021,,-1.9015206288945272,4.713974071935435
1385,0.1522794512301921,0.4599912607990344,,-1.9028887860644503,4.714369009783491
1386,0.15319943375179015,0.4603868150609089,,-1.9042607920877077,4.714767278694123
1387,0.15412020738191198,0.4607832475985849,,-1.905636635628325,4.715168880449836
1388,0.15504177387710916,0.46118055551161535,,-1.907016305305382,4.7155738167903944
1389,0.15596413498813239,0.4615787358875971,,-1.9083997896927123,4.715982089412526
1390,0.15688729245990757,0.461977785802118,,-1.9097870773185728,4.716393699969529
1391,0.1578112480315118,0.4623777023186947,,-1.9111781566652746,4.716808650070852
1392,0.1587360034361492,0.46277848248872383,,-1.912573016168863,4.7172269412817105
1393,0.15966156040112664,0.4631801233514292,,-1.9139716442188002,4.7176485751227375
1394,0.1605879206478295,0.4635826219338035,,-1.9153740291576005,4.718073553069558
1395,0.1615150858916971,0.4639859752505523,,-1.9167801592804818,4.718501876552378
1396,0.1624430578421982,0.4643901803040459,,-1.9181900228350601,4.718933546955637
1397,0.1633718382028063,0.4647952340842641,,-1.9196036080209888,4.719368565617522
1398,0.16430142867097483,0.46520113356873893,,-1.9210209029895933,4.71980693382954
1399,0.1652318309381123,0.46560787572250245,,-1.9224418958435563,4.7202486528361955
1400,0.1661630466895573,0.46601545749803575,,-1.9238665746365782,4.720693723834548
1401,0.1670950776045534,0.46642387583521067,,-1.9252949273729978,4.72114214797373
1402,0.16802792535622382,0.466833127661235,,-1.9267269420074573,4.721593926354587
1403,0.16896159161154628,0.46724320989060314,,-1.9281626064445798,4.722049060029322
1404,0.16989607803132747,0.4676541194250372,,-1.9296019085385971,4.722507550001039
1405,0.17083138627017755,0.46806585315343036,,-1.9310448360929857,4.722969397223309
1406,0.1717675179764844,0.46847840795179696,,-1.932491376860147,4.723434602599833
1407,0.17270447479238799,0.46889178068321663,,-1.9339415185410544,4.723903166984035
1408,0.1736422583537544,0.469305968197777,,-1.935395248784868,4.724375091178558
1409,0.17458087029014996,0.4697209673325222,,-1.9368525551885987,4.724850375934862
1410,0.175520312224815,0.4701367749114031,,-1.9383134252967709,4.725329021952818
1411,0.17646058577463783,0.47055338774521727,,-1.939777846601045,4.725811029880267
1412,0.17740169255012828,0.4709708026315555,,-1.9412458065398446,4.726296400312533
1413,0.1783436341553914,0.4713890163547526,,-1.9427172924980332,4.726785133792026
1414,0.1792864121881009,0.4718080256858327,,-1.9441922918065468,4.7272772308078235
1415,0.18023002823947257,0.47222782738244967,,-1.9456707917420093,4.727772691795179
1416,0.18117448389423746,0.47264841818883613,,-1.9471527795263857,4.728271517135136
1417,0.18211978073061513,0.47306979483575207,,-1.94863824232664,4.728773707154113
1418,0.18306592032028662,0.47349195404042677,,-1.9501271672543525,4.729279262123445
1419,0.18401290422836747,0.4739148925065048,,-1.9516195413653372,4.72978818225886
1420,0.18496073401338048,0.4743386069239968,,-1.9531153516593096,4.730300467720099
1421,0.18590941122722848,0.4747630939692257,,-1.9546145850795174,4.730816118610438
1422,0.18685893741516693,0.4751883503047702,,-1.9561172285123487,4.731335134976199
1423,0.18780931411577648,0.4756143725794104,,-1.9576232687869741,4.731857516806328
1424,0.1887605428609353,0.4760411574280748,,-1.9591326926749997,4.732383264032044
1425,0.18971262517579146,0.4764687014717862,,-1.9606454868900847,4.732912376526335
1426,0.19066556257873504,0.4768970013176042,,-1.9621616380875486,4.733444854103464
1427,0.19161935658137025,0.47732605355857766,,-1.9636811328640262,4.733980696518522
1428,0.1925740086884874,0.4777558547736911,,-1.9652039577570977,4.7345199034669605
1429,0.19352952039803478,0.4781864015278085,,-1.9667300992448984,4.735062474584132
1430,0.1944858932010904,0.47861769037161594,,-1.9682595437457373,4.735608409444842
1431,0.19544312858183363,0.4790497178415735,,-1.96979227761775,4.736157707562915
1432,0.19640122801751678,0.47948248045985975,,-1.9713282871585158,4.736710368390743
1433,0.1973601929784365,0.4799159747343162,,-1.9728675586046598,4.73726639131875
1434,0.19832002492790513,0.4803501971583943,,-1.9744100781314815,4.737825775674949
1435,0.1992807253222219,0.4807851442111074,,-1.975955831852601,4.738388520724476
1436,0.20024229561064413,0.4812208123569727,,-1.9775048058195588,4.738954625669125
1437,0.2012047372353581,0.48165719804595597,,-1.9790569860214224,4.7395240896468325
1438,0.20216805163145,0.4820942977134229,,-1.9806123583844233,4.740096911731212
1439,0.20313224022687684,0.48253210778008715,,-1.9821709087715842,4.740673090931077
1440,0.204097304442437,0.48297062465195595,,-1.983732622982314,4.741252626189907
1441,0.20506324569174092,0.4834098447202766,,-1.9852974867520161,4.7418355163853105
1442,0.20603006538118146,0.48384976436148347,,-1.9868654857517332,4.742421760328694
1443,0.20699776490990443,0.4842903799371448,,-1.988436605587757,4.743011356764762
1444,0.20796634566977873,0.4847316877939054,,-1.9900108318012222,4.7436043043710026
1445,0.20893580904536654,0.48517368426343555,,-1.9915881498677226,4.7442006017572025
1446,0.2099061564138934,0.4856163656623799,,-1.9931685451969452,4.744800247464999
1447,0.21087738914521817,0.48605972829230587,,-1.994752003132271,4.745403239967349
1448,0.2118495086018028,0.4865037684396464,,-1.9963385089503638,4.746009577667992
1449,0.21282251613868208,0.4869484823756504,,-1.9979280478607977,4.746619258900998
1450,0.2137964131034334,0.48739386635632914,,-1.9995206050056764,4.747232281930322
1451,0.21477120083614604,0.48783991662240533,,-2.001116165459233,4.747848644949255
1452,0.21574688066939085,0.4882866293992558,,-2.002714714227414,4.748468346079892
1453,0.21672345392818937,0.4887340008968631,,-2.00431623624751,4.7490913833726625
1454,0.21770092192998308,0.48918202730976457,,-2.005920716387768,4.749717754805843
1455,0.21867928598460262,0.4896307048169984,,-2.0075281394469813,4.750347458285016
1456,0.21965854739423663,0.49008002958204855,,-2.009138490154077,4.750980491642525
1457,0.22063870745340072,0.49052999775279815,,-2.0107517531677486,4.751616852636991
1458,0.22161976744890632,0.4909806054614779,,-2.012367913076056,4.752256538952808
1459,0.22260172865982927,0.4914318488246111,,-2.013986954396011,4.752899548199581
1460,0.2235845923574785,0.49188372394296037,,-2.015608861573172,4.753545877911625
1461,0.2245683598053644,0.4923362269014755,,-2.017233618981271,4.754195525547568
1462,0.22555303225916737,0.49278935376924227,,-2.01886121092181,4.754848488489822
1463,0.22653861096670586,0.49324310059942894,,-2.0204916216236435,4.755504764044
1464,0.2275250971679047,0.4936974634292342,,-2.022124835242572,4.756164349438398
1465,0.22851249209476318,0.4941524382798393,,-2.023760835860963,4.756827241823511
1466,0.22950079697132286,0.4946080211563556,,-2.0253996074873433,4.757493438271475
1467,0.2304900130136356,0.4950642080477732,,-2.0270411340559793,4.758162935775516
1468,0.23148014142973114,0.49552099492690405,,-2.02868539942647,4.758835731249471
1469,0.23247118341958495,0.49597837775033593,,-2.0303323873833667,4.759511821527321
1470,0.23346314017508563,0.49643635245837797,,-2.031982081635759,4.760191203362633
1471,0.23445601288000237,0.4968949149750104,,-2.0336344658168586,4.760873873428006
1472,0.2354498027099524,0.49735406120783154,,-2.0352895234835806,4.761559828314507
1473,0.23644451083236806,0.4978137870480102,,-2.036947238116168,4.762249064531227
1474,0.23744013840646408,0.4982740883702312,,-2.038607593117771,4.762941578504739
1475,0.23843668658320455,0.49873496103264664,,-2.04027057181403,4.763637366578512
1476,0.23943415650526984,0.49919640087682016,,-2.0419361574526556,4.764336425012393
1477,0.24043254930702349,0.49965840372768233,,-2.0436043332030462,4.765038749982105
1478,0.24143186611447884,0.5001209653934768,,-2.0452750821558707,4.765744337578714
1479,0.2424321080452658,0.5005840816657116,,-2.046948387322644,4.766453183808011
1480,0.24343327620859723,0.5010477483191064,,-2.0486242316353094,4.767165284589958
1481,0.24443537170523544,0.5015119611115424,,-2.050302597945848,4.76788063575828
1482,0.24543839562745853,0.5019767157840108,,-2.0519834690258656,4.768599233059908
1483,0.24644234905902657,0.5024420080605614,,-2.0536668275661683,4.7693210721544235
1484,0.24744723307514768,0.5029078336482524,,-2.055352656176334,4.770046148613433
1485,0.2484530487424442,0.5033741882371011,,-2.057040937384327,4.770774457920146
1486,0.2494597971189184,0.503841067500035,,-2.0587316536360785,4.771505995468786
1487,0.2504674792539185,0.5043084670928392,,-2.0604247872950614,4.772240756564043
1488,0.2514760961881042,0.5047763826541051,,-2.062120320641861,4.7729787364204705
1489,0.2524856489534124,0.5052448098051832,,-2.063818235873782,4.773719930162044
1490,0.2534961385730228,0.5057137441501319,,-2.0655185151044355,4.774464332821578
1491,0.254507566061323,0.5061831812756686,,-2.0672211403633045,4.775211939340156
1492,0.2555199324238744,0.5066531167511183,,-2.0689260935953215,4.775962744566537
1493,0.2565332386573766,0.5071235461283639,,-2.0706333566604633,4.776716743256683
1494,0.2575474857496333,0.5075944649417976,,-2.0723429113333394,4.777473930073215
1495,0.25856267467951694,0.508065868708272,,-2.074054739302764,4.778234299584826
1496,0.2595788064169335,0.5085377529270467,,-2.0757688221713257,4.778997846265713
1497,0.2605958819227876,0.5090101130797415,,-2.0774851414549755,4.779764564495047
1498,0.2616139021489471,0.5094829446302868,,-2.0792036785826205,4.780534448556468
1499,0.2626328680382077,0.5099562430248743,,-2.0809244148956956,4.7813074926374926
1500,0.26365278052425745,0.510430003691909,,-2.082647331647728,4.782083690828889
1501,0.2646736405316413,0.5109042220419584,,-2.0843724100039225,4.782863037124146
1502,0.26569544897572517,0.511378893467703,,-2.0860996310407525,4.783645525419022
1503,0.26671820676266056,0.5118540133438877,,-2.087828975745542,4.784431149510974
1504,0.26774191478934833,0.5123295770272713,,-2.089560425016021,4.785219903098526
1505,0.26876657394340286,0.5128055798565794,,-2.0912939596599083,4.786011779780724
1506,0.26979218510311603,0.5132820171524536,,-2.0930295603945,4.786806773056637
1507,0.27081874913742093,0.5137588842174047,,-2.0947672078462545,4.787604876324815
1508,0.2718462669058557,0.5142361763357604,,-2.0965068825503503,4.788406082882727
1509,0.27287473925852723,0.5147138887736178,,-2.0982485649502616,4.789210385926133
1510,0.27390416703607445,0.5151920167787967,,-2.0999922353973437,4.79001777854859
1511,0.27493455106963205,0.5156705555807899,,-2.10173787415042,4.790828253740909
1512,0.27596589218079365,0.5161495003907147,,-2.1034854613753438,4.791641804390581
1513,0.2769981911815751,0.5166288464012635,,-2.1052349771445686,4.792458423281189
1514,0.27803144887437764,0.5171085887866559,,-2.106986401436729,4.793278103091852
1515,0.27906566605195093,0.517588722702592,,-2.108739714136227,4.794100836396719
1516,0.28010084349735614,0.5180692432862041,,-2.1104948950328044,4.794926615664397
1517,0.28113698198392856,0.5185501456560059,,-2.1122519238211073,4.795755433257353
1518,0.28217408227524055,0.5190314249118475,,-2.114010780100255,4.796587281431326
1519,0.28321214512506426,0.5195130761348657,,-2.115771443373437,4.797422152334853
1520,0.284251171277334,0.5199950943874377,,-2.117533893047484,4.798260038008713
1521,0.2852911614661089,0.520477474713131,,-2.119298108432433,4.799100930385317
1522,0.28633211641553513,0.5209602121366573,,-2.121064068741094,4.799944821288108
1523,0.28737403683980844,0.5214433016638257,,-2.122831753088641,4.800791702431061
1524,0.2884169234431361,0.5219267382814912,,-2.1246011404921874,4.8016415654182065
1525,0.28946077691969907,0.5224105169575064,,-2.126372209870363,4.802494401743063
1526,0.2905055979536141,0.5228946326406745,,-2.1281449400428705,4.803350202788027
1527,0.29155138721889545,0.5233790802607012,,-2.129919309730069,4.804208959823847
1528,0.29259814537941686,0.523863854728149,,-2.131695297552559,4.8050706640090945
1529,0.2936458730888732,0.5243489509343867,,-2.1334728820307562,4.805935306389636
1530,0.294694570990742,0.5248343637515441,,-2.1352520415844567,4.80680287789804
1531,0.29574423971824504,0.5253200880324634,,-2.137032754532406,4.807673369352978
1532,0.29679487989430997,0.5258061186106527,,-2.138814999091887,4.8085467714587455
1533,0.29784649213153125,0.5262924503002399,,-2.1405987533783004,4.809423074804696
1534,0.29889907703213175,0.5267790778959246,,-2.1423839954047295,4.810302269864672
1535,0.2999526351879236,0.527265996172931,,-2.1441707030815134,4.811184346996446
1536,0.30100716718026943,0.5277531998869585,,-2.1459588542158192,4.812069296441177
1537,0.30206267358004335,0.5282406837741387,,-2.1477484265112365,4.812957108322904
1538,0.3031191549475916,0.5287284425509838,,-2.1495393975673442,4.813847772648009
1539,0.30417661183269357,0.5292164709143435,,-2.151331744879284,4.814741279304622
1540,0.30523504477452224,0.5297047635413563,,-2.153125445837327,4.815637618062044
1541,0.30629445430160496,0.5301933150894035,,-2.1549204777264634,4.816536778570243
1542,0.3073548409317838,0.5306821201960633,,-2.1567168177259846,4.817438750359324
1543,0.3084162051721759,0.5311711734790632,,-2.1585144429090533,4.818343522838989
1544,0.309478547519134,0.531660469536232,,-2.1603133302422743,4.819251085297941
1545,0.31054186845820647,0.5321500029454548,,-2.162113456585273,4.820161426903373
1546,0.3116061684640974,0.5326397682646221,,-2.1639147986902847,4.821074536700519
1547,0.31267144800062663,0.5331297600315846,,-2.165717333201736,4.821990403612115
1548,0.3137377075206898,0.5336199727641064,,-2.1675210366558155,4.822909016437839
1549,0.314804947466218,0.534110400959816,,-2.1693258854800423,4.823830363853749
1550,0.31587316826813766,0.5346010390961639,,-2.1711318559928596,4.824754434411771
1551,0.31694237034633,0.5350918816303731,,-2.172938924403218,4.825681216539203
1552,0.31801255410959073,0.5355829229993947,,-2.174747066810154,4.826610698538177
1553,0.31908371995558954,0.5360741576198585,,-2.176556259202362,4.827542868585097
1554,0.32015586827082926,0.5365655798880303,,-2.178366477457774,4.828477714730088
1555,0.32122899943060534,0.537057184179763,,-2.1801776973431513,4.8294152248965165
1556,0.32230311379896487,0.5375489648504512,,-2.1819898945136713,4.8303553868804965
1557,0.32337821172866577,0.5380409162349825,,-2.183803044512506,4.831298188350379
1558,0.32445429356113575,0.5385330326476906,,-2.1856171227703936,4.832243616846201
1559,0.32553135962643115,0.5390253083823096,,-2.187432104605232,4.833191659779186
1560,0.3266094102431958,0.5395177377119262,,-2.1892479652216683,4.8341423044312855
1561,0.32768844571861966,0.5400103148889343,,-2.1910646797106863,4.835095537954648
1562,0.3287684663483975,0.5405030341449878,,-2.1928822230491853,4.8360513473711055
1563,0.3298494724166875,0.5409958896909549,,-2.194700570099559,4.837009719571617
1564,0.3309314641960694,0.5414888757168714,,-2.196519695609293,4.837970641315817
1565,0.3320144419475031,0.5419819863918931,,-2.198339574210556,4.838934099231524
1566,0.3330984059202869,0.5424752158642537,,-2.2001601804197892,4.839900079814223
1567,0.3341833563520154,0.542968558261214,,-2.201981488637285,4.840868569426544
1568,0.33526929346853784,0.5434620076890143,,-2.2038034731467797,4.841839554297818
1569,0.33635621748391586,0.5439555582328286,,-2.2056261081150486,4.842813020523601
1570,0.33744412860038153,0.5444492039567191,,-2.2074493675915052,4.843788954065193
1571,0.33853302700829496,0.544942938903589,,-2.2092732255077885,4.844767340749155
1572,0.33962291288610214,0.5454367570951343,,-2.2110976556773525,4.845748166266814
1573,0.34071378640029243,0.5459306525317984,,-2.2129226317950543,4.846731416173753
1574,0.34180564770535604,0.546424619192726,,-2.214748127436764,4.847717075889386
1575,0.34289849694374147,0.5469186510357162,,-2.2165741160589594,4.848705130696495
1576,0.3439923342458129,0.5474127419971739,,-2.2184005709983228,4.849695565740769
1577,0.34508715972980725,0.5479068859920638,,-2.220227465471327,4.850688366030306
1578,0.3461829735017914,0.5484010769138624,,-2.222054772573844,4.851683516435174
1579,0.3472797756556191,0.5488953086345105,,-2.2238824652807447,4.852681001686991
1580,0.34837756627288813,0.5493895750043705,,-2.2257105164455084,4.853680806378444
1581,0.34947634542289685,0.549883869852174,,-2.2275388987998155,4.854682914962856
1582,0.3505761131626012,0.5503781869849783,,-2.229367584953148,4.855687311753694
1583,0.3516768695365711,0.5508725201881177,,-2.231196547392392,4.856693980924133
1584,0.35277861457694737,0.5513668632251583,,-2.2330257584814586,4.85770290650667
1585,0.3538813483033977,0.551861209837847,,-2.234855190460882,4.858714072392681
1586,0.3549850707230734,0.5523555537460689,,-2.2366848154474317,4.859727462331975
1587,0.35608978183056555,0.5528498886477965,,-2.238514605433706,4.86074305993232
1588,0.35719548160786113,0.5533442082190448,,-2.2403445322877547,4.861760848659049
1589,0.3583021700242992,0.5538385061138243,,-2.242174567752691,4.8627808118346385
1590,0.35940984703652684,0.5543327759640934,,-2.2440046834463088,4.863802932638309
1591,0.360518512588455,0.5548270113797086,,-2.2458348508606902,4.864827194105617
1592,0.36162816661121444,0.5553212059483782,,-2.2476650413618144,4.865853579128023
1593,0.3627388090231112,0.5558153532356126,,-2.2494952261891816,4.866882070452518
1594,0.3638504397295824,0.5563094467846788,,-2.251325376455438,4.867912650681253
1595,0.36496305862315176,0.5568034801165498,,-2.253155463145992,4.868945302271155
1596,0.36607666558338486,0.5572974467298578,,-2.2549854571186336,4.869980007533521
1597,0.3671912604768446,0.5577913401008453,,-2.2568153291031496,4.87101674863361
1598,0.36830684315704626,0.5582851536833178,,-2.2586450497009545,4.872055507590299
1599,0.3694234134644129,0.5587788809085941,,-2.2604745893847196,4.873096266275724
1600,0.3705409712262301,0.5592725151854601,,-2.2623039184980005,4.874139006414907
1601,0.371659516256601,0.5597660499001162,,-2.264133007254863,4.875183709585413
1602,0.37277904835640124,0.5602594784161327,,-2.2659618257395064,4.876230357216938
1603,0.3738995673132335,0.5607527940744,,-2.2677903439058977,4.877278930590958
1604,0.37502107290138226,0.56124599019308,,-2.269618531577416,4.878329410840433
1605,0.3761435648817684,0.561739060067557,,-2.27144635844648,4.879381778949431
1606,0.37726704300190356,0.5622319969703905,,-2.2732737940741883,4.880436015752791
1607,0.37839150699584434,0.5627247941512638,,-2.275100807889949,4.8814921019357715
1608,0.37951695658414686,0.5632174448369341,,-2.2769273691911223,4.882550018033764
1609,0.3806433914738207,0.5637099422311838,,-2.2787534471426727,4.883609744431992
1610,0.38177081135828306,0.5642022795147719,,-2.280579010776809,4.884671261365177
1611,0.3828992159173126,0.5646944498453815,,-2.2824040289926297,4.885734548917256
1612,0.38402860481700335,0.5651864463575731,,-2.2842284705557647,4.886799587021036
1613,0.3851589777097185,0.5656782621627336,,-2.2860523040980243,4.887866355457876
1614,0.38629033423404396,0.5661698903490285,,-2.2878754981170593,4.888934833857433
1615,0.387422674014742,0.5666613239813468,,-2.289698020976013,4.890005001697417
1616,0.3885559966627047,0.5671525561012519,,-2.291519840903181,4.891076838303347
1617,0.3896903017749072,0.5676435797269278,,-2.293340925991655,4.892150322848252
1618,0.3908255889343611,0.5681343878531334,,-2.2951612441989897,4.893225434352367
1619,0.39196185771006736,0.5686249734511477,,-2.2969807633468635,4.894302151682932
1620,0.39309910765696965,0.5691153294687198,,-2.298799451120752,4.895380453553975
1621,0.39423733831590707,0.5696054488300157,,-2.3006172750695857,4.896460318526046
1622,0.39537654921356713,0.5700953244355698,,-2.302434202605419,4.897541725005975
1623,0.3965167398624383,0.5705849491622297,,-2.3042502010030907,4.898624651246616
1624,0.39765790976076276,0.5710743158631073,,-2.306065237399911,4.899709075346666
1625,0.398800058392489,0.5715634173675259,,-2.3078792787953315,4.900794975250444
1626,0.39994318522722405,0.5720522464809681,,-2.3096922920506278,4.901882328747696
1627,0.401087289720186,0.5725407959850214,,-2.31150424388857,4.902971113473406
1628,0.402232371312156,0.5730290586373266,,-2.313315100893104,4.904061306907557
1629,0.40337842942943064,0.5735170271715282,,-2.315124829509038,4.905152886374945
1630,0.4045254634837737,0.5740046942972182,,-2.316933396041732,4.90624582904503
1631,0.40567347287236816,0.5744920526998839,,-2.3187407666567914,4.907340111931795
1632,0.4068224569777679,0.5749790950408511,,-2.320546907379751,4.908435711893593
1633,0.4079724151678496,0.575465813957233,,-2.3223517840957695,4.909532605632965
1634,0.40912334679576406,0.5759522020618747,,-2.3241553625493223,4.910630769696502
1635,0.41027525119988784,0.576438251943299,,-2.3259576083439106,4.911730180474741
1636,0.41142812770377446,0.5769239561656532,,-2.3277584869417622,4.91283081420204
1637,0.41258197561610577,0.577409307268654,,-2.3295579636635337,4.913932646956434
1638,0.4137367942306431,0.5778942977675319,,-2.3313560036880157,4.915035654659525
1639,0.41489258282617814,0.5783789201529791,,-2.3331525720518367,4.916139813076326
1640,0.4160493406664841,0.5788631668910922,,-2.3349476336491866,4.917245097815242
1641,0.4172070670002663,0.5793470304233118,,-2.3367411532315305,4.918351484328018
1642,0.4183657610611129,0.5798305031663716,,-2.3385330954073322,4.91945894790968
1643,0.41952542206744564,0.5803135775122367,,-2.3403234246417655,4.920567463698445
1644,0.4206860492224701,0.5807962458280528,,-2.342112105256441,4.92167700667563
1645,0.4218476417141262,0.5812785004560856,,-2.3438991014291304,4.92278755166562
1646,0.42301019871503837,0.5817603337136668,,-2.3456843771935043,4.923899073335854
1647,0.4241737193824657,0.5822417378931343,,-2.3474678964388667,4.925011546196815
1648,0.42533820285825197,0.5827227052617736,,-2.3492496229098863,4.926124944602025
1649,0.4265036482687755,0.583203228061761,,-2.351029520206334,4.927239242748002
1650,0.42767005472489905,0.5836832985101076,,-2.3528075517828233,4.928354414674219
1651,0.42883742132191927,0.5841629087985982,,-2.3545836809485596,4.92947043426318
1652,0.43000574713951645,0.584642051093734,,-2.356357870867095,4.930587275240447
1653,0.4311750312417039,0.5851207175366714,,-2.3581300845560755,4.931704911174676
1654,0.43234527267677725,0.5855989002431634,,-2.359900284886997,4.932823315477652
1655,0.43351647047726355,0.5860765913035,,-2.361668434584955,4.933942461404305
1656,0.43468862365987054,0.5865537827824492,,-2.363434496228415,4.935062322052807
1657,0.4358617312254354,0.5870304667191935,,-2.3651984322489783,4.936182870364676
1658,0.4370357921588738,0.5875066351272705,,-2.3669602049311553,4.937304079124874
1659,0.4382108054291283,0.5879822799945101,,-2.368719776412131,4.9384259209619
1660,0.43938676998911735,0.5884573932829763,,-2.370477108681541,4.939548368347854
1661,0.4405636847756833,0.5889319669289039,,-2.372232163581244,4.940671393598539
1662,0.44174154870954113,0.5894059928426378,,-2.373984902805117,4.94179496887363
1663,0.4429203606952264,0.5898794629085687,,-2.3757352878988383,4.942919066176825
1664,0.4441001196210435,0.5903523689850735,,-2.377483280259678,4.944043657355975
1665,0.44528082435901367,0.5908247029044488,,-2.3792288411362894,4.945168714103242
1666,0.44646247376482256,0.5912964564728492,,-2.380971931628503,4.946294207955275
1667,0.44764506667776827,0.591767621470222,,-2.3827125126871334,4.947420110293436
1668,0.4488286019207087,0.5922381896502401,,-2.3844505451137814,4.948546392344016
1669,0.4500130783000092,0.5927081527402426,,-2.3861859895606528,4.9496730251784316
1670,0.45119849460548966,0.5931775024411652,,-2.387918806530362,4.950799979713462
1671,0.452384849610372,0.5936462304274766,,-2.389648956375751,4.951927226711471
1672,0.453572142071227,0.5941143283471134,,-2.3913763992997046,4.953054736780628
1673,0.4547603707279212,0.594581787821413,,-2.393101095354982,4.954182480375216
1674,0.455949534303564,0.5950486004450464,,-2.3948230044440466,4.955310427795911
1675,0.4571396315044541,0.5955147577859523,,-2.3965420863189006,4.956438549190058
1676,0.458330661020026,0.5959802513852697,,-2.398258300580917,4.957566814551959
1677,0.45952262152279655,0.5964450727572704,,-2.3999716066806824,4.958695193723182
1678,0.4607155116683111,0.5969092133892903,,-2.4016819639178375,4.959823656392884
1679,0.46190933009508967,0.5973726647416606,,-2.4033893314409354,4.960952172098167
1680,0.463104075424573,0.597835418247639,,-2.4050936682472934,4.962080710224444
1681,0.4642997462610683,0.5982974653133398,,-2.406794933182857,4.963209240005821
1682,0.465496341191695,0.5987587973176633,,-2.408493084942054,4.964337730525455
1683,0.4666938587863303,0.5992194056122281,,-2.4101880820676636,4.965466150715911
1684,0.46789229759755474,0.5996792815212983,,-2.411879882950685,4.9665944693595945
1685,0.46909165616059734,0.600138416341713,,-2.413568445830224,4.9677226550892035
1686,0.47029193299328076,0.6005968013428153,,-2.41525372879337,4.96885067638814
1687,0.47149312659596637,0.6010544277663795,,-2.4169356897750824,4.969978501590957
1688,0.4726952354514991,0.6015112868265414,,-2.418614286558078,4.971106098883802
1689,0.4738982580251522,0.6019673697097245,,-2.4202894767727225,4.972233436304858
1690,0.4751021927645716,0.6024226675745664,,-2.421961217896934,4.973360481744885
1691,0.47630703809972075,0.6028771715518452,,-2.4236294672560907,4.974487202947711
1692,0.47751279244282446,0.6033308727444053,,-2.425294182022942,4.975613567510783
1693,0.4787194541883133,0.6037837622270806,,-2.4269553192175204,4.97673954288572
1694,0.47992702171276747,0.6042358310466186,,-2.428612835707057,4.977865096378848
1695,0.4811354933748607,0.6046870702216084,,-2.4302666882059087,4.978990195151744
1696,0.4823448675153039,0.6051374707424028,,-2.431916833275485,4.980114806221822
1697,0.4835551424567887,0.6055870235710402,,-2.4335632273241887,4.981238896462981
1698,0.4847663165039308,0.6060357196411691,,-2.4352058266073557,4.982362432606207
1699,0.48597838794321313,0.6064835498579703,,-2.436844587227198,4.983485381240183
1700,0.4871913550429291,0.6069305050980784,,-2.4384794651327475,4.984607708811925
1701,0.48840521605312526,0.607376576209506,,-2.4401104161198153,4.9857293816274195
1702,0.4896199692055443,0.6078217540115612,,-2.44173739583095,4.986850365852333
1703,0.4908356127135674,0.6082660292947714,,-2.443360359755415,4.987970627512728
1704,0.492052144772157,0.6087093928207982,,-2.4449792632291483,4.989090132495771
1705,0.49326956355779855,0.6091518353223622,,-2.4465940614347477,4.990208846550438
1706,0.4944878672284433,0.6095933475031594,,-2.448204709401444,4.991326735288235
1707,0.4957070539234496,0.6100339200377841,,-2.44981116200509,4.992443764183927
1708,0.49692712176352516,0.6104735435716436,,-2.451413373968159,4.993559898576352
1709,0.4981480688506684,0.6109122087208767,,-2.453011299859744,4.9946751036692225
1710,0.49936989326811015,0.6113499060722695,,-2.4546048940955636,4.995789344531936
1711,0.5005925930802547,0.6117866261831751,,-2.4561941109379686,4.996902586100361
1712,0.501816166332621,0.6122223595814317,,-2.45777890449596,4.998014793177642
1713,0.5030406110517839,0.6126570967652758,,-2.4593592287252064,4.999125930435059
1714,0.5042659252453144,0.6130908282032571,,-2.460935037428076,5.0002359624129635
1715,0.505492106901721,0.6135235443341517,,-2.462506284253679,5.001344853521693
1716,0.5067191539903892,0.613955235566875,,-2.4640729226978992,5.002452568042481
1717,0.507947064461523,0.6143858922803989,,-2.4656349061034453,5.003559070128358
1718,0.5091758362460839,0.6148155048236643,,-2.4671921876598972,5.004664323805062
1719,0.5104054672557312,0.6152440635154965,,-2.468744720403763,5.005768292971978
1720,0.5116359553827622,0.6156715586445143,,-2.470292457218548,5.006870941403165
1721,0.5128672985000512,0.616097980469041,,-2.4718353508348336,5.007972232748416
1722,0.5140994944609892,0.6165233192170128,,-2.4733733538303424,5.0090721305342525
1723,0.5153325410994233,0.6169475650858934,,-2.4749064186300345,5.010170598164956
1724,0.5165664362295951,0.6173707082425826,,-2.476434497506185,5.011267598923618
1725,0.5178011776460802,0.617792738823326,,-2.477957542578484,5.012363095973181
1726,0.5190367631237269,0.6182136469336257,,-2.4794755058141424,5.013457052357557
1727,0.5202731904175942,0.6186334226481452,,-2.4809883390280034,5.014549431002783
1728,0.5215104572628905,0.6190520560106192,,-2.4824959938826585,5.0156401947181415
1729,0.5227485613749117,0.6194695370337605,,-2.4839984218885713,5.0167293061972895
1730,0.5239875004489791,0.6198858556991687,,-2.4854955744042027,5.017816728019418
1731,0.5252272721603775,0.6203010019572369,,-2.486987402636149,5.018902422650426
1732,0.526467874164292,0.6207149657270569,,-2.4884738576392835,5.019986352444135
1733,0.5277093040957461,0.6211277368963241,,-2.489954890316913,5.021068479643544
1734,0.5289515595695388,0.6215393053212434,,-2.491430451420935,5.0221487663820765
1735,0.5301946381801812,0.6219496608264337,,-2.4929004915520023,5.02322717468484
1736,0.5314385375018341,0.6223587932048298,,-2.4943649611596874,5.024303666469909
1737,0.5326832550882438,0.62276669221759,,-2.495823810542665,5.025378203549599
1738,0.533928788472679,0.6231733475939979,,-2.4972769898488965,5.02645074763178
1739,0.535175135167867,0.6235787490313652,,-2.4987244490758256,5.027521260321259
1740,0.5364222926659297,0.6239828861949318,,-2.5001661380705817,5.028589703121165
1741,0.5376702584383195,0.6243857487177679,,-2.501602006530185,5.029656037434331
1742,0.538919029935755,0.6247873262006748,,-2.503032004001759,5.030720224564682
1743,0.5401686045881564,0.6251876082120884,,-2.5044560798827558,5.0317822257186355
1744,0.5414189798045805,0.6255865842879773,,-2.505874183421178,5.0328420020065465
1745,0.5426701529731565,0.6259842439317413,,-2.5072862637158293,5.033899514444234
1746,0.5439221214610199,0.626380576614112,,-2.508692269716554,5.034954723954445
1747,0.5451748826142482,0.6267755717730513,,-2.5100921502244926,5.036007591368358
1748,0.5464284337577943,0.6271692188136506,,-2.511485853892341,5.037058077427095
1749,0.5476827721954216,0.6275615071080288,,-2.5128733292246146,5.038106142783259
1750,0.5489378952096376,0.6279524259952292,,-2.514254524577927,5.039151748002513
1751,0.5501938000616281,0.6283419647811146,,-2.515629388161276,5.040194853565208
1752,0.5514504839911903,0.6287301127382645,,-2.5169978680363396,5.041235419868014
1753,0.5527079442166669,0.6291168591058687,,-2.5183599121177727,5.042273407225559
1754,0.5539661779348787,0.6295021930896252,,-2.519715468173519,5.0433087758720765
1755,0.5552251823210579,0.6298861038616347,,-2.5210644838251235,5.044341485963059
1756,0.5564849545287811,0.630268580560297,,-2.522406906548055,5.045371497576949
1757,0.5577454916899017,0.6306496122902033,,-2.5237426836720416,5.04639877071688
1758,0.5590067909144821,0.6310291881220288,,-2.525071762381418,5.047423265312463
1759,0.5602688492907262,0.631407297092427,,-2.5263940897154704,5.04844494122153
1760,0.561531663884911,0.6317839282039228,,-2.5277096125687986,5.049463758231919
1761,0.5627952317413188,0.6321590704248066,,-2.5290182776916796,5.050479676063278
1762,0.5640595498821684,0.6325327126890227,,-2.530320031690441,5.0514926543688965
1763,0.5653246153075465,0.6329048438960662,,-2.531614821027847,5.052502652737541
1764,0.5665904249953386,0.6332754529108698,,-2.5329025920234898,5.0535096306953635
1765,0.5678569759011604,0.6336445285636972,,-2.5341832908542004,5.054513547707812
1766,0.5691242649582877,0.6340120596500327,,-2.5354568635544483,5.055514363181529
1767,0.5703922890775878,0.6343780349304718,,-2.5367232560167685,5.0565120364663185
1768,0.5716610451474488,0.6347424431306108,,-2.5379824139921845,5.0575065268570905
1769,0.57293053003371,0.6351052729409374,,-2.5392342830906447,5.058497793595836
1770,0.5742007405795918,0.6354665130167209,,-2.5404788087814687,5.05948579587364
1771,0.5754716736056252,0.6358261519778985,,-2.5417159363938087,5.060470492832748
1772,0.576743325909581,0.6361841784089654,,-2.5429456111171116,5.061451843568622
1773,0.5780156942663989,0.6365405808588621,,-2.544167778001593,5.062429807132028
1774,0.5792887754281166,0.6368953478408617,,-2.545382381958721,5.0634043425311335
1775,0.5805625661237983,0.6372484678324611,,-2.5465893677617064,5.064375408733601
1776,0.5818370630594633,0.6375999292752672,,-2.547788680045999,5.065342964668723
1777,0.5831122629180138,0.6379497205748845,,-2.5489802633098093,5.066306969229612
1778,0.5843881623591636,0.6382978301008022,,-2.550164061914629,5.067267381275417
1779,0.5856647580193651,0.6386442461862776,,-2.55134002008576,5.0682241596335675
1780,0.5869420465117376,0.6389889571282238,,-2.5525080819128543,5.069177263102008
1781,0.5882200244259941,0.6393319511870964,,-2.5536681913504657,5.0701266504514555
1782,0.5894986883283683,0.6396732165867784,,-2.554820292218604,5.0710722804276855
1783,0.5907780347615418,0.6400127415144667,,-2.5559643282033115,5.07201411175386
1784,0.5920580602445707,0.6403505141205567,,-2.557100242857242,5.0729521031328755
1785,0.5933387612728118,0.6406865225185278,,-2.55822797960025,5.073886213249722
1786,0.5946201343178489,0.6410207547848297,,-2.5593474817199953,5.07481640077386
1787,0.5959021758274186,0.6413531989587664,,-2.560458692372545,5.075742624361627
1788,0.5971848822253361,0.6416838430423841,,-2.561561554583002,5.0766648426586505
1789,0.5984682499114208,0.6420126750003534,,-2.5626560112461236,5.077583014302291
1790,0.5997522752614215,0.6423396827598558,,-2.563742005126974,5.078497097924148
1791,0.6010369546269412,0.6426648542104663,,-2.564819478861573,5.079407052152576
1792,0.6023222843353621,0.642988177204041,,-2.5658883749575594,5.0803128356151825
1793,0.6036082606897701,0.6433096395546001,,-2.5669486357948603,5.081214406941377
1794,0.6048948799688794,0.6436292290382128,,-2.568000203626378,5.082111724764956
1795,0.6061821384269558,0.6439469333928818,,-2.5690430205786767,5.083004747726688
1796,0.6074700322937415,0.6442627403184285,,-2.570077028652693,5.083893434476929
1797,0.6087585577743784,0.6445766374763763,,-2.571102169724447,5.084777743678283
1798,0.6100477110493311,0.6448886124898362,,-2.572118385545776,5.085657634008274
1799,0.6113374882743108,0.6451986529433921,,-2.5731256177450654,5.086533064162024
1800,0.6126278855801975,0.6455067463829848,,-2.574123807828001,5.087403992854968
1801,0.6139188990729635,0.6458128803157979,,-2.5751128971783235,5.088270378825586
1802,0.6152105248335951,0.6461170422101434,,-2.576092827058602,5.089132180838154
1803,0.6165027589180153,0.6464192194953445,,-2.5770635386110112,5.089989357685549
1804,0.617795597357006,0.6467193995616234,,-2.5780249728581275,5.09084186819205
1805,0.6190890361561292,0.6470175697599864,,-2.5789770707037376,5.091689671216175
1806,0.6203830712956492,0.6473137174021101,,-2.579919772933649,5.0925327256535216
1807,0.6216776987304534,0.6476078297602266,,-2.5808530202165176,5.093370990439666
1808,0.6229729143899738,0.6478998940670105,,-2.5817767531046885,5.094204424553039
1809,0.6242687141781078,0.6481898975154654,,-2.582690912035039,5.095032987017868
1810,0.6255650939731388,0.6484778272588094,,-2.583595437329849,5.095856636907139
1811,0.6268620496276563,0.6487636704103608,,-2.5844902691976697,5.096675333345606
1812,0.628159576968477,0.6490474140434259,,-2.5853753477342147,5.09748903551278
1813,0.6294576717965639,0.6493290451911877,,-2.5862506129232536,5.098297702645954
1814,0.6307563298869462,0.6496085508465922,,-2.5871160046375223,5.099101294043244
1815,0.6320555469886394,0.6498859179622399,,-2.587971462639644,5.099899769066642
1816,0.6333553188245639,0.6501611334502756,,-2.58881692658306,5.1006930871450775
1817,0.6346556410914644,0.6504341841822759,,-2.589652336012975,5.101481207777558
1818,0.635956509459829,0.6507050569891383,,-2.5904776303673196,5.102264090536352
1819,0.6372579195738073,0.6509737386609714,,-2.5912927489777196,5.103041695070131
1820,0.6385598670511292,0.6512402159469892,,-2.5920976310704784,5.103813981107147
1821,0.6398623474830232,0.6515044755553993,,-2.5928922157675682,5.104580908458438
1822,0.641165356434134,0.6517665041532975,,-2.5936764420876424,5.105342437021057
1823,0.6424688894424405,0.6520262883665623,,-2.594450248947049,5.106098526781299
1824,0.6437729420191737,0.6522838147797465,,-2.595213575160865,5.106849137817988
1825,0.6450775096487331,0.6525390699359712,,-2.5959663594439464,5.107594230305812
1826,0.646382587788605,0.6527920403368213,,-2.5967085404119827,5.108333764518634
1827,0.6476881718692786,0.6530427124422415,,-2.597440056582571,5.109067700832826
1828,0.6489942572941632,0.653291072670433,,-2.5981608463762953,5.109795999730645
1829,0.650300839439504,0.6535371073977507,,-2.598870848117825,5.11051862180362
1830,0.6516079136542995,0.6537808029586026,,-2.599570000037025,5.111235527755944
1831,0.6529154752602166,0.6540221456453483,,-2.600258240270074,5.111946678407914
1832,0.6542235195515074,0.6542611217081996,,-2.6009355068606075,5.112652034699416
1833,0.6555320417949237,0.6544977173551213,,-2.601601737760866,5.1133515576933855
1834,0.6568410372296339,0.6547319187517341,,-2.6022568708328553,5.114045208579299
1835,0.6581505010671375,0.6549637120212165,,-2.6029008438495227,5.114732948676719
1836,0.6594604284911799,0.6551930832442109,,-2.603533594495949,5.115414739438826
1837,0.6607708146576683,0.6554200184587285,,-2.604155060370546,5.116090542455959
1838,0.6620816546945858,0.6556445036600569,,-2.604765178986276,5.116760319459215
1839,0.6633929437019059,0.655866524800664,,-2.6053638877718823,5.117424032324088
1840,0.6647046767515072,0.6560860677901132,,-2.605951124073136,5.118081643074078
1841,0.6660168488870875,0.6563031184949655,,-2.6065268251540887,5.118733113884372
1842,0.6673294551240774,0.6565176627386973,,-2.607090928198351,5.119378407085506
1843,0.6686424904495548,0.6567296863016114,,-2.6076433703103703,5.120017485167043
1844,0.669955949822158,0.6569391749207517,,-2.608184088516735,5.120650310781288
1845,0.6712698281719995,0.6571461142898196,,-2.608713019767482,5.121276846746999
1846,0.6725841204005791,0.657350490059091,,-2.609230100937433,5.121897056053183
1847,0.6738988213806973,0.6575522878353353,,-2.6097352688275297,5.122510901862847
1848,0.675213925956368,0.6577514931817365,,-2.6102284601661982,5.123118347516803
1849,0.6765294289427315,0.6579480916178142,,-2.6107096116107096,5.123719356537471
1850,0.6778453251259671,0.6581420686193482,,-2.6111786597485724,5.124313892632722
1851,0.6791616092632058,0.6583334096183047,,-2.6116355410989276,5.12490191969972
1852,0.6804782760824424,0.6585221000027628,,-2.6120801921139627,5.125483401828778
1853,0.6817953202824479,0.6587081251168433,,-2.6125125491803396,5.126058303307282
1854,0.6831127365326817,0.6588914702606404,,-2.6129325486206434,5.126626588623601
1855,0.684430519473203,0.6590721206901546,,-2.6133401266948355,5.127188222470997
1856,0.6857486637145833,0.6592500616172264,,-2.613735219601728,5.1277431697515885
1857,0.6870671638378177,0.659425278209476,,-2.614117763480473,5.128291395580298
1858,0.6883860143942367,0.6595977555902397,,-2.6144876944120585,5.128832865288842
1859,0.6897052099054172,0.6597674788385144,,-2.6148449484208336,5.129367544429701
1860,0.6910247448630942,0.6599344329888992,,-2.6151894614760325,5.129895398780152
1861,0.692344613729072,0.6600986030315404,,-2.6155211694933316,5.130416394346321
1862,0.6936648109351351,0.660259973912083,,-2.6158400083364075,5.130930497367199
1863,0.6949853308829592,0.6604185305316173,,-2.616145913818516,5.131437674318727
1864,0.6963061679440224,0.6605742577466334,,-2.6164388217040866,5.131937891917891
1865,0.6976273164595157,0.6607271403689764,,-2.6167186677103302,5.132431117126812
1866,0.6989487707402536,0.6608771631658047,,-2.6169853875088624,5.132917317156845
1867,0.7002705250665853,0.6610243108595488,,-2.617238916727342,5.133396459472717
1868,0.7015925736883044,0.6611685681278769,,-2.6174791909511312,5.133868511796682
1869,0.7029149108245601,0.6613099196036579,,-2.6177061457249633,5.134333442112692
1870,0.7042375306637675,0.6614483498749327,,-2.617919716554633,5.134791218670558
1871,0.7055604273635173,0.6615838434848819,,-2.618119838908695,5.135241809990164
1872,0.706883595050487,0.6617163849318026,,-2.6183064482201845,5.1356851848656575
1873,0.7082070278203506,0.6618459586690875,,-2.618479479888352,5.136121312369659
1874,0.7095307197376888,0.661972549105201,,-2.618638869280407,5.1365501618574845
1875,0.7108546648358992,0.662096140603667,,-2.618784551733294,5.136971702971409
1876,0.7121788571171065,0.6622167174830519,,-2.618916462555467,5.137385905644944
1877,0.7135032905520726,0.6623342640169538,,-2.619034537028694,5.137792740107114
1878,0.7148279590801065,0.6624487644339974,,-2.6191387104098705,5.138192176886744
1879,0.7161528566089745,0.6625602029178282,,-2.619228917932847,5.1385841868167415
1880,0.7174779770148102,0.6626685636071163,,-2.6193050948102803,5.138968741038415
1881,0.7188033141420245,0.6627738305955545,,-2.619367176235491,5.139345811005782
1882,0.7201288618032156,0.6628759879318707,,-2.6194150973843495,5.139715368489895
1883,0.7214546137790793,0.6629750196198356,,-2.61944879341717,5.140077385583204
1884,0.7227805638183189,0.6630709096182755,,-2.619468199480623,5.140431834703915
1885,0.7241067056375554,0.6631636418410931,,-2.6194732507096683,5.140778688600337
1886,0.7254330329212376,0.6632532001572903,,-2.619463882229499,5.141117920355249
1887,0.7267595393215522,0.6633395683909917,,-2.6194400291575035,5.141449503390276
1888,0.7280862184583342,0.6634227303214778,,-2.619401626605246,5.141773411470268
1889,0.7294130639189772,0.663502669683218,,-2.619348609680461,5.142089618707693
1890,0.7307400692583437,0.663579370165909,,-2.619280913489071,5.142398099567063
1891,0.7320672279986755,0.6636528154145159,,-2.6191984731372138,5.14269882886935
1892,0.7333945336295046,0.6637229890293187,,-2.619101223733293,5.1429917817964315
1893,0.7347219796075632,0.6637898745659647,,-2.6189891003900376,5.143276933895492
1894,0.7360495593566951,0.6638534555355253,,-2.6188620382265917,5.143554261083459
1895,0.7373772662677662,0.6639137154045555,,-2.618719972370604,5.143823739651439
1896,0.7387050936985753,0.6639706375951601,,-2.618562837960347,5.1440853462691365
1897,0.7400330349737656,0.6640242054850661,,-2.6183905701468517,5.144339057989303
1898,0.7413610833847357,0.6640744024076946,,-2.6182031040960547,5.14458485225221
1899,0.7426892321895511,0.664121211652239,,-2.618000374990969,5.1448227068901256
1900,0.7440174746128555,0.6641646164637532,,-2.6177823180338695,5.145052600131766
1901,0.745345803845783,0.6642046000432388,,-2.617548868448492,5.14527451060675
1902,0.7466742130458695,0.6642411455477435,,-2.6172999614822587,5.145488417350062
1903,0.748002695336965,0.6642742360904591,,-2.61703553240851,5.145694299806525
1904,0.7493312438091458,0.6643038547408285,,-2.616755516528762,5.145892137835283
1905,0.7506598515186275,0.6643299845246562,,-2.6164598491749764,5.146081911714239
1906,0.7519885114876768,0.6643526084242277,,-2.6161484657118574,5.146263602144562
1907,0.7533172167045252,0.664371709378429,,-2.6158213015391527,5.146437190255149
1908,0.7546459601232821,0.6643872702828757,,-2.6154782920939867,5.146602657607117
1909,0.7559747346638479,0.6643992739900472,,-2.6151193728531945,5.146759986198261
1910,0.757303533211828,0.6644077033094264,,-2.614744479335695,5.146909158467551
1911,0.7586323486184469,0.6644125410076462,,-2.614353547104859,5.1470501572995815
1912,0.7599611737004621,0.6644137698086429,,-2.613946511770917,5.147182966029035
1913,0.7612900012400794,0.6644113723938141,,-2.6135233089933574,5.147307568445121
1914,0.762618823984867,0.6644053314021837,,-2.613083874483384,5.147423948796106
1915,0.7639476346476713,0.6643956294305698,,-2.6126281440063406,5.14753209179374
1916,0.7652764259065324,0.6643822490337674,,-2.612156053384207,5.147631982617736
1917,0.7666051904046,0.6643651727247298,,-2.6116675384980614,5.147723606920175
1918,0.7679339207500494,0.6643443829747627,,-2.6111625352906063,5.147806950829974
1919,0.7692626095159989,0.6643198622137211,,-2.610640979768674,5.147882000957283
1920,0.7705912492404263,0.6642915928302177,,-2.610102808005781,5.147948744397919
1921,0.7719198324260867,0.664259557171833,,-2.6095479561446777,5.148007168737774
1922,0.7732483515404304,0.6642237375453346,,-2.6089763603999367,5.148057262057265
1923,0.774576799015521,0.6641841162169048,,-2.6083879570605433,5.148099012935734
1924,0.7759051672479548,0.6641406754123722,,-2.6077826824925077,5.148132410455826
1925,0.7772334485987795,0.6640933973174585,,-2.607160473141507,5.148157444207893
1926,0.7785616353934144,0.6640422640780226,,-2.6065212655355223,5.148174104294332
1927,0.7798897199215704,0.6639872578003233,,-2.605864996287524,5.148182381333971
1928,0.781217694437171,0.6639283605512815,,-2.6051916020981425,5.148182266466372
1929,0.7825455511582736,0.663865554358754,,-2.6045010197583895,5.148173751356222
1930,0.7838732822669912,0.6637988212118129,,-2.6037931861523727,5.148156828197646
1931,0.7852008799094148,0.6637281430610352,,-2.603068038260043,5.14813148971853
1932,0.7865283361955369,0.663653501818801,,-2.60232551315996,5.148097729184812
1933,0.7878556431991744,0.6635748793595987,,-2.6015655480320583,5.148055540404752
1934,0.7891827929578936,0.6634922575203419,,-2.6007880801604646,5.148004917733193
1935,0.7905097774729343,0.6634056181006892,,-2.599993046936295,5.147945856075808
1936,0.7918365887091356,0.6633149428633821,,-2.5991803858605063,5.147878350893312
1937,0.7931632185948624,0.6632202135345807,,-2.598350034546737,5.147802398205698
1938,0.7944896590219316,0.6631214118042148,,-2.597501930724188,5.147717994596424
1939,0.79581590184554,0.6630185193263436,,-2.5966360122405123,5.147625137216602
1940,0.7971419388841926,0.6629115177195243,,-2.5957522170647183,5.14752382378913
1941,0.7984677619196316,0.6628003885671897,,-2.5948504832901063,5.1474140526128265
1942,0.799793362696766,0.6626851134180362,,-2.5939307491372046,5.147295822566527
1943,0.8011187329236021,0.6625656737864202,,-2.5929929529567417,5.147169133113188
1944,0.802443864271175,0.6624420511527664,,-2.59203703323263,5.147033984303945
1945,0.8037687483734806,0.6623142269639797,,-2.591062928584955,5.146890376782162
1946,0.8050933768274086,0.6621821826338755,,-2.590070577773015,5.146738311787478
1947,0.8064177411926763,0.6620458995436128,,-2.5890599196983435,5.146577791159788
1948,0.8077418329917635,0.6619053590421422,,-2.5880308934077743,5.146408817343229
1949,0.8090656437098478,0.6617605424466626,,-2.586983438096516,5.146231393390101
1950,0.8103891647947411,0.6616114310430914,,-2.5859174931112414,5.146045522964766
1951,0.8117123876568273,0.6614580060865413,,-2.5848329979532076,5.145851210347542
1952,0.8130353036690003,0.6613002488018103,,-2.583729892281378,5.145648460438535
1953,0.8143579041666039,0.6611381403838814,,-2.5826081159155754,5.145437278761482
1954,0.8156801804473717,0.6609716619984345,,-2.5814676088396546,5.145217671467545
1955,0.8170021237713685,0.6608007947823668,,-2.5803083112046745,5.1449896453390505
1956,0.8183237253609332,0.6606255198443276,,-2.5791301633321195,5.144753207793264
1957,0.8196449764006218,0.660445818265262,,-2.577933105717107,5.144508366886049
1958,0.8209658680371523,0.6602616710989684,,-2.576717079031637,5.144255131315547
1959,0.8222863913793502,0.6600730593726668,,-2.575482024127849,5.143993510425785
1960,0.8236065374980955,0.6598799640875775,,-2.574227882041294,5.143723514210279
1961,0.8249262974262707,0.6596823662195148,,-2.572954593994238,5.143445153315594
1962,0.8262456621587096,0.6594802467194877,,-2.571662101398967,5.143158439044846
1963,0.8275646226521486,0.6592735865143184,,-2.5703503458611245,5.14286338336121
1964,0.8288831698251772,0.6590623665072706,,-2.569019269183061,5.142559998891337
1965,0.8302012945581917,0.6588465675786884,,-2.567668813367193,5.142248298928748
1966,0.8315189876933491,0.6586261705866538,,-2.566298920619402,5.141928297437197
1967,0.8328362400345224,0.6584011563676496,,-2.5649095333524223,5.141600009053975
1968,0.8341530423472577,0.6581715057372389,,-2.563500594189275,5.14126344909321
1969,0.8354693853587322,0.6579371994907578,,-2.5620720459667,5.140918633549084
1970,0.8367852597577137,0.65769821840402,,-2.5606238317386123,5.140565579099017
1971,0.8381006561945217,0.6574545432340341,,-2.559155894779581,5.140204303106833
1972,0.8394155652809897,0.6572061547197363,,-2.5576681785883166,5.13983482362583
1973,0.8407299775904292,0.6569530335827354,,-2.5561606268911805,5.139457159401832
1974,0.8420438836575946,0.6566951605280732,,-2.5546331836457163,5.1390713298762
1975,0.8433572739786508,0.6564325162449931,,-2.553085793044188,5.138677355188771
1976,0.8446701390111407,0.6561650814077302,,-2.5515183995171444,5.138275256180771
1977,0.8459824691739563,0.6558928366763107,,-2.5499309477370002,5.137865054397661
1978,0.8472942548473089,0.6556157626973665,,-2.5483233826216267,5.1374467720919235
1979,0.8486054863727036,0.6553338401049658,,-2.54669564933797,5.137020432225808
1980,0.8499161540529135,0.655047049521453,,-2.545047693305679,5.1365860584740535
1981,0.8512262481519565,0.6547553715583098,,-2.5433794602007485,5.136143675226512
1982,0.852535758895073,0.6544587868170226,,-2.5416908959591926,5.135693307590767
1983,0.8538446764687071,0.6541572758899741,,-2.539981946780716,5.135234981394644
1984,0.855152991020487,0.6538508193613423,,-2.5382525591324145,5.134768723188689
1985,0.8564606926592098,0.6535393978080211,,-2.5365026797524943,5.1342945602485806
1986,0.8577677714548259,0.6532229918005505,,-2.534732255653991,5.13381252057746
1987,0.8590742174384269,0.6529015819040669,,-2.5329412341285256,5.133322632908244
1988,0.8603800206022351,0.652575148679262,,-2.531129562750066,5.132824926705882
1989,0.8616851708995936,0.6522436726833639,,-2.5292971893786986,5.132319432169513
1990,0.8629896582449603,0.6519071344711308,,-2.5274440621644367,5.131806180234597
1991,0.8642934725139025,0.6515655145958607,,-2.525570129551019,5.1312852025749365
1992,0.8655966035430943,0.651218793610419,,-2.5236753402797403,5.130756531604652
1993,0.8668990411303151,0.6508669520682796,,-2.5217596433932967,5.130220200480114
1994,0.8682007750344517,0.6505099705245837,,-2.519822988239643,5.129676243101799
1995,0.8695017949755008,0.650147829537212,,-2.51786532447586,5.129124694116059
1996,0.8708020906345753,0.6497805096678794,,-2.5158866020720545,5.128565588916849
1997,0.872101651653911,0.6494079914832376,,-2.513886771315249,5.127998963647366
1998,0.8734004676368774,0.649030255556002,,-2.5118657828133126,5.127424855201638
1999,0.8746985281479894,0.6486472824660914,,-2.509823587498891,5.126843301226016
2000,0.8759958227129216,0.6482590528017845,,-2.507760136633347,5.126254340120611
2001,0.8772923408185253,0.6478655471608961,,-2.5056753818107365,5.125658011040654
2002,0.878588071912847,0.6474667461519658,,-2.5035692749617766,5.125054353897789
2003,0.879883005405151,0.6470626303954693,,-2.5014417683578394,5.124443409361253
2004,0.8811771306659419,0.6466531805250437,,-2.499292814614961,5.123825218859029
2005,0.882470437026992,0.6462383771887297,,-2.497122366697857,5.123199824578902
2006,0.8837629137813695,0.6458182010502307,,-2.494930377923954,5.12256726946944
2007,0.88505455018347,0.6453926327901924,,-2.4927168019674473,5.121927597240921
2008,0.8863453354490504,0.6449616531074966,,-2.4904815928633472,5.121280852366138
2009,0.8876352587552654,0.6445252427205748,,-2.4882247050115596,5.120627080081146
2010,0.8889243092407065,0.6440833823687382,,-2.4859460931809743,5.119966326385928
2011,0.8902124760054441,0.643636052813531,,-2.483645712513565,5.119298638044961
2012,0.8914997481110711,0.6431832348400914,,-2.4813235185284928,5.118624062587709
2013,0.8927861145807513,0.6427249092585418,,-2.4789794671262446,5.117942648309045
2014,0.8940715643992684,0.6422610569053874,,-2.476613514592756,5.117254444269568
2015,0.8953560865130792,0.6417916586449394,,-2.4742256176035715,5.11655950029586
2016,0.896639669830369,0.6413166953707539,,-2.4718157332280017,5.115857866980647
2017,0.8979223032211106,0.640836148007089,,-2.4693838189332906,5.115149595682828
2018,0.8992039755171247,0.6403499975103824,,-2.4669298325888054,5.114434738527488
2019,0.9004846755121455,0.6398582248707452,,-2.464453732470236,5.113713348405781
2020,0.901764391961887,0.6393608111134742,,-2.4619554772637904,5.112985478974721
2021,0.9030431135841139,0.6388577373005838,,-2.459435026070418,5.112251184656902
2022,0.9043208290587151,0.6383489845323588,,-2.4568923384100416,5.111510520640097
2023,0.9055975270277798,0.6378345339489208,,-2.4543273742257883,5.110763542876788
2024,0.9068731960956777,0.6373143667318169,,-2.4517400938882363,5.110010308083589
2025,0.9081478248291414,0.6367884641056263,,-2.449130458199684,5.109250873740596
2026,0.9094214017573526,0.6362568073395851,,-2.4464984283983995,5.108485298090612
2027,0.9106939153720318,0.635719377749231,,-2.4438439661629157,5.107713640138289
2028,0.9119653541275303,0.6351761566980684,,-2.4411670336163067,5.106935959649182
2029,0.9132357064409264,0.6346271255992482,,-2.43846759333048,5.106152317148665
2030,0.914504960692125,0.6340722659172721,,-2.435745608330485,5.105362773920768
2031,0.9157731052239595,0.6335115591697134,,-2.4330010420988315,5.10456739200696
2032,0.9170401283422989,0.6329449869289508,,-2.4302338585797894,5.1037662342047625
2033,0.9183060183161568,0.632372530823932,,-2.427444022183734,5.10295936406634
2034,0.9195707633778046,0.6317941725419461,,-2.4246314977914727,5.102146845896923
2035,0.9208343517228885,0.6312098938304247,,-2.421796250758587,5.101328744753125
2036,0.9220967715105494,0.6306196764987553,,-2.4189382469197795,5.100505126441185
2037,0.9233580108635469,0.6300235024201172,,-2.4160574525932397,5.099676057515108
2038,0.9246180578683871,0.6294213535333344,,-2.4131538345849894,5.098841605274659
2039,0.9258769005754538,0.6288132118447481,,-2.410227360193262,5.0980018377633085
2040,0.9271345269991433,0.6281990594301112,,-2.4072779972128764,5.097156823766023
2041,0.9283909251180036,0.6275788784364954,,-2.4043057139396042,5.096306632806971
2042,0.9296460828748766,0.6269526510842212,,-2.401310479174559,5.095451335147136
2043,0.930899988177045,0.6263203596688085,,-2.398292262228596,5.094591001781809
2044,0.9321526288963826,0.6256819865629422,,-2.395251032926679,5.093725704437938
2045,0.9334039928695085,0.6250375142184578,,-2.392186761612297,5.092855515571416
2046,0.9346540678979454,0.6243869251683494,,-2.3890994191518593,5.091980508364243
2047,0.9359028417482821,0.6237302020287926,,-2.3859889769391,5.091100756721537
2048,0.9371503021523396,0.6230673275011879,,-2.382855406899475,5.090216335268461
2049,0.938396436807342,0.6223982843742226,,-2.379698681494588,5.089327319347052
2050,0.9396412333760904,0.6217230555259496,,-2.3765187737265867,5.088433785012948
2051,0.9408846794871423,0.6210416239258832,,-2.3733156571425775,5.087535809031954
2052,0.9421267627349941,0.6203539726371202,,-2.3700893058390524,5.086633468876554
2053,0.9433674706802683,0.6196600848184722,,-2.366839694466289,5.085726842722239
2054,0.9446067908499052,0.6189599437266199,,-2.3635667982327706,5.084816009443727
2055,0.9458447107373584,0.6182535327182871,,-2.3602705929096106,5.083901048611127
2056,0.947081217802795,0.6175408352524292,,-2.3569510548349686,5.082982040485923
2057,0.9483162994732999,0.6168218348924392,,-2.353608160918454,5.082059066016864
2058,0.9495499431430847,0.6160965153083757,,-2.350241888645557,5.081132206835749
2059,0.9507821361737014,0.6153648602792042,,-2.3468522160820577,5.080201545253092
2060,0.9520128658942598,0.6146268536950569,,-2.3434391218784376,5.0792671642536735
2061,0.95324211960165,0.6138824795595078,,-2.340002585274284,5.078329147491966
2062,0.954469884560769,0.6131317219918735,,-2.3365425861027127,5.077387579287412
2063,0.9556961480047528,0.6123745652295209,,-2.3330591047947578,5.076442544619609
2064,0.9569208971352118,0.6116109936302001,,-2.329552122383785,5.07549412912336
2065,0.9581441191224722,0.610840991674389,,-2.3260216205098883,5.07454241908363
2066,0.959365801105821,0.6100645439676557,,-2.322467581424281,5.073587501430327
2067,0.9605859301937564,0.6092816352430391,,-2.318889987993681,5.072629463733002
2068,0.9618044934642425,0.6084922503634453,,-2.315288823704716,5.0716683941954415
2069,0.9630214779649694,0.6076963743240549,,-2.3116640726682744,5.070704381650105
2070,0.9642368707136175,0.6068939922547526,,-2.3080157196238917,5.0697375155524425
2071,0.9654506586981271,0.6060850894225703,,-2.3043437499441173,5.068767885975123
2072,0.9666628288769722,0.6052696512341456,,-2.3006481496388793,5.067795583602116
2073,0.9678733681794405,0.6044476632381931,,-2.2969289053598194,5.066820699722617
2074,0.9690822635059169,0.6036191111279963,,-2.2931860044046526,5.065843326224893
2075,0.9702895017281729,0.6027839807439097,,-2.2894194347215002,5.064863555590003
2076,0.9714950696896607,0.6019422580758788,,-2.2856291849132173,5.06388148088535
2077,0.9726989542058124,0.6010939292659669,,-2.281815244241704,5.062897195758182
2078,0.9739011420643444,0.6002389806109063,,-2.2779776026322254,5.061910794428922
2079,0.9751016200255662,0.5993773985646532,,-2.2741162506776944,5.060922371684378
2080,0.9763003748226955,0.598509169740963,,-2.270231179642969,5.059932022870842
2081,0.9774973931621774,0.5976342809159759,,-2.2663223814691222,5.058939843887051
2082,0.9786926617240094,0.5967527190308168,,-2.2623898487777123,5.05794593117703
2083,0.979886167162071,0.5958644711942037,,-2.2584335748750184,5.056950381722798
2084,0.9810778961044594,0.594969524685076,,-2.2544535537563015,5.055953293036975
2085,0.9822678351538295,0.5940678669552264,,-2.250449780110016,5.054954763155263
2086,0.98345597088774,0.5931594856319492,,-2.2464222493220176,5.053954890628764
2087,0.9846422898590038,0.5922443685206978,,-2.242370957479767,5.05295377451622
2088,0.9858267785960452,0.5913225036077554,,-2.2382959013765142,5.051951514376125
2089,0.9870094236032607,0.59039387906291,,-2.2341970785154506,5.050948210258694
2090,0.9881902113613865,0.589458483242147,,-2.2300744871138627,5.04994396269771
2091,0.9893691283278708,0.5885163046903475,,-2.2259281261072736,5.048938872702279
2092,0.9905461609372516,0.5875673321439998,,-2.221757995153556,5.047933041748413
2093,0.9917212956015395,0.5866115545339129,,-2.217564094637016,5.046926571770493
2094,0.9928945187106074,0.5856489609879457,,-2.2133464256724884,5.045919565152673
2095,0.9940658166325833,0.584679540833743,,-2.2091049901093953,5.044912124720088
2096,0.9952351757142508,0.5837032836014753,,-2.204839790535782,5.043904353729971
2097,0.9964025822814537,0.5827201790265895,,-2.2005508302823364,5.042896355862657
2098,0.997568022639507,0.581730217052563,,-2.196238113426393,5.0418882352124905
2099,0.998731483073612,0.5807333878336682,,-2.1919016447959048,5.040880096278557
2100,0.9998929498492793,0.5797296817377396,,-2.1875414299734053,5.039872043955338
2101,1.0010524092127548,0.578719089348949,,-2.1831574752999416,5.038864183523244
2102,1.0022098473914527,0.5777016014705842,,-2.178749787878986,5.037856620639008
2103,1.003365250594394,0.5766772091278325,,-2.1743183755803144,5.036849461325967
2104,1.0045186050126496,0.5756459035705715,,-2.1698632470438866,5.035842811964217
2105,1.0056698968197908,0.5746076762761593,,-2.1653844116836742,5.034836779280687
2106,1.006819112172343,0.5735625189522271,,-2.1608818796914706,5.033831470339057
2107,1.0079662372102476,0.5725104235394791,,-2.156355662040676,5.032826992529575
2108,1.0091112580573265,0.5714513822144904,,-2.1518057704900704,5.0318234535588005
2109,1.0102541608217555,0.5703853873925068,,-2.1472322175875305,5.030820961439175
2110,1.0113949315965405,0.5693124317302467,,-2.1426350166737316,5.029819624478481
2111,1.0125335564600009,0.5682325081287055,,-2.138014181885834,5.02881955126923
2112,1.0136700214762582,0.5671456097359585,,-2.133369728161133,5.02782085067791
2113,1.01480431269573,0.5660517299499583,,-2.1287016712406563,5.026823631834132
2114,1.01593641615563,0.5649508624213371,,-2.124010027672761,5.025828004119668
2115,1.0170663178804726,0.5638430010562063,,-2.1192948148166932,5.024834077157389
2116,1.018194003882585,0.562728140018954,,-2.1145560508461094,5.023841960800074
2117,1.019319460162623,0.5616062737350309,,-2.1097937547525487,5.022851765119133
2118,1.020442672710093,0.5604773968937453,,-2.1050079463489055,5.021863600393208
2119,1.0215636275038806,0.5593415044510472,,-2.100198646272851,5.020877577096688
2120,1.0226823105127827,0.5581985916323096,,-2.095365875990219,5.019893805888111
2121,1.0237987076960473,0.5570486539350972,,-2.0905096577983517,5.018912397598454
2122,1.0249128050039176,0.5558916871319434,,-2.085630014829432,5.01793346321936
2123,1.0260245883781816,0.5547276872731063,,-2.0807269710537537,5.016957113891218
2124,1.0271340437527279,0.5535566506893267,,-2.075800551282973,5.015983460891173
2125,1.0282411570541066,0.5523785739945731,,-2.0708507811733075,5.015012615621013
2126,1.0293459142020958,0.5511934540887808,,-2.065877687228715,5.014044689595013
2127,1.0304483011102734,0.5500012881605778,,-2.0608812968040056,5.013079794427616
2128,1.0315483036865947,0.5488020736900057,,-2.055861638107946,5.012118041821086
2129,1.0326459078339747,0.5475958084512245,,-2.050818740206298,5.011159543553034
2130,1.033741099450877,0.5463824905152098,,-2.04575263302483,5.01020441146387
2131,1.0348338644319075,0.5451621182524368,,-2.040663347352277,5.009252757444137
2132,1.0359241886684123,0.5439346903355531,,-2.035550914843276,5.008304693421798
2133,1.0370120580490834,0.5427002057420329,,-2.030415368021236,5.007360331349429
2134,1.0380974584605673,0.5414586637568249,,-2.025256740281179,5.00641978319129
2135,1.039180375788081,0.540210063974976,,-2.0200750658925273,5.005483160910353
2136,1.040260795916031,0.5389544063042506,,-2.014870380001865,5.004550576455245
2137,1.0413387047286395,0.5376916909677218,,-2.009642718635623,5.003622141747108
2138,1.042414088110575,0.5364219185063501,,-2.0043921187027336,5.002697968666367
2139,1.0434869319475877,0.5351450897815472,,-1.9991186179972416,5.001778169039443
2140,1.0445572221271509,0.5338612059777191,,-1.993822255200875,5.000862854625409
2141,1.0456249445391064,0.5325702686047878,,-1.9885030698855404,4.999952137102532
2142,1.046690085076316,0.5312722795006937,,-1.9831611025157863,4.999046128054763
2143,1.0477526296353172,0.5299672408338787,,-1.9777963944512236,4.998144938958193
2144,1.048812564116985,0.5286551551057493,,-1.972408987948895,4.99724868116743
2145,1.0498698744271964,0.5273360251531111,,-1.966998926165568,4.996357465901859
2146,1.0509245464775026,0.5260098541505848,,-1.9615662531600027,4.995471404231903
2147,1.0519765661858038,0.524676645612999,,-1.9561110138951603,4.994590607065204
2148,1.0530259194770297,0.5233364033977561,,-1.9506332542403602,4.993715185132737
2149,1.0540725922838252,0.5219891317071714,,-1.9451330209733608,4.992845248974865
2150,1.0551165705472396,0.5206348350907887,,-1.9396103617824216,4.991980908927369
2151,1.0561578402174212,0.5192735184476689,,-1.9340653252682898,4.991122275107407
2152,1.0571963872543166,0.5179051870286521,,-1.928497960946142,4.990269457399424
2153,1.058232197628374,0.516529846438583,,-1.9229083192474417,4.989422565441011
2154,1.059265257321251,0.5151475026385189,,-1.917296451521783,4.9885817086087405
2155,1.060295552326528,0.5137581619478996,,-1.9116624100386448,4.987746996003931
2156,1.0613230686504238,0.5123618310466924,,-1.9060062479891056,4.986918536438378
2157,1.0623477923125173,0.5109585169774946,,-1.900328019487471,4.986096438420058
2158,1.0633697093464722,0.5095482271476164,,-1.894627779572877,4.985280810138813
2159,1.0643888058007676,0.5081309693311199,,-1.888905584210806,4.984471759451984
2160,1.0654050677394298,0.5067067516708333,,-1.883161490294564,4.983669393870005
2161,1.0664184812427715,0.5052755826803205,,-1.8773955556466673,4.982873820541992
2162,1.0674290324081321,0.5038374712458251,,-1.8716078390202022,4.982085146241291
2163,1.0684367073506238,0.5023924266281727,,-1.8657984001000982,4.981303477350997
2164,1.0694414922038802,0.5009404584646363,,-1.8599672995043457,4.980528919849472
2165,1.0704433731208094,0.49948157677076377,,-1.8541145987851448,4.979761579295828
2166,1.0714423362743508,0.4980157919421716,,-1.8482403604300053,4.9790015608154015
2167,1.0724383678582352,0.4965431147562912,,-1.8423446478627574,4.978248969085202
2168,1.0734314540877479,0.49506355637408156,,-1.836427525444517,4.977503908319369
2169,1.074421581200496,0.49357712834169476,,-1.830489058474566,4.976766482254629
2170,1.0754087354571795,0.4920838425921069,,-1.8245293131911902,4.976036794135749
2171,1.0763929031423638,0.4905837114466994,,-1.8185483567724217,4.975314946700959
2172,1.0773740705652572,0.4890767476168053,,-1.8125462573367417,4.9746010421673965
2173,1.0783522240604908,0.4875629642052048,,-1.8065230839436937,4.973895182216544
2174,1.0793273499889011,0.4860423747075803,,-1.8004789065944378,4.973197467979687
2175,1.0802994347383164,0.48451499301392376,,-1.79441379623223,4.97250800002337
2176,1.0812684647243442,0.4829808334099022,,-1.7883278247428442,4.971826878334853
2177,1.082234426391164,0.4814399105781697,,-1.7822210649549033,4.971154202307615
2178,1.0831973062123204,0.47989223959963845,,-1.776093590640156,4.97049007072686
2179,1.0841570906915197,0.4783378359546951,,-1.7699454765136655,4.9698345817550225
2180,1.0851137663634292,0.4767767155243742,,-1.7637767982339396,4.969187832917337
2181,1.086067319794478,0.4752088945914801,,-1.7575876324029915,4.968549921087423
2182,1.087017737583661,0.4736343898416582,,-1.7513780565663104,4.967920942472861
2183,1.0879650063633441,0.47205321836441577,,-1.7451481492127698,4.967300992600829
2184,1.088909112800073,0.4704653976540911,,-1.7388979897744588,4.966690166303775
2185,1.089850043595381,0.4688709456107755,,-1.7326276586264557,4.966088557705135
2186,1.0907877854866026,0.46726988054117274,,-1.7263372370864913,4.965496260205056
2187,1.0917223252476849,0.4656622211594139,,-1.7200268074145664,4.964913366466196
2188,1.0926536496900037,0.4640479865878135,,-1.7136964528124783,4.96433996839957
2189,1.0935817456631793,0.4624271963575746,,-1.7073462574232887,4.963776157150446
2190,1.0945066000558945,0.4607998704094325,,-1.7009763063306802,4.9632220230842865
2191,1.0954281997967135,0.45916602909424764,,-1.6945866855582652,4.962677655772749
2192,1.096346531854902,0.45752569317354413,,-1.6881774820688111,4.96214314397973
2193,1.0972615832412491,0.45587888381998953,,-1.681748783763395,4.961618575647498
2194,1.0981733410088892,0.4542256226178138,,-1.6753006794804504,4.961104037882862
2195,1.0990817922541247,0.4525659315631762,,-1.6688332589947674,4.960599616943415
2196,1.099986924117251,0.4508998330644699,,-1.6623466130163989,4.960105398223869
2197,1.10088872378338,0.4492273499425724,,-1.6558408331895018,4.9596214662424565
2198,1.1017871784832651,0.4475485054310304,,-1.649316012091071,4.959147904627366
2199,1.1026822754941272,0.44586332317618915,,-1.6427722432296132,4.958684796103309
2200,1.1035740021404796,0.4441718272372586,,-1.6362096210437342,4.95823222247817
2201,1.104462345794954,0.442474042086324,,-1.6296282409006564,4.957790264629726
2202,1.1053472938791267,0.44076999260828703,,-1.6230281990946291,4.957359002492452
2203,1.1062288338643433,0.439059704100754,,-1.616409592845282,4.956938515044415
2204,1.1071069532725448,0.43734320227385826,,-1.6097725202958866,4.956528880294272
2205,1.1079816396770925,0.43562051325002416,,-1.603117080511556,4.95613017526837
2206,1.1088528807035927,0.4338916635636609,,-1.596443373477318,4.9557424759979325
2207,1.10972066403072,0.4321566801608003,,-1.5897515000961446,4.955365857506341
2208,1.1105849773910417,0.4304155903986709,,-1.5830415621868934,4.955000393796561
2209,1.111445808571839,0.42866842204520783,,-1.5763136624821628,4.954646157838657
2210,1.1123031454159296,0.4269152032784929,,-1.5695679046260445,4.954303221557425
2211,1.1131569758224866,0.42515596268613876,,-1.5628043931718159,4.95397165582013
2212,1.1140072877478588,0.4233907292646049,,-1.5560232335795434,4.9536515304243744
2213,1.114854069206388,0.4216195324184529,,-1.5492245322136093,4.953342914086089
2214,1.115697308271225,0.4198424019595298,,-1.5424083963401292,4.953045874427629
2215,1.116536993075144,0.4180593681060952,,-1.5355749341243183,4.952760477966025
2216,1.1173731118113563,0.41627046148187696,,-1.528724254627751,4.952486790101335
2217,1.11820565273432,0.41447571311506776,,-1.5218564678055595,4.952224875105169
2218,1.1190346041605501,0.41267515443724995,,-1.5149716845035153,4.951974796109288
2219,1.1198599544694245,0.4108688172822597,,-1.508070016455054,4.951736615094393
2220,1.120681692103989,0.4090567338849831,,-1.5011515762782064,4.9515103928790545
2221,1.121499805571759,0.40723893688009155,,-1.494216477472455,4.951296189108763
2222,1.1223142834455193,0.4054154593007001,,-1.487264834415474,4.9510940622451605
2223,1.1231251143641208,0.4035863345769715,,-1.4802967623598187,4.950904069555398
2224,1.1239322870332746,0.40175159653465103,,-1.4733123774295191,4.950726267101646
2225,1.124735790226344,0.39991127939353815,,-1.4663117966165986,4.9505607097307545
2226,1.125535612785131,0.3980654177658868,,-1.4592951377774812,4.950407451064076
2227,1.1263317436206628,0.39621404665474597,,-1.4522625196293444,4.9502665434874515
2228,1.1271241717139724,0.3943572014522325,,-1.4452140617463731,4.950138038141374
2229,1.1279128861168768,0.39249491793774155,,-1.4381498845559433,4.9500219849113005
2230,1.1286978759527522,0.3906272322760848,,-1.4310701093346916,4.94991843241814
2231,1.1294791304173044,0.38875418101557246,,-1.4239748582045377,4.949827428008915
2232,1.1302566387793356,0.38687580108602365,,-1.4168642541285932,4.949749017747599
2233,1.1310303903815075,0.38499212979671765,,-1.4097384209070105,4.949683246406122
2234,1.131800374641101,0.38310320483427385,,-1.4025974831727175,4.94963015745554
2235,1.1325665810507695,0.381209064260476,,-1.3954415663871036,4.949589793057416
2236,1.1333289991792903,0.37930974651002486,,-1.388270796835595,4.94956219405538
2237,1.1340876186723103,0.37740529038823495,,-1.3810853016231757,4.94954739996687
2238,1.1348424292530868,0.37549573506865974,,-1.3738852086697888,4.949545448975052
2239,1.1355934207232241,0.373581120090661,,-1.3666706467056888,4.949556377920948
2240,1.1363405829634055,0.37166148535691057,,-1.3594417452666883,4.949580222295739
2241,1.1370839059341193,0.36973687113083714,,-1.3521986346893502,4.949617016233261
2242,1.137823379676381,0.367807318034001,,-1.3449414461060598,4.94966679250271
2243,1.138558994312449,0.36587286704341443,,-1.3376703114400428,4.9497295825015435
2244,1.1392907400465357,0.3639335594887989,,-1.3303853634002936,4.949805416248583
2245,1.1400186071655134,0.3619894370497839,,-1.3230867354764315,4.949894322377324
2246,1.140742586039613,0.36004054175303846,,-1.3157745619334464,4.949996328129447
2247,1.1414626671231192,0.3580869159693532,,-1.308448977806404,4.950111459348521
2248,1.142178840955058,0.35612860241065797,,-1.301110118895048,4.950239740473949
2249,1.1428910981598792,0.35416564412698337,,-1.2937581217583367,4.9503811945350895
2250,1.143599429448133,0.3521980845033575,,-1.2863931237088704,4.950535843145609
2251,1.1443038256171398,0.3502259672566567,,-1.2790152628072806,4.950703706498043
2252,1.1450042775516531,0.3482493364323902,,-1.2716246778565137,4.950884803358584
2253,1.145700776224518,0.3462682364014362,,-1.2642215083960555,4.951079151062064
2254,1.1463933126973207,0.3442827118567127,,-1.2568058946960483,4.951286765507169
2255,1.1470818781210341,0.3422928078098036,,-1.2493779777513638,4.951507661151882
2256,1.1477664637366538,0.34029856958752114,,-1.2419378992755736,4.951741851009155
2257,1.1484470608758288,0.3383000428284254,,-1.2344858016948705,4.951989346642794
2258,1.1491236609614857,0.3362972734792812,,-1.2270218281418832,4.952250158163558
2259,1.1497962555084442,0.3342903077914685,,-1.2195461224494386,4.952524294225492
2260,1.150464836124027,0.3322791923173415,,-1.2120588291442393,4.952811762022477
2261,1.1511293945086618,0.3302639739065395,,-1.2045600934404892,4.953112567285038
2262,1.151789922456475,0.3282446997022392,,-1.1970500612334023,4.953426714277359
2263,1.1524464118558795,0.32622141713736696,,-1.189528879092675,4.953754205794529
2264,1.1530988546901542,0.32419417393075955,,-1.181996694255874,4.954095043160029
2265,1.1537472430380158,0.32216301808328357,,-1.1744536546217719,4.954449226223451
2266,1.1543915690741824,0.3201279978738947,,-1.1668999087435634,4.954816753358457
2267,1.15503182506993,0.31808916185566266,,-1.1593356058220512,4.955197621460963
2268,1.1556680033936415,0.3160465588517499,,-1.1517608956987562,4.955591825947565
2269,1.156300096511345,0.3140002379513487,,-1.144175928848964,4.955999360754212
2270,1.1569280969872477,0.3119502485055659,,-1.13658085637467,4.956420218335086
2271,1.157551997484259,0.3098966401232772,,-1.1289758299974975,4.956854389661729
2272,1.1581717907645055,0.3078394626669352,,-1.1213610020515243,4.957301864222421
2273,1.1587874696898393,0.30577876624834127,,-1.1137365254760687,4.957762630021805
2274,1.159399027222336,0.30371460122437033,,-1.1061025538083686,4.958236673580738
2275,1.1600064564247847,0.30164701819266687,,-1.0984592411762326,4.958723979936367
2276,1.16060975046117,0.2995760679872993,,-1.0908067422906105,4.959224532642469
2277,1.1612089025971446,0.2975018016743819,,-1.0831452124381147,4.959738313770035
2278,1.1618039062004935,0.2954242705476544,,-1.075474807473452,4.960265303908096
2279,1.1623947547415887,0.293343526124037,,-1.067795683811821,4.960805482164769
2280,1.162981441793837,0.29125962013914364,,-1.0601079984212254,4.961358826168552
2281,1.163563961034115,0.28917260454277416,,-1.0524119088147554,4.9619253120698605
2282,1.1641423062432006,0.2870825314943665,,-1.0447075730427864,4.96250491454281
2283,1.1647164713061893,0.28498945335842407,,-1.0369951496851286,4.963097606787237
2284,1.165286450212906,0.2828934226999113,,-1.0292747978431116,4.963703360530969
2285,1.165852237058306,0.2807944922796272,,-1.0215466771316328,4.9643221460323375
2286,1.1664138260428651,0.2786927150495473,,-1.013810947671126,4.964953932082928
2287,1.1669712114729642,0.27658814414814337,,-1.0060677700794913,4.965598686010564
2288,1.1675243877612604,0.2744808328956769,,-0.998317305463956,4.966256373682517
2289,1.1680733494270519,0.27237083478947427,,-0.9905597154129048,4.966926959508982
2290,1.1686180910966308,0.27025820349917185,,-0.9827951619876276,4.9676104064467905
2291,1.169158607503629,0.26814299286194887,,-0.9750238077140464,4.968306676003361
2292,1.169694893489353,0.2660252568777347,,-0.9672458155743655,4.969015728240864
2293,1.1702269440031083,0.2639050497044044,,-0.959461348998703,4.969737521780645
2294,1.1707547541025172,0.2617824256529466,,-0.9516705718566307,4.97047201380788
2295,1.1712783189538232,0.25965743918262674,,-0.9438736484487128,4.971219160076472
2296,1.1717976338321885,0.257530144896129,,-0.9360707434979719,4.97197891491418
2297,1.1723126941219808,0.25540059753468863,,-0.9282620221413247,4.972751231227966
2298,1.1728234953170502,0.2532688519732003,,-0.9204476499209342,4.97353606050959
2299,1.1733300330209966,0.25113496321533096,,-0.9126277927755728,4.974333352841436
2300,1.1738323029474274,0.2489989863886139,,-0.9048026170319176,4.975143056902564
2301,1.1743303009202046,0.2468609767395357,,-0.8969722893958055,4.975965119974999
2302,1.1748240228736837,0.2447209896286071,,-0.8891369769434236,4.976799487950237
2303,1.1753134648529409,0.2425790805254383,,-0.881296847112498,4.977646105335992
2304,1.1757986230139916,0.24043530500380572,,-0.8734520676934371,4.978504915263172
2305,1.1762794936239993,0.23828971873671392,,-0.865602806820433,4.979375859493065
2306,1.1767560730614728,0.2361423774914458,,-0.8577492329624975,4.980258878424751
2307,1.1772283578164557,0.23399333712462284,,-0.8498915149145074,4.9811539111027265
2308,1.177696344490705,0.2318426535772592,,-0.8420298217881985,4.982060895224776
2309,1.1781600297978594,0.229690382869815,,-0.8341643230031214,4.982979767150037
2310,1.178619410563599,0.2275365810972547,,-0.8262951882775794,4.983910461907284
2311,1.1790744837257934,0.22538130442409784,,-0.8184225876195013,4.984852913203422
2312,1.1795252463346415,0.22322460907948463,,-0.8105466913173224,4.985807053432219
2313,1.1799716955528006,0.22106655135223974,,-0.8026676699308203,4.986772813683248
2314,1.180413828655505,0.2189071875859489,,-0.7947856942819435,4.98775012375103
2315,1.180851643030677,0.21674657417402826,,-0.7869009354455601,4.988738912144367
2316,1.181285136179025,0.21458476755481393,,-0.7790135647402312,4.989739106095882
2317,1.1817143057141346,0.2124218242066554,,-0.771123753718938,4.990750631571795
2318,1.182139149362548,0.2102578006430286,,-0.7632316741598228,4.991773413281891
2319,1.182559664963834,0.2080927534076427,,-0.7553374980568418,4.992807374689655
2320,1.1829758504706491,0.20592673906956993,,-0.7474413976104358,4.993852438022626
2321,1.1833877039487883,0.20375981421838749,,-0.7395435452181799,4.994908524282943
2322,1.183795223577225,0.20159203545933926,,-0.7316441134654302,4.995975553258102
2323,1.1841984076481438,0.19942345940850084,,-0.7237432751159147,4.997053443531885
2324,1.1845972545669607,0.19725414268796798,,-0.7158412031023255,4.998142112495465
2325,1.1849917628523368,0.19508414192106077,,-0.7079380705168933,4.999241476358705
2326,1.1853819311361788,0.1929135137275513,,-0.7000340506019673,5.000351450161662
2327,1.185767758163634,0.19074231471890218,,-0.6921293167405503,5.001471947786267
2328,1.1861492427930718,0.1885706014935329,,-0.6842240424468459,5.002602881968161
2329,1.186526383996059,0.18639843063210126,,-0.6763184013567735,5.0037441643087135
2330,1.186899180857323,0.184225858692814,,-0.6684125672184963,5.004895705287196
2331,1.1872676325747087,0.18205294220675086,,-0.6605067138829109,5.006057414273179
2332,1.1876317384591222,0.17987973767322726,,-0.6526010152941728,5.007229199539055
2333,1.1879914979344686,0.17770630155516953,,-0.6446956454801772,5.008410968272727
2334,1.1883469105375788,0.1755326902745211,,-0.6367907785430463,5.009602626590459
2335,1.1886979759181278,0.17335896020766894,,-0.6288865886495931,5.010804079549895
2336,1.189044693838543,0.17118516768091205,,-0.6209832500218302,5.012015231163253
2337,1.1893870641739048,0.1690113689659489,,-0.6130809369274449,5.013235984410651
2338,1.1897250869118368,0.1668376202753941,,-0.605179823670269,5.014466241253581
2339,1.1900587621523875,0.16466397775832195,,-0.5972800845807368,5.015705902648529
2340,1.190388090107904,0.16249049749585195,,-0.5893818940063839,5.016954868560757
2341,1.1907130711028957,0.1603172354967608,,-0.5814854263023306,5.0182130379782235
2342,1.1910337055738893,0.15814424769312904,,-0.573590855821773,5.019480308925636
2343,1.1913499940692756,0.15597158993600946,,-0.5656983569064374,5.020756578478627
2344,1.1916619372491475,0.1537993179911453,,-0.5578081038770942,5.022041742778075
2345,1.1919695358851299,0.15162748753471586,,-0.5499202710240547,5.023335697044548
2346,1.1922727908601993,0.14945615414912422,,-0.542035032597697,5.024638335592889
2347,1.1925717031684975,0.14728537331881003,,-0.5341525627989607,5.025949551846912
2348,1.192866273915135,0.14511520042610596,,-0.5262730357698733,5.027269238354197
2349,1.1931565043159873,0.1429456907471294,,-0.5183966255840808,5.028597286801034
2350,1.1934423956974816,0.14077689944772098,,-0.5105235062374213,5.02993358802748
2351,1.193723949496377,0.13860888157941303,,-0.5026538516384784,5.031278032042536
2352,1.1940011672595359,0.13644169207544074,,-0.49478783559915984,5.032630508039397
2353,1.1942740506436866,0.134275385746788,,-0.48692563182526943,5.03399090441082
2354,1.1945426014151803,0.13211001727828403,,-0.4790674139071354,5.0353591087645935
2355,1.194806821449737,0.1299456412247347,,-0.47121335531022923,5.036735007939121
2356,1.1950667127321863,0.12778231200710202,,-0.46336362936582626,5.03811848801907
2357,1.1953222773562004,0.12562008390871457,,-0.45551840926164316,5.03950943435112
2358,1.1955735175240179,0.12345901107152933,,-0.4476778680325288,5.040907731559785
2359,1.195820435546161,0.1212991474924339,,-0.4398421785511635,5.042313263563347
2360,1.196063033841146,0.11914054701959764,,-0.43201151351880157,5.04372591358987
2361,1.196301314935185,0.11698326334886182,,-0.42418604545601646,5.0451455641932865
2362,1.1965352814618828,0.11482735002017493,,-0.4163659466934719,5.046572097269528
2363,1.1967649361619233,0.11267286041407062,,-0.40855138936270946,5.048005394072761
2364,1.1969902818827514,0.11051984774819823,,-0.40074254538698817,5.049445335231684
2365,1.1972113215782478,0.10836836507389692,,-0.39293958647214583,5.0508918007659025
2366,1.1974280583083956,0.10621846527281868,,-0.38514268409749264,5.052344670102328
2367,1.1976404952389412,0.1040702010535837,,-0.37735200950668635,5.053803822091643
2368,1.1978486356410485,0.10192362494849665,,-0.369567733698687,5.055269135024824
2369,1.1980524828909456,0.09977878931030511,,-0.36179002741872524,5.056740486649723
2370,1.1982520404695662,0.09763574630901696,,-0.35401906114934323,5.058217754187705
2371,1.1984473119621843,0.095494547928746,,-0.3462550051014001,5.059700814350309
2372,1.198638301058042,0.0933552459646141,,-0.33849802920513794,5.061189543355938
2373,1.1988250115499712,0.09121789201970058,,-0.3307483031012818,5.062683816946599
2374,1.1990074473340107,0.08908253750204866,,-0.32300599613220693,5.064183510404685
2375,1.1991856124090148,0.08694923362171285,,-0.31527127733311355,5.065688498569794
2376,1.1993595108762583,0.08481803138785562,,-0.30754431542324173,5.067198655855574
2377,1.199529146939034,0.08268898160588817,,-0.29982527879710485,5.06871385626654
2378,1.1996945249022457,0.0805621348746724,,-0.29211433551580673,5.070233973414953
2379,1.199855649171995,0.07843754158375998,,-0.28441165329835666,5.071758880537718
2380,1.2000125242551625,0.07631525191069508,,-0.276717399513075,5.073288450513313
2381,1.2001651547589838,0.07419531581835134,,-0.2690317411689858,5.074822555878679
2382,1.2003135453906204,0.07207778305232462,,-0.26135484490727434,5.076361068846133
2383,1.200457700956725,0.06996270313837336,,-0.2536868769927807,5.077903861320284
2384,1.2005976263630018,0.0678501253799132,,-0.2460280033055552,5.079450804914977
2385,1.2007333266137616,0.06574009885556308,,-0.2383783893324646,5.081001770970223
2386,1.2008648068114727,0.06363267241673547,,-0.2307382001588231,5.082556630569082
2387,1.200992072156306,0.06152789468526786,,-0.2231076004600402,5.084115254554562
2388,1.2011151279456767,0.05942581405111817,,-0.21548675449336646,5.085677513546509
2389,1.201233979573779,0.05732647867010814,,-0.20787582608968316,5.087243277958485
2390,1.2013486325311191,0.0552299364617214,,-0.20027497864535748,5.088812418014645
2391,1.2014590924040425,0.05313623510693114,,-0.19268437511407555,5.090384803766553
2392,1.2015653648742564,0.051045422046089896,,-0.1851041779987709,5.091960305109971
2393,1.2016674557183484,0.04895754447686663,,-0.1775345493435969,5.093538791801638
2394,1.2017653708073022,0.04687264935224254,,-0.16997565072598517,5.095120133476023
2395,1.2018591161060066,0.04479078337854483,,-0.1624276432487157,5.096704199662036
2396,1.2019486976727636,0.042711993013530083,,-0.1548906875320419,5.0982908597996905
2397,1.2020341216587906,0.04063632446451464,,-0.14736494370586214,5.0998799832567085
2398,1.2021153943077196,0.03856382368656156,,-0.13985057140197535,5.101471439345109
2399,1.2021925219550929,0.036494536380708924,,-0.13234772974636433,5.1030650973377485
2400,1.2022655110278542,0.03442850799225664,,-0.12485657735157313,5.104660826484842
2401,1.2023343680438388,0.03236578370908911,,-0.11737727230909394,5.106258496030365
2402,1.202399099611257,0.030306408460051976,,-0.10990997218183465,5.107857975228414
2403,1.202459712428177,0.028250426913369518,,-0.1024548339966173,5.10945913335954
2404,1.2025162132820038,0.026197883475122235,,-0.09501201423678168,5.111061839747013
2405,1.202568609048954,0.024148822287768032,,-0.08758166883483327,5.112665963773012
2406,1.2026169066935295,0.02210328722870654,,-0.08016395316513712,5.114271374894745
2407,1.202661113267987,0.0200613219088793,,-0.07275902203663148,5.115877942660479
2408,1.2027012359118048,0.018022969671431657,,-0.06536702968565769,5.1174855367255265
2409,1.2027372818511477,0.0159882735904178,,-0.05798812976883989,5.119094026868156
2410,1.2027692583983285,0.013957276469559495,,-0.05062247535605439,5.12070328300543
2411,1.2027971729512676,0.011930020841031109,,-0.043270218923391175,5.122313175208953
2412,1.2028210329929496,0.009906548964295644,,-0.03593151234619855,5.123923573720508
2413,1.2028408460908782,0.007886902824989989,,-0.028606506892206503,5.125534348967637
2414,1.202856619896528,0.005871124133859215,,-0.021295353214729654,5.127145371579136
2415,1.2028683621447958,0.003859254325731754,,-0.013998201345921845,5.128756512400462
2416,1.2028760806534473,0.0018513345585369856,,-0.006715200690089683,5.13036764250904
2417,1.2028797833225644,-0.00015259428764251737,,0.0005534999829612772,5.131978633229443
2418,1.202879478133989,-0.0021524916114646284,,0.007807752544475342,5.133589356148486
2419,1.202875173150766,-0.004148317091184337,,0.015047409513250856,5.135199683130253
2420,1.2028668765165837,-0.0061400306854576476,,0.02227232406204078,5.136809486331014
2421,1.2028545964552129,-0.008127592634113707,,0.02948235002392392,5.13841863821403
2422,1.2028383412699446,-0.010110963458887987,,0.036677341898618904,5.140027011564219
2423,1.2028181193430267,-0.01209010396411518,,0.04385715485873428,5.141634479502748
2424,1.2027939391350986,-0.014064975237372292,,0.05102164475591821,5.1432409155015035
2425,1.2027658091846238,-0.01603553865008408,,0.05817066812695031,5.144846193397459
2426,1.2027337381073238,-0.018001755858083026,,0.06530408219974504,5.146450187406927
2427,1.2026977345956076,-0.019963588802153587,,0.07242174489937257,5.14805277213965
2428,1.2026578074180032,-0.02192099970851701,,0.07952351485393717,5.14965382261281
2429,1.2026139654185861,-0.023873951089282287,,0.08660925140040335,5.151253214264904
2430,1.2025662175164076,-0.02582240574285247,,0.0936788145903293,5.152850822969509
2431,1.2025145727049218,-0.02776632675430013,,0.10073206519555566,5.154446525048929
2432,1.2024590400514132,-0.02970567749571181,,0.10776886471384663,5.156040197287687
2433,1.2023996286964218,-0.03164042162649222,,0.1147890753744482,5.157631716945885
2434,1.2023363478531688,-0.03357052309363225,,0.12179256014357673,5.159220961772458
2435,1.2022692068069816,-0.03549594613193181,,0.12877918272980274,5.160807810018276
2436,1.2021982149147177,-0.037416655264194056,,0.135748807589389,5.162392140449157
2437,1.2021233816041892,-0.03933261530138925,,0.14270129993157304,5.163973832358672
2438,1.2020447163735863,-0.041243791342788896,,0.1496365257237956,5.165552765580851
2439,1.2019622287909009,-0.043150148776054886,,0.15655435169681797,5.1671288205027315
2440,1.2018759284933487,-0.04505165327730293,,0.16345464534979526,5.168701878076809
2441,1.201785825186794,-0.04694827081111846,,0.17033727495522555,5.170271819833307
2442,1.201691928645172,-0.04883996763055364,,0.17720210956387597,5.171838527892319
2443,1.2015942487099107,-0.05072671027709626,,0.18404901900964996,5.1734018849757755
2444,1.2014927952893566,-0.052608465580605245,,0.19087787391437694,5.174961774419283
2445,1.2013875783581953,-0.0544852006592072,,0.1976885456924988,5.1765180801838255
2446,1.201278607956877,-0.05635688291916476,,0.20448090655569487,5.178070686867337
2447,1.2011658941910386,-0.058223480054710924,,0.21125482951741795,5.179619479716099
2448,1.2010494472309292,-0.06008496004787453,,0.2180101883974321,5.181164344635964
2449,1.2009292773108335,-0.06194129116826332,,0.22474685782623147,5.182705168203463
2450,1.2008053947284971,-0.06379244197281857,,0.2314647132493828,5.1842418376767245
2451,1.2006778098445514,-0.06563838130553698,,0.23816363093178222,5.185774241006273
2452,1.2005465330819403,-0.06747907829716858,,0.24484348796184896,5.18730226684567
2453,1.200411574925346,-0.06931450236489582,,0.2515041622556771,5.188825804561986
2454,1.200272945920616,-0.07114462321198647,,0.25814553256111505,5.190344744246099
2455,1.200130656674192,-0.07296941082741001,,0.26476747846173365,5.191858976722841
2456,1.1999847178525371,-0.07478883548543598,,0.2713698803807494,5.1933683935610135
2457,1.1998351401815663,-0.07660286774519409,,0.277952619584826,5.194872887083228
2458,1.1996819344460758,-0.07841147845022553,,0.2845155781878609,5.196372350375579
2459,1.1995251114891754,-0.08021463872801242,,0.291058639154705,5.197866677297148
2460,1.1993646822117194,-0.08201231998948276,,0.2975816863048071,5.199355762489341
2461,1.1992006575717404,-0.08380449392848065,,0.3040846043157434,5.2008395013851
2462,1.1990330485838834,-0.08559113252122078,,0.3105672787266986,5.2023177902179185
2463,1.1988618663188408,-0.08737220802571366,,0.31702959594184776,5.203790526030715
2464,1.1986871219027895,-0.08914769298119257,,0.3234714432337506,5.205257606684512
2465,1.198508826516827,-0.0909175602075031,,0.32989270874661303,5.206718930866956
2466,1.198326991396412,-0.09268178280447542,,0.33629328149948906,5.2081743981006845
2467,1.198141627830803,-0.0944403341512698,,0.3426730513893866,5.209623908751538
2468,1.1979527471625004,-0.09619318790570747,,0.34903190919431865,5.211067364036593
2469,1.1977603607866891,-0.09794031800358047,,0.35536974657627585,5.212504666032025
2470,1.197564480150682,-0.09968169865795597,,0.3616864560841737,5.213935717680787
2471,1.197365116753366,-0.10141730435844766,,0.3679819311566752,5.215360422800135
2472,1.1971622821446493,-0.1031471098704785,,0.3742560661249758,5.216778686089004
2473,1.1969559879249083,-0.10487109023451324,,0.38050875621546887,5.21819041313521
2474,1.1967462457444393,-0.10658922076528043,,0.3867398975523626,5.219595510422468
2475,1.1965330673029089,-0.10830147705098925,,0.39294938716026684,5.2209938853372435
2476,1.196316464348807,-0.11000783495253112,,0.39913712296671006,5.222385446175439
2477,1.1960964486789019,-0.11170827060265104,,0.4053030038045332,5.223770102148915
2478,1.1958730321376965,-0.11340276040510715,,0.41144692941422406,5.225147763391848
2479,1.1956462266168864,-0.11509128103381387,,0.4175688004461749,5.226518340966927
2480,1.1954160440548187,-0.11677380943198482,,0.4236685184629199,5.227881746871364
2481,1.1951824964359548,-0.11845032281126056,,0.42974598594129565,5.229237894042725
2482,1.1949455957903323,-0.12012079865081356,,0.43580110627449986,5.230586696364612
2483,1.1947053541930308,-0.1217852146964393,,0.44183378377407484,5.2319280686721745
2484,1.194461783763638,-0.12344354895963841,,0.44784392367183484,5.233261926757456
2485,1.1942148966657187,-0.12509577971668168,,0.45383143212170696,5.234588187374584
2486,1.1939647051062854,-0.12674188550768126,,0.4597962162015644,5.235906768244753
2487,1.19371122133527,-0.12838184513563586,,0.46573818391494076,5.23721758806108
2488,1.1934544576449988,-0.13001563766547464,,0.47165724419270694,5.238520566493274
2489,1.1931944263696679,-0.13164324242307834,,0.4775533068946386,5.239815624192151
2490,1.1929311398848217,-0.13326463899429414,,0.48342628281092676,5.241102682793995
2491,1.192664610606833,-0.13487980722394163,,0.48927608366362396,5.242381664924711
2492,1.1923948509923852,-0.13648872721482663,,0.49510262210808453,5.243652494203843
2493,1.1921218735379555,-0.13809137932673035,,0.5009058117342808,5.244915095248425
2494,1.191845690779302,-0.13968774417538932,,0.50668556706805,5.246169393676662
2495,1.1915663152909513,-0.14127780263146275,,0.5124418035722581,5.247415316111461
2496,1.1912837596856882,-0.1428615358195005,,0.5181744376479279,5.248652790183786
2497,1.1909980366140491,-0.1444389251169085,,0.5238833866353182,5.2498817445358466
2498,1.1907091587638152,-0.14600995215290336,,0.5295685688149232,5.251102108824124
2499,1.1904171388595095,-0.14757459880745427,,0.5352299034083859,5.25231381372225
2500,1.1901219896618946,-0.14913284721022274,,0.5408673105793615,5.253516790923722
2501,1.1898237239674743,-0.150684679739491,,0.5464807114342954,5.254710973144451
2502,1.1895223546079954,-0.15223007902109276,,0.5520700280231677,5.2558962941251615
2503,1.1892178944499532,-0.1537690279273407,,0.5576351833401807,5.257072688633627
2504,1.1889103563940986,-0.15530150957594818,,0.563176101324377,5.2582400924667345
2505,1.1885997533749466,-0.156827507328937,,0.5686927068601655,5.25939844245241
2506,1.1882860983602888,-0.15834700479155137,,0.5741849257778201,5.260547676451395
2507,1.1879694043507056,-0.15985998581115082,,0.5796526848538538,5.261687733358855
2508,1.1876496843790834,-0.16136643447612098,,0.5850959118114097,5.26281855310583
2509,1.187326951510131,-0.16286633511477425,,0.5905145353205659,5.263940076660541
2510,1.1870012188399015,-0.16435967229425055,,0.5959084849985912,5.265052246029543
2511,1.186672499495313,-0.16584643081940037,,0.6012776914100837,5.266155004258725
2512,1.1863408066336742,-0.16732659573167222,,0.6066220860670769,5.267248295434157
2513,1.1860061534422108,-0.16880015230799597,,0.6119416014290756,5.26833206468278
2514,1.1856685531375948,-0.17026708605967608,,0.6172361709030775,5.269406258172968
2515,1.1853280189654753,-0.1717273827312764,,0.6225057288435112,5.270470823114932
2516,1.1849845642000127,-0.17318102829950419,,0.6277502105521144,5.271525707760975
2517,1.1846382021434136,-0.17462800897208458,,0.6329695522777267,5.272570861405598
2518,1.1842889461254695,-0.17606831118663663,,0.638163691216031,5.273606234385481
2519,1.1839368095030962,-0.1775019216095553,,0.6433325655092612,5.274631778079279
2520,1.183581805659877,-0.17892882713489758,,0.6484761142458709,5.275647444907338
2521,1.1832239480056073,-0.18034901488325925,,0.6535942774601105,5.276653188331223
2522,1.1828632499758407,-0.18176247220064878,,0.6586869961315349,5.277648962853114
2523,1.1824997250314393,-0.18316918665736645,,0.663754212184478,5.278634724015076
2524,1.1821333866581245,-0.1845691460468846,,0.6687958684874699,5.279610428398198
2525,1.1817642483660307,-0.185962338384723,,0.6738119088525791,5.280576033621555
2526,1.1813923236892612,-0.1873487519073343,,0.6788022780347321,5.2815314983410815
2527,1.1810176261854466,-0.18872837507098195,,0.683766921730951,5.282476782248273
2528,1.1806401694353046,-0.19010119655062602,,0.6887057865795556,5.283411846068796
2529,1.1802599670422034,-0.1914672052388025,,0.6936188201592861,5.284336651560938
2530,1.1798770326317258,-0.1928263902445038,,0.6985059709883693,5.285251161513926
2531,1.1794913798512368,-0.19417874089206708,,0.7033671885235554,5.286155339746147
2532,1.1791030223694525,-0.19552424672007251,,0.7082024231591266,5.287049151103202
2533,1.1787119738760123,-0.19686289748023103,,0.7130116262258126,5.287932561455868
2534,1.178318248081052,-0.19819468313627792,,0.7177947499896624,5.288805537697919
2535,1.1779218587147793,-0.19951959386285895,,0.7225517476508313,5.289668047743805
2536,1.1775228195270535,-0.2008376200444335,,0.7272825733423662,5.29052006052623
2537,1.1771211442869647,-0.20214875227417925,,0.7319871821289395,5.291361545993626
2538,1.1767168467824163,-0.2034529813529008,,0.7366655300055324,5.2921924751074805
2539,1.1763099408197104,-0.20475029828792762,,0.7413175738960217,5.293012819839563
2540,1.1759004402231346,-0.20604069429202745,,0.7459432716517582,5.293822553169014
2541,1.1754883588345506,-0.20732416078231533,,0.7505425820500716,5.294621649079352
2542,1.175073710512986,-0.208600689379175,,0.7551154647927539,5.295410082555314
2543,1.1746565091342276,-0.20987027190517182,,0.7596618805044564,5.296187829579643
2544,1.1742367685904171,-0.21113290038398727,,0.7641817907310988,5.296954867129713
2545,1.1738145027896492,-0.21238856703933784,,0.7686751579381652,5.297711173174113
2546,1.1733897256555705,-0.21363726429391314,,0.7731419455090035,5.2984567266690314
2547,1.1729624511269827,-0.21487898476830466,,0.7775821177430348,5.299191507554646
2548,1.172532693157446,-0.2161137212799504,,0.7819956398539513,5.299915496751258
2549,1.1721004657148861,-0.2173414668420736,,0.7863824779678427,5.300628676155505
2550,1.171665782781202,-0.21856221466264136,,0.7907425991213201,5.3013310286362705
2551,1.1712286583518767,-0.21977595814330741,,0.7950759712595372,5.302022538030726
2552,1.1707891064355902,-0.220982690878382,,0.799382563234233,5.302703189140034
2553,1.1703471410538335,-0.2221824066537746,,0.8036623448016293,5.303372967725159
2554,1.169902776240526,-0.22337509944597542,,0.8079152866203938,5.304031860502389
2555,1.1694560260416342,-0.22456076342102005,,0.8121413602494997,5.30467985513899
2556,1.1690069045147922,-0.22573939293347536,,0.8163405381460813,5.305316940248526
2557,1.1685554257289252,-0.22691098252540476,,0.820512793663175,5.305943105386296
2558,1.1681016037638745,-0.22807552692536395,,0.8246581010474918,5.306558341044501
2559,1.1676454527100237,-0.22923302104738363,,0.8287764354370989,5.307162638647469
2560,1.167186986667929,-0.2303834599899775,,0.8328677728591223,5.307755990546695
2561,1.166726219747949,-0.23152683903513585,,0.8369320902273443,5.308338390015855
2562,1.1662631660698788,-0.2326631536473313,,0.8409693653397844,5.3089098312457175
2563,1.165797839762584,-0.23379239947253447,,0.8449795768762536,5.309470309338921
2564,1.165330254963639,-0.23491457233722354,,0.8489627043958379,5.310019820304796
2565,1.1648604258189645,-0.23602966824742067,,0.8529187283344051,5.310558361053933
2566,1.1643883664824697,-0.2371376833877063,,0.8568476300019943,5.311085929392874
2567,1.1639140911156942,-0.23823861412025907,,0.8607493915802173,5.311602524018511
2568,1.1634376138874538,-0.23933245698388703,,0.8646239961195936,5.312108144512619
2569,1.162958948973486,-0.24041920869308211,,0.8684714275368982,5.312602791336171
2570,1.1624781105560997,-0.24149886613706506,,0.872291670612424,5.313086465823657
2571,1.1619951128238255,-0.24257142637883763,,0.8760847109872112,5.313559170177286
2572,1.1615099699710678,-0.24363688665424232,,0.8798505351602479,5.314020907461093
2573,1.1610226961977594,-0.2446952443710305,,0.8835891304856531,5.3144716815951085
2574,1.1605333057090175,-0.24574649710793808,,0.887300485169819,5.314911497349287
2575,1.1600418127148016,-0.24679064261375333,,0.8909845882684843,5.315340360337545
2576,1.159548231429574,-0.24782767880640452,,0.8946414296838124,5.3157582770115654
2577,1.1590525760719612,-0.2488576037720502,,0.8982710001614326,5.3161652546546705
2578,1.1585548608644172,-0.24988041576417244,,0.9018732912874353,5.316561301375572
2579,1.158055100032889,-0.25089611320268346,,0.9054482954853649,5.316946426102069
2580,1.1575533078064835,-0.25190469467301246,,0.9089960060130902,5.31732063857475
2581,1.1570494984171376,-0.2529061589252341,,0.9125164169597622,5.317683949340502
2582,1.156543686099287,-0.25390050487317084,,0.9160095232426452,5.318036369746145
2583,1.1560358850895407,-0.25488773159353123,,0.9194753206040046,5.318377911931849
2584,1.1555261096263536,-0.2558678383250332,,0.9229138056079098,5.31870858882463
2585,1.1550143739497036,-0.25684082446753304,,0.9263249756369926,5.319028414131718
2586,1.1545006923007686,-0.2578066895811607,,0.9297088288891809,5.319337402333837
2587,1.1539850789216062,-0.25876543338546554,,0.9330653643744311,5.3196355686785886
2588,1.1534675480548353,-0.2597170557585722,,0.9363945819114331,5.3199229291736145
2589,1.1529481139433182,-0.26066155673633656,,0.9396964821242807,5.320199500579867
2590,1.1524267908298456,-0.26159893651150296,,0.9429710664390913,5.320465300404744
2591,1.1519035929568227,-0.2625291954328731,,0.9462183370806185,5.320720346895173
2592,1.1513785345659568,-0.26345233400446927,,0.9494382970688083,5.320964659030767
2593,1.1508516298979479,-0.2643683528847245,,0.9526309502153905,5.321198256516778
2594,1.1503228931921785,-0.26527725288565357,,0.9557963011203684,5.321421159777175
2595,1.1497923386864073,-0.26617903497205114,,0.9589343551685561,5.32163338994756
2596,1.1492599806164632,-0.2670737002606859,,0.9620451185260528,5.321834968868115
2597,1.1487258332159418,-0.2679612500194947,,0.9651285981366845,5.322025919076552
2598,1.1481899107159028,-0.268841685666791,,0.9681848017184361,5.32220626380089
2599,1.1476522273445693,-0.2697150087704626,,0.9712137377598203,5.322376026952385
2600,1.1471127973270283,-0.2705812210471939,,0.9742154155162782,5.322535233118268
2601,1.146571634884934,-0.2714403243616872,,0.9771898450065417,5.322683907554555
2602,1.1460287542362106,-0.2722923207258942,,0.9801370370089918,5.322822076178842
2603,1.1454841695947588,-0.27313721229824456,,0.9830570030579618,5.322949765562997
2604,1.1449378951701623,-0.273975001382864,,0.9859497554399649,5.323067002925882
2605,1.1443899451673967,-0.2748056904288196,,0.9888153071899743,5.323173816126006
2606,1.143840333786539,-0.2756292820293722,,0.9916536720876986,5.3232702336542035
2607,1.1432890752224802,-0.2764457789212209,,0.9944648646537882,5.323356284626329
2608,1.142736183664638,-0.27725518398377313,,0.9972489001460907,5.32343199877583
2609,1.1421816732966703,-0.2780575002383908,,1.000005794555791,5.323497406446424
2610,1.1416255582961936,-0.27885273084765233,,1.00273556460356,5.323552538584613
2611,1.1410678528344984,-0.27964087911461954,,1.0054382277356946,5.323597426732299
2612,1.1405085710762692,-0.2804219484821154,,1.0081138021202598,5.323632103019375
2613,1.139947727179305,-0.28119594253200175,,1.0107623066431892,5.3236566001562275
2614,1.1393853352942411,-0.28196286498447154,,1.0133837609044125,5.323670951426338
2615,1.1388214095642721,-0.2827227196973316,,1.0159781852139114,5.323675190678811
2616,1.1382559641248775,-0.2834755106652902,,1.0185456005877536,5.323669352320853
2617,1.1376890131035469,-0.2842212420192489,,1.021086028744119,5.32365347131036
2618,1.1371205706195084,-0.2849599180256044,,1.0235994920993212,5.323627583148351
2619,1.1365506507834573,-0.2856915430855495,,1.0260860137638006,5.323591723871511
2620,1.1359792676972862,-0.28641612173439035,,1.0285456175381442,5.323545930044724
2621,1.1354064354538174,-0.2871336586408725,,1.0309783279091058,5.323490238753554
2622,1.1348321681365356,-0.287844158606481,,1.0333841700455064,5.32342468759678
2623,1.1342564798193226,-0.2885476265647559,,1.0357631697941496,5.32334931467882
2624,1.1336793845661932,-0.2892440675806158,,1.0381153536757461,5.323264158602243
2625,1.133100896431032,-0.2899334868496928,,1.0404407488808571,5.323169258460322
2626,1.1325210294573327,-0.29061588969766944,,1.042739383265807,5.323064653829495
2627,1.1319397976779373,-0.2912912815796262,,1.0450112853486173,5.32295038476195
2628,1.131357215114778,-0.29195966807936913,,1.047256484304835,5.322826491778107
2629,1.1307732957786192,-0.2926210549087691,,1.049475009963375,5.3226930158590795
2630,1.1301880536688016,-0.2932754479071003,,1.0516668928023414,5.322549998439237
2631,1.1296015027729873,-0.29392285304040805,,1.0538321639449262,5.322397481398725
2632,1.1290136570669065,-0.29456327640085384,,1.0559708551552076,5.322235507056024
2633,1.1284245305141047,-0.2951967242060882,,1.0580829988340235,5.322064118160539
2634,1.1278341370656926,-0.2958232027986099,,1.0601686280147704,5.321883357885157
2635,1.1272424906600953,-0.2964427186451167,,1.0622277763591494,5.3216932698187955
2636,1.126649605222805,-0.2970552783358683,,1.0642604781529381,5.321493897958998
2637,1.1260554946661332,-0.2976608885840677,,1.0662667683018028,5.321285286704533
2638,1.125460172888965,-0.29825955622522304,,1.068246682327026,5.321067480848016
2639,1.1248636537765146,-0.2988512882165407,,1.0702002563613258,5.320840525568561
2640,1.1242659512000817,-0.2994360916363122,,1.0721275271446362,5.320604466424474
2641,1.123667079016809,-0.3000139736832862,,1.0740285320198115,5.320359349345905
2642,1.1230670510694425,-0.30058494167604594,,1.0759033089283245,5.320105220627474
2643,1.1224658811860904,-0.30114900305239123,,1.0777518964059765,5.3198421269210066
2644,1.1218635831799857,-0.3017061653687358,,1.0795743335786383,5.319570115228246
2645,1.1212601708492482,-0.302256436299506,,1.0813706601579882,5.319289232893641
2646,1.1206556579766491,-0.30279982363655034,,1.0831409164372696,5.318999527597144
2647,1.120050058329376,-0.3033363352885332,,1.084885143286976,5.318701047347013
2648,1.1194433856587989,-0.30386597928032266,,1.0866033821504915,5.318393840472557
2649,1.1188356537002382,-0.3043887637523842,,1.0882956750397503,5.318077955616978
2650,1.1182268761727334,-0.30490469696019507,,1.0899620645309456,5.31775344173023
2651,1.117617066778813,-0.3054137872736556,,1.091602593760235,5.317420348061966
2652,1.1170062392042657,-0.305916043176505,,1.0932173064194306,5.317078724154441
2653,1.1163944071179126,-0.3064114732657441,,1.0948062467517161,5.316728619835512
2654,1.1157815841713812,-0.30690008625103377,,1.0963694595472522,5.31637008521157
2655,1.1151677839988792,-0.30738189095410184,,1.0979069901388052,5.3160031706605
2656,1.114553020216971,-0.30785689630816326,,1.0994188843974169,5.315627926824734
2657,1.1139373064243545,-0.3083251113573469,,1.1009051887280887,5.3152444046043295
2658,1.1133206562016398,-0.3087865452561113,,1.1023659500654137,5.314852655150053
2659,1.1127030831111275,-0.30924120726868976,,1.1038012158693165,5.314452729856575
2660,1.11208460069659,-0.30968910676851236,,1.1052110341206924,5.31404468035564
2661,1.111465222483053,-0.31013025323761695,,1.106595453316993,5.313628558509172
2662,1.110844961976578,-0.31056465626607127,,1.1079545224678509,5.31320441640249
2663,1.1102238326640457,-0.3109923255514088,,1.1092882910907487,5.312772306337577
2664,1.1096018480129428,-0.3114132708980574,,1.1105968092066578,5.3123322808263795
2665,1.1089790214711468,-0.3118275022167865,,1.1118801273357397,5.3118843925841865
2666,1.1083553664667132,-0.31223502952415466,,1.1131382964930454,5.311428694523031
2667,1.1077308964076649,-0.3126358629419254,,1.1143713681840892,5.310965239745074
2668,1.107105624681781,-0.31303001269649616,,1.115579394400458,5.31049408153595
2669,1.106479564656388,-0.3134174891183313,,1.1167624276154433,5.310015273358268
2670,1.1058527296781515,-0.313798302641407,,1.1179205207797134,5.309528868845134
2671,1.1052251330728686,-0.31417246380266034,,1.119053727316997,5.3090349217937325
2672,1.1045967881452634,-0.3145399832414381,,1.120162101119766,5.308533486158955
2673,1.1039677081787806,-0.31490087169894276,,1.1212456965449078,5.308024616047079
2674,1.1033379064353828,-0.315255140017659,,1.12230456840931,5.307508365709329
2675,1.1027073961553475,-0.31560279914078915,,1.123338771985487,5.306984789535576
2676,1.102076190557066,-0.3159438601116996,,1.1243483629972488,5.306453942048127
2677,1.1014443028368426,-0.3162783340733781,,1.1253333976154063,5.305915877895493
2678,1.100811746168696,-0.31660623226787277,,1.1262939324534176,5.305370651846291
2679,1.10017853370416,-0.31692756603576144,,1.1272300245631415,5.304818318783167
2680,1.0995446785720886,-0.3172423468155953,,1.1281417314304967,5.3042589336966985
2681,1.0989101938784573,-0.3175505861433239,,1.129029110971051,5.303692551679296
2682,1.0982750927061706,-0.3178522956517424,,1.129892221525697,5.303119227919206
2683,1.0976393881148672,-0.31814748706994955,,1.1307311218563683,5.302539017694554
2684,1.0970030931407273,-0.31843617222279097,,1.1315458711417157,5.301951976367498
2685,1.0963662207962817,-0.31871836303032336,,1.132336528972854,5.301358159378386
2686,1.095728784070221,-0.3189940715072834,,1.1331031553491386,5.3007576222400035
2687,1.0950907959272065,-0.31926330976251555,,1.1338458106737845,5.30015042053178
2688,1.0944522693076815,-0.3195260899984124,,1.1345645557495345,5.299536609893967
2689,1.0938132171276846,-0.3197824245103673,,1.135259451774379,5.2989162460219505
2690,1.093173652278664,-0.32003232568622436,,1.1359305603372858,5.298289384660698
2691,1.0925335876272915,-0.32027580600574107,,1.136577943413969,5.297656081599167
2692,1.09189303601528,-0.32051287804005385,,1.1372016633626796,5.297016392664808
2693,1.0912520102592,-0.3207435544511278,,1.1378017829199565,5.296370373718176
2694,1.0906105231502978,-0.3209678479911944,,1.1383783651963115,5.295718080647342
2695,1.0899685874543155,-0.32118577150219885,,1.1389314736719665,5.2950595693624605
2696,1.089326215911311,-0.32139733791524233,,1.1394611721925973,5.294394895790496
2697,1.0886834212354806,-0.3216025602500518,,1.1399675249651684,5.293724115869885
2698,1.0880402161149805,-0.32180145161443113,,1.1404505965537155,5.293047285545324
2699,1.0873966132117516,-0.3219940252037183,,1.1409104518751694,5.292364460762676
2700,1.0867526251613442,-0.322180294300251,,1.1413471561952044,5.291675697463791
2701,1.0861082645727438,-0.3223602722727916,,1.1417607751239398,5.290981051581301
2702,1.0854635440281981,-0.3225339725759701,,1.142151374611736,5.290280579033615
2703,1.0848184760830462,-0.32270140874974246,,1.1425190209450402,5.289574335719852
2704,1.0841730732655466,-0.32286259441884885,,1.1428637807422548,5.2888623775149295
2705,1.083527348076709,-0.3230175432922542,,1.143185720949555,5.288144760264744
2706,1.0828813129901245,-0.3231662691626297,,1.1434849088368593,5.287421539781313
2707,1.0822349804517992,-0.323308785905797,,1.1437614119936734,5.286692771837982
2708,1.0815883628799876,-0.3234451074801438,,1.1440152983248435,5.285958512164623
2709,1.0809414726650273,-0.32357524792608444,,1.1442466360464716,5.285218816442841
2710,1.0802943221691752,-0.3236992213655084,,1.1444554936818174,5.284473740301357
2711,1.079646923726444,-0.3238170420012235,,1.1446419400571972,5.283723339311493
2712,1.0789992896424416,-0.32392872411642254,,1.1448060442979646,5.282967668982569
2713,1.0783514321942087,-0.3240342820741456,,1.1449478758245017,5.2822067847575
2714,1.0777033636300604,-0.3241337303167036,,1.1450675043480816,5.281440742008364
2715,1.077055096169427,-0.3242270833651179,,1.1451649998667788,5.280669596031826
2716,1.0764066420026968,-0.3243143558185687,,1.1452404326614394,5.279893402044785
2717,1.0757580132910596,-0.32439556235382794,,1.1452938732916302,5.279112215180206
2718,1.0751092221663519,-0.32447071772472297,,1.1453253925916833,5.278326090482782
2719,1.0744602807309025,-0.3245398367615881,,1.1453350616667262,5.277535082904779
2720,1.0738112010573793,-0.3246029343707066,,1.1453229518887078,5.276739247302053
2721,1.0731619951886378,-0.32466002553375545,,1.1452891348924121,5.275938638429806
2722,1.0725126751375702,-0.3247111253072334,,1.1452336825714373,5.275133310938448
2723,1.0718632528869558,-0.32475624882189075,,1.1451566670742126,5.2743233193697
2724,1.071213740389312,-0.32479541128218115,,1.1450581608000951,5.273508718152599
2725,1.0705641495667477,-0.32482862796571293,,1.1449382363954856,5.272689561599599
2726,1.0699144923108164,-0.32485591422267923,,1.1447969667498938,5.271865903902842
2727,1.069264780482371,-0.32487728547532124,,1.1446344249921354,5.271037799130424
2728,1.0686150259114202,-0.32489275721736155,,1.1444506844864133,5.270205301222504
2729,1.0679652403969855,-0.3249023450134113,,1.1442458188283449,5.269368463987636
2730,1.0673154357069587,-0.32490606449841086,,1.1440199018411146,5.268527341099116
2731,1.066665623577962,-0.32490393137708357,,1.1437730075716883,5.267681986091311
2732,1.0660158157152078,-0.3248959614233591,,1.143505210286957,5.266832452356262
2733,1.065366023792361,-0.32488217047981754,,1.143216584469958,5.265978793140214
2734,1.0647162594514015,-0.3248625744571532,,1.1429072048161784,5.265121061540166
2735,1.064066534302487,-0.32483718933357897,,1.1425771462296708,5.264259310500481
2736,1.0634168599238198,-0.32480603115424156,,1.142226483819216,5.263393592809516
2737,1.0627672478615113,-0.3247691160306713,,1.1418552928946186,5.262523961096203
2738,1.06211770962945,-0.32472646014021034,,1.1414636489629675,5.261650467826911
2739,1.0614682567091696,-0.324678079725433,,1.1410516277248817,5.260773165302325
2740,1.0608189005497186,-0.32462399109360707,,1.1406193050709048,5.259892105654231
2741,1.0601696525675315,-0.32456421061612667,,1.1401667570778322,5.259007340842519
2742,1.0595205241462993,-0.3244987547279133,,1.1396940600049437,5.258118922652191
2743,1.0588715266368434,-0.3244276399268538,,1.1392012902903517,5.257226902690155
2744,1.0582226713569896,-0.32435088277322077,,1.1386885245473315,5.256331332382278
2745,1.057573969591443,-0.3242684998890926,,1.1381558395606848,5.255432262970661
2746,1.0569254325916648,-0.32418050795779046,,1.1376033122831528,5.254529745510673
2747,1.0562770715757492,-0.32408692372332215,,1.137031019831883,5.253623830868169
2748,1.0556288977283026,-0.32398776398979495,,1.1364390394848276,5.2527145697169315
2749,1.054980922200323,-0.3238830456208454,,1.1358274486771838,5.251802012535851
2750,1.0543331561090814,-0.32377278553905814,,1.1351963249978139,5.250886209606112
2751,1.0536856105380032,-0.32365700072536696,,1.1345457461856447,5.249967211008701
2752,1.0530382965365526,-0.3235357082184867,,1.1338757901261929,5.2490450666218695
2753,1.0523912251201155,-0.32340892511435315,,1.1331865348481125,5.248119826118498
2754,1.0517444072698867,-0.32327666856553705,,1.1324780585197052,5.247191538963765
2755,1.0510978539327556,-0.323138955780668,,1.131750439445479,5.2462602544128565
2756,1.0504515760211943,-0.3229958040238724,,1.131003756062745,5.245326021508409
2757,1.0498055844131466,-0.3228472306141676,,1.1302380869380932,5.244388889078148
2758,1.0491598899519183,-0.3226932529248617,,1.1294535107639225,5.243448905732716
2759,1.0485145034460686,-0.3225338883829989,,1.1286501063551269,5.242506119863298
2760,1.0478694356693026,-0.3223691544687829,,1.127827952645735,5.241560579639466
2761,1.047224697360365,-0.3221990687149715,,1.1269871286854913,5.240612333007193
2762,1.046580299222935,-0.3220236487063282,,1.1261277136366237,5.23966142768672
2763,1.0459362519255222,-0.321842912079041,,1.125249786770522,5.238707911170422
2764,1.0452925661013641,-0.32165687652010366,,1.1243534274643119,5.237751830720857
2765,1.044649252348324,-0.32146555976673497,,1.1234387151975722,5.236793233368761
2766,1.0440063212287904,-0.32126897960581097,,1.1225057295491063,5.235832165910993
2767,1.0433637832695788,-0.3210671538732745,,1.1215545501936905,5.23486867490882
2768,1.0427216489618323,-0.3208601004535327,,1.1205852568987769,5.2339028066861255
2769,1.0420799287609253,-0.3206478372789185,,1.1195979295214347,5.232934607327537
2770,1.0414386330863674,-0.3204303823290915,,1.1185926480051105,5.231964122676752
2771,1.0407977723217092,-0.32020775363041837,,1.117569492376335,5.230991398334862
2772,1.0401573568144484,-0.3199799692554096,,1.116528542741622,5.230016479658538
2773,1.0395173968759377,-0.31974704732212983,,1.1154698792843114,5.229039411758366
2774,1.0388779027812933,-0.3195090059935958,,1.114393582261411,5.228060239497476
2775,1.038238884769306,-0.31926586347720176,,1.113299732000522,5.227079007489915
2776,1.0376003530423517,-0.3190176380241555,,1.1121884088968277,5.22609576009911
2777,1.0369623177663034,-0.3187643479288816,,1.1110596934100105,5.225110541436599
2778,1.0363247890704457,-0.31850601152841024,,1.1099136660611095,5.22412339536055
2779,1.035687777047389,-0.31824264720181483,,1.1087504074295562,5.223134365474204
2780,1.0350512917529853,-0.317974273369607,,1.1075699981501086,5.222143495124623
2781,1.034415343206246,-0.31770090849313193,,1.1063725189098093,5.221150827401511
2782,1.0337799413892597,-0.31742257107402017,,1.1051580504451342,5.220156405135855
2783,1.0331450962471116,-0.31713927965358885,,1.1039266735389965,5.2191602708986835
2784,1.0325108176878044,-0.316851052812255,,1.1026784690178344,5.218162467000145
2785,1.03187711558218,-0.3165579091689436,,1.101413517748664,5.217163035488218
2786,1.031243999763842,-0.31625986738051065,,1.100131900636198,5.21616201814747
2787,1.030611480029081,-0.31595694614113284,,1.0988336986199025,5.215159456498139
2788,1.0299795661367988,-0.315649164181711,,1.0975189926710993,5.214155391795118
2789,1.0293482678084354,-0.315336540269327,,1.096187863790269,5.213149865026877
2790,1.0287175947278966,-0.31501909320663324,,1.094840393004149,5.212142916914557
2791,1.0280875565414833,-0.3146968418312589,,1.0934766613629225,5.211134587911238
2792,1.0274581628578208,-0.31436980501525674,,1.0920967499375367,5.210124918200942
2793,1.0268294232477901,-0.3140380016644979,,1.090700739816853,5.209113947697665
2794,1.026201347244461,-0.3137014507180655,,1.089288712104853,5.208101716044749
2795,1.025573944343025,-0.3133601711476735,,1.0878607479179132,5.207088262614036
2796,1.0249472240007296,-0.3130141819571081,,1.0864169283821807,5.206073626505049
2797,1.0243211956368155,-0.31266350218163147,,1.0849573346308627,5.205057846544451
2798,1.0236958686324522,-0.31230815088737335,,1.0834820478014717,5.204040961285398
2799,1.0230712523306775,-0.3119481471708066,,1.08199114903338,5.203023009006884
2800,1.0224473560363359,-0.31158351015813146,,1.0804847194650677,5.202004027713055
2801,1.0218241890160196,-0.3112142590046648,,1.078962840231426,5.200984055132768
2802,1.0212017604980101,-0.3108404128942831,,1.0774255924612435,5.199963128718975
2803,1.0205800796722215,-0.3104619910388481,,1.0758730572746513,5.1989412856481465
2804,1.0199591556901437,-0.3100790126776121,,1.07430531578054,5.19791856281998
2805,1.0193389976647884,-0.3096914970766314,,1.0727224490740064,5.196894996856978
2806,1.0187196146706352,-0.30929946352822196,,1.071124538233949,5.195870624103932
2807,1.0181010157435788,-0.30890293135037894,,1.0695116643205813,5.194845480627685
2808,1.0174832098808781,-0.30850191988614195,,1.0678839083727565,5.193819602216735
2809,1.0168662060411058,-0.30809644850306567,,1.0662413514056726,5.192793024380895
2810,1.0162500131440997,-0.30768653659263906,,1.0645840744084176,5.191765782350954
2811,1.0156346400709144,-0.3072722035696842,,1.062912158341475,5.1907379110785525
2812,1.015020095663775,-0.30685346887179715,,1.06122568413439,5.1897094452360255
2813,1.0144063887260313,-0.30643035195879226,,1.059524732683435,5.18868041921604
2814,1.0137935280221138,-0.3060028723121304,,1.0578093848492756,5.1876508671316195
2815,1.0131815222774896,-0.30557104943430896,,1.056079721454499,5.186620822816022
2816,1.012570380178621,-0.3051349028483134,,1.054335823281359,5.185590319822453
2817,1.0119601103729243,-0.3046944520970649,,1.0525777710695396,5.184559391424074
2818,1.0113507214687303,-0.304249716742808,,1.0508056455137316,5.1835280706139875
2819,1.0107422220352447,-0.3038007163665598,,1.049019527261433,5.182496390105259
2820,1.0101346206025115,-0.3033474705675787,,1.0472194969108246,5.181464382330864
2821,1.0095279256613763,-0.3028899989627674,,1.0454056350084386,5.180432079443735
2822,1.0089221456634507,-0.30242832118611046,,1.0435780220469848,5.1793995133170245
2823,1.0083172890210785,-0.301962456888116,,1.0417367384631542,5.178366715543922
2824,1.0077133641073024,-0.30149242573525975,,1.0398818646354817,5.177333717437812
2825,1.0071103792558318,-0.30101824740940397,,1.0380134808821428,5.176300550032551
2826,1.006508342761013,-0.3005399416072345,,1.0361316674588086,5.175267244082543
2827,1.0059072628777985,-0.300057528039743,,1.034236504556674,5.174233830062926
2828,1.005307147821719,-0.29957102643165173,,1.0323280723003163,5.1732003381698455
2829,1.0047080057688558,-0.2990804565208333,,1.030406450745542,5.172166798320738
2830,1.0041098448558141,-0.2985858380578017,,1.0284717198774933,5.1711332401545835
2831,1.0035126731796984,-0.2980871908051351,,1.0265239596085154,5.170099693032021
2832,1.002916498798088,-0.2975845345369146,,1.024563249776126,5.169066186035847
2833,1.0023213297290143,-0.29707788903817406,,1.0225896701410215,5.168032747971311
2834,1.001727173950938,-0.2965672741043798,,1.0206033003851847,5.166999407366371
2835,1.001134039402729,-0.2960527095408792,,1.0186042201099277,5.165966192472197
2836,1.0005419339836472,-0.2955342151623272,,1.0165925088338603,5.164933131263593
2837,0.9999508655533226,-0.2950118107921772,,1.0145682459910819,5.163900251439358
2838,0.9993608419317382,-0.29448551626214853,,1.0125315109293205,5.162867580422753
2839,0.9987718708992139,-0.29395535141164025,,1.0104823829078833,5.161835145361883
2840,0.9981839601963907,-0.2934213360872124,,1.0084209410958782,5.160802973130328
2841,0.9975971175242162,-0.2928834901420688,,1.006347264570424,5.159771090327503
2842,0.9970113505439321,-0.2923418334355146,,1.0042614323148047,5.158739523279228
2843,0.996426666877061,-0.2917963858324115,,1.0021635232166362,5.157708298038399
2844,0.9958430741053962,-0.2912471672026584,,1.0000536160661084,5.156677440385436
2845,0.9952605797709908,-0.29069419742068264,,0.9979317895542908,5.1556469758288905
2846,0.9946791913761495,-0.2901374963648937,,0.9957981222713235,5.154616929606096
2847,0.9940989163834196,-0.2895770839171253,,0.9936526927045631,5.153587326683689
2848,0.9935197622155854,-0.2890129799621695,,0.991495579237079,5.152558191758348
2849,0.992941736255661,-0.28844520438723587,,0.9893268601458831,5.151529549257358
2850,0.9923648458468864,-0.28787377708141404,,0.9871466136002002,5.150501423339354
2851,0.9917890982927235,-0.28729871793517786,,0.9849549176598882,5.149473837895062
2852,0.9912145008568531,-0.28672004683988184,,0.9827518502738294,5.148446816547899
2853,0.9906410607631734,-0.28613778368723963,,0.9805374892782865,5.147420382654768
2854,0.9900687851957989,-0.2855519483687944,,0.9783119123952417,5.14639455930683
2855,0.9894976812990612,-0.2849625607754181,,0.9760751972308233,5.145369369330123
2856,0.9889277561775104,-0.28436964079683624,,0.9738274212738649,5.144344835286483
2857,0.9883590168959167,-0.28377320832108854,,0.9715686618942256,5.143320979474261
2858,0.9877914704792744,-0.28317328323402646,,0.9692989963412655,5.142297823929142
2859,0.9872251239128064,-0.2825698854188532,,0.9670185017424728,5.141275390425035
2860,0.9866599841419686,-0.28196303475560835,,0.9647272551019006,5.140253700474815
2861,0.9860960580724574,-0.2813527511206566,,0.9624253332986406,5.13923277533123
2862,0.985533352570216,-0.2807390543862102,,0.9601128130854187,5.13821263598778
2863,0.9849718744614435,-0.2801219644198372,,0.9577897710871359,5.13719330317945
2864,0.9844116305326038,-0.2795015010839861,,0.9554562837995046,5.136174797383789
2865,0.9838526275304358,-0.27887768423546977,,0.9531124275875309,5.135157138821707
2866,0.9832948721619649,-0.2782505337250088,,0.9507582786842151,5.134140347458396
2867,0.9827383710945148,-0.2776200693967679,,0.9483939131892486,5.133124443004346
2868,0.9821831309557212,-0.2769863110878504,,0.9460194070675586,5.132109444916203
2869,0.9816291583335455,-0.2763492786278201,,0.9436348361479645,5.131095372397735
2870,0.9810764597762898,-0.27570899183825764,,0.9412402761219648,5.130082244400852
2871,0.9805250417926132,-0.27506547053226627,,0.9388358025423421,5.129070079626448
2872,0.9799749108515486,-0.2744187345140118,,0.9364214908219192,5.128058896525552
2873,0.9794260733825206,-0.27376880357825367,,0.9339974162322732,5.127048713300238
2874,0.9788785357753641,-0.2731156975098957,,0.9315636539025275,5.126039547904618
2875,0.9783323043803442,-0.27245943608353346,,0.929120278818154,5.125031418045979
2876,0.9777873855081771,-0.27180003906297306,,0.9266673658196647,5.124024341185706
2877,0.9772437854300512,-0.27113752620078796,,0.9242049896014534,5.123018334540327
2878,0.9767015103776496,-0.27047191723788805,,0.9217332247106892,5.122013415082662
2879,0.9761605665431738,-0.26980323190303696,,0.9192521455460253,5.121009599542727
2880,0.9756209600793677,-0.2691314899124222,,0.9167618263565139,5.120006904408928
2881,0.9750826970995429,-0.26845671096922097,,0.9142623412405029,5.119005345929111
2882,0.9745457836776044,-0.2677789147631517,,0.9117537641444892,5.118004940111599
2883,0.9740102258480781,-0.2670981209700447,,0.9092361688620574,5.117005702726413
2884,0.973476029606138,-0.26641434925139784,,0.9067096290327563,5.116007649306279
2885,0.9729432009076352,-0.26572761925394905,,0.9041742181410444,5.115010795147717
2886,0.9724117456691272,-0.26503795060926016,,0.9016300095152961,5.114015155312293
2887,0.9718816697679087,-0.2643453629332637,,0.8990770763266583,5.113020744627583
2888,0.9713529790420421,-0.2636498758258572,,0.8965154915881014,5.112027577688401
2889,0.9708256792903903,-0.2629515088704928,,0.8939453281534546,5.111035668857988
2890,0.9702997762726493,-0.26225028163374114,,0.8913666587163436,5.110045032269036
2891,0.9697752757093818,-0.2615462136648924,,0.8887795558092835,5.109055681824984
2892,0.969252183282052,-0.2608393244955427,,0.8861840918027113,5.108067631201101
2893,0.9687305046330609,-0.26012963363917574,,0.8835803389040093,5.107080893845631
2894,0.9682102453657825,-0.2594171605907739,,0.8809683691566463,5.106095482981071
2895,0.9676914110446009,-0.25870192482639975,,0.8783482544392041,5.10511141160524
2896,0.9671740071949481,-0.25798394580280176,,0.8757200664645055,5.1041286924925
2897,0.9666580393033424,-0.2572632429570313,,0.8730838767787892,5.103147338195042
2898,0.9661435128174283,-0.25653983570603034,,0.8704397567607717,5.102167361043947
2899,0.9656304331460162,-0.2558137434462572,,0.8677877776208615,5.101188773150491
2900,0.9651188056591236,-0.25508498555329845,,0.8651280104003233,5.100211586407339
2901,0.9646086356880169,-0.25435358138147035,,0.862460525970406,5.099235812489695
2902,0.964099928525254,-0.25361955026345523,,0.8597853950316057,5.098261462856611
2903,0.963592689424727,-0.25288291150991893,,0.8571026881128594,5.097288548752167
2904,0.9630869236017071,-0.2521436844091243,,0.8544124755707285,5.0963170812066485
2905,0.9625826362328889,-0.25140188822657566,,0.8517148275887007,5.095347071037867
2906,0.9620798324564357,-0.2506575422046459,,0.8490098141764302,5.0943785288523555
2907,0.9615785173720264,-0.24991066556221195,,0.8462975051690076,5.093411465046581
2908,0.9610786960409019,-0.2491612774942936,,0.8435779702262529,5.092445889808242
2909,0.9605803734859133,-0.24840939717168525,,0.8408512788319797,5.091481813117451
2910,0.9600835546915699,-0.2476550437406138,,0.8381175002933563,5.090519244748015
2911,0.9595882446040886,-0.24689823632238608,,0.8353767037402385,5.089558194268726
2912,0.9590944481314438,-0.24613899401301934,,0.832628958124433,5.088598671044501
2913,0.9586021701434178,-0.24537733588290853,,0.8298743322191069,5.087640684237717
2914,0.9581114154716519,-0.24461328097650298,,0.8271128946182286,5.086684242809536
2915,0.9576221889096989,-0.24384684831193754,,0.8243447137358398,5.085729355521011
2916,0.9571344952130749,-0.2430780568807043,,0.8215698578054903,5.084776030934441
2917,0.9566483390993135,-0.24230692564732179,,0.8187883948796566,5.083824277414641
2918,0.9561637252480187,-0.24153347354901233,,0.8160003928291897,5.0828741031301705
2919,0.9556806583009206,-0.24075771949536884,,0.8132059193427341,5.081925516054654
2920,0.9551991428619299,-0.23997968236801764,,0.8104050419261303,5.080978523967976
2921,0.9547191834971938,-0.23919938102030647,,0.8075978279019047,5.08003313445755
2922,0.9542407847351532,-0.23841683427701926,,0.8047843444088718,5.079089354919767
2923,0.9537639510665991,-0.23763206093401784,,0.8019646584014549,5.078147192561032
2924,0.953288686944731,-0.2368450797579376,,0.7991388366492173,5.077206654399106
2925,0.9528149967852151,-0.23605590948589933,,0.7963069457364503,5.076267747264458
2926,0.9523428849662433,-0.2352645688252097,,0.7934690520617169,5.075330477801518
2927,0.9518723558285929,-0.23447107645303514,,0.7906252218373029,5.074394852469881
2928,0.9514034136756868,-0.23367545101610612,,0.7877755210887806,5.073460877545606
2929,0.9509360627736546,-0.2328777111304336,,0.7849200156546124,5.072528559122489
2930,0.9504703073513937,-0.23207787538103952,,0.7820587711858137,5.071597903113449
2931,0.9500061516006316,-0.23127596232163417,,0.779191853145414,5.070668915251657
2932,0.9495435996759883,-0.2304719904743235,,0.7763193268080327,5.069741601091757
2933,0.9490826556950397,-0.22966597832936017,,0.7734412572596177,5.068815966011317
2934,0.948623323738381,-0.2288579443448768,,0.7705577093971131,5.06789201521212
2935,0.9481656078496912,-0.22804790694656116,,0.7676687479279177,5.066969753721237
2936,0.947709512035798,-0.22723588452740043,,0.7647744373695958,5.066049186392365
2937,0.9472550402667432,-0.2264218954474336,,0.7618748420496195,5.065130317907211
2938,0.9468021964758483,-0.2256059580334931,,0.7589700261050654,5.0642131527767225
2939,0.9463509845597813,-0.22478809057891216,,0.7560600534821943,5.063297695342302
2940,0.9459014083786235,-0.2239683113432572,,0.7531449879361135,5.062383949776976
2941,0.945453471755937,-0.22314663855210656,,0.7502248930306136,5.06147192008683
2942,0.9450071784788328,-0.22232309039681725,,0.7472998321379641,5.060561610112375
2943,0.9445625322980391,-0.2214976850342148,,0.7443698684384162,5.059653023529505
2944,0.9441195369279707,-0.2206704405863599,,0.7414350649199937,5.05874616385082
2945,0.9436781960467979,-0.21984137514034235,,0.7384954843783861,5.057841034427076
2946,0.9432385132965172,-0.2190105067480462,,0.73555118941673,5.056937638448449
2947,0.9428004922830211,-0.21817785342586554,,0.7326022424452052,5.05603597894554
2948,0.9423641365761694,-0.2173434331544795,,0.7296487056808547,5.055136058790683
2949,0.9419294497098604,-0.21650726387865082,,0.726690641147488,5.054237880699321
2950,0.941496435182103,-0.21566936350701738,,0.7237281106755569,5.053341447231363
2951,0.941065096455089,-0.21482974991181977,,0.7207611759017921,5.052446760792166
2952,0.9406354369552653,-0.21398844092867075,,0.7177898982689959,5.051553823633721
2953,0.9402074600734079,-0.2131454543563878,,0.7148143390260664,5.050662637856165
2954,0.9397811691646951,-0.21230080795679662,,0.7118345592279147,5.0497732054091164
2955,0.9393565675487815,-0.21145451945445126,,0.7088506197350626,5.048885528092502
2956,0.9389336585098725,-0.2106066065364389,,0.7058625812135637,5.047999607557875
2957,0.9385124452967997,-0.20975708685221098,,0.7028705041350143,5.047115445309833
2958,0.9380929311230952,-0.2089059780134008,,0.6998744487765165,5.046233042707353
2959,0.9376751191670684,-0.20805329759357155,,0.6968744752203734,5.045352400964696
2960,0.9372590125718812,-0.20719906312801223,,0.6938706433539695,5.044473521152583
2961,0.9368446144456251,-0.206343292113587,,0.6908630128698416,5.043596404199644
2962,0.9364319278613978,-0.2054860020085808,,0.6878516432657386,5.042721050893834
2963,0.9360209558573807,-0.20462721023244604,,0.6848365938443055,5.041847461883239
2964,0.9356117014369157,-0.20376693416560757,,0.6818179237129844,5.040975637677191
2965,0.9352041675685845,-0.2029051911493321,,0.6787956917841564,5.040105578647778
2966,0.9347983571862858,-0.20204199848558518,,0.6757699567752329,5.039237285031244
2967,0.9343942731893146,-0.20117737343678707,,0.6727407772083636,5.0383707569287335
2968,0.933991918442441,-0.20031133322563946,,0.6697082114104126,5.037505994307469
2969,0.9335912957759896,-0.19944389503498708,,0.6666723175130574,5.036642997002108
2970,0.9331924079859196,-0.19857507600770474,,0.6636331534529872,5.035781764716263
2971,0.9327952578339042,-0.1977048932464748,,0.6605907769716801,5.034922297023271
2972,0.9323998480474112,-0.19683336381359995,,0.6575452456153145,5.034064593367182
2973,0.932006181319784,-0.1959605047308836,,0.6544966167349311,5.033208653064152
2974,0.9316142603103221,-0.1950863329795387,,0.6514449474867008,5.032354475304024
2975,0.931224087644363,-0.1942108654999766,,0.6483902948317345,5.031502059151061
2976,0.9308356659133631,-0.19333411919162397,,0.645332715535998,5.030651403544853
2977,0.9304489976749798,-0.19245611091281936,,0.6422722661705249,5.029802507301748
2978,0.9300640854531541,-0.1915768574807269,,0.639209003111689,5.028955369116347
2979,0.9296809317381927,-0.19069637567115788,,0.6361429825411282,5.028109987562369
2980,0.9292995389868504,-0.18981468221838868,,0.6330742604456497,5.027266361093469
2981,0.9289199096224136,-0.18893179381504957,,0.6300028926174018,5.026424488044502
2982,0.9285420460347834,-0.18804772711206397,,0.6269289346542328,5.025584366633136
2983,0.9281659505805593,-0.18716249871850096,,0.6238524419597162,5.024745994960806
2984,0.9277916255831222,-0.18627612520138137,,0.620773469743001,5.023909371013356
2985,0.9274190733327194,-0.1853886230855797,,0.6176920730190198,5.023074492662285
2986,0.9270482960865483,-0.18450000885377488,,0.6146083066088758,5.022241357666332
2987,0.9266792960688407,-0.18361029894633266,,0.6115222251399702,5.02140996367258
2988,0.926312075470948,-0.1827195097611109,,0.6084338830458372,5.020580308216949
2989,0.9259466364514257,-0.18182765765337114,,0.6053433345663721,5.019752388725425
2990,0.9255829811361189,-0.18093475893571967,,0.6022506337481718,5.01892620251549
2991,0.9252211116182475,-0.1800408298780394,,0.599155834444835,5.01810174679749
2992,0.9248610299584914,-0.1791458867072985,,0.596058990316794,5.017279018675019
2993,0.9245027381850768,-0.17824994560745047,,0.592960154831489,5.016458015145981
2994,0.9241462382938619,-0.17735302271938952,,0.5898593812637452,5.015638733104018
2995,0.9237915322484231,-0.1764551341409155,,0.5867567226961878,5.01482116934003
2996,0.9234386219801413,-0.1755562959265542,,0.5836522320191001,5.014005320542542
2997,0.9230875093882881,-0.17465652408745025,,0.5805459619305594,5.013191183298593
2998,0.9227381963401132,-0.1737558345913274,,0.5774379649368183,5.012378754095125
2999,0.9223906846709305,-0.17285424336246924,,0.5743282933527629,5.011568029320514
3000,0.9220449761842056,-0.1719517662815779,,0.5712169993019042,5.010759005265123
3001,0.9217010726516424,-0.17104841918565372,,0.5681041347164478,5.009951678121982
3002,0.9213589758132711,-0.17014421786795114,,0.5649897513376462,5.009146043988057
3003,0.9210186873775351,-0.16923917807798142,,0.5618739007163225,5.008342098865828
3004,0.9206802090213791,-0.1683333155214183,,0.5587566342130262,5.007539838664119
3005,0.9203435423903363,-0.16742664585995362,,0.5556380029979978,5.006739259198494
3006,0.9200086890986164,-0.1665191847112565,,0.5525180580515182,5.005940356192426
3007,0.9196756507291939,-0.16561094764898235,,0.5493968501644404,5.005143125278833
3008,0.9193444288338959,-0.16470195020272177,,0.5462744299384962,5.0043475620011835
3009,0.9190150249334904,-0.16379220785785426,,0.5431508477862362,5.003553661813742
3010,0.9186874405177747,-0.16288173605550538,,0.5400261539313578,5.002761420082608
3011,0.9183616770456637,-0.1619705501925459,,0.5369003984091848,5.001970832087107
3012,0.9180377359452786,-0.1610586656215948,,0.533773631067162,5.001181893021208
3013,0.9177156186140354,-0.16014609765088533,,0.530645901564827,5.000394597993755
3014,0.9173953264187336,-0.1592328615442016,,0.5275172593740445,4.999608942029254
3015,0.9170768606956451,-0.15831897252087473,,0.5243877537794636,4.998824920069156
3016,0.9167602227506033,-0.1574044457558202,,0.5212574338791213,4.998042526973423
3017,0.9164454138590916,-0.15648929637943593,,0.5181263485845216,4.997261757520946
3018,0.9161324352663327,-0.1555735394775143,,0.5149945466207662,4.996482606410051
3019,0.9158212881873776,-0.154657190091245,,0.5118620765270158,4.995705068259688
3020,0.9155119738071951,-0.15374026321725248,,0.5087289866570815,4.9949291376109235
3021,0.9152044932807606,-0.15282277380756099,,0.5055953251797405,4.994154808927827
3022,0.9148988477331454,-0.15190473676948435,,0.5024611400787657,4.9933820765976575
3023,0.9145950382596064,-0.1509861669656218,,0.4993264791533466,4.9926109349319026
3024,0.9142930659256752,-0.15006707921388548,,0.4961913900186307,4.991841378167632
3025,0.9139929317672474,-0.1491474882875322,,0.49305592010626925,4.991073400468812
3026,0.9136946367906723,-0.14822740891504674,,0.4899201166644109,4.9903069959263515
3027,0.9133981819728422,-0.14730685578012015,,0.48678402675804255,4.989542158558914
3028,0.9131035682612819,-0.14638584352167858,,0.48364769726951773,4.98877888231416
3029,0.9128107965742386,-0.14546438673394718,,0.48051117489920864,4.988017161070242
3030,0.9125198678007707,-0.14454249996637478,,0.4773745061656361,4.987256988636091
3031,0.9122307828008379,-0.1436201977235813,,0.47423773740568487,4.986498358751904
3032,0.9119435424053908,-0.14269749446538377,,0.47110091477510135,4.985741265090222
3033,0.91165814741646,-0.14177440460685975,,0.4679640842491332,4.984985701257375
3034,0.9113745986072462,-0.1408509425183453,,0.4648272916229142,4.984231660794306
3035,0.9110928967222095,-0.13992712252535144,,0.4616905825115515,4.983479137176671
3036,0.9108130424771588,-0.13900295890858186,,0.45855400235057653,4.982728123815786
3037,0.9105350365593416,-0.13807846590399048,,0.4554175963965482,4.98197861405992
3038,0.9102588796275336,-0.1371536577028449,,0.45228140972766406,4.9812306011955565
3039,0.9099845723121279,-0.13622854845164442,,0.44914548724383774,4.980484078447436
3040,0.9097121152152247,-0.13530315225211434,,0.44600987366705236,4.979739038979228
3041,0.9094415089107204,-0.13437748316125997,,0.4428746135419298,4.978995475894653
3042,0.9091727539443979,-0.13345155519144936,,0.43973975123640363,4.978253382238886
3043,0.908905850834015,-0.1325253823103881,,0.436605330941989,4.9775127509989945
3044,0.9086408000693942,-0.131598978441077,,0.43347139667398715,4.976773575104179
3045,0.9083776021125121,-0.13067235746185873,,0.430337992272013,4.976035847426776
3046,0.9081162573975884,-0.1297455332064972,,0.4272051614006409,4.9752995607835455
3047,0.9078567663311754,-0.12881851946423328,,0.4240729475499559,4.97456470793668
3048,0.907599129292247,-0.1278913299797183,,0.42094139403565556,4.973831281593776
3049,0.9073433466322876,-0.12696397845304508,,0.4178105439995076,4.973099274408632
3050,0.9070894186753815,-0.126036478539819,,0.41468044040994695,4.972368678982339
3051,0.9068373457183019,-0.12510884385125384,,0.4115511260627626,4.971639487864599
3052,0.9065871280305994,-0.12418108795413811,,0.4084226435813054,4.97091169355391
3053,0.9063387658546911,-0.12325322437083315,,0.4052950354168097,4.970185288497965
3054,0.9060922594059494,-0.12232526657933508,,0.40216834384894456,4.969460265094607
3055,0.9058476088727907,-0.12139722801337559,,0.3990426109865023,4.96873661569311
3056,0.905604814416764,-0.12046912206246929,,0.39591787876788836,4.96801433259495
3057,0.905363876172639,-0.11954096207187515,,0.3927941889612943,4.967293408053822
3058,0.9051247942484952,-0.11861276134264741,,0.3896715831651968,4.966573834276441
3059,0.9048875687258099,-0.11768453313172522,,0.38655010280898905,4.96585560342361
3060,0.9046521996595465,-0.11675629065203143,,0.3834297891536453,4.965138707611415
3061,0.9044186870782424,-0.1158280470724522,,0.38031068329194784,4.96442313891133
3062,0.9041870309840975,-0.11489981551785887,,0.3771928261488635,4.963708889350643
3063,0.9039572313530617,-0.11397160906918595,,0.3740762584821224,4.962995950913403
3064,0.9037292881349234,-0.11304344076354039,,0.370961020882904,4.962284315541601
3065,0.9035032012533963,-0.11211532359425883,,0.36784715377633076,4.96157397513584
3066,0.9032789706062078,-0.11118727051088684,,0.36473469742167997,4.960864921555383
3067,0.903056596065186,-0.11025929441924989,,0.36162369191292,4.960157146618906
3068,0.9028360774763474,-0.10933140818154986,,0.3585141771793396,4.959450642105531
3069,0.9026174146599844,-0.10840362461647515,,0.3554061929862175,4.958745399755912
3070,0.9024006074107515,-0.10747595649919789,,0.35229977893508685,4.958041411272347
3071,0.9021856554977531,-0.10654841656141066,,0.34919497446413444,4.957338668319172
3072,0.9019725586646302,-0.10562101749141199,,0.3460918188487779,4.956637162523647
3073,0.9017613166296474,-0.10469377193422957,,0.342990351202368,4.95593688547706
3074,0.901551929085779,-0.10376669249168834,,0.33989061047669356,4.955237828735391
3075,0.9013443957007956,-0.10283979172240776,,0.33679263546222965,4.954539983819325
3076,0.9011387161173507,-0.10191308214188477,,0.33369646478868753,4.953843342214978
3077,0.900934889953067,-0.10098657622259588,,0.3306021369256324,4.953147895374822
3078,0.9007329168006218,-0.10006028639411732,,0.32750969018316073,4.952453634718718
3079,0.9005327962278337,-0.09913422504314562,,0.32441916271221827,4.95176055163408
3080,0.9003345277777474,-0.09820840451354104,,0.32133059250499757,4.9510686374762
3081,0.9001381109687203,-0.09728283710642233,,0.3182440173955181,4.950377883569067
3082,0.8999435452945075,-0.09635753508029218,,0.31515947506030695,4.949688281206355
3083,0.8997508302243469,-0.0954325106511282,,0.3120770030189566,4.948999821652147
3084,0.8995599652030446,-0.09450777599239842,,0.3089966386344106,4.948312496140946
3085,0.8993709496510598,-0.09358334323514188,,0.30591841911347933,4.947626295878295
3086,0.8991837829645896,-0.0926592244680781,,0.3028423815074538,4.946941212041611
3087,0.8989984645156535,-0.09173543173773908,,0.2997685627127951,4.946257235781173
3088,0.898814993652178,-0.09081197704851594,,0.2966969994715204,4.945574358220399
3089,0.8986333696980809,-0.0898888723627019,,0.29362772837157225,4.944892570456062
3090,0.8984535919533555,-0.08896612960059762,,0.29056078584740663,4.944211863559036
3091,0.8982756596941543,-0.08804376064063116,,0.2874962081806284,4.943532228575154
3092,0.8980995721728731,-0.0871217773194787,,0.2844340315006246,4.942853656526017
3093,0.8979253286182342,-0.08620019143209016,,0.28137429178486256,4.942176138409027
3094,0.89775292823537,-0.08527901473177353,,0.2783170248593912,4.941499665197895
3095,0.8975823702059065,-0.08435825893030621,,0.2752622663994346,4.940824227843364
3096,0.8974136536880459,-0.08343793569807127,,0.2722100519300689,4.94014981727413
3097,0.8972467778166499,-0.08251805666413718,,0.26916041682669933,4.939476424397285
3098,0.8970817417033216,-0.08159863341630104,,0.2661133963154052,4.938804040098428
3099,0.896918544436489,-0.08067967750119383,,0.26306902547350197,4.938132655242295
3100,0.8967571850814866,-0.07976120042440331,,0.26002733923015975,4.9374622606735254
3101,0.8965976626806378,-0.07884321365060595,,0.25698837236705097,4.936792847217492
3102,0.8964399762533366,-0.07792572860362315,,0.2539521595187301,4.93612440568046
3103,0.8962841247961294,-0.07700875666649556,,0.2509187351730765,4.935456926849922
3104,0.8961301072827964,-0.07609230918160166,,0.24788813367188628,4.934790401495256
3105,0.8959779226644332,-0.07517639745078468,,0.2448603892114924,4.934124820368507
3106,0.8958275698695317,-0.0742610327354719,,0.24183553584335307,4.933460174205026
3107,0.8956790478040608,-0.07334622625672196,,0.23881360747438993,4.932796453723535
3108,0.8955323553515474,-0.07243198919532495,,0.23579463786750549,4.932133649626622
3109,0.8953874913731568,-0.07151833269192188,,0.2327786606421669,4.931471752601394
3110,0.8952444547077729,-0.07060526784714716,,0.22976570927506343,4.930810753320276
3111,0.8951032441720786,-0.06969280572171821,,0.22675581710058076,4.930150642441389
3112,0.8949638585606352,-0.06878095733650387,,0.22374901731119892,4.929491410608719
3113,0.8948262966459622,-0.0678697336726362,,0.22074534295803788,4.928833048452685
3114,0.894690557178617,-0.06695914567163996,,0.21774482695146172,4.928175546590792
3115,0.8945566388872738,-0.06604920423556798,,0.2147475020616989,4.927518895628358
3116,0.8944245404788027,-0.06513992022707502,,0.21175340091925,4.926863086158699
3117,0.8942942606383486,-0.06423130446950487,,0.20876255601533805,4.926208108763445
3118,0.8941657980294097,-0.06332336774700906,,0.20577499970246607,4.925553954013111
3119,0.8940391512939156,-0.06241612080468151,,0.20279076419502529,4.924900612467764
3120,0.8939143190523063,-0.06150957434869043,,0.19980988156989066,4.924248074677626
3121,0.893791299903609,-0.060603739046340824,,0.1968323837667785,4.923596331183184
3122,0.8936700924255163,-0.05969862552618569,,0.19385830258876746,4.922945372515627
3123,0.893550695174464,-0.058794244378149306,,0.19088766970285848,4.922295189197405
3124,0.8934331066857076,-0.0578906061536659,,0.18792051664058457,4.921645771742885
3125,0.8933173254734004,-0.0569877213657908,,0.1849568747985247,4.9209971106588055
3126,0.8932033500306689,-0.05608560048927601,,0.1819967754386936,4.920349196444402
3127,0.8930911788296904,-0.05518425396068816,,0.1790402496890752,4.919702019591912
3128,0.892980810321769,-0.05428369217853561,,0.1760873285441832,4.919055570587111
3129,0.892872242937412,-0.05338392550340664,,0.17313804286565773,4.918409839909949
3130,0.8927654750864051,-0.05248496425807444,,0.17019242338274573,4.9177648180348665
3131,0.892660505157889,-0.051586818727579226,,0.16725050069270367,4.917120495431003
3132,0.8925573315204338,-0.05068949915935927,,0.16431230526136245,4.916476862562714
3133,0.8924559525221152,-0.04979301576337759,,0.16137786742367596,4.915833909890116
3134,0.8923563664905885,-0.04889737871226019,,0.15844721738430562,4.915191627869644
3135,0.892258571733164,-0.048002598141385994,,0.15552038521804037,4.914550006954293
3136,0.8921625665368813,-0.047108684148987244,,0.15259740087024995,4.9139090375939
3137,0.8920683491685834,-0.04621564679627901,,0.14967829415743367,4.913268710235648
3138,0.8919759178749909,-0.0453234961075877,,0.14676309476776464,4.912629015324586
3139,0.8918852708827757,-0.044432242070485704,,0.14385183226165024,4.9119899433041345
3140,0.8917964063986348,-0.04354189463588571,,0.1409445360721571,4.911351484616303
3141,0.8917093226093631,-0.04265246371814339,,0.13804123550546155,4.9107136297019975
3142,0.8916240176819268,-0.041763959195194184,,0.1351419597414124,4.910076369001545
3143,0.8915404897635364,-0.04087639090868394,,0.13224673783407093,4.909439692955185
3144,0.8914587369817191,-0.03998976866409539,,0.1293555987122343,4.9088035920035
3145,0.8913787574443909,-0.039104102230837094,,0.1264685711798325,4.908168056587619
3146,0.8913005492399293,-0.038219401342360605,,0.12358568391641767,4.907533077149573
3147,0.8912241104372446,-0.037335675696295575,,0.12070696547771044,4.906898644132805
3148,0.8911494390858521,-0.03645293495457707,,0.11783244429611882,4.906264747982614
3149,0.8910765332159429,-0.035571188743570153,,0.11496214868124557,4.9056313791465564
3150,0.8910053908384559,-0.03469044665416677,,0.11209610682030186,4.904998528074663
3151,0.8909360099451475,-0.03381071824190405,,0.10923434677859005,4.904366185219793
3152,0.8908683885086638,-0.03293201302710094,,0.10637689650004613,4.903734341038141
3153,0.8908025244826097,-0.032054340494984596,,0.10352378380774495,4.903102985989646
3154,0.8907384158016197,-0.031177710095811984,,0.10067503640438862,4.902472110538368
3155,0.8906760603814281,-0.030302131244963327,,0.09783068187269953,4.901841705152675
3156,0.8906154561189382,-0.029427613323070347,,0.09499074767592715,4.901211760305649
3157,0.8905566008922922,-0.02855416567614809,,0.09215526115836419,4.900582266475553
3158,0.89049949256094,-0.027681797615719147,,0.08932424954583616,4.899953214146203
3159,0.8904441289657086,-0.02681051841893602,,0.08649773994618258,4.899324593807339
3160,0.8903905079288708,-0.02594033732867986,,0.08367575934965871,4.8986963959548
3161,0.8903386272542134,-0.02507126355368995,,0.08085833462943724,4.89806861109097
3162,0.8902884847271061,-0.024203306268692486,,0.07804549254210569,4.897441229725193
3163,0.8902400781145687,-0.023336474614527043,,0.07523725972815368,4.896814242374134
3164,0.8901934051653397,-0.022470777698265384,,0.07243366271243425,4.896187639562124
3165,0.8901484636099433,-0.021606224593303955,,0.06963472790453662,4.895561411821326
3166,0.8901052511607567,-0.020742824339505812,,0.06684048159931996,4.894935549692231
3167,0.8900637655120777,-0.01988058594331736,,0.06405094997736228,4.8943100437239675
3168,0.8900240043401911,-0.01901951837790329,,0.06126615910546724,4.893684884474732
3169,0.8899859653034354,-0.018159630583252272,,0.058486134937073865,4.893060062512045
3170,0.889949646042269,-0.01730093146628683,,0.055710903312678126,4.892435568412987
3171,0.8899150441793365,-0.01644342990100025,,0.052940489960341584,4.891811392764675
3172,0.8898821573195346,-0.015587134728566873,,0.05017492049611095,4.891187526164506
3173,0.8898509830500775,-0.014732054757481195,,0.04741422042453029,4.890563959220637
3174,0.8898215189405626,-0.013878198763656101,,0.044658415139018436,4.889940682552158
3175,0.8897937625430353,-0.013025575490540725,,0.04190752992230866,4.889317686789401
3176,0.8897677113920544,-0.012174193649246729,,0.03916158994691456,4.888694962574351
3177,0.8897433630047559,-0.01132406191866154,,0.03642062027555135,4.888072500560877
3178,0.8897207148809186,-0.010475188945589943,,0.03368464586164824,4.887450291415265
3179,0.8896997645030276,-0.009627583344842388,,0.030953691549685695,4.886828325816244
3180,0.8896805093363379,-0.008781253699369981,,0.028227782075683515,4.88620659445552
3181,0.8896629468289392,-0.0079362085603722,,0.02550694206759805,4.885585088037901
3182,0.8896470744118186,-0.007092456447424056,,0.022791196045781788,4.8849637972818005
3183,0.8896328894989238,-0.00625000584860133,,0.02008056842343436,4.884342712919471
3184,0.8896203894872267,-0.005408865220578268,,0.017375083506963682,4.883721825697298
3185,0.8896095717567856,-0.00456904298875904,,0.014674765496454335,4.883101126376087
3186,0.8896004336708081,-0.0037305475473725746,,0.011979638486016785,4.882480605731365
3187,0.8895929725757135,-0.0028933872596174776,,0.009289726464296115,4.881860254553734
3188,0.8895871858011943,-0.0020575704577648164,,0.006605053314843943,4.881240063649214
3189,0.8895830706602789,-0.0012231054432772026,,0.003925642816541101,4.8806200238394055
3190,0.8895806244493923,-0.0003900004869153189,,0.0012515186439788952,4.880000125961923
3191,0.8895798444484185,0.0004417361711412722,,-0.0014172956321153402,4.8793803608705115
3192,0.8895807279207609,0.001272096321168057,,-0.004080776544437091,4.878760719435627
3193,0.8895832721134034,0.002101071783797482,,-0.0067389007287547275,4.878141192544431
3194,0.889587474256971,0.002928654409890371,,-0.009391644923463104,4.877521771101355
3195,0.8895933315657909,0.0037548360804425967,,-0.01203898596925138,4.876902446028106
3196,0.8896008412379518,0.0045796087064513885,,-0.014680900808642964,4.876283208264203
3197,0.8896100004553648,0.00540296422881914,,-0.017317366485656772,4.875664048767106
3198,0.8896208063838225,0.006224894618225448,,-0.019948360145368133,4.875044958512599
3199,0.889633256173059,0.007045391875019256,,-0.022573859033535346,4.874425928495056
3200,0.8896473469568091,0.00786444802911728,,-0.02519384049624742,4.873806949727635
3201,0.8896630758528674,0.008682055139876464,,-0.027808281979490347,4.873188013242701
3202,0.8896804399631473,0.009498205296000236,,-0.030417161028822193,4.872569110091957
3203,0.8896994363737394,0.010312890615402089,,-0.03302045528891374,4.871950231346905
3204,0.8897200621549702,0.011126103245128544,,-0.03561814250327932,4.871331368098943
3205,0.8897423143614606,0.011937835361221926,,-0.03821020051381702,4.870712511459741
3206,0.889766190032183,0.012748079168631557,,-0.040796607260504804,4.870093652561501
3207,0.8897916861905204,0.013556826901092282,,-0.043377340780993034,4.8694747825572
3208,0.8898187998443227,0.014364070821020515,,-0.04595237921025481,4.868855892620934
3209,0.8898475279859648,0.015169803219407321,,-0.04852170078022715,4.868236973948102
3210,0.8898778675924037,0.015974016415702546,,-0.05108528381942549,4.867618017755741
3211,0.8899098156252352,0.01677670275772843,,-0.05364310675265298,4.866999015282751
3212,0.8899433690307508,0.01757785462154237,,-0.0561951481005488,4.866379957790196
3213,0.889978524739994,0.01837746441136376,,-0.058741386479342024,4.865760836561562
3214,0.8900152796688168,0.019175524559439102,,-0.06128180060040964,4.865141642903013
3215,0.8900536307179358,0.019972027525965965,,-0.06381636927002333,4.864522368143667
3216,0.8900935747729878,0.020766965798965902,,-0.06634507138893461,4.863903003635858
3217,0.8901351087045858,0.021560331894191574,,-0.06886788595206977,4.863283540755366
3218,0.8901782293683742,0.022352118355029624,,-0.07138479204821335,4.862663970901762
3219,0.8902229336050843,0.02314231775237925,,-0.07389576885961317,4.862044285498523
3220,0.8902692182405891,0.023930922684574585,,-0.07640079566172875,4.861424475993471
3221,0.8903170800859583,0.024717925777251844,,-0.07889985182280201,4.860804533858876
3222,0.8903665159375129,0.025503319683284703,,-0.08139291680364825,4.860184450591789
3223,0.8904175225768796,0.02628709708264975,,-0.08387997015722522,4.859564217714347
3224,0.8904700967710449,0.027069250682355137,,-0.08636099152840176,4.858943826773798
3225,0.8905242352724098,0.027849773216323558,,-0.08883596065358793,4.858323269343152
3226,0.8905799348188425,0.028628657445301096,,-0.0913048573604399,4.857702537020929
3227,0.8906371921337332,0.02940589615676097,,-0.0937676615675596,4.857081621431953
3228,0.8906960039260468,0.030181482164800443,,-0.09622435328416325,4.856460514227112
3229,0.8907563668903764,0.030955408310054958,,-0.09867491260981417,4.855839207083926
3230,0.8908182777069966,0.03172766745958951,,-0.10111931973407955,4.855217691706731
3231,0.8908817330419159,0.03249825250680672,,-0.10355755493624029,4.854595959826727
3232,0.8909467295469296,0.03326715637135589,,-0.10598959858501161,4.853974003202677
3233,0.8910132638596724,0.0340343719990344,,-0.10841543113822856,4.853351813620525
3234,0.8910813326036705,0.03479989236170036,,-0.11083503314258208,4.852729382894277
3235,0.891150932388394,0.035563710457180604,,-0.11324838523332778,4.852106702865717
3236,0.8912220598093085,0.03632581930916341,,-0.11565546813395727,4.851483765404991
3237,0.8912947114479269,0.037086211967134866,,-0.11805626265600426,4.850860562410762
3238,0.8913688838718613,0.03784488150625156,,-0.12045074969864741,4.850237085810309
3239,0.891444573634874,0.03860182102729768,,-0.12283891024858853,4.849613327560014
3240,0.8915217772769286,0.03935702365655294,,-0.12522072537964027,4.848989279645351
3241,0.8916004913242418,0.04011048254572421,,-0.12759617625252376,4.848364934081281
3242,0.8916807122893333,0.040862190871854706,,-0.12996524411459315,4.847740282912541
3243,0.8917624366710771,0.041612141837224614,,-0.13232791029953034,4.847115318213612
3244,0.8918456609547517,0.04236032866929881,,-0.1346841562271982,4.846490032089336
3245,0.8919303816120904,0.04310674462059843,,-0.13703396340324245,4.845864416674768
3246,0.8920165951013317,0.04385138296865082,,-0.13937731341895174,4.845238464135651
3247,0.8921042978672691,0.04459423701588157,,-0.14171418795093202,4.8446121666687
3248,0.8921934863413009,0.04533530008954047,,-0.14404456876088306,4.843985516501454
3249,0.8922841569414801,0.04607456554162744,,-0.14636843769538985,4.843358505893121
3250,0.8923763060725635,0.04681202674879969,,-0.1486857766856354,4.842731127134086
3251,0.8924699301260611,0.04754767711229152,,-0.15099656774717507,4.842103372546788
3252,0.8925650254802858,0.048281510057840656,,-0.15330079297971685,4.841475234485575
3253,0.8926615885004016,0.04901351903557924,,-0.155598434566796,4.8408467053369915
3254,0.8927596155384728,0.0497436975200107,,-0.15788947477572593,4.8402177775201904
3255,0.892859102933513,0.05047203900987789,,-0.16017389595719572,4.839588443486841
3256,0.8929600470115329,0.05119853702812405,,-0.16245168054517253,4.838958695721599
3257,0.8930624440855892,0.05192318512179075,,-0.16472281105660042,4.83832852674235
3258,0.8931662904558328,0.05264597686194353,,-0.16698727009118275,4.8376979291001385
3259,0.8932715824095568,0.05336690584362541,,-0.16924504033126642,4.837066895379861
3260,0.8933783162212442,0.0540859656857478,,-0.17149610454151124,4.836435418199989
3261,0.8934864881526158,0.05480315003104197,,-0.17374044556876655,4.835803490213111
3262,0.893596094452678,0.055518452545976454,,-0.17597804634183467,4.835171104106171
3263,0.89370713135777,0.0562318669206682,,-0.17820888987120911,4.834538252600365
3264,0.8938195950916115,0.05694338686884416,,-0.18043295924898867,4.833904928451885
3265,0.8939334818653493,0.05765300612775071,,-0.1826502376486063,4.8332711244515725
3266,0.8940487878776049,0.058360718458091376,,-0.1848607083246659,4.832636833425495
3267,0.8941655093145212,0.05906651764397145,,-0.18706435461279275,4.832002048235116
3268,0.8942836423498093,0.05977039749278164,,-0.18926115992929082,4.831366761777352
3269,0.8944031831447949,0.06047235183519842,,-0.19145110777117588,4.830730966985027
3270,0.8945241278484655,0.06117237452506687,,-0.1936341817158307,4.830094656826927
3271,0.8946464725975157,0.06187045943936622,,-0.1958103654209226,4.829457824307891
3272,0.8947702135163945,0.06256660047813908,,-0.19797964262421716,4.828820462469455
3273,0.8948953467173509,0.06326079156440595,,-0.2001419971433263,4.828182564389495
3274,0.8950218683004798,0.06395302664412546,,-0.202297412875624,4.827544123182985
3275,0.8951497743537682,0.06464329968613278,,-0.2044458737980742,4.8269051320018415
3276,0.8952790609531406,0.06533160468205988,,-0.20658736396701102,4.826265584035199
3277,0.8954097241625049,0.06601793564632182,,-0.20872186751812977,4.825625472509775
3278,0.8955417600337976,0.06670228661599271,,-0.21084936866612272,4.824984790689905
3279,0.8956751646070297,0.06738465165079084,,-0.21296985170466537,4.824343531877823
3280,0.8958099339103314,0.06806502483301799,,-0.21508330100625947,4.8237016894139835
3281,0.8959460639599975,0.06874340026748363,,-0.2171897010220191,4.823059256676954
3282,0.8960835507605326,0.06941977208148797,,-0.21928903628165736,4.822416227083979
3283,0.8962223903046956,0.07009413442472745,,-0.22138129139321575,4.821772594090945
3284,0.8963625785735452,0.07076648146924412,,-0.22346645104293916,4.821128351192666
3285,0.8965041115364838,0.07143680740940553,,-0.22554449999524842,4.820483491923193
3286,0.8966469851513027,0.07210510646180894,,-0.22761542309246646,4.819838009855788
3287,0.8967911953642265,0.07277137286527637,,-0.22967920525483976,4.819191898603291
3288,0.8969367381099571,0.07343560088078695,,-0.23173583148035956,4.818545151818303
3289,0.8970836093117188,0.07409778479139789,,-0.23378528684454347,4.8178977631932955
3290,0.8972318048813017,0.07475791890224397,,-0.23582755650047357,4.8172497264609815
3291,0.8973813207191064,0.07541599754045566,,-0.2378626256785685,4.816601035394369
3292,0.8975321527141874,0.07607201505513035,,-0.2398904796865279,4.815951683806949
3293,0.8976842967442977,0.0767259658173033,,-0.24191110390927906,4.815301665553035
3294,0.8978377486759325,0.07737784421985701,,-0.2439244838087218,4.814650974527781
3295,0.8979925043643723,0.07802764467750938,,-0.24593060492373117,4.813999604667559
3296,0.8981485596537274,0.07867536162677456,,-0.2479294528700666,4.813347549950036
3297,0.898305910376981,0.07932098952588973,,-0.24992101334017705,4.8126948043943845
3298,0.898464552356033,0.07996452285483299,,-0.25190527210329283,4.8120413620614775
3299,0.8986244814017428,0.08060595611523215,,-0.2538822150051751,4.811387217054107
3300,0.8987856933139734,0.08124528383033452,,-0.2558518279680555,4.810732363517143
3301,0.8989481838816342,0.08188250054498944,,-0.257814096990619,4.810076795637809
3302,0.8991119488827243,0.08251760082558708,,-0.259769008147844,4.8094205076457275
3303,0.8992769840843756,0.08315057926004481,,-0.2617165475909981,4.80876349381324
3304,0.8994432852428959,0.08378143045777975,,-0.26365670154758564,4.808105748455487
3305,0.8996108481038115,0.08441014904962894,,-0.265589456321135,4.80744726593071
3306,0.8997796684019109,0.08503672968785965,,-0.2675147982912658,4.806788040640373
3307,0.8999497418612867,0.08566116704611874,,-0.269432713913566,4.806128067029373
3308,0.9001210641953791,0.08628345581940086,,-0.27134318971952764,4.805467339586192
3309,0.900293631107018,0.08690359072404433,,-0.27324621231657054,4.804805852843109
3310,0.9004674382884662,0.08752156649767566,,-0.2751417683879017,4.8041436013763335
3311,0.9006424814214616,0.08813737789917599,,-0.2770298446924511,4.803480579806314
3312,0.9008187561772601,0.08875101970868066,,-0.2789104280649006,4.802816782797774
3313,0.9009962582166776,0.08936248672752242,,-0.28078350541554525,4.8021522050600005
3314,0.9011749831901328,0.08997177377823976,,-0.2826490637303534,4.80148684134696
3315,0.9013549267376894,0.0905788757045424,,-0.2845070900708945,4.800820686457482
3316,0.9015360844890986,0.09118378737127,,-0.2863575715742454,4.800153735235466
3317,0.9017184520638413,0.0917865036643786,,-0.28820049545298476,4.799485982570096
3318,0.9019020250711701,0.09238701949092795,,-0.29003584899518586,4.7988174233959064
3319,0.9020867991101521,0.09298532977905097,,-0.29186361956435936,4.798148052693083
3320,0.9022727697697104,0.09358142947795743,,-0.29368379459949656,4.797477865487518
3321,0.9024599326286664,0.09417531355789364,,-0.29549636161498055,4.796806856851046
3322,0.9026482832557823,0.09476697701012686,,-0.29730130820057227,4.796135021901641
3323,0.9028378172098026,0.0953564148469314,,-0.2990986220214012,4.795462355803563
3324,0.9030285300394966,0.09594362210157809,,-0.3008882908179658,4.794788853767487
3325,0.9032204172836998,0.0965285938283189,,-0.3026703024061231,4.794114511050768
3326,0.9034134744713566,0.09711132510238402,,-0.30444464467710863,4.79343932295748
3327,0.9036076971215614,0.09769181101995453,,-0.30621130559748905,4.792763284838679
3328,0.9038030807436015,0.09827004669814739,,-0.3079702732091487,4.792086392092583
3329,0.9039996208369979,0.09884602727501005,,-0.3097215356293047,4.791408640164687
3330,0.904197312891548,0.09941974790952719,,-0.3114650810505617,4.790730024547915
3331,0.9043961523873673,0.09999120378159901,,-0.3132008977408791,4.790050540782867
3332,0.9045961347949306,0.10056039009204233,,-0.31492897404360337,4.789370184457853
3333,0.9047972555751148,0.1011273020625796,,-0.3166492983774694,4.78868895120915
3334,0.9049995101792401,0.10169193493581648,,-0.3183618592365645,4.788006836721205
3335,0.9052028940491118,0.10225428397526509,,-0.32006664519042793,4.7873238367266575
3336,0.9054074026170624,0.1028143444653393,,-0.32176364488407083,4.786639947006565
3337,0.9056130313059932,0.10337211171133576,,-0.3234528470379509,4.785955163390637
3338,0.9058197755294161,0.1039275810394557,,-0.3251342404480648,4.785269481757206
3339,0.9060276306914951,0.10448074779678651,,-0.3268078139859278,4.784582898033539
3340,0.9062365921870887,0.10503160735128309,,-0.32847355659854666,4.783895408196045
3341,0.9064466554017915,0.10558015509182314,,-0.3301314573086145,4.783207008270162
3342,0.9066578157119752,0.1061263864281813,,-0.33178150521446764,4.78251769433076
3343,0.9068700684848318,0.10667029679102208,,-0.33342368949009255,4.781827462502258
3344,0.9070834090784139,0.10721188163194352,,-0.33505799938528225,4.781136308958541
3345,0.9072978328416779,0.10775113642343676,,-0.33668442422555106,4.780444229923431
3346,0.9075133351145248,0.1082880566589003,,-0.33830295341220307,4.779751221670745
3347,0.9077299112278427,0.10882263785270294,,-0.3399135764225472,4.779057280524137
3348,0.9079475565035483,0.10935487554013025,,-0.3415162828097729,4.778362402857709
3349,0.9081662662546287,0.10988476527741775,,-0.3431110622030721,4.777666585095902
3350,0.9083860357851836,0.11041230264179208,,-0.3446979043077877,4.77696982371345
3351,0.9086068603904673,0.11093748323141235,,-0.34627679890527463,4.776272115236024
3352,0.9088287353569303,0.11146030266542888,,-0.34784773585309575,4.775573456240009
3353,0.9090516559622613,0.11198075658404032,,-0.3494107050852182,4.774873843352454
3354,0.9092756174754295,0.11249884064842001,,-0.35096569661183175,4.774173273251842
3355,0.9095006151567264,0.1130145505407937,,-0.3525127005195948,4.773471742667672
3356,0.9097266442578081,0.11352788196446821,,-0.3540517069717459,4.772769248380546
3357,0.9099537000217371,0.11403883064376227,,-0.35558270620793603,4.772065787222974
3358,0.9101817776830248,0.1145473923241162,,-0.3571056885445674,4.771361356078804
3359,0.9104108724676732,0.11505356277212127,,-0.35862064437490687,4.770655951883357
3360,0.9106409795932175,0.11555733777544082,,-0.3601275641688909,4.769949571624332
3361,0.9108720942687686,0.1160587131429343,,-0.36162643847349957,4.769242212341036
3362,0.9111042116950546,0.11655768470466195,,-0.36311725791279786,4.76853387112469
3363,0.911337327064464,0.11705424831181648,,-0.3646000131877724,4.76782454511932
3364,0.9115714355610878,0.11754839983687632,,-0.36607469507678736,4.767114231520827
3365,0.9118065323607616,0.11804013517360948,,-0.3675412944356271,4.766402927577401
3366,0.912042612631109,0.11852945023699671,,-0.3689998021973056,4.765690630590466
3367,0.9122796715315831,0.11901634096339243,,-0.37045020937253886,4.764977337913576
3368,0.91251770421351,0.11950080331050811,,-0.3718925070497269,4.764263046952981
3369,0.9127567058201311,0.11998283325735186,,-0.37332668639481303,4.7635477551685605
3370,0.912996671486646,0.12046242680441735,,-0.374752738651835,4.762831460072555
3371,0.9132375963402549,0.12093957997365723,,-0.37617065514287923,4.762114159230278
3372,0.9134794755002024,0.1214142888084183,,-0.3775804272679255,4.761395850261043
3373,0.9137223040778193,0.1218865493736342,,-0.37898204650540185,4.760676530836772
3374,0.9139660771765666,0.12235635775578793,,-0.38037550441210727,4.75995619868281
3375,0.9142107898920784,0.12282371006286132,,-0.3817607926231013,4.759234851578878
3376,0.9144564373122042,0.12328860242455097,,-0.3831379028523211,4.758512487357522
3377,0.9147030145170534,0.123751030992228,,-0.3845068268924984,4.757789103905028
3378,0.9149505165790379,0.12421099193887505,,-0.3858675566150108,4.757064699162426
3379,0.9151989385629158,0.12466848145930695,,-0.38722008397050434,4.7563392711237835
3380,0.9154482755258345,0.12512349577012433,,-0.38856440098879336,4.755612817837213
3381,0.9156985225173749,0.12557603110966414,,-0.389900499778754,4.754885337405915
3382,0.9159496745795944,0.12602608373824103,,-0.3912283725290025,4.754156827986341
3383,0.916201726747071,0.1264736499380991,,-0.3925480115077891,4.753427287789234
3384,0.9164546740469474,0.12691872601334464,,-0.393859409062839,4.752696715080772
3385,0.9167085114989741,0.1273613082901942,,-0.395162557622042,4.751965108180606
3386,0.9169632341155547,0.1278013931169301,,-0.39645744969335744,4.751232465462897
3387,0.9172188369017886,0.1282389768638402,,-0.3977440778646797,4.750498785357578
3388,0.9174753148555164,0.1286740559234827,,-0.39902243480457067,4.7497640663482485
3389,0.9177326629673634,0.1291066267106498,,-0.4002925132621862,4.7490283069731785
3390,0.9179908762207849,0.12953668566227977,,-0.40155430606706205,4.748291505826745
3391,0.9182499495921096,0.1299642292377277,,-0.4028078061298557,4.747553661557221
3392,0.9185098780505851,0.13038925391874326,,-0.40405300644231046,4.746814772867652
3393,0.9187706565584227,0.13081175620938265,,-0.4052899000770483,4.746074838517522
3394,0.9190322800708416,0.13123173263629445,,-0.40651848018835046,4.745333857320424
3395,0.9192947435361143,0.13164917974870788,,-0.4077387400121454,4.744591828144797
3396,0.9195580418956119,0.1320640941183174,,-0.40895067286572434,4.74384874991581
3397,0.9198221700838486,0.13247647233956675,,-0.41015427214851186,4.743104621612986
3398,0.9200871230285278,0.13288631102966672,,-0.41134953134213226,4.742359442270722
3399,0.9203528956505872,0.13329360682847627,,-0.41253644401012285,4.741613210980392
3400,0.9206194828642442,0.13369835639878686,,-0.41371500379870263,4.740865926888003
3401,0.9208868795770419,0.1341005564263665,,-0.4148852044369046,4.740117589194402
3402,0.9211550806898947,0.1345002036198107,,-0.4160470397362043,4.739368197157625
3403,0.9214240810971345,0.1348972947108148,,-0.4172005035912519,4.7386177500906586
3404,0.9216938756865563,0.13529182645425528,,-0.4183455899801013,4.737866247361277
3405,0.9219644593394649,0.13568379562804594,,-0.4194822929638609,4.737113688394556
3406,0.9222358269307211,0.13607319903338977,,-0.4206106066873691,4.7363600726709
3407,0.922507973328788,0.13646003349489808,,-0.42173052537951783,4.735605399725406
3408,0.9227808933957778,0.13684429586042438,,-0.4228420433528381,4.734849669150524
3409,0.9230545819874988,0.13722598300128416,,-0.4239451550040894,4.734092880594432
3410,0.9233290339535014,0.1376050918124258,,-0.4250398548147171,4.733335033759924
3411,0.9236042441371264,0.1379816192122801,,-0.42612613735048577,4.73257612840706
3412,0.923880207375551,0.13835556214293557,,-0.4272039972619517,4.731816164352096
3413,0.9241569184998369,0.13872691757035016,,-0.42827342928501866,4.731055141465826
3414,0.9244343723349777,0.1390956824842062,,-0.4293344282405803,4.730293059676112
3415,0.9247125636999463,0.13946185389802188,,-0.43038698903482364,4.729529918967502
3416,0.9249914874077424,0.13982542884942104,,-0.43143110665993617,4.728765719379037
3417,0.9252711382654413,0.14018640440001706,,-0.4324667761938243,4.728000461006532
3418,0.9255515110742414,0.14054477763547357,,-0.43349399280029116,4.727234144002949
3419,0.9258326006295124,0.14090054566579718,,-0.4345127517297916,4.726466768575779
3420,0.9261144017208441,0.14125370562525588,,-0.4355230483192339,4.725698334988879
3421,0.9263969091320947,0.14160425467236537,,-0.4365248779919633,4.724928843563655
3422,0.9266801176414395,0.1419521899902206,,-0.43751823625861785,4.724158294676145
3423,0.92696402202142,0.1422975087864721,,-0.4385031187170822,4.723386688758314
3424,0.9272486170389931,0.14264020829325802,,-0.4394795210523327,4.722614026299938
3425,0.9275338974555797,0.14298028576753136,,-0.4404474390372747,4.721840307845656
3426,0.9278198580271149,0.14331773849108562,,-0.4414068685328143,4.72106553399559
3427,0.9281064935040971,0.14365256377044733,,-0.44235780548760095,4.7202897054076995
3428,0.9283937986316381,0.14398475893717838,,-0.443300245938801,4.719512822795206
3429,0.9286817681495125,0.14431432134798766,,-0.44423418601239184,4.718734886926361
3430,0.9289703967922086,0.14464124838460224,,-0.4451596219228493,4.717955898627087
3431,0.9292596792889779,0.14496553745401528,,-0.44607654997378043,4.717175858779049
3432,0.9295496103638861,0.14528718598865406,,-0.4469849665583478,4.7163947683185805
3433,0.9298401847358634,0.14560619144625928,,-0.4478848681589755,4.715612628239246
3434,0.9301313971187559,0.14592255131005658,,-0.4487762513477908,4.71482943959091
3435,0.9304232422213761,0.14623626308900817,,-0.4496591127872622,4.714045203477839
3436,0.9307157147475541,0.14654732431772607,,-0.4505334492299914,4.713259921060908
3437,0.9310088093961896,0.14685573255654033,,-0.4513992575188868,4.71247359355783
3438,0.9313025208613027,0.14716148539180163,,-0.45225653458792425,4.7116862222405675
3439,0.9315968438320864,0.14746458043583657,,-0.4531052774620372,4.7108978084370055
3440,0.9318917729929581,0.14776501532694145,,-0.4539454832571076,4.7101083535321635
3441,0.9321873030236121,0.14806278772971299,,-0.45477714918079726,4.709317858965416
3442,0.9324834285990715,0.1483578953350782,,-0.4556002725326258,4.708526326231311
3443,0.9327801443897418,0.1486503358602226,,-0.4564148507037926,4.7077337568815745
3444,0.9330774450614623,0.14894010704889057,,-0.4572208811779232,4.706940152522557
3445,0.9333753252755601,0.1492272066714908,,-0.4580183615313303,4.706145514815126
3446,0.9336737796889032,0.14951163252500269,,-0.4588072894327824,4.705349845476983
3447,0.9339728029539532,0.14979338243322615,,-0.45958766264412815,4.704553146280913
3448,0.9342723897188198,0.15007245424697166,,-0.460359479020766,4.703755419053693
3449,0.9345725346273137,0.1503488458439794,,-0.46112273651144253,4.702956665678252
3450,0.9348732323190018,0.15062255512905387,,-0.46187743315857716,4.702156888093132
3451,0.93517447742926,0.15089358003433329,,-0.46262356709892666,4.7013560882904795
3452,0.9354762645893286,0.15116191851924965,,-0.4633611365634837,4.700554268317741
3453,0.9357785884263672,0.15142756857057324,,-0.4640901398775811,4.699751430278341
3454,0.9360814435635084,0.15169052820273066,,-0.4648105754616775,4.698947576329183
3455,0.9363848246199139,0.15195079545782428,,-0.465522441831397,4.698142708681589
3456,0.9366887262108295,0.15220836840560087,,-0.4662257375974396,4.697336829602837
3457,0.9369931429476408,0.15246324514374485,,-0.4669204614662977,4.696529941413843
3458,0.9372980694379284,0.15271542379798894,,-0.46760661224051875,4.695722046489103
3459,0.9376035002855244,0.15296490252205525,,-0.468284188818552,4.694913147258646
3460,0.9379094300905686,0.15321167949789474,,-0.46895319019533205,4.6941032462064785
3461,0.9382158534495644,0.15345575293587937,,-0.46961361546274005,4.69329234586956
3462,0.9385227649554362,0.15369712107474928,,-0.4702654638094559,4.692480448839543
3463,0.9388301591975857,0.1539357821817452,,-0.4709087345212695,4.69166755776246
3464,0.9391380307619492,0.15417173455287103,,-0.47154342698171536,4.690853675336852
3465,0.939446374231055,0.15440497651290336,,-0.47216954067207934,4.69003880431495
3466,0.9397551841840809,0.1546355064154252,,-0.47278707517146873,4.689222947503544
3467,0.9400644551969117,0.15486332264312572,,-0.4733960301575338,4.688406107761755
3468,0.940374181842198,0.15508842360786304,,-0.4739964054065996,4.6875882880014474
3469,0.9406843586894138,0.15531080775064446,,-0.4745882007935957,4.68676949118871
3470,0.9409949803049151,0.15553047354188282,,-0.4751714162926678,4.6859497203420934
3471,0.9413060412519989,0.15574741948154988,,-0.47574605197753267,4.685128978532082
3472,0.941617536090962,0.15596164409916274,,-0.47631210802142626,4.684307268882586
3473,0.9419294593791603,0.15617314595395002,,-0.47686958469748925,4.683484594570274
3474,0.9422418056710682,0.1563819236350822,,-0.477418482379307,4.682660958823113
3475,0.9425545695183384,0.15658797576167682,,-0.4779588015408917,4.681836364921468
3476,0.9428677454698617,0.15679130098287328,,-0.4784905427568412,4.681010816198552
3477,0.9431813280718275,0.15699189797810498,,-0.4790137067029812,4.680184316038528
3478,0.9434953118677838,0.15718976545717336,,-0.4795282941565182,4.6793568678769315
3479,0.9438096913986982,0.15738490216026788,,-0.4800343059960629,4.678528475201792
3480,0.9441244612030187,0.15757730685820323,,-0.4805317432021776,4.677699141552052
3481,0.9444396158167352,0.1577669783525696,,-0.4810206068577131,4.676868870517122
3482,0.9447551497734403,0.1579539154757336,,-0.48150089814777414,4.6760376657380585
3483,0.9450710576043918,0.1581381170910058,,-0.48197261836009875,4.675205530906944
3484,0.9453873338385739,0.15831958209286331,,-0.48243576888557027,4.674372469765616
3485,0.9457039730027595,0.15849830940699233,,-0.482890351218287,4.6735384861064855
3486,0.9460209696215736,0.15867429799036747,,-0.48333636695572124,4.672703583772923
3487,0.9463383182175543,0.15884754683149235,,-0.4837738177992627,4.671867766657617
3488,0.9466560133112173,0.1590180549505004,,-0.4842027055544298,4.671031038702762
3489,0.9469740494211183,0.15918582139918053,,-0.48462303213088787,4.670193403900963
3490,0.9472924210639166,0.15935084526120163,,-0.48503479954296136,4.669354866293992
3491,0.947611122754439,0.15951312565227735,,-0.4854380099099955,4.668515429972219
3492,0.9479301490057436,0.15967266172020306,,-0.4858326654564039,4.667675099075454
3493,0.9482494943291839,0.15982945264499213,,-0.4862187685119529,4.666833877792605
3494,0.9485691532344739,0.15998349763908973,,-0.4865963215122369,4.665991770360454
3495,0.948889120229752,0.16013479594745336,,-0.48696532699883105,4.66514878106407
3496,0.9492093898216469,0.16028334684761428,,-0.487325787619388,4.664304914237296
3497,0.9495299565153421,0.16042914964991722,,-0.4876777061281805,4.663460174261376
3498,0.949850814814642,0.16057220369764832,,-0.48802108538636496,4.662614565564806
3499,0.9501719592220372,0.1607125083670777,,-0.4883559283620293,4.661768092624038
3500,0.9504933842387714,0.16085006306763736,,-0.4886822381305731,4.660920759962688
3501,0.9508150843649066,0.16098486724210076,,-0.48900001787509084,4.66007257215073
3502,0.9511370540993908,0.16111692036665917,,-0.48930927088650655,4.659223533804956
3503,0.951459287940124,0.16124622195102223,,-0.4896100005637583,4.658373649589025
3504,0.951781780384026,0.1613727715386446,,-0.48990221041430104,4.657522924212262
3505,0.9521045259271033,0.1614965687068341,,-0.4901859040543101,4.656671362429694
3506,0.9524275190645168,0.16161761306680855,,-0.4904610852087537,4.655818969042499
3507,0.9527507542906504,0.16173590426389559,,-0.4907277577118211,4.654965748897067
3508,0.9530742260991781,0.16185144197768833,,-0.4909859255072392,4.654111706884471
3509,0.9533979289831335,0.16196422592212378,,-0.49123559264840183,4.653256847940853
3510,0.9537218574349776,0.16207425584561108,,-0.49147676329861606,4.652401177047179
3511,0.9540460059466688,0.1621815315312399,,-0.4917094417315487,4.651544699228248
3512,0.9543703690097312,0.16228605279687733,,-0.491933632331394,4.65068741955277
3513,0.9546949411153248,0.16238781949524644,,-0.4921493395929874,4.649829343133583
3514,0.9550197167543153,0.16248683151412724,,-0.4923565681222322,4.648970475126725
3515,0.9553446904173435,0.16258308877649724,,-0.49255532263636925,4.648110820731051
3516,0.9556698565948964,0.16267659124062034,,-0.49274560796412403,4.647250385188497
3517,0.9559952097773776,0.16276733890018957,,-0.49292742904597797,4.646389173783676
3518,0.9563207444551779,0.16285533178451264,,-0.4931007909345503,4.6455271918430645
3519,0.9566464551187468,0.16294056995861217,,-0.4932656987947622,4.644664444735018
3520,0.956972336258664,0.1630230535233199,,-0.4934221579039832,4.643800937869835
3521,0.9572983823657105,0.1631027826154728,,-0.49357017365243777,4.642936676698885
3522,0.9576245879309414,0.16317975740804522,,-0.4937097515434446,4.642071666714293
3523,0.9579509474457574,0.16325397811024708,,-0.49384089719357716,4.641205913449055
3524,0.9582774554019778,0.16332544496767126,,-0.49396361633293895,4.640339422476591
3525,0.9586041062919131,0.16339415826246162,,-0.4940779148054891,4.639472199410031
3526,0.958930894608438,0.1634601183134228,,-0.4941837985692244,4.638604249902167
3527,0.9592578148450647,0.16352332547612014,,-0.4942812736963301,4.637735579645399
3528,0.9595848614960168,0.1635837801430682,,-0.49437034637355914,4.636866194370938
3529,0.9599120290563029,0.16364148274386206,,-0.4944510229024618,4.635996099848491
3530,0.9602393120217906,0.16369643374528287,,-0.49452330969955377,4.635125301886263
3531,0.9605667048892811,0.1637486336514406,,-0.4945872132965713,4.634253806330492
3532,0.9608942021565838,0.16379808300393148,,-0.49464274034075906,4.633381619064811
3533,0.9612217983225916,0.16384478238195732,,-0.49468989759507026,4.632508746010107
3534,0.9615494878873554,0.16388873240243162,,-0.4947286919383235,4.631635193124372
3535,0.9618772653521601,0.16392993372015421,,-0.4947591303655381,4.63076096640201
3536,0.9622051252196003,0.16396838702794564,,-0.4947812199881642,4.629886071873485
3537,0.9625330619936561,0.16400409305675562,,-0.4947949680342459,4.6290105156051995
3538,0.9628610701797695,0.16403705257580026,,-0.49480038184865505,4.628134303699074
3539,0.963189144284921,0.16406726639271418,,-0.4947974688933572,4.62725744229192
3540,0.9635172788177063,0.16409473535367414,,-0.49478623674761324,4.626379937555233
3541,0.9638454682884136,0.1641194603435082,,-0.4947666931081366,4.625501795694978
3542,0.9641737072091005,0.16414144228585892,,-0.4947388457893898,4.624623022950969
3543,0.964501990093672,0.16416068214332083,,-0.49470270272381617,4.623743625596478
3544,0.9648303114579585,0.16417718091754835,,-0.4946582719619893,4.622863609938017
3545,0.9651586658197935,0.16419093964938922,,-0.49460556167282843,4.6219829823149245
3546,0.9654870476990921,0.1642019594190296,,-0.49454458014384134,4.621101749098788
3547,0.96581545161793,0.16421024134612167,,-0.4944753357813252,4.620219916693151
3548,0.9661438721006221,0.16421578658989852,,-0.4943978371105315,4.619337491533231
3549,0.9664723036738018,0.1642185963493194,,-0.49431209277590804,4.618454480085376
3550,0.9668007408665003,0.16421867186321065,,-0.49421811154132944,4.617570888846626
3551,0.9671291782102265,0.16421601441037337,,-0.4941159022902385,4.616686724344421
3552,0.9674576102390471,0.16421062530971253,,-0.49400547402584144,4.615801993136176
3553,0.9677860314896664,0.16420250592037733,,-0.4938868358713318,4.614916701808764
3554,0.968114436501507,0.16419165764188454,,-0.49375999707007073,4.614030856978133
3555,0.9684428198167906,0.16417808191424188,,-0.49362496698576785,4.613144465288973
3556,0.9687711759806189,0.16416178021807812,,-0.4934817551026739,4.612257533414227
3557,0.9690994995410549,0.16414275407478138,,-0.4933303710257983,4.611370068054625
3558,0.9694277850492043,0.16412100504660918,,-0.49317082448104543,4.610482075938308
3559,0.9697560270592974,0.16409653473681063,,-0.49300312531538676,4.609593563820419
3560,0.9700842201287708,0.16406934478976395,,-0.49282728349707017,4.608704538482587
3561,0.9704123588183502,0.164039436891095,,-0.4926433091157781,4.607815006732519
3562,0.9707404376921323,0.16400681276780216,,-0.4924512123828059,4.606924975403602
3563,0.9710684513176677,0.16397147418837876,,-0.49225100363122715,4.606034451354438
3564,0.9713963942660443,0.1639334229629405,,-0.49204269331607237,4.605143441468356
3565,0.97172426111197,0.16389266094334035,,-0.49182629201447364,4.60425195265301
3566,0.9720520464338565,0.16384919002328527,,-0.4916018104258128,4.6033599918399215
3567,0.9723797448139029,0.16380301213846782,,-0.49136925937191017,4.602467565983987
3568,0.9727073508381796,0.16375412926667768,,-0.4911286497971556,4.601574682063047
3569,0.9730348590967127,0.16370254342792562,,-0.49087999276867805,4.60068134707745
3570,0.9733622641835684,0.16364825668456556,,-0.49062329947650235,4.599787568049558
3571,0.9736895606969374,0.16359127114140457,,-0.49035858123367465,4.59889335202328
3572,0.9740167432392199,0.163531588945821,,-0.4900858494764097,4.597998706063636
3573,0.9743438064171114,0.163469212287878,,-0.48980511576422353,4.597103637256257
3574,0.9746707448416869,0.16340414340044535,,-0.489516391780088,4.596208152706901
3575,0.9749975531284876,0.16333638455930996,,-0.48921968933055715,4.595312259541016
3576,0.9753242258976059,0.1632659380832884,,-0.48891502034589474,4.59441596490327
3577,0.9756507577737723,0.1631928063343498,,-0.48860239688022955,4.593519275957019
3578,0.9759771433864408,0.16311699171771576,,-0.48828183111164614,4.592622199883852
3579,0.976303377369876,0.1630384966819718,,-0.4879533353423087,4.5917247438831374
3580,0.9766294543632398,0.16295732371917984,,-0.4876169219985869,4.590826915171506
3581,0.9769553690106779,0.16287347536499044,,-0.48727260363117575,4.589928720982329
3582,0.9772811159614077,0.16278695419875047,,-0.4869203929152104,4.589030168565281
3583,0.9776066898698049,0.16269776284360515,,-0.4865603026503597,4.5881312651858694
3584,0.9779320853954919,0.1626059039666144,,-0.4861923457609573,4.587232018124881
3585,0.9782572972034249,0.16251138027885473,,-0.48581653529609387,4.586332434677869
3586,0.9785823199639824,0.1624141945355129,,-0.48543288442968524,4.5854325221547265
3587,0.9789071483530531,0.16231434953599555,,-0.4850414064605875,4.584532287879178
3588,0.9792317770521249,0.16221184812403858,,-0.4846421148127048,4.583631739188201
3589,0.9795562007483728,0.1621066931878063,,-0.4842350230350731,4.5827308834315685
3590,0.9798804141347481,0.16199888765998527,,-0.48382014480192925,4.581829727971398
3591,0.9802044119100678,0.16188843451788495,,-0.4833974939127932,4.580928280181593
3592,0.9805281887791033,0.16177533678354683,,-0.48296708429257584,4.580026547447274
3593,0.9808517394526701,0.1616595975238253,,-0.4825289299916082,4.5791245371643505
3594,0.9811750586477175,0.16154121985048484,,-0.48208304518571704,4.578222256739013
3595,0.9814981410874182,0.16142020692030512,,-0.4816294441763189,4.577319713587163
3596,0.9818209815012585,0.1612965619351759,,-0.48116814139048647,4.576416915133881
3597,0.9821435746251286,0.16117028814218154,,-0.48069915138098823,4.575513868812996
3598,0.9824659152014127,0.16104138883368643,,-0.48022248882632645,4.574610582066545
3599,0.9827879979790798,0.16090986734744012,,-0.4797381685308283,4.573707062344161
3600,0.9831098177137744,0.16077572706666168,,-0.4792462054246839,4.572803317102598
3601,0.9834313691679074,0.16063897142010988,,-0.47874661456394174,4.571899353805276
3602,0.9837526471107474,0.16049960388218545,,-0.47823941113059437,4.570995179921718
3603,0.9840736463185115,0.16035762797302505,,-0.4777246104326368,4.570090802926928
3604,0.9843943615744573,0.16021304725857416,,-0.47720222790407124,4.56918623030096
3605,0.9847147876689741,0.16006586535065725,,-0.47667227910490223,4.568281469528437
3606,0.9850349193996751,0.1599160859070688,,-0.47613477972118606,4.567376528097943
3607,0.985354751571489,0.15976371263166847,,-0.4755897455650922,4.566471413501405
3608,0.9856742789967521,0.15960874927443658,,-0.4750371925748602,4.5655661332337
3609,0.9859934964953007,0.1594511996315494,,-0.4744771368148063,4.564660694792142
3610,0.9863123988945635,0.15929106754547404,,-0.4739095944753853,4.56375510567585
3611,0.9866309810296541,0.1591283569050432,,-0.47333458187319327,4.5628493733851725
3612,0.9869492377434639,0.15896307164550905,,-0.4727521154509177,4.561943505421266
3613,0.9872671638867546,0.1587952157486116,,-0.4721622117773256,4.5610375092855735
3614,0.9875847543182515,0.15862479324266784,,-0.4715648875473048,4.560131392479161
3615,0.9879020039047366,0.1584518082026397,,-0.4709601595818521,4.559225162502201
3616,0.9882189075211415,0.15827626475017995,,-0.47034804482799814,4.55831882685352
3617,0.9885354600506415,0.15809816705370755,,-0.4697285603588156,4.5574123930300665
3618,0.9888516563847486,0.15791751932848636,,-0.46910172337343325,4.556505868526252
3619,0.9891674914234052,0.15773432583667374,,-0.46846755119696437,4.555599260833438
3620,0.9894829600750782,0.15754859088737147,,-0.46782606128044996,4.5546925774394795
3621,0.9897980572568525,0.157360318836688,,-0.4671772712008264,4.5537858258281565
3622,0.9901127778945256,0.15716951408781868,,-0.4665211986609444,4.552879013478525
3623,0.9904271169227009,0.15697618109108194,,-0.46585786148946773,4.551972147864459
3624,0.9907410692848827,0.1567803243439671,,-0.465187277640802,4.551065236454132
3625,0.9910546299335703,0.15658194839119907,,-0.4645094651950738,4.5501582867094665
3626,0.9913677938303523,0.15638105782479753,,-0.46382444235808884,4.549251306085481
3627,0.9916805559460016,0.1561776572841064,,-0.4631322274612103,4.54834430202983
3628,0.9919929112605694,0.15597175145584086,,-0.46243283896128917,4.547437281982293
3629,0.9923048547634807,0.15576334507414152,,-0.46172629544061206,4.546530253374191
3630,0.9926163814536286,0.1555524429206344,,-0.4610126156068638,4.545623223627775
3631,0.9929274863394696,0.1553390498244482,,-0.46029181829297394,4.544716200155765
3632,0.9932381644391182,0.15512317066225442,,-0.45956392245702554,4.543809190360819
3633,0.9935484107804423,0.1549048103583221,,-0.45882894718220707,4.54290220163494
3634,0.9938582204011586,0.15468397388455452,,-0.4580869116767098,4.541995241358891
3635,0.9941675883489273,0.15446066626050675,,-0.4573378352735749,4.541088316901706
3636,0.994476509681448,0.15423489255342113,,-0.45658173743059366,4.540181435620191
3637,0.9947849794665544,0.15400665787827653,,-0.4558186377302428,4.539274604858301
3638,0.9950929927823106,0.15377596739781924,,-0.45504855587956855,4.538367831946575
3639,0.9954005447171058,0.15354282632256583,,-0.4542715117099931,4.537461124201653
3640,0.9957076303697505,0.15330723991083497,,-0.4534875251772063,4.53655448892578
3641,0.9960142448495718,0.15306921346879204,,-0.45269661636108866,4.535647933406147
3642,0.996320383276509,0.15282875235046017,,-0.4518988054655399,4.534741464914355
3643,0.9966260407812095,0.1525858619577255,,-0.45109411281829737,4.533835090705955
3644,0.9969312125051246,0.15234054774036165,,-0.450282558870808,4.532928818019939
3645,0.9972358936006049,0.15209281519607132,,-0.44946416419814333,4.53202265407806
3646,0.9975400792309966,0.15184266987048367,,-0.4486389494987935,4.5311166060843195
3647,0.9978437645707372,0.15159011735714498,,-0.4478069355944458,4.530210681224543
3648,0.9981469448054511,0.15133516329754593,,-0.446968143429866,4.529304886665819
3649,0.9984496151320458,0.1510778133811503,,-0.4461225940727788,4.528399229555814
3650,0.9987517707588077,0.15081807334537933,,-0.44527030871362777,4.527493717022309
3651,0.999053406905498,0.1505559489756042,,-0.44441130866536593,4.526588356172812
3652,0.9993545188034488,0.15029144610516462,,-0.44354561536330933,4.525683154093904
3653,0.9996551016956587,0.15002457061539048,,-0.44267325036500155,4.52477811785059
3654,0.9999551508368891,0.14975532843556788,,-0.4417942353499286,4.523873254485918
3655,1.0002546614937597,0.14948372554292536,,-0.4409085921192892,4.5229685710205105
3656,1.0005536289448451,0.14920976796265312,,-0.4400163425958545,4.522064074451905
3657,1.00085204848077,0.14893346176790834,,-0.43911750882379,4.521159771753949
3658,1.0011499154043053,0.14865481307977016,,-0.43821211296834517,4.52025566987648
3659,1.0014472250304645,0.14837382806723282,,-0.43730017731564247,4.5193517757447745
3660,1.0017439726865984,0.14809051294720763,,-0.43638172427249206,4.518448096258877
3661,1.0020401537124923,0.1478048739845149,,-0.4354567763661819,4.517544638293114
3662,1.0023357634604608,0.14751691749183238,,-0.4345253562441502,4.51664140869572
3663,1.002630797295444,0.1472266498296796,,-0.43358748667375024,4.515738414288217
3664,1.002925250595103,0.14693407740641687,,-0.4326431905420636,4.514835661864833
3665,1.0032191187499153,0.1466392066782197,,-0.4316924908556465,4.51393315819208
3666,1.0035123971632713,0.14634204414902777,,-0.43073541074020283,4.513030910008257
3667,1.0038050812515689,0.14604259637052236,,-0.42977197344033463,4.512128924022877
3668,1.0040971664443095,0.14574086994210256,,-0.4288022023192972,4.511227206916179
3669,1.0043886481841933,0.14543687151085954,,-0.4278261208587469,4.510325765338636
3670,1.0046795219272144,0.14513060777151618,,-0.426843752658389,4.509424605910434
3671,1.004969783142757,0.14482208546638953,,-0.4258551214356935,4.508523735220968
3672,1.0052594273136894,0.14451131138536605,,-0.4248602510256534,4.507623159828407
3673,1.0055484499364598,0.14419829236586723,,-0.42385916538050716,4.506722886259086
3674,1.005836846521191,0.1438830352927796,,-0.4228518885693655,4.50582292100704
3675,1.0061246125917762,0.1435655470984016,,-0.4218384447778918,4.504923270533625
3676,1.0064117436859725,0.14324583476241307,,-0.42081885830804144,4.504023941266925
3677,1.006698235355497,0.14292390531183452,,-0.41979315357777297,4.503124939601187
3678,1.00698408316612,0.14259976582093967,,-0.41876135512063345,4.50222627189648
3679,1.0072692826977616,0.14227342341119778,,-0.41772348758542804,4.501327944478232
3680,1.0075538295445836,0.1419448852512449,,-0.4166795757359678,4.5004299636366145
3681,1.0078377193150856,0.14161415855682108,,-0.41562964445072603,4.4995323356260775
3682,1.0081209476321988,0.14128125059067137,,-0.41457371872239634,4.498635066665025
3683,1.0084035101333797,0.140946168662491,,-0.41351182365757033,4.497738162935244
3684,1.0086854024707042,0.14060892012887385,,-0.4124439844764279,4.496841630581361
3685,1.0089666203109615,0.14026951239324115,,-0.4113702265123796,4.4959454757105
3686,1.0092471593357475,0.13992795290574464,,-0.41029057521162826,4.495049704391793
3687,1.0095270152415585,0.13958424916319595,,-0.4092050561328096,4.494154322655859
3688,1.0098061837398844,0.13923840870900406,,-0.4081136949466621,4.493259336494428
3689,1.010084660557302,0.13889043913309698,,-0.4070165174356478,4.492364751859843
3690,1.0103624414355676,0.1385403480718158,,-0.40591354949349473,4.49147057466458
3691,1.0106395221317108,0.1381881432078287,,-0.40480481712480215,4.490576810780869
3692,1.010915898418126,0.13783383227005705,,-0.4036903464446819,4.489683466040245
3693,1.0111915660826656,0.13747742303359986,,-0.40257016367839,4.488790546233001
3694,1.0114665209287323,0.13711892331961173,,-0.4014442951608341,4.487898057107856
3695,1.011740758775371,0.13675834099520245,,-0.40031276733614296,4.487006004371564
3696,1.012014275457361,0.1363956839733646,,-0.3991756067573134,4.486114393688365
3697,1.0122870668253072,0.13603096021287905,,-0.3980328400857972,4.485223230679567
3698,1.0125591287457325,0.13566417771817832,,-0.3968844940909749,4.484332520923239
3699,1.0128304571011684,0.13529534453924968,,-0.39573059564973534,4.483442269953712
3700,1.0131010477902465,0.1349244687715423,,-0.3945711717460732,4.482552483261126
3701,1.013370896727789,0.1345515585558636,,-0.39340624947066105,4.481663166291104
3702,1.0136399998449002,0.13417662207824704,,-0.39223585602033395,4.480774324444302
3703,1.0139083530890562,0.13379966756983339,,-0.39106001869761625,4.47988596307598
3704,1.0141759524241953,0.13342070330676245,,-0.38987876491028495,4.478998087495678
3705,1.0144427938308083,0.13303973761007118,,-0.3886921221709473,4.478110702966746
3706,1.0147088733060279,0.13265677884554578,,-0.3875001180964878,4.477223814705945
3707,1.0149741868637185,0.1322718354235898,,-0.3863027804075692,4.476337427883143
3708,1.0152387305345651,0.13188491579911202,,-0.3851001369281857,4.475451547620881
3709,1.0155025003661629,0.13149602847141556,,-0.3838922155852219,4.474566178993925
3710,1.0157654924231052,0.13110518198403928,,-0.38267904440788186,4.473681327029022
3711,1.0160277027870728,0.13071238492461199,,-0.3814606515271503,4.47279699670447
3712,1.0162891275569215,0.13031764592473308,,-0.3802370651753329,4.471913192949712
3713,1.0165497628487705,0.1299209736598462,,-0.3790083136855821,4.47102992064503
3714,1.0168096047960897,0.12952237684907586,,-0.3777744254913145,4.470147184621169
3715,1.0170686495497874,0.1291218642550776,,-0.3765354291256677,4.469264989658958
3716,1.017326893278297,0.12871944468389587,,-0.37529135322098667,4.468383340489016
3717,1.0175843321676643,0.1283151269848358,,-0.3740422265083471,4.467502241791371
3718,1.0178409624216336,0.12790892005029716,,-0.3727880778169723,4.466621698195095
3719,1.0180967802617338,0.12750083281559882,,-0.37152893607362636,4.465741714278028
3720,1.0183517819273644,0.1270908742588316,,-0.3702648303020899,4.464862294566432
3721,1.0186059636758815,0.1266790534007239,,-0.36899578962267326,4.463983443534599
3722,1.0188593217826825,0.12626537930446188,,-0.36772184325160273,4.463105165604606
3723,1.019111852541291,0.12584986107550916,,-0.36644302050040706,4.462227465145983
3724,1.0193635522634414,0.12543250786145138,,-0.36515935077537404,4.461350346475367
3725,1.019614417279164,0.12501332885183816,,-0.36387086357700743,4.460473813856242
3726,1.0198644439368671,0.12459233327800932,,-0.36257758849943533,4.459597871498617
3727,1.0201136286034227,0.12416953041290044,,-0.3612795552297614,4.458722523558704
3728,1.020361967664248,0.12374492957086537,,-0.35997679354747003,4.457847774138674
3729,1.020609457523389,0.1233185401075189,,-0.3586693333238884,4.456973627286345
3730,1.0208560946036036,0.12289037141955754,,-0.3573572045215883,4.456100086994874
3731,1.0211018753464423,0.12246043294454784,,-0.35604043719369677,4.455227157202535
3732,1.0213467962123308,0.1220287341607462,,-0.3547190614832984,4.454354841792417
3733,1.0215908536806517,0.12159528458692163,,-0.35339310762284826,4.453483144592136
3734,1.021834044249825,0.12116009378217031,,-0.3520626059335651,4.4526120693736235
3735,1.022076364437389,0.12072317134570242,,-0.35072758682474303,4.451741619852838
3736,1.0223178107800799,0.12028452691664007,,-0.3493880807930983,4.450871799689497
3737,1.0225583798339126,0.11984417017383124,,-0.34804411842216726,4.450002612486883
3738,1.0227980681742599,0.11940211083566499,,-0.34669573038170504,4.449134061791562
3739,1.0230368723959307,0.11895835865984562,,-0.3453429474269713,4.448266151093158
3740,1.0232747891132499,0.11851292344317771,,-0.34398580039804755,4.4473988838241425
3741,1.0235118149601357,0.1180658150213684,,-0.34262432021920675,4.446532263359585
3742,1.023747946590178,0.11761704326883186,,-0.3412585378982903,4.445666293016941
3743,1.0239831806767152,0.1171666180984613,,-0.3398884845259959,4.444800976055866
3744,1.0242175139129117,0.11671454946140132,,-0.3385141912751637,4.443936315677958
3745,1.024450943011834,0.11626084734683662,,-0.3371356894001157,4.443072315026589
3746,1.0246834647065273,0.11580552178178881,,-0.33575301023601967,4.442208977186714
3747,1.0249150757500904,0.11534858283088925,,-0.33436618519818423,4.441346305184655
3748,1.0251457729157518,0.1148900405961307,,-0.3329752457812953,4.440484301987937
3749,1.0253755529969437,0.11442990521664832,,-0.33158022355873995,4.439622970505092
3750,1.0256044128073765,0.11396818686850195,,-0.33018115018193517,4.438762313585484
3751,1.025832349181113,0.11350489576444878,,-0.328778057379632,4.437902334019171
3752,1.0260593589726414,0.11304004215368656,,-0.3273709769571347,4.437043034536707
3753,1.0262854390569482,0.11257363632161886,,-0.32595994079558566,4.436184417808998
3754,1.0265105863295911,0.11210568858962822,,-0.32454498085127736,4.435326486447159
3755,1.02673479770677,0.11163620931484614,,-0.32312612915495514,4.434469243002372
3756,1.0269580701253993,0.11116520888988536,,-0.3217034178110122,4.433612689965725
3757,1.0271804005431786,0.11069269774259215,,-0.32027687899674595,4.432756829768096
3758,1.0274017859386633,0.11021868633580652,,-0.318846544961639,4.43190166478001
3759,1.0276222233113343,0.10974318516712785,,-0.3174124480266565,4.431047197311532
3760,1.027841709681668,0.10926620476864711,,-0.3159746205834513,4.430193429612166
3761,1.028060242091205,0.10878775570668195,,-0.314533095093575,4.429340363870695
3762,1.028277817602618,0.1083078485815254,,-0.3130879040877352,4.428488002215122
3763,1.0284944332997805,0.10782649402720393,,-0.31163908016507796,4.427636346712554
3764,1.0287100862878344,0.10734370271120813,,-0.3101866559923953,4.426785399369121
3765,1.0289247736932565,0.10685948533421229,,-0.30873066430330043,4.425935162129865
3766,1.0291384926639244,0.10637385262981398,,-0.30727113789746474,4.425085636878677
3767,1.0293512403691836,0.10588681536427905,,-0.3058081096398702,4.4242368254382125
3768,1.0295630139999117,0.10539838433627696,,-0.3043416124600392,4.423388729569856
3769,1.0297738107685839,0.10490857037659002,,-0.3028716793511858,4.422541350973621
3770,1.0299836279093366,0.10441738434783612,,-0.3013983433694116,4.421694691288095
3771,1.0301924626780319,0.10392483714420425,,-0.2999216376329391,4.4208487520904
3772,1.03040031235232,0.10343093969118806,,-0.2984415953213417,4.4200035348961695
3773,1.030607174231702,0.1029357029452865,,-0.2969582496746801,4.419159041159478
3774,1.0308130456375921,0.10243913789371718,,-0.29547163399267623,4.418315272272809
3775,1.0310179239133792,0.10194125555413816,,-0.2939817816339149,4.417472229567037
3776,1.0312218064244871,0.1014420669743777,,-0.29248872601507053,4.416629914311418
3777,1.0314246905584354,0.10094158323213705,,-0.2909925006100559,4.415788327713584
3778,1.0316265737248993,0.10043981543468407,,-0.2894931389491474,4.414947470919496
3779,1.0318274533557683,0.09993677471856653,,-0.287990674618168,4.414107345013452
3780,1.0320273269052052,0.09943247224933176,,-0.2864851412576923,4.413267951018117
3781,1.0322261918497035,0.09892691922123188,,-0.2849765725622102,4.4124292898945345
3782,1.0324240456881457,0.09842012685690624,,-0.2834650022792252,4.411591362542104
3783,1.032620885941859,0.0979121064070847,,-0.2819504642084176,4.410754169798634
3784,1.0328167101546728,0.0974028691502951,,-0.28043299220081874,4.409917712440349
3785,1.0330115158929731,0.09689242639257076,,-0.27891262015799,4.409081991181973
3786,1.033205300745758,0.09638078946712662,,-0.27738938203110913,4.408247006676719
3787,1.033398062324692,0.0958679697340456,,-0.27586331182009116,4.407412759516344
3788,1.0335897982641595,0.09535397857997804,,-0.2743344435727461,4.406579250231199
3789,1.0337805062213192,0.09483882741784498,,-0.2728028113839522,4.405746479290317
3790,1.0339701838761546,0.09432252768651528,,-0.27126844939475286,4.404914447101462
3791,1.0341588289315273,0.09380509085047974,,-0.26973139179144756,4.404083154011184
3792,1.034346439113228,0.09328652839954042,,-0.2681916728047276,4.40325260030489
3793,1.0345330121700267,0.09276685184850264,,-0.2666493267088229,4.4024227862069685
3794,1.0347185458737234,0.0922460727368593,,-0.26510438782062656,4.401593711880856
3795,1.0349030380191968,0.09172420262845161,,-0.26355689049875336,4.400765377429131
3796,1.0350864864244533,0.09120125311114555,,-0.2620068691426445,4.399937782893595
3797,1.0352688889306754,0.0906772357965184,,-0.2604543581917047,4.3991109282554
3798,1.035450243402268,0.09015216231954165,,-0.2588993921244299,4.398284813435181
3799,1.035630547726907,0.08962604433824034,,-0.2573420054574667,4.397459438293158
3800,1.035809799815583,0.08909889353335738,,-0.25578223274468925,4.3966348026292295
3801,1.0359879976026496,0.08857072160802788,,-0.2542201085763065,4.395810906183136
3802,1.0361651390458653,0.08804154028745745,,-0.25265566757798213,4.394987748634595
3803,1.0363412221264399,0.08751136131858683,,-0.2510889444099167,4.394165329603453
3804,1.0365162448490768,0.08698019646974006,,-0.24951997376588292,4.393343648649812
3805,1.036690205242016,0.08644805753029325,,-0.2479487903723224,4.3925227052741596
3806,1.0368631013570764,0.08591495631034318,,-0.24637542898744424,4.3917024989175975
3807,1.037034931269697,0.08538090464037817,,-0.2447999244003299,4.390883028961959
3808,1.0372056930789775,0.08484591437091815,,-0.24322231142995213,4.390064294730017
3809,1.037375384907719,0.08430999737217165,,-0.24164262492424168,4.389246295485582
3810,1.0375440049024631,0.08377316553369575,,-0.2400608997591681,4.3884290304337865
3811,1.0377115512335302,0.08323543076406398,,-0.23847717083783931,4.387612498721177
3812,1.037878022095058,0.08269680499051137,,-0.23689147308954397,4.386796699436065
3813,1.0380434157050389,0.08215730015857763,,-0.235303841468779,4.38598163160847
3814,1.0382077303053558,0.08161692823175859,,-0.2337143109543166,4.385167294210642
3815,1.038370964161819,0.0810757011911706,,-0.23212291654829217,4.384353686156902
3816,1.0385331155642012,0.08053363103519975,,-0.23052969327527217,4.383540806304347
3817,1.0386941828262715,0.07999072977913402,,-0.22893467618124563,4.382728653452467
3818,1.0388541642858296,0.07944700945481072,,-0.22733790033269474,4.381917226344053
3819,1.039013058304739,0.07890248211026192,,-0.22573940081562202,4.381106523664641
3820,1.0391708632689594,0.07835715980937852,,-0.22413921273467774,4.380296544043709
3821,1.039327577588578,0.07781105463153254,,-0.22253737121211575,4.379487286053833
3822,1.0394831996978409,0.07726417867122283,,-0.22093391138687624,4.378678748212118
3823,1.0396377280551832,0.07671654403770373,,-0.21932886841355645,4.3778709289791395
3824,1.0397911611432584,0.0761681628546557,,-0.21772227746157394,4.377063826760653
3825,1.0399434974689676,0.07561904725979852,,-0.21611417371409047,4.376257439906365
3826,1.040094735563487,0.07506920940454694,,-0.2145045923671355,4.375451766711709
3827,1.040244873982296,0.07451866145360853,,-0.2128935686284888,4.374646805416595
3828,1.0403939113052032,0.07396741558467133,,-0.21128113771689622,4.373842554207182
3829,1.0405418461363725,0.07341548398799867,,-0.20966733486095007,4.373039011214807
3830,1.0406886771043484,0.07286287886610443,,-0.20805219529826505,4.372236174517512
3831,1.0408344028620806,0.07230961243332847,,-0.2064357542743117,4.3714340421392075
3832,1.0409790220869473,0.0717556969155179,,-0.20481804704160392,4.370632612050955
3833,1.0411225334807783,0.07120114454963189,,-0.20319910885862696,4.3698318821704625
3834,1.0412649357698776,0.07064596758339554,,-0.20157897498894217,4.3690318503631165
3835,1.0414062277050442,0.0700901782749072,,-0.19995768070012782,4.3682325144416545
3836,1.041546408061594,0.06953378889226489,,-0.19833526126280276,4.367433872167016
3837,1.0416854756393785,0.06897681171321546,,-0.19671175194969404,4.366635921248228
3838,1.041823429262805,0.06841925902476675,,-0.19508718803461783,4.365838659343147
3839,1.0419602677808546,0.06786114312283674,,-0.19346160479155144,4.3650420840584605
3840,1.0420959900671003,0.0673024763118375,,-0.191835037493532,4.364246192950247
3841,1.042230595019724,0.06674327090433788,,-0.19020752141177197,4.363450983524191
3842,1.0423640815615327,0.06618353922066914,,-0.18857909181461846,4.362656453235975
3843,1.0424964486399741,0.06562329358857026,,-0.18694978396662662,4.36186259949177
3844,1.0426276952271514,0.06506254634279039,,-0.18531963312750221,4.36106941964827
3845,1.042757820319837,0.06450130982471075,,-0.1836886745511185,4.360276911013521
3846,1.0428868229394865,0.06393959638198364,,-0.18205694348455817,4.359485070846688
3847,1.0430147021322507,0.06337741836814774,,-0.18042447516711757,4.358693896359162
3848,1.043141456968987,0.06281478814225852,,-0.17879130482932448,4.3579033847142155
3849,1.0432670865452716,0.06225171806848937,,-0.17715746769189902,4.357113533027936
3850,1.0433915899814086,0.06168822051575877,,-0.17552299896477183,4.356324338369305
3851,1.0435149664224401,0.0611243078573691,,-0.1738879338461426,4.355535797760585
3852,1.043637215038155,0.06055999247060506,,-0.1722523075214324,4.354747908178126
3853,1.0437583350230963,0.059995286736378946,,-0.17061615516234607,4.353960666551991
3854,1.0438783255965691,0.05943020303880932,,-0.16897951192578065,4.353174069767313
3855,1.043997186002647,0.0588647537648781,,-0.1673424129529194,4.3523881146637535
3856,1.0441149155101768,0.058298951304041294,,-0.1657048933682279,4.3516027980366605
3857,1.044231513412785,0.05773280804783362,,-0.16406698827841368,4.35081811663721
3858,1.0443469790288809,0.05716633638951991,,-0.1624287327715171,4.350034067172452
3859,1.0444613117016601,0.0565995487236441,,-0.16079016191573856,4.349250646306725
3860,1.0445745107991076,0.05603245744574378,,-0.15915131075868932,4.348467850660622
3861,1.0446865757139991,0.05546507495188399,,-0.15751221432618887,4.347685676813117
3862,1.0447975058639032,0.05489741363833645,,-0.15587290762141667,4.346904121300486
3863,1.04490730069118,0.054329485901162614,,-0.1542334256238343,4.3461231806175995
3864,1.0450159596629824,0.05376130413581311,,-0.15259380328814107,4.345342851218475
3865,1.0451234822712543,0.05319288073683031,,-0.15095407554349996,4.344563129515531
3866,1.045229868032728,0.05262422809734492,,-0.14931427729223884,4.343784011882234
3867,1.045335116488923,0.052055358608824216,,-0.14767444340917926,4.343005494650772
3868,1.045439227206141,0.05148628466056197,,-0.14603460874032734,4.34222757411516
3869,1.0455421997754624,0.05091701863938699,,-0.14439480810210717,4.34145024652986
3870,1.0456440338127415,0.05034757292927368,,-0.14275507628035738,4.340673508110722
3871,1.0457447289586004,0.049777959910886425,,-0.14111544802915127,4.339897355036677
3872,1.0458442848784224,0.049208191961330944,,-0.13947595807013835,4.339121783447363
3873,1.0459427012623455,0.04863828145359297,,-0.1378366410911083,4.338346789447438
3874,1.046039977825253,0.04806824075634468,,-0.13619753174547267,4.3375723691031665
3875,1.046136114306766,0.047498082233435816,,-0.13455866465096222,4.3367985184457964
3876,1.0462311104712332,0.04692781824354631,,-0.13292007438871967,4.33602523347103
3877,1.0463249661077207,0.04635746113986603,,-0.1312817955024643,4.335252510138101
3878,1.0464176810300008,0.04578702326956286,,-0.1296438624971346,4.3344803443738975
3879,1.0465092550765402,0.045216516973620786,,-0.12800630983844777,4.333708732068504
3880,1.046599688110488,0.04464595458624775,,-0.1263691719513914,4.332937669080634
3881,1.0466889800196608,0.04407534843463794,,-0.12473248321959092,4.332167151234593
3882,1.0467771307165306,0.043504710838552514,,-0.12309627798423085,4.331397174321686
3883,1.0468641401382082,0.042934054109860405,,-0.12146059054287923,4.330627734102871
3884,1.0469500082464283,0.042363390552357355,,-0.119825455149003,4.3298588263045765
3885,1.0470347350275335,0.041792732461139334,,-0.11819090601037256,4.329090446625158
3886,1.0471183204924563,0.04122209212244251,,-0.11655697728862664,4.328322590729922
3887,1.0472007646767016,0.040651481813138685,,-0.11492370309798319,4.327555254254829
3888,1.0472820676403285,0.04008091380036197,,-0.11329111750427973,4.326788432807219
3889,1.0473622294679297,0.03951040034127416,,-0.1116592545243552,4.32602212196266
3890,1.0474412502686128,0.03893995368244795,,-0.11002814812448025,4.325256317271567
3891,1.0475191301759783,0.038369586059743326,,-0.10839783222001503,4.324491014253075
3892,1.0475958693480985,0.03779930969775043,,-0.10676834067399145,4.323726208400469
3893,1.0476714679674946,0.03722913680948215,,-0.10513970729631897,4.3229618951802244
3894,1.0477459262411142,0.036659079596093234,,-0.10351196584305335,4.3221980700299945
3895,1.047819244400307,0.0360891502462822,,-0.10188515001487146,4.321434728364947
3896,1.0478914227008,0.03551936093618907,,-0.10025929345678947,4.320671865571159
3897,1.047962461422673,0.03494972382880728,,-0.098634429756666,4.319909477012047
3898,1.0480323608703312,0.034380251073719,,-0.09701059244451682,4.31914755802631
3899,1.0481011213724793,0.03381095480678027,,-0.09538781499169996,4.318386103926751
3900,1.0481687432820936,0.03324184714954832,,-0.09376613080945334,4.317625110006272
3901,1.0482352269763935,0.032672940209182565,,-0.09214557324862752,4.316864571531176
3902,1.0483005728568124,0.03210424607785037,,-0.09052617559817078,4.316104483747983
3903,1.048364781348969,0.03153577683248215,,-0.0889079710844972,4.315344841880965
3904,1.0484278529026345,0.030967544534442015,,-0.08729099287063549,4.314585641131237
3905,1.0484897879917041,0.030399561228974373,,-0.0856752740548152,4.313826876682653
3906,1.0485505871141627,0.02983183894510102,,-0.08406084767019524,4.313068543695184
3907,1.0486102507920536,0.029264389695039583,,-0.0824477466833778,4.312310637311577
3908,1.0486687795714444,0.028697225473950386,,-0.08083600399375836,4.311553152655176
3909,1.0487261740223932,0.028130358259621065,,-0.07922565243271182,4.3107960848287
3910,1.0487824347389132,0.027563800011920166,,-0.07761672476219555,4.310039428920305
3911,1.0488375623389379,0.026997562672683387,,-0.07600925367445481,4.309283179997169
3912,1.048891557464284,0.026431658165170454,,-0.07440327179063375,4.308527333111513
3913,1.0489444207806153,0.025866098393773528,,-0.07279881166002737,4.307771883299348
3914,1.0489961529774037,0.02530089524374024,,-0.07119590575936971,4.307016825578426
3915,1.049046754767892,0.024736060580623317,,-0.06959458649142365,4.306262154954615
3916,1.0490962268890542,0.024171606250153792,,-0.06799488618465852,4.305507866415944
3917,1.0491445701015554,0.023607544077748625,,-0.06639683709198964,4.304753954937453
3918,1.0491917851897117,0.023043885868166303,,-0.06480047138989455,4.304000415481413
3919,1.0492378729614489,0.022480643405280564,,-0.06320582117783671,4.303247242994186
3920,1.0492828342482603,0.02191782845152665,,-0.06161291847684179,4.3024944324127326
3921,1.0493266699051642,0.021355452747752843,,-0.06002179522912633,4.301741978659635
3922,1.0493693808106606,0.02079352801278976,,-0.058432483296993916,4.300989876646201
3923,1.0494109678666872,0.0202320659430463,,-0.056845014461796184,4.30023812127448
3924,1.0494514319985742,0.019671078212329638,,-0.055259420423482225,4.2994867074331315
3925,1.049490774155,0.01911057647130827,,-0.053675732799214004,4.298735630003562
3926,1.0495289953079436,0.018550572347317374,,-0.052093983122879876,4.2979848838565635
3927,1.0495660964526392,0.01799107744400194,,-0.05051420284418158,4.297234463853257
3928,1.0496020786075282,0.01743210334086779,,-0.04893642332747813,4.296484364848839
3929,1.049636942814211,0.016873661593115156,,-0.04736067585137354,4.295734581688009
3930,1.0496706901373982,0.01631576373115927,,-0.045786991607482196,4.294985109209934
3931,1.0497033216648617,0.015758421260354396,,-0.04421540169972882,4.294235942247119
3932,1.0497348385073835,0.015201645660726213,,-0.04264593714367318,4.293487075624192
3933,1.049765241798706,0.014645448386488416,,-0.041078628865259585,4.2927385041626485
3934,1.04979453269548,0.014089840865868045,,-0.03951350770038803,4.2919902226769215
3935,1.049822712377213,0.01353483450070003,,-0.03795060439387254,4.291242225977305
3936,1.0498497820462156,0.012980440666073548,,-0.03638994959853593,4.290494508871286
3937,1.049875742927549,0.012426670710129198,,-0.03483157387470913,4.289747066160733
3938,1.0499005962689703,0.011873535953583607,,-0.03327550768899872,4.288999892646477
3939,1.0499243433408787,0.011321047689504688,,-0.03172178141372761,4.288252983126152
3940,1.0499469854362589,0.010769217182996773,,-0.030170425326135054,4.287506332394675
3941,1.049968523870626,0.01021805567079136,,-0.028621469607321336,4.286759935247465
3942,1.0499889599819687,0.009667574361059403,,-0.027074944341789774,4.286013786477256
3943,1.0500082951306922,0.009117784432997388,,-0.025530879516377822,4.285267880877253
3944,1.0500265306995593,0.008568697036524556,,-0.023989305019488403,4.284522213241399
3945,1.0500436680936336,0.008020323292047382,,-0.022450250640504894,4.283776778362808
3946,1.050059708740219,0.007472674290042401,,-0.02091374606871248,4.283031571037503
3947,1.0500746540888004,0.00692576109082797,,-0.019379820892731887,4.2822865860624
3948,1.0500885056109834,0.0063795947242442875,,-0.017848504599704995,4.281541818236269
3949,1.0501012648004333,0.005834186189279463,,-0.016319826574331425,4.280797262362005
3950,1.0501129331728132,0.005289546453876956,,-0.014793816098402732,4.280052913244356
3951,1.0501235122657222,0.00474568645455404,,-0.013270502349818258,4.27930876569261
3952,1.0501330036386327,0.004202617096111983,,-0.011749914401851764,4.278564814520706
3953,1.0501414088728263,0.003660349251389755,,-0.0102320812225386,4.2778210545462585
3954,1.0501487295713305,0.0031188937608828244,,-0.008717031673691025,4.277077480593452
3955,1.0501549673588537,0.0025782614325156354,,-0.0072047945103370006,4.276334087491674
3956,1.0501601238817202,0.002038463041346163,,-0.005695398379972262,4.2755908700763126
3957,1.0501642008078043,0.0014995093292150769,,-0.004188871821657735,4.274847823190622
3958,1.0501671998264641,0.0009614110045322932,,-0.002685243265498168,4.274104941684116
3959,1.0501691226484746,0.0004241787419391367,,-0.0011845410317757805,4.273362220414558
3960,1.05016997100596,-0.00011217681797978905,,0.00031320666977884047,4.272619654248394
3961,1.0501697466523254,-0.000647645068922259,,0.0018079717405412353,4.271877238059994
3962,1.0501684513621892,-0.0011822154392268753,,0.0032997261939183495,4.271134966733845
3963,1.0501660869313123,-0.001715877392109832,,0.004788442155934332,4.2703928351639
3964,1.0501626551765297,-0.0022486204259376903,,0.006274091865916621,4.2696508382539475
3965,1.0501581579356793,-0.0027804340745468344,,0.007756647677313509,4.268908970919315
3966,1.0501525970675318,-0.003311307907461783,,0.009236082058227924,4.26816722808589
3967,1.0501459744517185,-0.003841231530198581,,0.010712367592190046,4.267425604691329
3968,1.0501382919886597,-0.004370194584555989,,0.012185476978896099,4.266684095685887
3969,1.0501295515994922,-0.004898186748834361,,0.01365538303474364,4.2659426960317655
3970,1.0501197552259962,-0.005425197738145126,,0.015122058693622408,4.265201400704689
3971,1.0501089048305217,-0.005951217304659731,,0.016585477007534655,4.264460204693958
3972,1.050097002395914,-0.006476235237855617,,0.018045611147206795,4.263719103002435
3973,1.05008404992544,-0.0070002413648207135,,0.019502434402866954,4.2629780906479615
3974,1.050070049442712,-0.0075232255504774845,,0.020955920184795137,4.262237162663006
3975,1.0500550029916127,-0.008045177697840989,,0.02240604202396991,4.2614963140952575
3976,1.0500389126362186,-0.00856608774829814,,0.023852773572775567,4.260755540008652
3977,1.0500217804607237,-0.009085945681833758,,0.025296088605557487,4.260014835482962
3978,1.0500036085693618,-0.009604741517298272,,0.026735961019297087,4.259274195614753
3979,1.049984399086329,-0.010122465312666291,,0.028172364834260374,4.2585336155179165
3980,1.0499641541557054,-0.010639107165252348,,0.02960527419452535,4.257793090323563
3981,1.0499428759413767,-0.01115465721198311,,0.03103466336867018,4.257052615181041
3982,1.0499205666269544,-0.011669105629634692,,0.03246050675036166,4.256312185258108
3983,1.0498972284156969,-0.012182442635064133,,0.03388277885892738,4.255571795741141
3984,1.0498728635304286,-0.012694658485468458,,0.03530145434000734,4.254831441836036
3985,1.0498474742134596,-0.01320574347860399,,0.03671650796609175,4.254091118768229
3986,1.0498210627265043,-0.013715687953018458,,0.0381279146370962,4.253350821783194
3987,1.0497936313506002,-0.014224482288305081,,0.03953564938099871,4.252610546147087
3988,1.0497651823860255,-0.014732116905316742,,0.04093968735436324,4.251870287146787
3989,1.0497357181522167,-0.015238582266400319,,0.0423400038429217,4.251130040090514
3990,1.0497052409876857,-0.015743868875628036,,0.043736574262147165,4.250389800308285
3991,1.0496737532499363,-0.01624796727900688,,0.045129374157764565,4.2496495631520865
3992,1.0496412573153802,-0.016750868064717258,,0.046518379206345016,4.248909323996474
3993,1.0496077555792527,-0.017252561863331333,,0.04790356521584189,4.248169078238874
3994,1.049573250455528,-0.017753039348026967,,0.04928490812611488,4.2474288212998905
3995,1.049537744376834,-0.01825229123480598,,0.050662384009467404,4.246688548623858
3996,1.0495012397943662,-0.01875030828270713,,0.05203596907116738,4.245948255679074
3997,1.0494637391778028,-0.019247081294016803,,0.053405639649962956,4.245207937958221
3998,1.0494252450152168,-0.01974260111448971,,0.05477137221862566,4.244467590978762
3999,1.0493857598129899,-0.020236858633545112,,0.05613314338442491,4.243727210283223
4000,1.0493452860957249,-0.02072984478447843,,0.057490929889646464,4.242986791439645
4001,1.049303826406158,-0.0212215505446598,,0.05884470861207339,4.242246330041905
4002,1.0492613833050708,-0.021711966935739714,,0.06019445656548699,4.241505821710017
4003,1.0492179593712014,-0.022201085023851715,,0.061540150900160115,4.240765262090593
4004,1.0491735572011558,-0.02268889591980607,,0.06288176890332399,4.2400246468570435
4005,1.0491281794093184,-0.02317539077928322,,0.0642192879996357,4.239283971710011
4006,1.049081828627762,-0.023660560803031066,,0.06555268575165604,4.238543232377739
4007,1.049034507506158,-0.024144397237047692,,0.06688193986028546,4.237802424616265
4008,1.048986218711686,-0.024626891372784933,,0.06820702816525959,4.237061544209866
4009,1.0489369649289426,-0.0251080345473249,,0.06952792864556903,4.236320586971384
4010,1.0488867488598501,-0.02558781814356263,,0.07084461941989446,4.2355795487423915
4011,1.0488355732235652,-0.026066233590393926,,0.07215707874705937,4.234838425393735
4012,1.0487834407563865,-0.026543272362893156,,0.07346528502645151,4.234097212825704
4013,1.0487303542116628,-0.02701892598248882,,0.07476921679843898,4.23335590696827
4014,1.0486763163597,-0.027493186017152973,,0.07606885274482654,4.232614503781591
4015,1.0486213299876679,-0.027966044081556403,,0.07736417168921383,4.231872999256139
4016,1.0485653978995069,-0.02843749183724576,,0.07865515259741572,4.231131389412993
4017,1.0485085229158346,-0.028907520992821248,,0.07994177457788582,4.2303896703043256
4018,1.0484507078738512,-0.02937612330409323,,0.08122401688207721,4.229647838013418
4019,1.0483919556272452,-0.029843290574254607,,0.08250185890485005,4.228905888655041
4020,1.048332269046099,-0.030309014654047714,,0.0837752801848643,4.228163818375895
4021,1.048271651016793,-0.030773287441906313,,0.08504426040489935,4.227421623354593
4022,1.0482101044419116,-0.031236100884129668,,0.08630877939226621,4.226679299802088
4023,1.0481476322401457,-0.03169744697504391,,0.08756881711918406,4.225936843962039
4024,1.0480842373461978,-0.03215731775714018,,0.08882435370308808,4.225194252110765
4025,1.048019922710686,-0.032615705321238905,,0.09007536940701487,4.224451520557737
4026,1.0479546913000457,-0.03307260180663849,,0.0913218446399427,4.223708645645872
4027,1.0478885460964347,-0.03352799940124879,,0.09256375995708588,4.222965623751487
4028,1.0478214900976346,-0.03398189034175576,,0.09380109606028096,4.222222451284812
4029,1.0477535263169535,-0.034434266913763174,,0.09503383379830613,4.221479124690188
4030,1.0476846577831282,-0.03488512145191711,,0.09626195416715035,4.220735640446059
4031,1.0476148875402267,-0.0353344463400619,,0.09748543831037536,4.219991995065501
4032,1.047544218647549,-0.035782234011373475,,0.09870426751941071,4.219248185096368
4033,1.0474726541795285,-0.03622847694847958,,0.09991842323381016,4.21850420712126
4034,1.047400197225634,-0.0366731676836169,,0.10112788704161658,4.21776005775808
4035,1.0473268508902691,-0.03711629879875214,,0.10233264067962171,4.217015733660105
4036,1.047252618292674,-0.03755786292569096,,0.10353266603359101,4.2162712315159965
4037,1.047177502566825,-0.037997852746231964,,0.10472794513861945,4.21552654805035
4038,1.047101506861335,-0.03843626099227996,,0.10591846017936786,4.21478168002369
4039,1.0470246343393528,-0.0388730804459552,,0.10710419349028852,4.21403662423252
4040,1.0469468881784634,-0.03930830393974059,,0.1082851275559608,4.213291377509834
4041,1.0468682715705864,-0.03974192435658067,,0.10946124501128741,4.212545936725088
4042,1.0467887877218756,-0.040173934629984184,,0.1106325286417009,4.211800298784285
4043,1.046708439852618,-0.04060432774417176,,0.1117989613834997,4.21105446063043
4044,1.046627231197132,-0.041033096734163214,,0.11296052632401055,4.210308419243493
4045,1.0465451650036661,-0.04146023468588259,,0.11411720670180123,4.20956217164047
4046,1.0464622445342968,-0.04188573473628909,,0.11526898590696957,4.208815714875861
4047,1.0463784730648267,-0.04230959007345898,,0.11641584748128983,4.20806904604158
4048,1.0462938538846822,-0.04273179393668585,,0.1175577751184115,4.207322162267044
4049,1.0462083902968113,-0.0431523396166092,,0.11869475266414041,4.206575060719597
4050,1.0461220856175806,-0.04357122045528907,,0.11982676411656402,4.2058277386044125
4051,1.0460349431766724,-0.043988429846299026,,0.12095379362622932,4.20508019316458
4052,1.0459469663169823,-0.044403961234841936,,0.1220758254963878,4.204332421681525
4053,1.045858158394515,-0.04481780811782261,,0.12319284418311377,4.203584421474882
4054,1.0457685227782818,-0.045229964043935214,,0.12430483429546602,4.202836189902581
4055,1.0456780628501965,-0.04564042261377845,,0.1254117805957299,4.2020877243612205
4056,1.0455867820049713,-0.04604917747991672,,0.1265136679995027,4.201339022285953
4057,1.045494683650014,-0.04645622234695726,,0.12761048157582655,4.2005900811505645
4058,1.0454017712053227,-0.04686155097165982,,0.12870220654741357,4.199840898467827
4059,1.0453080481033818,-0.04726515716299763,,0.12978882829073016,4.199091471789364
4060,1.0452135177890585,-0.04766703478222617,,0.13087033233610487,4.1983417987057114
4061,1.0451181837194965,-0.04806717774298992,,0.13194670436794467,4.197591876846655
4062,1.045022049364013,-0.04846558001136781,,0.13301793022477565,4.196841703881102
4063,1.0449251182039927,-0.0488622356059373,,0.1340839958993368,4.196091277517133
4064,1.0448273937327834,-0.049257138597878225,,0.13514488753878703,4.195340595502307
4065,1.0447288794555902,-0.04965028311101468,,0.13620059144473412,4.194589655623513
4066,1.0446295788893707,-0.050041663321872466,,0.13725109407330996,4.193838455707029
4067,1.0445294955627296,-0.05043127345977521,,0.13829638203535435,4.19308699361878
4068,1.0444286330158126,-0.0508191078068765,,0.13933644209641677,4.192335267264233
4069,1.0443269948002014,-0.05120516069821237,,0.14037126117681595,4.191583274588392
4070,1.0442245844788076,-0.05158942652179375,,0.14140082635181248,4.190831013576061
4071,1.0441214056257666,-0.051971899718637,,0.14242512485160538,4.190078482251731
4072,1.0440174618263318,-0.05235257478280411,,0.14344414406135556,4.18932567867953
4073,1.0439127566767687,-0.05273144626148504,,0.1444578715213307,4.188572600963522
4074,1.0438072937842484,-0.05310850875502884,,0.14546629492690144,4.187819247247569
4075,1.043701076766741,-0.05348375691697586,,0.14646940212854187,4.187065615715243
4076,1.0435941092529095,-0.05385718545413751,,0.14746718113196514,4.18631170459011
4077,1.0434863948820037,-0.054228789126622344,,0.14845962009810587,4.1855575121356114
4078,1.043377937303753,-0.054598562747855475,,0.14944670734308318,4.18480303665495
4079,1.0432687401782599,-0.05496650118465015,,0.15042843133831288,4.184048276491334
4080,1.043158807175893,-0.0553325993572381,,0.15140478071050034,4.183293230027893
4081,1.043048141977181,-0.05569685223927492,,0.15237574424156392,4.182537895687533
4082,1.042936748272705,-0.05605925485791155,,0.15334131086874445,4.181782271933123
4083,1.0428246297629917,-0.056419802293816025,,0.15430146968457434,4.181026357267462
4084,1.0427117901584066,-0.05677848968117057,,0.15525620993677697,4.180270150233107
4085,1.0425982331790469,-0.05713531220773696,,0.1562055210283572,4.179513649412529
4086,1.0424839625546338,-0.05749026511488117,,0.15714939251757762,4.178756853428056
4087,1.0423689820244066,-0.057843343697560265,,0.15808781411782846,4.177999760941737
4088,1.042253295337014,-0.05819454330437848,,0.15902077569769146,4.177242370655429
4089,1.0421369062504078,-0.05854385933760406,,0.15994826728089337,4.176484681310781
4090,1.042019818531735,-0.05889128725315618,,0.16087027904617465,4.1757266916890545
4091,1.0419020359572313,-0.059236822560648446,,0.1617868013273173,4.174968400611202
4092,1.0417835623121126,-0.05958046082341349,,0.16269782461311819,4.174209806937837
4093,1.0416644013904681,-0.05992219765847655,,0.16360333954722034,4.173450909569053
4094,1.0415445569951536,-0.06026202873658823,,0.1645033369281088,4.172691707444459
4095,1.041424032937683,-0.0605999497822449,,0.1653978077090732,4.171932199543188
4096,1.0413028330381209,-0.06093595657366841,,0.16628674299805285,4.1711723848836915
4097,1.041180961124976,-0.061270044942816654,,0.16717013405757097,4.170412262523727
4098,1.0410584210350928,-0.06160221077541257,,0.16804797230471888,4.1696518315603575
4099,1.0409352166135444,-0.06193245001091129,,0.16892024931096677,4.1688910911298045
4100,1.0408113517135251,-0.062260758642498235,,0.16978695680206174,4.1681300404073545
4101,1.0406868301962426,-0.06258713271712023,,0.17064808665801587,4.167368678607375
4102,1.0405616559308108,-0.06291156833545314,,0.17150363091291787,4.166607004983137
4103,1.0404358327941423,-0.06323406165188704,,0.17235358175479373,4.165845018826734
4104,1.040309364670841,-0.06355460887455454,,0.17319793152558627,4.165082719469055
4105,1.0401822554530944,-0.06387320626529523,,0.17403667272095683,4.164320106279642
4106,1.0400545090405662,-0.06418985013962542,,0.1748697979901022,4.163557178666557
4107,1.0399261293402893,-0.06450453686676502,,0.1756973001357288,4.162793936076361
4108,1.0397971202665581,-0.0648172628696073,,0.1765191721138681,4.162030377993971
4109,1.0396674857408212,-0.06512802462467539,,0.17733540703365572,4.161266503942493
4110,1.0395372296915744,-0.06543681866213709,,0.178145998157271,4.1605023134831995
4111,1.0394063560542524,-0.06574364156578019,,0.1789509388997674,4.159737806215387
4112,1.039274868771123,-0.06604848997295971,,0.1797502228288242,4.158972981776205
4113,1.0391427717911794,-0.06635136057460407,,0.1805438436646616,4.158207839840595
4114,1.0390100690700326,-0.06665225011519599,,0.18133179527988422,4.1574423801211475
4115,1.0388767645698045,-0.06695115539271088,,0.1821140716992087,4.156676602367931
4116,1.0387428622590213,-0.06724807325860234,,0.18289066709932025,4.155910506368408
4117,1.0386083661125065,-0.06754300061779243,,0.18366157580874115,4.155144091947302
4118,1.0384732801112733,-0.06783593442860443,,0.1844267923075416,4.15437735896642
4119,1.0383376082424183,-0.06812687170273862,,0.18518631122716803,4.153610307324519
4120,1.0382013544990152,-0.0684158095052604,,0.18594012735030488,4.152842936957187
4121,1.038064522880007,-0.06870274495453607,,0.18668823561059258,4.152075247836666
4122,1.0379271173901001,-0.06898767522218394,,0.1874306310923877,4.1513072399717075
4123,1.037789142039658,-0.06927059753307206,,0.18816730903064913,4.150538913407428
4124,1.0376506008445943,-0.0695515091652529,,0.18889826481065242,4.149770268225134
4125,1.037511497826266,-0.06983040744990004,,0.18962349396770894,4.14900130454216
4126,1.0373718370113685,-0.07010728977129693,,0.19034299218702697,4.14823202251172
4127,1.037231622431828,-0.07038215356677852,,0.1910567553034441,4.147462422322736
4128,1.0370908581246967,-0.07065499632665573,,0.1917647793011115,4.146692504199656
4129,1.0369495481320457,-0.07092581559419578,,0.19246706031333136,4.145922268402297
4130,1.0368076965008595,-0.07119460896557468,,0.1931635946223169,4.145151715225648
4131,1.0366653072829304,-0.07146137408978943,,0.19385437865884325,4.144380844999709
4132,1.0365223845347529,-0.0717261086686224,,0.19453940900204006,4.143609658089306
4133,1.0363789323174177,-0.07198881045660066,,0.19521868237916892,4.142838154893904
4134,1.0362349546965066,-0.07224947726090726,,0.1958921956652709,4.142066335847418
4135,1.0360904557419868,-0.072508106941324,,0.19655994588289985,4.141294201418042
4136,1.0359454395281062,-0.07276469741020089,,0.1972219302019249,4.140521752108021
4137,1.035799910133288,-0.07301924663236393,,0.19787814593916936,4.139748988453485
4138,1.0356538716400252,-0.07327175262503986,,0.19852859055809263,4.138975911024259
4139,1.035507328134777,-0.07352221345782475,,0.19917326166859095,4.138202520423639
4140,1.0353602837078635,-0.0737706272526031,,0.19981215702666416,4.137428817288195
4141,1.0352127424533601,-0.0740169921834559,,0.20044527453405303,4.136654802287587
4142,1.0350647084689952,-0.07426130647662108,,0.20107261223801598,4.135880476124333
4143,1.0349161858560438,-0.07450356841041933,,0.20169416833101372,4.1351058395336
4144,1.034767178719225,-0.07474377631514884,,0.20230994115030942,4.134330893283028
4145,1.0346176911665965,-0.0749819285730337,,0.2029199291777124,4.133555638172486
4146,1.0344677273094522,-0.07521802361816102,,0.2035241310392917,4.132780075033837
4147,1.0343172912622178,-0.07545205993637487,,0.2041225455049734,4.13200420473076
4148,1.034166387142347,-0.07568403606519955,,0.20471517148821639,4.131228028158525
4149,1.0340150190702184,-0.07591395059378671,,0.20530200804575124,4.130451546243736
4150,1.0338631911690326,-0.07614180216280815,,0.20588305437717375,4.129674759944132
4151,1.0337109075647086,-0.07636758946436409,,0.20645830982458016,4.1288976702483815
4152,1.0335581723857816,-0.076591311241929,,0.20702777387230126,4.128120278175806
4153,1.0334049897632995,-0.07681296629025436,,0.20759144614652164,4.127342584776158
4154,1.0332513638307208,-0.07703255345525342,,0.20814932641485184,4.126564591129447
4155,1.033097298723812,-0.07725007163394271,,0.20870141458604913,4.12578629834564
4156,1.0329427985805457,-0.07746551977435247,,0.20924771070965795,4.125007707564437
4157,1.0327878675409987,-0.07767889687541013,,0.2097882149755762,4.124228819955066
4158,1.0326325097472495,-0.0778902019868604,,0.21032292771371983,4.123449636716025
4159,1.0324767293432773,-0.07809943420918859,,0.21085184939369528,4.122670159074806
4160,1.0323205304748604,-0.07830659269350145,,0.21137498062435886,4.121890388287689
4161,1.032163917289475,-0.07851167664142411,,0.21189232215341944,4.121110325639522
4162,1.0320068939361937,-0.07871468530503314,,0.21240387486713508,4.1203299724433995
4163,1.0318494645655851,-0.07891561798673927,,0.21290963978987776,4.119549330040451
4164,1.0316916333296131,-0.07911447403916713,,0.21340961808368863,4.118768399799636
4165,1.0315334043815363,-0.07931125286508414,,0.2139038110479646,4.1179871831174335
4166,1.0313747818758074,-0.07950595391729255,,0.21439222011904557,4.1172056814175875
4167,1.0312157699679743,-0.07969857669849881,,0.21487484686974304,4.116423896150915
4168,1.0310563728145785,-0.0798891207612298,,0.2153516930089912,4.115641828795002
4169,1.0308965945730573,-0.08007758570773611,,0.21582276038146417,4.114859480853912
4170,1.0307364394016432,-0.08026397118985987,,0.2162880509670997,4.114076853857995
4171,1.0305759114592647,-0.08044827690892642,,0.21674756688068508,4.113293949363614
4172,1.030415014905448,-0.08063050261565476,,0.21720131037149287,4.112510768952836
4173,1.030253753900218,-0.08081064811003508,,0.21764928382282928,4.1117273142332005
4174,1.030092132603999,-0.08098871324119405,,0.21809148975155127,4.1109435868375215
4175,1.0299301551775177,-0.08116469790731165,,0.21852793080771774,4.110159588423529
4176,1.0297678257817042,-0.08133860205550213,,0.21895860977414652,4.109375320673603
4177,1.0296051485775943,-0.0815104256816721,,0.21938352956591187,4.108590785294587
4178,1.029442127726232,-0.081680168830419,,0.21980269322994736,4.107805984017465
4179,1.0292787673885722,-0.0818478315949297,,0.22021610394464886,4.107020918597047
4180,1.0291150717253832,-0.08201341411683613,,0.22062376501936554,4.106235590811773
4181,1.0289510448971504,-0.08217691658609196,,0.22102567989394564,4.1054500024634635
4182,1.0287866910639791,-0.0823383392408747,,0.22142185213834825,4.104664155376966
4183,1.0286220143854983,-0.08249768236744759,,0.2218122854521494,4.103878051399913
4184,1.0284570190207643,-0.08265494630001914,,0.22219698366404342,4.103091692402502
4185,1.028291709128165,-0.0828101314206425,,0.2225759507314468,4.10230508027714
4186,1.0281260888653243,-0.08296323815909067,,0.2229491907400393,4.101518216938159
4187,1.027960162389007,-0.0831142669927051,,0.2233167079032371,4.100731104321629
4188,1.0277939338550222,-0.08326321844627836,,0.22367850656175264,4.099943744385049
4189,1.0276274074181302,-0.0834100930919402,,0.22403459118316482,4.0991561391070235
4190,1.0274605872319469,-0.08355489154901007,,0.22438496636140062,4.098368290487022
4191,1.0272934774488494,-0.08369761448385576,,0.22472963681623326,4.097580200545137
4192,1.0271260822198822,-0.08383826260978701,,0.22506860739287107,4.096791871321709
4193,1.0269584056946632,-0.08397683668691237,,0.22540188306145043,4.096003304877071
4194,1.0267904520212898,-0.08411333752198281,,0.22572946891649606,4.095214503291364
4195,1.0266222253462463,-0.08424776596827917,,0.22605137017649343,4.094425468664175
4196,1.0264537298143102,-0.08438012292547988,,0.22636759218341054,4.093636203114238
4197,1.0262849695684595,-0.08451040933950509,,0.22667814040215856,4.092846708779209
4198,1.0261159487497808,-0.08463862620237933,,0.22698302042010018,4.0920569878153765
4199,1.0259466714973764,-0.0847647745521135,,0.2272822379466085,4.091267042397307
4200,1.0257771419482724,-0.08488885547255075,,0.2275757988125327,4.09047687471761
4201,1.0256073642373276,-0.08501087009320896,,0.22786370896965502,4.0896864869867375
4202,1.0254373424971412,-0.08513081958916272,,0.22814597449024923,4.088895881432588
4203,1.0252670808579631,-0.08524870518089908,,0.2284226015665714,4.088105060300223
4204,1.0250965834476014,-0.08536452813415246,,0.22869359651029778,4.087314025851663
4205,1.024925854391333,-0.08547828975977041,,0.22895896575204147,4.0865227803655575
4206,1.0247548978118135,-0.08558999141358231,,0.22921871584087797,4.085731326136864
4207,1.0245837178289863,-0.08569963449623651,,0.22947285344378857,4.084939665476617
4208,1.0244123185599938,-0.08580722045304488,,0.22972138534512343,4.084147800711688
4209,1.0242407041190875,-0.08591275077385796,,0.22996431844614304,4.08335573418439
4210,1.0240688786175396,-0.08601622699290995,,0.2302016597644826,4.082563468252223
4211,1.0238968461635536,-0.08611765068864778,,0.23043341643357496,4.081771005287658
4212,1.023724610862176,-0.08621702348359547,,0.2306595957021661,4.080978347677814
4213,1.0235521768152085,-0.0863143470442135,,0.23088020493381614,4.080185497824123
4214,1.0233795481211199,-0.08640962308072672,,0.2310952516063207,4.079392458142117
4215,1.023206728874958,-0.08650285334696897,,0.23130474331117498,4.078599231061154
4216,1.0230337231682636,-0.08659403964024973,,0.2315086877530943,4.077805819024044
4217,1.0228605350889826,-0.08668318380119121,,0.23170709274946005,4.077012224486808
4218,1.0226871687213797,-0.08677028771355616,,0.23189996622974177,4.076218449918475
4219,1.022513628145952,-0.08685535330410968,,0.23208731623500548,4.075424497800712
4220,1.022339917439343,-0.08693838254246816,,0.23226915091739064,4.074630370627515
4221,1.0221660406742574,-0.08701937744092221,,0.23244547853951916,4.073836070904998
4222,1.021992001919375,-0.08709834005427665,,0.2326163074739503,4.073041601151118
4223,1.0218178052392657,-0.08717527247971098,,0.2327816462026865,4.072246963895322
4224,1.0216434546943054,-0.08725017685661088,,0.2329415033166067,4.071452161678287
4225,1.0214689543405913,-0.08732305536639115,,0.23309588751487736,4.070657197051725
4226,1.0212943082298576,-0.08739391023235314,,0.23324480760445138,4.069862072577996
4227,1.021119520409392,-0.08746274371952611,,0.23338827249952776,4.069066790829831
4228,1.020944594921952,-0.08752955813448883,,0.2335262912209598,4.0682713543901325
4229,1.020769535805682,-0.0875943558252072,,0.23365887289570558,4.067475765851677
4230,1.0205943470940306,-0.08765713918088583,,0.23378602675631285,4.0666800278167665
4231,1.0204190328156677,-0.0877179106317943,,0.2339077621403409,4.065884142896982
4232,1.020243596994403,-0.08777667264908812,,0.23402408848976872,4.065088113712981
4233,1.0200680436491036,-0.08783342774465894,,0.23413501535047868,4.064291942894136
4234,1.019892376793613,-0.0878881784709702,,0.2342405523717023,4.063495633078252
4235,1.0197166004366698,-0.08794092742087617,,0.2343407093054251,4.062699186911347
4236,1.0195407185818266,-0.08799167722745507,,0.23443549600582794,4.06190260704739
4237,1.0193647352273703,-0.08804043056385517,,0.23452492242876016,4.061105896147935
4238,1.0191886543662412,-0.08808719014311961,,0.2346089986311609,4.0603090568819065
4239,1.0190124799859535,-0.08813195871800375,,0.23468773477046048,4.059512091925372
4240,1.0188362160685158,-0.08817473908081921,,0.23476114110405083,4.058715003961207
4241,1.0186598665903526,-0.08821553406326525,,0.2348292279887232,4.057917795678805
4242,1.0184834355222243,-0.08825434653624357,,0.23489200588006454,4.057120469773869
4243,1.0183069268291502,-0.08829117940968587,,0.23494948533188773,4.0563230289481575
4244,1.0181303444703291,-0.08832603563239783,,0.23500167699570257,4.055525475909131
4245,1.0179536923990626,-0.08835891819187855,,0.23504859162012542,4.054727813369724
4246,1.017776974562677,-0.08838983011413405,,0.23509024005027443,4.053930044048135
4247,1.017600194902447,-0.08841877446351805,,0.23512663322723448,4.053132170667504
4248,1.0174233573535179,-0.08844575434256172,,0.23515778218749406,4.052334195955619
4249,1.0172464658448308,-0.08847077289178638,,0.23518369806233982,4.0515361226447135
4250,1.017069524299045,-0.08849383328952436,,0.2352043920772724,4.050737953471228
4251,1.016892536632464,-0.08851493875175868,,0.2352198755514695,4.049939691175456
4252,1.0167155067549583,-0.08853409253194124,,0.23523015989719664,4.049141338501327
4253,1.0165384385698921,-0.0885512979208022,,0.23523525661919378,4.048342898196187
4254,1.0163613359740482,-0.08856655824618352,,0.23523517731412646,4.047544373010512
4255,1.0161842028575536,-0.08857987687286889,,0.2352299336700262,4.046745765697617
4256,1.0160070431038055,-0.08859125720239407,,0.23521953746568178,4.045947079013417
4257,1.0158298605893983,-0.08860070267286144,,0.23520400057004448,4.045148315716267
4258,1.01565265918405,-0.08860821675877954,,0.2351833349416925,4.044349478566555
4259,1.01547544275053,-0.08861380297088124,,0.23515755262824706,4.043550570326532
4260,1.0152982151445855,-0.0886174648559284,,0.23512666576575023,4.042751593760087
4261,1.015120980214871,-0.08861920599653668,,0.2350906865780963,4.041952551632452
4262,1.0149437418028753,-0.0886190300110057,,0.23504962737647833,4.0411534467099575
4263,1.0147665037428506,-0.08861694055312984,,0.23500350055878408,4.040354281759777
4264,1.0145892698617416,-0.08861294131200648,,0.2349523186089872,4.039555059549739
4265,1.0144120439791147,-0.0886070360118701,,0.23489609409660556,4.038755782848044
4266,1.014234829907088,-0.08859922841191059,,0.23483483967611699,4.037956454422955
4267,1.0140576314502612,-0.08858952230607907,,0.23476856808634802,4.037157077042673
4268,1.013880452405646,-0.08857792152290535,,0.23469729214989024,4.036357653475079
4269,1.013703296562597,-0.08856442992532816,,0.23462102477254865,4.035558186487387
4270,1.0135261677027432,-0.08854905141050724,,0.23453977894274788,4.034758678846002
4271,1.013349069599919,-0.0885317899096256,,0.2344535677309121,4.033959133316302
4272,1.0131720060200964,-0.08851264938771604,,0.23436240428890542,4.033159552662329
4273,1.0129949807213177,-0.08849163384348246,,0.23426630184946376,4.032359939646583
4274,1.0128179974536273,-0.08846874730910465,,0.2341652737255819,4.031560297029801
4275,1.0126410599590057,-0.08844399385004897,,0.23405933330991807,4.030760627570745
4276,1.0124641719713021,-0.08841737756489748,,0.23394849407424556,4.029960934025942
4277,1.0122873372161687,-0.08838890258516076,,0.23383276956886312,4.029161219149429
4278,1.0121105594109947,-0.08835857307508037,,0.23371217342198003,4.0283614856925904
4279,1.011933842264841,-0.08832639323144864,,0.23358671933914707,4.027561736403933
4280,1.0117571894783743,-0.08829236728342979,,0.23345642110268883,4.026761974028798
4281,1.0115806047438036,-0.08825649949236675,,0.2333212925711021,4.025962201309159
4282,1.011404091744815,-0.08821879415158546,,0.23318134767844922,4.025162420983474
4283,1.011227654156508,-0.08817925558621999,,0.23303660043380398,4.024362635786407
4284,1.0110512956453315,-0.08813788815302638,,0.23288706492066852,4.023562848448573
4285,1.0108750198690213,-0.08809469624018611,,0.23273275529636683,4.022763061696393
4286,1.0106988304765367,-0.08804968426711766,,0.232573685791459,4.021963278251892
4287,1.0105227311079983,-0.0880028566842993,,0.23240987070918295,4.021163500832417
4288,1.0103467253946254,-0.0879542179730795,,0.23224132442486692,4.020363732150432
4289,1.010170816958675,-0.08790377264548006,,0.23206806138532504,4.0195639749133925
4290,1.0099950094133796,-0.08785152524401209,,0.23189009610828434,4.018764231823477
4291,1.009819306362887,-0.08779748034149328,,0.23170744318181583,4.017964505577356
4292,1.0096437114021997,-0.08774164254085227,,0.23152011726373517,4.017164798866024
4293,1.0094682281171135,-0.08768401647493428,,0.23132813308100622,4.016365114374632
4294,1.009292860084159,-0.08762460680632192,,0.2311315054291839,4.015565454782223
4295,1.0091176108705417,-0.08756341822714958,,0.23093024917184132,4.014765822761534
4296,1.0089424840340828,-0.08750045545890328,,0.23072437923996178,4.013966220978844
4297,1.0087674831231603,-0.08743572325223098,,0.2305139106313568,4.013166652093781
4298,1.008592611676651,-0.08736922638676382,,0.23029885841011338,4.01236711875907
4299,1.0084178732238727,-0.08730096967092398,,0.23007923770600752,4.011567623620369
4300,1.008243271284526,-0.08723095794172704,,0.2298550637139061,4.010768169316117
4301,1.0080688093686374,-0.08715919606459795,,0.22962635169320147,4.009968758477315
4302,1.007894490976503,-0.08708568893318508,,0.22939311696724418,4.00916939372731
4303,1.0077203195986315,-0.08701044146916422,,0.22915537492274907,4.008370077681637
4304,1.007546298715688,-0.08693345862204171,,0.2289131410092019,4.00757081294787
4305,1.0073724317984387,-0.0868547453689757,,0.22866643073831155,4.006771602125395
4306,1.0071987223076955,-0.08677430671458809,,0.2284152596834394,4.005972447805214
4307,1.0070251736942608,-0.08669214769076779,,0.2281596434790079,4.005173352569807
4308,1.0068517893988738,-0.08660827335647635,,0.22789959781991628,4.004374318992971
4309,1.0066785728521552,-0.0865226887975697,,0.22763513846099628,4.003575349639589
4310,1.0065055274745545,-0.08643539912660554,,0.22736628121643412,4.002776447065479
4311,1.0063326566762956,-0.08634640948264242,,0.22709304195917135,4.001977613817243
4312,1.0061599638573246,-0.08625572503105508,,0.2268154366203471,4.001178852432096
4313,1.0059874524072567,-0.0861633509633523,,0.22653348118874925,4.000380165437669
4314,1.0058151257053243,-0.08606929249698085,,0.22624719171022914,3.9995815553518392
4315,1.0056429871203245,-0.0859735548751261,,0.22595658428710982,3.998783024682621
4316,1.0054710400105684,-0.08587614336653021,,0.22566167507763987,3.9979845759279726
4317,1.0052992877238294,-0.08577706326530701,,0.2253624802954383,3.9971862115756034
4318,1.0051277335972928,-0.08567631989074545,,0.22505901620891275,3.9963879341028496
4319,1.0049563809575053,-0.08557391858711533,,0.224751299140684,3.995589745976539
4320,1.0047852331203249,-0.08546986472348798,,0.22443934546704822,3.994791649652793
4321,1.0046142933908717,-0.08536416369354513,,0.22412317161741133,3.9939936475768776
4322,1.0044435650634784,-0.08525682091537948,,0.22380279407370135,3.9931957421830675
4323,1.0042730514216414,-0.0851478418313031,,0.22347822936980424,3.9923979358945267
4324,1.0041027557379723,-0.0850372319076698,,0.22314949409103282,3.9916002311231003
4325,1.0039326812741505,-0.08492499663468198,,0.22281660487355923,3.9908026302691804
4326,1.0037628312808746,-0.08481114152619457,,0.2224795784038407,3.9900051357216038
4327,1.0035932089978157,-0.08469567211952658,,0.22213843141806475,3.9892077498574943
4328,1.00342381765357,-0.0845785939752782,,0.22179318070160872,3.988410475042086
4329,1.0032546604656125,-0.08445991267713836,,0.2214438430884777,3.9876133136286085
4330,1.0030857406402514,-0.08433963383168845,,0.22109043546073234,3.986816267958176
4331,1.002917061372581,-0.08421776306822244,,0.2207329747479592,3.986019340359627
4332,1.0027486258464378,-0.0840943060385595,,0.22037147792672332,3.985222533149378
4333,1.0025804372343536,-0.0839692684168478,,0.22000596201999803,3.984425848631298
4334,1.002412498697513,-0.08384265589937116,,0.21963644409660443,3.983629289096622
4335,1.0022448133857071,-0.08371447420436766,,0.21926294127068113,3.9828328568237774
4336,1.0020773844372912,-0.08358472907184232,,0.2188854707011392,3.9820365540782467
4337,1.0019102149791403,-0.0834534262633762,,0.21850404959111075,3.9812403831124845
4338,1.0017433081266063,-0.08332057156193412,,0.21811869518739332,3.9804443461657977
4339,1.0015766669834751,-0.08318617077168389,,0.21772942477992444,3.979648445464187
4340,1.0014102946419243,-0.08305022971780641,,0.21733625570123366,3.97885268322024
4341,1.0012441941824812,-0.08291275424630463,,0.21693920532589372,3.9780570616330357
4342,1.001078368673981,-0.08277375022381306,,0.21653829106997302,3.9772615828880395
4343,1.0009128211735259,-0.08263322353741835,,0.21613353039051603,3.976466249156933
4344,1.0007475547264433,-0.08249118009447266,,0.21572494078500834,3.9756710625975393
4345,1.0005825723662467,-0.08234762582239702,,0.21531253979081577,3.97487602535373
4346,1.0004178771145942,-0.08220256666849557,,0.21489634498465213,3.9740811395553033
4347,1.0002534719812493,-0.08205600859977602,,0.21447637398206335,3.973286407317856
4348,1.000089359964042,-0.08190795760275998,,0.2140526444368871,3.9724918307426975
4349,0.9999255440488285,-0.08175841968329145,,0.21362517404070908,3.971697411916768
4350,0.999762027209454,-0.0816074008663578,,0.21319398052235086,3.9709031529125176
4351,0.9995988124077132,-0.08145490719590764,,0.21275908164735108,3.970109055787791
4352,0.9994359025933133,-0.0813009447346568,,0.2123204952174166,3.9693151225857504
4353,0.9992733007038358,-0.08114551956390083,,0.21187823906989287,3.9685213553348064
4354,0.9991110096646998,-0.08098863778333414,,0.21143233107724912,3.9677277560484803
4355,0.9989490323891248,-0.08083030551086615,,0.21098278914655927,3.9669343267253234
4356,0.9987873717780947,-0.08067052888243627,,0.2105296312189796,3.9661410693488355
4357,0.9986260307203214,-0.08050931405182553,,0.21007287526921928,3.965347985887398
4358,0.9984650120922093,-0.08034666719047678,,0.2096125393050325,3.9645550782941554
4359,0.9983043187578198,-0.08018259448730938,,0.20914864136669784,3.9637623485069278
4360,0.9981439535688366,-0.08001710214853214,,0.2086811995264945,3.962969798448158
4361,0.9979839193645309,-0.07985019639746091,,0.20821023188819116,3.9621774300248327
4362,0.9978242189717272,-0.07968188347434059,,0.20773575658654558,3.961385245128369
4363,0.9976648552047698,-0.07951216963616463,,0.20725779178680012,3.960593245634547
4364,0.9975058308654886,-0.07934106115648344,,0.20677635568414943,3.959801433403458
4365,0.9973471487431668,-0.07916856432522003,,0.20629146650322647,3.9590098102794293
4366,0.9971888116145075,-0.07899468544849644,,0.2058031424976178,3.9582183780909235
4367,0.9970308222436015,-0.07881943084844785,,0.2053114019493473,3.9574271386504707
4368,0.9968731833818956,-0.07864280686303914,,0.20481626316836857,3.956636093754639
4369,0.9967158977681604,-0.07846481984588727,,0.20431774449207174,3.9558452451839465
4370,0.9965589681284595,-0.07828547616608521,,0.20381586428479453,3.9550545947027778
4371,0.9964023971761181,-0.07810478220801449,,0.2033106409373061,3.9542641440593314
4372,0.9962461876116928,-0.07792274437116085,,0.20280209286629927,3.9534738949855806
4373,0.9960903421229412,-0.07773936906994186,,0.20229023851391403,3.9526838491971987
4374,0.995934863384792,-0.07755466273352836,,0.20177509634724566,3.951894008393487
4375,0.9957797540593155,-0.07736863180566177,,0.20125668485784334,3.951104374257323
4376,0.9956250167956947,-0.07718128274447536,,0.2007350225612207,3.9503149484551328
4377,0.9954706542301962,-0.0769926220223147,,0.2002101279963629,3.9495257326368223
4378,0.995316668986142,-0.07680265612556156,,0.19968201972524455,3.9487367284357053
4379,0.9951630636738813,-0.07661139155445452,,0.19915071633234024,3.947947937468469
4380,0.9950098408907627,-0.07641883482290672,,0.19861623642412793,3.9471593613351508
4381,0.9948570032211073,-0.07622499245833605,,0.19807859862862512,3.9463710016190645
4382,0.9947045532361808,-0.0760298710014938,,0.19753782159492173,3.9455828598867497
4383,0.994552493494168,-0.07583347700627933,,0.19699392399267807,3.944794937687942
4384,0.9944008265401456,-0.07563581703955996,,0.196446924511637,3.9440072365555516
4385,0.9942495549060566,-0.07543689768100274,,0.19589684186116657,3.9432197580055903
4386,0.9940986811106847,-0.07523672552289812,,0.19534369476978314,3.9424325035371353
4387,0.9939482076596289,-0.07503530716998215,,0.19478750198467176,3.9416454746323075
4388,0.9937981370452789,-0.07483264923926171,,0.19422828227121525,3.9408586727562516
4389,0.9936484717467903,-0.07462875835984645,,0.19366605441253956,3.9400720993570677
4390,0.9934992142300605,-0.07442364117277106,,0.19310083720903679,3.9392857558657943
4391,0.9933503669477047,-0.07421730433081898,,0.1925326494778921,3.938499643696381
4392,0.9932019323390329,-0.07400975449834707,,0.1919615100526132,3.9377137642456685
4393,0.9930539128300259,-0.07380099835111997,,0.19138743778258666,3.936928118893351
4394,0.9929063108333133,-0.07359104257614082,,0.19081045153262385,3.9361427090019374
4395,0.9927591287481506,-0.07337989387147657,,0.19023057018249548,3.9353575359167485
4396,0.9926123689603973,-0.07316755894607846,,0.1896478126264536,3.9345726009659074
4397,0.9924660338424947,-0.07295404451961737,,0.18906219777279162,3.9337879054602793
4398,0.992320125753445,-0.07273935732231486,,0.18847374454339544,3.9330034506934735
4399,0.9921746470387898,-0.07252350409476636,,0.1878824718732743,3.9322192379418284
4400,0.9920296000305897,-0.07230649158777361,,0.18728839871011652,3.9314352684644027
4401,0.9918849870474036,-0.07208832656218342,,0.18669154401386162,3.9306515435029468
4402,0.9917408103942685,-0.07186901578871463,,0.18609192675624284,3.929868064281885
4403,0.9915970723626805,-0.0716485660477857,,0.18548956592033236,3.9290848320083183
4404,0.9914537752305742,-0.07142698412934438,,0.18488448050009262,3.92830184787202
4405,0.9913109212623048,-0.0712042768327048,,0.18427668949994627,3.927519113045405
4406,0.9911685127086286,-0.07098045096638562,,0.1836662119343505,3.926736628683524
4407,0.991026551806685,-0.07075551334793519,,0.18305306682733893,3.9259543959240735
4408,0.9908850407799782,-0.07052947080376747,,0.18243727321209113,3.9251724158874017
4409,0.9907439818383598,-0.07030233016899828,,0.18181885013050322,3.924390689676476
4410,0.9906033771780108,-0.07007409828727691,,0.18119781663274792,3.9236092183768823
4411,0.9904632289814252,-0.0698447820106196,,0.18057419177684017,3.9228280030568534
4412,0.9903235394173929,-0.0696143881992449,,0.1799479946282079,3.9220470447672553
4413,0.9901843106409833,-0.06938292372141368,,0.17931924425927484,3.9212663445415785
4414,0.9900455447935295,-0.0691503954532711,,0.17868795974905,3.920485903395953
4415,0.9899072440026118,-0.06891681027867581,,0.1780541601826844,3.919705722329158
4416,0.9897694103820432,-0.06868217508903425,,0.17741786465104178,3.9189258023226343
4417,0.989632046031854,-0.06844649678314263,,0.17677909225028876,3.918146144340472
4418,0.9894951530382764,-0.0682097822670259,,0.17613786208147905,3.9173667493294233
4419,0.989358733473731,-0.06797203845377378,,0.17549419325013013,3.91658761821893
4420,0.9892227893968122,-0.06773327226338058,,0.17484810486581084,3.9158087519211393
4421,0.9890873228522741,-0.0674934906225904,,0.17419961604174203,3.9150301513308894
4422,0.9889523358710175,-0.06725270046473396,,0.17354874589437772,3.914251817325745
4423,0.9888178304700767,-0.06701090872956449,,0.1728955135429835,3.913473750766002
4424,0.9886838086526061,-0.06676812236309948,,0.1722399381092314,3.9126959524947273
4425,0.9885502724078684,-0.06652434831746525,,0.17158203871680192,3.9119184233377493
4426,0.988417223711222,-0.06627959355074253,,0.1709218344909889,3.9111411641036957
4427,0.988284664524109,-0.06603386502680905,,0.17025934455829853,3.910364175583999
4428,0.9881525967940439,-0.06578716971517776,,0.16959458804603728,3.90958745855297
4429,0.988021022454602,-0.06553951459084048,,0.16892758408191239,3.908811013767734
4430,0.9878899434254088,-0.0652909066341133,,0.1682583517936408,3.9080348419683415
4431,0.987759361612129,-0.06504135283047886,,0.1675869103085471,3.907258943877712
4432,0.9876292789064564,-0.06479086017043165,,0.1669132787531739,3.9064833202017772
4433,0.9874996971861039,-0.0645394356493277,,0.16623747625289856,3.9057079716293557
4434,0.9873706183147936,-0.06428708626723312,,0.16555952193155418,3.9049328988323593
4435,0.9872420441422475,-0.06403381902876559,,0.16487943491102497,3.9041581024656153
4436,0.9871139765041783,-0.06377964094293671,,0.16419723431085448,3.903383583167171
4437,0.9869864172222808,-0.06352455902300483,,0.16351293924786844,3.902609341557984
4438,0.986859368104223,-0.06326858028632418,,0.16282656883580415,3.9018353782423523
4439,0.9867328309436386,-0.06301171175419211,,0.16213814218491757,3.9010616938075002
4440,0.9866068075201185,-0.06275396045169926,,0.16144767840161905,3.900288288824149
4441,0.9864812995992034,-0.06249533340758129,,0.16075519658809,3.8995151638459395
4442,0.9863563089323765,-0.06223583765406249,,0.16006071584190554,3.8987423194101525
4443,0.9862318372570565,-0.06197548022671062,,0.15936425525565742,3.897969756036995
4444,0.9861078862965913,-0.06171426816428079,,0.15866583391658112,3.8971974742304667
4445,0.9859844577602509,-0.06145220850857604,,0.15796547090619237,3.896425474477543
4446,0.9858615533432219,-0.06118930830429697,,0.15726318529993086,3.895653757249068
4447,0.9857391747266014,-0.06092557459890117,,0.15655899616679528,3.8948823229989884
4448,0.9856173235773917,-0.06066101444244295,,0.1558529225689604,3.894111172165142
4449,0.985496001548495,-0.060395634887439216,,0.15514498356143436,3.893340305168703
4450,0.9853752102787083,-0.06012944298870908,,0.1544351981916678,3.892569722414584
4451,0.985254951392719,-0.05986244580324653,,0.15372358549924164,3.8917994242914635
4452,0.9851352265011006,-0.05959465039005371,,0.15301016451544577,3.8910294111714236
4453,0.9850160372003086,-0.05932606381002413,,0.15229495426301434,3.8902596834110006
4454,0.9848973850726767,-0.05905669312577569,,0.15157797375567916,3.889490241349501
4455,0.9847792716864132,-0.05878654540153006,,0.15085924199792736,3.8887210853116554
4456,0.9846616985955983,-0.05851562770293325,,0.15013877798448694,3.8879522156040633
4457,0.9845446673401805,-0.05824394709695907,,0.14941660070018925,3.887183632520021
4458,0.9844281794459747,-0.057971510651718246,,0.148692729119379,3.8864153363334992
4459,0.9843122364246594,-0.057698325436375604,,0.14796718220586352,3.8856473273066725
4460,0.9841968397737747,-0.05742439852094873,,0.14723997891224375,3.8848796056810633
4461,0.9840819909767209,-0.057149736976232296,,0.1465111381799368,3.8841121716879834
4462,0.9839676915027565,-0.0568743478735866,,0.1457806789384286,3.883345025536791
4463,0.9838539428069975,-0.0565982382848729,,0.1450486201053743,3.882578167428014
4464,0.9837407463304159,-0.056321415282232966,,0.14431498058578754,3.8818115975393117
4465,0.9836281034998395,-0.05604388593803996,,0.14357977927221258,3.881045316040388
4466,0.9835160157279516,-0.055765657324673805,,0.14284303504388549,3.880279323077832
4467,0.9834044844132903,-0.05548673651447736,,0.14210476676692294,3.879513618790323
4468,0.9832935109402495,-0.05520713057952714,,0.14136499329348715,3.878748203294117
4469,0.9831830966790787,-0.05492684659157441,,0.1406237334619048,3.87798307669665
4470,0.9830732429858836,-0.05464589162184481,,0.13988100609595563,3.8772182390845797
4471,0.982963951202628,-0.05436427274096288,,0.13913683000488422,3.876453690533905
4472,0.9828552226571343,-0.05408199701876687,,0.13839122398280843,3.875689431102333
4473,0.982747058663085,-0.053799071524217264,,0.13764420680859984,3.874925460834437
4474,0.9826394605200247,-0.0535155033252383,,0.13689579724545925,3.8741617797594166
4475,0.9825324295133624,-0.053231299488595056,,0.1361460140406167,3.873398387890665
4476,0.9824259669143734,-0.0529464670797603,,0.1353948759250702,3.8726352852290105
4477,0.9823200739802022,-0.05266101316276582,,0.13464240161313198,3.8718724717572575
4478,0.9822147519538649,-0.05237494480010451,,0.13388860980233214,3.8711099474476938
4479,0.9821100020642529,-0.05208826905256469,,0.13313351917286756,3.8703477122534444
4480,0.9820058255261361,-0.051800992979140974,,0.1323771483875595,3.869585766117832
4481,0.9819022235401662,-0.05151312363686396,,0.13161951609128605,3.868824108965341
4482,0.9817991972928808,-0.05122466808070292,,0.13086064091090038,3.868062740709962
4483,0.9816967479567077,-0.050935633363413196,,0.13010054145474864,3.867301661248379
4484,0.9815948766899693,-0.05064602653542482,,0.12933923631249747,3.866540870465134
4485,0.9814935846368869,-0.050355854644703685,,0.12857674405475422,3.865780368229673
4486,0.9813928729275859,-0.050065124736631814,,0.1278130832328028,3.8650201543973544
4487,0.9812927426781011,-0.049773843853890054,,0.12704827237834806,3.86426022881057
4488,0.9811931949903818,-0.04948201903631607,,0.12628233000313527,3.8635005912961344
4489,0.9810942309522978,-0.04918965732079221,,0.1255152745987544,3.86274124166922
4490,0.9809958516376447,-0.04889676574110008,,0.12474712463622345,3.861982179729003
4491,0.980898058106151,-0.048603351327823736,,0.12397789856584095,3.861223405263169
4492,0.980800851403484,-0.04830942110820488,,0.12320761481678079,3.8604649180440838
4493,0.9807042325612563,-0.04801498210603529,,0.12243629179689418,3.8597067178318873
4494,0.9806082025970329,-0.047720041341528914,,0.12166394789238211,3.8589488043727327
4495,0.9805127625143385,-0.04742460583119785,,0.12089060146751668,3.8581911773994624
4496,0.9804179133026648,-0.04712868258773469,,0.12011627086437891,3.857433836632256
4497,0.9803236559374782,-0.04683227861988266,,0.11934097440253286,3.8566767817772343
4498,0.9802299913802273,-0.04653540093232141,,0.11856473037879596,3.855920012528606
4499,0.9801369205783514,-0.046238056525547,,0.11778755706692746,3.855163528566504
4500,0.9800444444652893,-0.045940252395758094,,0.11700947271739985,3.8544073295591557
4501,0.9799525639604867,-0.045641995534734484,,0.11623049555709426,3.853651415161333
4502,0.9798612799694062,-0.045343292929715485,,0.11545064378903573,3.8528957850154604
4503,0.9797705933835358,-0.045044151563278956,,0.11466993559211013,3.8521404387513583
4504,0.9796805050803983,-0.044744578413231303,,0.11388838912081013,3.8513853759860486
4505,0.9795910159235609,-0.04444458045248692,,0.11310602250496991,3.8506305963246077
4506,0.9795021267626451,-0.04414416464895252,,0.11232285384948636,3.849876099359231
4507,0.9794138384333365,-0.043843337965415785,,0.11153890123408215,3.8491218846703994
4508,0.979326151757395,-0.04354210735942961,,0.11075418271302861,3.848367951826029
4509,0.9792390675426654,-0.04324047978319628,,0.10996871631489187,3.847614300382238
4510,0.9791525865830885,-0.0429384621834463,,0.109182520042251,3.846860929883087
4511,0.979066709658711,-0.04263606150133059,,0.1083956118714558,3.8461078398607063
4512,0.9789814375356979,-0.04233328467230548,,0.10760800975236923,3.845355029835607
4513,0.9788967709663429,-0.04203013862602838,,0.1068197316081287,3.8446024993163963
4514,0.9788127106890804,-0.04172663028623863,,0.1060307953348815,3.8438502478003227
4515,0.9787292574284976,-0.04142276657065064,,0.10524121880153922,3.8430982747729336
4516,0.9786464118953461,-0.04111855439083913,,0.10445101984952358,3.8423465797085283
4517,0.9785641747865542,-0.04081400065212391,,0.1036602162925026,3.8415951620699933
4518,0.9784825467852398,-0.04050911225347283,,0.1028688259161787,3.8408440213090462
4519,0.9784015285607228,-0.0402038960873728,,0.10207686647799331,3.8400931568662937
4520,0.978321120768538,-0.03989835903974244,,0.10128435570693756,3.8393425681712703
4521,0.9782413240504486,-0.03959250798981542,,0.10049131130329085,3.838592254642691
4522,0.9781621390344591,-0.03928634981003175,,0.09969775093837513,3.8378422156883096
4523,0.9780835663348293,-0.0389798913659339,,0.09890369225432848,3.8370924507052973
4524,0.9780056065520877,-0.03867313951604314,,0.09810915286382078,3.8363429590800577
4525,0.9779282602730459,-0.038366101111778204,,0.09731415034988417,3.8355937401885534
4526,0.9778515280708128,-0.03805878299732855,,0.09651870226562363,3.8348447933962753
4527,0.9777754105048085,-0.03775119200956337,,0.09572282613401999,3.834096118058341
4528,0.97769990812078,-0.03744333497792654,,0.09492653944769955,3.833347713519748
4529,0.9776250214508148,-0.037135218724321316,,0.09412985966867234,3.8325995791151923
4530,0.9775507510133568,-0.036826850063021714,,0.09333280422814584,3.831851714169504
4531,0.9774770973132215,-0.03651823580054647,,0.09253539052623605,3.8311041179974237
4532,0.9774040608416112,-0.03620938273557736,,0.09173763593179757,3.8303567899039326
4533,0.977331642076131,-0.03590029765884385,,0.09093955778216528,3.8296097291842877
4534,0.9772598414808044,-0.03559098735302694,,0.090141173382944,3.8288629351239987
4535,0.9771886595060894,-0.03528145859267072,,0.08934250000782261,3.8281164069992184
4536,0.9771180965888951,-0.034971718144053476,,0.08854355489827823,3.8273701440764736
4537,0.9770481531525983,-0.034661772765114424,,0.08774435526342957,3.8266241456130996
4538,0.9769788296070594,-0.03435162920532978,,0.08694491827975595,3.825878410857138
4539,0.9769101263486402,-0.03404129420562628,,0.08614526109091386,3.82513293904745
4540,0.9768420437602204,-0.033730774498288485,,0.08534540080753962,3.824387729414004
4541,0.9767745822112155,-0.033420076806838894,,0.08454535450697778,3.82364278117765
4542,0.9767077420575936,-0.03310920784597411,,0.08374513923315939,3.822898093550598
4543,0.9766415236418935,-0.03279817432143488,,0.08294477199630548,3.8221536657362236
4544,0.9765759272932425,-0.03248698292992279,,0.08214426977275326,3.821409496929287
4545,0.9765109533273747,-0.032175640359008176,,0.08134364950476007,3.8206655863161307
4546,0.9764466020466488,-0.03186415328701017,,0.0805429281002331,3.8199219330745064
4547,0.9763828737400669,-0.03155252838293775,,0.07974212243261979,3.8191785363740327
4548,0.9763197686832934,-0.031240772306363008,,0.07894124934062059,3.818435395376001
4549,0.9762572871386731,-0.03092889170734936,,0.07814032562804504,3.8176925092336247
4550,0.9761954293552509,-0.030616893226351354,,0.07733936806359534,3.816949877092196
4551,0.9761341955687909,-0.030304783494101067,,0.07653839338061302,3.8162074980889553
4552,0.9760735860017954,-0.02999256913154648,,0.075737418276963,3.815465371353508
4553,0.9760136008635252,-0.02968025674972839,,0.0749364594147561,3.8147234960076535
4554,0.9759542403500187,-0.029367852949707146,,0.07413553342020202,3.813981871165639
4555,0.9758955046441122,-0.029055364322473323,,0.07333465688342061,3.813240495934286
4556,0.9758373939154604,-0.028742797448837544,,0.07253384635819848,3.812499369412923
4557,0.975779908320556,-0.028430158899370558,,0.07173311836187682,3.8117584906937387
4558,0.9757230480027507,-0.02811745523427507,,0.07093248937506243,3.811017858861649
4559,0.9756668130922757,-0.02780469300331816,,0.07013197584149508,3.8102774729945357
4560,0.9756112037062626,-0.027491878745742864,,0.06933159416786143,3.809537332163365
4561,0.9755562199487648,-0.02717901899015705,,0.06853136072355023,3.808797435432142
4562,0.9755018619107784,-0.02686612025448178,,0.0677312918405609,3.808057781858235
4563,0.9754481296702634,-0.026553189045832298,,0.06693140381323873,3.8073183704922915
4564,0.9753950232921659,-0.026240231860441637,,0.06613171289811991,3.806579200378424
4565,0.9753425428284392,-0.025927255183581615,,0.06533223531376992,3.805840270554361
4566,0.9752906883180664,-0.02561426548944411,,0.06453298724052,3.8051015800514083
4567,0.975239459787082,-0.025301269241095797,,0.06373398482039186,3.804363127894719
4568,0.9751888572485945,-0.0249882728903618,,0.06293524415684039,3.803624913103281
4569,0.9751388807028085,-0.02467528287774911,,0.062136781314598516,3.8028869346900613
4570,0.9750895301370479,-0.024362305632382026,,0.061338612319552135,3.8021491916621564
4571,0.9750408055257781,-0.0240493475718785,,0.06054075315846511,3.8014116830207967
4572,0.9749927068306294,-0.023736415102300373,,0.05974321977889207,3.800674407761547
4573,0.9749452340004201,-0.02342351461804874,,0.05894602808895194,3.7999373648743533
4574,0.9748983869711794,-0.02311065250177615,,0.058149193957144275,3.799200553343654
4575,0.9748521656661714,-0.022797835124331898,,0.05735273321224931,3.79846397214852
4576,0.9748065699959184,-0.022485068844644455,,0.056556661643069155,3.7977276202627053
4577,0.974761599858225,-0.022172360009670686,,0.055760994998337796,3.7969914966548046
4578,0.9747172551382016,-0.021859714954300707,,0.05496574898651916,3.796255600288328
4579,0.9746735357082891,-0.02154714000126056,,0.05417093927559975,3.795519930121807
4580,0.9746304414282828,-0.021234641461062694,,0.05337658149300177,3.794784485108905
4581,0.9745879721453571,-0.02092222563189392,,0.05258269122533883,3.794049264198504
4582,0.9745461276940898,-0.020609898799552613,,0.05178928401829583,3.793314266334837
4583,0.9745049078964874,-0.020297667237374722,,0.050996375376480475,3.792579490457564
4584,0.9744643125620094,-0.019985537206133386,,0.05020398076320877,3.79184493550191
4585,0.974424341487594,-0.019673514953991347,,0.049412115600422885,3.791110600398732
4586,0.9743849944576832,-0.01936160671639139,,0.04862079526845371,3.7903764840746437
4587,0.9743462712442478,-0.019049818715984965,,0.04783003510587917,3.789642585452118
4588,0.9743081716068133,-0.018738157162572905,,0.04703985040941299,3.7889089034495673
4589,0.9742706952924857,-0.01842662825299717,,0.04625025643367066,3.7881754369814806
4590,0.9742338420359774,-0.018115238171095248,,0.045461268391092664,3.787442184958509
4591,0.9741976115596331,-0.01780399308761148,,0.04467290145175939,3.786709146287552
4592,0.974162003573456,-0.017492899160107482,,0.04388517074320456,3.7859763198719256
4593,0.974127017775134,-0.01718196253291657,,0.043098091350337896,3.7852437046113683
4594,0.9740926538500666,-0.01687118933703339,,0.04231167831520649,3.7845112994022188
4595,0.9740589114713911,-0.016560585690057104,,0.04152594663688992,3.7837791031374977
4596,0.9740257903000097,-0.01625015769612441,,0.04074091127136966,3.7830471147069615
4597,0.9739932899846163,-0.015939911445806015,,0.03995658713130792,3.782315332997307
4598,0.9739614101617238,-0.015629853016074,,0.039172989086002995,3.781583756892174
4599,0.9739301504556909,-0.01531998847020354,,0.03839013196118083,3.780852385272284
4600,0.9738995104787499,-0.015010323857690563,,0.0376080305388267,3.7801212170155876
4601,0.973869489831034,-0.014700865214208101,,0.03682669955711305,3.7793902509972574
4602,0.9738400881006054,-0.014391618561499002,,0.036046153710168956,3.7786594860899
4603,0.9738113048634823,-0.01408258990732885,,0.03526640764799979,3.7779289211635967
4604,0.9737831396836678,-0.013773785245415627,,0.03448747597634857,3.777198555085979
4605,0.9737555921131773,-0.013465210555332516,,0.03370937325649095,3.776468386722442
4606,0.9737286616920671,-0.01315687180247286,,0.03293211400518459,3.77573841493611
4607,0.9737023479484628,-0.0128487749379575,,0.03215571269447525,3.7750086385880017
4608,0.9736766503985876,-0.012540925898558064,,0.031380183751542785,3.774279056537173
4609,0.9736515685467915,-0.012233330606651514,,0.030605541558624546,3.7735496676406837
4610,0.9736271018855793,-0.011925994970119452,,0.02983180045280183,3.7728204707538437
4611,0.9736032498956405,-0.011618924882300208,,0.029058974725917484,3.772091464730238
4612,0.9735800120458775,-0.011312126221928684,,0.02828707862446299,3.771362648421774
4613,0.9735573877934354,-0.011005604853039034,,0.02751612634937343,3.7706340206789455
4614,0.9735353765837312,-0.010699366624925606,,0.026746132055966942,3.769905580350746
4615,0.9735139778504835,-0.01039341737205544,,0.025977109853763905,3.7691773262848534
4616,0.9734931910157417,-0.010087762913999971,,0.025209073806354274,3.7684492573277835
4617,0.9734730154899163,-0.00978240905538878,,0.024442037931319053,3.7677213723248157
4618,0.9734534506718082,-0.009477361585816711,,0.023676016200036645,3.766993670120285
4619,0.9734344959486395,-0.009172626279790553,,0.022911022537586926,3.766266149557578
4620,0.973416150696083,-0.008868208896674508,,0.02214707082265267,3.765538809479176
4621,0.973398414278293,-0.008564115180600726,,0.02138417488733427,3.764811648726923
4622,0.9733812860479353,-0.008260350860422806,,0.020622348517070767,3.7640846661419416
4623,0.9733647653462182,-0.007956921649640075,,0.019861605450488713,3.7633578605647875
4624,0.9733488515029228,-0.007653833246324057,,0.019101959379256513,3.7626312308356535
4625,0.9733335438364343,-0.0073510913330804475,,0.01834342394802672,3.7619047757942568
4626,0.9733188416537725,-0.007048701576964224,,0.017586012754262234,3.7611784942801036
4627,0.9733047442506231,-0.006746669629419724,,0.016829739348124397,3.7604523851325644
4628,0.9732912509113689,-0.006445001126231048,,0.01607461723238658,3.759726447190828
4629,0.9732783609091215,-0.0061437016874308715,,0.015320659862244868,3.7590006792942026
4630,0.9732660735057518,-0.005842776917263862,,0.014567880645264063,3.758275080282059
4631,0.9732543879519227,-0.005542232404115888,,0.013816292941238829,3.7575496489939098
4632,0.97324330348712,-0.005242073720434619,,0.013065910062033656,3.756824384269673
4633,0.9732328193396849,-0.004942306422694504,,0.012316745271532776,3.756099284949558
4634,0.9732229347268455,-0.004642936051322789,,0.011568811785493573,3.755374349874258
4635,0.9732136488547491,-0.004343968130635355,,0.01082212277142438,3.7546495778851163
4636,0.9732049609184943,-0.004045408168789623,,0.0100766913485044,3.7539249678240143
4637,0.9731968701021634,-0.0037472616577005815,,0.00933253058741238,3.7532005185336543
4638,0.9731893755788549,-0.0034495340729910904,,0.008589653510240327,3.7524762288575904
4639,0.973182476510716,-0.003152230873947286,,0.007848073090419842,3.751752097640206
4640,0.9731761720489754,-0.0028553575034308827,,0.007107802252541568,3.7510281237270107
4641,0.9731704613339761,-0.0025589193878406244,,0.006368853872296563,3.7503043059645775
4642,0.9731653434952082,-0.0022629219370522463,,0.0056312407763644025,3.7495806432006193
4643,0.9731608176513421,-0.001967370544340649,,0.004894975742257142,3.748857134284251
4644,0.9731568829102617,-0.0016722705863477618,,0.004160071498276696,3.748133778065856
4645,0.9731535383690975,-0.0013776274230076265,,0.0034265407233660264,3.7474105733972816
4646,0.9731507831142602,-0.0010834463974771485,,0.0026943960469744265,3.746687519132002
4647,0.9731486162214742,-0.0007897328361052961,,0.0019636500490183176,3.7459646141250103
4648,0.9731470367558112,-0.000496492048358297,,0.0012343152597327812,3.7452418572330726
4649,0.9731460437717239,-0.00020372932676561702,,0.0005064041595746972,3.744519247314793
4650,0.9731456363130799,8.855005312280367e-05,,-0.00022007082084612067,3.743796783230565
4651,0.9731458134131961,0.0003803408328219649,,-0.0009450973009417496,3.7430744638428477
4652,0.9731465740948718,0.0006716377709521008,,-0.001668662950208838,3.7423522880161335
4653,0.973147917370424,0.0009624356432821732,,-0.0023907554882992136,3.7416302546169815
4654,0.9731498422417212,0.0012527292428131478,,-0.0031113626851893756,3.740908362514289
4655,0.9731523477002176,0.0015425133798146113,,-0.0038304723612339643,3.7401866105791894
4656,0.9731554327269883,0.0018317828818795556,,-0.004548072387264385,3.7394649976851793
4657,0.9731590962927634,0.0021205325939953334,,-0.005264150684727667,3.7387435227083325
4658,0.973163337357963,0.0024087573785729643,,-0.005978695225721676,3.738022184527178
4659,0.9731681548727319,0.002696452115520456,,-0.00669169403313978,3.737300982022892
4660,0.973173547776975,0.002983611702306755,,-0.007403135180792225,3.7365799140794405
4661,0.9731795150003918,0.0032702310539906693,,-0.008113006793440306,3.7358589795834742
4662,0.9731860554625122,0.00355630510328828,,-0.008821297046926396,3.7351381774245827
4663,0.9731931680727316,0.003841828800627043,,-0.009527994168270739,3.7344175064953373
4664,0.9732008517303459,0.004126797114184463,,-0.01023308643572983,3.733696965691251
4665,0.9732091053245875,0.004411205029964235,,-0.010936562178948056,3.7329765539110267
4666,0.973217927734661,0.004695047551837752,,-0.011638409779023135,3.732256270056564
4667,0.9732273178297784,0.004978319701584687,,-0.012338617668569155,3.7315361130329263
4668,0.9732372744691956,0.005261016518967108,,-0.013037174331863275,3.7308160817486535
4669,0.9732477965022478,0.0055431330617716325,,-0.013734068304912446,3.7300961751156185
4670,0.9732588827683859,0.005824664405855017,,-0.014429288175529128,3.729376392049193
4671,0.9732705320972124,0.0061056056452107,,-0.015122822583458815,3.728656731468357
4672,0.9732827433085178,0.006385951891997077,,-0.015814660220412675,3.727937192295746
4673,0.9732955152123172,0.006665698276603023,,-0.016504789830192157,3.7272177734576046
4674,0.973308846608886,0.006944839947709167,,-0.017193200208803973,3.7264984738841602
4675,0.9733227362887972,0.007223372072321771,,-0.017879880204505774,3.7257792925093223
4676,0.9733371830329579,0.007501289835824635,,-0.018564818717897856,3.725060228271043
4677,0.9733521856126459,0.007778588442037121,,-0.019248004702029177,3.7243412801112807
4678,0.9733677427895466,0.008055263113252263,,-0.01992942716245414,3.723622446976046
4679,0.97338385331579,0.008331309090297554,,-0.020609075157345714,3.7229037278155066
4680,0.9734005159339878,0.008606721632584318,,-0.0212869377975803,3.722185121584118
4681,0.9734177293772703,0.008881496018141397,,-0.02196300424678323,3.721466627240548
4682,0.9734354923693243,0.009155627543679268,,-0.022637263721450283,3.7207482437478716
4683,0.9734538036244296,0.009429111524639825,,-0.023309705491033346,3.7200299700736412
4684,0.973472661847497,0.00970194329523611,,-0.02398031887800072,3.7193118051898093
4685,0.973492065734106,0.009974118208507798,,-0.024649093257937467,3.71859374807299
4686,0.9735120139705418,0.010245631636358807,,-0.025316018059600574,3.717875797704434
4687,0.9735325052338335,0.010516478969605158,,-0.025981082764999535,3.717157953070021
4688,0.973553538191792,0.010786655618038656,,-0.026644276909516804,3.7164402131605008
4689,0.9735751115030477,0.011056157010465188,,-0.027305590081964422,3.715722576971422
4690,0.9735972238170885,0.01132497859474327,,-0.027965011924641694,3.7150050435031914
4691,0.973619873774298,0.011593115837841256,,-0.028622532133439477,3.714287611761274
4692,0.9736430600059941,0.011860564225879947,,-0.02927814045790731,3.7135702807561173
4693,0.9736667811344665,0.012127319264178085,,-0.02993182670132828,3.7128530495032313
4694,0.9736910357730157,0.012393376477307315,,-0.03058358072081758,3.7121359170233736
4695,0.9737158225259915,0.012658731409123495,,-0.031233392427361648,3.7114188823424645
4696,0.9737411399888313,0.012923379622814231,,-0.03188125178589806,3.7107019444916904
4697,0.9737669867480987,0.013187316700962175,,-0.03252714881543447,3.7099851025076602
4698,0.9737933613815226,0.013450538245574208,,-0.03317107358908237,3.709268355432321
4699,0.9738202624580361,0.013713039878130794,,-0.033813016234141464,3.7085517023130796
4700,0.9738476885378149,0.01397481723963196,,-0.03445296693217575,3.707835142202944
4701,0.973875638172317,0.014235865990629933,,-0.03509091591905566,3.70711867416044
4702,0.9739041099043214,0.014496181811288372,,-0.035726853485066795,3.7064022972497432
4703,0.9739331022679674,0.014755760401430553,,-0.03636076997499121,3.7056860105407883
4704,0.9739626137887939,0.015014597480567266,,-0.03699265578813774,3.7049698131091997
4705,0.973992642983779,0.01527268878794654,,-0.03762250137842734,3.704253704036435
4706,0.9740231883613791,0.015530030082602718,,-0.03825029725447625,3.7035376824098747
4707,0.9740542484215688,0.01578661714339294,,-0.03887603397964759,3.70282174732276
4708,0.9740858216558804,0.01604244576904966,,-0.03949970217214317,3.7021058978743238
4709,0.9741179065474437,0.016297511778217113,,-0.04012129250505577,3.7013901331698924
4710,0.9741505015710256,0.016551811009481634,,-0.040740795706405174,3.7006744523208073
4711,0.9741836051930702,0.016805339321434076,,-0.041358202559254556,3.6999588544445876
4712,0.974217215871739,0.017058092592710523,,-0.04197350390177275,3.6992433386649783
4713,0.9742513320569507,0.01731006672202503,,-0.04258669062727626,3.6985279041119026
4714,0.9742859521904212,0.017561257628216795,,-0.04319775368430804,3.6978125499216215
4715,0.9743210747057045,0.017811661250286194,,-0.04380668407668807,3.6970972752367826
4716,0.9743566980282322,0.018061273547437615,,-0.044413472863580085,3.6963820792063564
4717,0.9743928205753545,0.01831009049913095,,-0.045018111159580855,3.6956669609858106
4718,0.9744294407563804,0.01855810810511741,,-0.045620590134769996,3.694951919737127
4719,0.9744665569726185,0.01880532238547033,,-0.04622090101474701,3.6942369546287734
4720,0.9745041676174178,0.01905172938063506,,-0.04681903508071667,3.6935220648358564
4721,0.9745422710762076,0.01929732515147391,,-0.047414983669560797,3.692807249540136
4722,0.9745808657265393,0.01954210577929846,,-0.04800873817387921,3.6920925079300004
4723,0.9746199499381271,0.01978606736591826,,-0.048600290042071656,3.6913778392006105
4724,0.9746595220728883,0.02002920603366959,,-0.049189630778370054,3.6906632425539225
4725,0.9746995804849853,0.02027151792545079,,-0.04977675194288654,3.6899487171986705
4726,0.9747401235208661,0.02051299920478212,,-0.05036164515172262,3.6892342623504857
4727,0.974781149519306,0.02075364605583797,,-0.05094430207700978,3.6885198772319177
4728,0.9748226568114482,0.020993454683477297,,-0.051524714446945265,3.687805561072421
4729,0.974864643720846,0.021232421313287394,,-0.052102874045861766,3.6870913131084846
4730,0.9749071085635037,0.021470542191621998,,-0.052678772714282195,3.686377132583649
4731,0.9749500496479183,0.021707813585639134,,-0.053252402348973556,3.6856630187484773
4732,0.9749934652751213,0.021944231783349897,,-0.05382375490302871,3.684948970860684
4733,0.97503735373872,0.02217979309364617,,-0.05439282238589543,3.6842349881851493
4734,0.9750817133249395,0.02241449384633015,,-0.05495959686340993,3.6835210699939096
4735,0.9751265423126647,0.02264833039216847,,-0.05552407045789138,3.682807215566267
4736,0.9751718389734819,0.022881299102928302,,-0.05608623534819142,3.682093424188803
4737,0.9752176015717209,0.02311339637140777,,-0.05664608376972954,3.6813796951553517
4738,0.9752638283644971,0.023344618611478785,,-0.057203608014559856,3.6806660277671326
4739,0.9753105176017538,0.023574962258114326,,-0.05775880043139898,3.6799524213327586
4740,0.975357667526304,0.023804423767426995,,-0.058311653425681065,3.6792388751682137
4741,0.9754052763738732,0.024032999616720223,,-0.058862159459644854,3.6785253885969564
4742,0.9754533423731412,0.024260686304518473,,-0.059410311052368416,3.6778119609499353
4743,0.9755018637457851,0.024487480350592648,,-0.05995610077979205,3.677098591565574
4744,0.9755508387065214,0.024713378296000742,,-0.06049952127477917,3.6763852797898755
4745,0.9756002654631488,0.024938376703131974,,-0.0610405652271851,3.6756720249764374
4746,0.9756501422165909,0.02516247215573409,,-0.06157922538388429,3.674958826486419
4747,0.9757004671609383,0.025385661258958567,,-0.06211549454884196,3.674245683688638
4748,0.9757512384834924,0.025607940639387795,,-0.06264936558314164,3.6735325959596064
4749,0.9758024543648078,0.025829306945058896,,-0.06318083140500352,3.672819562683505
4750,0.9758541129787348,0.026049756845518593,,-0.06370988498987955,3.6721065832522517
4751,0.975906212492463,0.0262692870318566,,-0.06423651937049582,3.6713936570655425
4752,0.9759587510665642,0.026487894216730316,,-0.06476072763687282,3.670680783530811
4753,0.9760117268550353,0.02670557513440268,,-0.06528250293637901,3.6699679620633168
4754,0.9760651380053421,0.026922326540772767,,-0.06580183847376611,3.6692551920861907
4755,0.976118982658462,0.027138145213410455,,-0.0663187275112135,3.668542473030382
4756,0.9761732589489274,0.027353027951600627,,-0.06683316336839686,3.667829804334722
4757,0.9762279650048694,0.02756697157637353,,-0.06734513942252292,3.6671171854459854
4758,0.9762830989480613,0.027779972930525504,,-0.06785464910833955,3.6664046158188395
4759,0.9763386588939618,0.027992028878655803,,-0.0683616859181863,3.6656920949159217
4760,0.9763946429517587,0.028203136307212686,,-0.06886624340206716,3.664979622207868
4761,0.9764510492244131,0.028413292124517275,,-0.06936831516766816,3.6642671971732734
4762,0.9765078758087024,0.028622493260797334,,-0.06986789488040011,3.6635548192987484
4763,0.9765651207952645,0.02883073666821935,,-0.07036497626343721,3.6628424880789785
4764,0.9766227822686417,0.029038019320909964,,-0.07085955309772851,3.6621302030166842
4765,0.9766808583073247,0.02924433821500125,,-0.07135161922206844,3.6614179636226516
4766,0.976739346983796,0.029449690368670064,,-0.07184116853315267,3.660705769415785
4767,0.976798246364575,0.02965407282215481,,-0.07232819498557824,3.659993619923074
4768,0.9768575545102612,0.029857482637785114,,-0.07281269259187581,3.65928151467963
4769,0.976917269475579,0.03005991690001952,,-0.07329465542256126,3.6585694532287487
4770,0.9769773893094215,0.030261372715476523,,-0.0737740776061705,3.6578574351218576
4771,0.9770379120548951,0.030461847212965833,,-0.07425095332929489,3.6571454599185382
4772,0.977098835749364,0.030661337543525572,,-0.07472527683663185,3.656433527186585
4773,0.9771601584244942,0.030859840880436647,,-0.07519704243097872,3.6557216365019887
4774,0.9772218781062986,0.03105735441925395,,-0.07566624447326797,3.65500978744894
4775,0.9772839928151809,0.03125387537785253,,-0.0761328773826393,3.654297979619878
4776,0.9773465005659806,0.03144940099645062,,-0.07659693563645413,3.6535862126154632
4777,0.9774093993680179,0.031643928537634494,,-0.07705841377031535,3.6528744860445803
4778,0.9774726872251377,0.031837455286389496,,-0.07751730637810228,3.6521627995244037
4779,0.9775363621357553,0.032029978550124155,,-0.077973608111988,3.651451152680382
4780,0.9776004220929007,0.03222149565870637,,-0.0784273136824859,3.650739545146207
4781,0.9776648650842634,0.032412003964497116,,-0.07887841785849087,3.6500279765638672
4782,0.977729689092238,0.03260150084237564,,-0.0793269154672993,3.649316446583648
4783,0.9777948920939686,0.03278998368975466,,-0.0797728013946043,3.6486049548641124
4784,0.9778604720613943,0.03297744992661609,,-0.08021607058454175,3.647893501072149
4785,0.977926426961294,0.03316389699554922,,-0.08065671803974138,3.6471820848829593
4786,0.9779927547553318,0.03334932236176931,,-0.08109473882133,3.6464707059800308
4787,0.9780594534001023,0.03353372351314921,,-0.08153012804896721,3.645759364055169
4788,0.9781265208471758,0.0337170979602426,,-0.08196288090086032,3.64504805880853
4789,0.9781939550431437,0.03389944323630201,,-0.08239299261376597,3.6443367899485755
4790,0.978261753929664,0.03408075689732068,,-0.08282045848305011,3.6436255571920877
4791,0.9783299154435066,0.034261036522062124,,-0.08324527386271824,3.6429143602641956
4792,0.9783984375165988,0.03444027971207628,,-0.08366743416541207,3.642203198898331
4793,0.9784673180760713,0.03461848409172249,,-0.08408693486242372,3.641492072836258
4794,0.9785365550443035,0.034795647308199576,,-0.08450377148372687,3.640780981828099
4795,0.9786061463389688,0.034971767031575327,,-0.08491793961800564,3.640069925632287
4796,0.9786760898730811,0.0351468409548119,,-0.08532943491267402,3.639358904015558
4797,0.9787463835550401,0.03532086679379472,,-0.08573825307390413,3.638647916752991
4798,0.9788170252886773,0.035493842287346075,,-0.08614438986661657,3.6379369636279852
4799,0.9788880129733019,0.03566576519724758,,-0.08654784111449235,3.637226044432248
4800,0.9789593445037464,0.03583663330827965,,-0.08694860270002651,3.636515158965816
4801,0.9790310177704133,0.0360064444282446,,-0.08734667056454123,3.6358043070370205
4802,0.9791030306593204,0.03617519638798287,,-0.08774204070818228,3.635093488462474
4803,0.9791753810521471,0.03634288704139838,,-0.08813470918993835,3.634382703067108
4804,0.9792480668262808,0.03650951426547895,,-0.08852467212764767,3.633671950684156
4805,0.979321085854863,0.036675075960323544,,-0.08891192569802074,3.63296123115511
4806,0.9793944360068351,0.03683957004917218,,-0.0892964661366701,3.6322505443297297
4807,0.9794681151469851,0.03700299447842731,,-0.08967828973811923,3.6315398900660565
4808,0.9795421211359938,0.0371653472176655,,-0.09005739285578765,3.630829268230369
4809,0.9796164518304813,0.037326626259660135,,-0.09043377190200287,3.630118678697202
4810,0.9796911050830529,0.037486829620417515,,-0.09080742334804473,3.629408121349341
4811,0.9797660787423462,0.037645955339193404,,-0.09117834372414174,3.628697596077768
4812,0.9798413706530773,0.037804001478514634,,-0.09154652961948008,3.627987102781665
4813,0.9799169786560873,0.03796096612420063,,-0.09191197768221278,3.627276641368433
4814,0.9799929005883888,0.038116847385374145,,-0.09227468461944202,3.626566211753666
4815,0.980069134283213,0.03827164339449168,,-0.09263464719724882,3.6258558138611123
4816,0.9801456775700556,0.038425352307371756,,-0.0929918622407182,3.6251454476226845
4817,0.980222528274724,0.038577972303210924,,-0.09334632663393402,3.6244351129784325
4818,0.9802996842193844,0.0387295015845959,,-0.09369803731996447,3.6237248098765202
4819,0.9803771432226077,0.0388799383775246,,-0.09404699130086959,3.623014538273249
4820,0.9804549030994171,0.03902928093143284,,-0.09439318563772157,3.6223042981330122
4821,0.9805329616613345,0.03917752751921312,,-0.09473661745060602,3.621594089428261
4822,0.9806113167164277,0.03932467643723578,,-0.0950772839186291,3.6208839121394982
4823,0.980689966069357,0.03947072600536632,,-0.09541518227991586,3.620173766255286
4824,0.9807689075214228,0.0396156745669722,,-0.09575030983158181,3.6194636517722043
4825,0.980848138870612,0.03975952048895257,,-0.09608266392976086,3.618753568694825
4826,0.9809276579116453,0.03990226216176364,,-0.09641224198962224,3.6180435170357113
4827,0.9810074624360244,0.0400438979994306,,-0.09673904148535484,3.6173334968153728
4828,0.981087550232079,0.0401844264395612,,-0.09706305995015521,3.616623508062239
4829,0.9811679190850141,0.04032384594336228,,-0.09738429497622397,3.6159135508126905
4830,0.9812485667769569,0.04046215499565752,,-0.09770274421476333,3.6152036251109902
4831,0.9813294910870045,0.04059935210491036,,-0.09801840537598774,3.614493731009261
4832,0.9814106897912708,0.04073543580324266,,-0.09833127622912441,3.6137838685674657
4833,0.9814921606629339,0.040870404646448553,,-0.09864135460240205,3.61307403785339
4834,0.9815739014722835,0.04100425721399845,,-0.09894863838301556,3.6123642389426185
4835,0.9816559099867684,0.041136992109064366,,-0.09925312551714242,3.6116544719185097
4836,0.9817381839710436,0.041268607958542765,,-0.09955481400995275,3.610944736872166
4837,0.9818207211870179,0.041399103413063305,,-0.09985370192558511,3.6102350339023905
4838,0.9819035193939014,0.041528477147004556,,-0.10014978738713941,3.609525363115669
4839,0.9819865763482529,0.04165672785850652,,-0.10044306857666237,3.6088157246261643
4840,0.9820698898040277,0.04178385426947913,,-0.10073354373512265,3.6081061185556838
4841,0.9821534575126244,0.041909855125627504,,-0.10102121116242596,3.6073965450336094
4842,0.9822372772229335,0.042034729196468765,,-0.10130606921741082,3.606687004196913
4843,0.9823213466813845,0.04215847527534018,,-0.10158811631782245,3.605977496190096
4844,0.9824056636319933,0.042281092179405684,,-0.1018673509402832,3.6052680211651777
4845,0.9824902258164104,0.042402578749669746,,-0.1021437716202806,3.6045585792816697
4846,0.9825750309739681,0.04252293385099932,,-0.10241737695217454,3.6038491707065314
4847,0.9826600768417287,0.0426421563721333,,-0.10268816558917408,3.6031397956141253
4848,0.9827453611545317,0.04276024522569606,,-0.1029561362433247,3.6024304541861905
4849,0.9828308816450418,0.042877199348206274,,-0.10322128768548387,3.6017211466118324
4850,0.9829166360437971,0.04299301770008102,,-0.10348361874528515,3.601011873087475
4851,0.9830026220792563,0.04310769926565585,,-0.1037431283111404,3.600302633816815
4852,0.9830888374778467,0.04322124305320278,,-0.10399981533023742,3.5995934290107985
4853,0.9831752799640123,0.04333364809493215,,-0.10425367880849815,3.598884258887573
4854,0.9832619472602615,0.04344491344700247,,-0.10450471781055659,3.598175123672458
4855,0.9833488370872149,0.043555038189524664,,-0.10475293145972314,3.597466023597927
4856,0.9834359471636533,0.0436640214265795,,-0.1049983189379804,3.596756958903559
4857,0.983523275206566,0.04377186228622841,,-0.10524087948596243,3.596047929835975
4858,0.9836108189311981,0.04387855992052428,,-0.10548061240293498,3.5953389366488206
4859,0.9836985760510988,0.04398411350551726,,-0.10571751704676327,3.5946299796027352
4860,0.9837865442781696,0.0440885222412561,,-0.10595159283386867,3.593921058965303
4861,0.9838747213227119,0.044191785351796714,,-0.10618283923920321,3.593212175011026
4862,0.9839631048934754,0.04429390208522342,,-0.10641125579625403,3.592503328021263
4863,0.9840516926977058,0.04439487171364889,,-0.10663684209699656,3.591794518284191
4864,0.984140482441193,0.04449469353322059,,-0.10685959779186395,3.5910857460947723
4865,0.9842294718283194,0.04459336686412507,,-0.10707952258971071,3.59037701175472
4866,0.9843186585621078,0.04469089105059362,,-0.10729661625777992,3.5896683155724607
4867,0.9844080403442691,0.0447872654609137,,-0.10751087862168365,3.5889596578630614
4868,0.9844976148752511,0.044882489487436936,,-0.10772230956537561,3.5882510389482034
4869,0.9845873798542862,0.0449765625465825,,-0.10793090903111281,3.5875424591561402
4870,0.9846773329794396,0.04506948407883508,,-0.1081366770194037,3.5868339188216547
4871,0.9847674719476576,0.045161253548747754,,-0.10833961358896883,3.5861254182860267
4872,0.9848577944548154,0.0452518704449571,,-0.10853971885672967,3.5854169578969666
4873,0.9849482981957656,0.04534133428018598,,-0.10873699299776865,3.5847085380085693
4874,0.9850389808643862,0.04542964459124503,,-0.10893143624528577,3.584000158981273
4875,0.985129840153629,0.04551680093903728,,-0.10912304889056317,3.5832918211818234
4876,0.9852208737555674,0.04560280290855252,,-0.10931183128290438,3.58258352498323
4877,0.9853120793614448,0.04568765010887598,,-0.10949778382960836,3.581875270764706
4878,0.9854034546617229,0.04577134217319437,,-0.10968090699593655,3.5811670589116096
4879,0.9854949973461296,0.0458538787587991,,-0.10986120130507408,3.580458889815421
4880,0.9855867051037075,0.045935259547080776,,-0.11003866733806895,3.5797507638736707
4881,0.985678575622862,0.04601548424352835,,-0.11021330573378374,3.5790426814899226
4882,0.9857706065914094,0.046094552577732394,,-0.11038511718885559,3.578334643073691
4883,0.985862795696625,0.04617246430339174,,-0.11055410245766557,3.577626649040428
4884,0.9859551406252921,0.046249219198312166,,-0.11072026235228731,3.5769186998113964
4885,0.9860476390637489,0.046324817064403626,,-0.11088359774243488,3.576210795813738
4886,0.9861402886979379,0.04639925772767697,,-0.11104410955540574,3.5755029374802905
4887,0.9862330872134534,0.0464725410382375,,-0.11120179877602049,3.5747951252496817
4888,0.9863260322955899,0.046544666870294876,,-0.11135666644659668,3.574087359566121
4889,0.9864191216293905,0.04661563512216076,,-0.11150871366689835,3.5733796408794913
4890,0.9865123528996947,0.046685445716245624,,-0.11165794159407903,3.5726719696451736
4891,0.9866057237911872,0.046754098599050276,,-0.11180435144261579,3.571964346324086
4892,0.9866992319884451,0.04682159374116418,,-0.11194794448425727,3.571256771382595
4893,0.9867928751759871,0.046887931137264444,,-0.11208872204797377,3.570549245292449
4894,0.9868866510383213,0.04695311080611425,,-0.11222668551990671,3.569841768530763
4895,0.9869805572599931,0.04701713279055802,,-0.11236183634330896,3.5691343415799013
4896,0.9870745915256337,0.04707999715751536,,-0.11249417601848373,3.568426964927487
4897,0.9871687515200082,0.04714170399796908,,-0.1126237061027084,3.5677196390663175
4898,0.9872630349280633,0.047202253426965254,,-0.11275042821018716,3.567012364494313
4899,0.9873574394349764,0.04726164558361259,,-0.11287434401200254,3.5663051417144755
4900,0.9874519627262027,0.04731988063107641,,-0.11299545523605282,3.565597971234788
4901,0.9875466024875238,0.0473769587565671,,-0.11311376366697794,3.564890853568202
4902,0.9876413564050958,0.04743288017133055,,-0.11322927114608894,3.5641837892325716
4903,0.9877362221654972,0.047487645110641345,,-0.11334197957130437,3.5634767787505877
4904,0.9878311974557771,0.047541253833797655,,-0.11345189089709097,3.5627698226497406
4905,0.9879262799635031,0.047593706624117556,,-0.11355900713440702,3.5620629214622266
4906,0.9880214673768096,0.0476450037889263,,-0.11366333035062476,3.561356075724907
4907,0.9881167573844456,0.04769514565954678,,-0.11376486266946063,3.560649285979264
4908,0.9882121476758227,0.04774413259128363,,-0.11386360627088984,3.559942552771336
4909,0.9883076359410631,0.04779196496342318,,-0.11395956339109892,3.5592358766516585
4910,0.9884032198710476,0.04783864317922038,,-0.11405273632240694,3.558529258175187
4911,0.9884988971574635,0.04788416766588914,,-0.11414312741319535,3.557822697901251
4912,0.9885946654928527,0.04792853887458767,,-0.114230739067826,3.557116196393504
4913,0.988690522570659,0.04797175728040542,,-0.11431557374656233,3.556409754219849
4914,0.9887864660852768,0.04801382338235029,,-0.11439763396549192,3.5557033719523945
4915,0.9888824937320982,0.048054737703342794,,-0.11447692229646511,3.5549970501673744
4916,0.9889786032075615,0.0480945007902035,,-0.11455344136701794,3.554290789445095
4917,0.9890747922091983,0.04813311321363703,,-0.11462719386028677,3.5535845903698755
4918,0.9891710584356816,0.048170575568214934,,-0.11469818251492028,3.5528784535299867
4919,0.989267399586874,0.0482068884723583,,-0.11476641012499131,3.552172379517603
4920,0.9893638133638745,0.048242052568331334,,-0.11483187953993375,3.5514663689287174
4921,0.9894602974690666,0.04827606852222419,,-0.11489459366445513,3.550760422363089
4922,0.9895568496061663,0.0483089370239384,,-0.11495455545845443,3.5500545404241852
4923,0.9896534674802692,0.048340658787166806,,-0.1150117679369274,3.5493487237191057
4924,0.9897501487978982,0.048371234549375725,,-0.11506623416987737,3.548642972858543
4925,0.9898468912670515,0.04840066507179024,,-0.1151179572822332,3.547937288456716
4926,0.9899436925972493,0.04842895113938149,,-0.11516694045377168,3.547231671131286
4927,0.9900405504995821,0.04845609356084548,,-0.11521318691902048,3.5465261215032977
4928,0.9901374626867575,0.048482093168583484,,-0.11525669996716469,3.545820640197132
4929,0.9902344268731481,0.048506950818681054,,-0.11529748294195015,3.5451152278404394
4930,0.9903314407748387,0.04853066739088657,,-0.11533553924158566,3.5444098850640757
4931,0.9904285021096734,0.0485532437886003,,-0.11537087231866991,3.543704612502021
4932,0.9905256085973032,0.04857468093885021,,-0.1154034856800877,3.5429994107913383
4933,0.9906227579592332,0.048594979792274486,,-0.1154333828869214,3.5422942805720954
4934,0.9907199479188696,0.04861414132309531,,-0.11546056755434209,3.5415892224873007
4935,0.9908171762015675,0.04863216652909499,,-0.11548504335150662,3.5408842371828544
4936,0.990914440534677,0.04864905643159658,,-0.11550681400146484,3.5401793253074767
4937,0.9910117386475913,0.0486648120754443,,-0.11552588328106646,3.5394744875126274
4938,0.9911090682717929,0.04867943452897864,,-0.11554225502085566,3.538769724452456
4939,0.9912064271409012,0.048692924884012403,,-0.11555593310496808,3.538065036783735
4940,0.9913038129907192,0.048705284255803484,,-0.11556692147101955,3.537360425165794
4941,0.9914012235592805,0.048716513783030234,,-0.11557522411000176,3.5366558902604606
4942,0.9914986565868958,0.04872661462777417,,-0.11558084506619487,3.5359514327319848
4943,0.9915961098162003,0.04873558797548996,,-0.11558378843705004,3.535247053246976
4944,0.9916935809921998,0.04874343503498019,,-0.11558405837308368,3.534542752474334
4945,0.991791067862318,0.04875015703836383,,-0.11558165907775667,3.5338385310851916
4946,0.9918885681764424,0.04875575524105126,,-0.11557659480736944,3.5331343897528593
4947,0.9919860796869719,0.04876023092171738,,-0.11556886987095201,3.5324303291527372
4948,0.9920836001488623,0.048763585382276896,,-0.11555848863015972,3.5317263499622524
4949,0.9921811273196735,0.04876581994785457,,-0.11554545549915714,3.531022452860804
4950,0.9922786589596153,0.048766935966756124,,-0.11552977494450338,3.5303186385296943
4951,0.9923761928315945,0.04876693481043479,,-0.11551145148502727,3.5296149076520544
4952,0.9924737267012607,0.0487658178734605,,-0.1154904896917091,3.528911260912792
4953,0.9925712583370524,0.04876358657349655,,-0.11546689418757974,3.528207698998523
4954,0.9926687855102438,0.04876024235126341,,-0.11544066964758971,3.5275042225974937
4955,0.9927663059949904,0.04875578667050918,,-0.11541182079849367,3.5268008323995095
4956,0.9928638175683749,0.04875022101797469,,-0.1153803524187232,3.5260975290958965
4957,0.992961318010454,0.04874354690336143,,-0.1153462693382656,3.5253943133794228
4958,0.9930588051043032,0.04873576585929856,,-0.11530957643854067,3.524691185944223
4959,0.993156276636064,0.0487268794413141,,-0.11527027865228763,3.5239881474857295
4960,0.9932537303949882,0.048716889227798925,,-0.11522838096343552,3.5232851987006275
4961,0.9933511641734849,0.0487057968199692,,-0.11518388840696918,3.5225823402867698
4962,0.9934485757671655,0.048693603841829025,,-0.1151368060687965,3.5218795729431123
4963,0.9935459629748893,0.048680311940135446,,-0.11508713908562124,3.5211768973696604
4964,0.9936433235988091,0.04866592278436837,,-0.11503489264482743,3.520474314267395
4965,0.9937406554444169,0.048650438066688,,-0.11498007198433427,3.5197718243382017
4966,0.9938379563205889,0.04863385950190098,,-0.1149226823924718,3.519069428284796
4967,0.9939352240396307,0.04861618882742142,,-0.11486272920784531,3.518367126810691
4968,0.9940324564173231,0.04859742780323062,,-0.11480021781919567,3.5176649206201094
4969,0.9941296512729665,0.04857757821183745,,-0.11473515366526166,3.5169628104179087
4970,0.9942268064294265,0.04855664185824337,,-0.11466754223465393,3.5162607969095263
4971,0.9943239197131788,0.04853462056990209,,-0.11459738906571595,3.515558880800921
4972,0.9944209889543538,0.04851151619667453,,-0.11452469974637396,3.514857062798493
4973,0.9945180119867818,0.048487330610788464,,-0.11444947991399822,3.5141553436090196
4974,0.9946149866480375,0.04846206570679755,,-0.11437173525526323,3.513453723939606
4975,0.9947119107794846,0.048435723401544555,,-0.11429147150601746,3.5127522044976063
4976,0.9948087822263206,0.04840830563411294,,-0.11420869445112602,3.5120507859905548
4977,0.9949055988376211,0.04837981436578863,,-0.11412340992433719,3.5113494691260936
4978,0.9950023584663843,0.048350251580012014,,-0.11403562380812697,3.510648254611939
4979,0.9950990589695753,0.0483196192823314,,-0.11394534203354607,3.5099471431557947
4980,0.9951956982081703,0.048287919500359794,,-0.11385257058007539,3.5092461354652764
4981,0.9952922740472008,0.04825515428373287,,-0.11375731547548458,3.5085452322478696
4982,0.9953887843557974,0.04822132570406388,,-0.11365958279568325,3.5078444342108557
4983,0.995485227007234,0.04818643585489156,,-0.11355937866455597,3.507143742061238
4984,0.9955815998789715,0.048150486851637,,-0.1134567092538184,3.506443156505683
4985,0.9956779008527019,0.04811348083155439,,-0.11335158078285956,3.505742678250475
4986,0.9957741278143915,0.04807541995368662,,-0.11324399951859525,3.50504230800143
4987,0.9958702786543245,0.04803630639881089,,-0.1131339717752978,3.504342046463824
4988,0.9959663512671472,0.04799614236939399,,-0.1130215039144498,3.5036418943423486
4989,0.9960623435519103,0.04795493008954244,,-0.11290660234458483,3.502941852341045
4990,0.996158253412113,0.047912671804946405,,-0.1127892735211145,3.5022419211632365
4991,0.9962540787557458,0.047869369782833196,,-0.11266952394617728,3.5015421015114523
4992,0.9963498174953337,0.047825026311917,,-0.11254736016847985,3.500842394087392
4993,0.996445467547979,0.047779643702349904,,-0.11242278878314045,3.500142799591837
4994,0.9965410268354045,0.04773322428566215,,-0.11229581643150778,3.4994433187246
4995,0.9966364932839957,0.04768577041471212,,-0.11216644980100275,3.498743952184451
4996,0.9967318648248443,0.04763728446363247,,-0.11203469562495158,3.498044700669081
4997,0.9968271393937901,0.04758776882777603,,-0.1119005606824181,3.4973455648750207
4998,0.9969223149314633,0.04753722592365911,,-0.11176405179803023,3.496646545497565
4999,0.9970173893833275,0.047485658188909846,,-0.11162517584181882,3.49594764323074
5000,0.9971123606997214,0.047433068082213536,,-0.11148393972904934,3.4952488587672295
5001,0.9972072268359011,0.04737945808324966,,-0.11134035042003411,3.494550192798309
5002,0.9973019857520822,0.047324830692638487,,-0.11119441491996726,3.4938516460137845
5003,0.9973966354134812,0.047269188431886704,,-0.11104614027875813,3.493153219101943
5004,0.9974911737903579,0.047212533843328755,,-0.11089553359085381,3.4924549127494853
5005,0.9975855988580566,0.047154869490062284,,-0.11074260199504875,3.4917567276414547
5006,0.997679908597048,0.04709619795589158,,-0.11058735267431287,3.49105866446119
5007,0.9977741009929703,0.047036521845271,,-0.11042979285562068,3.490360723890271
5008,0.9978681740366704,0.04697584378324061,,-0.11026992980976116,3.4896629066084475
5009,0.9979621257242456,0.046914166415365416,,-0.11010777085115687,3.4889652132935756
5010,0.9980559540570841,0.04685149240767763,,-0.1099433233376906,3.48826764462158
5011,0.9981496570419064,0.04678782444661741,,-0.10977659467052794,3.487570201266369
5012,0.9982432326908057,0.04672316523896195,,-0.10960759229391352,3.486872883899798
5013,0.9983366790212889,0.046657517511762114,,-0.10943632369498454,3.4861756931916044
5014,0.9984299940563167,0.04659088401228652,,-0.10926279640360223,3.4854786298093403
5015,0.9985231758243447,0.04652326750795439,,-0.10908701799215711,3.4847816944183294
5016,0.9986162223593631,0.04645467078626641,,-0.10890899607536982,3.484084887681601
5017,0.9987091317009371,0.04638509665474152,,-0.10872873831010595,3.483388210259831
5018,0.9988019018942472,0.04631454794085728,,-0.10854625239519977,3.482691662811297
5019,0.9988945309901286,0.04624302749197671,,-0.10836154607124603,3.48199524599181
5020,0.9989870170451113,0.046170538175279864,,-0.10817462712040349,3.4812989604546667
5021,0.9990793581214596,0.04609708287770258,,-0.10798550336621501,3.480602806850589
5022,0.9991715522872119,0.04602266450586691,,-0.10779418267340893,3.4799067858276715
5023,0.9992635976162194,0.04594728598600831,,-0.10760067294769249,3.4792108980313254
5024,0.9993554921881863,0.045870950263902414,,-0.10740498213554502,3.478515144104225
5025,0.999447234088708,0.04579366030480695,,-0.1072071182240463,3.4778195246862507
5026,0.9995388214093105,0.045715419093386556,,-0.10700708924066575,3.477124040414447
5027,0.9996302522474891,0.04563622963363726,,-0.10680490325305028,3.47642869192295
5028,0.9997215247067472,0.04555609494881885,,-0.10660056836883135,3.4757334798429462
5029,0.9998126368966348,0.04547501808138755,,-0.1063940927354331,3.475038404802627
5030,0.9999035869327864,0.0453930020929182,,-0.10618548453985546,3.474343467427119
5031,0.99999437293696,0.04531005006402456,,-0.10597475200845383,3.4736486683384453
5032,1.0000849930370748,0.0452261650942959,,-0.10576190340675669,3.472954008155467
5033,1.0001754453672491,0.04514135030222201,,-0.10554694703925648,3.472259487493839
5034,1.0002657280678382,0.04505560882511388,,-0.10532989124919052,3.4715651069659494
5035,1.0003558392854721,0.04496894381902518,,-0.10511074441832403,3.4708708671808783
5036,1.0004457771730928,0.04488135845868458,,-0.10488951496675898,3.4701767687443468
5037,1.0005355398899916,0.044792855937420634,,-0.10466621135272525,3.4694828122586587
5038,1.0006251256018468,0.0447034394670747,,-0.10444084207234476,3.4687889983226663
5039,1.0007145324807603,0.04461311227792794,,-0.1042134156594282,3.4680953275317123
5040,1.0008037587052943,0.04452187761862666,,-0.1039839406852682,3.467401800477579
5041,1.0008928024605086,0.044429738756102795,,-0.10375242575842172,3.466708417748448
5042,1.0009816619379968,0.04433669897548553,,-0.10351887952447168,3.4660151799288514
5043,1.0010703353359225,0.04424276158002888,,-0.1032833106658261,3.46532208759962
5044,1.0011588208590563,0.04414792989103747,,-0.10304572790151353,3.464629141337841
5045,1.0012471167188108,0.04405220724777743,,-0.10280613998694368,3.4639363417168116
5046,1.0013352211332778,0.04395559700739294,,-0.10256455571368168,3.4632436893059935
5047,1.0014231323272629,0.04385810254483137,,-0.10232098390924264,3.4625511846709665
5048,1.0015108485323216,0.043759727252761726,,-0.10207543343687066,3.461858828373382
5049,1.001598367986795,0.043660474541483967,,-0.10182791319529705,3.4611666209709253
5050,1.0016856889358448,0.04356034783884383,,-0.10157843211851152,3.4604745630172675
5051,1.001772809631488,0.04345935059015924,,-0.10132699917556055,3.4597826550620208
5052,1.0018597283326327,0.04335748625813156,,-0.10107362337031092,3.459090897650702
5053,1.0019464433051122,0.043254758322756076,,-0.10081831374121136,3.4583992913246804
5054,1.0020329528217196,0.04315117028123586,,-0.10056107936106282,3.457707836621152
5055,1.0021192551622429,0.04304672564790596,,-0.10030192933681248,3.4570165340730785
5056,1.0022053486134983,0.04294142795414158,,-0.10004087280931107,3.4563253842091566
5057,1.0022912314693648,0.04283528074826246,,-0.09977791895306179,3.4556343875537867
5058,1.0023769020308184,0.042728287595451754,,-0.09951307697600274,3.4549435446270205
5059,1.002462358605965,0.04262045207767138,,-0.09924635611928169,3.4542528559445196
5060,1.002547599510075,0.04251177779357033,,-0.0989777656570147,3.4535623220175222
5061,1.0026326230656155,0.04240226835838663,,-0.09870731489603049,3.4528719433528132
5062,1.0027174276022843,0.04229192740386722,,-0.09843501317565616,3.452181720452672
5063,1.0028020114570428,0.04218075857818145,,-0.09816086986748877,3.4514916538148386
5064,1.0028863729741486,0.042068765545822805,,-0.09788489437513974,3.450801743932479
5065,1.0029705105051885,0.04195595198751359,,-0.09760709613398659,3.450111991294162
5066,1.0030544224091105,0.04184232160012045,,-0.0973274846109495,3.4494223963837976
5067,1.0031381070522563,0.04172787809656419,,-0.09704606930425558,3.448732959680619
5068,1.0032215628083936,0.04161262520571731,,-0.09676285974317446,3.4480436816591373
5069,1.003304788058748,0.04149656667231067,,-0.0964778654877759,3.4473545627891378
5070,1.0033877811920342,0.041379706256849405,,-0.09619109612870787,3.446665603535584
5071,1.0034705406044881,0.041262047735516005,,-0.0959025612869472,3.445976804358665
5072,1.0035530646998982,0.04114359490006861,,-0.09561227061353667,3.4452881657136647
5073,1.003635351889636,0.04102435155774495,,-0.09532023378933906,3.444599688051075
5074,1.0037174005926877,0.04090432153117909,,-0.09502646052481636,3.44391137181636
5075,1.0037992092356849,0.04078350865829652,,-0.09473096055976506,3.4432232174501696
5076,1.0038807762529351,0.04066191679221293,,-0.09443374366305302,3.4425352253880264
5077,1.0039621000864518,0.04053954980113783,,-0.09413481963237685,3.4418473960606506
5078,1.004043179185985,0.04041641156828636,,-0.09383419829402713,3.4411597298934766
5079,1.0041240120090509,0.04029250599177503,,-0.09353188950263057,3.44047222730717
5080,1.0042045970209625,0.04016783698451399,,-0.0932279031408683,3.439784888716971
5081,1.0042849326948582,0.04004240847411648,,-0.09292224911925291,3.439097714533405
5082,1.0043650175117318,0.03991622440280798,,-0.09261493737588312,3.4384107051613846
5083,1.0044448499604612,0.03978928872731251,,-0.09230597787617095,3.437723861001166
5084,1.0045244285378383,0.039661605418750516,,-0.09199538061256834,3.437037182447252
5085,1.0046037517485968,0.03953317846254028,,-0.09168315560433228,3.436350669889537
5086,1.0046828181054415,0.039404011858307365,,-0.09136931289727619,3.4356643237120092
5087,1.0047616261290764,0.03927410961976868,,-0.09105386256349729,3.4349781442940444
5088,1.0048401743482327,0.0391434757746289,,-0.09073681470109828,3.434292132009105
5089,1.0049184612996973,0.039012114364485886,,-0.09041817943396302,3.433606287225892
5090,1.0049964855283402,0.03888002944472937,,-0.09009796691148758,3.432920610307313
5091,1.005074245587142,0.03874722508442926,,-0.08977618730831075,3.432235101611189
5092,1.0051517400372219,0.038613705366223355,,-0.0894528508240297,3.431549761489931
5093,1.0052289674478638,0.038479474386235606,,-0.08912796768298775,3.43086459029028
5094,1.0053059263965443,0.03834453625395124,,-0.08880154813397674,3.430179588354158
5095,1.0053826154689587,0.038208895092125425,,-0.08847360244998492,3.4294947560170046
5096,1.005459033259048,0.03807255503664336,,-0.0881441409278875,3.428810093610357
5097,1.005535178369025,0.03793552023646843,,-0.08781317388826015,3.428125601458146
5098,1.0056110494094,0.03779779485348166,,-0.0874807116750509,3.4274412798815015
5099,1.0056866449990074,0.03765938306242248,,-0.08714676465534775,3.4267571291927403
5100,1.0057619637650312,0.03752028905071802,,-0.08681134321905747,3.426073149702542
5101,1.0058370043430302,0.03738051701846102,,-0.08647445777873077,3.4253893417116075
5102,1.0059117653769631,0.037240071178209384,,-0.08613611876919833,3.4247057055199073
5103,1.0059862455192141,0.037098955754957544,,-0.08579633664736167,3.4240222414167243
5104,1.006060443430617,0.03695717498594015,,-0.08545512189185231,3.423338949690981
5105,1.0061343577804804,0.03681473312062455,,-0.0851124850028673,3.4226558306208434
5106,1.0062079872466116,0.03667163442050734,,-0.08476843650180667,3.421972884483661
5107,1.006281330515341,0.036527883159067576,,-0.08442298693103634,3.421290111546911
5108,1.006354386281546,0.03638348362160364,,-0.08407614685359069,3.4206075120758985
5109,1.0064271532486746,0.036238440105174755,,-0.08372792685294791,3.419925086327772
5110,1.0064996301287688,0.03609275691845299,,-0.08337833753271924,3.419242834555329
5111,1.0065718156424879,0.03594643838161196,,-0.08302738951636035,3.4185607570056717
5112,1.0066437085191318,0.03579948882623395,,-0.08267509344692608,3.417878853918906
5113,1.0067153074966633,0.03565191259517156,,-0.08232145998678346,3.417197125532039
5114,1.0067866113217312,0.035503714042472656,,-0.08196649981734633,3.4165155720725586
5115,1.006857618749692,0.03535489753319676,,-0.08161022363874117,3.4158341937670524
5116,1.0069283285446329,0.03520546744338623,,-0.08125264216960314,3.4151529908309266
5117,1.0069987394793924,0.03505542815987747,,-0.0808937661467604,3.4144719634795786
5118,1.0070688503355834,0.0349047840802558,,-0.08053360632498156,3.413791111917078
5119,1.0071386599036134,0.034753539612658806,,-0.08017217347663524,3.4131104363468268
5120,1.0072081669827067,0.03460169917573524,,-0.07980947839147338,3.412429936962331
5121,1.0072773703809246,0.034449267198482146,,-0.07944553187632603,3.4117496139542762
5122,1.0073462689151864,0.034296248120151876,,-0.07908034475482185,3.411069467506043
5123,1.0074148614112899,0.03414264639011689,,-0.07871392786708359,3.410389497795358
5124,1.0074831467039318,0.03398846646776006,,-0.07834629206947727,3.4097097049955245
5125,1.0075511236367274,0.033833712822378445,,-0.07797744823433311,3.409030089271457
5126,1.0076187910622305,0.03367838993302085,,-0.07760740724963097,3.408350650785893
5127,1.0076861478419534,0.033522502288411644,,-0.07723618001872544,3.4076713896917052
5128,1.0077531928463854,0.03336605438679388,,-0.0768637774600684,3.406992306140209
5129,1.0078199249550126,0.033209050735861584,,-0.07649021050695026,3.4063134002730786
5130,1.0078863430563363,0.033051495852589416,,-0.07611549010717655,3.405634672229357
5131,1.007952446047892,0.03289339426313513,,-0.07573962722277432,3.404956122140245
5132,1.008018232836267,0.032734750502718124,,-0.07536263282973589,3.4042777501320796
5133,1.0080837023371196,0.032575569115501614,,-0.0749845179177312,3.4035995563257337
5134,1.0081488534751961,0.03241585465447314,,-0.07460529348980434,3.402921540834921
5135,1.0082136851843488,0.032255611681302726,,-0.07422497056207888,3.402243703769905
5136,1.0082781964075536,0.0320948447662581,,-0.07384356016349798,3.4015660452324186
5137,1.0083423860969267,0.03193355848805641,,-0.07346107333553605,3.4008885653213063
5138,1.0084062532137417,0.03177175743375758,,-0.07307752113188608,3.400211264127117
5139,1.0084697967284464,0.03160944619861666,,-0.07269291461816113,3.399534141736657
5140,1.0085330156206793,0.0314466293859913,,-0.07230726487163969,3.3988571982298463
5141,1.0085959088792853,0.0312833116072107,,-0.07192058298097123,3.398180433681109
5142,1.008658475502332,0.031119497481446157,,-0.07153288004587603,3.397503848159813
5143,1.0087207144971255,0.030955191635584318,,-0.0711441671768255,3.3968274417283078
5144,1.0087826248802259,0.03079039870411176,,-0.07075445549480269,3.3961512144450183
5145,1.0088442056774616,0.030625123329000633,,-0.070363756130994,3.3954751663607796
5146,1.0089054559239454,0.030459370159563917,,-0.06997208022648835,3.3947992975224808
5147,1.0089663746640887,0.03029314385234135,,-0.0695794389319777,3.3941236079700916
5148,1.0090269609516158,0.03012644907097795,,-0.06918584340749209,3.393448097738597
5149,1.0090872138495786,0.029959290486103757,,-0.0687913048221104,3.392772766857297
5150,1.00914713243037,0.029791672775193487,,-0.06839583435362749,3.3920976153493236
5151,1.0092067157757378,0.02962360062244204,,-0.06799944318827918,3.391422643233222
5152,1.0092659629767986,0.029455078718652834,,-0.067602142520458,3.3907478505206976
5153,1.00932487313405,0.029286111761111493,,-0.06720394355244307,3.3900732372190605
5154,1.009383445357385,0.02911670445345354,,-0.06680485749407036,3.389398803329091
5155,1.0094416787661027,0.02894686150552621,,-0.06640489556242712,3.38872454884662
5156,1.009499572488923,0.02877658763328775,,-0.06600406898160935,3.3880504737617922
5157,1.0095571256639972,0.028605887558666748,,-0.06560238898239365,3.3873765780589076
5158,1.0096143374389206,0.0284347660094365,,-0.06519986680195519,3.3867028617174135
5159,1.0096712069707439,0.028263227719079475,,-0.06479651368353968,3.3860293247104836
5160,1.0097277334259847,0.02809127742667719,,-0.06439234087622288,3.3853559670065985
5161,1.009783915980639,0.027918919876782102,,-0.06398735963460053,3.384682788568136
5162,1.009839753820192,0.02774615981927275,,-0.06358158121846352,3.3840097893524055
5163,1.0098952461396282,0.027573002009233908,,-0.06317501689251723,3.3833369693112894
5164,1.0099503921434427,0.027399451206832674,,-0.0627676779260932,3.3826643283909954
5165,1.010005191045651,0.027225512177200276,,-0.06235957559288328,3.3819918665328093
5166,1.010059642069798,0.027051189690289048,,-0.06195072117060127,3.381319583672121
5167,1.0101137444489698,0.02687648852073862,,-0.06154112594068487,3.3806474797395114
5168,1.0101674974258008,0.02670141344776489,,-0.06113080118803232,3.3799755546598855
5169,1.0102209002524842,0.026525969255022232,,-0.06071975820069019,3.3793038083529625
5170,1.0102739521907806,0.026350160730478824,,-0.06030800826956763,3.3786322407333147
5171,1.0103266525120262,0.02617399266627057,,-0.059895562688098036,3.3779608517100046
5172,1.0103790004971418,0.025997469858599527,,-0.05948243275201212,3.377289641187237
5173,1.0104309954366404,0.02582059710759423,,-0.059068629759011726,3.376618609063631
5174,1.0104826366306354,0.02564337921717235,,-0.0586541650084618,3.3759477552329074
5175,1.010533923388848,0.025465820994913808,,-0.05823904980109752,3.375277079583566
5176,1.0105848550306145,0.025287927251931228,,-0.05782329543872884,3.3746065819988944
5177,1.0106354308848933,0.02510970280275662,,-0.05740691322398461,3.3739362623572755
5178,1.0106856502902721,0.024931152465193167,,-0.05698991445997125,3.3732661205317616
5179,1.0107355125949744,0.024752281060182086,,-0.056572310449974184,3.3725961563906317
5180,1.0107850171568649,0.024573093411687986,,-0.056154112497194014,3.371926369796983
5181,1.0108341633434568,0.024393594346559428,,-0.055735331904431105,3.3712567606089316
5182,1.0108829505319168,0.024213788694408243,,-0.055315979973812775,3.3705873286797328
5183,1.010931378109071,0.024033681287457507,,-0.054896068006446426,3.3699180738575643
5184,1.0109794454714096,0.023853276960435876,,-0.05447560730218334,3.3692489959858847
5185,1.0110271520250926,0.023672580550444567,,-0.05405460915931502,3.3685800949031135
5186,1.0110744971859542,0.023491596896813557,,-0.053633084874249545,3.367911370442884
5187,1.011121480379507,0.023310330840974204,,-0.05321104574122428,3.3672428224340942
5188,1.0111681010409466,0.023128787226326643,,-0.05278850305200497,3.3665744507007265
5189,1.0112143586151552,0.022946970898125574,,-0.052365468095630884,3.365906255062151
5190,1.0112602525567058,0.022764886703339763,,-0.05194195215809613,3.365238235332891
5191,1.0113057823298655,0.022582539490510103,,-0.051517966522031514,3.364570391322861
5192,1.0113509474085978,0.02239993410963373,,-0.051093522466444254,3.3639027228373624
5193,1.011395747276567,0.0222170754120279,,-0.050668631266410774,3.363235229676937
5194,1.0114401814271392,0.022033968250206964,,-0.05024330419280305,3.362567911637683
5195,1.0114842493633864,0.02185061747773343,,-0.049817552511952266,3.361900768511057
5196,1.0115279505980872,0.021667027949097875,,-0.049391387485381286,3.3612338000840234
5197,1.0115712846537293,0.021483204519600386,,-0.04896482036953983,3.360567006139109
5198,1.0116142510625108,0.02129915204520269,,-0.04853786241547186,3.3599003864542527
5199,1.011656849366342,0.021114875382399572,,-0.04811052486853075,3.3592339408031435
5200,1.011699079116846,0.020930379388084293,,-0.04768281896807677,3.358567668954999
5201,1.01174093987536,0.02074566891943004,,-0.04725475594721401,3.3579015706746804
5202,1.0117824312129353,0.020560748833762906,,-0.04682634703250827,3.357235645722826
5203,1.0118235527103376,0.020375623988410866,,-0.04639760344364827,3.3565698938556645
5204,1.011864303958048,0.020190299240584984,,-0.045968536393184316,3.3559043148253638
5205,1.0119046845562611,0.020004779447248905,,-0.04553915708623634,3.3552389083797785
5206,1.0119446941148862,0.019819069464989084,,-0.04510947672020657,3.3545736742625816
5207,1.0119843322535453,0.019633174149880035,,-0.0446795064844814,3.353908612213461
5208,1.0120235986015729,0.01944709835734446,,-0.044249257560118986,3.3532437219678566
5209,1.0120624927980137,0.019260846942047053,,-0.04381874111961769,3.3525790032573144
5210,1.0121010144916227,0.019074424757752055,,-0.043387968326598636,3.351914455809282
5211,1.0121391633408616,0.018887836657184538,,-0.04295695033549894,3.3512500793472038
5212,1.0121769390138982,0.018701087491904106,,-0.04252569829129455,3.350585873590773
5213,1.0122143411886027,0.01851418211217625,,-0.04209422332921396,3.3499218382555824
5214,1.0122513695525464,0.01832712536685329,,-0.041662536574479006,3.3492579730535263
5215,1.012288023802998,0.018139922103232092,,-0.041230649141989296,3.3485942776926465
5216,1.0123243036469212,0.01795257716691566,,-0.04079857213601702,3.3479307518771555
5217,1.0123602088009702,0.01776509540170045,,-0.04036631664996208,3.3472673953077248
5218,1.0123957389914875,0.01757748164943845,,-0.03993389376604597,3.346604207681115
5219,1.012430893954499,0.017389740749909427,,-0.03950131455503381,3.3459411886905848
5220,1.0124656734357103,0.01720187754068293,,-0.03906859007593055,3.3452783380258184
5221,1.0125000771905017,0.01701389685699634,,-0.03863573137571326,3.3446156553727904
5222,1.0125341049839245,0.01682580353163704,,-0.03820274948907647,3.3439531404141762
5223,1.0125677565906952,0.016637602394795965,,-0.037769655438107924,3.3432907928289697
5224,1.012601031795191,0.016449298273936035,,-0.0373364602320029,3.3426286122928497
5225,1.0126339303914438,0.016260895993671132,,-0.03690317486680033,3.3419665984781695
5226,1.0126664521831348,0.01607240037563737,,-0.03646981032510069,3.3413047510537335
5227,1.0126985969835887,0.015883816238370794,,-0.03603637757580244,3.3406430696852767
5228,1.0127303646157668,0.015695148397162805,,-0.03560288757378379,3.3399815540351314
5229,1.0127617549122612,0.015506401663937497,,-0.03516935125963732,3.33932020376244
5230,1.012792767715288,0.015317580847132467,,-0.03473577955941251,3.3386590185233067
5231,1.01282340287668,0.015128690751560838,,-0.03430218338431312,3.3379979979704673
5232,1.0128536602578797,0.01493973617828608,,-0.03386857363042852,3.3373371417538147
5233,1.0128835397299318,0.014750721924488357,,-0.033434961178441795,3.3366764495201275
5234,1.0129130411734752,0.014561652783349246,,-0.03300135689338128,3.336015920913098
5235,1.012942164478735,0.014372533543922908,,-0.03256777162434332,3.335355555573692
5236,1.012970909545515,0.014183368990994942,,-0.03213421620418339,3.334695353139729
5237,1.012999276283188,0.013994163904959942,,-0.03170070144925435,3.334035313246358
5238,1.013027264610688,0.013804923061700813,,-0.031267238159145755,3.3333754355259173
5239,1.0130548744565002,0.013615651232461319,,-0.030833837116408285,3.3327157196077977
5240,1.013082105758653,0.013426353183721979,,-0.030400509086288753,3.332056165118938
5241,1.0131089584647073,0.013237033677061177,,-0.029967264816427783,3.3313967716834236
5242,1.0131354325317472,0.013047697469039717,,-0.02953411503661394,3.3307375389227625
5243,1.0131615279263702,0.012858349311075584,,-0.02910107045851511,3.3300784664560013
5244,1.0131872446246761,0.012668993949312726,,-0.02866814177539471,3.329419553899418
5245,1.0132125826122576,0.012479636124493631,,-0.02823533966184046,3.328760800867062
5246,1.0132375418841884,0.012290280571838428,,-0.02780267477350438,3.3281022069704433
5247,1.013262122445013,0.01210093202092516,,-0.027370157746847288,3.327443771818585
5248,1.0132863243087349,0.011911595195562025,,-0.026937799198866658,3.326785495018399
5249,1.013310147498805,0.011722274813652438,,-0.02650560972680515,3.3261273761742713
5250,1.0133335920481106,0.011532975587075809,,-0.026073599907898405,3.3254694148884796
5251,1.0133566579989621,0.011343702221572285,,-0.02564178029913002,3.324811610761144
5252,1.0133793454030817,0.011154459416614651,,-0.025210161436957167,3.3241539633900223
5253,1.0134016543215907,0.010965251865284515,,-0.024778753837048896,3.3234964723710347
5254,1.0134235848249962,0.01077608425414195,,-0.024347567994006506,3.3228391372978976
5255,1.0134451369931785,0.01058696126310942,,-0.023916614381118317,3.3221819577622855
5256,1.013466310915378,0.010397887565353646,,-0.023485903450110524,3.3215249333541013
5257,1.0134871066901814,0.010208867827152706,,-0.023055445630862335,3.3208680636610857
5258,1.0135075244255074,0.010019906707775037,,-0.022625251331151508,3.3202113482693094
5259,1.013527564238594,0.009831008859366743,,-0.022195330936416475,3.3195547867630184
5260,1.013547226255983,0.009642178926827864,,-0.021765694809493908,3.3188983787245085
5261,1.0135665106135063,0.009453421547690386,,-0.021336353290362466,3.318242123734612
5262,1.0135854174562706,0.009264741351986872,,-0.020907316695862682,3.317586021372321
5263,1.0136039469386429,0.009076142962137757,,-0.020478595319461213,3.316930071215012
5264,1.0136220992242349,0.008887630992837677,,-0.02005019943101296,3.3162742728386414
5265,1.0136398744858877,0.008699210050929341,,-0.019622139276493606,3.3156186258174047
5266,1.013657272905656,0.008510884735283558,,-0.01919442507774873,3.314963129724204
5267,1.0136742946747925,0.00832265963667758,,-0.01876706703223752,3.31430778413051
5268,1.0136909399937313,0.008134539337680274,,-0.0183400753127921,3.313652588606242
5269,1.0137072090720716,0.007946528412536468,,-0.017913460067376884,3.312997542720218
5270,1.013723102128561,0.007758631427040139,,-0.017487231418820665,3.3123426460398107
5271,1.0137386193910791,0.007570852938417746,,-0.01706139946457343,3.3116878981311695
5272,1.0137537610966194,0.007383197495221418,,-0.016635974276485395,3.3110332985594164
5273,1.0137685274912729,0.0071956696372057274,,-0.01621096590054789,3.3103788468883013
5274,1.0137829188302099,0.007008273895207255,,-0.015786384356642723,3.3097245426806374
5275,1.0137969353776626,0.0068210147910262725,,-0.015362239638295198,3.309070385498221
5276,1.0138105774069064,0.0066338968373128564,,-0.014938541712437164,3.3084163749016775
5277,1.0138238452002424,0.006446924537459057,,-0.014515300519185271,3.3077625104509067
5278,1.0138367390489784,0.006260102385478665,,-0.014092525971589751,3.307108791704773
5279,1.0138492592534103,0.006073434865886995,,-0.013670227955384504,3.306455218221264
5280,1.0138614061228026,0.005886926453592802,,-0.013248416328764874,3.305801789557756
5281,1.0138731799753702,0.0057005816137810405,,-0.01282710092214371,3.3051485052706506
5282,1.0138845811382577,0.005514404801801996,,-0.012406291537923456,3.3044953649157427
5283,1.0138956099475211,0.0053284004630534025,,-0.011985997950251898,3.3038423680482434
5284,1.013906266748107,0.0051425730328658265,,-0.011566229904785081,3.3031895142225745
5285,1.0139165518938322,0.004956926936401365,,-0.01114699711848148,3.302536802992781
5286,1.0139264657473643,0.0047714665885354324,,-0.01072830927935713,3.301884233912316
5287,1.0139360086802007,0.004586196393740511,,-0.010310176046245874,3.301231806534068
5288,1.0139451810726474,0.004401120745974989,,-0.009892607048571726,3.3005795204107247
5289,1.0139539833137985,0.004216244028576566,,-0.009475611886130546,3.2999273750944185
5290,1.0139624158015148,0.00403157061415165,,-0.00905920012886384,3.299275370136983
5291,1.0139704789424022,0.0038471048644696535,,-0.008643381316643535,3.2986235050900974
5292,1.0139781731517903,0.0036628511303436256,,-0.008228164959025704,3.297971779505027
5293,1.01398549885371,0.003478813751524724,,-0.007813560535036389,3.297320192932989
5294,1.0139924564808722,0.0032949970565972968,,-0.007399577492958363,3.2966687449250642
5295,1.0139990464746447,0.003111405362864847,,-0.0069862252500975984,3.29601743503209
5296,1.0140052692850299,0.002928042976246076,,-0.006573513192573117,3.295366262805048
5297,1.0140111253706419,0.0027449141911628297,,-0.006161450675088102,3.294715227794839
5298,1.014016615198684,0.0025620232904408537,,-0.0057500470207303,3.2940643295523353
5299,1.014021739244925,0.002379374545203894,,-0.005339311520757843,3.2934135676286806
5300,1.0140264979936755,0.002196972214758662,,-0.004929253434364195,3.292762941574993
5301,1.0140308919377654,0.002014820546490941,,-0.0045198819884687755,3.292112450942619
5302,1.0140349215785192,0.001832923775764993,,-0.004111206377514995,3.291462095283245
5303,1.0140385874257318,0.0016512861258184146,,-0.003703235763258018,3.290811874148646
5304,1.0140418899976449,0.0014699118076592942,,-0.0032959792745582517,3.290161787091045
5305,1.014044829820922,0.001288805019960448,,-0.0028894460071681536,3.2895118336630453
5306,1.014047407430624,0.0011079699489516392,,-0.0024836450235147115,3.288862013417528
5307,1.0140496233701846,0.0009274107683257067,,-0.0020785853525134654,3.288212325907982
5308,1.0140514781913843,0.0007471316391322576,,-0.001674275989354563,3.2875627706883264
5309,1.0140529724543261,0.0005671367096717864,,-0.001270725895290069,3.2869133473129497
5310,1.0140541067274096,0.0003874301154017889,,-0.0008679439974483472,3.286264055336996
5311,1.014054881587305,0.00020801597883374895,,-0.00046593918862801356,3.285614894316104
5312,1.0140552976189279,2.8898409435810153e-05,,-6.472032710489992e-05,3.2849658638065904
5313,1.0140553554154126,-0.0001499184964710061,,0.00033570376357533146,3.284316963365615
5314,1.014055055578086,-0.00032843065581673924,,0.0007353242948047606,3.2836681925509352
5315,1.0140543987164417,-0.0005066339988736816,,0.0011341325130920699,3.283019550921204
5316,1.0140533854481117,-0.0006845244693537911,,0.0015321197002552127,3.28237103803596
5317,1.0140520163988416,-0.0008620980245080284,,0.0019292771736181766,3.2817226534554886
5318,1.014050292202462,-0.0010393506352227688,,0.0023255962862011466,3.2810743967411455
5319,1.0140482135008617,-0.0012162782861194967,,0.0027210684269177764,3.2804262674552307
5320,1.0140457809439605,-0.0013928769756483387,,0.003115685020758505,3.2797782651609624
5321,1.014042995189681,-0.0015691427161814635,,0.0035094375289735757,3.2791303894227504
5322,1.0140398569039213,-0.0017450715341128364,,0.003902317449269931,3.2784826398060276
5323,1.0140363667605268,-0.0019206594699513403,,0.004294316315993208,3.2778350158773266
5324,1.0140325254412614,-0.0020959025784081033,,0.004685425700296741,3.2771875172044758
5325,1.0140283336357803,-0.002270796928495349,,0.005075637210335951,3.2765401433564256
5326,1.0140237920416,-0.0024453386036183355,,0.005464942491447314,3.2758928939033796
5327,1.0140189013640704,-0.0026195237016701243,,0.005853333226333553,3.2752457684169394
5328,1.0140136623163458,-0.0027933483351219655,,0.006240801135238633,3.2745987664699365
5329,1.0140080756193555,-0.002966808631110462,,0.006627337976115692,3.273951887636611
5330,1.0140021420017744,-0.0031399007315292492,,0.007012935544804866,3.273305131492686
5331,1.0139958621999936,-0.0033126207931186476,,0.007397585675206213,3.272658497615229
5332,1.013989236958091,-0.003484964987558098,,0.007781280239459096,3.272011985582877
5333,1.0139822670278007,-0.0036569295015524824,,0.008164011148107508,3.271365594975818
5334,1.0139749531684836,-0.003828510536922248,,0.008545770350273676,3.2707193253757105
5335,1.0139672961470971,-0.0039997043106889734,,0.00892654983382173,3.270073176365917
5336,1.0139592967381645,-0.004170507055165055,,0.009306341625530077,3.2694271475314345
5337,1.0139509557237445,-0.004340915018035328,,0.009685137791245644,3.2687812384588577
5338,1.0139422738934,-0.004510924462444401,,0.010062930436051139,3.2681354487366123
5339,1.0139332520441684,-0.004680531667083167,,0.010439711704429838,3.267489777954825
5340,1.0139238909805288,-0.004849732926276116,,0.010815473780432239,3.2668442257053694
5341,1.0139141915143723,-0.005018524550063176,,0.011190208887830625,3.2661987915820454
5342,1.01390415446497,-0.00518690286428173,,0.011563909290273379,3.265553475180442
5343,1.0138937806589408,-0.005354864210651019,,0.01193656729144487,3.2649082760980312
5344,1.0138830709302205,-0.005522404946850648,,0.012308175235212127,3.2642631939342985
5345,1.0138720261200294,-0.005689521446607515,,0.01267872550578973,3.263618228290619
5346,1.0138606470768405,-0.005856210099775963,,0.01304821052788989,3.2629733787703814
5347,1.0138489346563473,-0.00602246731241656,,0.01341662276686928,3.2623286449790605
5348,1.0138368897214305,-0.00618828950687781,,0.013783954728881944,3.261684026524121
5349,1.0138245131421266,-0.006353673121874673,,0.014150198961025443,3.261039523015173
5350,1.0138118057955945,-0.006518614612565026,,0.014515348051482035,3.260395134063978
5351,1.013798768566083,-0.006683110450627971,,0.01487939462966371,3.2597508592843965
5352,1.0137854023448973,-0.006847157124343645,,0.015242331366360903,3.259106698292552
5353,1.0137717080303663,-0.007010751138668129,,0.01560415097387971,3.2584626507067798
5354,1.0137576865278086,-0.007173889015315323,,0.015964846206194604,3.257818716147626
5355,1.0137433387494996,-0.007336567292825247,,0.016324409859071205,3.257174894238003
5356,1.0137286656146378,-0.007498782526641975,,0.01668283477020978,3.2565311846031166
5357,1.0137136680493104,-0.007660531289186266,,0.01704011381937708,3.2558875868704678
5358,1.0136983469864602,-0.007821810169928929,,0.017396239928540096,3.2552441006700406
5359,1.0136827033658506,-0.00798261577546768,,0.01775120606200675,3.2546007256341745
5360,1.0136667381340323,-0.008142944729598083,,0.018105005226553613,3.2539574613976057
5361,1.013650452244308,-0.008302793673384086,,0.01845763047155312,3.25331430759764
5362,1.0136338466566983,-0.008462159265230565,,0.01880907488910421,3.2526712638740145
5363,1.0136169223379075,-0.008621038180952854,,0.019159331614156734,3.252028329868969
5364,1.0135996802612877,-0.008779427113843486,,0.019508393824629766,3.2513855052273777
5365,1.0135821214068044,-0.008937322774746728,,0.01985625474154643,3.2507427895966394
5366,1.0135642467610018,-0.00909472189212411,,0.02020290762914908,3.2501001826267433
5367,1.013546057316967,-0.009251621212126311,,0.020548345795028653,3.2494576839703795
5368,1.0135275540742947,-0.009408017498657148,,0.02089256259023581,3.2488152932828385
5369,1.0135087380390522,-0.009563907533440472,,0.021235551409398878,3.2481730102221045
5370,1.0134896102237427,-0.00971928811608564,,0.021577305690838572,3.2475308344489155
5371,1.0134701716472707,-0.00987415606415253,,0.02191781891668109,3.246888765626692
5372,1.0134504233349053,-0.010028508213217175,,0.022257084612973065,3.2462468034216356
5373,1.0134303663182445,-0.010182341416937855,,0.02259509634979727,3.2456049475027635
5374,1.013410001635179,-0.010335652547117373,,0.0229318477413793,3.244963197541842
5375,1.013389330329856,-0.010488438493764884,,0.0232673324461939,3.244321553213503
5376,1.0133683534526428,-0.010640696165160711,,0.023601544167077444,3.2436800141952595
5377,1.0133470720600894,-0.010792422487910886,,0.023934476651317205,3.2430385801674406
5378,1.0133254872148938,-0.010943614407013661,,0.024266123690767756,3.2423972508133097
5379,1.0133035999858628,-0.011094268885919658,,0.024596479121952893,3.2417560258190803
5380,1.0132814114478772,-0.011244382906589984,,0.024925536826162463,3.241114904873851
5381,1.0132589226818534,-0.011393953469556461,,0.025253290729554637,3.2404738876697174
5382,1.0132361347747068,-0.011542977593978359,,0.02557973480324979,3.239832973901772
5383,1.0132130488193145,-0.011691452317700185,,0.02590486306342662,3.2391921632680707
5384,1.0131896659144781,-0.011839374697307354,,0.026228669571413864,3.2385514554697337
5385,1.0131659871648857,-0.011986741808183144,,0.026551148433784474,3.237910850210928
5386,1.013142013681075,-0.012133550744563864,,0.026872293802445543,3.237270347198835
5387,1.0131177465793946,-0.012279798619597488,,0.027192099874736527,3.2366299461437684
5388,1.0130931869819677,-0.012425482565394795,,0.02751056089351011,3.2359896467591382
5389,1.0130683360166526,-0.012570599733083282,,0.02782767114721918,3.2353494487614305
5390,1.0130431948170056,-0.012715147292857647,,0.02814342496999669,3.2347093518703067
5391,1.0130177645222427,-0.012859122434033686,,0.028457816741742428,3.2340693558085825
5392,1.012992046277201,-0.013002522365098829,,0.028770840888202327,3.233429460302206
5393,1.012966041232301,-0.013145344313767827,,0.029082491881059512,3.2327896650803503
5394,1.0129397505435072,-0.013287585527028271,,0.029392764238002266,3.232149969875379
5395,1.0129131753722904,-0.013429243271190258,,0.02970165252280124,3.2315103744228404
5396,1.012886316885589,-0.013570314831937831,,0.03000915134539085,3.2308708784615567
5397,1.0128591762557702,-0.013710797514374713,,0.030315255361937538,3.230231481733585
5398,1.01283175466059,-0.01385068864307036,,0.03061995927490871,3.2295921839842174
5399,1.0128040532831566,-0.013989985562109038,,0.0309232578331487,3.228952984962054
5400,1.012776073311889,-0.014128685635136508,,0.031225145831948884,3.228313884418976
5401,1.0127478159404792,-0.014266786245404721,,0.031525618113113434,3.22767488211013
5402,1.012719282367853,-0.014404284795819606,,0.031824669565032215,3.227035977794022
5403,1.01269047379813,-0.014541178708979769,,0.032122295122733006,3.2263971712324633
5404,1.0126613914405846,-0.01467746542721999,,0.03241848976794444,3.2257584621905826
5405,1.012632036509607,-0.014813142412656506,,0.032713248529163165,3.225119850436889
5406,1.012602410224663,-0.014948207147230788,,0.03300656648171702,3.224481335743243
5407,1.0125725138102537,-0.015082657132748208,,0.03329843874781719,3.2238429178848462
5408,1.0125423484958778,-0.01521648989091998,,0.03358886049661769,3.223204596640316
5409,1.0125119155159898,-0.015349702963403471,,0.03387782694427083,3.222566371791648
5410,1.0124812161099612,-0.015482293911839341,,0.03416533335397561,3.2219282431242084
5411,1.0124502515220402,-0.015614260317892826,,0.03445137503603583,3.2212902104268104
5412,1.0124190230013115,-0.01574559978328957,,0.034735947347905236,3.2206522734916696
5413,1.0123875318016564,-0.01587630992985151,,0.035019045694233156,3.220014432114403
5414,1.0123557791817128,-0.016006388399538756,,0.03530066552692358,3.219376686094088
5415,1.0123237664048343,-0.01613583285448471,,0.035580802345178734,3.2187390352332343
5416,1.0122914947390507,-0.01626464097702676,,0.03585945169553296,3.218101479337773
5417,1.0122589654570266,-0.01639281046974578,,0.03613660917190647,3.217464018217121
5418,1.012226179836022,-0.016520339055494725,,0.03641227041563423,3.216826651684138
5419,1.0121931391578505,-0.016647224477433,,0.03668643111550804,3.216189379555132
5420,1.0121598447088398,-0.01677346449906459,,0.03695908700782681,3.215552201649909
5421,1.012126297779791,-0.016899056904269114,,0.03723023387643099,3.2149151177917403
5422,1.0120924996659364,-0.017023999497324138,,0.03749986755271767,3.2142781278073493
5423,1.0120584516669007,-0.017148290102946034,,0.03776798391569689,3.213641231526972
5424,1.0120241550866587,-0.01727192656631606,,0.038034578892014906,3.213004428784322
5425,1.011989611233495,-0.017394906753105715,,0.03829964845597592,3.2123677194165885
5426,1.0119548214199627,-0.017517228549511116,,0.03856318862958387,3.2117311032644693
5427,1.011919786962843,-0.017638889862277813,,0.03882519548256286,3.211094580172156
5428,1.0118845091831026,-0.017759888618725697,,0.03908566513237772,3.210458149987315
5429,1.0118489894058547,-0.01788022276678435,,0.039344593744277824,3.20982181256113
5430,1.011813228960316,-0.017999890275013117,,0.03960197753130705,3.2091855677482926
5431,1.011777229179766,-0.01811888913262093,,0.039857812754312834,3.2085494154069636
5432,1.011740991401506,-0.018237217349496095,,0.04011209572197784,3.207913355398831
5433,1.011704516966818,-0.01835487295623142,,0.04036482279084078,3.2072773875890874
5434,1.0116678072209218,-0.018471854004145402,,0.04061599036530844,3.2066415118464016
5435,1.0116308635129352,-0.018588158565306993,,0.04086559489767616,3.2060057280429595
5436,1.0115936871958318,-0.018703784732555653,,0.041113632888137325,3.205370036054456
5437,1.0115562796263995,-0.018818730619518005,,0.0413601008847855,3.2047344357600496
5438,1.0115186421651987,-0.018932994360636154,,0.041604995483642354,3.2040989270424176
5439,1.0114807761765214,-0.01904657411118494,,0.041848313328661256,3.2034635097877384
5440,1.0114426830283487,-0.019159468047285876,,0.04209005111172306,3.202828183885662
5441,1.0114043640923096,-0.019271674365929078,,0.04233020557265006,3.202192949229334
5442,1.011365820743639,-0.019383191284996142,,0.042568773499221765,3.2015578057154017
5443,1.011327054361136,-0.01949401704327096,,0.04280575172716381,3.20092275324397
5444,1.0112880663271222,-0.019604149900459347,,0.04304113714015674,3.2002877917186323
5445,1.0112488580274,-0.01971358813720438,,0.04327492666983511,3.1996529210464653
5446,1.0112094308512103,-0.01982233005509473,,0.04350711729577098,3.1990181411379974
5447,1.0111697861911908,-0.019930373976685765,,0.043737706045485714,3.1983834519072127
5448,1.0111299254433341,-0.02003771824551883,,0.043966689994457846,3.19774885327158
5449,1.0110898500069458,-0.020144361226125142,,0.04419406626609671,3.197114345151997
5450,1.0110495612846024,-0.020250301304038213,,0.0444198320317351,3.1964799274728035
5451,1.0110090606821094,-0.02035553688581229,,0.04464398451063535,3.195845600161813
5452,1.010968349608459,-0.02046006639902862,,0.04486652096996805,3.1952113631502517
5453,1.0109274294757884,-0.020563888292304863,,0.04508743872479798,3.1945772163727635
5454,1.0108863016993377,-0.020667001035311307,,0.045306735138085336,3.193943159767439
5455,1.0108449676974072,-0.020769403118773063,,0.0455244076206554,3.193309193275753
5456,1.0108034288913161,-0.020871093054478457,,0.04574045363118225,3.192675316842568
5457,1.0107616867053602,-0.020972069375298538,,0.04595487067619719,3.192041530416168
5458,1.0107197425667689,-0.02107233063518388,,0.04616765631004666,3.1914078339482104
5459,1.0106775979056644,-0.021171875409168175,,0.04637880813486535,3.190774227393719
5460,1.0106352541550185,-0.02127070229337948,,0.04658832380056649,3.1901407107111117
5461,1.0105927127506107,-0.021368809905048258,,0.046796201004824435,3.1895072838621585
5462,1.010549975130986,-0.021466196882504437,,0.04700243749303324,3.1888739468119467
5463,1.0105070427374134,-0.021562861885192915,,0.04720703105830631,3.1882406995289223
5464,1.010463917013842,-0.021658803593668202,,0.04740997954142969,3.187607541984849
5465,1.0104205994068605,-0.0217540207095921,,0.04761128083082205,3.1869744741547734
5466,1.0103770913656538,-0.021848511955747565,,0.04781093286253076,3.1863414960170746
5467,1.0103333943419617,-0.021942276076038342,,0.048008933620196266,3.1857086075534413
5468,1.0102895097900357,-0.022035311835479424,,0.048205281134996086,3.185075808748811
5469,1.0102454391665978,-0.022127618020206092,,0.048399973485630125,3.184443099591393
5470,1.0102011839307974,-0.022219193437474537,,0.04859300879828746,3.1838104800726645
5471,1.0101567455441693,-0.022310036915655643,,0.048784385246597485,3.1831779501873085
5472,1.010112125470592,-0.022400147304236086,,0.04897410105159804,3.1825455099332305
5473,1.0100673251762446,-0.022489523473819963,,0.04916215448170438,3.181913159311587
5474,1.0100223461295652,-0.022578164316111832,,0.049348543852637115,3.1812808983267162
5475,1.0099771898012084,-0.022666068743922747,,0.04953326752740081,3.1806487269861314
5476,1.009931857664003,-0.022753235691174673,,0.049716323916259186,3.1800166453005523
5477,1.0098863511929104,-0.022839664112883497,,0.04989771147666288,3.1793846532838175
5478,1.0098406718649815,-0.0229253529851533,,0.050077428713202345,3.1787527509528877
5479,1.0097948211593155,-0.02301030130517781,,0.05025547417757687,3.1781209383278766
5480,1.0097488005570168,-0.02309450809122774,,0.05043184646853195,3.177489215432005
5481,1.0097026115411534,-0.023177972382641916,,0.05060654423180533,3.176857582291576
5482,1.0096562555967146,-0.023260693239828947,,0.05077956616009633,3.1762260389359964
5483,1.0096097342105688,-0.02334266974425012,,0.05095091099299366,3.1755945853977257
5484,1.0095630488714216,-0.023423900998405828,,0.05112057751691107,3.174963221712228
5485,1.0095162010697736,-0.02350438612583955,,0.05128856456506189,3.1743319479180157
5486,1.0094691922978782,-0.02358412427112427,,0.051454871017394925,3.1737007640566253
5487,1.0094220240497,-0.023663114599840364,,0.051619495800511415,3.173069670172562
5488,1.009374697820872,-0.0237413562985703,,0.05178243788761931,3.172438666313325
5489,1.009327215108654,-0.02381884857489152,,0.051943696298483374,3.171807752529388
5490,1.0092795774118912,-0.02389559065735537,,0.052103270099344276,3.1711769288741154
5491,1.0092317862309712,-0.023971581795479483,,0.052261158402867984,3.1705461954037912
5492,1.0091838430677826,-0.024046821259739677,,0.05241736036809398,3.1699155521776357
5493,1.0091357494256734,-0.02412130834153719,,0.052571875200329174,3.169284999257729
5494,1.0090875068094085,-0.024195042353192572,,0.05272470215110034,3.168654536709009
5495,1.009039116725128,-0.02426802262794086,,0.052875840518109694,3.168024164599291
5496,1.008990580680306,-0.024340248519902137,,0.053025289645136,3.167393882999183
5497,1.0089419001837079,-0.02441171940406244,,0.05317304892195869,3.166763691982063
5498,1.0088930767453494,-0.024482434676269205,,0.05331911778431454,3.1661335916241415
5499,1.0088441118764546,-0.0245523937532039,,0.05346349571380348,3.16550358200439
5500,1.008795007089414,-0.0246215960723619,,0.0536061822378104,3.1648736632044905
5501,1.008745763897743,-0.024690041092043237,,0.053747176929451516,3.164243835308874
5502,1.008696383816041,-0.024757728291324502,,0.05388647940747888,3.1636140984046746
5503,1.0086468683599483,-0.024824657170029914,,0.05402408933618306,3.162984452581656
5504,1.0085972190461066,-0.024890827248727005,,0.05416000642535049,3.162354897932271
5505,1.0085474373921155,-0.024956238068704298,,0.05429423043018099,3.161725434551642
5506,1.0084975249164927,-0.025020889191937606,,0.05442676115117987,3.161096062537461
5507,1.0084474831386316,-0.025084780201071164,,0.054557598434083546,3.1604667819900074
5508,1.0083973135787607,-0.025147910699401626,,0.054686742169791136,3.1598375930121643
5509,1.0083470177579013,-0.02521028031084347,,0.05481419229425499,3.1592084957093265
5510,1.0082965971978273,-0.025271888679909264,,0.05493994878840437,3.1585794901894126
5511,1.0082460534210236,-0.025332735471694498,,0.05506401167807922,3.157950576562886
5512,1.0081953879506447,-0.0253928203718359,,0.055186381033905364,3.1573217549426627
5513,1.0081446023104739,-0.025452143086487522,,0.05530705697120895,3.1566930254440817
5514,1.0080936980248822,-0.025510703342308455,,0.05542603964995674,3.156064388184946
5515,1.0080426766187875,-0.025568500886427144,,0.05554332927464508,3.1554358432854794
5516,1.0079915396176131,-0.02562553548640534,,0.05565892609418763,3.1548073908682466
5517,1.0079402885472473,-0.025681806930218574,,0.05577283040184034,3.154179031058209
5518,1.0078889249340022,-0.02573731502622971,,0.055885042535110466,3.153550763982676
5519,1.0078374503045737,-0.02579205960315155,,0.05599556287564167,3.1529225897712196
5520,1.007785866186,-0.025846040510024763,,0.0561043918491334,3.152294508555714
5521,1.0077341741056212,-0.025899257616191194,,0.056211529925250275,3.1516665204703482
5522,1.0076823755910387,-0.0259517108112451,,0.05631697761748212,3.151038625651499
5523,1.0076304721700746,-0.02600340000501046,,0.05642073548306226,3.1504108242377544
5524,1.0075784653707318,-0.026054325127521073,,0.05652280412289176,3.1497831163699295
5525,1.0075263567211528,-0.026104486128975906,,0.05662318418140904,3.1491555021909816
5526,1.0074741477495794,-0.026153882979701438,,0.05672187634647543,3.1485279818459846
5527,1.0074218399843136,-0.026202515670130898,,0.05681888134929798,3.1479005554821717
5528,1.0073694349536755,-0.02625038421076482,,0.056914199964310734,3.1472732232488565
5529,1.007316934185965,-0.026297488632129863,,0.057007833009052475,3.1466459852973707
5530,1.0072643392094205,-0.026343828984757112,,0.05709978134408777,3.146018841781113
5531,1.0072116515521796,-0.02638940533914082,,0.057190045872885106,3.1453917928555275
5532,1.007158872742239,-0.02643421778568989,,0.0572786275416784,3.144764838677988
5533,1.0071060043074138,-0.02647826643470498,,0.05736552733938584,3.1441379794078412
5534,1.0070530477752997,-0.026521551416348484,,0.05745074629751248,3.1435112152064044
5535,1.0070000046732313,-0.026564072880590907,,0.05753428549000136,3.1428845462368606
5536,1.0069468765282432,-0.026605830997174177,,0.05761614603312211,3.142257972664268
5537,1.006893664867031,-0.02664682595558388,,0.057696329085379194,3.1416314946555883
5538,1.0068403712159109,-0.02668705796500036,,0.05777483584737339,3.1410051123795855
5539,1.0067869971007808,-0.026726527254259436,,0.057851667561684736,3.1403788260067937
5540,1.0067335440470813,-0.0267652340718244,,0.05792682551278057,3.1397526357095566
5541,1.0066800135797556,-0.026803178685735455,,0.05800031102687433,3.1391265416619865
5542,1.0066264072232112,-0.026840361383561245,,0.05807212547178807,3.138500544039865
5543,1.00657272650128,-0.02687678247237047,,0.05814227025686021,3.1378746430206843
5544,1.0065189729371804,-0.026912442278693317,,0.05821074683283066,3.1372488387836444
5545,1.0064651480534772,-0.026947341148463703,,0.05827755669168354,3.1366231315095336
5546,1.0064112533720435,-0.02698147944698063,,0.05834270136653273,3.1359975213807547
5547,1.0063572904140219,-0.027014857558874183,,0.05840618243151753,3.1353720085813515
5548,1.0063032606997855,-0.027047475888053195,,0.0584680015016572,3.1347465932968785
5549,1.0062491657488999,-0.02707933485766015,,0.05852816023272274,3.1341212757144072
5550,1.0061950070800842,-0.027110434910038624,,0.05858666032113592,3.1334960560225578
5551,1.0061407862111729,-0.02714077650667585,,0.058643503503813685,3.132870934411418
5552,1.0060865046590775,-0.0271703601281503,,0.058698691558023715,3.1322459110724936
5553,1.0060321639397483,-0.027199186274102095,,0.05875222630129024,3.131620986198729
5554,1.0059777655681363,-0.027227255463186936,,0.05880410959126375,3.1309961599844915
5555,1.0059233110581554,-0.02725456823301446,,0.05885434332555668,3.1303714326254766
5556,1.0058688019226438,-0.027281125140105014,,0.05890292944161977,3.1297468043187107
5557,1.0058142396733274,-0.02730692675985217,,0.05894986991663111,3.129122275262582
5558,1.0057596258207806,-0.027331973686463007,,0.05899516676733623,3.128497845656733
5559,1.0057049618743896,-0.027356266532910227,,0.059038822049914334,3.127873515702032
5560,1.005650249342315,-0.027379805930894757,,0.05908083785986813,3.127249285600621
5561,1.0055954897314536,-0.027402592530783882,,0.059121216331859835,3.1266251555558466
5562,1.0055406845474015,-0.027424627001555502,,0.05915995963956037,3.1260011257721794
5563,1.0054858352944172,-0.02744591003076558,,0.05919706999554993,3.1253771964552572
5564,1.0054309434753836,-0.02746644232449446,,0.05923254965117246,3.1247533678118744
5565,1.0053760105917717,-0.02748622460728166,,0.05926640089636451,3.1241296400498624
5566,1.0053210381436035,-0.027505257622079612,,0.05929862605952624,3.1235060133781074
5567,1.0052660276294147,-0.027523542130210497,,0.05932922750739947,3.12288248800659
5568,1.005210980546219,-0.027541078911302506,,0.059358207644899914,3.122259064146261
5569,1.0051558983894702,-0.027557868763239998,,0.05938556891498045,3.121635742009015
5570,1.0051007826530267,-0.027573912502119487,,0.059411313798507843,3.1210125218077467
5571,1.0050456348291146,-0.027589210962184092,,0.05943544481409194,3.1203894037562807
5572,1.0049904564082917,-0.02760376499576501,,0.05945796451792994,3.1197663880692823
5573,1.0049352488794105,-0.02761757547324135,,0.059478875503691735,3.119143474962308
5574,1.0048800137295837,-0.027630643282985527,,0.05949818040237367,3.1185206646517956
5575,1.0048247524441465,-0.0276429693312938,,0.05951588188211921,3.1178979573549426
5576,1.0047694665066218,-0.027654554542334907,,0.05953198264808025,3.1172753532897173
5577,1.0047141573986842,-0.027665399858103745,,0.05954648544228953,3.116652852674909
5578,1.0046588266001242,-0.027675506238355078,,0.05955939304348865,3.1160304557300056
5579,1.004603475588813,-0.02768487466054669,,0.05957070826697736,3.115408162675155
5580,1.0045481058406662,-0.02769350611979187,,0.059580433964483884,3.1147859737312253
5581,1.0044927188296102,-0.02770140162879298,,0.05958857302399364,3.1141638891197436
5582,1.0044373160275453,-0.02770856221777623,,0.05959512836958038,3.113541909062809
5583,1.0043818989043114,-0.027714988934447175,,0.059600102961283104,3.112920033783118
5584,1.0043264689276532,-0.027720682843935293,,0.05960349979495944,3.1122982635039746
5585,1.0042710275631852,-0.027725645028720543,,0.059605321902099356,3.111676598449183
5586,1.0042155762743565,-0.027729876588575807,,0.05960557234967405,3.1110550388430367
5587,1.0041601165224172,-0.02773337864051772,,0.059604254240003415,3.1104335849103593
5588,1.004104649766383,-0.027736152318738817,,0.059601370710582365,3.109812236876413
5589,1.0040491774630014,-0.027738198774543886,,0.059596924933916724,3.1091909949668612
5590,1.003993701066717,-0.027739519176298747,,0.05959092011738655,3.1085698594077877
5591,1.0039382220296382,-0.027740114709364688,,0.05958335950307824,3.107948830425669
5592,1.0038827418015022,-0.027739986576025985,,0.05957424636760171,3.107327908247299
5593,1.0038272618296418,-0.027739135995441,,0.059563584021958695,3.1067070930997893
5594,1.0037717835589515,-0.027737564203586064,,0.05955137581139613,3.1060863852105776
5595,1.0037163084318537,-0.027735272453177796,,0.05953762511521219,3.105465784807345
5596,1.0036608378882654,-0.027732262013610613,,0.05952233534659597,3.104845292117995
5597,1.0036053733655652,-0.02772853417090344,,0.059505509952487254,3.104224907370684
5598,1.0035499162985593,-0.0277240902276335,,0.05948715241340797,3.1036046307937473
5599,1.0034944681194486,-0.027718931502866317,,0.059467266243285556,3.102984462615645
5600,1.0034390302577962,-0.027713059332098097,,0.05944585498930416,3.1023644030649984
5601,1.003383604140494,-0.02770647506719196,,0.05942292223174199,3.10174445237056
5602,1.0033281911917304,-0.027699180076301722,,0.05939847158378163,3.101124610761128
5603,1.0032727928329572,-0.027691175743814894,,0.05937250669136257,3.100504878465547
5604,1.0032174104828577,-0.027682463470295193,,0.059345031233033016,3.099885255712739
5605,1.0031620455573138,-0.027673044672407512,,0.05931604891976311,3.099265742731612
5606,1.0031066994693743,-0.027662920782844987,,0.05928556349476341,3.0986463397510184
5607,1.0030513736292224,-0.027652093250273877,,0.05925357873334219,3.0980270469997935
5608,1.002996069444144,-0.027640563539268134,,0.05922009844274039,3.0974078647067267
5609,1.0029407883184962,-0.027628333130234602,,0.05918512646194589,3.096788793100468
5610,1.0028855316536749,-0.02761540351934862,,0.05914866666153125,3.0961698324095392
5611,1.0028303008480839,-0.02760177621849231,,0.05911072294349743,3.0955509828623526
5612,1.0027750972971028,-0.027587452755174612,,0.059071299241077554,3.094932244687133
5613,1.0027199223930567,-0.0275724346724672,,0.05903039951857556,3.0943136181118898
5614,1.0026647775251845,-0.02755672352894595,,0.058988027771216915,3.093695103364429
5615,1.0026096640796074,-0.027540320898617326,,0.058944188024966974,3.093076700672311
5616,1.0025545834392993,-0.02752322837084061,,0.05889888433634039,3.0924584102628074
5617,1.0024995369840548,-0.02750544755026225,,0.058852120792237186,3.0918402323629004
5618,1.0024445260904598,-0.02748698005675835,,0.05880390150979613,3.0912221671992777
5619,1.0023895521318598,-0.027467827525352352,,0.058754230636194775,3.0906042149982538
5620,1.0023346164783307,-0.027447991606146926,,0.05870311234848042,3.089986375985762
5621,1.002279720496648,-0.027427473964260433,,0.05865055085341152,3.0893686503873785
5622,1.002224865550257,-0.02740627627974903,,0.058596550387267736,3.088751038428263
5623,1.002170052999243,-0.02738440024753308,,0.05854111521566922,3.0881335403331023
5624,1.0021152842003012,-0.027361847577335403,,0.05848424963342228,3.0875161563261346
5625,1.0020605605067077,-0.027338619993611556,,0.05842595796434779,3.086898886631138
5626,1.0020058832682894,-0.02731471923546719,,0.05836624456108146,3.0862817314713538
5627,1.001951253831395,-0.027290147056586243,,0.05830511380489831,3.0856646910694856
5628,1.0018966735388661,-0.02726490522517086,,0.05824257010556218,3.0850477656477096
5629,1.0018421437300078,-0.02723899552386343,,0.05817861790113676,3.0844309554276172
5630,1.0017876657405596,-0.027212419749670164,,0.05811326165780024,3.0838142606301737
5631,1.0017332409026674,-0.027185179713894014,,0.05804650586968055,3.083197681475741
5632,1.001678870544854,-0.027157277242061035,,0.05797835505867635,3.0825812181840555
5633,1.0016245559919918,-0.027128714173840048,,0.05790881377426353,3.0819648709741605
5634,1.0015702985652735,-0.027099492362974847,,0.0578378865933292,3.081348640064398
5635,1.0015160995821841,-0.02706961367721731,,0.057765578120008,3.0807325256724365
5636,1.0014619603564734,-0.027039079998244713,,0.05769189298548399,3.0801165280151994
5637,1.0014078821981278,-0.027007893221582088,,0.05761683584780396,3.079500647308839
5638,1.0013538664133428,-0.02697605525653314,,0.057540411391709394,3.0788848837687453
5639,1.001299914304495,-0.026943568026113064,,0.05746262432847242,3.0782692376095278
5640,1.001246027170115,-0.026910433466964413,,0.05738347939569542,3.0776537090449607
5641,1.00119220630486,-0.026876653529282642,,0.05730298135713186,3.077038298287969
5642,1.0011384529994873,-0.026842230176746206,,0.057221135002517305,3.076423005550651
5643,1.0010847685408266,-0.026807165386436974,,0.05713794514737916,3.075807831044219
5644,1.0010311542117531,-0.026771461148763036,,0.05705341663285194,3.075192774978959
5645,1.0009776112911617,-0.026735119467389455,,0.05696755432551022,3.074577837564264
5646,1.0009241410539396,-0.026698142359163655,,0.05688036311718966,3.073963019008595
5647,1.0008707447709406,-0.026660531854027766,,0.05679184792478041,3.0733483195194324
5648,1.0008174237089582,-0.026622289994946098,,0.05670201369005339,3.0727337393032834
5649,1.0007641791307005,-0.026583418837838196,,0.05661086537949833,3.072119278565673
5650,1.0007110122947633,-0.026543920451496616,,0.05651840798412933,3.0715049375111034
5651,1.000657924455605,-0.026503796917506647,,0.05642464651929485,3.07089071634303
5652,1.000604916863521,-0.02646305033017248,,0.05632958602450173,3.0702766152638614
5653,1.0005519907646176,-0.02642168279644143,,0.056233231563235064,3.069662634474947
5654,1.0004991474007878,-0.02637969643582273,,0.05613558822276673,3.069048774176532
5655,1.0004463880096852,-0.02633709338031253,,0.056036661113977114,3.068435034567745
5656,1.0003937138246994,-0.026293875774322018,,0.055936455371184066,3.0678214158465997
5657,1.0003411260749313,-0.026250045774591415,,0.05583497615194177,3.067207918209968
5658,1.0002886259851684,-0.026205605550109392,,0.05573222863685093,3.0665945418535436
5659,1.00023621477586,-0.02616055728204108,,0.05562821802938802,3.0659812869718452
5660,1.0001838936630936,-0.02611490316365414,,0.055522949555730436,3.065368153758208
5661,1.000131663858569,-0.026068645400233192,,0.05541642846455654,3.064755142404735
5662,1.000079526569577,-0.02602178620900051,,0.05530866002685981,3.0641422531022937
5663,1.0000274829989726,-0.02597432781904142,,0.05519964953577306,3.0635294860405233
5664,0.9999755343451533,-0.025926272471224053,,0.05508940230638065,3.062916841407795
5665,0.9999236818020347,-0.025877622418119424,,0.05497792367553132,3.062304319391181
5666,0.9998719265590275,-0.02582837992392464,,0.05486521900165856,3.0616919201764694
5667,0.9998202698010135,-0.025778547264386616,,0.05475129366460163,3.061079643948141
5668,0.9997687127083233,-0.025728126726713266,,0.054636153065400234,3.060467490889334
5669,0.9997172564567134,-0.025677120609496035,,0.054519802626113785,3.059855461181854
5670,0.9996659022173425,-0.025625531222637513,,0.05440224778965122,3.0592435550061423
5671,0.99961465115675,-0.025573360887269622,,0.054283494019581185,3.058631772541269
5672,0.9995635044368326,-0.025520611935669603,,0.054163546799937685,3.05802011396491
5673,0.9995124632148228,-0.025467286711180648,,0.05404241163503571,3.0574085794533326
5674,0.9994615286432662,-0.025413387568133935,,0.053920094049290324,3.0567971691814018
5675,0.9994107018699999,-0.02535891687176805,,0.053796599587029766,3.056185883322541
5676,0.9993599840381304,-0.0253038769981478,,0.05367193381230795,3.055574722048719
5677,0.9993093762860121,-0.025248270334086526,,0.05354610230872444,3.054963685530453
5678,0.9992588797472259,-0.0251920992770657,,0.05341911067923877,3.054352773936784
5679,0.9992084955505575,-0.025135366235145635,,0.05329096454596601,3.0537419874352616
5680,0.9991582248199765,-0.02507807362689184,,0.05316166955000597,3.05313132619194
5681,0.9991080686746157,-0.02502022388129732,,0.05303123135126363,3.0525207903713523
5682,0.9990580282287495,-0.024961819437698318,,0.052899655628256055,3.051910380136509
5683,0.9990081045917738,-0.02490286274568945,,0.05276694807791821,3.0513000956488767
5684,0.9989582988681854,-0.024843356265044567,,0.0526331144154209,3.0506899370683724
5685,0.9989086121575615,-0.024783302465638198,,0.05249816037399038,3.050079904553352
5686,0.9988590455545394,-0.024722703827362413,,0.052362091704718186,3.049469998260592
5687,0.9988096001487968,-0.02466156284004696,,0.052224914176378145,3.048860218345278
5688,0.9987602770250317,-0.02459988200337811,,0.052086633575240945,3.048250564960998
5689,0.9987110772629425,-0.024537663826815218,,0.05194725570488394,3.047641038259732
5690,0.998662001937209,-0.024474910829505436,,0.05180678638599719,3.047031638391839
5691,0.9986130521174726,-0.024411625540208374,,0.051665231456210714,3.046422365506038
5692,0.9985642288683172,-0.024347810497214566,,0.05152259676990897,3.045813219749411
5693,0.9985155332492499,-0.024283468248260626,,0.05137888819803834,3.0452042012673846
5694,0.9984669663146827,-0.024218601350444707,,0.05123411162791542,3.044595310203717
5695,0.998418529113913,-0.02415321237014727,,0.051088272963046855,3.043986546700496
5696,0.9983702226911059,-0.024087303882952084,,0.05094137812294977,3.0433779108981254
5697,0.9983220480852748,-0.024020878473560794,,0.05079343304295865,3.0427694029353134
5698,0.9982740063302642,-0.023953938735711677,,0.050644443674041396,3.042161022949059
5699,0.9982260984547308,-0.023886487272097776,,0.050494415982614255,3.0415527710746573
5700,0.9981783254821259,-0.023818526694282093,,0.05034335595035065,3.0409446474456776
5701,0.998130688430678,-0.023750059622615997,,0.05019126957399686,3.0403366521939588
5702,0.9980831883133745,-0.023681088686160777,,0.05003816286519471,3.039728785449601
5703,0.998035826137945,-0.023611616522604448,,0.04988404185029439,3.039121047340957
5704,0.9979886029068433,-0.023541645778175923,,0.04972891257016159,3.038513437994618
5705,0.9979415196172313,-0.02347117910756041,,0.049572781079987936,3.037905957535421
5706,0.9978945772609611,-0.023400219173822415,,0.04941565344911712,3.037298606086429
5707,0.9978477768245588,-0.02332876864832085,,0.04925753576085487,3.036691383768924
5708,0.9978011192892079,-0.023256830210626744,,0.04909843411228429,3.036084290702396
5709,0.9977546056307325,-0.023184406548441516,,0.0489383546140831,3.035477327004559
5710,0.9977082368195815,-0.02311150035751289,,0.04877730339033531,3.034870492791306
5711,0.9976620138208123,-0.023038114341551043,,0.04861528657834422,3.0342637881767383
5712,0.9976159375940749,-0.022964251212148554,,0.04845231032845329,3.0336572132731368
5713,0.9975700090935958,-0.022889913688697534,,0.04828838080386134,3.033050768190974
5714,0.9975242292681632,-0.022815104498306805,,0.04812350418043769,3.03244445303887
5715,0.9974785990611107,-0.022739826375717087,,0.047957686646534076,3.03183826792365
5716,0.9974331194103025,-0.02266408206321652,,0.04779093440279639,3.031232212950266
5717,0.9973877912481185,-0.022587874310560797,,0.04762325366198736,3.030626288221868
5718,0.9973426155014387,-0.02251120587489265,,0.04745465064880687,3.030020493839705
5719,0.997297593091629,-0.02243407952065591,,0.04728513159970258,3.0294148299032413
5720,0.9972527249345264,-0.022356498019514545,,0.04711470276268912,3.028809296510001
5721,0.9972080119404246,-0.022278464150264212,,0.046943370397154224,3.0282038937557405
5722,0.9971634550140597,-0.02219998069875521,,0.046771140773686194,3.027598621734249
5723,0.9971190550545959,-0.02212105045780575,,0.04659802017388423,3.026993480537557
5724,0.997074812955612,-0.022041676227126262,,0.046424014890188756,3.0263884702556982
5725,0.9970307296050873,-0.021961860813228422,,0.046249131225683575,3.025783590976956
5726,0.9969868058853882,-0.021881607029348677,,0.04607337549392454,3.0251788427875965
5727,0.9969430426732545,-0.021800917695354728,,0.04589675401873689,3.0245742257721475
5728,0.9968994408397861,-0.021719795637676946,,0.045719273134060816,3.0239697400131065
5729,0.9968560012504304,-0.021638243689212886,,0.04554093918374478,3.0233653855912053
5730,0.9968127247649686,-0.021556264689256976,,0.04536175852138819,3.0227611625851676
5731,0.9967696122375037,-0.0214738614834027,,0.04518173751012989,3.022157071071936
5732,0.9967266645164473,-0.021391036923473713,,0.04500088252249419,3.021553111126446
5733,0.9966838824445075,-0.021307793867426855,,0.044819199940181235,3.020949282821813
5734,0.996641266858676,-0.02122413517928905,,0.04463669615392629,3.0203455862292135
5735,0.9965988185902173,-0.021140063729054213,,0.044453377563276435,3.0197420214179167
5736,0.9965565384646551,-0.021055582392620308,,0.04426925057645164,3.0191385884553132
5737,0.9965144273017618,-0.020970694051681626,,0.044084321610111145,3.018535287406833
5738,0.996472485915546,-0.020885401593672078,,0.043898597089228886,3.0179321183360885
5739,0.996430715114242,-0.02079970791165887,,0.043712083446862206,3.0173290813046663
5740,0.9963891157002974,-0.02071361590428467,,0.04352478712402596,3.016726176372373
5741,0.9963476884703629,-0.020627128475660485,,0.04333671456945946,3.0161234035969686
5742,0.9963064342152808,-0.020540248535306577,,0.043147872239498404,3.015520763034436
5743,0.9962653537200743,-0.020452978998044154,,0.04295826659783999,3.014918254738744
5744,0.9962244477639371,-0.02036532278393789,,0.04276790411541765,3.0143158787620044
5745,0.9961837171202228,-0.020277282818193805,,0.04257679127018078,3.01371363515442
5746,0.9961431625564343,-0.02018886203109426,,0.042384934546952566,3.013111523964233
5747,0.9961027848342143,-0.020100063357899312,,0.04219234043721882,3.012509545237887
5748,0.9960625847093347,-0.020010889738775135,,0.04199901543897058,3.011907699019725
5749,0.9960225629316873,-0.019921344118707097,,0.04180496605652006,3.0113059853524655
5750,0.9959827202452738,-0.019831429447420133,,0.04161019880032449,3.0107044042765807
5751,0.9959430573881963,-0.019741148679296314,,0.04141472018681324,3.010102955830995
5752,0.9959035750926485,-0.01965050477329004,,0.041218536738200674,3.009501640052376
5753,0.9958642740849059,-0.019559500692849976,,0.04102165498232265,3.008900456975832
5754,0.9958251550853171,-0.019468139405828273,,0.04082408145243757,3.008299406634271
5755,0.9957862188082952,-0.019376423884410496,,0.04062582268707898,3.0076984890589307
5756,0.9957474659623088,-0.01928435710502472,,0.040426885229858545,3.0070977042790283
5757,0.9957088972498735,-0.01919194204826937,,0.04022727562931194,3.006497052321903
5758,0.9956705133675441,-0.019099181698821143,,0.04002700043870273,3.0058965332131073
5759,0.9956323150059055,-0.01900607904535815,,0.03982606621585562,3.0052961469760966
5760,0.9955943028495658,-0.018912637080477943,,0.03962447952298465,3.0046958936327304
5761,0.9955564775771476,-0.01881885880061626,,0.039422246926515664,3.004095773202689
5762,0.9955188398612805,-0.018724747205964547,,0.03921937499691409,3.0034957857040308
5763,0.9954813903685941,-0.018630305300389453,,0.03901587030851045,3.0028959311527648
5764,0.9954441297597099,-0.018535536091352032,,0.038811739439329855,3.002296209563102
5765,0.9954070586892347,-0.018440442589821394,,0.03860698897090845,3.0016966209474627
5766,0.9953701778057533,-0.018345027810201257,,0.03840162548813498,3.0010971653161667
5767,0.9953334877518217,-0.018249294770244114,,0.03819565557907265,3.000497842678063
5768,0.9952969891639604,-0.018153246490975175,,0.037989085834792,2.9998986530396765
5769,0.9952606826726477,-0.018056885996602462,,0.03778192284918671,2.999299596406172
5770,0.9952245689023137,-0.017960216314441453,,0.037574173218807995,2.998700672780451
5771,0.9951886484713338,-0.017863240474834802,,0.03736584354269901,2.9981018821638425
5772,0.9951529219920227,-0.017765961511071588,,0.037156940422222215,2.9975032245558166
5773,0.9951173900706284,-0.01766838245930723,,0.036947470460888816,2.9969046999537627
5774,0.9950820533073268,-0.017570506358480505,,0.03673744026418827,2.9963063083537635
5775,0.9950469122962158,-0.017472336250236833,,0.03652685643941889,2.995708049749367
5776,0.99501196762531,-0.017373875178840453,,0.03631572559551249,2.995109924133161
5777,0.9949772198765354,-0.01727512619110065,,0.03610405434286852,2.9945119314950763
5778,0.9949426696257248,-0.01717609233629088,,0.035891849293193466,2.993914071823939
5779,0.9949083174426118,-0.017076776666069486,,0.035679117059327525,2.9933163451064053
5780,0.9948741638908272,-0.016977182234397176,,0.03546586425507355,2.9927187513273026
5781,0.9948402095278936,-0.016877312097455053,,0.03525209749502824,2.9921212904701826
5782,0.9948064549052215,-0.01677716931357266,,0.03503782339442277,2.9915239625159007
5783,0.9947729005681044,-0.016676756943142804,,0.03482304856895722,2.990926767444776
5784,0.9947395470557153,-0.016576078048545342,,0.0346077796346261,2.990329705234055
5785,0.9947063949011022,-0.016475135694061217,,0.03439202320755304,2.989732775860391
5786,0.9946734446311848,-0.01637393294580011,,0.0341757859038285,2.9891359792979166
5787,0.9946406967667504,-0.016272472871617958,,0.033959074339343434,2.988539315519255
5788,0.9946081518224505,-0.01617075854103568,,0.033741895129620836,2.9879427844957274
5789,0.9945758103067979,-0.01606879302516699,,0.033524254889657025,2.9873463861958585
5790,0.9945436727221627,-0.015966579396635174,,0.033306160233763184,2.9867501205880305
5791,0.9945117395647702,-0.015864120729496653,,0.03308761777538784,2.98615398763717
5792,0.9944800113246974,-0.015761420099154825,,0.03286863412695649,2.9855579873081015
5793,0.9944484884858704,-0.015658480582289268,,0.03264921589970964,2.9849621195628586
5794,0.9944171715260621,-0.015555305256777653,,0.032429369703549,2.9843663843621364
5795,0.9943860609168896,-0.015451897201613437,,0.032209102146867875,2.9837707816655197
5796,0.994355157123812,-0.015348259496830233,,0.03198841983638401,2.9831753114295214
5797,0.9943244606061281,-0.015244395223421312,,0.03176732937699145,2.9825799736109984
5798,0.9942939718169752,-0.015140307463267805,,0.03154583737159003,2.981984768163024
5799,0.9942636912033265,-0.015035999299053093,,0.03132395042092968,2.9813896950388736
5800,0.9942336192059897,-0.014931473814187971,,0.031101675123440413,2.9807947541890805
5801,0.9942037562596061,-0.014826734092736292,,0.030879018075085526,2.9801999455626484
5802,0.9941741027926486,-0.014721783219334064,,0.0306559858691998,2.9796052691080006
5803,0.9941446592274209,-0.01461662427911324,,0.030432585096317268,2.979010724770017
5804,0.9941154259800563,-0.014511260357619292,,0.03020882234402439,2.9784163124944487
5805,0.9940864034605172,-0.014405694540746809,,0.029984704196803328,2.977822032223088
5806,0.9940575920725943,-0.01429992991465499,,0.02976023723587933,2.977227883897901
5807,0.9940289922139055,-0.014193969565689604,,0.029535428039048562,2.9766338674586557
5808,0.9940006042758965,-0.014087816580309019,,0.02931028318052657,2.976039982842879
5809,0.99397242864384,-0.013981474045004149,,0.02908480923079713,2.97544622998847
5810,0.9939444656968353,-0.013874945046230266,,0.02885901275645075,2.974852608829158
5811,0.9939167158078093,-0.01376823267031898,,0.028632900320030817,2.9742591192999015
5812,0.9938891793435161,-0.013661340003412329,,0.02840647847987572,2.973665761332027
5813,0.9938618566645374,-0.01355427013138532,,0.02817975378997571,2.9730725348563
5814,0.9938347481252833,-0.013447026139766243,,0.027952732799808463,2.9724794398025516
5815,0.9938078540739926,-0.013339611113663476,,0.02772542205417843,2.971886476097199
5816,0.9937811748527342,-0.013232028137686253,,0.02749782809307818,2.9712936436680533
5817,0.9937547107974075,-0.013124280295880789,,0.027269957451531886,2.9707009424385196
5818,0.9937284622377439,-0.013016370671642291,,0.027041816659440523,2.97010837233284
5819,0.9937024294973081,-0.012908302347643497,,0.026813412241422106,2.969515933272879
5820,0.9936766128934994,-0.01280007840576344,,0.02658475071666882,2.96892362517838
5821,0.9936510127375533,-0.012691701927009991,,0.0263558385988032,2.9683314479698915
5822,0.9936256293345433,-0.012583175991450698,,0.026126682395714872,2.967739401563508
5823,0.9936004629833829,-0.012474503678128678,,0.025897288609417417,2.967147485877012
5824,0.9935755139768272,-0.01236568806499654,,0.02566766373589228,2.966555700824662
5825,0.9935507826014757,-0.012256732228839978,,0.025437814264946724,2.96596404631995
5826,0.9935262691377741,-0.012147639245199106,,0.02520774668005739,2.965372522276203
5827,0.9935019738600173,-0.012038412188300972,,0.02497746745821862,2.96478112860279
5828,0.9934778970363515,-0.011929054130982882,,0.024746983069813298,2.9641898652110723
5829,0.9934540389287773,-0.011819568144625484,,0.024516299978452456,2.9635987320081885
5830,0.9934303997931525,-0.011709957299070418,,0.02428542464082851,2.963007728901612
5831,0.9934069798791954,-0.011600224662549346,,0.02405436350656679,2.9624168557976924
5832,0.9933837794304875,-0.011490373301617349,,0.023823123018084043,2.961826112599571
5833,0.9933607986844776,-0.011380406281074154,,0.023591709610450942,2.9612354992122762
5834,0.9933380378724845,-0.011270326663893458,,0.023360129711224958,2.9606450155363215
5835,0.9933154972197014,-0.011160137511146686,,0.023128389740320356,2.9600546614733503
5836,0.993293176945199,-0.011049841881938065,,0.022896496109866934,2.959464436923104
5837,0.9932710772619301,-0.010939442833329236,,0.022664455224057363,2.958874341782875
5838,0.9932491983767333,-0.010828943420263127,,0.02243227347901067,2.9582843759515396
5839,0.9932275404903372,-0.010718346695499622,,0.02219995726262137,2.9576945393234766
5840,0.993206103797365,-0.010607655709540798,,0.02196751295443381,2.9571048317946804
5841,0.9931848884863388,-0.010496873510560384,,0.02173494692548663,2.9565152532587136
5842,0.9931638947396845,-0.010386003144327796,,0.02150226553816395,2.955925803607313
5843,0.9931431227337362,-0.010275047654139374,,0.021269475146070506,2.9553364827334985
5844,0.9931225726387417,-0.01016401008075427,,0.021036582093884693,2.9547472905259493
5845,0.9931022446188672,-0.010052893462317776,,0.020803592717228682,2.9541582268752116
5846,0.9930821388322024,-0.009941700834289571,,0.020570513342509877,2.9535692916691176
5847,0.9930622554307664,-0.009830435229378267,,0.020337350286796913,2.9529804847941192
5848,0.9930425945605127,-0.009719099677468496,,0.02010410985768385,2.952391806137734
5849,0.993023156361335,-0.009607697205551874,,0.019870798353136127,2.9518032555833367
5850,0.993003940967073,-0.009496230837652518,,0.01963742206136427,2.9512148330162558
5851,0.9929849485055185,-0.00938470359476297,,0.019403987260682223,2.9506265383190655
5852,0.9929661790984214,-0.00927311849477652,,0.019170500219379962,2.950038371373178
5853,0.9929476328614955,-0.009161478552413749,,0.01893696719558566,2.9494503320609975
5854,0.9929293099044252,-0.009049786779151177,,0.018703394437109364,2.948862420260967
5855,0.9929112103308723,-0.008938046183159895,,0.018469788181342487,2.9482746358534686
5856,0.9928933342384818,-0.008826259769234462,,0.018236154655103642,2.9476869787162747
5857,0.9928756817188895,-0.008714430538724463,,0.01800250007450953,2.9470994487260174
5858,0.9928582528577282,-0.008602561489459476,,0.017768830644834168,2.94651204576038
5859,0.9928410477346353,-0.00849065561568852,,0.017535152560376674,2.945924769693258
5860,0.9928240664232595,-0.008378715908013028,,0.017301472004347663,2.9453376204003696
5861,0.9928073089912683,-0.008266745353314764,,0.017067795148715773,2.944750597755129
5862,0.9927907755003557,-0.008154746934687946,,0.016834128154078618,2.9441637016296673
5863,0.9927744660062491,-0.008042723631377806,,0.016600477169551184,2.9435769318973417
5864,0.9927583805587178,-0.007930678418711704,,0.016366848332617884,2.9429902884278927
5865,0.9927425192015802,-0.007818614268028174,,0.01613324776900914,2.942403771092657
5866,0.9927268819727121,-0.007706534146609472,,0.015899681592560777,2.941817379761129
5867,0.9927114689040547,-0.0075944410176209416,,0.015666155905098296,2.9412311143012597
5868,0.9926962800216229,-0.007482337840044559,,0.015432676796316231,2.9406449745824426
5869,0.9926813153455137,-0.007370227568607762,,0.015199250343626984,2.940058960470676
5870,0.9926665748899146,-0.007258113153719199,,0.014965882612049314,2.9394730718332047
5871,0.9926520586631121,-0.007145997541406034,,0.014732579654081144,2.9388873085360276
5872,0.992637766667501,-0.007033883673249451,,0.014499347509573993,2.9383016704432756
5873,0.9926236988995927,-0.00692177448631556,,0.014266192205608139,2.9377161574207014
5874,0.9926098553500244,-0.00680967291308741,,0.014033119756349846,2.937130769330991
5875,0.9925962360035686,-0.006697581881406425,,0.013800136162949228,2.9365455060376036
5876,0.9925828408391419,-0.006585504314407554,,0.013567247413412448,2.9359603674034367
5877,0.9925696698298148,-0.006473443130449911,,0.01333445948246432,2.935375353289204
5878,0.9925567229428208,-0.006361401243054421,,0.013101778331438193,2.934790463557307
5879,0.9925440001395667,-0.006249381560843369,,0.012869209908151024,2.9342056980675726
5880,0.9925315013756418,-0.006137386987476959,,0.012636760146788543,2.933621056679998
5881,0.9925192266008283,-0.006025420421585521,,0.012404434967775043,2.9330365392547306
5882,0.9925071757591108,-0.005913484756702935,,0.012172240277640557,2.932452145649525
5883,0.9924953487886873,-0.0058015828812125764,,0.01194018196892775,2.931867875723694
5884,0.9924837456219786,-0.0056897176782799265,,0.011708265920055702,2.931283729334645
5885,0.9924723661856395,-0.005577892025788586,,0.01147649799520117,2.930699706339286
5886,0.9924612104005688,-0.005466108796276702,,0.01124488404418023,2.9301158065953086
5887,0.9924502781819203,-0.005354370856878031,,0.011013429902330845,2.9295320299580068
5888,0.9924395694391136,-0.0052426810692646165,,0.010782141390412094,2.9289483762838606
5889,0.9924290840758448,-0.00513104228957492,,0.010551024314462133,2.9283648454282605
5890,0.992418821990098,-0.005019457368352535,,0.010320084465682552,2.9277814372454722
5891,0.9924087830741559,-0.004907929150493914,,0.010089327620345433,2.927198151590964
5892,0.9923989672146116,-0.0047964604751803775,,0.009858759539658084,2.926614988318082
5893,0.9923893742923797,-0.0046850541758183505,,0.00962838596965555,2.9260319472807548
5894,0.9923800041827082,-0.004573713079975737,,0.009398212641078972,2.9254490283326997
5895,0.9923708567551898,-0.004462440009325155,,0.009168245269267489,2.924866231326064
5896,0.9923619318737738,-0.004351237779589979,,0.008938489554062725,2.9242835561142764
5897,0.9923532293967782,-0.004240109200471305,,0.008708951179665057,2.9237010025492136
5898,0.9923447491769015,-0.004129057075593258,,0.0084796358145345,2.9231185704826292
5899,0.9923364910612352,-0.00401808420244645,,0.00825054911128649,2.922536259766822
5900,0.9923284548912754,-0.003907193372323528,,0.008021696706567355,2.921954070252384
5901,0.992320640502936,-0.003796387370265743,,0.0077930842209596105,2.9213720017908984
5902,0.9923130477265605,-0.0036856689749946306,,0.007564717258850424,2.9207900542331884
5903,0.9923056763869351,-0.003575040958861062,,0.007336601408338434,2.920208227429313
5904,0.9922985263033015,-0.0034645060877905877,,0.007108742241135163,2.9196265212303225
5905,0.9922915972893692,-0.0033540671212155867,,0.006881145312434104,2.9190449354858052
5906,0.992284889153329,-0.0032437268120189024,,0.00665381616080897,2.9184634700457694
5907,0.992278401697866,-0.003133487906480973,,0.006426760308116329,2.9178821247602946
5908,0.9922721347201726,-0.003023353144218419,,0.006199983259379931,2.9173008994783163
5909,0.9922660880119621,-0.002913325258129823,,0.005973490502693639,2.9167197940497678
5910,0.992260261359482,-0.0028034069743298543,,0.0057472875090960685,2.9161388083237134
5911,0.9922546545435273,-0.00269360101210006,,0.005521379732482318,2.9155579421489892
5912,0.9922492673394548,-0.002583910083837291,,0.005295772609511043,2.9149771953751307
5913,0.9922440995171964,-0.0024743368949861136,,0.005070471559476159,2.914396567850524
5914,0.992239150841273,-0.0023648841439864866,,0.004845481984213369,2.9138160594241813
5915,0.9922344210708087,-0.0022555545222197565,,0.004620809268000926,2.9132356699450024
5916,0.9922299099595449,-0.0021463507139505163,,0.0043964587774522985,2.912655399261195
5917,0.9922256172558542,-0.0020372753962760288,,0.004172435861426098,2.9120752472218565
5918,0.9922215427027554,-0.001928331239059224,,0.003948745850899916,2.9114952136753494
5919,0.9922176860379274,-0.0018195209048832064,,0.0037253940588902195,2.9109152984700986
5920,0.9922140469937237,-0.0017108470490012722,,0.003502385780362766,2.910335501455068
5921,0.9922106252971878,-0.0016023123192691294,,0.003279726292105512,2.909755822478415
5922,0.9922074206700671,-0.0014939193560990422,,0.0030574208526482965,2.909176261388952
5923,0.9922044328288282,-0.0013856707924043237,,0.00283547470216143,2.908596818035408
5924,0.992201661484672,-0.0012775692535428227,,0.002613893062352674,2.908017492266127
5925,0.9921991063435488,-0.001169617357270284,,0.002392681136385201,2.9074382839302486
5926,0.992196767106173,-0.0010618177136739679,,0.002171844108754027,2.906859192876403
5927,0.9921946434680392,-0.0009541729251274261,,0.0019513871452068088,2.906280218953423
5928,0.9921927351194371,-0.0008466855862448897,,0.0017313153926636225,2.9057013620106424
5929,0.992191041745467,-0.0007393582838158591,,0.0015116339790959292,2.9051226218968806
5930,0.9921895630260561,-0.0006321935967592353,,0.0012923480134462938,2.9045439984615906
5931,0.9921882986359734,-0.000525194096069952,,0.0010734625855322766,2.9039654915542776
5932,0.9921872482448458,-0.0004183623447652923,,0.0008549827659499347,2.9033871010242587
5933,0.9921864115171746,-0.00031170089784046185,,0.0006369136059965094,2.902808826721592
5934,0.9921857881123507,-0.00020521230220440245,,0.00041926013755245783,2.9022306684960824
5935,0.9921853776846714,-9.889909663397093e-05,,0.00020202737300138008,2.9016526261977877
5936,0.9921851798833564,7.2361882678668215e-06,,-1.4779694841898386e-05,2.9010746996773142
5937,0.9921851943525641,0.00011319103013503258,,-0.0002311560928464795,2.9004968887849976
5938,0.9921854207314085,0.00021896291488432797,,-0.0004470968676456717,2.899919193371771
5939,0.9921858586539749,0.0003245493367643005,,-0.0006625970857231197,2.8993416132887946
5940,0.9921865077493376,0.00042994779840795154,,-0.000877651833506635,2.898764148387186
5941,0.9921873676415759,0.0005351558108759474,,-0.0010922562174426984,2.898186798518782
5942,0.9921884379497913,0.000640170893715887,,-0.0013064053641034946,2.897609563535405
5943,0.9921897182881244,0.0007449905750122316,,-0.0015200944202749126,2.8970324432891648
5944,0.9921912082657719,0.0008496123914208232,,-0.0017333185530131062,2.896455437632793
5945,0.992192907487004,0.0009540338882310249,,-0.001946072949757077,2.895878546418958
5946,0.9921948155511812,0.0010582526194107818,,-0.002158352818406673,2.895301769500898
5947,0.992196932052772,0.0011622661476511547,,-0.002370153387399252,2.8947251067322557
5948,0.9921992565813706,0.0012660720444212764,,-0.002581469905807426,2.8941485579667625
5949,0.9922017887217139,0.0013696678900063076,,-0.002792297643402445,2.8935721230588407
5950,0.9922045280536993,0.0014730512735633419,,-0.0030026318907536817,2.892995801863144
5951,0.9922074741524025,0.0015762197931733966,,-0.0032124679593202574,2.892419594234631
5952,0.9922106265880957,0.001679171055872818,,-0.0034218011815008408,2.8918435000289544
5953,0.9922139849262647,0.0017819026777099768,,-0.003630626910734422,2.891267519101913
5954,0.9922175487276278,0.001884412283792645,,-0.0038389405215825253,2.8906916513098326
5955,0.9922213175481533,0.0019866975083289574,,-0.004046737409798129,2.890115896509626
5956,0.9922252909390781,0.0020887559946803,,-0.0042540129924185125,2.889540254558408
5957,0.9922294684469255,0.0021905853953981588,,-0.004460762707825925,2.8889647253139676
5958,0.9922338496135241,0.0022921833722718984,,-0.00466698201583001,2.888389308634547
5959,0.9922384339760263,0.0023935475963860887,,-0.0048726663977696405,2.8878140043787277
5960,0.9922432210669263,0.0024946757481500367,,-0.005077811356558495,2.887238812405829
5961,0.9922482104140793,0.0025955655173472677,,-0.005282412416770599,2.8866637325755287
5962,0.9922534015407201,0.0026962146031848408,,-0.005486465124725844,2.8860887647480107
5963,0.9922587939654818,0.002796620714330559,,-0.005689965048550916,2.8855139087841724
5964,0.9922643872024149,0.0028967815689625756,,-0.005892907778264836,2.8849391645452607
5965,0.9922701807610064,0.002996694894808466,,-0.006095288925843628,2.8843645318931683
5966,0.9922761741461984,0.0030963584291848418,,-0.0062971041252857605,2.883790010690433
5967,0.992282366858408,0.0031957699190565633,,-0.00649834903271712,2.8832156007999976
5968,0.992288758393546,0.0032949271210684704,,-0.006699019326440653,2.8826413020855535
5969,0.9922953482430368,0.0033938278015820805,,-0.006899110706995483,2.882067114411356
5970,0.992302135893837,0.0034924697367300487,,-0.007098618897252222,2.881493037642171
5971,0.9923091208284559,0.0035908507124510223,,-0.0072975396424687375,2.880919071643546
5972,0.9923163025249746,0.003688968524533757,,-0.007495868710364083,2.8803452162815644
5973,0.9923236804570658,0.0037868209786615097,,-0.007693601891193298,2.879771471422915
5974,0.9923312540940133,0.0038844058904421025,,-0.007890734997793206,2.879197836935081
5975,0.9923390229007325,0.003981721085461938,,-0.008087263865676198,2.87862431268606
5976,0.9923469863377897,0.004078764399326897,,-0.008283184353097956,2.8780508985445743
5977,0.9923551438614227,0.004175533677689471,,-0.008478492341096912,2.8774775943800996
5978,0.9923634949235601,0.004272026776301519,,-0.008673183733585419,2.87690440006267
5979,0.9923720389718426,0.004368241561051512,,-0.00886725445740989,2.8763313154631045
5980,0.9923807754496422,0.004464175907999795,,-0.00906070046240653,2.875758340452957
5981,0.9923897037960834,0.004559827703426496,,-0.009253517721482522,2.875185474904394
5982,0.992398823446063,0.004655194843858069,,-0.009445702230654364,2.8746127186904182
5983,0.9924081338302709,0.00475027523611137,,-0.00963725000912114,2.8740400716847296
5984,0.9924176343752109,0.004845066797345108,,-0.009828157099352912,2.8734675337617204
5985,0.9924273245032207,0.004939567455082076,,-0.010018419567120075,2.8728951047966453
5986,0.9924372036324933,0.0050337751472504175,,-0.010208033501560692,2.8723227846654424
5987,0.9924472711770976,0.005127687822228588,,-0.010396995015255685,2.87175057324481
5988,0.9924575265469991,0.005221303438873921,,-0.010585300244270821,2.8711784704123167
5989,0.9924679691480811,0.005314619966566801,,-0.010772945348229744,2.8706064760462264
5990,0.9924785983821657,0.005407635385245509,,-0.01095992651036861,2.8700345900256257
5991,0.9924894136470347,0.0055003476854346275,,-0.011146239937577471,2.8694628122304624
5992,0.9925004143364512,0.005592754868297485,,-0.011331881860489978,2.868891142541409
5993,0.9925115998401806,0.005684854945666713,,-0.011516848533529207,2.868319580840008
5994,0.9925229695440118,0.005776645940067759,,-0.01170113623493889,2.867748127008661
5995,0.9925345228297788,0.005868125884771155,,-0.011884741266872646,2.8671767809305173
5996,0.9925462590753823,0.005959292823820273,,-0.012067659955434058,2.866605542489646
5997,0.9925581776548109,0.006050144812066626,,-0.01224988865073152,2.866034411570966
5998,0.992570277938163,0.006140679915210311,,-0.012431423726943419,2.8654633880601845
5999,0.9925825592916683,0.006230896209821721,,-0.01261226158234588,2.864892471843958
6000,0.9925950210777098,0.006320791783383776,,-0.01279239863938138,2.864321662809785
6001,0.9926076626548455,0.006410364734334376,,-0.012971831344727996,2.863750960846001
6002,0.99262048337783,0.006499613172085073,,-0.01315055616932079,2.8631803658419126
6003,0.9926334825976371,0.0065885352170620545,,-0.013328569608417721,2.8626098776876674
6004,0.9926466596614811,0.006677129000742466,,-0.013505868181656397,2.8620394962742846
6005,0.9926600139128395,0.006765392665679401,,-0.01368244843308813,2.861469221493781
6006,0.9926735446914748,0.00685332436554141,,-0.013858306931240629,2.8608990532390135
6007,0.9926872513334569,0.006940922265141323,,-0.014033440269159581,2.8603289914037533
6008,0.9927011331711854,0.007028184540461169,,-0.014207845064442346,2.859759035882777
6009,0.9927151895334115,0.007115109378700704,,-0.014381517959318732,2.8591891865717054
6010,0.9927294197452613,0.0072016949783020095,,-0.014554455620684022,2.8586194433671253
6011,0.9927438231282575,0.007287939548970901,,-0.01472665474012533,2.8580498061666213
6012,0.9927583990003422,0.007373841311719193,,-0.014898112033989582,2.8574802748686383
6013,0.9927731466758998,0.007459398498892304,,-0.015068824243422627,2.856910849372627
6014,0.992788065465779,0.007544609354198038,,-0.015238788134410194,2.8563415295790264
6015,0.9928031546773163,0.007629472132742135,,-0.015408000497832326,2.855772315389168
6016,0.9928184136143581,0.007713985101048862,,-0.015576458149488112,2.855203206705408
6017,0.9928338415772839,0.007798146537093331,,-0.015744157930143696,2.8546342034310923
6018,0.9928494378630295,0.007881954730341272,,-0.015911096705595103,2.8540653054704825
6019,0.9928652017651092,0.007965407981763286,,-0.016077271366680135,2.8534965127288916
6020,0.9928811325736394,0.008048504603868642,,-0.016242678829329105,2.8529278251126184
6021,0.9928972295753616,0.008131242920741353,,-0.01640731603462017,2.852359242528894
6022,0.9929134920536655,0.008213621268058753,,-0.016571179948799905,2.8517907648860334
6023,0.992929919288612,0.008295637993123751,,-0.016734267563330667,2.8512223920933324
6024,0.9929465105569566,0.008377291454892506,,-0.016896575894928934,2.850654124061032
6025,0.9929632651321729,0.008458580023992865,,-0.017058101985585536,2.8500859607004894
6026,0.9929801822844756,0.008539502082763209,,-0.017218842902626107,2.849517901924028
6027,0.9929972612808442,0.008620056025280782,,-0.017378795738750744,2.8489499476449534
6028,0.9930145013850463,0.008700240257374417,,-0.017537957612042562,2.8483820977776935
6029,0.9930319018576612,0.008780053196661001,,-0.01769632566602316,2.847814352237637
6030,0.9930494619561033,0.008859493272571031,,-0.017853897069686733,2.847246710941188
6031,0.9930671809346461,0.008938558926367555,,-0.018010669017520964,2.8466791738058745
6032,0.9930850580444454,0.009017248611180407,,-0.018166638729557903,2.8461117407501924
6033,0.9931030925335633,0.00909556079202513,,-0.018321803451394617,2.845544411693665
6034,0.9931212836469921,0.009173493945823598,,-0.01847616045421742,2.8449771865569597
6035,0.9931396306266779,0.009251046561442195,,-0.018629707034860495,2.8444100652617004
6036,0.9931581327115444,0.009328217139706793,,-0.0187824405158186,2.843843047730569
6037,0.9931767891375171,0.009405004193419086,,-0.018934358245262572,2.8432761338873913
6038,0.993195599137547,0.009481406247395251,,-0.019085457597098666,2.842709323656945
6039,0.9932145619416347,0.009557421838483777,,-0.019235735970987194,2.8421426169651016
6040,0.9932336767768547,0.009633049515584042,,-0.01938519079236215,2.8415760137388584
6041,0.9932529428673792,0.009708287839676852,,-0.01953381951247432,2.8410095139061826
6042,0.9932723594345023,0.00978313538383614,,-0.019681619608397437,2.840443117396148
6043,0.9932919256966644,0.009857590733254974,,-0.019828588583062644,2.839876824138952
6044,0.9933116408694761,0.009931652485276693,,-0.01997472396530274,2.8393106340657646
6045,0.9933315041657429,0.010005319249404745,,-0.020120023309854535,2.83874454710888
6046,0.9933515147954891,0.010078589647326143,,-0.02026448419738811,2.8381785632017222
6047,0.9933716719659825,0.010151462312939877,,-0.02040810423454536,2.8376126822786727
6048,0.9933919748817588,0.010223935892370289,,-0.020550881053949626,2.8370469042752733
6049,0.9934124227446457,0.010296009043986164,,-0.02069281231422586,2.836481229128167
6050,0.9934330147537878,0.010367680438427227,,-0.0208338957000354,2.8359156567749793
6051,0.9934537501056709,0.010438948758616538,,-0.02097412892208353,2.8353501871545026
6052,0.993474627994147,0.010509812699785032,,-0.02111350971715046,2.834784820206619
6053,0.993495647610458,0.01058027096949484,,-0.021252035848119688,2.8342195558722034
6054,0.9935168081432614,0.010650322287646827,,-0.021389705103975778,2.8336543940933017
6055,0.9935381087786541,0.010719965386503105,,-0.021526515299831107,2.833089334813053
6056,0.993559548700198,0.010789199010711929,,-0.02166246427695737,2.832524377975578
6057,0.993581127088944,0.010858021917319655,,-0.021797549902792222,2.831959523526197
6058,0.9936028431234569,0.010926432875789649,,-0.02193177007095859,2.8313947714112904
6059,0.993624695979841,0.010994430668022331,,-0.022065122701286508,2.8308301215782494
6060,0.993646684831764,0.0110620140883637,,-0.022197605739812717,2.830265573975651
6061,0.9936688088504823,0.011129181943630672,,-0.022329217158812916,2.8297011285531437
6062,0.993691067204866,0.011195933053128042,,-0.022459954956817182,2.829136785261368
6063,0.993713459061424,0.011262266248654637,,-0.02258981715860499,2.828572544052171
6064,0.9937359835843286,0.011328180374529035,,-0.022718801815237923,2.8280084048784513
6065,0.9937586399354407,0.011393674287607562,,-0.022846907004077325,2.827444367694114
6066,0.993781427274335,0.011458746857290114,,-0.022974130828778503,2.82688043245427
6067,0.9938043447583251,0.011523396965537683,,-0.023100471419306903,2.8263165991150623
6068,0.9938273915424884,0.011587623506890488,,-0.023225926931956072,2.825752867633649
6069,0.9938505667796915,0.011651425388475776,,-0.02335049554934578,2.825189237968394
6070,0.9938738696206151,0.011714801530032291,,-0.023474175480452057,2.8246257100786947
6071,0.9938972992137795,0.011777750863918414,,-0.023596964960605003,2.824062283924951
6072,0.9939208547055696,0.011840272335121221,,-0.023718862251489503,2.8234989594687727
6073,0.9939445352402604,0.011902364901274777,,-0.02383986564116268,2.82293573667278
6074,0.9939683399600422,0.011964027532674977,,-0.023959973444065356,2.82237261550062
6075,0.9939922680050458,0.012025259212286222,,-0.024079184001017703,2.8218095959171268
6076,0.994016318513368,0.012086058935758197,,-0.02419749567923379,2.8212466778881553
6077,0.9940404906210969,0.012146425711438057,,-0.0243149068723275,2.820683861380558
6078,0.9940647834623372,0.012206358560377566,,-0.024431416000309254,2.8201211463623843
6079,0.9940891961692359,0.012265856516349654,,-0.02454702150960005,2.819558532802698
6080,0.9941137278720072,0.012324918625856688,,-0.024661721873029445,2.81899602067156
6081,0.9941383776989589,0.012383543948136982,,-0.024775515589831053,2.8184336099402136
6082,0.9941631447765167,0.012441731555183059,,-0.024888401185659877,2.817871300580909
6083,0.9941880282292506,0.012499480531753385,,-0.02500037721259727,2.817309092566881
6084,0.9942130271799,0.012556789975373872,,-0.025111442249136414,2.816746985872555
6085,0.9942381407493994,0.012613658996350316,,-0.02522159490018787,2.816184980473344
6086,0.9942633680569041,0.012670086717778794,,-0.025330833797081967,2.8156230763456493
6087,0.9942887082198152,0.012726072275551491,,-0.0254391575975628,2.815061273467041
6088,0.9943141603538058,0.012781614818371563,,-0.025546564985798683,2.814499571816076
6089,0.9943397235728466,0.012836713507758052,,-0.02565305467237349,2.813937971372285
6090,0.9943653969892311,0.01289136751805041,,-0.025758625394278083,2.813376472116362
6091,0.9943911797136015,0.012945576036422005,,-0.025863275914918042,2.812815074029979
6092,0.9944170708549744,0.012999338262887634,,-0.02596700502411017,2.812253777095777
6093,0.9944430695207666,0.013052653410302319,,-0.0260698115380624,2.811692581297536
6094,0.9944691748168202,0.013105520704375278,,-0.026171694299382556,2.8111314866200163
6095,0.9944953858474291,0.013157939383677443,,-0.026272652177074755,2.8105704930489255
6096,0.9945217017153644,0.013209908699643485,,-0.026372684066525858,2.810009600571112
6097,0.9945481215218996,0.01326142791658058,,-0.026471788889503748,2.8094488091743868
6098,0.9945746443668374,0.013312496311671716,,-0.02656996559414535,2.8088881188475043
6099,0.9946012693485344,0.013363113174978574,,-0.026667213154944715,2.808327529580326
6100,0.9946279955639277,0.01341327780945107,,-0.026763530572752988,2.807767041363684
6101,0.9946548221085599,0.013462989530935785,,-0.02685891687477653,2.8072066541893297
6102,0.9946817480766057,0.013512247668171171,,-0.02695337111454976,2.8066463680501155
6103,0.9947087725608971,0.013561051562796736,,-0.02704689237193442,2.8060861829398585
6104,0.9947358946529493,0.013609400569355988,,-0.02713947975310664,2.8055260988532704
6105,0.9947631134429868,0.013657294055297482,,-0.027231132390541545,2.8049661157861494
6106,0.994790428019969,0.013704731400980594,,-0.027321849443005693,2.804406233735249
6107,0.9948178374716157,0.013751711999678473,,-0.027411630095544173,2.803846452698201
6108,0.9948453408844335,0.013798235257577961,,-0.027500473559462956,2.803286772673707
6109,0.9948729373437416,0.013844300593785263,,-0.027588379072321215,2.80272719366142
6110,0.994900625933697,0.01388990744032872,,-0.02767534589791797,2.802167715661854
6111,0.9949284057373209,0.01393505524215325,,-0.02776137332626355,2.801608338676564
6112,0.9949562758365245,0.013979743457124456,,-0.027846460673568867,2.801049062708055
6113,0.9949842353121346,0.01402397155603353,,-0.027930607282236335,2.8004898877596713
6114,0.9950122832439198,0.014067739022597094,,-0.028013812520841994,2.7999308138357737
6115,0.9950404187106159,0.01411104535345388,,-0.028096075784110216,2.7993718409416752
6116,0.995068640789952,0.014153890058168524,,-0.02817739649290224,2.7988129690835075
6117,0.9950969485586767,0.014196272659226114,,-0.028257774094187837,2.7982541982683893
6118,0.995125341092583,0.014238192692035242,,-0.028337208061032803,2.7976955285043847
6119,0.9951538174665352,0.01427964970492935,,-0.02841569789258256,2.797136959800361
6120,0.995182376754494,0.014320643259161865,,-0.028493243114034974,2.7965784921661365
6121,0.9952110180295427,0.014361172928904797,,-0.028569843276619176,2.7960201256124773
6122,0.995239740363913,0.014401238301249382,,-0.028645497957577756,2.795461860150936
6123,0.9952685428290109,0.014440838976202273,,-0.028720206760141524,2.79490369579398
6124,0.995297424495442,0.01447997456667989,,-0.028793969313500176,2.7943456325550264
6125,0.9953263844330381,0.014518644698509666,,-0.028866785272785588,2.793787670448253
6126,0.9953554217108826,0.014556849010425787,,-0.028938654319045673,2.7932298094887194
6127,0.9953845353973364,0.014594587154067357,,-0.029009576159222766,2.792672049692425
6128,0.9954137245600635,0.01463185879397493,,-0.029079550526127627,2.7921143910761215
6129,0.9954429882660573,0.01466866360758432,,-0.029148577178409338,2.7915568336574097
6130,0.9954723255816657,0.014705001285219342,,-0.029216655900523136,2.7909993774548165
6131,0.9955017355726175,0.014740871530090884,,-0.02928378650270941,2.7904420224876096
6132,0.9955312173040479,0.014776274058294327,,-0.02934996882097076,2.7898847687758623
6133,0.9955607698405243,0.014811208598800876,,-0.02941520271703719,2.7893276163405654
6134,0.995590392246072,0.014845674893452756,,-0.029479488078337487,2.7887705652034405
6135,0.9956200835842001,0.014879672696957074,,-0.029542824817969097,2.7882136153869803
6136,0.9956498429179269,0.014913201776879019,,-0.029605212874667212,2.7876567669145746
6137,0.9956796693098061,0.01494626191363627,,-0.0296666522127747,2.7871000198103397
6138,0.995709561821952,0.014978852900491472,,-0.0297271428222091,2.7865433740991232
6139,0.9957395195160657,0.015010974543545023,,-0.029786684718431024,2.785986829806645
6140,0.9957695414534601,0.015042626661729683,,-0.029845277942414674,2.7854303869593497
6141,0.9957996266950864,0.015073809086802408,,-0.029902922560613457,2.7848740455843775
6142,0.9958297743015592,0.015104521663334236,,-0.02995961866492272,2.7843178057097093
6143,0.995859983333182,0.015134764248699629,,-0.030015366372640004,2.783761667364051
6144,0.9958902528499735,0.015164536713072017,,-0.03007016582643796,2.7832056305767687
6145,0.9959205819116923,0.015193838939414573,,-0.030124017194328903,2.7826496953780393
6146,0.9959509695778632,0.015222670823471486,,-0.030176920669629192,2.782093861798766
6147,0.9959814149078026,0.01525103227375663,,-0.0302288764709183,2.7815381298704747
6148,0.9960119169606435,0.015278923211543423,,-0.030279884842001666,2.7809824996254635
6149,0.9960424747953619,0.015306343570853653,,-0.03032994605187045,2.7804269710967504
6150,0.9960730874708016,0.015333293298448071,,-0.030379060394664467,2.7798715443179587
6151,0.9961037540457001,0.015359772353815788,,-0.03042722818963403,2.779316219323437
6152,0.9961344735787137,0.015385780709163825,,-0.03047444978110148,2.778760996148257
6153,0.9961652451284432,0.015411318349403904,,-0.030520725538416532,2.778205874828071
6154,0.9961960677534593,0.01543638527214299,,-0.030566055855920274,2.777650855399199
6155,0.9962269405123277,0.015460981487669029,,-0.030610441152899567,2.7770959378986846
6156,0.9962578624636351,0.015485107018938193,,-0.03065388187354325,2.7765411223641303
6157,0.9962888326660136,0.015508761901561328,,-0.03069637848689804,2.7759864088337727
6158,0.996319850178167,0.01553194618379419,,-0.030737931486832043,2.775431797346551
6159,0.9963509140588953,0.015554659926524328,,-0.030778541391990332,2.774877287941952
6160,0.9963820233671205,0.015576903203255645,,-0.030818208745746947,2.774322880660032
6161,0.9964131771619112,0.015598676100093883,,-0.03085693411615942,2.773768575541547
6162,0.9964443745025089,0.015619978715730861,,-0.03089471809591919,2.773214372627794
6163,0.9964756144483519,0.01564081116143131,,-0.0309315613023081,2.7726602719606053
6164,0.9965068960591013,0.015661173561020786,,-0.030967464377157656,2.7721062735824673
6165,0.9965382183946657,0.015681066050868137,,-0.031002427986796432,2.771552377536402
6166,0.9965695805152268,0.015700488779869157,,-0.031036452821999985,2.770998583865926
6167,0.9966009814812636,0.01571944190943285,,-0.03106953959794721,2.770444892615181
6168,0.9966324203535784,0.01573792561346373,,-0.03110168905416751,2.769891303828851
6169,0.9966638961933209,0.015755940078343633,,-0.031132901954487136,2.769337817552075
6170,0.9966954080620138,0.015773485502917368,,-0.03116317908698418,2.7687844338305574
6171,0.9967269550215776,0.01579056209847701,,-0.03119252126394022,2.7682311527105443
6172,0.996758536134355,0.015807170088741586,,-0.03122092932178243,2.7676779742387225
6173,0.9967901504631367,0.01582330970984319,,-0.03124840412103938,2.7671248984622934
6174,0.9968217970711851,0.01583898121030571,,-0.0312749465462822,2.7665719254290053
6175,0.9968534750222601,0.01585418485102571,,-0.03130055750606879,2.7660190551869994
6176,0.996885183380643,0.01586892090525394,,-0.0313252379328907,2.7654662877848777
6177,0.996916921211162,0.01588318965858037,,-0.03134898878312709,2.764913623271795
6178,0.9969486875792163,0.01589699140891277,,-0.03137181103698456,2.7643610616972953
6179,0.9969804815508009,0.015910326466456244,,-0.0313937056984399,2.7638086031113254
6180,0.9970123021925312,0.015923195153695467,,-0.03141467379518876,2.763256247564346
6181,0.9970441485716678,0.015935597805372105,,-0.031434716378583485,2.7627039951071937
6182,0.9970760197561405,0.01594753476846343,,-0.03145383452357412,2.7621518457910854
6183,0.9971079148145731,0.0159590064021654,,-0.031472029328658814,2.7615997996677217
6184,0.9971398328163079,0.015970013077870684,,-0.031489301915823185,2.7610478567891787
6185,0.9971717728314301,0.015980555179145112,,-0.031505653430476725,2.7604960172078443
6186,0.9972037339307919,0.015990633101709704,,-0.0315210850414015,2.759944280976542
6187,0.9972357151860368,0.01600024725341685,,-0.031535597940688304,2.7593926481484976
6188,0.9972677156696244,0.016009398054225212,,-0.031549193343670005,2.7588411187772293
6189,0.9972997344548538,0.01601808593617933,,-0.03156187248886521,2.7582896929166205
6190,0.9973317706158884,0.016026311343389082,,-0.031573636637921426,2.7577383706209373
6191,0.9973638232277799,0.016034074732004064,,-0.031584487075547375,2.7571871519447115
6192,0.9973958913664922,0.01604137657019151,,-0.03159442510945358,2.756636036942816
6193,0.9974279741089255,0.016048217338112406,,-0.031603452070289126,2.756085025670502
6194,0.9974600705329404,0.01605459752789542,,-0.03161156931157313,2.755534118183257
6195,0.9974921797173818,0.01606051764361213,,-0.0316187782096298,2.7549833145368208
6196,0.9975243007421027,0.016065978201256003,,-0.03162508016353158,2.7544326147873175
6197,0.9975564326879881,0.016070979728715785,,-0.03163047659502969,2.75388201899112
6198,0.9975885746369787,0.01607552276574974,,-0.03163496894848717,2.7533315272048133
6199,0.9976207256720949,0.016079607863961582,,-0.03163855869081581,2.752781139485288
6200,0.9976528848774602,0.016083235586774547,,-0.03164124731140881,2.75223085588968
6201,0.9976850513383249,0.016086406509401317,,-0.03164303632206527,2.751680676475323
6202,0.9977172241410898,0.01608912121882056,,-0.03164392725692848,2.7511306012998302
6203,0.9977494023733297,0.016091380313752564,,-0.031643921672421894,2.750580630421048
6204,0.9977815851238168,0.016093184404627963,,-0.031643021147171074,2.7500307638969526
6205,0.9978137714825442,0.01609453411356326,,-0.03164122728194029,2.7494810017857487
6206,0.9978459605407493,0.016095430074335452,,-0.031638541699567105,2.7489313441459093
6207,0.9978781513909367,0.016095872932347034,,-0.03163496604487696,2.74838179103603
6208,0.9979103431269024,0.01609586334460059,,-0.03163050198461759,2.747832342514839
6209,0.997942534843756,0.01609540197967426,,-0.03162515120739579,2.747282998641299
6210,0.9979747256379442,0.016094489517689135,,-0.03161891542359719,2.746733759474513
6211,0.9980069146072743,0.016093126650280884,,-0.03161179636531474,2.7461846250736923
6212,0.9980391008509366,0.016091314080573394,,-0.031603795786282016,2.7456355954982423
6213,0.9980712834695278,0.016089052523145794,,-0.03159491546179225,2.7450866708076567
6214,0.9981034615650737,0.016086342704001274,,-0.031585157188621885,2.7445378510615215
6215,0.998135634241052,0.016083185360538606,,-0.03157452278495959,2.743989136319588
6216,0.9981678006024154,0.01607958124152384,,-0.031563014090335226,2.7434405266417263
6217,0.998199959755614,0.016075531107057072,,-0.03155063296553865,2.7428920220878092
6218,0.9982321108086184,0.01607103572854209,,-0.0315373812925455,2.742343622717809
6219,0.9982642528709414,0.01606609588865675,,-0.03152326097444431,2.741795328591856
6220,0.9982963850536619,0.01606071238131766,,-0.03150827393535117,2.741247139770085
6221,0.998328506469446,0.016054886011646816,,-0.03149242212032939,2.7406990563126494
6222,0.9983606162325706,0.016048617595946387,,-0.031475707495325474,2.7401510782797986
6223,0.9983927134589446,0.016041907961660832,,-0.03145813204707957,2.7396032057318207
6224,0.9984247972661324,0.01603475794734467,,-0.03143969778304711,2.7390554387289954
6225,0.9984568667733751,0.016027168402633293,,-0.03142040673132719,2.7385077773316597
6226,0.9984889211016132,0.016019140188207118,,-0.03140026094057709,2.7379602216001397
6227,0.9985209593735087,0.016010674175754067,,-0.031379262479923904,2.737412771594727
6228,0.9985529807134669,0.016001771247940253,,-0.03135741343889296,2.736865427375762
6229,0.9985849842476582,0.01599243229837516,,-0.03133471592732466,2.7363181890035873
6230,0.9986169691040406,0.01598265823157677,,-0.031311172075290994,2.73577105653843
6231,0.998648934412381,0.015972449962936862,,-0.03128678403301364,2.7352240300405017
6232,0.998680879304277,0.015961808418687926,,-0.031261553970785026,2.734677109570054
6233,0.9987128029131785,0.015950734535864552,,-0.031235484078877603,2.7341302951872373
6234,0.9987447043744101,0.015939229262266246,,-0.031208576567456545,2.7335835869520793
6235,0.9987765828251913,0.015927293556427448,,-0.031180833666507486,2.7330369849246012
6236,0.9988084374046592,0.015914928387578,,-0.031152257625744705,2.732490489164769
6237,0.998840267253889,0.01590213473560588,,-0.03112285071452349,2.731944099732408
6238,0.9988720715159158,0.015888913591024293,,-0.031092615221762057,2.7313978166872617
6239,0.9989038493357559,0.015875265954933354,,-0.031061553455852497,2.730851640088977
6240,0.9989355998604277,0.015861192838978647,,-0.03102966774456549,2.730305569997073
6241,0.9989673222389727,0.015846695265317016,,-0.030996960434969738,2.729759606470965
6242,0.9989990156224768,0.01583177426658106,,-0.030963433893348578,2.729213749569958
6243,0.9990306791640915,0.015816430885837025,,-0.030929090505103344,2.7286679993531506
6244,0.999062312019054,0.015800666176547754,,-0.03089393267466772,2.7281223558795173
6245,0.9990939133447088,0.015784481202539433,,-0.030857962825429266,2.727576819207949
6246,0.9991254823005276,0.01576787703795659,,-0.030821183399627108,2.7270313893971134
6247,0.9991570180481307,0.01575085476722228,,-0.030783596858260563,2.7264860665054496
6248,0.9991885197513074,0.015733415485000967,,-0.030745205681003918,2.7259408505913028
6249,0.9992199865760361,0.015715560296160964,,-0.030706012366119216,2.725395741712851
6250,0.9992514176905049,0.01569729031573096,,-0.030666019430357398,2.7248507399279926
6251,0.999282812265132,0.015678606668862827,,-0.030625229408872783,2.7243058452944204
6252,0.9993141694725862,0.01565951049079181,,-0.030583644855132576,2.7237610578697002
6253,0.9993454884878064,0.015640002926792303,,-0.030541268340816555,2.7232163777111316
6254,0.999376768488022,0.015620085132136745,,-0.03049810245572379,2.72267180487575
6255,0.9994080086527735,0.015599758272060006,,-0.030454149807690487,2.7221273394203918
6256,0.9994392081639312,0.015579023521713234,,-0.030409413022486727,2.72158298140166
6257,0.999470366205716,0.01555788206612228,,-0.030363894743722253,2.721038730875879
6258,0.9995014819647191,0.01553633510014959,,-0.030317597632759426,2.7204945878991253
6259,0.999532554629921,0.015514383828451406,,-0.030270524368616873,2.7199505525272034
6260,0.9995635833927118,0.01549202946542986,,-0.03022267764786327,2.7194066248156314
6261,0.9995945674469102,0.015469273235193579,,-0.03017406018452805,2.7188628048196715
6262,0.9996255059887834,0.015446116371517441,,-0.03012467471001027,2.7183190925943004
6263,0.999656398217066,0.015422560117795294,,-0.03007452397297347,2.71777548819414
6264,0.9996872433329792,0.015398605726998612,,-0.030023610739253196,2.71723199167354
6265,0.9997180405402505,0.015374254461636802,,-0.029971937791767326,2.716688603086588
6266,0.9997487890451321,0.015349507593707122,,-0.029919507930405535,2.716145322486995
6267,0.9997794880564205,0.015324366404649915,,-0.029866323971929905,2.715602149928103
6268,0.9998101367854748,0.015298832185308349,,-0.02981238874988507,2.7150590854630097
6269,0.999840734446236,0.015272906235884173,,-0.029757705114499346,2.7145161291444677
6270,0.9998712802552453,0.015246589865889245,,-0.02970227593257792,2.713973281024803
6271,0.9999017734316632,0.015219884394102816,,-0.029646104087408226,2.7134305411560065
6272,0.9999322131972875,0.015192791148528274,,-0.02958919247866411,2.7128879095897838
6273,0.9999625987765722,0.015165311466343562,,-0.02953154402229677,2.7123453863774163
6274,0.9999929293966456,0.015137446693855548,,-0.02947316165043418,2.7118029715697545
6275,1.0000232042873285,0.015109198186458407,,-0.029414048311289135,2.7112606652173468
6276,1.0000534226811526,0.015080567308582735,,-0.02935420696904819,2.710718467370356
6277,1.0000835838133786,0.015051555433648705,,-0.029293640603768628,2.71017637807849
6278,1.0001136869220137,0.015022163944024645,,-0.029232352211286786,2.7096343973910564
6279,1.0001437312478303,0.014992394230978695,,-0.02917034480311288,2.709092525357014
6280,1.0001737160343827,0.014962247694625626,,-0.029107621406315724,2.708550762024869
6281,1.000203640528026,0.014931725743883175,,-0.02904418506342669,2.708009107442681
6282,1.0002335039779329,0.01490082979642728,,-0.028980038832341733,2.707467561658111
6283,1.0002633056361114,0.014869561278640874,,-0.02891518578621066,2.7069261247183936
6284,1.0002930447574225,0.01483792162556631,,-0.028849629013333416,2.7063847966702963
6285,1.0003227205995973,0.014805912280860882,,-0.028783371617062854,2.7058435775601457
6286,1.0003523324232537,0.014773534696743725,,-0.02871641671569073,2.7053024674338233
6287,1.0003818794919146,0.014740790333946194,,-0.028648767442340312,2.704761466336742
6288,1.000411361072024,0.01470768066166582,,-0.028580426944866382,2.7042205743138585
6289,1.0004407764329646,0.014674207157519185,,-0.028511398385752902,2.7036797914096553
6290,1.0004701248470742,0.01464037130748703,,-0.02844168494199586,2.7031391176681248
6291,1.0004994055896625,0.014606174605865607,,-0.02837128980499834,2.7025985531327867
6292,1.0005286179390278,0.014571618555223863,,-0.02830021618047711,2.7020580978466984
6293,1.0005577611764738,0.01453670466634804,,-0.028228467288344307,2.7015177518523754
6294,1.0005868345863254,0.014501434458188526,,-0.028156046362594306,2.700977515191845
6295,1.0006158374559455,0.014465809457813823,,-0.028082956651204326,2.700437387906668
6296,1.0006447690757512,0.01442983120035988,,-0.028009201416025697,2.6998973700378692
6297,1.00067362873923,0.014393501228975827,,-0.027934783932668468,2.6993574616259304
6298,1.0007024157429554,0.014356821094777072,,-0.027859707490400794,2.6988176627108453
6299,1.0007311293866035,0.01431979235679522,,-0.027783975392041877,2.6982779733321096
6300,1.000759768972968,0.014282416581920991,,-0.027707590953841,2.6977383935286263
6301,1.0007883338079768,0.014244695344852674,,-0.027630557505368174,2.6971989233387714
6302,1.000816823200707,0.014206630228050422,,-0.027552878389416162,2.696659562800436
6303,1.0008452364634008,0.014168222821681628,,-0.02747455696188454,2.6961203119509385
6304,1.0008735729114804,0.014129474723566859,,-0.02739559659166529,2.695581170826995
6305,1.0009018318635639,0.014090387539127764,,-0.027316000660533024,2.695042139464825
6306,1.0009300126414802,0.014050962881337923,,-0.027235772563040165,2.694503217900106
6307,1.000958114570284,0.014011202370665835,,-0.027154915706396793,2.6939644061678907
6308,1.000986136978271,0.013971107635022259,,-0.02707343351035992,2.693425704302673
6309,1.0010140791969933,0.013930680309709963,,-0.0269913294071272,2.692887112338433
6310,1.0010419405612725,0.01388992203736806,,-0.026908606841219682,2.6923486303085356
6311,1.0010697204092163,0.013848834467916972,,-0.026825269269366236,2.6918102582457224
6312,1.0010974180822318,0.01380741925851009,,-0.026741320160401646,2.691271996182203
6313,1.001125032925041,0.0137656780734792,,-0.02665676299515197,2.690733844149624
6314,1.0011525642856938,0.013723612584275227,,-0.026571601266310713,2.6901958021789665
6315,1.0011800115155833,0.013681224469413762,,-0.026485838478325203,2.6896578703006284
6316,1.00120737396946,0.013638515414427612,,-0.026399478147296443,2.6891200485444675
6317,1.001234651005445,0.013595487111807652,,-0.02631252380085575,2.6885823369396924
6318,1.0012618419850448,0.01355214126094734,,-0.026224978978049044,2.688044735514867
6319,1.001288946273164,0.013508479568090991,,-0.026136847229229,2.6875072442980046
6320,1.0013159632381203,0.01346450374627666,,-0.026048132115936106,2.6869698633165084
6321,1.0013428922516572,0.013420215515278834,,-0.025958837210779424,2.6864325925971064
6322,1.001369732688958,0.013375616601555756,,-0.025868966097327004,2.6858954321659163
6323,1.0013964839286584,0.013330708738196176,,-0.025778522369995248,2.6853583820484914
6324,1.001423145352861,0.013285493664859191,,-0.025687509633924212,2.684821442269705
6325,1.0014497163471472,0.013239973127717018,,-0.025595931504859264,2.684284612853775
6326,1.0014761963005907,0.013194148879404972,,-0.02550379160904722,2.68374789382434
6327,1.0015025846057708,0.013148022678962933,,-0.02541109358311526,2.683211285204403
6328,1.0015288806587845,0.013101596291776447,,-0.025317841073949333,2.6826747870162713
6329,1.00155508385926,0.013054871489519901,,-0.02522403773857735,2.68213839928163
6330,1.0015811936103685,0.013007850050103662,,-0.025129687244059788,2.6816021220215682
6331,1.0016072093188373,0.012960533757614788,,-0.02503479326736744,2.6810659552564746
6332,1.0016331303949615,0.01291292440226018,,-0.024939359495264646,2.680529899006075
6333,1.001658956252617,0.01286502378031311,,-0.024843389624199203,2.67999395328949
6334,1.001684686309272,0.012816833694052386,,-0.0247468873601776,2.6794581181251815
6335,1.0017103199859994,0.012768355951700254,,-0.024649856418638087,2.678922393530905
6336,1.0017358567074883,0.012719592367371574,,-0.024552300524345986,2.6783867795237803
6337,1.0017612959020563,0.012670544761017644,,-0.02445422341127861,2.677851276120306
6338,1.0017866370016606,0.012621214958362055,,-0.02435562882249439,2.677315883336272
6339,1.0018118794419102,0.012571604790845013,,-0.024256520510019006,2.676780601186787
6340,1.0018370226620767,0.01252171609556677,,-0.024156902234730077,2.6762454296863485
6341,1.001862066105106,0.012471550715229913,,-0.024056777766238994,2.6757103688487605
6342,1.0018870092176295,0.012421110498078472,,-0.023956150882767178,2.6751754186871275
6343,1.0019118514499747,0.01237039729784008,,-0.02385502537102848,2.6746405792139054
6344,1.0019365922561771,0.012319412973669442,,-0.02375340502611404,2.674105850440903
6345,1.0019612310939903,0.012268159390085945,,-0.023651293651365587,2.6735712323792096
6346,1.0019857674248964,0.012216638416915435,,-0.02354869505825742,2.6730367250392426
6347,1.002010200714118,0.01216485192923726,,-0.02344561306628858,2.6725023284307743
6348,1.0020345304306273,0.012112801807320116,,-0.023342051502853144,2.671968042562885
6349,1.0020587560471572,0.012060489936557993,,-0.023238014203110977,2.6714338674439437
6350,1.0020828770402113,0.012007918207416798,,-0.02313350500987953,2.6708998030816677
6351,1.0021068928900743,0.011955088515376954,,-0.02302852777351759,2.670365849483103
6352,1.0021308030808216,0.011902002760870065,,-0.022923086351797635,2.669832006654586
6353,1.0021546071003298,0.011848662849219507,,-0.02281718460978614,2.669298274601768
6354,1.0021783044402859,0.011795070690582112,,-0.0227108264197261,2.668764653329649
6355,1.002201894596197,0.011741228199886737,,-0.02260401566091329,2.668231142842517
6356,1.0022253770674006,0.011687137296772942,,-0.022496756219573175,2.667697743143981
6357,1.002248751357073,0.011632799905533725,,-0.02238905198874558,2.667164454236947
6358,1.0022720169722394,0.011578217955056837,,-0.022280906868167007,2.666631276123685
6359,1.0022951734237824,0.011523393378758556,,-0.022172324764137843,2.666098208805716
6360,1.0023182202264518,0.011468328114524876,,-0.022063309589404934,2.6655652522839244
6361,1.002341156898873,0.011413024104657186,,-0.021953865263051858,2.6650324065584563
6362,1.0023639829635558,0.011357483295807923,,-0.021843995710371152,2.664499671628859
6363,1.0023866979469036,0.011301707638916768,,-0.021733704862736184,2.663967047493872
6364,1.0024093013792217,0.011245699089150506,,-0.02162299665748205,2.6634345341516714
6365,1.0024317927947253,0.011189459605846169,,-0.02151187503779085,2.662902131599623
6366,1.0024541717315487,0.01113299115244777,,-0.021400343952566975,2.6623698398345668
6367,1.002476437731753,0.011076295696443418,,-0.021288407356310466,2.66183765885244
6368,1.0024985903413342,0.01101937520930947,,-0.021176069209007442,2.661305588648745
6369,1.002520629110231,0.01096223166644347,,-0.021063333475995195,2.660773629218044
6370,1.0025425535923334,0.010904867047103518,,-0.020950204127843892,2.660241780554499
6371,1.0025643633454895,0.010847283334348465,,-0.02083668514023529,2.659710042651234
6372,1.0025860579315136,0.01078948251498238,,-0.020722780493855335,2.6591784155011116
6373,1.0026076369161936,0.01073146657948378,,-0.020608494174251233,2.6586468990958743
6374,1.0026290998692984,0.010673237521946703,,-0.02049383017171799,2.658115493427012
6375,1.0026504463645851,0.010614797340019338,,-0.020378792481173746,2.6575841984848876
6376,1.0026716759798062,0.01055614803484708,,-0.020263385102050606,2.657053014259683
6377,1.002692788296716,0.010497291611002926,,-0.020147612038153805,2.6565219407403835
6378,1.0027137829010786,0.010438230076430853,,-0.02003147729755363,2.6559909779157813
6379,1.0027346593826734,0.010378965442380744,,-0.019914984892453816,2.655460125773556
6380,1.0027554173353024,0.010319499723349277,,-0.019798138839078376,2.6549293843011434
6381,1.002776056356797,0.01025983493701371,,-0.0196809431575383,2.654398753484879
6382,1.0027965760490234,0.01019997310417743,,-0.019563401871727174,2.6538682333107984
6383,1.0028169760178898,0.010139916248703721,,-0.019445519009188988,2.6533378237640015
6384,1.0028372558733518,0.01007966639744978,,-0.019327298600990465,2.6528075248291025
6385,1.002857415229419,0.010019225580205104,,-0.01920874468159911,2.6522773364899135
6386,1.0028774537041603,0.009958595829636317,,-0.019089861288775694,2.651747258729668
6387,1.0028973709197102,0.009897779181220954,,-0.018970652463444513,2.651217291530947
6388,1.0029171665022738,0.009836777673182088,,-0.018851122249565293,2.6506874348755622
6389,1.002936840082133,0.009775593346427991,,-0.018731274694016208,2.6501576887448337
6390,1.0029563912936512,0.00971422824449129,,-0.018611113846473806,2.649628053119235
6391,1.002975819775279,0.009652684413465545,,-0.018490643759290822,2.6490985279788144
6392,1.002995125169559,0.009590963901940691,,-0.018369868487368685,2.648569113302694
6393,1.0030143071231312,0.00952906876094682,,-0.018248792088049828,2.64803980906963
6394,1.0030333652867376,0.009467001043883738,,-0.01812741862097902,2.6475106152574925
6395,1.0030522993152269,0.009404762806460958,,-0.018005752147988215,2.646981531843696
6396,1.0030711088675592,0.009342356106635696,,-0.01788379673297488,2.6464525588048557
6397,1.0030897936068108,0.009279783004554345,,-0.01776155644178928,2.6459236961170722
6398,1.0031083532001779,0.009217045562483936,,-0.017639035342101154,2.645394943755755
6399,1.003126787318981,0.009154145844748504,,-0.017516237503276556,2.644866301695654
6400,1.00314509563867,0.009091085917669465,,-0.017393166996262692,2.64433776991096
6401,1.0031632778388269,0.009027867849505563,,-0.017269827893471246,2.6438093483751555
6402,1.00318133360317,0.008964493710386915,,-0.017146224268651557,2.6432810370611914
6403,1.0031992626195585,0.008900965572251457,,-0.01702236019676721,2.6427528359412737
6404,1.003217064579995,0.008837285508785816,,-0.016898239753882743,2.6422247449871223
6405,1.0032347391806293,0.008773455595356507,,-0.016773867017030375,2.641696764169745
6406,1.0032522861217625,0.008709477908951333,,-0.01664924606409757,2.6411688934595836
6407,1.0032697051078494,0.0086453545281171,,-0.01652438097370691,2.640641132826443
6408,1.0032869958475017,0.008581087532898164,,-0.016399275825098137,2.6401134822395553
6409,1.0033041580534912,0.008516679004768164,,-0.016273934697996855,2.63958594166753
6410,1.0033211914427527,0.008452131026567276,,-0.016148361672494144,2.639058511078364
6411,1.0033380957363867,0.008387445682446698,,-0.01602256082894015,2.6385311904394846
6412,1.003354870659662,0.008322625057802414,,-0.015896536247817058,2.638003979717727
6413,1.0033715159420182,0.008257671239210977,,-0.01577029200961609,2.63747687887931
6414,1.003388031317068,0.00819258631436597,,-0.015643832194716104,2.6369498878898954
6415,1.0034044165225993,0.00812737237201747,,-0.015517160883267702,2.636423006714546
6416,1.0034206713005775,0.00806203150190904,,-0.01539028215507306,2.635896235317773
6417,1.003436795397148,0.007996565794713844,,-0.0152632000894638,2.6353695736634806
6418,1.0034527885626365,0.007930977341974387,,-0.015135918765186216,2.6348430217150116
6419,1.003468650551553,0.0078652682360387,,-0.01500844226027978,2.6343165794351875
6420,1.0034843811225913,0.007799440569993754,,-0.01488077465195004,2.6337902467861922
6421,1.0034999800386315,0.007733496437606847,,-0.014752920016457559,2.633264023729726
6422,1.0035154470667416,0.007667437933265974,,-0.01462488242900421,2.632737910226866
6423,1.0035307819781778,0.007601267151914684,,-0.014496665963609864,2.6322119062382203
6424,1.0035459845483867,0.007534986188985891,,-0.014368274692986342,2.6316860117237795
6425,1.0035610545570055,0.007468597140341168,,-0.014239712688422605,2.631160226643014
6426,1.0035759917878628,0.0074021021022120355,,-0.014110984019673669,2.6306345509549107
6427,1.0035907960289803,0.007335503171133971,,-0.013982092754835241,2.6301089846178227
6428,1.003605467072572,0.007268802443885069,,-0.01385304296022835,2.6295835275897006
6429,1.0036200047150463,0.007202002017424467,,-0.01372383870028226,2.629058179827825
6430,1.0036344087570046,0.00713510398882742,,-0.013594484037412697,2.628532941289124
6431,1.003648679003243,0.00706811045522411,,-0.013464983031905626,2.628007811929867
6432,1.0036628152627518,0.007001023513739342,,-0.01333533974180418,2.6274827917058867
6433,1.0036768173487154,0.006933845261432188,,-0.01320555822279488,2.6269578805725264
6434,1.0036906850785123,0.006866577795230716,,-0.013075642528084514,2.6264330784845487
6435,1.0037044182737147,0.0067992232118662035,,-0.012945596708276878,2.6259083853963565
6436,1.0037180167600885,0.006731783607815659,,-0.01281542481126413,2.625383801261674
6437,1.0037314803675925,0.006664261079243469,,-0.012685130882118346,2.6248593260339512
6438,1.0037448089303778,0.0065966577219338015,,-0.012554718962963642,2.624334959665987
6439,1.0037580022867867,0.006528975631229764,,-0.012424193092862787,2.623810702110184
6440,1.0037710602793526,0.006461216901972036,,-0.0122935573077022,2.6232865533184913
6441,1.0037839827547983,0.00639338362843729,,-0.0121628156400765,2.6227625132423027
6442,1.0037967695640353,0.006325477904278331,,-0.012031972119177219,2.6222385818327085
6443,1.0038094205621622,0.006257501822460334,,-0.011901030770672836,2.6217147590401275
6444,1.0038219356084637,0.006189457475203657,,-0.011769995616603189,2.621191044814752
6445,1.0038343145664088,0.006121346953915843,,-0.011638870675251597,2.6206674391061693
6446,1.0038465573036495,0.006053172349132115,,-0.011507659961034577,2.620143941863584
6447,1.0038586636920184,0.0059849357504566745,,-0.011376367484392655,2.6196205530358103
6448,1.0038706336075276,0.005916639246502464,,-0.011244997251677998,2.619097272571101
6449,1.0038824669303665,0.005848284924828989,,-0.011113553265039577,2.618574100417492
6450,1.0038941635448995,0.005779874871875444,,-0.010982039522297773,2.6180510365223544
6451,1.0039057233396635,0.005711411172907521,,-0.010850460016847054,2.6175280808328587
6452,1.0039171462073664,0.005642895911954238,,-0.010718818737538096,2.6170052332956546
6453,1.0039284320448838,0.005574331171746988,,-0.010587119668565145,2.6164824938569846
6454,1.003939580753257,0.005505719033660047,,-0.01045536678935621,2.6159598624628
6455,1.0039505922376897,0.005437061577647209,,-0.010323564074455225,2.6154373390584755
6456,1.003961466407546,0.005368360882184762,,-0.010191715493417741,2.6149149235892346
6457,1.0039722031763463,0.005299619024205367,,-0.01005982501068769,2.6143926159996975
6458,1.0039828024617652,0.005230838079045483,,-0.009927896585501595,2.6138704162342474
6459,1.003993264185628,0.0051620201203831755,,-0.009795934171773575,2.613348324236883
6460,1.0040035882739071,0.00509316722017377,,-0.009663941717976542,2.612826339951147
6461,1.004013774656719,0.005024281448591481,,-0.00953192316703544,2.6123044633203953
6462,1.0040238232683205,0.004955364873970357,,-0.009399882456218082,2.6117826942874176
6463,1.0040337340471048,0.004886419562750247,,-0.009267823517037081,2.611261032794862
6464,1.0040435069355982,0.004817447579410122,,-0.009135750275126494,2.6107394787849043
6465,1.0040531418804557,0.004748450986410028,,-0.009003666650135835,2.6102180321993993
6466,1.0040626388324574,0.004679431844132357,,-0.008871576555622722,2.6096966929799734
6467,1.004071997746504,0.004610392210820806,,-0.008739483898940659,2.6091754610677595
6468,1.0040812185816128,0.004541334142525991,,-0.008607392581140566,2.6086543364037635
6469,1.004090301300913,0.004472259693040713,,-0.008475306496851602,2.608133318928511
6470,1.0040992458716418,0.004403170913847606,,-0.00834322953418655,2.6076124085823196
6471,1.0041080522651387,0.004334069854054643,,-0.008211165574623732,2.6070916053052215
6472,1.0041167204568415,0.004264958560334954,,-0.008079118492897086,2.606570909036835
6473,1.0041252504262819,0.004195839076876512,,-0.007947092156905729,2.6060503197166653
6474,1.0041336421570792,0.004126713445318043,,-0.007815090427596469,2.6055298372837665
6475,1.0041418956369366,0.004057583704695115,,-0.0076831171588667094,2.6050094616770343
6476,1.0041500108576347,0.003988451891373891,,-0.007551176197443347,2.6044891928350546
6477,1.0041579878150273,0.003919320038998705,,-0.007419271382788206,2.6039690306960988
6478,1.0041658265090352,0.00385019017843768,,-0.00728740654700009,2.60344897519831
6479,1.0041735269436411,0.003781064337716678,,-0.007155585514694168,2.602929026279419
6480,1.0041810891268836,0.0037119445419715176,,-0.007023812102916839,2.602409183877032
6481,1.0041885130708514,0.00364283281338123,,-0.006892090121024157,2.6018894479284693
6482,1.0041957987916779,0.003573731171114427,,-0.006760423370585413,2.6013698183707907
6483,1.0042029463095343,0.003504641631274531,,-0.006628815645284789,2.600850295140915
6484,1.0042099556486246,0.003435566206839061,,-0.006497270730811394,2.6003308781754133
6485,1.0042168268371783,0.0033665069076111416,,-0.0063657924047731155,2.5998115674107565
6486,1.0042235599074445,0.0032974657401525363,,-0.006234384436575072,2.5992923627831512
6487,1.0042301548956853,0.0032284447077290867,,-0.0061030505873218704,2.598773264228578
6488,1.0042366118421697,0.003159445810258288,,-0.005971794609724067,2.5982542716828974
6489,1.004242930791166,0.0030904710442513153,,-0.0058406202479939036,2.5977353850816844
6490,1.0042491117909358,0.0030215224027600137,,-0.005709531237750886,2.597216604360406
6491,1.0042551548937269,0.002952601875313792,,-0.005578531305908056,2.596697929454314
6492,1.0042610601557658,0.0028837114478697697,,-0.005447624170583535,2.5961793602984655
6493,1.004266827637251,0.002814853102756745,,-0.005316813541000548,2.5956608968278205
6494,1.0042724574023456,0.0027460288186169674,,-0.005186103117383123,2.5951425389770977
6495,1.00427794951917,0.0026772405703571847,,-0.005055496590869685,2.594624286680904
6496,1.0042833040597945,0.0026084903290869536,,-0.004924997643402501,2.594106139873709
6497,1.0042885211002313,0.002539780062067524,,-0.004794609947637154,2.5935880984897874
6498,1.0042936007204273,0.0024711117326531268,,-0.004664337166837937,2.593070162463344
6499,1.0042985430042561,0.0024024873002391795,,-0.004534182954786137,2.592552331728399
6500,1.0043033480395098,0.0023339087202147116,,-0.004404150955696553,2.5920346062188573
6501,1.0043080159178916,0.002265377943895994,,-0.004274244804098587,2.5915169858685583
6502,1.0043125467350071,0.0021968969184813806,,-0.004144468124757276,2.5909994706111306
6503,1.004316940590356,0.0021284675869909595,,-0.004014824532566045,2.5904820603801886
6504,1.0043211975873245,0.002060091888217111,,-0.003885317632459829,2.589964755109211
6505,1.0043253178331761,0.001991771756675561,,-0.0037559510193293203,2.589447554731543
6506,1.0043293014390433,0.0019235091225423989,,-0.003626728277908922,2.588930459180542
6507,1.004333148519919,0.0018553059116102055,,-0.0034976529827005515,2.5884134683893536
6508,1.0043368591946475,0.001787164045229816,,-0.003368728697870756,2.587896582291155
6509,1.004340433585916,0.001719085440254744,,-0.003239958977152678,2.587379800819028
6510,1.004343871820245,0.001651072008998695,,-0.0031113473637728165,2.586863123905903
6511,1.0043471740279801,0.0015831256591742036,,-0.0029828973903424766,2.586346551484819
6512,1.0043503403432819,0.0015152482938474681,,-0.0028546125787794604,2.585830083488592
6513,1.004353370904117,0.0014474418113800806,,-0.002726496440205506,2.5853137198500886
6514,1.0043562658522491,0.0013797081053782054,,-0.002598552474857627,2.58479746050216
6515,1.0043590253332286,0.001312049064650128,,-0.002470784172015246,2.5842813053774694
6516,1.004361649496384,0.001244466573145257,,-0.002343195009892756,2.5837652544088847
6517,1.0043641384948114,0.0011769625099077047,,-0.002215788455559194,2.583249307529042
6518,1.0043664924853648,0.0011095387490234394,,-0.002088567964846242,2.5827334646706372
6519,1.0043687116286466,0.001042197159566558,,-0.001961536982254513,2.5822177257664585
6520,1.0043707960889972,0.00097493960555858,,-0.0018346989408842746,2.581702090749046
6521,1.004372746034485,0.000907767945908087,,-0.001708057262329593,2.5811865595512264
6522,1.0043745616368958,0.0008406840343683266,,-0.0015816153566059676,2.5806711321056297
6523,1.0043762430717238,0.0007736897194856757,,-0.0014553766220611016,2.5801558083449105
6524,1.0043777905181595,0.0007067868445432568,,-0.0013293444452765982,2.579640588201949
6525,1.00437920415908,0.0006399772475206838,,-0.0012035222009998594,2.579125471609305
6526,1.0043804841810384,0.0005732627610402607,,-0.0010779132520509075,2.5786104584998952
6527,1.0043816307742535,0.000506645212321578,,-0.0009525209492447631,2.5780955488065205
6528,1.0043826441325976,0.00044012642313243257,,-0.0008273486313071259,2.577580742461911
6529,1.004383524453587,0.00037370820973286616,,-0.0007023996247772396,2.5770660393991793
6530,1.0043842719383707,0.00030739238283702394,,-0.0005776772439441299,2.576551439551079
6531,1.0043848867917184,0.00024118074756066896,,-0.0004531847907561768,2.5760369428507253
6532,1.0043853692220108,0.00017507510337250493,,-0.0003289255547377453,2.5755225492312515
6533,1.004385719441227,0.0001090772440510909,,-0.00020490281291644406,2.575008258625596
6534,1.0043859376649336,4.318895763053264e-05,,-8.111982972941139e-05,2.574494070967239
6535,1.0043860241122735,-2.2587973641066614e-05,,4.242014304645272e-05,2.5739799861893022
6536,1.004385979005954,-8.825177334998098e-05,,0.00016571386637693214,2.5734660042251836
6537,1.0043858025722348,-0.00015380067096232655,,0.0002887581140474619,2.5729521250085283
6538,1.004385495040917,-0.0002192329018678946,,0.00041154967273691943,2.5724383484726303
6539,1.004385056645331,-0.00028454670743362806,,0.0005340853421095334,2.571924674551431
6540,1.004384487622324,-0.0003497403350457727,,0.0006563619348853623,2.5714111031786064
6541,1.0043837882122488,-0.00041481203815481706,,0.0007783762769160095,2.570897634287939
6542,1.004382958658951,-0.0004797600763211856,,0.0009001252072617497,2.5703842678137265
6543,1.0043819992097571,-0.0005445827152573407,,0.0010216055782616327,2.5698710036897916
6544,1.0043809101154622,-0.0006092782268778999,,0.0011428142556188894,2.5693578418505965
6545,1.0043796916303174,-0.0006738448893424807,,0.0012637481184723518,2.568844782230572
6546,1.0043783440120175,-0.0007382809870977463,,0.0013844040594663586,2.568331824763993
6547,1.0043768675216884,-0.0008025848109255774,,0.0015047789848323878,2.567818969385908
6548,1.0043752624238744,-0.0008667546579818662,,0.0016248698144524698,2.5673062160308713
6549,1.0043735289865254,-0.0009307888318433908,,0.001744673481938282,2.566793564633913
6550,1.0043716674809842,-0.000994685642551947,,0.0018641869347047638,2.5662810151303956
6551,1.0043696781819733,-0.0010584434066550174,,0.00198340713403692,2.565768567455242
6552,1.0043675613675822,-0.00112206044725134,,0.002102331055166513,2.5652562215442924
6553,1.0043653173192542,-0.0011855350940301677,,0.002220955687335939,2.5647439773330634
6554,1.004362946321773,-0.0012488656833141332,,0.002339278033869395,2.564231834757205
6555,1.0043604486632496,-0.0013120505581055066,,0.002457295112250503,2.5637197937531346
6556,1.0043578246351093,-0.0013750880681236682,,0.002575003954182475,2.5632078542566377
6557,1.0043550745320775,-0.0014379765698502482,,0.0026924016056638985,2.562696016204331
6558,1.0043521986521668,-0.0015007144265662036,,0.0028094851270483476,2.5621842795329157
6559,1.0043491972966634,-0.001563300008391945,,0.002926251593109762,2.5616726441787887
6560,1.0043460707701128,-0.0016257316923335397,,0.0030426980931201448,2.5611611100794347
6561,1.0043428193803066,-0.0016880078623196801,,0.0031588217309082307,2.5606496771717833
6562,1.0043394434382686,-0.0017501269092456604,,0.003274619624932681,2.5601383453931996
6563,1.0043359432582408,-0.0018120872310095223,,0.003390088908340205,2.5596271146817267
6564,1.0043323191576692,-0.0018738872325509178,,0.003505226729027652,2.5591159849747314
6565,1.00432857145719,-0.0019355253258943263,,0.003620030249714235,2.558604956210691
6566,1.0043247004806148,-0.0019969999301844106,,0.0037344966479970283,2.558094028327948
6567,1.004320706554918,-0.0020583094717282024,,0.003848623116419928,2.557583201264696
6568,1.0043165900102202,-0.0021194523840328923,,0.003962406862535412,2.5570724749603233
6569,1.0043123511797756,-0.002180427107841139,,0.004075845108959168,2.556561849353495
6570,1.0043079903999566,-0.00224123209117225,,0.00418893509343813,2.5560513243835628
6571,1.0043035080102396,-0.0023018657893601443,,0.004301674068911382,2.555540899990482
6572,1.0042989043531902,-0.00236232666508913,,0.004414059303565841,2.5550305761135057
6573,1.004294179774449,-0.0024226131884339873,,0.00452608808090274,2.5545203526932143
6574,1.0042893346227155,-0.002482723836893254,,0.00463775769978831,2.5540102296699096
6575,1.0042843692497352,-0.002542657095425584,,0.004749065474511643,2.553500206983836
6576,1.004279284010283,-0.0026024114564906,,0.00486000873485204,2.552990284576547
6577,1.0042740792621492,-0.002661985420080931,,0.004970584826126561,2.552480462388749
6578,1.0042687553661236,-0.002721377493762212,,0.005080791109255985,2.5519707403620018
6579,1.0042633126859812,-0.0027805861927052275,,0.005190624960814255,2.5514611184384637
6580,1.0042577515884668,-0.002839610039720253,,0.005300083773080845,2.5509515965595444
6581,1.0042520724432789,-0.0028984475652938505,,0.005409164954101258,2.550442174668143
6582,1.0042462756230555,-0.0029570973076225755,,0.005517865927737635,2.549932852706828
6583,1.004240361503358,-0.003015557812649191,,0.0056261841337260565,2.5494236306181093
6584,1.0042343304626558,-0.003073827634097537,,0.005734117027732727,2.5489145083459603
6585,1.0042281828823107,-0.00313190533350286,,0.005841662081397354,2.5484054858334146
6586,1.004221919146562,-0.0031897894802472766,,0.005948816782390707,2.547896563024411
6587,1.0042155396425094,-0.0032474786515928507,,0.006055578634465496,2.547387739863614
6588,1.0042090447600986,-0.003304971432714311,,0.006161945157504825,2.5468790162948225
6589,1.0042024348921046,-0.0033622664167330665,,0.0062679138875778116,2.546370392263433
6590,1.0041957104341164,-0.003419362204747219,,0.0063734823769825855,2.5458618677145943
6591,1.0041888717845202,-0.003476257405863752,,0.0064786481942955216,2.545353442593253
6592,1.0041819193444845,-0.0035329506372317886,,0.006583408924424756,2.544845116846021
6593,1.0041748535179436,-0.0035894405240743084,,0.006687762168655137,2.5443368904185553
6594,1.0041676747115804,-0.003645725699719596,,0.006791705544698097,2.5438287632572876
6595,1.004160383334812,-0.0037018048056320133,,0.006895236686738455,2.5433207353096696
6596,1.0041529797997724,-0.003757676491439106,,0.006998353245471199,2.5428128065221194
6597,1.0041454645212957,-0.003813339414965871,,0.007101052888157836,2.5423049768426482
6598,1.0041378379169008,-0.0038687922422615713,,0.00720333329866325,2.5417972462192906
6599,1.0041301004067746,-0.003924033647633528,,0.0073051921775067665,2.5412896145995836
6600,1.004122252413755,-0.003979062313674457,,0.007406627241905359,2.5407820819329383
6601,1.0041142943633146,-0.004033876931291684,,0.007507636225813075,2.5402746481679372
6602,1.0041062266835445,-0.004088476199734794,,0.007608216879963123,2.539767313253584
6603,1.0040980498051373,-0.004142858826624071,,0.007708366971911222,2.5392600771403475
6604,1.0040897641613697,-0.004197023527980406,,0.007808084286076104,2.5387529397775173
6605,1.004081370188087,-0.004250969028252633,,0.007907366623782986,2.5382459011157645
6606,1.0040728683236853,-0.004304694060345419,,0.008006211803302972,2.5377389611062955
6607,1.0040642590090945,-0.0043581973656458325,,0.008104617659888893,2.537232119699416
6608,1.0040555426877622,-0.004411477694049631,,0.008202582045817438,2.536725376847402
6609,1.004046719805636,-0.004464533803990147,,0.008300102830427675,2.53621873250206
6610,1.0040377908111464,-0.004517364462463614,,0.00839717790015726,2.5357121866150627
6611,1.0040287561551904,-0.004569968445054627,,0.00849380515858179,2.5352057391400136
6612,1.004019616291113,-0.0046223445359617815,,0.008589982526445996,2.5346993900293757
6613,1.0040103716746913,-0.004674491528023489,,0.00868570794170357,2.534193139236479
6614,1.0040010227641167,-0.00472640822274201,,0.008780979359551095,2.533686986715906
6615,1.0039915700199773,-0.004778093430310918,,0.008875794752463273,2.533180932420995
6616,1.0039820139052409,-0.004829545969639457,,0.0089701521102318,2.5326749763068204
6617,1.0039723548852373,-0.00488076466837504,,0.009064049439993067,2.5321691183287
6618,1.003962593427641,-0.0049317483629288455,,0.009157484766262264,2.5316633584411536
6619,1.003952730002454,-0.004982495898494613,,0.009250456130961955,2.531157696600858
6620,1.0039427650819874,-0.005033006129077445,,0.009342961593458895,2.5306521327637967
6621,1.0039326991408446,-0.005083277917515798,,0.009434999230594454,2.5301466668859875
6622,1.003922532655903,-0.00513331013550223,,0.009526567136715113,2.52964129892542
6623,1.0039122661062965,-0.005183101663608159,,0.00961766342370075,2.5291360288388294
6624,1.0039018999733982,-0.005232651391303317,,0.009708286220993248,2.528630856583964
6625,1.0038914347408021,-0.005281958216979559,,0.009798433675629464,2.528125782119812
6626,1.0038808708943052,-0.005331021047971793,,0.009888103952263453,2.5276208054040716
6627,1.0038702089218898,-0.005379838800577818,,0.009977295233197498,2.527115926396263
6628,1.0038594493137059,-0.005428410400080312,,0.01006600571840818,2.52661114505618
6629,1.0038485925620522,-0.005476734780768392,,0.01015423362557224,2.5261064613427475
6630,1.0038376391613595,-0.005524810885955641,,0.01024197719009439,2.5256018752171236
6631,1.0038265896081717,-0.0055726376679997025,,0.010329234665126133,2.5250973866398465
6632,1.0038154444011278,-0.00562021408832635,,0.010416004321599467,2.5245929955713318
6633,1.003804204040944,-0.005667539117443959,,0.010502284448246538,2.524088701974141
6634,1.0037928690303954,-0.005714611734964326,,0.010588073351619353,2.523584505809596
6635,1.003781439874298,-0.005761430929619139,,0.010673369356112641,2.5230804070398327
6636,1.00376991707949,-0.00580799569927873,,0.010758170803988243,2.522576405628523
6637,1.0037583011548141,-0.005854305050975252,,0.010842476055399914,2.5220725015379464
6638,1.0037465926110989,-0.005900358000914327,,0.010926283488409379,2.521568694732023
6639,1.0037347919611403,-0.005946153574495256,,0.01100959149900977,2.5210649851753324
6640,1.0037228997196836,-0.005991690806328577,,0.011092398501142214,2.5205613728313265
6641,1.0037109164034046,-0.006036968740249852,,0.011174702926716636,2.5200578576656385
6642,1.0036988425308917,-0.006081986429338569,,0.011256503225629422,2.519554439643657
6643,1.0036866786226268,-0.006126742935932704,,0.01133779786577768,2.519051118730234
6644,1.0036744252009673,-0.00617123733164432,,0.011418585333082437,2.5185478948925297
6645,1.0036620827901273,-0.006215468697378952,,0.011498864131505183,2.5180447680967557
6646,1.0036496519161588,-0.006259436123346698,,0.011578632783058944,2.517541738309354
6647,1.0036371331069338,-0.006303138709076146,,0.011657889827826106,2.5170388054987867
6648,1.003624526892125,-0.0063465755634329315,,0.011736633823972945,2.51653596963217
6649,1.0036118338031867,-0.006389745804633675,,0.011814863347768784,2.516033230677665
6650,1.003599054373338,-0.0064326485602547254,,0.01189257699359091,2.5155305886048174
6651,1.0035861891375417,-0.006475282967251038,,0.011969773373940854,2.515028043381787
6652,1.0035732386324874,-0.006517648171965989,,0.01204645111945779,2.5145255949784797
6653,1.0035602033965716,-0.006559743330146753,,0.012122608878932087,2.5140232433653766
6654,1.0035470839698792,-0.006601567606958586,,0.012198245319315496,2.5135209885118477
6655,1.003533880894165,-0.00664312017699123,,0.01227335912572881,2.5130188303894605
6656,1.003520594712834,-0.00668440022427572,,0.012347949001474946,2.512516768969568
6657,1.0035072259709241,-0.006725406942297358,,0.012422013668049767,2.512014804222921
6658,1.0034937752150854,-0.006766139533999319,,0.012495551865143758,2.511512936122594
6659,1.0034802429935623,-0.006806597211800902,,0.01256856235065576,2.5110111646408124
6660,1.0034666298561743,-0.006846779197606895,,0.012641043900700278,2.5105094897498588
6661,1.0034529363542972,-0.006886684722816005,,0.012712995309616015,2.510007911424132
6662,1.003439163040844,-0.006926313028335831,,0.012784415389972896,2.5095064296367844
6663,1.0034253104702453,-0.0069656633645867405,,0.012855302972572018,2.5090050443617242
6664,1.0034113791984316,-0.00700473499151128,,0.012925656906453135,2.508503755574503
6665,1.0033973697828131,-0.007043527178590888,,0.012995476058905522,2.508002563249297
6666,1.003383282782261,-0.007082039204847139,,0.013064759315465135,2.5075014673616622
6667,1.0033691187570883,-0.007120270358849542,,0.013133505579915876,2.5070004678881763
6668,1.0033548782690311,-0.007158219938731916,,0.013201713774301606,2.506499564804145
6669,1.0033405618812292,-0.007195887252192771,,0.013269382838922792,2.5059987580867458
6670,1.0033261701582068,-0.007233271616506448,,0.013336511732340864,2.5054980477134947
6671,1.0033117036658534,-0.0072703723585317145,,0.013403099431378294,2.504997433660935
6672,1.0032971629714051,-0.007307188814712444,,0.013469144931115978,2.5044969159077786
6673,1.0032825486434247,-0.007343720331091278,,0.013534647244899646,2.5039964944324495
6674,1.0032678612517834,-0.007379966263314306,,0.013599605404335538,2.5034961692128355
6675,1.0032531013676405,-0.007415925976631174,,0.013664018459285845,2.502995940229053
6676,1.003238269563425,-0.007451598845908161,,0.013727885477872433,2.5024958074604458
6677,1.0032233664128163,-0.007486984255632844,,0.013791205546475192,2.501995770886327
6678,1.0032083924907247,-0.007522081599915257,,0.013853977769727698,2.5014958304880865
6679,1.0031933483732722,-0.007556890282496423,,0.013916201270511998,2.5009959862460196
6680,1.0031782346377733,-0.007591409716750557,,0.013977875189954754,2.5004962381409173
6681,1.0031630518627157,-0.007625639325686869,,0.014038998687421892,2.499996586155327
6682,1.0031478006277412,-0.00765957854196171,,0.014099570940520289,2.4994970302705393
6683,1.0031324815136262,-0.007693226807873689,,0.014159591145082834,2.498997570468839
6684,1.003117095102262,-0.007726583575368178,,0.014219058515165434,2.4984982067338293
6685,1.003101641976637,-0.007759648306047376,,0.014277972283046005,2.497998939047855
6686,1.0030861227208154,-0.007792420471165796,,0.014336331699211521,2.4974997673946793
6687,1.0030705379199194,-0.007824899551632956,,0.014394136032349061,2.4970006917588843
6688,1.003054888160109,-0.007857085038019714,,0.01445138456933967,2.4965017121239312
6689,1.0030391740285634,-0.00788897643055417,,0.014508076615246772,2.4960028284750075
6690,1.003023396113461,-0.00792057323912756,,0.014564211493310827,2.495504040797635
6691,1.0030075550039605,-0.007951874983295373,,0.014619788544935565,2.4950053490764397
6692,1.002991651290182,-0.00798288119227374,,0.014674807129677328,2.4945067532979586
6693,1.0029756855631862,-0.008013591404943218,,0.014729266625234022,2.494008253448644
6694,1.0029596584149565,-0.008044005169854485,,0.014783166427441749,2.4935098495143175
6695,1.0029435704383791,-0.008074122045216892,,0.014836505950249337,2.4930115414827942
6696,1.002927422227224,-0.008103941598903527,,0.01488928462570827,2.492513329341441
6697,1.0029112143761252,-0.008133463408453645,,0.014941501903965322,2.4920152130773094
6698,1.0028949474805615,-0.008162687061064215,,0.014993157253241705,2.491517192679414
6699,1.0028786221368375,-0.008191612153596666,,0.015044250159825221,2.491019268136036
6700,1.002862238942064,-0.008220238292570793,,0.015094780128049181,2.4905214394354753
6701,1.0028457984941388,-0.008248565094159417,,0.015144746680275913,2.4900237065678605
6702,1.002829301391727,-0.008276592184196402,,0.015194149356891078,2.4895260695224053
6703,1.0028127482342426,-0.008304319198166911,,0.01524298771627741,2.4890285282886553
6704,1.0027961396218281,-0.008331745781201163,,0.015291261334795126,2.4885310828577833
6705,1.002779476155336,-0.008358871588079023,,0.015338969806770174,2.4880337332199507
6706,1.0027627584363088,-0.00838569628322351,,0.015386112744475204,2.4875364793659327
6707,1.0027459870669608,-0.008412219540694462,,0.015432689778108268,2.487039321287892
6708,1.0027291626501578,-0.008438441044190094,,0.01547870055577608,2.4865422589769373
6709,1.002712285789398,-0.008464360487037774,,0.01552414474347099,2.48604529242506
6710,1.0026953570887933,-0.00848997757218934,,0.015569022025051117,2.485548421625356
6711,1.0026783771530496,-0.008515292012224075,,0.015613332102227085,2.4850516465698993
6712,1.0026613465874474,-0.008540303529332521,,0.01565707469452695,2.484554967251852
6713,1.002644265997823,-0.008565011855313318,,0.01570024953927759,2.4840583836652095
6714,1.002627135990549,-0.008589416731574729,,0.015742856391589947,2.4835618958030174
6715,1.0026099571725153,-0.008613517909122284,,0.015784895024331218,2.483065503659564
6716,1.0025927301511097,-0.008637315148552538,,0.01582636522809948,2.482569207229717
6717,1.0025754555341988,-0.008660808220050307,,0.015867266811202037,2.48207300650749
6718,1.0025581339301086,-0.008683996903376125,,0.015907599599627557,2.481576901488251
6719,1.002540765947606,-0.008706880987864367,,0.015947363437027552,2.481080892167721
6720,1.002523352195879,-0.008729460272414858,,0.015986558184685522,2.4805849785408682
6721,1.0025058932845177,-0.008751734565478453,,0.016025183721485706,2.480089160604099
6722,1.0024883898234953,-0.008773703685054729,,0.016063239943892842,2.479593438353961
6723,1.0024708424231492,-0.00879536745868796,,0.016100726765930416,2.4790978117863753
6724,1.0024532516941616,-0.008816725723448533,,0.016137644119141592,2.478602280898726
6725,1.0024356182475405,-0.008837778325929458,,0.016173991952566198,2.478106845688374
6726,1.0024179426946007,-0.008858525122238671,,0.01620977023271324,2.477611506152177
6727,1.0024002256469449,-0.008878965977985627,,0.016244978943531014,2.4771162622884537
6728,1.0023824677164443,-0.008899100768273691,,0.016279618086376117,2.476621114095364
6729,1.0023646695152204,-0.008918929377689705,,0.01631368767998185,2.476126061570674
6730,1.0023468316556248,-0.008938451700288782,,0.016347187760424705,2.475631104713598
6731,1.0023289547502217,-0.008957667639591818,,0.016380118381102458,2.4751362435230746
6732,1.0023110394117678,-0.008976577108574468,,0.016412479612702282,2.474641477997758
6733,1.002293086253194,-0.008995180029646483,,0.01644427154315688,2.4741468081377103
6734,1.0022750958875863,-0.009013476334646926,,0.016475494277618245,2.4736522339426332
6735,1.0022570689281673,-0.00903146596483499,,0.01650614793842984,2.473157755412044
6736,1.0022390059882769,-0.009049148870871729,,0.016536232665086664,2.472663372546808
6737,1.0022209076813533,-0.00906652501281028,,0.016565748614199977,2.4721690853473746
6738,1.0022027746209152,-0.009083594360084194,,0.016594695959465385,2.471674893814089
6739,1.0021846074205423,-0.009100356891491418,,0.016623074891626774,2.47118079794859
6740,1.0021664066938563,-0.009116812595187136,,0.016650885618445792,2.4706867977520517
6741,1.002148173054503,-0.009132961468667438,,0.016678128364661954,2.470192893225614
6742,1.0021299071161331,-0.009148803518749261,,0.01670480337194881,2.4696990843716473
6743,1.0021116094923836,-0.009164338761565902,,0.016730910898888528,2.469205371192032
6744,1.0020932807968594,-0.009179567222551383,,0.016756451220933596,2.4687117536886727
6745,1.0020749216431146,-0.009194488936418336,,0.01678142463035896,2.4682182318646357
6746,1.0020565326446333,-0.009209103947150079,,0.016805831436230493,2.467724805722485
6747,1.0020381144148125,-0.00922341230798419,,0.016829671964365637,2.467231475264853
6748,1.002019667566942,-0.00923741408139505,,0.0168529465572937,2.4667382404954696
6749,1.002001192714187,-0.009251109339084584,,0.01687565557422221,2.466245101417557
6750,1.0019826904695692,-0.009264498161960255,,0.01689779939098754,2.4657520580344356
6751,1.001964161445949,-0.009277580640116408,,0.016919378400012855,2.4652591103504684
6752,1.0019456062560057,-0.009290356872826835,,0.016940393010278044,2.4647662583695125
6753,1.0019270255122208,-0.009302826968523846,,0.016960843647272482,2.4642735020955424
6754,1.0019084198268584,-0.009314991044775555,,0.016980730752945407,2.4637808415335156
6755,1.001889789811948,-0.009326849228277999,,0.017000054785675373,2.4632882766879014
6756,1.0018711360792656,-0.00933840165483486,,0.01701881622022424,2.4627958075632903
6757,1.0018524592403153,-0.009349648469337585,,0.01703701554769268,2.462303434165205
6758,1.0018337599063116,-0.009360589825749508,,0.017054653275475257,2.4618111564986895
6759,1.0018150386881612,-0.00937122588708699,,0.0170717299272172,2.461318974568916
6760,1.0017962961964448,-0.009381556825397666,,0.017088246042766323,2.460826888381944
6761,1.001777533041399,-0.00939158282174985,,0.017104202178138107,2.4603348979433664
6762,1.0017587498328977,-0.009401304066208862,,0.017119598905463686,2.459843003258901
6763,1.0017399471804358,-0.009410720757812324,,0.017134436812936363,2.4593512043351025
6764,1.0017211256931091,-0.009419833104558961,,0.01714871650477599,2.4588595011780927
6765,1.0017022859795983,-0.009428641323389629,,0.01716243860118536,2.458367893794089
6766,1.0016834286481495,-0.00943714564016018,,0.017175603738292498,2.457876382190118
6767,1.0016645543065574,-0.00944534628962766,,0.017188212568110442,2.4573849663727905
6768,1.0016456635621476,-0.009453243515425952,,0.017200265758483924,2.456893646348801
6769,1.0016267570217576,-0.009460837570044749,,0.017211763993042733,2.4564024221256084
6770,1.0016078352917208,-0.009468128714813428,,0.017222707971157665,2.4559112937102827
6771,1.0015888989778474,-0.009475117219876792,,0.01723309840788727,2.455420261109957
6772,1.0015699486854077,-0.009481803364169832,,0.01724293603392366,2.4549293243324857
6773,1.0015509850191138,-0.009488187435403748,,0.017252221595552692,2.4544384833853785
6774,1.0015320085831028,-0.009494269730043801,,0.01726095585460444,2.453947738276162
6775,1.0015130199809186,-0.009500050553278065,,0.017269139588388206,2.453457089013064
6776,1.001494019815495,-0.009505530219002599,,0.01727677358965146,2.4529665356039856
6777,1.0014750086891375,-0.009510709049797254,,0.017283858666526517,2.452476078056822
6778,1.0014559872035074,-0.00951558737690249,,0.017290395642480333,2.4519857163801344
6779,1.0014369559596026,-0.009520165540198694,,0.01729638535626314,2.4514954505821898
6780,1.0014179155577418,-0.00952444388818044,,0.017301828661852203,2.4510052806712186
6781,1.0013988665975468,-0.009528422777929887,,0.017306726428395498,2.4505152066560787
6782,1.001379809677925,-0.009532102575099807,,0.01731107954016748,2.4500252285453743
6783,1.0013607453970526,-0.009535483653888906,,0.017314888896514606,2.449535346347631
6784,1.0013416743523575,-0.009538566397010955,,0.01731815541179145,2.449045560071974
6785,1.0013225971405024,-0.00954135119567483,,0.017320880015311336,2.448555869727303
6786,1.0013035143573672,-0.00954383844956196,,0.01732306365129571,2.4480662753224207
6787,1.0012844265980327,-0.009546028566798134,,0.017324707278815098,2.4475767768666725
6788,1.0012653344567635,-0.009547921963928608,,0.017325811871731288,2.4470873743692323
6789,1.0012462385269911,-0.009549519065895209,,0.017326378418645864,2.446598067839134
6790,1.0012271394012973,-0.009550820306007545,,0.017326407922840247,2.4461088572859184
6791,1.0012080376713972,-0.009551826125922135,,0.01732590140222557,2.4456197427189923
6792,1.0011889339281226,-0.009552536975614019,,0.017324859889281122,2.4451307241475955
6793,1.0011698287614055,-0.009552953313345299,,0.01732328443098963,2.4446418015814286
6794,1.0011507227602612,-0.00955307560564341,,0.017321176088786017,2.4441529750300988
6795,1.0011316165127724,-0.009552904327278986,,0.01731853593850706,2.4436642445030192
6796,1.0011125106060719,-0.009552439961233226,,0.017315365070324624,2.4431756100100133
6797,1.001093405626327,-0.009551682998670132,,0.01731166458868394,2.442687071560859
6798,1.0010743021587223,-0.009550633938913713,,0.01730743561225196,2.4421986291651114
6799,1.0010552007874438,-0.009549293289416378,,0.01730267927385246,2.4417102828326844
6800,1.001036102095663,-0.009547661565734302,,0.017297396720410498,2.4412220325734886
6801,1.0010170066655204,-0.009545739291499513,,0.017291589112891376,2.4407338783971895
6802,1.0009979150781088,-0.009543526998387343,,0.017285257626234115,2.440245820313764
6803,1.000978827913458,-0.00954102522609199,,0.017278403449296664,2.4397578583332176
6804,1.0009597457505184,-0.00953823452230213,,0.017271027784801267,2.439269992465305
6805,1.0009406691671454,-0.00953515544266487,,0.017263131849261527,2.4387822227200218
6806,1.0009215987400826,-0.009531788550756584,,0.017254716872919573,2.4382945491074404
6807,1.0009025350449468,-0.009528134418060823,,0.017245784099695568,2.4378069716373667
6808,1.000883478656212,-0.009524193623936464,,0.017236334787122325,2.437319490319794
6809,1.0008644301471934,-0.009519966755584856,,0.01722637020627626,2.436832105164819
6810,1.0008453900900318,-0.009515454408022322,,0.017215891641717135,2.4363448161822716
6811,1.0008263590556783,-0.009510657184049198,,0.017204900391424235,2.4358576233821116
6812,1.0008073376138782,-0.009505575694220303,,0.01719339776673381,2.4353705267744266
6813,1.0007883263331556,-0.009500210556819658,,0.01718138509228285,2.4348835263690423
6814,1.0007693257807988,-0.009494562397824133,,0.017168863705935445,2.43439662217585
6815,1.0007503365228434,-0.009488631850872052,,0.01715583495871733,2.4339098142048976
6816,1.0007313591240583,-0.009482419557236183,,0.01714230021475656,2.433423102465972
6817,1.0007123941479297,-0.00947592616579302,,0.017128260851220094,2.43293648696888
6818,1.000693442156646,-0.009469152332986995,,0.01711371825824064,2.432449967723583
6819,1.0006745037110834,-0.009462098722802266,,0.01709867383885548,2.4319635447398045
6820,1.0006555793707894,-0.009454766006732175,,0.01708312900894317,2.431477218027236
6821,1.0006366696939692,-0.009447154863745862,,0.01706708519715513,2.430990987595723
6822,1.0006177752374699,-0.009439265980258755,,0.01705054384485231,2.430504853454892
6823,1.0005988965567656,-0.009431100050096205,,0.017033506406031327,2.430018815614297
6824,1.0005800342059432,-0.009422657774462384,,0.01701597434726042,2.4295328740836277
6825,1.0005611887376873,-0.0094139398619107,,0.016997949147616303,2.4290470288723878
6826,1.000542360703265,-0.009404947028312523,,0.016979432298619392,2.428561279989963
6827,1.0005235506525123,-0.009395679996817846,,0.016960425304155143,2.428075627445861
6828,1.0005047591338188,-0.00938613949782513,,0.016940929680410204,2.4275900712494325
6829,1.0004859866941131,-0.00937632626895061,,0.016920946955808584,2.427104611409871
6830,1.000467233878849,-0.009366241054993821,,0.016900478670942003,2.4266192479364657
6831,1.0004485012319906,-0.009355884607903191,,0.0168795263784987,2.42613398083838
6832,1.0004297892959984,-0.009345257686743904,,0.016858091643197015,2.4256488101246
6833,1.0004110986118144,-0.009334361057661297,,0.016836176041711948,2.4251637358041624
6834,1.000392429718849,-0.009323195493848833,,0.016813781162608718,2.4246787578860145
6835,1.0003737831549657,-0.009311761775515535,,0.016790908606275533,2.4241938763789044
6836,1.0003551594564684,-0.009300060689848566,,0.01676755998484877,2.4237090912915913
6837,1.000336559158086,-0.009288093030978288,,0.016743736922141705,2.4232244026327816
6838,1.0003179827929596,-0.009275859599949692,,0.01671944105358444,2.4227398104109543
6839,1.0002994308926283,-0.009263361204684281,,0.016694674026147993,2.4222553146345716
6840,1.0002809039870153,-0.009250598659942015,,0.016669437498267707,2.4217709153120537
6841,1.0002624026044145,-0.009237572787287708,,0.01664373313977424,2.4212866124515946
6842,1.0002439272714767,-0.009224284415058173,,0.016617562631827173,2.4208024060613367
6843,1.000225478513196,-0.009210734378325137,,0.01659092766684049,2.4203182961493845
6844,1.000207056852897,-0.009196923518862175,,0.016563829948414693,2.4198342827236194
6845,1.00018866281222,-0.009182852685106414,,0.016536271191260634,2.419350365791836
6846,1.0001702969111095,-0.009168522732119771,,0.01650825312112228,2.4188665453617952
6847,1.000151959667799,-0.009153934521559541,,0.01647977747471564,2.4183828214410505
6848,1.0001336515987995,-0.009139088921639931,,0.016450845999652203,2.4178991940370187
6849,1.0001153732188854,-0.009123986807094588,,0.016421460454364455,2.417415663157092
6850,1.000097125041082,-0.009108629059139119,,0.016391622608030364,2.416932228808463
6851,1.0000789075766516,-0.009093016565438419,,0.016361334240507407,2.4164488909981645
6852,1.0000607213350823,-0.009077150220067474,,0.01633059714225508,2.4159656497331867
6853,1.000042566824073,-0.009061030923473134,,0.016299413114258414,2.4154825050203335
6854,1.000024444549523,-0.009044659582440186,,0.016267783967959706,2.4149994568662274
6855,1.0000063550155172,-0.0090280371100524,,0.01623571152518175,2.414516505277433
6856,0.9999882987243147,-0.009011164425656405,,0.01620319761805535,2.4140336502603494
6857,0.9999702761763364,-0.00899404245482647,,0.016170244088948814,2.4135508918211683
6858,0.9999522878701518,-0.008976672129322077,,0.016136852790385067,2.4130682299659987
6859,0.999934334302467,-0.008959054387049682,,0.016103025584965732,2.4125856647008055
6860,0.9999164159681126,-0.008941190172030709,,0.016068764345306456,2.412103196031338
6861,0.9998985333600312,-0.008923080434362778,,0.01603407095396069,2.4116208239632297
6862,0.9998806869692652,-0.008904726130178349,,0.01599894730333849,2.411138548501984
6863,0.9998628772849452,-0.008886128221608612,,0.015963395295634605,2.41065636965288
6864,0.999845104794277,-0.008867287676744379,,0.015927416842751757,2.4101742874210625
6865,0.9998273699825311,-0.008848205469597893,,0.01589101386622543,2.4096923018115506
6866,0.9998096733330296,-0.008828882580065266,,0.015854188297149435,2.409210412829132
6867,0.9997920153271352,-0.008809319993887803,,0.015816942076100158,2.408728620478442
6868,0.9997743964442392,-0.008789518702610178,,0.015779277153055025,2.4082469247639877
6869,0.9997568171617497,-0.008769479703545639,,0.015741195487323282,2.4077653256900566
6870,0.9997392779550806,-0.008749203999737514,,0.015702699047470604,2.4072838232607525
6871,0.9997217792976396,-0.008728692599916548,,0.015663789811236326,2.4068024174800486
6872,0.9997043216608174,-0.008707946518461192,,0.0156244697654556,2.4063211083517038
6873,0.9996869055139758,-0.008686966775362672,,0.015584740905990543,2.4058398958792835
6874,0.9996695313244368,-0.008665754396185854,,0.015544605237653945,2.405358780066204
6875,0.9996521995574715,-0.008644310412025819,,0.015504064774125062,2.404877760915684
6876,0.9996349106762888,-0.008622635859469246,,0.015463121537874196,2.4043968384307197
6877,0.9996176651420248,-0.008600731780553745,,0.015421777560083913,2.40391601261416
6878,0.9996004634137313,-0.008578599222730037,,0.015380034880575098,2.40343528346866
6879,0.9995833059483658,-0.008556239238824164,,0.015337895547733155,2.4029546509966404
6880,0.9995661932007799,-0.008533652886994512,,0.015295361618425218,2.402474115200353
6881,0.9995491256237092,-0.008510841230690878,,0.015252435157920975,2.4019936760818763
6882,0.9995321036677627,-0.008487805338614953,,0.015209118239815793,2.401513333643039
6883,0.9995151277814117,-0.00846454628468233,,0.015165412945957114,2.40103308788549
6884,0.9994981984109802,-0.008441065147979035,,0.015121321366360897,2.4005529388106965
6885,0.9994813160006341,-0.008417363012721661,,0.015076845599134374,2.400072886419889
6886,0.9994644809923708,-0.008393440968218755,,0.015031987750401434,2.3995929307140944
6887,0.9994476938260097,-0.008369300108829442,,0.014986749934223045,2.3991130716941633
6888,0.9994309549391812,-0.008344941533921988,,0.014941134272517394,2.398633309360705
6889,0.9994142647673172,-0.008320366347832188,,0.014895142894980007,2.398153643714111
6890,0.9993976237436412,-0.00829557565982256,,0.014848777939005478,2.3976740747545957
6891,0.9993810322991582,-0.008270570584041036,,0.014802041549608016,2.397194602482142
6892,0.9993644908626453,-0.0082453522394845,,0.014754935879350919,2.3967152268964944
6893,0.9993479998606415,-0.008219921749952635,,0.014707463088258897,2.3962359479972104
6894,0.9993315597174385,-0.008194280244006933,,0.014659625343739489,2.3957567657836285
6895,0.9993151708550709,-0.008168428854929029,,0.014611424820503335,2.39527768025484
6896,0.9992988336933072,-0.008142368720682702,,0.014562863700491263,2.394798691409735
6897,0.9992825486496397,-0.008116100983869959,,0.014513944172790724,2.394319799246989
6898,0.9992663161392761,-0.008089626791690334,,0.014464668433557926,2.3938410037650293
6899,0.9992501365751295,-0.008062947295898409,,0.014415038685937112,2.393362304962065
6900,0.99923401036781,-0.008036063652761483,,0.01436505713998003,2.3928837028361043
6901,0.9992179379256151,-0.00800897702301892,,0.01431472601256836,2.392405197384893
6902,0.999201919654521,-0.00798168857183956,,0.014264047527332898,2.391926788605954
6903,0.9991859559581737,-0.007954199468780197,,0.0142130239145748,2.3914484764966057
6904,0.9991700472378805,-0.007926510887742377,,0.01416165741118354,2.3909702610539156
6905,0.9991541938926009,-0.007898624006933013,,0.01410995026056205,2.390492142274708
6906,0.999138396318938,-0.007870540008822464,,0.014057904712547382,2.390014120155601
6907,0.9991226549111304,-0.007842260080097717,,0.014005523023322522,2.389536194692968
6908,0.9991069700610434,-0.007813785411622098,,0.013952807455339966,2.389058365882933
6909,0.9990913421581609,-0.007785117198394723,,0.013899760277245111,2.3885806337214044
6910,0.9990757715895766,-0.007756256639508262,,0.013846383763796408,2.3881029982040514
6911,0.9990602587399866,-0.007727204938105708,,0.013792680195783925,2.3876254593262893
6912,0.9990448039916806,-0.0076979633013367944,,0.013738651859947392,2.387148017083306
6913,0.9990294077245344,-0.007668532940315236,,0.013684301048895767,2.38667067147006
6914,0.9990140703160016,-0.007638915070076587,,0.013629630061027851,2.3861934224812558
6915,0.9989987921411062,-0.007609110909537683,,0.013574641200455895,2.385716270111352
6916,0.9989835735724341,-0.007579121681451839,,0.013519336776921772,2.385239214354584
6917,0.9989684149801261,-0.00754894861236614,,0.01346371910571676,2.3847622552049392
6918,0.9989533167318703,-0.007518592932578755,,0.013407790507601516,2.384285392656148
6919,0.998938279192894,-0.007488055876097277,,0.013351553308728057,2.3838086267017133
6920,0.9989233027259571,-0.007457338680592983,,0.013295009840554354,2.383331957334895
6921,0.998908387691344,-0.007426442587360792,,0.013238162439769191,2.3828553845486935
6922,0.9988935344468569,-0.007395368841274561,,0.013181013448208882,2.382378908335876
6923,0.9988787433478084,-0.00736411869074531,,0.013123565212779185,2.381902528688968
6924,0.9988640147470143,-0.007332693387678628,,0.01306582008537578,2.381426245600236
6925,0.9988493489947871,-0.007301094187429558,,0.013007780422800418,2.380950059061706
6926,0.9988347464389284,-0.0072693223487582245,,0.01294944858667844,2.380473969065167
6927,0.9988202074247231,-0.007237379133788761,,0.012890826943382129,2.3799979756021488
6928,0.9988057322949314,-0.0072052658079673855,,0.012831917863952753,2.379522078663933
6929,0.9987913213897831,-0.007172983640018346,,0.012772723724018808,2.3790462782415625
6930,0.9987769750469707,-0.007140533901899552,,0.012713246903713773,2.3785705743258316
6931,0.998762693601643,-0.0071079178687585235,,0.012653489787594459,2.378094966907275
6932,0.9987484773863988,-0.007075136818890656,,0.01259345476456363,2.377619455976192
6933,0.9987343267312805,-0.0070421920336957815,,0.012533144227789608,2.3771440415226346
6934,0.9987202419637677,-0.00700908479763334,,0.012472560574623391,2.3766687235363912
6935,0.9987062234087716,-0.0069758163981814844,,0.012411706206523005,2.3761935020070117
6936,0.9986922713886283,-0.006942388125790815,,0.012350583528968251,2.3757183769238077
6937,0.9986783862230935,-0.006908801273842234,,0.012289194951382806,2.375243348275828
6938,0.9986645682293361,-0.006875057138604189,,0.012227542887055392,2.374768416051867
6939,0.9986508177219331,-0.006841157019185914,,0.0121656297530539,2.3742935802404888
6940,0.998637135012863,-0.006807102217496656,,0.012103457970150153,2.373818840830006
6941,0.998623520411501,-0.006772894038201966,,0.012041029962739496,2.373344197808471
6942,0.9986099742246132,-0.006738533788680988,,0.011978348158762323,2.37286965116369
6943,0.9985964967563509,-0.006704022778981387,,0.011915414989621417,2.372395200883235
6944,0.9985830883082457,-0.006669362321774552,,0.011852232890099814,2.371920846954419
6945,0.9985697491792042,-0.006634553732312515,,0.011788804298281804,2.3714465893643037
6946,0.9985564796655024,-0.0065995983283861715,,0.01172513165547636,2.3709724280997135
6947,0.9985432800607813,-0.006564497430281797,,0.011661217406137523,2.3704983631472243
6948,0.9985301506560413,-0.006529252360735083,,0.011597063997780448,2.3700243944931567
6949,0.9985170917396377,-0.006493864444888724,,0.01153267388090391,2.3695505221235877
6950,0.9985041035972754,-0.006458335010248098,,0.011468049508909402,2.3690767460243567
6951,0.998491186512005,-0.006422665386637224,,0.01140319333802081,2.368603066181052
6952,0.9984783407642174,-0.006386856906156718,,0.011338107827207693,2.3681294825790107
6953,0.9984655666316395,-0.006350910903138227,,0.011272795438102407,2.367655995203328
6954,0.9984528643893301,-0.0063148287141026075,,0.01120725863492394,2.367182604038866
6955,0.9984402343096748,-0.00627861167771488,,0.011141499884396002,2.36670930907023
6956,0.9984276766623821,-0.00624226113474214,,0.011075521655670528,2.3662361102817835
6957,0.9984151917144795,-0.006205778428006811,,0.01100932642024294,2.3657630076576504
6958,0.9984027797303088,-0.006169164902344444,,0.010942916651875542,2.365290001181715
6959,0.9983904409715226,-0.006132421904561262,,0.010876294826520498,2.364817090837616
6960,0.99837817569708,-0.00609555078339002,,0.010809463422239936,2.3643442766087523
6961,0.9983659841632428,-0.006058552889445901,,0.010742424919126128,2.363871558478284
6962,0.9983538666235721,-0.00602142957518301,,0.010675181799222843,2.363398936429129
6963,0.9983418233289238,-0.005984182194848212,,0.010607736546442004,2.362926410443971
6964,0.9983298545274462,-0.005946812104440604,,0.010540091646490439,2.3624539805052542
6965,0.9983179604645752,-0.005909320661667485,,0.010472249586790452,2.3619816465951824
6966,0.9983061413830321,-0.005871709225900293,,0.010404212856400422,2.3615094086957265
6967,0.9982943975228192,-0.005833979158131534,,0.010335983945937237,2.3610372667886246
6968,0.9982827291212175,-0.005796131820930032,,0.010267565347495733,2.360565220855373
6969,0.9982711364127828,-0.005758168578397631,,0.010198959554570891,2.3600932708772375
6970,0.998259619629343,-0.005720090796126274,,0.010130169061980698,2.359621416835263
6971,0.9982481789999951,-0.00568189984115354,,0.010061196365786262,2.35914965871024
6972,0.9982368147511023,-0.005643597081920222,,0.009992043963215786,2.3586779964827387
6973,0.9982255271062911,-0.005605183888225696,,0.009922714352584567,2.3582064301331145
6974,0.9982143162864487,-0.005566661631186454,,0.00985321003322063,2.3577349596414763
6975,0.9982031825097205,-0.005528031683190466,,0.009783533505383116,2.357263584987699
6976,0.998192125991507,-0.005489295417853291,,0.009713687270183851,2.356792306151448
6977,0.9981811469444618,-0.005450454209975419,,0.009643673829511092,2.356321123112169
6978,0.9981702455784894,-0.005411509435500426,,0.009573495685954711,2.355850035849058
6979,0.9981594221007425,-0.005372462471470822,,0.009503155342727537,2.355379044341096
6980,0.9981486767156199,-0.005333314695985215,,0.009432655303588985,2.3549081485670644
6981,0.9981380096247646,-0.0052940674881533124,,0.009361998072764846,2.3544373485055017
6982,0.9981274210270616,-0.005254722228052932,,0.009291186154870814,2.353966644134717
6983,0.9981169111186361,-0.005215280296687319,,0.009220222054836621,2.353496035432829
6984,0.9981064800928512,-0.005175743075943254,,0.009149108277831542,2.3530255223777368
6985,0.9980961281403068,-0.00513611194854629,,0.009077847329184858,2.3525551049470885
6986,0.9980858554488375,-0.0050963882980181235,,0.009006441714310346,2.3520847831183476
6987,0.9980756622035112,-0.0050565735086338685,,0.008934893938630508,2.3516145568687774
6988,0.9980655485866273,-0.005016668965378127,,0.008863206507498661,2.3511444261754004
6989,0.9980555147777158,-0.004976676053901572,,0.008791381926122156,2.3506743910150187
6990,0.9980455609535355,-0.004936596160479485,,0.00871942269948913,2.350204451364271
6991,0.9980356872880727,-0.004896430671968206,,0.008647331332291432,2.3497346071995655
6992,0.9980258939525406,-0.004856180975763,,0.008575110328850217,2.3492648584970826
6993,0.9980161811153778,-0.004815848459754341,,0.008502762193038894,2.348795205232816
6994,0.9980065489422473,-0.004775434512285237,,0.008430289428207921,2.348325647382587
6995,0.9979969975960356,-0.00473494052210837,,0.008357694537109137,2.3478561849219557
6996,0.997987527236852,-0.0046943678783431305,,0.008284980021820291,2.3473868178263113
6997,0.9979781380220281,-0.004653717970434094,,0.008212148383672018,2.3469175460708627
6998,0.9979688301061164,-0.004612992188108528,,0.008139202123173097,2.346448369630609
6999,0.9979596036408906,-0.004572191921332552,,0.008066143739933399,2.3459792884803083
7000,0.9979504587753447,-0.004531318560269467,,0.007992975732591018,2.3455103025945987
7001,0.9979413956556924,-0.004490373495236486,,0.007919700598736196,2.345041411947897
7002,0.9979324144253673,-0.00444935811666239,,0.007846320834837198,2.344572616514408
7003,0.9979235152250222,-0.004408273815046658,,0.0077728389361688,2.3441039162681467
7004,0.9979146981925293,-0.004367121980916786,,0.007699257396737782,2.3436353111830024
7005,0.9979059634629801,-0.004325904004786387,,0.00762557870920945,2.343166801232608
7006,0.9978973111686851,-0.004284621277111863,,0.007551805364832147,2.3426983863904267
7007,0.9978887414391743,-0.004243275188250464,,0.007477939853364094,2.342230066629773
7008,0.9978802544011972,-0.004201867128418775,,0.007403984663000946,2.3417618419237636
7009,0.9978718501787234,-0.004160398487650191,,0.00732994228030172,2.341293712245311
7010,0.9978635288929423,-0.004118870655753551,,0.007255815190116864,2.340825677567167
7011,0.9978552906622642,-0.004077285022272382,,0.007181605875517481,2.340357737861963
7012,0.9978471356023205,-0.004035642976441845,,0.007107316817720219,2.339889893102045
7013,0.9978390638259645,-0.0039939459071463125,,0.00703295049601394,2.339422143259689
7014,0.997831075443272,-0.003952195202878706,,0.006958509387688946,2.338954488306931
7015,0.9978231705615419,-0.003910392251698891,,0.0068839959679651095,2.338486928215733
7016,0.9978153492852976,-0.0038685384411920576,,0.0068094127099194235,2.338019462957731
7017,0.9978076117162872,-0.003826635158428319,,0.0067347620844166265,2.3375520925045885
7018,0.9977999579534852,-0.0037846837899204854,,0.006660046560035658,2.3370848168276437
7019,0.9977923880930933,-0.0037426857215832644,,0.006585268602999607,2.3366176358982007
7020,0.9977849022285418,-0.0037006423386898007,,0.0065104306771002485,2.336150549687275
7021,0.9977775004504903,-0.0036585550258344084,,0.006435535243634316,2.335683558165883
7022,0.99777018284683,-0.003616425166887723,,0.006360584761325647,2.335216661304737
7023,0.9977629495026842,-0.0035742541449588186,,0.006285581686260395,2.3347498590744817
7024,0.9977558005004106,-0.0035320433423535443,,0.006210528471815206,2.334283151445604
7025,0.9977487359196023,-0.0034897941405327617,,0.006135427568585333,2.3338165383884024
7026,0.9977417558370901,-0.0034475079200722795,,0.006060281424316024,2.333350019873103
7027,0.9977348603269436,-0.0034051860606196705,,0.005985092483828024,2.3328835958696517
7028,0.9977280494604734,-0.003362829940859037,,0.005909863188957849,2.3324172663480645
7029,0.9977213233062333,-0.0033204409384660185,,0.0058345959784799045,2.331951031277954
7030,0.9977146819300218,-0.003278020430069918,,0.005759293288042461,2.33148489062908
7031,0.9977081253948843,-0.003235569791212255,,0.005683957550095979,2.331018844370763
7032,0.9977016537611157,-0.0031930903963088915,,0.0056085911938292725,2.3305528924724968
7033,0.9976952670862623,-0.00315058361860472,,0.0055331966450911695,2.3300870349033667
7034,0.997688965425124,-0.003108050830137134,,0.005457776326328972,2.3296212716325413
7035,0.9976827488297569,-0.0030654934016970336,,0.005382332656521613,2.32915560262891
7036,0.9976766173494761,-0.0030229127027863087,,0.005306868051107411,2.328690027861333
7037,0.9976705710308577,-0.0029803101015801305,,0.005231384921919888,2.3282245472985306
7038,0.9976646099177418,-0.002937686964886578,,0.005155885677118989,2.3277591609089847
7039,0.9976587340512351,-0.0028950446581084348,,0.005080372721126693,2.32729386866131
7040,0.997652943469714,-0.00285238454519821,,0.005004848454549734,2.326828670523692
7041,0.9976472382088271,-0.002809707988626155,,0.004929315274126495,2.3263635664644937
7042,0.9976416183014983,-0.0027670163493361123,,0.0048537755726512765,2.325898556451675
7043,0.9976360837779301,-0.0027243109867111106,,0.004778231738917053,2.3254336404534333
7044,0.9976306346656063,-0.002681593258527348,,0.004702686157636465,2.3249688184374797
7045,0.9976252709892955,-0.0026388645209210653,,0.0046271412093869075,2.3245040903716943
7046,0.9976199927710545,-0.002596126128346362,,0.004551599270538736,2.324039456223765
7047,0.9976148000302311,-0.0025533794335369834,,0.004476062713190906,2.3235749159612245
7048,0.9976096927834681,-0.0025106257874693305,,0.0044005339051089035,2.323110469551596
7049,0.9976046710447068,-0.0024678665393230038,,0.004325015209658068,2.3226461169621833
7050,0.9975997348251902,-0.0024251030364426706,,0.004249508985739823,2.322181858160443
7051,0.9975948841334669,-0.0023823366242961227,,0.004174017587720336,2.3217176931133214
7052,0.9975901189753948,-0.0023395686464424766,,0.0040985433653784155,2.3212536217881365
7053,0.9975854393541453,-0.0022968004444878934,,0.004023088663830063,2.320789644151781
7054,0.9975808452702065,-0.0022540333580505084,,0.003947655823470388,2.320325760171234
7055,0.9975763367213877,-0.002211268724722436,,0.0038722471799097578,2.319861969813284
7056,0.9975719137028232,-0.0021685078800320404,,0.0037968650639108644,2.3193982730447193
7057,0.9975675762069766,-0.002125752157407551,,0.003721511801327972,2.318934669832269
7058,0.9975633242236448,-0.0020830028881352173,,0.0036461897130365415,2.318471160142373
7059,0.9975591577399627,-0.0020402614013255247,,0.0035709011148776426,2.3180077439417595
7060,0.9975550767404071,-0.001997529023873579,,0.0034956483175911683,2.317544421196692
7061,0.9975510812068011,-0.001954807080423068,,0.0034204336267565105,2.317081191873691
7062,0.997547171118319,-0.0019120968933280388,,0.0033452593427284417,2.316618055938948
7063,0.9975433464514907,-0.0018693997826201892,,0.0032701277605835144,2.316155013358787
7064,0.9975396071802061,-0.001826717065965314,,0.003195041170046937,2.3156920640993683
7065,0.9975359532757202,-0.0017840500586289727,,0.0031200018554359186,2.315229208126741
7066,0.9975323847066577,-0.0017414000734427908,,0.0030450120956042694,2.314766445407072
7067,0.9975289014390181,-0.0016987684207644504,,0.002970074163875569,2.31430377590621
7068,0.9975255034361801,-0.0016561564084431066,,0.0028951903279865517,2.313841199590273
7069,0.9975221906589071,-0.0016135653417811038,,0.0028203628500232387,2.3133787164249644
7070,0.9975189630653525,-0.0015709965235012014,,0.002745593986367612,2.3129163263762362
7071,0.997515820611064,-0.0015284512537069837,,0.002670885987631733,2.312454029409857
7072,0.9975127632489899,-0.0014859308298471273,,0.00259624109859899,2.3119918254915133
7073,0.9975097909294832,-0.0014434365466819174,,0.002521661558169331,2.3115297145869573
7074,0.9975069036003084,-0.0014009696962455488,,0.0024471495992969736,2.311067696661772
7075,0.9975041012066457,-0.0013585315678118393,,0.0023727074489344226,2.310605771681694
7076,0.9975013836910972,-0.0013161234478580057,,0.0022983373279727064,2.3101439396121006
7077,0.9974987509936922,-0.001273746620031265,,0.0022240414511872256,2.3096822004187048
7078,0.9974962030518932,-0.0012314023651104399,,0.0021498220271742533,2.309220554066955
7079,0.9974937398006012,-0.0011890919609702966,,0.002075681258292684,2.3087590005222594
7080,0.9974913611721618,-0.0011468166825509645,,0.0020016213406146488,2.3082975397501477
7081,0.9974890670963708,-0.0011045778018211603,,0.0019276444638651512,2.3078361717159677
7082,0.9974868575004806,-0.0010623765877434371,,0.0018537528113655585,2.3073748963851934
7083,0.9974847323092059,-0.001020214306237332,,0.00177994855997318,2.3069137137230618
7084,0.9974826914447297,-0.0009780922201500215,,0.0017062338800343468,2.306452623695062
7085,0.9974807348267096,-0.0009360115892179297,,0.0016326109353213508,2.3059916262664424
7086,0.9974788623722841,-0.0008939736700324432,,0.0015590818829769122,2.305530721402513
7087,0.9974770739960785,-0.0008519797160080839,,0.001485648873462851,2.305069909068639
7088,0.9974753696102119,-0.0008100309773484499,,0.001412314050504836,2.304609189230005
7089,0.997473749124303,-0.0007681287010111884,,0.0013390795510357047,2.3041485618520228
7090,0.9974722124454768,-0.0007262741306734874,,0.0012659475051394395,2.3036880268998345
7091,0.9974707594783714,-0.0006844685067034675,,0.001192920036005775,2.303227584338778
7092,0.9974693901251444,-0.0006427130661221127,,0.0011199992598681277,2.302767234134125
7093,0.9974681042854793,-0.0006010090425697954,,0.0010471872859496734,2.3023069762511033
7094,0.997466901856593,-0.0005593576662765412,,0.0009744862164159985,2.301846810654997
7095,0.9974657827332419,-0.0005177601640297471,,0.0009018981463232963,2.3013867373110295
7096,0.9974647468077293,-0.0004762177591373527,,0.0008294251635587672,2.300926756184595
7097,0.9974637939699119,-0.00043473167139739986,,0.0007570693487920517,2.3004668672408175
7098,0.9974629241072072,-0.0003933031170648517,,0.0006848327754221211,2.300007070445074
7099,0.9974621371046002,-0.0003519333088193712,,0.0006127175095257206,2.299547365762707
7100,0.9974614328446512,-0.0003106234557343299,,0.0005407256098080476,2.299087753158923
7101,0.9974608112075022,-0.000269374763243982,,0.0004688591275503293,2.2986282325991447
7102,0.9974602720708848,-0.00022818843311357253,,0.00039712010656245747,2.298168804048675
7103,0.9974598153101273,-0.00018706566340423033,,0.000325510583126659,2.2977094674729317
7104,0.997459440798162,-0.00014600764844091243,,0.0002540325859464744,2.2972502228372544
7105,0.9974591484055328,-0.00010501557878566195,,0.000182688136105054,2.2967910701070804
7106,0.997458938000403,-6.409064120363774e-05,,0.00011147924701089242,2.296332009247889
7107,0.997458809448562,-2.323401863054025e-05,,4.040792434604082e-05,2.2958730402250915
7108,0.9974587626134342,1.7553109857380723e-05,,-3.052383398114227e-05,2.295414163004255
7109,0.9974587973560858,5.8269569071704006e-05,,-0.00010131403788040469,2.2949553775508336
7110,0.9974589135352326,9.891418774479482e-05,,-0.00017196070513193743,2.2944966838304843
7111,0.9974591110072486,0.0001394857985603951,,-0.00024246186143455197,2.294038081808788
7112,0.9974593896261731,0.0001799832381842426,,-0.00031281554045386556,2.2935795714513088
7113,0.9974597492437188,0.00022040534729288611,,-0.00038301978386733623,2.2931211527238613
7114,0.9974601897092804,0.00026075097060490094,,-0.0004530726414133885,2.2926628255920947
7115,0.9974607108699419,0.000301018956910936,,-0.0005229721709385118,2.292204590021778
7116,0.9974613125704853,0.00034120815910102843,,-0.0005927164384395569,2.2917464459787507
7117,0.9974619946533986,0.00038131743419619565,,-0.0006623035181134251,2.2912883934288906
7118,0.9974627569588838,0.00042134564338095105,,-0.0007317314924083214,2.2908304323380997
7119,0.9974635993248657,0.00046129165202752123,,-0.0008009984520605583,2.2903725626723017
7120,0.9974645215870002,0.0005011543297246848,,-0.0008701024961393826,2.2899147843976033
7121,0.9974655235786821,0.000540932550309243,,-0.0009390417320962615,2.289457097480018
7122,0.9974666051310547,0.0005806251918956574,,-0.0010078142758110343,2.288999501885703
7123,0.9974677660730171,0.0006202311369038024,,-0.0010764182516346942,2.2885419975808516
7124,0.997469006231234,0.0006597492720850695,,-0.0011448517924292955,2.288084584531693
7125,0.9974703254301435,0.0006991784885542768,,-0.0012131130396179322,2.28762726270462
7126,0.9974717234919661,0.0007385176818159462,,-0.0012812001432248041,2.287170032065918
7127,0.9974732002367138,0.0007777657517924159,,-0.0013491112619185871,2.2867128925820808
7128,0.9974747554821983,0.0008169216028507657,,-0.0014168445630535892,2.2862558442196748
7129,0.9974763890440405,0.000855984143832593,,-0.0014843982227158176,2.2857988869452046
7130,0.9974781007356788,0.0008949522880791673,,-0.0015517704257610977,2.2853420207253623
7131,0.9974798903683788,0.0009338249534581582,,-0.0016189593658557937,2.2848852455269015
7132,0.997481757751242,0.0009726010623953228,,-0.0016859632455261105,2.2844285613166257
7133,0.9974837026912149,0.001011279541899564,,-0.001752780276195882,2.2839719680613877
7134,0.9974857249930981,0.0010498593235861357,,-0.0018194086782211362,2.283515465728172
7135,0.9974878244595555,0.0010883393437057767,,-0.0018858466809348715,2.283059054284046
7136,0.9974900008911242,0.001126718543172354,,-0.0019520925226891948,2.282602733696099
7137,0.9974922540862227,0.0011649958675894762,,-0.0020181444508957213,2.2821465039315605
7138,0.9974945838411611,0.0012031702672736354,,-0.002084000722059837,2.281690364957707
7139,0.9974969899501505,0.0012412406972817105,,-0.0021496596018225687,2.2812343167419487
7140,0.997499472205312,0.0012792061174380952,,-0.0022151193650016936,2.280778359251758
7141,0.9975020303966866,0.0013170654923577794,,-0.002280378295625829,2.280322492454628
7142,0.9975046643122448,0.0013548177914735008,,-0.0023454346869756604,2.2798667163183013
7143,0.997507373737896,0.0013924619890615859,,-0.0024102868416226372,2.2794110308104987
7144,0.9975101584574984,0.0014299970642665818,,-0.0024749330714657044,2.2789554358990003
7145,0.9975130182528684,0.001467422001124244,,-0.0025393716977652123,2.278499931551812
7146,0.997515952903791,0.0015047357885868311,,-0.002603601051180595,2.2780445177369533
7147,0.997518962188029,0.001541937420551506,,-0.0026676194718135405,2.277589194422542
7148,0.9975220458813333,0.0015790258958810958,,-0.002731425309237882,2.2771339615768125
7149,0.9975252037574524,0.0016160002184265323,,-0.0027950169225323448,2.276678819168105
7150,0.9975284355881427,0.001652859397055021,,-0.002858392680323202,2.2762237671648777
7151,0.9975317411431789,0.0016896024456730422,,-0.0029215509608179046,2.2757688055356606
7152,0.9975351201903632,0.0017262283832505314,,-0.0029844901518407793,2.275313934249077
7153,0.9975385724955359,0.0017627362338412797,,-0.003047208650862193,2.2748591532739257
7154,0.9975420978225856,0.0017991250266089604,,-0.0031097048650373126,2.2744044625790836
7155,0.9975456959334595,0.0018353937958509228,,-0.003171977211240997,2.2739498621334704
7156,0.9975493665881734,0.0018715415810160643,,-0.003234024116092577,2.2734953519062078
7157,0.997553109544822,0.001907567426734002,,-0.0032958440159999614,2.2730409318665337
7158,0.9975569245595896,0.0019434703828358634,,-0.0033574353571892215,2.272586601983711
7159,0.99756081138676,0.001979249504374913,,-0.0034187965957340498,2.2721323622271785
7160,0.9975647697787274,0.002014903851649267,,-0.003479926197588653,2.2716782125665147
7161,0.9975687994860069,0.0020504324902235476,,-0.003540822638618775,2.27122415297137
7162,0.9975729002572442,0.0020858344909562947,,-0.003601484404642732,2.2707701834115364
7163,0.9975770718392275,0.002121108930014586,,-0.00366190999145024,2.270316303856894
7164,0.9975813139768971,0.002156254888897372,,-0.0037220979048363623,2.2698625142774955
7165,0.9975856264133564,0.002191271454458326,,-0.0037820466606345157,2.269408814643515
7166,0.9975900088898826,0.002226157718926461,,-0.0038417547847455495,2.268955204925173
7167,0.9975944611459375,0.0022609127799277182,,-0.0039012208131686604,2.2685016850928825
7168,0.9975989829191783,0.0022955357405036445,,-0.003960443292027127,2.2680482551172165
7169,0.997603573945468,0.0023300257091345214,,-0.004019420777601608,2.2675949149687806
7170,0.9976082339588871,0.0023643817997589674,,-0.004078151836357551,2.2671416646183453
7171,0.9976129626917438,0.002398603131791507,,-0.00413663504496899,2.2666885040368667
7172,0.9976177598745852,0.0024326888301479874,,-0.004194868990355705,2.2662354331953583
7173,0.9976226252362084,0.002466638025262654,,-0.0042528522697061946,2.265782452064997
7174,0.9976275585036712,0.002500449853106748,,-0.004310583490503103,2.2653295606170736
7175,0.9976325594023038,0.002534123455206951,,-0.00436806127054844,2.264876758823029
7176,0.9976376276557191,0.002567657978666882,,-0.0044252842379940436,2.2644240466544785
7177,0.9976427629858244,0.0026010525761897695,,-0.0044822510313738545,2.2639714240830644
7178,0.9976479651128326,0.002634306406092001,,-0.004538960299620788,2.2635188910806368
7179,0.997653233755273,0.0026674186323210713,,-0.004595410702090958,2.2630664476192384
7180,0.9976585686300031,0.00270038842447981,,-0.004651600908598541,2.2626140936709196
7181,0.9976639694522195,0.0027332149578398915,,-0.0047075295994325455,2.2621618292079515
7182,0.9976694359354692,0.0027658974133625515,,-0.004763195465385678,2.2617096542027455
7183,0.9976749677916614,0.0027984349777148733,,-0.004818597207775621,2.261257568627821
7184,0.9976805647310787,0.002830826843288567,,-0.004873733538470665,2.2608055724558813
7185,0.9976862264623882,0.00286307220821786,,-0.004928603179913613,2.26035366565969
7186,0.9976919526926536,0.0028951702763937255,,-0.004983204865139671,2.2599018482122464
7187,0.9976977431273463,0.0029271202574864515,,-0.005037537337808352,2.2594501200866794
7188,0.9977035974703568,0.0029589213669619125,,-0.0050915993522245824,2.2589984812561696
7189,0.9977095154240067,0.0029905728260932003,,-0.005145389673352076,2.2585469316941427
7190,0.9977154966890602,0.0030220738619812643,,-0.0051989070768418645,2.258095471374151
7191,0.9977215409647359,0.003053423707570875,,-0.0052521503490528705,2.2576441002698577
7192,0.9977276479487177,0.003084621601668633,,-0.005305118287076059,2.257192818355096
7193,0.9977338173371676,0.0031156667889560455,,-0.005357809698749978,2.2567416256038215
7194,0.9977400488247367,0.0031465585200043437,,-0.005410223402679426,2.2562905219902003
7195,0.9977463421045772,0.0031772960512938897,,-0.005462358228261744,2.255839507488486
7196,0.9977526968683544,0.003207878645229047,,-0.005514213015705492,2.2553885820730617
7197,0.9977591128062583,0.0032383055701498435,,-0.0055657866160436715,2.254937745718548
7198,0.9977655896070154,0.0032685761003531278,,-0.005617077891162929,2.25448699839965
7199,0.997772126957901,0.0032986895161024594,,-0.005668085713813661,2.25403634009123
7200,0.9977787245447506,0.00332864510364475,,-0.005718808967631601,2.2535857707682934
7201,0.9977853820519723,0.003358442155223081,,-0.005769246547152879,2.253135290406029
7202,0.9977920991625586,0.003388079969092739,,-0.005819397357834519,2.2526848989797856
7203,0.9977988755580985,0.003417557849538275,,-0.005869260316076604,2.252234596464984
7204,0.9978057109187894,0.003446875106880462,,-0.00591883434922736,2.251784382837269
7205,0.9978126049234494,0.003476031057492951,,-0.005968118395604649,2.2513342580724505
7206,0.997819557249529,0.0035050250238187683,,-0.006017111404517112,2.2508842221464307
7207,0.9978265675731237,0.0035338563343818713,,-0.006065812336277076,2.2504342750353055
7208,0.9978336355689861,0.003562524323799951,,-0.006114220162215344,2.249984416715295
7209,0.9978407609105376,0.003591028332795454,,-0.006162333864693113,2.2495346471628253
7210,0.9978479432698812,0.0036193677082106655,,-0.006210152437120659,2.2490849663544488
7211,0.9978551823178134,0.0036475418030212916,,-0.0062576748839734565,2.2486353742668053
7212,0.9978624777238366,0.003675549976344435,,-0.006304900220798995,2.248185870876816
7213,0.9978698291561712,0.0037033915934553473,,-0.006351827474238106,2.2477364561614834
7214,0.9978772362817679,0.0037310660257981344,,-0.0063984556820362425,2.2472871300979396
7215,0.9978846987663207,0.0037585726509953826,,-0.006444783893052954,2.2468378926635384
7216,0.9978922162742782,0.003785910852861104,,-0.006490811167276738,2.246388743835733
7217,0.9978997884688565,0.0038130800214134096,,-0.006536536575839761,2.2459396835921868
7218,0.997907415012052,0.0038400795528856046,,-0.006581959201029555,2.2454907119106773
7219,0.9979150955646531,0.003866908849735879,,-0.0066270781362984124,2.2450418287690965
7220,0.997922829786253,0.0038935673206547754,,-0.006671892486269266,2.2445930341456286
7221,0.9979306173352622,0.003920054380581245,,-0.006716401366755597,2.2441443280184856
7222,0.9979384578689209,0.003946369450712184,,-0.006760603904770753,2.2436957103660493
7223,0.9979463510433113,0.003972511958509756,,-0.0068044992385334,2.2432471811669417
7224,0.9979542965133708,0.003998481337713481,,-0.006848086517480692,2.2427987403998424
7225,0.9979622939329036,0.004024277028348907,,-0.006891364902276157,2.242350388043658
7226,0.9979703429545942,0.004049898476738708,,-0.006934333564821275,2.2419021240774066
7227,0.9979784432300193,0.004075345135510053,,-0.006976991688260883,2.241453948480244
7228,0.9979865944096606,0.0041006164636052354,,-0.00701933846699432,2.241005861231596
7229,0.9979947961429179,0.004125711926291676,,-0.007061373106684867,2.2405578623108955
7230,0.9980030480781207,0.004150630995168006,,-0.007103094824263203,2.2401099516977823
7231,0.9980113498625419,0.004175373148170715,,-0.007144502847931564,2.239662129372137
7232,0.9980197011424101,0.0041999378695887785,,-0.007185596417181131,2.239214395313862
7233,0.9980281015629221,0.0042243246500682854,,-0.007226374782793029,2.238766749503104
7234,0.9980365507682556,0.004248532986621412,,-0.007266837206846167,2.2383191919201257
7235,0.9980450484015824,0.0042725623826310715,,-0.007306982962717932,2.237871722545334
7236,0.9980535941050805,0.00429641234786108,,-0.007346811335094458,2.2374243413593766
7237,0.9980621875199476,0.00432008239846567,,-0.007386321619979184,2.236977048342918
7238,0.998070828286413,0.004343572056993189,,-0.007425513124692232,2.2365298434768452
7239,0.9980795160437512,0.00436688085239242,,-0.007464385167873894,2.2360827267422767
7240,0.9980882504302941,0.004390008320023054,,-0.0075029370794948425,2.235635698120327
7241,0.9980970310834442,0.00441295400165765,,-0.007541168200852574,2.235188757592368
7242,0.998105857639687,0.004435717445491265,,-0.0075790778845803595,2.2347419051399133
7243,0.9981147297346044,0.004458298206147343,,-0.007616665494649906,2.234295140744579
7244,0.998123647002887,0.004480695844683469,,-0.007653930406374097,2.2338484643882235
7245,0.9981326090783476,0.0045029099285974275,,-0.007690872006409645,2.2334018760527368
7246,0.9981416155939331,0.004524940031830008,,-0.007727489692754867,2.232955375720227
7247,0.9981506661817385,0.004546785734771002,,-0.007763782874752587,2.2325089633730215
7248,0.9981597604730191,0.004568446624269564,,-0.007799750973100102,2.232062638993437
7249,0.9981688980982035,0.004589922293634175,,-0.007835393419842214,2.2316164025640415
7250,0.9981780786869066,0.00461121234263607,,-0.007870709658369633,2.231170254067581
7251,0.9981873018679425,0.0046323163775172016,,-0.007905699143424967,2.2307241934868456
7252,0.9981965672693374,0.004653234010992709,,-0.00794036134109998,2.2302782208048786
7253,0.9982058745183428,0.004673964862258415,,-0.00797469572884068,2.2298323360047863
7254,0.9982152232414478,0.00469450855698969,,-0.008008701795438252,2.2293865390698477
7255,0.9982246130643931,0.0047148647273478565,,-0.008042379041032725,2.2289408299835696
7256,0.9982340436121828,0.004735033011984786,,-0.008075726977113036,2.228495208729451
7257,0.9982435145090982,0.004755013056043384,,-0.00810874512651095,2.2280496752912207
7258,0.9982530253787104,0.0047748045111616665,,-0.008141433023400634,2.2276042296528225
7259,0.9982625758438933,0.004794407035477984,,-0.008173790213299798,2.227158871798183
7260,0.998272165526837,0.0048138202936309086,,-0.008205816253062674,2.226713601711494
7261,0.99828179404906,0.00483304395676203,,-0.00823751071087714,2.226268419377055
7262,0.9982914610314232,0.004852077702518346,,-0.008268873166261449,2.225823324779265
7263,0.998301166094142,0.004870921215055466,,-0.008299903210062621,2.2253783179027753
7264,0.9983109088567997,0.004889574185041307,,-0.00833060044445494,2.224933398732233
7265,0.9983206889383607,0.004908036309654096,,-0.008360964482929575,2.2244885672524877
7266,0.9983305059571831,0.004926307292583424,,-0.008390994950289117,2.2240438234486266
7267,0.9983403595310321,0.004944386844034909,,-0.008420691482647657,2.2235991673056876
7268,0.9983502492770927,0.004962274680729165,,-0.008450053727422266,2.223154598808962
7269,0.9983601748119831,0.004979970525903329,,-0.008479081343328067,2.2227101179438966
7270,0.9983701357517674,0.004997474109312107,,-0.008507774000372476,2.222265724695966
7271,0.9983801317119685,0.005014785167226589,,-0.008536131379846296,2.221821419050912
7272,0.9983901623075816,0.005031903442437422,,-0.008564153174321345,2.2213772009944974
7273,0.998400227153087,0.005048828684251518,,-0.008591839087637788,2.2209330705126407
7274,0.998410325862463,0.005065560648494504,,-0.008619188834901178,2.2204890275915083
7275,0.9984204580491993,0.005082099097511047,,-0.008646202142475117,2.2200450722172125
7276,0.9984306233263094,0.005098443800161673,,-0.00867287874796909,2.21960120437609
7277,0.9984408213063442,0.0051145945318210075,,-0.0086992184002281,2.2191574240546763
7278,0.9984510516014048,0.005130551074381295,,-0.008725220859330972,2.2187137312394842
7279,0.9984613138231556,0.005146313216248628,,-0.00875088589657714,2.218270125917272
7280,0.9984716075828372,0.005161880752343223,,-0.008776213294479529,2.2178266080748803
7281,0.9984819324912794,0.005177253484095377,,-0.008801202846750419,2.217383177699237
7282,0.9984922881589146,0.005192431219444341,,-0.008825854358292548,2.216939834777513
7283,0.9985026741957901,0.005207413772838539,,-0.008850167645191736,2.2164965792968685
7284,0.9985130902115819,0.005222200965232581,,-0.008874142534704874,2.2160534112446175
7285,0.998523535815607,0.005236792624083149,,-0.00889777886524581,2.2156103306083033
7286,0.9985340106168372,0.005251188583350162,,-0.008921076486379608,2.215167337375447
7287,0.9985445142239111,0.005265388683489896,,-0.008944035258804,2.214724431533742
7288,0.9985550462451478,0.005279392771453064,,-0.008966655054338862,2.2142816130710474
7289,0.9985656062885598,0.005293200700683161,,-0.008988935755915937,2.2138388819752572
7290,0.9985761939618658,0.005306812331113367,,-0.009010877257566654,2.2133962382344503
7291,0.9985868088725036,0.005320227529162857,,-0.009032479464408457,2.2129536818367916
7292,0.9985974506276434,0.005333446167732265,,-0.009053742292629839,2.212511212770512
7293,0.9986081188342004,0.005346468126197705,,-0.009074665669473356,2.2120688310240713
7294,0.998618813098848,0.005359293290411809,,-0.009095249533229778,2.2116265365859538
7295,0.9986295330280307,0.00537192155269742,,-0.009115493833220306,2.2111843294447246
7296,0.9986402782279769,0.005384352811839355,,-0.009135398529775744,2.2107422095891702
7297,0.9986510483047117,0.005396586973084574,,-0.009154963594229189,2.210300177008098
7298,0.9986618428640706,0.005408623948133764,,-0.009174189008894808,2.2098582316904305
7299,0.998672661511711,0.005420463655139124,,-0.009193074767057031,2.20941637362525
7300,0.9986835038531265,0.005432106018698864,,-0.009211620872953803,2.208974602801659
7301,0.9986943694936591,0.005443550969850144,,-0.009229827341757804,2.2085329192089413
7302,0.9987052580385118,0.00545479844606403,,-0.009247694199560631,2.208091322836474
7303,0.9987161690927624,0.005465848391240237,,-0.009265221483356593,2.207649813673646
7304,0.9987271022613752,0.005476700755698727,,-0.009282409241021802,2.207208391710063
7305,0.9987380571492148,0.005487355496176657,,-0.009299257531301619,2.206767056935394
7306,0.9987490333610584,0.005497812575822353,,-0.009315766423793292,2.2063258093393427
7307,0.9987600305016086,0.005508071964185283,,-0.009331935998922203,2.2058846489117894
7308,0.9987710481755064,0.0055181336372106884,,-0.009347766347925494,2.205443575642672
7309,0.9987820859873442,0.0055279975772323285,,-0.009363257572832785,2.20500258952202
7310,0.9987931435416779,0.005537663772966142,,-0.009378409786448513,2.204561690539989
7311,0.9988042204430403,0.005547132219504608,,-0.00939322311233513,2.2041208786867608
7312,0.9988153162959533,0.005556402918305,,-0.00940769768478647,2.2036801539526567
7313,0.9988264307049414,0.005565475877183986,,-0.009421833648811561,2.2032395163281127
7314,0.9988375632745433,0.005574351110310146,,-0.009435631160114748,2.2027989658035736
7315,0.9988487136093257,0.005583028638194134,,-0.00944909038507232,2.2023585023696075
7316,0.9988598813138954,0.005591508487681908,,-0.009462211500714132,2.201918126016911
7317,0.9988710659929118,0.005599790691945108,,-0.009474994694700112,2.201477836736196
7318,0.9988822672511,0.005607875290472423,,-0.009487440165298958,2.2010376345182863
7319,0.9988934846932632,0.005615762329060766,,-0.009499548121366247,2.200597519354096
7320,0.9989047179242955,0.005623451859807232,,-0.009511318782323832,2.20015749123459
7321,0.9989159665491939,0.005630943941098186,,-0.009522752378134674,2.1997175501508544
7322,0.9989272301730717,0.005638238637603015,,-0.009533849149285225,2.1992776960940197
7323,0.9989385084011704,0.005645336020260923,,-0.009544609346756263,2.198837929055267
7324,0.9989498008388725,0.005652236166269475,,-0.009555033231996884,2.1983982490259217
7325,0.9989611070917143,0.005658939159079556,,-0.009565121076908918,2.1979586559973447
7326,0.9989724267653975,0.005665445088382512,,-0.00957487316381839,2.1975191499609377
7327,0.9989837594658029,0.005671754050100207,,-0.009584289785452088,2.1970797309082153
7328,0.9989951047990017,0.005677866146374874,,-0.009593371244913506,2.196640398830759
7329,0.9990064623712688,0.0056837814855570145,,-0.009602117855655606,2.1962011537201924
7330,0.9990178317890945,0.005689500182194922,,-0.009610529941456438,2.1957619955682244
7331,0.9990292126591978,0.005695022357024582,,-0.009618607836395298,2.1953229243666152
7332,0.9990406045885375,0.0057003481369570915,,-0.009626351884824767,2.194883940107193
7333,0.9990520071843257,0.005705477655068506,,-0.009633762441346923,2.194445042781871
7334,0.9990634200540397,0.005710411050586739,,-0.009640839870784382,2.194006232382584
7335,0.999074842805434,0.005715148468879737,,-0.009647584548153744,2.1935675089013227
7336,0.999086275046553,0.0057196900614439146,,-0.00965399685863956,2.193128872330199
7337,0.999097716385743,0.005724035985892377,,-0.009660077197567557,2.192690322661324
7338,0.9991091664316646,0.005728186405941789,,-0.009665825970375925,2.1922518598868477
7339,0.9991206247933048,0.005732141491400104,,-0.00967124359258821,2.1918134839990366
7340,0.999132091079989,0.005735901418152427,,-0.009676330489782614,2.1913751949901696
7341,0.9991435649013936,0.005739466368149986,,-0.009681087097566921,2.1909369928525657
7342,0.9991550458675577,0.005742836529397515,,-0.009685513861550754,2.190498877578638
7343,0.9991665335888953,0.005746012095938718,,-0.009689611237314308,2.190060849160787
7344,0.9991780276762076,0.005748993267841512,,-0.009693379690377165,2.189622907591496
7345,0.9991895277406946,0.005751780251186007,,-0.009696819696171522,2.18918505286333
7346,0.9992010333939676,0.005754373258048898,,-0.009699931740009124,2.188747284968803
7347,0.9992125442480608,0.005756772506491733,,-0.009702716317055332,2.188309603900525
7348,0.9992240599154436,0.005758978220546344,,-0.009705173932298158,2.187872009651201
7349,0.9992355800090321,0.0057609906301999214,,-0.009707305100516301,2.1874345022134642
7350,0.9992471041422015,0.005762809971380414,,-0.009709110346248533,2.186997081580046
7351,0.9992586319287976,0.005764436485941179,,-0.009710590203761391,2.186559747743747
7352,0.9992701629831487,0.005765870421646609,,-0.009711745217018335,2.1861225006973135
7353,0.9992816969200777,0.005767112032157173,,-0.009712575939648587,2.1856853404336096
7354,0.9992932333549135,0.00576816157701484,,-0.009713082934916038,2.185248266945513
7355,0.9993047719035029,0.005769019321626261,,-0.009713266775684478,2.184811280225848
7356,0.9993163121822224,0.005769685537247825,,-0.009713128044386642,2.184374380267605
7357,0.9993278538079898,0.005770160500969831,,-0.009712667332990857,2.1839375670637438
7358,0.999339396398276,0.0057704444957012435,,-0.009711885242969103,2.183500840607161
7359,0.9993509395711163,0.005770537810153092,,-0.009710782385263348,2.1830642008909287
7360,0.9993624829451224,0.0057704407388216835,,-0.009709359380250651,2.182627647908078
7361,0.9993740261394938,0.005770153581972331,,-0.009707616857709564,2.1821911816515867
7362,0.999385568774029,0.005769676645622773,,-0.009705555456786585,2.181754802114602
7363,0.9993971104691376,0.005769010241527445,,-0.009703175825963003,2.181318509290185
7364,0.9994086508458515,0.005768154687159947,,-0.009700478623019466,2.180882303171387
7365,0.9994201895258361,0.005767110305695792,,-0.009697464515001296,2.1804461837514357
7366,0.999431726131402,0.005765877425993937,,-0.009694134178180637,2.18001015102341
7367,0.9994432602855161,0.005764456382580166,,-0.009690488298022859,2.1795742049804065
7368,0.9994547916118133,0.00576284751562983,,-0.009686527569151906,2.1791383456157156
7369,0.9994663197346074,0.005761051170951194,,-0.009682252695315452,2.1787025729224405
7370,0.9994778442789026,0.005759067699966294,,-0.009677664389347251,2.1782668868937183
7371,0.9994893648704047,0.005756897459693041,,-0.009672763373131424,2.1778312875228583
7372,0.999500881135532,0.0057545408127264545,,-0.009667550377564178,2.177395774802977
7373,0.999512392701427,0.005751998127220509,,-0.009662026142517995,2.176960348727267
7374,0.9995238991959667,0.005749269776869214,,-0.009656191416804094,2.176525009289042
7375,0.9995354002477748,0.00574635614088922,,-0.00965004695813656,2.176089756481396
7376,0.9995468954862314,0.005743257603999253,,-0.009643593533092826,2.1756545902975692
7377,0.9995583845414852,0.005739974556402461,,-0.00963683191707804,2.1752195107308814
7378,0.9995698670444636,0.0057365073937663035,,-0.009629762894284804,2.174784517774402
7379,0.9995813426268843,0.005732856517203389,,-0.009622387257656188,2.1743496114213823
7380,0.9995928109212655,0.005729022333253069,,-0.009614705808848815,2.173914791665131
7381,0.9996042715609375,0.005725005253860176,,-0.009606719358190801,2.1734800584987006
7382,0.9996157241800525,0.005720805696355348,,-0.009598428724644028,2.173045411915349
7383,0.9996271684135966,0.005716424083435634,,-0.009589834735765516,2.1726108519083347
7384,0.9996386038973993,0.005711860843143595,,-0.009580938227666199,2.1721763784706836
7385,0.9996500302681454,0.005707116408849442,,-0.009571740044976408,2.1717419915956677
7386,0.9996614471633843,0.005702191219227874,,-0.009562241040800725,2.171307691276486
7387,0.999672854221542,0.005697085718238719,,-0.009552442076679605,2.170873477506107
7388,0.9996842510819304,0.0056918003551054315,,-0.009542344022548978,2.1704393502778
7389,0.9996956373847588,0.005686335584294147,,-0.009531947756698638,2.17000530958471
7390,0.9997070127711436,0.0056806918654937295,,-0.009521254165733132,2.1695713554197478
7391,0.9997183768831195,0.005674869663594135,,-0.009510264144531193,2.1691374877761445
7392,0.9997297293636492,0.005668869448665798,,-0.009498978596204747,2.1687037066469723
7393,0.9997410698566342,0.00566269169593706,,-0.009487398432055556,2.1682700120250953
7394,0.999752398006925,0.005656336885771704,,-0.009475524571533367,2.167836403903701
7395,0.999763713460331,0.005649805503648612,,-0.009463357942195291,2.1674028822757596
7396,0.9997750158636316,0.005643098040139327,,-0.009450899479663,2.16696944713407
7397,0.9997863048645853,0.005636214990886671,,-0.00943815012758275,2.1665360984717807
7398,0.9997975801119408,0.005629156856582234,,-0.00942511083758101,2.1661028362817536
7399,0.9998088412554461,0.00562192414294337,,-0.009411782569221018,2.1656696605567003
7400,0.9998200879458597,0.005614517360691924,,-0.009398166289963069,2.1652365712897086
7401,0.9998313198349597,0.0056069370255308415,,-0.009384262975118659,2.164803568473541
7402,0.9998425365755539,0.0055991836581219135,,-0.00937007360780846,2.164370652100819
7403,0.9998537378214901,0.005591257784061113,,-0.009355599178917037,2.1639378221645393
7404,0.9998649232276656,0.0055831599338572084,,-0.009340840687050364,2.1635050786573418
7405,0.9998760924500372,0.005574890642908487,,-0.009325799138492363,2.163072421571769
7406,0.9998872451456308,0.005566450451478582,,-0.009310475547160394,2.1626398509007245
7407,0.9998983809725513,0.005557839904674726,,-0.009294870934562213,2.162207366636705
7408,0.9999094995899924,0.005549059552423987,,-0.00927898632975196,2.161774968772146
7409,0.9999206006582457,0.005540109949447469,,-0.009262822769283004,2.1613426572998597
7410,0.9999316838387108,0.005530991655237048,,-0.009246381297162305,2.160910432212201
7411,0.9999427487939047,0.005521705234032663,,-0.00922966296480844,2.1604782935014817
7412,0.999953795187471,0.005512251254796864,,-0.009212668831005064,2.160046241160398
7413,0.9999648226841898,0.005502630291193242,,-0.00919539996185819,2.159614275181163
7414,0.9999758309499871,0.005492842921559452,,-0.009177857430747243,2.1591823955559715
7415,0.9999868196519434,0.005482889728882643,,-0.009160042318280017,2.158750602277376
7416,0.9999977884583038,0.00547277130077579,,-0.009141955712246564,2.158318895337433
7417,1.000008737038487,0.005462488229453311,,-0.009123598707574801,2.1578872747282123
7418,1.0000196650630941,0.005452041111704717,,-0.009104972406282495,2.157455740442134
7419,1.0000305722039189,0.0054414305488702346,,-0.009086077917430005,2.1570242924710774
7420,1.0000414581339552,0.005430657146817951,,-0.009066916357078686,2.1565929308069607
7421,1.0000523225274076,0.0054197215159142095,,-0.00904748884823754,2.1561616554420717
7422,1.0000631650596992,0.005408624271002281,,-0.009027796520821028,2.15573046636812
7423,1.0000739854074814,0.0053973660313749615,,-0.009007840511600093,2.1552993635768622
7424,1.0000847832486421,0.00538594742074841,,-0.00898762196415462,2.1548683470604186
7425,1.0000955582623157,0.005374369067238223,,-0.008967142028827039,2.154437416810328
7426,1.00010631012889,0.005362631603331303,,-0.00894640186267227,2.1540065728181905
7427,1.0001170385300169,0.005350735665860804,,-0.00892540262941208,2.1535758150759547
7428,1.0001277431486197,0.005338681895982,,-0.008904145499388439,2.153145143574965
7429,1.0001384236689028,0.005326470939145023,,-0.008882631649515107,2.1527145583066476
7430,1.0001490797763593,0.00531410344506682,,-0.008860862263227088,2.15228405926279
7431,1.0001597111577798,0.0053015800677063294,,-0.008838838530432857,2.1518536464345352
7432,1.0001703175012615,0.005288901465237176,,-0.00881656164746607,2.151423319813113
7433,1.0001808984962162,0.005276068300020561,,-0.008794032817036704,2.1509930793901417
7434,1.000191453833378,0.005263081238580951,,-0.008771253248184192,2.1505629251565708
7435,1.0002019832048132,0.005249940951576534,,-0.00874822415622549,2.1501328571034244
7436,1.0002124863039268,0.005236648113772945,,-0.0087249467627078,2.149702875222125
7437,1.000222962825472,0.005223203404018608,,-0.00870142229536119,2.1492729795034236
7438,1.0002334124655574,0.005209607505213749,,-0.008677651988044379,2.148843169938144
7439,1.0002438349216562,0.00519586110428422,,-0.00865363708069775,2.1484134465175133
7440,1.0002542298926134,0.005181964892155013,,-0.008629378819292977,2.1479838092320653
7441,1.0002645970786537,0.005167919563723529,,-0.008604878455786067,2.1475542580724003
7442,1.0002749361813903,0.005153725817829298,,-0.008580137248063693,2.1471247930295565
7443,1.0002852469038317,0.005139384357229282,,-0.008555156459895845,2.1466954140938563
7444,1.0002955289503905,0.005124895888567224,,-0.008529937360882398,2.146266121255656
7445,1.0003057820268906,0.005110261122347488,,-0.008504481226406594,2.1458369145057934
7446,1.0003160058405751,0.005095480772907991,,-0.008478789337583751,2.14540779383438
7447,1.0003262001001136,0.005080555558388287,,-0.008452862981205789,2.1449787592315266
7448,1.0003363645156107,0.005065486200703321,,-0.008426703449694798,2.144549810687852
7449,1.0003464987986124,0.005050273425517738,,-0.008400312041054129,2.1441209481932537
7450,1.0003566026621145,0.0050349179622147045,,-0.00837369005881417,2.1436921717375923
7451,1.0003666758205694,0.005019420543867365,,-0.00834683881198236,2.1432634813112776
7452,1.0003767179898941,0.00500378190721116,,-0.008319759614990945,2.142834876903972
7453,1.000386728887477,0.004988002792615401,,-0.00829245378764747,2.1424063585052675
7454,1.0003967082321854,0.00497208394405255,,-0.00826492265508141,2.1419779261053633
7455,1.0004066557443725,0.004956026109071326,,-0.008237167547693295,2.141549579693704
7456,1.000416571145885,0.004939830038767043,,-0.008209189801103111,2.141121319259605
7457,1.0004264541600696,0.004923496487751626,,-0.008180990756098466,2.140693144793021
7458,1.0004363045117803,0.004907026214127853,,-0.008152571758585737,2.140265056283187
7459,1.0004461219273855,0.004890419979457352,,-0.008123934159534487,2.1398370537191407
7460,1.0004559061347749,0.004873678548729244,,-0.00809507931492367,2.1394091370905963
7461,1.000465656863366,0.004856802690334576,,-0.008066008585693174,2.138981306386562
7462,1.0004753738441117,0.004839793176036431,,-0.008036723337691743,2.138553561595791
7463,1.0004850568095056,0.004822650780937101,,-0.008007224941621016,2.1381259027077526
7464,1.0004947054935902,0.004805376283451552,,-0.007977514772985573,2.1376983297112355
7465,1.000504319631963,0.004787970465277879,,-0.007947594212041375,2.137270842594694
7466,1.0005138989617826,0.004770434111365099,,-0.007917464643741118,2.136843441347338
7467,1.0005234432217756,0.004752768009885974,,-0.00788712745768343,2.1364161259577545
7468,1.000532952152243,0.004734972952206106,,-0.007856584048058826,2.135988896414094
7469,1.0005424254950668,0.004717049732850467,,-0.007825835813593345,2.1355617527052866
7470,1.0005518629937158,0.004698999149478193,,-0.00779488415750123,2.1351346948197096
7471,1.0005612643932524,0.004680822002852324,,-0.007763730487431797,2.134707722745226
7472,1.0005706294403387,0.004662519096804714,,-0.007732376215410632,2.134280836470479
7473,1.000579957883242,0.004644091238209783,,-0.00770082275779081,2.133854035983631
7474,1.0005892494718416,0.004625539236954926,,-0.007669071535200721,2.1334273212722445
7475,1.0005985039576346,0.0046068639059066,,-0.007637123972487475,2.133000692324665
7476,1.000607721093742,0.004588066060880969,,-0.007604981498663276,2.13257414912886
7477,1.0006169006349146,0.004569146520614372,,-0.007572645546853134,2.132147691672094
7478,1.0006260423375382,0.004550106106730414,,-0.007540117554240125,2.1317213199423843
7479,1.0006351459596403,0.004530945643712583,,-0.007507398962015507,2.1312950339275036
7480,1.000644211260895,0.004511665958872476,,-0.007474491215322429,2.1308688336144392
7481,1.0006532380026296,0.004492267882315679,,-0.007441395763199327,2.1304427189908632
7482,1.000662225947829,0.004472752246913954,,-0.007408114058529824,2.130016690044346
7483,1.0006711748611423,0.0044531198882759035,,-0.007374647557990264,2.1295907467616053
7484,1.0006800845088877,0.0044333716447110955,,-0.007340997721990249,2.1291648891299597
7485,1.0006889546590578,0.004413508357200678,,-0.007307166014620504,2.128739117136781
7486,1.0006977850813257,0.0043935308693688726,,-0.007273153903601506,2.128313430768515
7487,1.000706575547049,0.004373440027450239,,-0.007238962860229299,2.1278878300121113
7488,1.0007153258292765,0.004353236680256032,,-0.007204594359316895,2.127462314854746
7489,1.0007240357027523,0.00433292167914712,,-0.007170049879145022,2.127036885282617
7490,1.0007327049439212,0.0043124958779988875,,-0.007135330901403964,2.1266115412822777
7491,1.000741333330934,0.004291960133170345,,-0.007100438911140222,2.1261862828407003
7492,1.000749920643652,0.004271315303475915,,-0.007065375396705168,2.1257611099438543
7493,1.0007584666636522,0.004250562250149605,,-0.00703014184969555,2.1253360225778968
7494,1.0007669711742317,0.004229701836813804,,-0.006994739764900303,2.1249110207295754
