t,theta_history,theta_dot_history,theta_ddot_history,m_history,v_history
0,-1.5,1.0,-18.61702345959883,0.0,0.0
1,-1.49,0.8138297654040116,-9.181538545958276,-0.0017553241081941838,0.0008764344239891146
2,-1.48186170234596,0.7220143799444289,-3.871185048037553,-0.006214001848763798,0.0030989126146914554
3,-1.4746415585465156,0.6833025294640532,-0.9566348479706921,-0.012471072128040831,0.006212804215493548
4,-1.467808533251875,0.6737361809843464,0.578754422929042,-0.019919966213348874,0.0099145562499995
5,-1.4610711714420317,0.6795237252136368,1.3302638839961611,-0.02815382028585254,0.014001190666486415
6,-1.4542759341898954,0.6928263640535984,1.64453555823179,-0.03689951993539213,0.018336776744358473
7,-1.4473476705493595,0.7092717196359163,1.7218912216376348,-0.045973580834042384,0.022830133613355195
8,-1.4402549533530005,0.7264906318522927,1.6768637284820853,-0.05525262037900838,0.027419985719423858
9,-1.4329900470344776,0.7432592691371135,1.573938563272823,-0.06465358248736218,0.03206506789341489
10,-1.4255574543431064,0.7589986547698419,1.4486029800647504,-0.07412048684443984,0.03673752249130488
11,-1.417967467795408,0.7734846845704894,1.3196992090531579,-0.08361554509179757,0.04141848845271265
12,-1.4102326209497031,0.7866816766610208,1.19664056419305,-0.09311320157541064,0.04609515143135996
13,-1.4023658041830929,0.7986480823029514,1.0836004723367365,-0.10259613369338105,0.05075876882994919
14,-1.3943793233600634,0.8094840870263187,0.9819237025018479,-0.11205256593365563,0.05540334599904526
15,-1.3862844824898002,0.8193033240513372,0.8914980719692078,-0.12147446501963356,0.06002474779122594
16,-1.3780914492492868,0.8282183047710293,0.8115218512302524,-0.130856326310845,0.06462010147078379
17,-1.3698092662015766,0.8363335232833319,0.7409226135915725,-0.1401943571507913,0.06918739480396986
18,-1.3614459309687432,0.8437427494192475,0.6785771822512521,-0.1494859268458875,0.07372520503805748
19,-1.3530085034745507,0.8505285212417601,0.6234197643219863,-0.15872919583840933,0.0782325157527921
20,-1.344503218262133,0.85676271888498,0.5744885823369739,-0.16792286538096582,0.08270859277711519
21,-1.3359355910732833,0.8625076047083498,0.5309397798045135,-0.17706600829749017,0.08715289986214421
22,-1.3273105150262,0.8678170025063949,0.4920448355858609,-0.1861579543494053,0.09156504115559075
23,-1.318632345001136,0.8727374508622535,0.45718046802750933,-0.19519821240651863,0.09594472177717328
24,-1.3099049704925134,0.8773092555425286,0.4258158532872969,-0.2041864174509327,0.10029172064528206
25,-1.3011318779370882,0.8815674140754016,0.39749963095981666,-0.21312229435769178,0.10460587161708165
26,-1.292316203796334,0.8855424103849997,0.37184786374195866,-0.22200563302697732,0.10888705028746609
27,-1.283460779692484,0.8892608890224193,0.3485334111367955,-0.2308362712116191,0.1131351646544581
28,-1.2745681708022598,0.8927462231337872,0.3272768103659818,-0.23961408257361158,0.11735014843854649
29,-1.265640708570922,0.896018991237447,0.3078385803304151,-0.24833896830405866,0.1215319562338017
30,-1.2566805186585475,0.8990973770407512,0.29001279016801274,-0.2570108511802988,0.12568055993186159
31,-1.24768954488814,0.9019975049424314,0.27362171368406685,-0.2656296712973905,0.12979594603758454
32,-1.2386695698387156,0.904733722079272,0.2585113972149289,-0.274195382956248,0.13387811361533605
33,-1.229622232617923,0.9073188360514214,0.2445479863678912,-0.28270795235623863,0.13792707268635485
34,-1.2205490442574087,0.9097643159151003,0.23161467865085328,-0.29116735585191467,0.14194284295296056
35,-1.2114514010982578,0.912080462701609,0.21960919031952297,-0.29957357860930706,0.14592545276309904
36,-1.2023305964712416,0.9142765546048042,0.20844164506560237,-0.3079266135484984,0.14987493825441867
37,-1.1931878309251935,0.9163609710554601,0.19803280882008778,-0.31622646049422676,0.15379134263490996
38,-1.184024221214639,0.918341299143661,0.18831260891774892,-0.32447312547985946,0.15767471556914522
39,-1.1748408082232025,0.9202244252328385,0.17921888739428127,-0.33266662016653986,0.16152511264784514
40,-1.1656385639708742,0.9220166141067813,0.17069634758282604,-0.34080696135025407,0.16534259492420134
41,-1.1564183978298064,0.9237235775826095,0.16269566079660347,-0.3488941705374601,0.16912722850476966
42,-1.1471811620539802,0.9253505341905754,0.15517270604014755,-0.3569282735750832,0.17287908418553727
43,-1.1379276567120744,0.9269022612509771,0.14808792064543663,-0.36490930032443997,0.17659823712593828
44,-1.1286586340995646,0.9283831404574315,0.14140574374124526,-0.3728372843714056,0.1802847665552816
45,-1.1193748026949903,0.9297971978948439,0.13509413768362233,-0.38071226276677006,0.1839387555069604
46,-1.1100768307160418,0.9311481392716802,0.1291241751966865,-0.3885342757922942,0.18756029057690649
47,-1.100765349323325,0.932439381023647,0.12346968209132836,-0.396303366748717,0.1911494617031583
48,-1.0914409555130884,0.9336740778445602,0.11810692714706139,-0.404019581762977,0.19470636196422536
49,-1.0821042147346427,0.9348551471160309,0.11301435215268718,-0.4116829696121131,0.19823108739396897
50,-1.0727556632634825,0.9359852906375579,0.10817233625498357,-0.41929358156195706,0.2017237368112857
51,-1.0633958103571068,0.9370670140001076,0.10356298969916189,-0.42685147121901346,0.20518441166309323
52,-1.0540251402171057,0.9381026438970992,0.09916997283430096,-0.4343566943940045,0.208613215879156
53,-1.0446441137781346,0.9390943436254422,0.09497833689516622,-0.4418093089760356,0.21201025573774637
54,-1.0352531703418801,0.940044126994394,0.09097438360308185,-0.44920937481623285,0.21537563974100415
55,-1.0258527290719361,0.9409538708304247,0.08714554108384842,-0.45655695361993726,0.21870947849908334
56,-1.016443190363632,0.9418253262412631,0.08348025395645386,-0.46385210884679,0.22201188462242613
57,-1.0070249371012194,0.9426601287808276,0.07996788577219416,-0.4710949056178115,0.22528297262124705
58,-0.9975983358134112,0.9434598076385495,0.07659863223734131,-0.47828541062902113,0.22852285881177545
59,-0.9881637377370257,0.9442257939609229,0.07336344387108173,-0.4854236920709861,0.23173166122863306
60,-0.9787214797974165,0.9449594283996336,0.07025395694562508,-0.4925098195537034,0.23490949954272605
61,-0.9692718855134201,0.94566196796909,0.06726243170420254,-0.49954386403657186,0.23805649498441891
62,-0.9598152658337292,0.946334592286132,0.06438169699054086,-0.506525897762825,0.24117277027132594
63,-0.9503519199108679,0.9469784092560377,0.06160510054321833,-0.513455994198245,0.24425844954054715
64,-0.9408821358183075,0.9475944602614698,0.0589264642935694,-0.5203342279737064,0.24731365828487753
65,-0.9314061912156928,0.9481837249044055,0.05634004410475679,-0.5271606748313516,0.2503385232927851
66,-0.9219243539666487,0.948747125345453,0.053840493449053284,-0.5339354115740091,0.2533331725917556
67,-0.9124368827131942,0.9492855302799436,0.05142283059178521,-0.5406585160177868,0.25629773539493705
68,-0.9029440274103948,0.9497997585858615,0.049082408895904095,-0.5473300669473731,0.25923234205059126
69,-0.8934460298245362,0.9502905826748205,0.04681488991507443,-0.5539501440740816,0.2621371239943986
70,-0.8839431239977881,0.9507587315739713,0.04461621897715595,-0.560518827996301,0.2650122137042569
71,-0.8744355366820483,0.9512048937637428,0.04248260300003359,-0.5670362001622679,0.2678577446574979
72,-0.8649234877444109,0.9516297197937431,0.04041049030631516,-0.5735023428348801,0.270673851290213
73,-0.8554071905464734,0.9520338246968063,0.03839655223464078,-0.5799173390585698,0.2734606689587223
74,-0.8458868522995053,0.9524177902191527,0.03643766636809875,-0.5862812726280175,0.2762183339029565
75,-0.8363626743973138,0.9527821668828337,0.03453090121743774,-0.5925942280585818,0.2789469832116112
76,-0.8268348527284854,0.953127475895008,0.032673502214990435,-0.5988562905582826,0.2816467547889108
77,-0.8173035779695353,0.953454210917158,0.03086287889768613,-0.6050675460014145,0.2843177873230686
78,-0.8077690358603637,0.9537628397061348,0.02909659315938562,-0.6112280809035214,0.28696022025615214
79,-0.7982314074633023,0.9540538056377288,0.027372348473253538,-0.6173379823976206,0.289574193755234
80,-0.788690869406925,0.9543275291224611,0.025687979997486288,-0.6233973382118231,0.29215984868499606
81,-0.7791475941157004,0.9545844089224361,0.024041445474871637,-0.6294062366480718,0.29471732658148936
82,-0.7696017500264761,0.9548248233771848,0.022430816864260628,-0.6353647665618801,0.29724676962690744
83,-0.7600535017927043,0.9550491315458274,0.020854272625467907,-0.6412730173432343,0.29974832062557827
84,-0.750503010477246,0.9552576742720821,0.01931009061047817,-0.6471310788984702,0.3022221229809568
85,-0.7409504337345252,0.9554507751781869,0.017796641502947352,-0.6529390416329456,0.30466832067341837
86,-0.7313959259827433,0.9556287415932163,0.016312382753840282,-0.6586969964347588,0.30708705823915006
87,-0.7218396385668111,0.9557918654207548,0.014855852980972806,-0.664405034659076,0.3094784807496371
88,-0.7122817199126036,0.9559404239505644,0.013425666780877421,-0.6700632481134411,0.311842733792182
89,-0.702722315673098,0.9560746806183732,0.012020509927226364,-0.6756717290437405,0.3141799634510802
90,-0.6931615688669143,0.9561948857176455,0.010639134917904691,-0.681230570120718,0.3164903162893398
91,-0.6835996200097378,0.9563012770668246,0.009280356850793758,-0.6867398644274489,0.31877393933141707
92,-0.6740366072390696,0.9563940806353325,0.007943049581204953,-0.692199705447075,0.321030980046161
93,-0.6644726664327162,0.9564735111311445,0.0066261421684066235,-0.6976101870514497,0.32326158633073554
94,-0.6549079313214048,0.9565397725528286,0.005328615557185223,-0.7029714034901271,0.32546590649484436
95,-0.6453425335958765,0.9565930587084004,0.004049499500862197,-0.7082834493800926,0.3276440892457432
96,-0.6357766030087925,0.9566335537034091,0.002787869687650435,-0.7135464196954991,0.32979628367318065
97,-0.6262102674717583,0.9566614324002856,0.0015428450692978046,-0.7187604097587599,0.33192263923582493
98,-0.6166436531477555,0.9566768608509785,0.0003135853649371967,-0.7239255152310988,0.33402330574700173
99,-0.6070768845392457,0.9566799967046278,-0.0009007112655856631,-0.7290418321043706,0.3360984333618229
100,-0.5975100845721995,0.9566709895919719,-0.0021008103890807206,-0.7341094566926479,0.3381481725639763
101,-0.5879433746762798,0.9566499814880812,-0.003287443340673768,-0.7391284856246894,0.34017267415347496
102,-0.578376874861399,0.9566171070546745,-0.004461309107770539,-0.7440990158364483,0.34217208923437664
103,-0.5688107037908523,0.9565724939635968,-0.005623076117422521,-0.7490211445641509,0.344146569203109
104,-0.5592449788512164,0.9565162632024226,-0.006773383892113571,-0.7538949693376809,0.3460962657370805
105,-0.5496798162191922,0.9564485293635013,-0.00791284460753161,-0.7587205879738658,0.3480213307831143
106,-0.5401153309255572,0.9563694009174261,-0.009042044554496975,-0.7634980985711213,0.34992191654740396
107,-0.530551636916383,0.9562789804718811,-0.010161545502356262,-0.7682275995029476,0.35179817548406445
108,-0.5209888471116642,0.9561773650168576,-0.011271885987298447,-0.7729091894130627,0.35365026028554253
109,-0.5114270734614956,0.9560646461569846,-0.012373582515308179,-0.7775429672099332,0.35547832387224376
110,-0.5018664269999258,0.9559409103318316,-0.013467130692146334,-0.7821290320618384,0.3572825193827517
111,-0.49230701789660747,0.9558062390249101,-0.014553006290656256,-0.7866674833923796,0.35906300016448617
112,-0.4827489555063584,0.9556607089620036,-0.015631666248334675,-0.7911584208758038,0.3608199197640931
113,-0.47319234841673835,0.9555043922995201,-0.016703549608485524,-0.7956019444329432,0.3625534319185088
114,-0.46363730449374313,0.9553373568034353,-0.01776907840489894,-0.7999981542272225,0.3642636905460345
115,-0.45408393092570876,0.9551596660193862,-0.01882865849673454,-0.8043471506606993,0.3659508497373988
116,-0.4445323342655149,0.9549713794344189,-0.019882680352227844,-0.8086490343706624,0.3676150637474284
117,-0.43498262047117076,0.9547725526308967,-0.020931519789120223,-0.8129039062261699,0.36925648698657454
118,-0.4254348949448618,0.9545632374330055,-0.02197553867143487,-0.8171118673248187,0.37087527401267895
119,-0.41588926257053177,0.9543434820462912,-0.023015085569886296,-0.8212730189896903,0.37247157952288074
120,-0.40634582775006883,0.9541133311905923,-0.024050496378937858,-0.8253874627665466,0.37404555834576697
121,-0.3968046944381629,0.9538728262268028,-0.025082094905175545,-0.829455300421091,0.37559736543355027
122,-0.38726596617589487,0.9536220052777511,-0.026110193420745276,-0.8334766339364281,0.3771271558544284
123,-0.3777297461231174,0.9533609033435437,-0.02713509318545526,-0.8374515655106148,0.3786350847849958
124,-0.36819613708968196,0.9530895524116891,-0.028157084939000043,-0.8413801975545815,0.3801213075030474
125,-0.35866524156556506,0.9528079815622992,-0.02917644937121544,-0.8452626326898142,0.38158597938004446
126,-0.3491371617499421,0.952516217068587,-0.030193457562810444,-0.8490989737464952,0.38302925587406883
127,-0.3396119995792562,0.9522142824929589,-0.031208371398978585,-0.8528893237616914,0.3844512925227936
128,-0.3300898567543266,0.9519021987789691,-0.032221443969842056,-0.8566337859775941,0.3858522449364604
129,-0.3205708347665369,0.9515799843392707,-0.03323291994523636,-0.8603324638398346,0.38723226879088557
130,-0.31105503492314424,0.9512476551398183,-0.03424303591817335,-0.8639854609961767,0.38859151982088175
131,-0.30154255837174604,0.9509052247806367,-0.03525202075846057,-0.867592881295108,0.38993015381350876
132,-0.2920335061239397,0.950552704573052,-0.036260095908611234,-0.8711548287843963,0.391248326601207
133,-0.28252797907820915,0.9501901036139659,-0.03726747570852673,-0.8746714077101558,0.3925461940555293
134,-0.27302607804206946,0.9498174288568806,-0.0382743676567765,-0.878142722515891,0.3938239120807783
135,-0.26352790375350066,0.9494346851803129,-0.039280972700224126,-0.8815688778409699,0.39508163660688933
136,-0.25403355690169754,0.9490418754533106,-0.040287485480692276,-0.8849499785206819,0.3963195235842226
137,-0.24454313814716444,0.9486390005985037,-0.04129409457940714,-0.8882861295843869,0.39753772897594614
138,-0.2350567481411794,0.9482260596527097,-0.042300982747454086,-0.8915774362560144,0.39873640875325805
139,-0.2255744875446523,0.9478030498252351,-0.04330832712732935,-0.894824003952301,0.39991571888778743
140,-0.21609645704639996,0.9473699665539618,-0.0443162994569235,-0.8980259382831707,0.40107581534656583
141,-0.20662275738086033,0.9469268035593924,-0.04532506626905963,-0.9011833450508866,0.4022168540854612
142,-0.19715348934526641,0.9464735528967019,-0.04633478907146493,-0.9042963302497438,0.403338991043195
143,-0.1876887538162994,0.9460102050059872,-0.047345624537760145,-0.907365000065763,0.40444238213534656
144,-0.17822865176623953,0.9455367487606096,-0.04835772466106558,-0.9103894608766366,0.4055271832485948
145,-0.16877328427863345,0.9450531715139989,-0.049371236919171224,-0.9133698192514216,0.40659355023461763
146,-0.15932275256349346,0.9445594591448072,-0.05038630442983916,-0.9163061819506232,0.4076416389044101
147,-0.14987715797204537,0.9440555961005088,-0.05140306609006107,-0.9191986559258063,0.4086716050219739
148,-0.14043660201104027,0.9435415654396081,-0.05242165671132781,-0.9220473483203475,0.40968360429939465
149,-0.1310011863566442,0.9430173488724949,-0.05344220715349568,-0.9248523664688819,0.41067779239022306
150,-0.12157101286791926,0.9424829268009599,-0.054464844444304106,-0.9276138178976939,0.4116543248839865
151,-0.11214618359990966,0.9419382783565169,-0.05548969189588693,-0.9303318103251562,0.4126133573007368
152,-0.10272680081634449,0.9413833814375581,-0.056516869216647336,-0.9330064516618213,0.4135550450850979
153,-0.09331296700196891,0.9408182127453917,-0.05754649262019296,-0.9356378500107039,0.4144795436005068
154,-0.083904784874515,0.9402427478191897,-0.05857867490935753,-0.9382261136678712,0.4153870081238026
155,-0.0745023573963231,0.9396569610700961,-0.05961352559027855,-0.94077135112276,0.41627759383942425
156,-0.06510578778562215,0.9390608258141933,-0.06065115095401641,-0.9432736710586362,0.41715145583373786
157,-0.055715179527480216,0.9384543143046531,-0.06169165414956712,-0.9457331823532225,0.41800874908953434
158,-0.04633063638443369,0.9378373977631574,-0.0627351352839689,-0.948149994079497,0.41884962848070434
159,-0.03695226240680211,0.9372100464103178,-0.06378169148458568,-0.950524215505594,0.41967424876570864
160,-0.02758016194269893,0.9365722294954719,-0.06483141697196881,-0.952855956096331,0.42048276458309936
161,-0.01821443964774421,0.9359239153257521,-0.06588440313965549,-0.955145325513683,0.42127533044564935
162,-0.00885520049448669,0.9352650712943555,-0.06694073859979888,-0.9573924336169651,0.42205210073403837
163,0.0004974502184568654,0.9345956639083576,-0.06800050925610979,-0.9595973904644776,0.4228132296923991
164,0.009843406857540442,0.9339156588157965,-0.0690637983610598,-0.9617603063137989,0.42355887142208376
165,0.01918256344569841,0.933225020832186,-0.07013068656811505,-0.9638812916226486,0.42428917987609427
166,0.02851481365402027,0.9325237139665048,-0.07120125197952021,-0.9659604570503326,0.4250043088542593
167,0.03784005079368532,0.9318117014467097,-0.07227557019475306,-0.9679979134579272,0.4257044119966953
168,0.047158167808152414,0.9310889457447621,-0.07335371436442806,-0.9699937719096455,0.4263896427788021
169,0.05646905726560003,0.9303554086011178,-0.07443575522393164,-0.9719481436739096,0.42706015450580165
170,0.06577261135161121,0.9296110510488784,-0.07552176113276854,-0.9738611402243401,0.4277161003071488
171,0.0750687218621,0.9288558334375507,-0.0766117981206893,-0.9757328732406275,0.42835763313074127
172,0.0843572801964755,0.9280897154563439,-0.0777059299148064,-0.977563454609616,0.42898490573735953
173,0.09363817735103894,0.9273126561571957,-0.07880421797529014,-0.9793529964268327,0.42959807069565836
174,0.1029113039126109,0.9265246139774428,-0.07990672152594858,-0.9811016109972392,0.43019728037611127
175,0.11217655005238533,0.9257255467621833,-0.08101349758329324,-0.9828094108363645,0.43078268694539584
176,0.12143380552000717,0.9249154117863504,-0.08212460098647512,-0.9844765086718535,0.43135444236129655
177,0.13068295963787066,0.9240941657764856,-0.08324008441573216,-0.9861030174443562,0.4319126983667173
178,0.1399239012956355,0.9232617649323284,-0.08435999841537534,-0.9876890503088991,0.4324576064842603
179,0.1491565189449588,0.9224181649481746,-0.08548439142090469,-0.9892347206360881,0.4329893180105813
180,0.15838070059444054,0.9215633210339655,-0.08661330977866921,-0.9907401420134183,0.4335079840108346
181,0.1675963338047802,0.9206971879361788,-0.08774679776035299,-0.9922054282467373,0.43401375531328934
182,0.176803305684142,0.9198197199585754,-0.08888489757550744,-0.9936306933613119,0.4345067825033823
183,0.18600150288372774,0.9189308709828202,-0.09002764939050056,-0.9950160516031186,0.43498721591802797
184,0.19519081159355595,0.9180305944889152,-0.0911750913511078,-0.9963616174404016,0.43545520564028306
185,0.2043711175384451,0.9171188435754041,-0.09232725958124632,-0.9976675055651008,0.43591090149377504
186,0.21354230597419915,0.9161955709795917,-0.09348418819336679,-0.9989338308941511,0.43635445303693443
187,0.22270426168399507,0.9152607290976581,-0.09464590931692385,-1.0001607085706363,0.43678600955701
188,0.23185686897497165,0.9143142700044888,-0.09581245308707853,-1.0013482539653131,0.4372057200645469
189,0.24100001167501653,0.9133561454736181,-0.09698384765487678,-1.0024965826784862,0.43761373328830144
190,0.2501335731297527,0.9123863069970692,-0.0981601192009185,-1.0036058105409202,0.4380101976688472
191,0.2592574361997234,0.9114047058050601,-0.09934129194516306,-1.0046760536151367,0.438395261352661
192,0.268371483257774,0.9104112928856084,-0.10052738813917106,-1.005707428197724,0.438769072187543
193,0.2774755961866301,0.9094060190042168,-0.10171842806883102,-1.0067000508200175,0.43913177771584083
194,0.28656965637667225,0.9083888347235285,-0.10291443006760215,-1.0076540382496197,0.4394835251687385
195,0.29565354472390754,0.9073596904228524,-0.10411541051816187,-1.008569507492131,0.4398244614608436
196,0.3047271416281361,0.9063185363176708,-0.10532138384144574,-1.0094465757928834,0.44015473318475923
197,0.31379032699131276,0.9052653224792563,-0.10653236250501852,-1.0102853606380133,0.440474486604703
198,0.3228429802161053,0.9041999988542062,-0.10774835702519692,-1.0110859797558305,0.4407838676505321
199,0.33188498020464735,0.9031225152839542,-0.1089693759611432,-1.0118485511186992,0.44108302191245047
200,0.3409162053574869,0.9020328215243426,-0.11019542591383491,-1.0125731929446466,0.4413720946353145
201,0.3499365335727303,0.9009308672652043,-0.11142651152462157,-1.0132600236983764,0.44165123071211826
202,0.35894584224538234,0.8998166021499581,-0.11266263547346611,-1.0139091620930492,0.44192057467848844
203,0.3679440082668819,0.8986899757952234,-0.11390379846697218,-1.0145207270919299,0.44218027070701743
204,0.37693090802483414,0.8975509378105535,-0.1151499992488958,-1.0150948379097213,0.44243046260112745
205,0.3859064174029397,0.8963994378180646,-0.11640123459184526,-1.0156316140140969,0.4426712937892069
206,0.3948704117811203,0.8952354254721462,-0.11765749928219993,-1.0161311751272468,0.44290290731874427
207,0.4038227660358418,0.8940588504793242,-0.11891878611967055,-1.016593641227471,0.44312544585051133
208,0.412763354540635,0.8928696626181274,-0.12018508591856047,-1.0170191325502584,0.44333905165205706
209,0.4216920511668163,0.8916678117589418,-0.12145638749575749,-1.0174077695903785,0.4435438665925642
210,0.4306087292844057,0.8904532478839843,-0.12273267766639062,-1.0177596731033183,0.44374003213680924
211,0.4395132617632455,0.8892259211073205,-0.12401394123700449,-1.018074964106372,0.4439276893386177
212,0.44840552097431874,0.8879857816949503,-0.12530016100249952,-1.0183537638802045,0.44410697883500133
213,0.45728537879126824,0.8867327800849254,-0.12659131772701837,-1.0185961939706343,0.4442780408405654
214,0.4661527065921175,0.8854668669076552,-0.12788739014992334,-1.018802376189918,0.4444410151412428
215,0.475007375261194,0.8841879930061559,-0.12918835497634173,-1.018972432618228,0.44459604108830897
216,0.4838492551912556,0.8828961094563925,-0.13049418686606806,-1.019106485605124,0.4447432575923649
217,0.49267821628581954,0.8815911675877319,-0.13180485842933187,-1.019204657771221,0.44488280311758605
218,0.5014941279616969,0.8802731190034387,-0.13312034021401686,-1.0192670720090211,0.4450148156748698
219,0.5102968591517313,0.8789419156012985,-0.13444060070585184,-1.0192938514848677,0.4451394328164794
220,0.5190862783077442,0.8775975095942401,-0.1357656063185919,-1.0192851196402983,0.4452567916299157
221,0.5278622534036866,0.8762398535310542,-0.13709532138414193,-1.019241000193289,0.4453670287316274
222,0.5366246519389972,0.8748689003172126,-0.1384297081434438,-1.0191616171397937,0.4454702802611214
223,0.5453733409421694,0.8734846032357781,-0.13976872674534402,-1.0190470947548587,0.4455666818745298
224,0.5541081869745271,0.8720869159683247,-0.14111233523445232,-1.0188975575942547,0.44565636873889647
225,0.5628290561342104,0.8706757926159802,-0.14246048955174118,-1.0187131304957957,0.44573947552603704
226,0.5715358140603702,0.8692511877204627,-0.1438131435198997,-1.0184939385805365,0.44581613640626283
227,0.5802283259375749,0.8678130562852637,-0.1451702488375961,-1.0182401072539933,0.44588648504213185
228,0.5889064565004275,0.8663613537968877,-0.14653175507280292,-1.0179517622076497,0.44595065458264155
229,0.5975700700383964,0.8648960362461597,-0.14789760965999488,-1.0176290294200225,0.4460087776568302
230,0.6062190304008579,0.8634170601495598,-0.14926775789871893,-1.017272035158235,0.44606098636810393
231,0.6148532010023535,0.8619243825705726,-0.15064214294145284,-1.0168809059789614,0.4461074122877146
232,0.6234724448280593,0.8604179611411581,-0.15202070578256066,-1.0164557687296516,0.4461481864486379
233,0.6320766244394709,0.8588977540833325,-0.15340338526127262,-1.0159967505496352,0.44618343933934346
234,0.6406656019803042,0.8573637202307197,-0.15479011805908272,-1.0155039788714222,0.44621330089785205
235,0.6492392391826114,0.8558158190501288,-0.15618083870234667,-1.0149775814220068,0.4462379005058714
236,0.6577973973731127,0.8542540106631054,-0.15757547954137419,-1.0144176862238337,0.44625736698242574
237,0.6663399374797437,0.8526782558676916,-0.15897397075112618,-1.013824421595534,0.4462718285772483
238,0.6748667200384206,0.8510885161601804,-0.16037624033722775,-1.013197916153279,0.4462814129650485
239,0.6833776052000224,0.8494847537568082,-0.16178221413047034,-1.0125382988118075,0.4462862472394311
240,0.6918724527375906,0.8478669316155035,-0.1631918157847423,-1.0118456987858366,0.4462864579073366
241,0.7003511220537456,0.8462350134576561,-0.1646049667799998,-1.011120245590382,0.4462821708819937
242,0.7088134721883221,0.844588963789856,-0.1660215864128034,-1.0103620690417314,0.44627351147684113
243,0.7172593618262207,0.842928747925728,-0.16744159180445362,-1.0095712992586594,0.44626060439987386
244,0.725688649305478,0.8412543320076835,-0.1688648978981977,-1.008748066663204,0.44624357374740176
245,0.7341011926255548,0.8395656830287015,-0.17029141746209842,-1.0078925019814942,0.4462225429979398
246,0.7424968494558418,0.8378627688540805,-0.17172106109035745,-1.0070047362447752,0.4461976350064182
247,0.7508754771443826,0.8361455582431769,-0.17315373720839577,-1.0060849007897716,0.44616897199754685
248,0.7592369327268144,0.834414020871093,-0.17458935207267157,-1.0051331272597697,0.44613667556021225
249,0.7675810729355252,0.8326681273503663,-0.17602780978460686,-1.0041495476051414,0.44610086664119697
250,0.7759077542090289,0.8309078492525203,-0.17746901228454348,-1.0031342940841146,0.44606166553926324
251,0.7842168327015541,0.8291331591296748,-0.17891285936245893,-1.0020874992632915,0.446019191899008
252,0.7925081642928509,0.8273440305360501,-0.18035924866343755,-1.0010092960183934,0.4459735647050428
253,0.8007816045982113,0.8255404380494157,-0.18180807569515345,-0.9998998175346063,0.4459249022757369
254,0.8090370089787055,0.8237223572924641,-0.18325923384288068,-0.9987591973075396,0.44587332225787263
255,0.8172742325516301,0.8218897649540353,-0.18471261437241537,-0.997587569143229,0.4458189416200422
256,0.8254931302011704,0.8200426388103113,-0.18616810644225268,-0.9963850671587906,0.4457618766470051
257,0.8336935565892736,0.8181809577458887,-0.18762559710921778,-0.9951518257827358,0.4457022429336777
258,0.8418753661667324,0.8163047017747964,-0.1890849713496756,-0.9938879797552319,0.4456401553791496
259,0.8500384131844804,0.8144138520612997,-0.19054611207193428,-0.9925936641287608,0.4455757281813082
260,0.8581825517050934,0.8125083909405804,-0.19200890012347038,-0.9912690142681047,0.44550907483063873
261,0.8663076356144992,0.8105883019393456,-0.19347321431206765,-0.9899141658506707,0.44544030810455054
262,0.8744135186338926,0.8086535697962249,-0.19493893141647067,-0.9885292548664039,0.44536954006121987
263,0.8825000543318549,0.8067041804820603,-0.19640592620751463,-0.9871144176182131,0.4452968820342997
264,0.8905670961366755,0.8047401212199851,-0.1978740714685534,-0.9856697907221049,0.44522244462728167
265,0.8986144973488753,0.8027613805052995,-0.19934323800949283,-0.9841955111069378,0.44514633770740747
266,0.9066421111539283,0.8007679481252047,-0.20081329468657483,-0.9826917160146299,0.445068670400345
267,0.9146497906351804,0.7987598151783389,-0.20228410842471067,-0.9811585429998907,0.444989551084268
268,0.9226373887869638,0.7967369740940918,-0.2037555442456762,-0.9795961299302052,0.44490908738444335
269,0.9306047585279047,0.7946994186516351,-0.20522746528853109,-0.978004614985812,0.4448273861678963
270,0.938551752714421,0.7926471439987497,-0.20669973282692933,-0.976384136659307,0.444744553537638
271,0.9464782241544085,0.7905801466704805,-0.20817220630312328,-0.9747348337553108,0.44466069482711557
272,0.9543840256211134,0.7884984246074492,-0.20964474334955963,-0.9730568453901794,0.44457591459482176
273,0.9622690098671879,0.7864019771739537,-0.21111719981501853,-0.9713503109918104,0.44449031661923005
274,0.9701330296389274,0.7842908051758035,-0.21258942980630025,-0.969615370299248,0.4444040038934689
275,0.9779759376906855,0.7821649108777404,-0.21406128570585103,-0.9678521633618079,0.44431707861948555
276,0.9857975867994628,0.780024298020682,-0.21553261820583813,-0.9660608305388976,0.44422964220330985
277,0.9935978297796697,0.7778689718386236,-0.21700327633807248,-0.964241512499228,0.444141795249572
278,1.001376519498056,0.7756989390752429,-0.21847310751023308,-0.9623943502199848,0.4440536375561217
279,1.0091335088888085,0.7735142080001406,-0.21994195754278856,-0.9605194849867261,0.4439652681098143
280,1.0168686509688099,0.7713147884247128,-0.22140967070357398,-0.9586170583921036,0.443876785080746
281,1.024581798853057,0.769100691717677,-0.22287608973867723,-0.9566872123352104,0.4437882858174713
282,1.0322728057702337,0.7668719308202903,-0.22434105592101794,-0.9547300890205068,0.44369986684182006
283,1.0399415250784367,0.7646285202610801,-0.22580440908051447,-0.9527458309570118,0.4436116238441919
284,1.0475878102810476,0.762370476170275,-0.22726598764312822,-0.9507345809573319,0.44352365167884233
285,1.0552115150427503,0.7600978162938437,-0.22872562867635615,-0.9486964821366962,0.4434360443592078
286,1.0628124932056888,0.7578105600070801,-0.23018316793298244,-0.9466316779114441,0.4433488950526955
287,1.0703905988057596,0.7555087283277503,-0.231638439887476,-0.944540311998384,0.443262296076813
288,1.077945686089037,0.7531923439288756,-0.23309127779168382,-0.9424225284131645,0.44317633889405966
289,1.0854776095283258,0.7508614311509587,-0.23454151371375076,-0.940278471468924,0.4430911141073176
290,1.0929862238398353,0.7485160160138213,-0.23598897858409185,-0.9381082857749771,0.4430067114555483
291,1.1004713839999736,0.7461561262279803,-0.23743350224235904,-0.9359121162355677,0.4429232198096499
292,1.1079329452622533,0.7437817912055568,-0.2388749134869439,-0.9336901080479446,0.44284072716757344
293,1.1153707631743088,0.7413930420706875,-0.24031304012137156,-0.9314424067013375,0.4427593206508714
294,1.1227846935950156,0.7389899116694737,-0.24174770901028264,-0.9291691579750627,0.44267908650017396
295,1.1301745927117104,0.7365724345793708,-0.2431787461344026,-0.9268705079368522,0.44260011007110006
296,1.137540317057504,0.7341406471180267,-0.24460597663343187,-0.924546602941016,0.44252247583014365
297,1.1448817235286843,0.7316945873516925,-0.2460292248657625,-0.922197589626686,0.44244626735081316
298,1.1521986694022013,0.7292342951030348,-0.24744831446131155,-0.9198236149157233,0.44237156730947685
299,1.1594910123532316,0.7267598119584218,-0.24886306837581085,-0.9174248260109393,0.4422984574818625
300,1.1667586104728158,0.7242711812746636,-0.2502733089418774,-0.9150013703943299,0.4422270187397355
301,1.1740013222855625,0.7217684481852449,-0.25167885793577316,-0.9125533958245258,0.442157331046607
302,1.181219006767415,0.7192516596058871,-0.25307953663383564,-0.9100810503349593,0.4420894734546468
303,1.188411523363474,0.7167208642395487,-0.2544751658650757,-0.9075844822315229,0.4420235241010912
304,1.1955787320058695,0.714176112580898,-0.2558655660736342,-0.9050638400903389,0.4419595602049141
305,1.2027204931316784,0.7116174569201618,-0.25725055737673586,-0.9025192727550585,0.4418976580630499
306,1.20983666770088,0.7090449513463943,-0.25862995962600444,-0.899950929334871,0.44183789304785837
307,1.216927117214344,0.7064586517501343,-0.2600035924692401,-0.8973589592020367,0.441780339604061
308,1.2239917037318455,0.703858615825442,-0.26137127541495,-0.894743511989038,0.4417250712453032
309,1.2310302898901,0.7012449030712925,-0.26273282789511576,-0.892104737586179,0.44167216055152464
310,1.2380427389208128,0.6986175747923413,-0.2640880693194436,-0.8894427861387088,0.44162167916589196
311,1.2450289146687363,0.6959766940991469,-0.265436819146343,-0.8867578080441466,0.4415736977921572
312,1.2519886816097279,0.6933223259076834,-0.266778896945703,-0.8840499539494142,0.4415282861919817
313,1.2589219048688047,0.6906545369382264,-0.2681141224630412,-0.8813193747480892,0.4414855131826298
314,1.265828450238187,0.687973395713596,-0.2694423156837056,-0.8785662215775619,0.4414454466346822
315,1.272708184195323,0.685278972556759,-0.27076329689899925,-0.8757906458155339,0.44140815346898304
316,1.2795609739208906,0.6825713395877689,-0.2720768867734913,-0.8729927990772867,0.4413736996549132
317,1.2863866873167684,0.679850570720034,-0.2733829064071758,-0.8701728332124639,0.44134215020817885
318,1.2931851930239688,0.6771167416559621,-0.27468117739922526,-0.8673309003018013,0.4413135691887183
319,1.2999563604405284,0.67436992988197,-0.2759715219205461,-0.8644671526538826,0.44128801969880055
320,1.306700059739348,0.6716102146627645,-0.27725376277668357,-0.861581742801747,0.44126556388117993
321,1.3134161618859757,0.6688376770349976,-0.2785277234723216,-0.8586748234996504,0.4412462629176257
322,1.3201045386563257,0.6660523998002745,-0.2797932282828075,-0.8557465477194255,0.4412301770270605
323,1.3267650626543284,0.6632544675174463,-0.28105010231818106,-0.8527970686467339,0.44121736546375806
324,1.3333976073295029,0.6604439664942645,-0.2822981715885664,-0.8498265396778205,0.44120788651648174
325,1.3400020469944456,0.6576209847783788,-0.28353726307031035,-0.8468351144156646,0.44120179750694344
326,1.3465782568422293,0.6547856121476757,-0.28476720477277784,-0.8438229466661209,0.44119915478842797
327,1.353126112963706,0.651937940099948,-0.28598782580686155,-0.8407901904343899,0.4412000137451398
328,1.3596454923647054,0.6490780618418793,-0.2871989564485222,-0.8377369999210033,0.4412044287910494
329,1.3661362729831243,0.6462060722773941,-0.2884004282008146,-0.8346635295179116,0.44121245336902715
330,1.3725983337058982,0.6433220679953859,-0.2895920738642044,-0.83156993380449,0.4412241399500843
331,1.379031554385852,0.6404261472567438,-0.2907737276021871,-0.8284563675434156,0.4412395400326819
332,1.3854358158584195,0.637518409980722,-0.29194522500246123,-0.8253229856767618,0.44125870414251667
333,1.3918109999582267,0.6345989577306973,-0.2931064031425423,-0.8221699433217557,0.44128168183200767
334,1.3981569895355337,0.6316678936992719,-0.29425710065128285,-0.8189973957662845,0.4413085216796066
335,1.4044736684725263,0.628725322692759,-0.2953971577723902,-0.815805498464883,0.4413392712900545
336,1.4107609216994539,0.6257713511150351,-0.2965264164295345,-0.8125944070344356,0.4413739772944321
337,1.4170186352106042,0.6228060869507398,-0.29764472028646516,-0.8093642772496015,0.44141268534995853
338,1.4232466960801116,0.6198296397478752,-0.2987519148053641,-0.8061152650385095,0.4414554401403925
339,1.4294449924775903,0.6168421205998216,-0.2998478473125221,-0.8028475264780693,0.4415022853760742
340,1.4356134136835885,0.6138436421266964,-0.3009323670552799,-0.7995612177893974,0.4415532637943443
341,1.4417518501048554,0.6108343184561436,-0.30200532525792134,-0.796256495333416,0.4416084171604134
342,1.4478601932894168,0.6078142652035643,-0.3030665751823003,-0.7929335156060535,0.4416677862678486
343,1.4539383359414524,0.6047835994517413,-0.30411597218523934,-0.7895924352333361,0.4417314109390645
344,1.4599861719359697,0.6017424397298888,-0.30515337377335694,-0.7862334109669328,0.4417993300267298
345,1.4660035963332685,0.5986909059921554,-0.3061786396592181,-0.7828565996792417,0.4418715814146486
346,1.47199050539319,0.5956291195955632,-0.30719163181519793,-0.779462158358276,0.44194820201853163
347,1.4779467965891457,0.5925572032774112,-0.30819221452289103,-0.7760502441029077,0.442029227787503
348,1.48387236862192,0.5894752811321823,-0.3091802544283473,-0.772621014117923,0.44211469370553674
349,1.4897671214332417,0.5863834785878989,-0.31015562059306223,-0.769174625708877,0.4422046337927738
350,1.4956309562191208,0.5832819223819684,-0.31111818454168993,-0.7657112362771592,0.44229908110732613
351,1.5014637754429405,0.5801707405365515,-0.31206782030941405,-0.7622310033148807,0.44239806774701723
352,1.507265482848306,0.5770500623334572,-0.3130044044930136,-0.7587340843994566,0.4425016248508118
353,1.5130359834716407,0.573920018288527,-0.3139278162946768,-0.7552206371885893,0.4426097826010776
354,1.518775183654526,0.5707807401255802,-0.31483793756502454,-0.7516908194150869,0.4427225702257683
355,1.5244829910557818,0.56763236074993,-0.3157346528462712,-0.7481447888814761,0.4428400160004567
356,1.530159314663281,0.5644750142214673,-0.3166178494132721,-0.7445827034545096,0.4429621472504099
357,1.5358040648054958,0.5613088357273346,-0.3174874173132425,-0.7410047210601759,0.44308899035360144
358,1.5414171531627692,0.5581339615542021,-0.3183432494060989,-0.7374109996781396,0.44322057074304677
359,1.5469984927783111,0.5549505290601412,-0.3191852414027574,-0.7338016973362668,0.4433569129093956
360,1.5525479980689125,0.5517586766461137,-0.3200132918997145,-0.7301769721051427,0.443498040403699
361,1.5580655848353737,0.5485585437271165,-0.3208273024111996,-0.72653698209257,0.443643975840295
362,1.5635511702726448,0.5453502707030046,-0.32162717740576774,-0.7228818854378852,0.44379474089961063
363,1.569004672979675,0.542133998928947,-0.3224128243363378,-0.7192118403064749,0.44395035633144203
364,1.5744260129689645,0.5389098706855835,-0.3231841536678237,-0.715527004884339,0.44411084195844575
365,1.5798151116758203,0.5356780291489053,-0.32394107890455714,-0.7118275373723073,0.44427621667928785
366,1.5851718919673095,0.5324386183598597,-0.32468351661790074,-0.7081135959802652,0.44444649847188644
367,1.590496278150908,0.5291917831936808,-0.32541138647119716,-0.7043853389216521,0.4446217043973467
368,1.5957881959828448,0.5259376693289688,-0.32612461124290615,-0.7006429244078759,0.44480185060380995
369,1.6010475726761346,0.5226764232165397,-0.3268231168479696,-0.6968865106422658,0.4449869523298017
370,1.6062743369083001,0.51940819204806,-0.3275068323574848,-0.6931162558143898,0.44517702390819813
371,1.6114684188287807,0.5161331237244852,-0.3281756900154553,-0.6893323180942301,0.44537207877022095
372,1.6166297500660256,0.5128513668243306,-0.3288296252556888,-0.6855348556265246,0.445572129449752
373,1.621758263734269,0.5095630705717737,-0.3294685767178507,-0.681724026524758,0.44577718758733686
374,1.6268538944399866,0.5062683848045952,-0.33009248625976984,-0.6778999888655111,0.44598726393476473
375,1.6319165782880325,0.5029674599419975,-0.33070129896777933,-0.6740629006825173,0.4462023683594077
376,1.6369462528874525,0.4996604469523197,-0.33129496316530505,-0.6702129199607537,0.4464225098486634
377,1.6419428573569756,0.4963474973206667,-0.33187343042330175,-0.6663502046304643,0.4466476965144883
378,1.6469063323301822,0.49302876301643367,-0.33243665556460744,-0.662474912561433,0.44687793559842287
379,1.6518366199603465,0.4897043964607876,-0.33298459666952107,-0.6585872015571368,0.4471132334765245
380,1.6567336639249544,0.4863745504940924,-0.3335172150763954,-0.6546872293485899,0.4473535956639608
381,1.6615974094298953,0.48303937834332844,-0.33403447538571385,-0.6507751535884699,0.44759902682007485
382,1.6664278032133286,0.4796990335894713,-0.33453634545757227,-0.6468511318451505,0.4478495307535719
383,1.6712247935492233,0.47635367013489555,-0.33502279640980515,-0.6429153215969973,0.4481051104280211
384,1.6759883302505723,0.47300344217079754,-0.3354938026142462,-0.6389678802260712,0.4483657679667461
385,1.6807183646722803,0.46964850414465503,-0.3359493416911463,-0.6350089650123477,0.44863150465838636
386,1.685414849713727,0.4662890107277436,-0.33638939450356675,-0.6310387331277227,0.44890232096245686
387,1.6900777398210043,0.462925116782708,-0.33681394514445406,-0.6270573416301326,0.4491782165149957
388,1.6947069909888313,0.45955697733126344,-0.33722298092913494,-0.6230649474575113,0.4494591901341284
389,1.699302560762144,0.4561847475219721,-0.33761649238279734,-0.6190617074217244,0.44974523982568637
390,1.7038644082373637,0.45280858259814416,-0.33799447322746534,-0.6150477782029521,0.4500363627895412
391,1.7083924940633453,0.4494286378658695,-0.3383569203676906,-0.6110233163435204,0.45033255542531014
392,1.712886780442004,0.44604506866219257,-0.3387038338710946,-0.6069884782419965,0.4506338133382594
393,1.717347231128626,0.4426580303234816,-0.3390352169539401,-0.6029434201470011,0.4509401313451208
394,1.7217738114318608,0.43926767815394224,-0.3393510759585294,-0.5988882981515589,0.4512515034806551
395,1.7261664882134002,0.4358741673943569,-0.3396514203338996,-0.5948232681872302,0.45156792300401255
396,1.730525229887344,0.4324776531910179,-0.339936262613747,-0.5907484860180229,0.4518893824048323
397,1.734850006419254,0.42907829056488045,-0.34020561839032126,-0.5866641072345985,0.45221587340968344
398,1.739140789324903,0.42567623438097724,-0.3404595062930671,-0.5825702872482579,0.45254738698848423
399,1.7433975516687126,0.42227163931804657,-0.34069794795876573,-0.5784671812852556,0.4528839133612119
400,1.747620268061893,0.41886465983845894,-0.34092096800475646,-0.5743549443808794,0.45322544200447784
401,1.7518089146602778,0.4154554501584113,-0.34112859400193596,-0.5702337313734607,0.45357196165799674
402,1.755963469161862,0.41204416421839196,-0.3413208564411896,-0.5661036968987521,0.45392346033152997
403,1.7600839108040458,0.40863095565398005,-0.3414977887054249,-0.561964995384014,0.4542799253116896
404,1.7641702203605856,0.4052159777669258,-0.3416594270350415,-0.5578177810423287,0.4546413431688267
405,1.7682223801382548,0.4017993834965754,-0.3418058104926702,-0.5536622078667301,0.45500769976380695
406,1.7722403739732207,0.3983813253916487,-0.3419369809319983,-0.5494984296243635,0.4553789802549354
407,1.7762241872271372,0.3949619555823287,-0.34205298295818976,-0.5453265998511084,0.4557551691054129
408,1.7801738067829604,0.3915414257527468,-0.3421538638928534,-0.5411468718457108,0.45613625009030456
409,1.784089221040488,0.3881198871138183,-0.3422396737372724,-0.536959398664167,0.45652220630371976
410,1.7879704199116262,0.38469749037644557,-0.342310465130109,-0.5327643331140351,0.4569130201658448
411,1.7918173948153906,0.38127438572514455,-0.34236629331081625,-0.5285618277486355,0.457308673430047
412,1.795630138672642,0.3778507227920364,-0.3424072160782732,-0.5243520348618202,0.4577091471906154
413,1.7994086459005625,0.37442665063125363,-0.3424332937466379,-0.5201351064822952,0.45811442188997475
414,1.803152912406875,0.37100231769378733,-0.3424445891070671,-0.5159111943679886,0.45852447732596413
415,1.8068629355838128,0.3675778718027166,-0.3424411673822392,-0.5116804500006942,0.45893929265933947
416,1.81053871430184,0.36415346012889427,-0.34242309618129463,-0.5074430245805488,0.45935884642128205
417,1.8141802489031291,0.3607292291670813,-0.3423904454589488,-0.5031990690206551,0.4597831165209904
418,1.8177875411948,0.3573053247124918,-0.34234328746692855,-0.49894873394179395,0.46021208025327665
419,1.8213605944419249,0.35388189183782254,-0.34228169670847963,-0.4946921696668616,0.46064571430597984
420,1.8248994133603031,0.35045907487073774,-0.3422057498954767,-0.4904295262156661,0.4610839947676954
421,1.8284040041090106,0.347037017371783,-0.34211552589708205,-0.4861609532997959,0.4615268971356287
422,1.8318743742827284,0.34361586211281214,-0.34201110569383353,-0.4818866003171703,0.461974396323087
423,1.8353105329038566,0.3401957510558738,-0.3418925723318411,-0.47760661634697665,0.4624264666672988
424,1.8387124904144154,0.33677682533255543,-0.34176001087143915,-0.47332115014444054,0.4628830819370123
425,1.842080258667741,0.33335922522384104,-0.34161350833930904,-0.46903035013556105,0.46334421534018283
426,1.8454138509199793,0.3299430901404479,-0.34145315368175,-0.46473436441235866,0.4638098395321778
427,1.8487132818213838,0.3265285586036304,-0.3412790377117747,-0.46043334072777975,0.4642799266235332
428,1.85197856740742,0.32311576822651267,-0.3410912530603749,-0.45612742649057414,0.4647544481876679
429,1.8552097250896853,0.3197048556959089,-0.34088989412975446,-0.4518167687604897,0.46523337526886555
430,1.8584067736466443,0.31629595675461136,-0.3406750570397188,-0.4475015142432995,0.46571667839003017
431,1.8615697332141905,0.3128892061842142,-0.3404468395773175,-0.4431818092858459,0.46620432756052055
432,1.8646986252760327,0.309484737788441,-0.34020534114978407,-0.4388577998714565,0.4666962922843221
433,1.8677934726539172,0.30608268437694314,-0.33995066273107444,-0.43452963161513636,0.46719254156789863
434,1.8708542994976867,0.30268317774963244,-0.33968290681097635,-0.4301974497586673,0.4676930439279298
435,1.873881131275183,0.29928634868152265,-0.33940217734770517,-0.42586139916607657,0.46819776739934427
436,1.8768739947619983,0.29589232690804557,-0.33910857971524155,-0.4215216243191267,0.468706679543459
437,1.8798329180310789,0.29250124111089315,-0.3388022206507024,-0.4171782693125476,0.46921974745571415
438,1.8827579304421878,0.2891132189043861,-0.3384832082073497,-0.41283147784966484,0.46973693777378533
439,1.8856490626312317,0.28572838682231266,-0.3381516517038863,-0.40848139323794735,0.47025821668553186
440,1.8885063464994547,0.28234687030527383,-0.3378076616715475,-0.4041281583844545,0.4707835499368611
441,1.8913298152025075,0.2789687936885583,-0.33745134980612157,-0.3997719157915537,0.4713129028397755
442,1.8941195031393931,0.2755942801904971,-0.3370828289190486,-0.39541280755275,0.47184624028050015
443,1.8968754459412982,0.2722234519013066,-0.336702212884219,-0.3910509753482556,0.4723835267272632
444,1.8995976804603112,0.2688564297724644,-0.33630961658972947,-0.3866865604407603,0.47292472623821247
445,1.9022862447580358,0.2654933336065671,-0.3359051558918802,-0.3823197036713641,0.47346980246938747
446,1.9049411780941015,0.26213428204764827,-0.3354889475634426,-0.37795054545542683,0.47401871868266127
447,1.907562520914578,0.2587793925720138,-0.3350611092438105,-0.37357922577848995,0.4745714377537024
448,1.910150314840298,0.2554287814795757,-0.33462175939349525,-0.369205884192442,0.4751279221800484
449,1.9127046026550938,0.2520825638856407,-0.33417101724623977,-0.36483065981153345,0.4756881340889426
450,1.9152254282939503,0.24874085371317833,-0.3337090027586542,-0.360453691308305,0.4762520352450092
451,1.917712836831082,0.24540376368559177,-0.3332358365650223,-0.35607511690987437,0.47681958705826494
452,1.9201668744679379,0.24207140531994156,-0.3327516399329744,-0.35169507439424563,0.4773907505920805
453,1.9225875885211372,0.23874388892061185,-0.3322565347133666,-0.3473137010864766,0.4779654865709184
454,1.9249750274103434,0.23542132357347817,-0.33175064329468373,-0.3429311338549876,0.47854375538813215
455,1.9273292406460782,0.23210381714053133,-0.3312340885605869,-0.3385475091080914,0.4791255171139148
456,1.9296502788174836,0.22879147625492552,-0.33070699384549096,-0.3341629627903587,0.4797107315029782
457,1.9319381935800328,0.2254844063164706,-0.3301694828875046,-0.32977763037900387,0.4802993580022132
458,1.9341930376431975,0.22218271148759555,-0.3296216797858498,-0.32539164688064276,0.4808913557586947
459,1.9364148647580735,0.21888649468973706,-0.32906370895975257,-0.3210051468279222,0.48148668362740027
460,1.9386037297049707,0.21559585760013958,-0.3284956951036755,-0.3166182642760531,0.48208530017871853
461,1.9407596882809721,0.2123109006491028,-0.32791776314475163,-0.312231132799483,0.48268716370602766
462,1.9428827972874632,0.20903172301765524,-0.32733003820352713,-0.30784388548879965,0.4832922322334403
463,1.9449731145176397,0.20575842263561997,-0.326732645554888,-0.3034566549475582,0.4839004635234251
464,1.9470306987439958,0.20249109618007108,-0.32612571058511675,-0.29906957328910194,0.48451181508434216
465,1.9490556097057965,0.1992298390742199,-0.32550935875167886,-0.2946827721335979,0.48512624417806294
466,1.9510479080965386,0.19597474548670307,-0.32488371554719175,-0.29029638260507984,0.485743707827489
467,1.9530076555514055,0.19272590833123115,-0.3242489064611853,-0.285910535328442,0.4863641628239598
468,1.954934914634718,0.18948341926661932,-0.32360505694007613,-0.28152536042644927,0.48698756573453944
469,1.956829748827384,0.18624736869721858,-0.32295229235191125,-0.2771409875170143,0.48761387290950514
470,1.9586922225143562,0.18301784577369945,-0.3222907379524076,-0.27275754571051336,0.48824304048986206
471,1.9605224009720932,0.17979493839417537,-0.3216205188482868,-0.2683751636069679,0.4888750244145561
472,1.962320350356035,0.17657873320569248,-0.3209417599599995,-0.26399396929337526,0.48950978042775184
473,1.9640861376880918,0.1733693156060925,-0.32025458598970213,-0.25961409034122657,0.49014726408621867
474,1.9658198308441528,0.17016676974619546,-0.31955912139019604,-0.25523565380390895,0.4907874307664548
475,1.9675214985416147,0.1669711785322935,-0.31885549033076943,-0.2508587862141154,0.4914302356717345
476,1.9691912103269376,0.16378262362898582,-0.3181438166645756,-0.24648361358144558,0.49207563383928576
477,1.9708290365632275,0.1606011854623401,-0.31742422389752223,-0.24211026139016445,0.4927235801475655
478,1.972435048417851,0.15742694322336484,-0.3166968351599697,-0.2377388545968109,0.4933740293231974
479,1.9740093178500846,0.15425997487176515,-0.31596177317594454,-0.23336951762782931,0.49402693594786096
480,1.9755519175988023,0.15110035714000572,-0.3152191602324128,-0.22900237437739104,0.49468225446526104
481,1.9770629211702024,0.1479481655376816,-0.31446911815261713,-0.22463754820525905,0.4953399391880236
482,1.9785424028255794,0.1448034743561554,-0.3137117682708901,-0.2202751619347141,0.4959999443046557
483,1.9799904375691408,0.14166635667344651,-0.31294723140418923,-0.2159153378504129,0.4966622238862521
484,1.9814071011358754,0.13853688435940464,-0.3121756278238996,-0.21155819769641557,0.49732673189328314
485,1.9827924699794695,0.13541512808116563,-0.31139707723098375,-0.20720386267432445,0.4979934221824178
486,1.9841466212602812,0.13230115730885578,-0.310611698733943,-0.202852453441345,0.49866224851313595
487,1.9854696328333696,0.12919504032151632,-0.30981961082526155,-0.19850409010832976,0.4993331645541744
488,1.9867615832365848,0.1260968442132637,-0.30902093135576014,-0.19415889223803914,0.5000061238901785
489,1.9880225516787173,0.12300663489970608,-0.3082157775132516,-0.1898169788435086,0.5006810800283742
490,1.9892526180277144,0.11992447712457359,-0.3074042658023207,-0.1854784683863865,0.5013579864051164
491,1.99045186279896,0.1168504344665504,-0.3065865120229233,-0.18114347877519207,0.5020367963921296
492,1.9916203671436254,0.11378456934632121,-0.3057626312473455,-0.17681212736369017,0.5027174633027918
493,1.9927582128370886,0.11072694303384771,-0.3049327378014327,-0.17248453094945207,0.5033999403985661
494,1.993865482267427,0.10767761565583339,-0.30409694524662856,-0.16816080577233808,0.504084180895202
495,1.9949422584239855,0.1046366462033671,-0.30325536636421957,-0.16384106751299513,0.5047701379688418
496,1.9959886248860192,0.10160409253972491,-0.3024081131351025,-0.15952543129147576,0.5054577647622178
497,1.9970046658114164,0.09858001140837389,-0.30155529672081904,-0.15521401166601004,0.5061470143908906
498,1.9979904659255001,0.0955644584411657,-0.30069702744968174,-0.15090692263171165,0.5068378399492867
499,1.9989461105099118,0.09255748816666888,-0.29983341480235404,-0.14660427761931047,0.5075301945166588
500,1.9998716853915786,0.0895591540186453,-0.29896456739571087,-0.1423061894938448,0.5082240311628428
501,2.000767276931765,0.0865695083446882,-0.2980905929675526,-0.13801277055358807,0.508919302954197
502,2.0016329720152117,0.08358860241501269,-0.297211598363602,-0.13372413252905999,0.5096159629596364
503,2.0024688580393617,0.08061648643137666,-0.29632768952591537,-0.12944038658190815,0.5103139642563147
504,2.0032750229036753,0.0776532095361175,-0.2954389714813416,-0.12516164330384708,0.5110132599352497
505,2.0040515549990365,0.07469881982130408,-0.29454554832601176,-0.12088801271572858,0.5117138031069994
506,2.0047985431972495,0.07175336433804395,-0.2936475232141639,-0.11661960426667081,0.512415546907323
507,2.00551607684063,0.06881688910590233,-0.2927449983495972,-0.11235652683317926,0.5131184445027323
508,2.006204245731689,0.06588943912240636,-0.2918380749767127,-0.10809888871825919,0.5138224490958561
509,2.0068631401229133,0.06297105837263926,-0.2909268533698345,-0.1038467976505771,0.5145275139307717
510,2.00749285070664,0.06006178983894092,-0.29001143282317066,-0.09960036078385877,0.5152335922986355
511,2.008093468605029,0.05716167551070923,-0.28909191164365994,-0.09535968469621861,0.5159406375430222
512,2.0086650853601364,0.0542707563942726,-0.2881683871426535,-0.09112487538944462,0.5166486030650778
513,2.0092077929240792,0.05138907252284605,-0.2872409556305702,-0.08689603828833847,0.5173574423286758
514,2.0097216836493077,0.04851666296654034,-0.2863097124071651,-0.08267327824017107,0.5180671088655613
515,2.010206850278973,0.045653565842468685,-0.2853747517550273,-0.07845669951420019,0.518777556280512
516,2.0106633859373977,0.04279981832491841,-0.28443616693605733,-0.07424640580114891,0.5194887382563245
517,2.011091384120647,0.039955456655557865,-0.28349405018747026,-0.07004250021277635,0.5202006085588148
518,2.0114909386872024,0.03712051615368318,-0.2825484927166694,-0.06584508528139468,0.5209131210416175
519,2.0118621438487394,0.034295031226516504,-0.2815995846948464,-0.0616542629596018,0.52162622965125
520,2.0122050941610046,0.03147903537956801,-0.2806474152525146,-0.05747013461997987,0.5223398884319058
521,2.0125198845148002,0.028672561227042852,-0.27969207247665867,-0.053292801054740074,0.5230540515301146
522,2.0128066101270705,0.02587564050227629,-0.2787336434106248,-0.049122362475409465,0.5237686731993173
523,2.0130653665320932,0.023088304068170057,-0.2777722140504242,-0.0449589185126023,0.5244837078044507
524,2.013296249572775,0.02031058192766579,-0.27680786934117213,-0.04080256821590811,0.5251991098266686
525,2.0134993553920517,0.017542503234254086,-0.2758406931761435,-0.036653410053786945,0.5259148338679213
526,2.0136747804243944,0.014784096302492661,-0.27487076839719016,-0.03251154191346408,0.5266308346554226
527,2.0138226213874195,0.012035388618520767,-0.2738981767939121,-0.028377061100762477,0.5273470670459085
528,2.0139429752736047,0.00929640685058165,-0.27292299910161855,-0.024250064340085465,0.5280634860299755
529,2.0140359393421106,0.006567176859565406,-0.27194531500068525,-0.020130647774466215,0.52878004673649
530,2.014101611110706,0.0038477237095586115,-0.2709652031170855,-0.016018906965586246,0.5294967044367809
531,2.014140088347802,0.0011380716783877605,-0.269982741023577,-0.011914936893781385,0.5302134145486789
532,2.014151469064586,-0.0015617557318480068,-0.2689980052434514,-0.007818831958122014,0.5309301326406632
533,2.0141358515072674,-0.004251735784282551,-0.26801107125014795,-0.0037306859765858565,0.5316468144359789
534,2.0140933341494245,-0.006931846496784017,-0.26702201346803106,0.0003494078137524749,0.532363415816709
535,2.0140240156844564,-0.00960206663146432,-0.26603090527386186,0.004421356756522889,0.5330798928277404
536,2.013927995018142,-0.012262375684202933,-0.26503781900008444,0.00848506877584451,0.5337962016806247
537,2.0138053712613,-0.014912753874203774,-0.2640428259378403,0.012540452376169122,0.5345122987572696
538,2.013656243722558,-0.01755318213358221,-0.2630459963403495,0.016587416641965957,0.5352281406137401
539,2.013480711901222,-0.02018364209698572,-0.26204739942514543,0.020625871237383287,0.535943683984063
540,2.013278875480252,-0.022804116091237184,-0.26104710337658416,0.024655726405881602,0.5366588857839308
541,2.0130508343193396,-0.02541458712500303,-0.2600451753514525,0.02867689296988575,0.537373703114289
542,2.0127966884480895,-0.02801503887851756,-0.25904168148370915,0.0326892823304023,0.5380880932649056
543,2.0125165380593044,-0.030605455693354624,-0.25803668688944414,0.0366928064666148,0.5388020137178005
544,2.012210483502371,-0.03318582256224908,-0.2570302556680068,0.04068737793540874,0.5395154221507742
545,2.0118786252767484,-0.03575612511892915,-0.2560224509065323,0.04467290987085491,0.5402282764408517
546,2.011521064025559,-0.03831634962799448,-0.2550133346867592,0.04864931598375489,0.5409405346675537
547,2.0111379005292793,-0.040866482974862076,-0.25400296808974043,0.05261651056114443,0.5416521551161056
548,2.0107292356995305,-0.04340651265575948,-0.25299141120299323,0.05657440846578035,0.542363096280605
549,2.010295170572973,-0.04593642676778942,-0.25197872312503977,0.060522925135470924,0.5430733168674006
550,2.009835806305295,-0.04845621399903981,-0.25096496197053314,0.06446197658244618,0.5437827757982646
551,2.0093512441653045,-0.050965863618745166,-0.24995018487598192,0.06839147939277412,0.5444914322134116
552,2.008841585529117,-0.05346536546750499,-0.2489344480063599,0.07231135072569594,0.5451992454745261
553,2.008306931874442,-0.05595470994756858,-0.24791780656218093,0.0762215083130117,0.5459061751676687
554,2.0077473847749667,-0.05843388801319038,-0.24690031478650454,0.0801218704583656,0.5466121811061895
555,2.007163045894835,-0.06090289116105545,-0.2458820259693137,0.08401235603651425,0.5473172233336692
556,2.006554016983224,-0.06336171142074858,-0.24486299245476184,0.08789288449257368,0.5480212621267302
557,2.0059203998690167,-0.06581034134529619,-0.24384326564893255,0.0917633758412707,0.5487242579978239
558,2.0052622964555638,-0.06824877400178546,-0.2428228960267914,0.09562375066618567,0.54942617169789
559,2.0045798087155458,-0.07067700296205338,-0.24180193314072118,0.09947393011897812,0.5501269642189855
560,2.003873038685925,-0.0730950222934606,-0.24078042562715007,0.10331383591850794,0.5508265967970256
561,2.0031420884629907,-0.07550282654973212,-0.23975842121281954,0.10714339034999605,0.5515250309143381
562,2.0023870601974934,-0.0779004107618603,-0.2387359667209643,0.1109625162641862,0.5522222283021627
563,2.0016080560898746,-0.08028777042906995,-0.237713108080555,0.11477113707646537,0.552918150943111
564,2.000805178385584,-0.08266490150987552,-0.23668989033481913,0.11856917676601479,0.5536127610735277
565,1.999978529370485,-0.08503180041322371,-0.2356663576500967,0.12235655987488914,0.5543060211858445
566,1.9991282113663529,-0.08738846398972468,-0.23464255332139416,0.1261332115070609,0.5549978940309991
567,1.9982543267264556,-0.08973488952293861,-0.23361851978074777,0.1298990573274232,0.5556883426207931
568,1.9973569778312263,-0.09207107472074608,-0.23259429860553738,0.1336540235608575,0.5563773302300966
569,1.9964362670840188,-0.09439701770680149,-0.2315699305278135,0.13739803699127148,0.5570648203989585
570,1.9954922969069508,-0.09671271701207962,-0.2305454554415476,0.14113102496064553,0.557750776934699
571,1.99452516973683,-0.09901817156649509,-0.22952091241199513,0.1448529153679651,0.5584351639140952
572,1.993534988021165,-0.10131338069061505,-0.22849633968319127,0.14856363666819894,0.5591179456854463
573,1.9925218542142589,-0.10359834408744696,-0.2274717746848509,0.15226311787125618,0.5597990868705394
574,1.9914858707733845,-0.10587306183429547,-0.22644725404085297,0.15595128854096815,0.5604785523665661
575,1.9904271401550415,-0.108137534374704,-0.22542281357955718,0.1596280787939987,0.5611563073480472
576,1.9893457648112944,-0.11039176251049954,-0.2243984883422595,0.16329341929879862,0.5618323172686643
577,1.9882418471861893,-0.11263574739392214,-0.2233743125924903,0.16694724127449279,0.5625065478630786
578,1.98711548971225,-0.11486949051984709,-0.22235031982359377,0.17058947648973424,0.5631789651488243
579,1.9859667948070516,-0.11709299371808302,-0.22132654276614372,0.17422005726156942,0.5638495354280577
580,1.9847958648698707,-0.11930625914574444,-0.22030301339635516,0.17783891645434707,0.5645182252891736
581,1.9836028022784133,-0.12150928927970794,-0.21927976294489726,0.18144598747857812,0.5651850016084289
582,1.9823877093856164,-0.12370208690915699,-0.21825682190657558,0.1850412042898091,0.5658498315514975
583,1.9811506885165249,-0.12588465512822275,-0.21723422004991,0.18862450138744088,0.5665126825750599
584,1.9798918419652427,-0.12805699732872186,-0.21621198642591488,0.19219581381351994,0.5671735224283886
585,1.9786112719919555,-0.13021911719298104,-0.21519014937392944,0.19575507715153673,0.5678323191548772
586,1.9773090808200258,-0.13237101868672033,-0.214168736531678,0.19930222752522084,0.5684890410934872
587,1.9759853706331585,-0.13451270605203705,-0.21314777484392256,0.20283720159735424,0.5691436568801158
588,1.974640243572638,-0.1366441838004763,-0.2121272905726601,0.2063599365685788,0.5697961354488736
589,1.9732738017346332,-0.13876545670620288,-0.21110730930508304,0.20987037017618657,0.5704464460333862
590,1.971886147167571,-0.1408765297992537,-0.21008785596241197,0.21336844069281533,0.5710945581682005
591,1.9704773818695784,-0.14297740835887787,-0.20906895480631071,0.21685408692522826,0.5717404416899994
592,1.9690476077859898,-0.14506809790694095,-0.20805062944846076,0.22032724821305463,0.5723840667387828
593,1.9675969268069204,-0.14714860420142553,-0.2070329028589879,0.22378786442757256,0.5730254037589635
594,1.9661254407649063,-0.1492189332300154,-0.2060157973753718,0.22723587597043077,0.5736644235004787
595,1.9646332514326061,-0.15127909120376914,-0.20499933471224807,0.23067122377238858,0.5743010970198691
596,1.9631204605205685,-0.15332908455089161,-0.20398353596981833,0.23409384929197827,0.5749353956814358
597,1.9615871696750595,-0.15536891991058982,-0.20296842164179263,0.2375036945142269,0.5755672911582206
598,1.9600334804759536,-0.15739860412700782,-0.2019540116219687,0.24090070194935145,0.5761967554330083
599,1.9584594944346836,-0.15941814424322745,-0.20094032521429717,0.24428481463145782,0.5768237607992467
600,1.9568653129922513,-0.1614275474953704,-0.1999273811407576,0.24765597611726423,0.5774482798618876
601,1.9552510375172976,-0.16342682130677796,-0.19891519755007914,0.25101413048479093,0.5780702855382139
602,1.95361676930423,-0.16541597328227875,-0.19790379202702102,0.25435922233203706,0.5786897510586964
603,1.951962609571407,-0.16739501120254896,-0.19689318159974434,0.2576911967756067,0.579306649967881
604,1.9502886594593816,-0.1693639430185464,-0.19588338274768358,0.2610099994494066,0.5799209561250862
605,1.9485950200291962,-0.17132277684602323,-0.19487441140932926,0.26431557650329823,0.5805326437051539
606,1.946881792260736,-0.1732715209601165,-0.19386628299055242,0.2676078746017615,0.5811416871991197
607,1.9451490770511348,-0.17521018379002204,-0.19285901237303893,0.2708868409225773,0.5817480614148156
608,1.9433969752132345,-0.17713877391375243,-0.19185261392334452,0.2741524231554622,0.5823517414775149
609,1.941625587474097,-0.17905730005298587,-0.19084710150190642,0.2774045695007096,0.5829527028305509
610,1.9398350144735672,-0.18096577106800493,-0.18984248846932728,0.28064322866781677,0.5835509212358854
611,1.9380253567628871,-0.1828641959526982,-0.18883878769336726,0.28386834987412324,0.5841463727746452
612,1.93619671480336,-0.1847525838296319,-0.18783601155584417,0.28707988284345204,0.5847390338476021
613,1.9343491889650637,-0.18663094394519034,-0.18683417196230567,0.2902777778047643,0.5853288811755656
614,1.9324828795256117,-0.1884992856648134,-0.18583328034995628,0.2934619854908242,0.5859158917997309
615,1.9305978866689635,-0.19035761846831295,-0.18483334769473725,0.2966324571368003,0.5865000430821199
616,1.9286943104842804,-0.19220595194526033,-0.18383438452030387,0.2997891444788742,0.5870813127060099
617,1.9267722509648277,-0.19404429579046334,-0.18283640090474673,0.30293199975283,0.587659678676325
618,1.924831808006923,-0.19587265979951074,-0.18183940648740293,0.30606097569270657,0.5882351193198713
619,1.922873081408928,-0.1976910538643848,-0.18084341047634678,0.3091760255294223,0.5888076132855836
620,1.9208961708702843,-0.1994994879691483,-0.17984842165603587,0.31227710298938155,0.5893771395447973
621,1.9189011759905927,-0.20129797218570866,-0.17885444839546571,0.3153641622931228,0.589943677391386
622,1.9168881962687356,-0.20308651666966332,-0.17786149865478107,0.3184371581539207,0.5905072064419606
623,1.914857331102039,-0.20486513165621117,-0.17686957999286435,0.32149604577638585,0.5910677066360619
624,1.9128086797854769,-0.20663382745613976,-0.17587869957589208,0.3245407808550739,0.5916251582362874
625,1.9107423415109155,-0.2083926144518987,-0.1748888641797186,0.32757131957309776,0.5921795418283798
626,1.9086584153663966,-0.2101415030936959,-0.17390008020291892,0.330587618600756,0.5927308383212491
627,1.9065570003354597,-0.21188050389572508,-0.17291235366565183,0.33358963509413664,0.5932790289470431
628,1.9044381952965024,-0.2136096274323816,-0.17192569022994708,0.3365773266937284,0.5938240952611152
629,1.9023020990221786,-0.21532888433468103,-0.17094009518512476,0.339550651523083,0.5943660191419778
630,1.9001488101788317,-0.2170382852865322,-0.16995557348839951,0.34250956818729467,0.5949047827913699
631,1.8979784273259663,-0.21873784102141622,-0.16897212972372455,0.34545403577178957,0.5954403687341355
632,1.8957910489157521,-0.22042756231865349,-0.1679897681766762,0.34838401384065654,0.5959727598181276
633,1.8935867732925655,-0.22210746000042028,-0.1670084927442539,0.3512994624357199,0.5965019392141008
634,1.8913656986925613,-0.22377754492786284,-0.1660283070672619,0.35420034207440876,0.5970278904155265
635,1.8891279232432827,-0.22543782799853543,-0.1650492143813953,0.357086613749535,0.5975505972384708
636,1.8868735449632974,-0.22708832014234934,-0.16407121770607325,0.35995823892622003,0.5980700438211054
637,1.8846026617618739,-0.2287290323194101,-0.16309431965279786,0.36281517954295184,0.5985862146239193
638,1.8823153714386798,-0.2303599755159381,-0.1621185226302535,0.3656573980067818,0.5990990944289035
639,1.8800117716835203,-0.23198116074224065,-0.16114382867220334,0.36848485719640095,0.5996086683402039
640,1.877691960076098,-0.2335925990289627,-0.1601702395791682,0.3712975204552144,0.6001149217825241
641,1.8753560340858084,-0.23519430142475437,-0.15919775684842152,0.37409535159645574,0.6006178405024494
642,1.8730040910715609,-0.2367862789932386,-0.15822638168623282,0.37687831489475637,0.6011174105661095
643,1.8706362282816285,-0.23836854281010092,-0.15725611507652948,0.37964637509182225,0.6016136183608981
644,1.8682525428535275,-0.2399411039608662,-0.15628695767507583,0.382399497388789,0.6021064505930483
645,1.8658531318139189,-0.24150397353761696,-0.15531890994276543,0.38513764744953005,0.6025958942888189
646,1.8634380920785427,-0.24305716263704463,-0.15435197204725415,0.38786079139684915,0.6030819367932768
647,1.8610075204521723,-0.24460068235751717,-0.1533861439174078,0.390568895810914,0.6035645657695273
648,1.8585615136285971,-0.24613454379669117,-0.1524214252680256,0.3932619277306119,0.6040437691995494
649,1.8561001681906302,-0.24765875804937146,-0.1514578155295665,0.39593985464776293,0.604519535381641
650,1.8536235806101364,-0.24917333620466717,-0.15049531395187832,0.39860264451058774,0.604991852932058
651,1.8511318472480898,-0.25067828934418596,-0.14953391953335338,0.4012502657185947,0.6054607107827635
652,1.848625064354648,-0.25217362853951947,-0.14857363104915589,0.4038826871227207,0.6059260981814375
653,1.846103328069253,-0.25365936485001106,-0.14761444709560978,0.4064998780251407,0.606388004691671
654,1.843566734420753,-0.2551355093209671,-0.14665636602000376,0.4091018081746839,0.6068464201906042
655,1.8410153793275432,-0.25660207298116716,-0.14569938599471977,0.41168844776934954,0.607301334870308
656,1.8384493585977315,-0.2580590668411144,-0.14474350499595,0.41425976745216264,0.6077527392356546
657,1.8358687679293204,-0.2595065018910739,-0.14378872078110838,0.4168157383103516,0.608200624103774
658,1.8332737029104096,-0.26094438909888495,-0.14283503095467331,0.41935633187593296,0.6086449806045563
659,1.8306642590194206,-0.2623727394084317,-0.14188243291965552,0.42188152012120217,0.6090858001780146
660,1.8280405316253363,-0.26379156373762824,-0.14093092389518613,0.4243912754600516,0.6095230745750612
661,1.82540261598796,-0.26520087297658007,-0.13998050095686,0.4268855707459084,0.6099567958564388
662,1.822750607258194,-0.2666006779861486,-0.13903116098876733,0.42936437926894844,0.6103869563909544
663,1.8200846004783326,-0.2679909895960363,-0.13808290071863238,0.43182767475741257,0.6108135488563888
664,1.8174046905823722,-0.2693718186032226,-0.1371357167329279,0.4342754313741938,0.6112365662373535
665,1.81471097239634,-0.2707431757705519,-0.13618960544164782,0.43670762371572763,0.6116560018244945
666,1.8120035406386343,-0.2721050718249684,-0.1352445631185284,0.43912422681242785,0.6120718492148052
667,1.8092824899203848,-0.2734575174561537,-0.13430058590346183,0.44152521612511103,0.612484102309146
668,1.8065479147458232,-0.2748005233151883,-0.13335766977902175,0.44391056754480107,0.6128927553121172
669,1.8037999095126713,-0.2761341000129785,-0.13241581060650987,0.44628025739219335,0.6132978027318238
670,1.8010385685125416,-0.2774582581190436,-0.13147500412294288,0.4486342624144685,0.6136992393775142
671,1.7982639859313512,-0.2787730081602731,-0.13053524592493426,0.4509725597854314,0.6140970603596515
672,1.7954762558497483,-0.28007836061952246,-0.12959653149932304,0.45329512710437475,0.6144912610890809
673,1.7926754722435532,-0.2813743259345157,-0.12865885621940576,0.45560194239337604,0.6148818372748915
674,1.789861728984208,-0.28266091449670977,-0.12772221533341455,0.45789298409740725,0.6152687849245209
675,1.787035119839241,-0.2839381366500439,-0.1267866039911536,0.46016823108291616,0.6156521003426038
676,1.7841957384727405,-0.2852060026899554,-0.1258520172417632,0.46242766263546176,0.616031780129031
677,1.781343678445841,-0.28646452286237306,-0.12491845002486457,0.46467125845967244,0.6164078211789715
678,1.7784790332172171,-0.28771370736262175,-0.12398589719236686,0.46689899867776935,0.6167802206816305
679,1.7756018961435909,-0.2889535663345454,-0.12305435351018357,0.4691108638274033,0.6171489761183617
680,1.7727123604802455,-0.2901841098696472,-0.12212381364736791,0.4713068348614544,0.6175140852624866
681,1.769810519381549,-0.29140534800612083,-0.121194272192795,0.4734868931466459,0.6178755461780995
682,1.7668964659014879,-0.2926172907280488,-0.12026572366206079,0.47565102046149704,0.6182333572181005
683,1.7639702929942074,-0.29381994796466937,-0.11933816248725915,0.47779919899593143,0.6185875170238005
684,1.7610320935145607,-0.29501332958954196,-0.11841158303055321,0.4799314113500959,0.618938024523816
685,1.7580819602186653,-0.2961974454198475,-0.11748597959233553,0.48204764053231336,0.6192848789321321
686,1.7551199857644668,-0.29737230521577085,-0.11656134640370519,0.4841478699584648,0.6196280797475399
687,1.752146262712309,-0.29853791867980795,-0.11563767763503652,0.486232083451037,0.6199676267526705
688,1.749160883525511,-0.29969429545615833,-0.11471496740617759,0.4883002652371255,0.6203035200119946
689,1.7461639405709495,-0.3008414451302201,-0.11379320978130769,0.49035239994762003,0.620635759870922
690,1.7431555261196472,-0.30197937722803314,-0.11287239877225241,0.4923884726164039,0.6209643469550512
691,1.740135732347367,-0.30310810121575565,-0.11195252834854452,0.4944084686785004,0.6212892821681691
692,1.7371046513352093,-0.3042276264992411,-0.11103359243760602,0.49641237396901844,0.621610566691054
693,1.7340623750702169,-0.30533796242361716,-0.110115584925079,0.49840017472244336,0.6219282019807287
694,1.7310089954459806,-0.30643911827286796,-0.10919849966356088,0.5003718575710083,0.622242189768704
695,1.727944604263252,-0.3075311032695036,-0.10828233047626812,0.5023274095433935,0.6225525320594946
696,1.724869293230557,-0.3086139265742663,-0.10736707115593047,0.5042668180639726,0.6228592311297992
697,1.7217831539648143,-0.30968759728582557,-0.10645271547025104,0.5061900709515164,0.6231622895270328
698,1.718686277991956,-0.310752124440528,-0.10553925716634716,0.5080971564177237,0.6234617100675346
699,1.7155787567475507,-0.31180751701219145,-0.10462668997104574,0.5099880630663526,0.6237574958355011
700,1.7124606815774288,-0.31285378391190194,-0.10371500759484453,0.5118627798922051,0.6240496501818261
701,1.7093321437383098,-0.3138909339878504,-0.10280420373722565,0.5137212962796254,0.6243381767221905
702,1.7061932343984312,-0.3149189760252227,-0.101894272088634,0.5155636020014526,0.6246230793357607
703,1.703044044638179,-0.31593791874610905,-0.1009852063330241,0.5173896872181005,0.6249043621641784
704,1.6998846654507178,-0.31694777080943926,-0.100077000152059,0.5191995424762134,0.6251820296098638
705,1.6967151877426234,-0.31794854081095975,-0.09916964722797239,0.5209931587074522,0.6254560863343603
706,1.693535702334514,-0.31894023728323945,-0.09826314124678381,0.5227705272275583,0.6257265372571572
707,1.6903462999616814,-0.31992286869570735,-0.09735747590108978,0.5245316397352492,0.625993387554328
708,1.6871470712747243,-0.3208964434547183,-0.09645264489271721,0.5262764883109127,0.6262566426566493
709,1.683938106840177,-0.3218609699036455,-0.09554864193388468,0.5280050654155802,0.6265163082482208
710,1.6807194971411406,-0.32281645632298434,-0.09464546075211411,0.5297173638899355,0.6267723902652308
711,1.6774913325779106,-0.3237629109305055,-0.09374309509410983,0.5314133769531126,0.6270248948941683
712,1.6742537034686056,-0.3247003418814466,-0.09284153872638035,0.5330930982015493,0.6272738285701712
713,1.671006700049791,-0.32562875726871043,-0.09194078543825146,0.5347565216079794,0.6275191979757097
714,1.6677504124771039,-0.3265481651230929,-0.09104082904699773,0.5364036415203474,0.6277610100392016
715,1.664484930825873,-0.3274585734135629,-0.09014166339982088,0.5380344526606381,0.6279992719331232
716,1.6612103450917373,-0.3283599900475611,-0.08924328237418067,0.5396489501238457,0.6282339910724305
717,1.6579267451912616,-0.3292524228713029,-0.08834567988153408,0.5412471293769373,0.6284651751132286
718,1.6546342209625486,-0.33013587967011826,-0.08744884987178958,0.542828986257747,0.6286928319511083
719,1.6513328621658474,-0.3310103681688361,-0.08655278633462604,0.5443945169738977,0.6289169697193038
720,1.6480227584841591,-0.33187589603218237,-0.08565748329927292,0.5459437181017801,0.6291375967871793
721,1.6447039995238373,-0.3327324708651751,-0.08476293484098507,0.5474765865854941,0.6293547217587945
722,1.6413766748151855,-0.333580100213585,-0.08386913508441118,0.5489931197357589,0.6295683534711289
723,1.6380408738130496,-0.3344187915644291,-0.08297607820297426,0.5504933152288867,0.6297785009923325
724,1.6346966858974052,-0.3352485523464588,-0.08208375842117421,0.5519771711057576,0.6299851736201798
725,1.6313442003739407,-0.3360693899306706,-0.08119217002151569,0.5534446857707409,0.6301883808805764
726,1.627983506474634,-0.33688131163088575,-0.08030130734494101,0.5548958579906774,0.6303881325256543
727,1.6246146933583252,-0.3376843247043352,-0.0794111647896445,0.5563306868938829,0.6305844385320453
728,1.6212378501112819,-0.3384784363522316,-0.0785217368133928,0.5577491719690981,0.630777309099347
729,1.6178530657477594,-0.33926365372036554,-0.07763301794072142,0.5591513130644499,0.6309667546484432
730,1.6144604292105558,-0.3400399838997728,-0.07674500276396934,0.5605371103864923,0.6311527858195544
731,1.611060029371558,-0.3408074339274125,-0.07585768594284836,0.5619065644991923,0.6313354134705855
732,1.6076519550322839,-0.34156601078684096,-0.07497106220772043,0.5632596763228704,0.6315146486755769
733,1.6042362949244156,-0.34231572140891814,-0.07408512636534414,0.5645964471331705,0.631690502723003
734,1.6008131377103263,-0.34305657267257156,-0.07319987329921673,0.5659168785601284,0.6318629871138299
735,1.5973825719836006,-0.3437885714055636,-0.07231529796996483,0.567220972587181,0.6320321135598036
736,1.593944686269545,-0.34451172438526334,-0.07143139541756494,0.5685087315501259,0.6321978939818006
737,1.5904995690256925,-0.345226038339439,-0.0705481607663705,0.5697801581361299,0.632360340508019
738,1.587047308642298,-0.34593151994710264,-0.06966558922623545,0.5710352553828161,0.6325194654720693
739,1.583587993442827,-0.346628175839365,-0.06878367609246538,0.5722740266772756,0.6326752814112412
740,1.5801217116844333,-0.3473160126002897,-0.06790241674740738,0.5734964757550548,0.6328278010647673
741,1.5766485515584303,-0.3479950367677638,-0.06702180666634305,0.5747026066991663,0.6329770373720196
742,1.5731686011907526,-0.34866525483442723,-0.06614184141873203,0.5758924239391859,0.6331230034706192
743,1.5696819486424083,-0.34932667324861455,-0.06526251666855609,0.5770659322502912,0.6332657126946499
744,1.5661886819099222,-0.3499792984153001,-0.0643838281748832,0.5782231367522513,0.6334051785728974
745,1.5626888889257693,-0.3506231366970489,-0.06350577179766503,0.5793640429084405,0.6335414148270444
746,1.5591826575587988,-0.3512581944150256,-0.06262834350016844,0.5804886565249668,0.6336744353697362
747,1.5556700756146487,-0.3518844778500273,-0.061751539348204876,0.5815969837497291,0.633804254302751
748,1.5521512308361485,-0.35250199324350934,-0.060875355509673046,0.5826890310714351,0.6339308859151835
749,1.5486262109037134,-0.35311074679860605,-0.059999788259852416,0.5837648053186095,0.6340543446816271
750,1.5450951034357274,-0.35371074468120456,-0.059124833984436354,0.5848243136587375,0.6341746452602216
751,1.5415579959889154,-0.3543019930210489,-0.058250489180369236,0.5858675635973637,0.634291802490744
752,1.538014976058705,-0.35488449791285265,-0.05737675045527357,0.5868945629771154,0.6344058313928036
753,1.5344661310795764,-0.3554582654174054,-0.05650361453045871,0.5879053199767007,0.6345167471640267
754,1.5309115484254023,-0.35602330156271,-0.05563107824551494,0.5888998431100513,0.6346245651781129
755,1.5273513154097753,-0.35657961234516516,-0.054759138559274945,0.589878141225444,0.6347293009829106
756,1.5237855192863237,-0.3571272037307579,-0.053887792548912294,0.5908402235045679,0.6348309702985161
757,1.520214247249016,-0.357666081656247,-0.053017037411862145,0.5917860994615418,0.6349295890154162
758,1.5166375864324537,-0.35819625203036565,-0.05214687047055966,0.5927157789420188,0.6350251731925642
759,1.51305562391215,-0.35871772073507124,-0.05127728917329044,0.593629272122357,0.6351177390554106
760,1.5094684467047992,-0.35923049362680415,-0.050408291094070634,0.5945265895087104,0.6352073029939603
761,1.5058761417685311,-0.3597345765377449,-0.049539873932593625,0.5954077419360668,0.6352938815609083
762,1.5022787960031536,-0.3602299752770708,-0.048672035518879664,0.5962727405673233,0.6353774914696825
763,1.498676496250383,-0.36071669563225955,-0.04780477381668424,0.5971215968924775,0.6354581495924619
764,1.4950693292940602,-0.3611947433704264,-0.04693808692313839,0.5979543227277385,0.6355358729582519
765,1.491457381860356,-0.3616641242396578,-0.046071973068608774,0.5987709302145956,0.6356106787509703
766,1.4878407406179595,-0.3621248439703439,-0.04520643061859175,0.5995714318188691,0.635682584307542
767,1.484219492178256,-0.36257690827652983,-0.04434145807888923,0.6003558403298778,0.6357516071158755
768,1.4805937230954909,-0.36302032285731867,-0.04347705409528224,0.6011241688596229,0.6358177648128605
769,1.4769635198669178,-0.3634550933982714,-0.042613217453353336,0.6018764308418778,0.6358810751824298
770,1.473328968932935,-0.363881225572805,-0.041749947078952854,0.6026126400312596,0.6359415561536167
771,1.469690156677207,-0.3642987250435945,-0.040887242041831584,0.6033328105023382,0.6359992257985652
772,1.466047169426771,-0.36470759746401277,-0.04002510155834971,0.6040369566488609,0.6360541023304652
773,1.4624000934521308,-0.36510784847959626,-0.039163524991872034,0.6047250931828703,0.6361062041016201
774,1.4587490149673348,-0.36549948372951496,-0.03830251185283462,0.6053972351338001,0.6361555496014973
775,1.4550940201300395,-0.36588250884804335,-0.03744206179942644,0.6060533978475582,0.6362021574547482
776,1.4514351950415592,-0.3662569294660376,-0.0365821746415218,0.6066935969857032,0.6362460464191699
777,1.4477726257468988,-0.3666227512124528,-0.03572285034208811,0.6073178485246347,0.6362872353836989
778,1.4441063982347744,-0.3669799797158737,-0.03486408901769655,0.6079261687547216,0.6363257433664119
779,1.4404365984376157,-0.3673286206060507,-0.0340058909393659,0.6085185742794073,0.6363615895125372
780,1.4367633122315553,-0.36766867951544435,-0.033148256532331555,0.6090950820143143,0.6363947930924524
781,1.4330866254364008,-0.36800016208076763,-0.03229118637949169,0.6096557091864585,0.6364253734996369
782,1.4294066238155931,-0.3683230739445626,-0.03143468122243975,0.6102004733334192,0.6364533502486565
783,1.4257233930761475,-0.368637420756787,-0.03057874196249255,0.6107293923024721,0.6364787429731377
784,1.4220370188685796,-0.3689432081764119,-0.02972336966001965,0.6112424842497147,0.636501571423714
785,1.4183475867868154,-0.3692404418730121,-0.028868565536290802,0.6117397676391846,0.6365218554660611
786,1.4146551823680853,-0.369529127528375,-0.028014330976779966,0.6122212612420774,0.636539615078863
787,1.4109598910928016,-0.3698092708381428,-0.027160667532044602,0.6126869841359073,0.6365548703517839
788,1.4072617983844202,-0.3700808775134632,-0.02630757691781893,0.6131369557036527,0.6365676414834094
789,1.4035609896092855,-0.3703439532826413,-0.025455061014563185,0.6135711956328647,0.6365779487792541
790,1.3998575500764592,-0.3705985038927869,-0.024603121869555267,0.6139897239148285,0.6365858126497234
791,1.3961515650375314,-0.3708445351114824,-0.023751761699910556,0.6143925608437892,0.6365912536080434
792,1.3924431196864164,-0.3710820527284816,-0.022900982892501975,0.6147797270161145,0.6365942922682015
793,1.3887322991591315,-0.3713110625574066,-0.02205078800368021,0.6151512433294387,0.6365949493429047
794,1.3850191885335574,-0.3715315704374434,-0.0212011797591094,0.6155071309817813,0.6365932456415675
795,1.381303872829183,-0.3717435822350345,-0.020352161055761098,0.6158474114707271,0.636589202068253
796,1.3775864370068327,-0.37194710384559215,-0.01950373496496738,0.6161721065926499,0.636582839619583
797,1.3738669659683769,-0.37214214119524186,-0.018655904731903483,0.6164812384418702,0.6365741793827041
798,1.3701455445564246,-0.3723287002425609,-0.017808673775945305,0.6167748294097949,0.6365632425332658
799,1.366422257553999,-0.3725067869803203,-0.01696204569096693,0.6170529021840437,0.6365500503333995
800,1.3626971896841957,-0.37267640743722996,-0.016116024246639604,0.6173154797476317,0.6365346241296597
801,1.3589704256098234,-0.37283756767969634,-0.01527061339087199,0.6175625853781938,0.6365169853509227
802,1.3552420499330264,-0.37299027381360506,-0.014425817249843487,0.6177942426471386,0.6364971555063695
803,1.3515121471948903,-0.3731345319861034,-0.0135816401284794,0.6180104754188027,0.6364751561834326
804,1.3477808018750292,-0.3732703483873882,-0.012738086509485047,0.6182113078495907,0.6364510090457365
805,1.3440480983911554,-0.37339772925248305,-0.01189516105459587,0.6183967643871485,0.636424735831036
806,1.3403141210986305,-0.37351668086302897,-0.01105286860628496,0.6185668697695883,0.6363963583491397
807,1.3365789542900002,-0.37362720954909184,-0.010211214188189377,0.6187216490246514,0.6363658984798558
808,1.3328426821945092,-0.3737293216909738,-0.009370203005460986,0.618861127468867,0.6363333781709132
809,1.3291053889775994,-0.37382302372102844,-0.008529840444939651,0.6189853307066867,0.6362988194359561
810,1.3253671587403892,-0.3739083221254778,-0.007690132075330869,0.6190942846296535,0.636262244352486
811,1.3216280755191345,-0.37398522344623114,-0.0068510836488711035,0.6191880154156064,0.6362236750598029
812,1.3178882232846723,-0.37405373428271976,-0.006012701101927309,0.6192665495278499,0.6361831337569606
813,1.314147685941845,-0.3741138612937391,-0.005174990555236736,0.6193299137143166,0.6361406427007051
814,1.3104065473289077,-0.3741656111992915,-0.004337958313835877,0.6193781350067131,0.6360962242034143
815,1.3066648912169148,-0.37420899078242986,-0.003501610866765148,0.6194112407196752,0.636049900631057
816,1.3029228013090906,-0.3742440068910975,-0.0026659548883634088,0.6194292584499659,0.6360016944011341
817,1.2991803612401795,-0.3742706664399811,-0.0018309972387875462,0.619432216075653,0.6359516279806248
818,1.2954376545757798,-0.37428897641236897,-0.0009967449640768677,0.619420141755272,0.6358997238839297
819,1.2916947648116561,-0.37429894386200974,-0.0001632052963196351,0.6193930639269737,0.6358460046708165
820,1.287951775373036,-0.3743005759149729,0.0006696143473194915,0.6193510113076666,0.6357904929443929
821,1.2842087696138864,-0.37429387977149975,0.001501706363742361,0.6192940128921981,0.6357332113490456
822,1.2804658308161714,-0.37427886270786226,0.0023330629625717414,0.6192220979525371,0.6356741825684198
823,1.2767230421890927,-0.3742555320782366,0.0031636761658559998,0.619135296036925,0.6356134293233687
824,1.2729804868683103,-0.374223895316578,0.003993537808757441,0.6190336369690328,0.6355509743699125
825,1.2692382479151445,-0.3741839599384904,0.004822639539898699,0.6189171508470859,0.6354868404972368
826,1.2654964083157596,-0.3741357335430915,0.005650972821398259,0.6187858680430244,0.6354210505256529
827,1.2617550509803286,-0.3740792238148775,0.006478528927473803,0.6186398192016875,0.6353536273045439
828,1.2580142587421799,-0.3740144385256028,0.007305298944397798,0.6184790352399783,0.6352845937103243
829,1.2542741143569238,-0.3739413855361588,0.008131273771321279,0.6183035473459981,0.6352139726444215
830,1.2505347005015621,-0.3738600727984456,0.008956444120915563,0.6181133869781882,0.6351417870312686
831,1.2467960997735776,-0.37377050835723646,0.009780800519958444,0.6179085858644616,0.6350680598162741
832,1.2430583946900053,-0.37367270035203687,0.010604333308954494,0.6176891760013781,0.6349928139637643
833,1.2393216676864849,-0.3735666570189473,0.011427032641027068,0.617455189653306,0.6349160724549694
834,1.2355860011162954,-0.373452386692537,0.012248888482948583,0.6172066593515535,0.634837858286027
835,1.23185147724937,-0.3733298978077075,0.013069890615444724,0.616943617893499,0.6347581944659952
836,1.2281181782712929,-0.3731991989015531,0.013890028633469775,0.6166660983417122,0.6346771040148688
837,1.2243861862822774,-0.3730602986152184,0.014709291946946035,0.616374134023087,0.6345946099615621
838,1.2206555832961252,-0.37291320569574893,0.015527669780466269,0.6160677585280103,0.634510735341885
839,1.2169264512391678,-0.3727579289979443,0.01634515117347357,0.6157470057094854,0.6344255031965765
840,1.2131988719491884,-0.3725944774862096,0.017161724980818693,0.6154119096822595,0.6343389365693171
841,1.2094729271743263,-0.3724228602364014,0.017977379872993193,0.6150625048219462,0.634251058504735
842,1.2057486985719623,-0.37224308643767146,0.01879210433715084,0.6146988257641351,0.6341618920464334
843,1.2020262677075857,-0.3720551653942999,0.019605886677942497,0.6143209074035245,0.6340714602350009
844,1.1983057160536428,-0.37185910652752047,0.02041871501765824,0.6139287848930545,0.6339797861060473
845,1.1945871249883675,-0.3716549193773439,0.021230577296500464,0.613522493643022,0.6338868926882348
846,1.190870575794594,-0.3714426136043789,0.02204146127410711,0.6131020693201988,0.6337928030013016
847,1.1871561496585503,-0.37122219899163783,0.022851354528483636,0.6126675478469296,0.6336975400541119
848,1.183443927668634,-0.3709936854463529,0.023660244458569846,0.6122189654002339,0.633601126842725
849,1.1797339908141704,-0.37075708300176724,0.02446811828398454,0.6117563584109069,0.633503586348424
850,1.1760264199841528,-0.3705124018189274,0.025274963045973653,0.6112797635626582,0.6334049415358269
851,1.1723212959659635,-0.37025965218846774,0.02608076560826511,0.610789217791157,0.6333052153509121
852,1.1686186994440788,-0.36999884453238513,0.02688551265684902,0.610284758283204,0.6332044307191227
853,1.1649187109987549,-0.36972998940581664,0.027689190701676303,0.6097664224757339,0.633102610543382
854,1.1612214111046968,-0.3694530974987999,0.028491786078128634,0.6092342480549637,0.6329997777022495
855,1.1575268801297087,-0.3691681796380185,0.029293284947355946,0.6086882729554542,0.6328959550479649
856,1.1538351983333286,-0.36887524678854494,0.03009367329694923,0.6081285353591932,0.6327911654045589
857,1.1501464458654431,-0.3685743100555755,0.030892936942705784,0.6075550736947108,0.632685431565944
858,1.1464607027648874,-0.36826538068614845,0.03169106152932866,0.6069679266361289,0.6325787762940084
859,1.142778048958026,-0.3679484700708552,0.03248803253129262,0.6063671331022183,0.6324712223167489
860,1.1390985642573175,-0.36762358974554227,0.03328383525446954,0.6057527322554812,0.6323627923263881
861,1.1354223283598621,-0.36729075139299755,0.03407845483732963,0.6051247635012225,0.6322535089774896
862,1.1317494208459322,-0.3669499668446243,0.034871876251652,0.604483266486599,0.6321433948851211
863,1.128079921177486,-0.3666012480821077,0.03566408430342172,0.6038282810996827,0.6320324726229937
864,1.124413908696665,-0.3662446072390735,0.03645506363462392,0.603159847468518,0.6319207647216067
865,1.1207514626242743,-0.3658800566027272,0.03724479872452502,0.6024780059601605,0.6318082936664201
866,1.117092662058247,-0.3655076086154819,0.03803327389109823,0.6017827971797113,0.631695081896014
867,1.1134375859720922,-0.36512727587657096,0.03882047329217819,0.6010742619693673,0.6315811518002546
868,1.1097863132133265,-0.36473907114364923,0.039606380926766604,0.6003524414074707,0.631466525718468
869,1.10613892250189,-0.36434300733438163,0.040390980636522134,0.5996173768075359,0.6313512259376514
870,1.1024954924285462,-0.3639390975280164,0.041174256107183727,0.5988691097172737,0.6312352746906627
871,1.098856101453266,-0.3635273549669446,0.04195619087033586,0.5981076819176111,0.6311186941544303
872,1.0952208279035966,-0.36310779305824126,0.04273676830522266,0.5973331354217113,0.6310015064481534
873,1.0915897499730143,-0.362680425375189,0.0435159716403799,0.5965455124739901,0.6308837336315181
874,1.0879629457192623,-0.3622452656587853,0.04429378395510275,0.595744855549134,0.6307653977029403
875,1.0843404930626745,-0.3618023278192342,0.045070188181133286,0.5949312073511053,0.6306465205978018
876,1.0807224697844822,-0.3613516259374229,0.0458451671041149,0.5941046108121415,0.6305271241867034
877,1.077108953525108,-0.36089317426638173,0.04661870336538643,0.593265109091746,0.630407230273739
878,1.0735000217824442,-0.36042698723272787,0.047390779463634125,0.5924127455756754,0.6302868605947675
879,1.0698957519101169,-0.3599530794380915,0.0481613777567258,0.5915475638749264,0.6301660368156894
880,1.0662962211157359,-0.35947146566052424,0.048930480463935666,0.5906696078247198,0.6300447805307413
881,1.0627015064591305,-0.3589821608558849,0.04969806966784729,0.5897789214834842,0.6299231132607958
882,1.0591116848505717,-0.35848518015920644,0.05046412731599004,0.5888755491318254,0.629801056451661
883,1.0555268330489798,-0.35798053888604653,0.05122863522253107,0.5879595352714955,0.6296786314723911
884,1.0519470276601193,-0.3574682525338212,0.051991575070040597,0.5870309246243546,0.6295558596136097
885,1.048372345134781,-0.35694833678312077,0.052752928412291844,0.5860897621313224,0.6294327620858592
886,1.0448028617669498,-0.3564208074989979,0.05351267667660364,0.5851360929513286,0.6293093600179596
887,1.0412386536919598,-0.3558856807322318,0.054270801165707816,0.5841699624602679,0.6291856744553641
888,1.0376797968846374,-0.3553429727205747,0.05502728305956106,0.5831914162499442,0.6290617263585112
889,1.0341263671574317,-0.354792699889979,0.05578210341751655,0.582200500127013,0.6289375366011862
890,1.0305784401585318,-0.3542348788558039,0.05653524318028236,0.5811972601119026,0.6288131259689372
891,1.0270360913699739,-0.35366952642400107,0.057286683172730335,0.5801817424377359,0.6286885151575027
892,1.023499396105734,-0.35309665959227376,0.05803640410602773,0.5791539935492475,0.6285637247712157
893,1.0199684295098113,-0.3525162955512135,0.058784386579737724,0.5781140601017084,0.6284387753214309
894,1.016443266554299,-0.3519284516854161,0.05953061108445068,0.5770619889598337,0.6283136872249505
895,1.012923982037445,-0.3513331455745716,0.06027505800341837,0.5759978271966949,0.6281884808024734
896,1.0094106505816993,-0.3507303949945374,0.06101770761540948,0.5749216220926079,0.6280631762770659
897,1.005903346631754,-0.3501202179183833,0.06175854009732751,0.5738334211340266,0.6279377937726361
898,1.0024021444525701,-0.3495026325174101,0.06249753552675319,0.5727332720124348,0.6278123533124111
899,0.9989071181273961,-0.34887765716214253,0.06323467388404724,0.5716212226232208,0.627686874817442
900,0.9954183415557747,-0.3482453104233021,0.06396993505464188,0.5704973210645679,0.6275613781050869
901,0.9919358884515417,-0.34760561107275567,0.06470329883215387,0.569361615636321,0.6274358828875408
902,0.9884598323408141,-0.34695857808443414,0.06543474492120227,0.568214154838851,0.6273104087703876
903,0.9849902465599698,-0.3463042306352221,0.0661642529399753,0.5670549873719092,0.6271849752511423
904,0.9815272042536176,-0.3456425881058224,0.06689180242263726,0.5658841621334875,0.6270596017177984
905,0.9780707783725594,-0.34497367008159596,0.0676173728219287,0.564701728218668,0.6269343074473785
906,0.9746210416717435,-0.3442974963533767,0.0683409435116733,0.5635077349184617,0.6268091116045403
907,0.9711780667082097,-0.34361408691826,0.06906249378958451,0.5623022317186418,0.6266840332401996
908,0.9677419258390271,-0.34292346198036416,0.06978200288047187,0.5610852682985733,0.6265590912901462
909,0.9643126912192235,-0.34222564195155947,0.07049944993860358,0.5598568945300394,0.6264343045736629
910,0.9608904347997079,-0.3415206474521734,0.07121481405068408,0.5586171604760599,0.6263096917921617
911,0.9574752283251862,-0.3408084993116666,0.07192807423870073,0.5573661163897068,0.6261852715278212
912,0.9540671433320695,-0.3400892185692796,0.07263920946244173,0.5561038127129103,0.6260610622422538
913,0.9506662511463767,-0.33936282647465515,0.07334819862248709,0.5548303000752539,0.6259370822752066
914,0.9472726228816302,-0.33862934448843024,0.07405502056331725,0.5535456292927768,0.6258133498432479
915,0.9438863294367459,-0.33788879428279706,0.07475965407619078,0.55224985136676,0.6256898830384794
916,0.940507441493918,-0.33714119774203516,0.07546207790195103,0.5509430174825082,0.6255666998272608
917,0.9371360295164977,-0.3363865769630156,0.07616227073438342,0.5496251790081321,0.6254438180489297
918,0.9337721637468676,-0.33562495425567174,0.07686021122288667,0.5482963874933181,0.6253212554145507
919,0.9304159142043108,-0.33485635214344295,0.0775558779756258,0.5469566946680909,0.6251990295056877
920,0.9270673506828764,-0.3340807933636867,0.0782492495626963,0.545606152441573,0.6250771577731815
921,0.9237265427492395,-0.3332983008680598,0.07894030451911949,0.5442448129007409,0.6249556575359425
922,0.9203935597405589,-0.33250889782286863,0.07962902134790006,0.5428727283091697,0.624834545979778
923,0.9170684707623302,-0.3317126076093896,0.08031537852304815,0.5414899511057745,0.6247138401562039
924,0.9137513446862363,-0.33090945382415915,0.0809993544925991,0.5400965339035456,0.6245935569812884
925,0.9104422501479947,-0.3300994602792331,0.08168092768207735,0.5386925294882736,0.6244737132345158
926,0.9071412555452024,-0.3292826510024122,0.08236007649742527,0.537277990817273,0.6243543255576558
927,0.9038484290351783,-0.32845905023743804,0.08303677932811837,0.5358529710180969,0.6242354104536479
928,0.9005638385328039,-0.3276286824441569,0.08371101455047159,0.5344175233872508,0.6241169842855053
929,0.8972875517083623,-0.3267915722986522,0.0843827605306724,0.5329717013888994,0.6239990632752294
930,0.8940196359853757,-0.3259477446933455,0.08505199562776733,0.531515558653559,0.6238816635027536
931,0.8907601585384423,-0.3250972247370678,0.08571869819714584,0.5300491489767939,0.6237648009048873
932,0.8875091862910716,-0.3242400377550964,0.08638284659389761,0.5285725263179012,0.6236484912742785
933,0.8842667859135206,-0.32337620928915745,0.08704441917608552,0.5270857447985898,0.6235327502583946
934,0.881033023820629,-0.3225057650973966,0.08770339430805629,0.5255888587016563,0.6234175933585133
935,0.8778079661696551,-0.32162873115431606,0.08835975036364463,0.5240819224696575,0.6233030359287213
936,0.874591678858112,-0.32074513365067964,0.0890134657290953,0.5225649907035713,0.6231890931749496
937,0.8713842275216052,-0.3198549989933886,0.08966451880671356,0.5210381181614518,0.6230757801540316
938,0.8681856775316713,-0.3189583538053215,0.09031288801818471,0.5195013597570781,0.6229631117727611
939,0.8649960939936181,-0.3180552249251396,0.09095855180788481,0.5179547705585975,0.6228511027869815
940,0.8618155417443667,-0.3171456394070608,0.09160148864601814,0.5163984057871628,0.6227397678006769
941,0.8586440853502961,-0.31622962452060066,0.09224167703178576,0.5148323208155692,0.6226291212650633
942,0.8554817891050901,-0.31530720775028276,0.09287909549683171,0.513256571166876,0.6225191774777314
943,0.8523287170275873,-0.3143784167953144,0.09351372260854474,0.5116712125130288,0.622409950581804
944,0.8491849328596341,-0.3134432795692289,0.09414553697338457,0.5100763006734719,0.6223014545650961
945,0.8460505000639419,-0.31250182419949507,0.09477451724023922,0.5084718916137592,0.6221937032592928
946,0.8429254818219469,-0.3115540790270927,0.0954006421038267,0.5068580414441585,0.6220867103391309
947,0.839809941031676,-0.3106000726060545,0.096023890307948,0.5052348064182483,0.6219804893216196
948,0.8367039403056155,-0.309639833702975,0.09664424064858235,0.5036022429315076,0.6218750535652637
949,0.8336075419685857,-0.3086733912964892,0.09726167197708468,0.5019604075199016,0.6217704162693133
950,0.8305208080556208,-0.3077007745767183,0.09787616320394044,0.5003093568584619,0.621666590473027
951,0.8274438003098536,-0.30672201294467893,0.09848769330209395,0.49864914775986013,0.6215635890549652
952,0.8243765801804068,-0.30573713601165803,0.09909624131009487,0.4969798371729766,0.6214614247322865
953,0.8213192088202902,-0.3047461735985571,0.0997017863355909,0.49530148218146614,0.621360110060047
954,0.8182717470843046,-0.30374915573520117,0.10030430755848974,0.49361414000231835,0.6212596574305259
955,0.8152342555269526,-0.3027461126596162,0.10090378423410318,0.49191786798440384,0.6211600790725924
956,0.8122067944003565,-0.30173707481727513,0.10150019569666213,0.49021272360701934,0.6210613870510787
957,0.8091894236521837,-0.30072207286030855,0.10209352136263838,0.4884987644784292,0.6209635932661605
958,0.8061822029235807,-0.2997011376466822,0.10268374073382214,0.48677604833439886,0.6208667094527726
959,0.8031851915471139,-0.298674300239344,0.10327083340029075,0.4850446330367263,0.6207707471800311
960,0.8001984485447204,-0.29764159190534106,0.1038547790437705,0.4833045765717679,0.620675717850663
961,0.797222032625667,-0.2966030441149033,0.104435557441096,0.48155593704895405,0.6205816327004727
962,0.794256002184518,-0.2955586885404923,0.10501314846736998,0.47979877269930027,0.6204885027978251
963,0.7913004152991131,-0.2945085570558186,0.10558753209919836,0.4780331418739179,0.620396339043128
964,0.7883553297285549,-0.29345268173482664,0.10615868841791665,0.47625910304252467,0.6203051521683356
965,0.7854208029112066,-0.2923910948506475,0.10672659761286063,0.47447671479194087,0.6202149527364691
966,0.7824968919627001,-0.29132382887451885,0.10729123998408197,0.4726860358245803,0.6201257511411793
967,0.7795836536739549,-0.29025091647467804,0.10785259594530139,0.4708871249569386,0.6200375576063039
968,0.7766811445092081,-0.28917239051522503,0.1084106460276879,0.46908004111807483,0.6199503821854536
969,0.7737894206040559,-0.2880882840549482,0.1089653708829652,0.46726484334808566,0.6198642347616071
970,0.7709085377635064,-0.28699863034611856,0.10951675128661575,0.46544159079657826,0.6197791250467417
971,0.7680385514600453,-0.2859034628332524,0.11006476814063415,0.4636103427211506,0.6196950625814636
972,0.7651795168317128,-0.2848028151518461,0.11060940247636708,0.4617711584858595,0.6196120567346439
973,0.7623314886801944,-0.2836967211270824,0.11115063545779291,0.4599240975596647,0.6195301167031028
974,0.7594945214689236,-0.2825852147725045,0.11168844838428171,0.4580692195148812,0.6194492515113028
975,0.7566686693211986,-0.28146833028866164,0.11222282269374828,0.45620658402562364,0.6193694700110701
976,0.753853986018312,-0.28034610206172417,0.1127537399655476,0.45433625086626217,0.6192907808813303
977,0.7510505249976948,-0.2792185646620687,0.11328118192327263,0.4524582799098723,0.6192131926278602
978,0.7482583393510741,-0.2780857528428359,0.1138051304379406,0.45057273112665874,0.6191367135830381
979,0.7454774818226457,-0.27694770153845644,0.1143255675308863,0.4486796645823849,0.6190613519055979
980,0.7427080048072612,-0.27580444586314756,0.11484247537645764,0.44677914043679634,0.6189871155804327
981,0.7399499603486297,-0.274656021109383,0.11535583630438273,0.4448712189420548,0.6189140124184378
982,0.7372034001375358,-0.2735024627463392,0.1158656328029406,0.4429559604411631,0.6188420500563487
983,0.7344683755100724,-0.27234380641830985,0.11637184752185892,0.4410334253663673,0.6187712359565881
984,0.7317449374458893,-0.2711800879430913,0.11687446327490969,0.43910367423756047,0.6187015774071265
985,0.7290331365664584,-0.2700113433103422,0.11737346304209195,0.4371667676606965,0.6186330815213861
986,0.726333023133355,-0.26883760867992124,0.11786882997285808,0.43522276632621326,0.6185657552381564
987,0.7236446470465558,-0.2676589203801927,0.11836054738906032,0.43327173100741523,0.6184996053215015
988,0.720968057842754,-0.26647531490630205,0.11884859878726672,0.4313137225588595,0.6184346383606935
989,0.718303304693691,-0.2652868289184294,0.11933296784066405,0.42934880191475033,0.6183708607701741
990,0.7156504364045067,-0.2640934992400228,0.11981363840236181,0.42737703008735156,0.6183082787895481
991,0.7130095014121064,-0.2628953628559992,0.12029059450794133,0.42539846816535465,0.6182468984835777
992,0.7103805477835464,-0.2616924569109198,0.12076382037730093,0.42341317731224576,0.618186725742198
993,0.7077636232144372,-0.2604848187071468,0.12123330041718505,0.4214212187646931,0.6181277662805653
994,0.7051587750273657,-0.2592724857029749,0.12169901922379323,0.4194226538309435,0.6180700256391086
995,0.7025660501703359,-0.2580554955107369,0.12216096158506273,0.41741754388916963,0.618013509183591
996,0.6999854952152286,-0.2568338858948863,0.12261911248246493,0.415405950385827,0.61795822210519
997,0.6974171563562797,-0.2556076947700617,0.1230734570939851,0.4133879348340432,0.6179041694206175
998,0.694861079408579,-0.2543769601991218,0.1235239807963806,0.4113635588119792,0.6178513559722415
999,0.6923173098065878,-0.253141720391158,0.1239706691666087,0.40933288396117035,0.6177997864281962
1000,0.6897858926026762,-0.25190201369949194,0.12441350798422124,0.4072959719848873,0.6177494652825504
1001,0.6872668724656813,-0.2506578786196498,0.12485248323403253,0.4052528846465161,0.6177003968555068
1002,0.6847602936794848,-0.24940935378730944,0.12528758110744165,0.40320368376788407,0.6176525852935848
1003,0.6822662001416117,-0.24815647797623502,0.1257187880042876,0.40114843122759786,0.6176060345698208
1004,0.6797846353618493,-0.2468992900961921,0.12614609053561932,0.39908718895941814,0.6175607484840042
1005,0.6773156424608874,-0.24563782919083588,0.12656947552527775,0.3970200189505971,0.6175167306629223
1006,0.674859264168979,-0.24437213443558314,0.12698893001157008,0.3949469832401943,0.6174739845606035
1007,0.6724155428246232,-0.24310224513546752,0.12740444124967665,0.39286814391743763,0.6174325134585984
1008,0.6699845203732686,-0.24182820072297068,0.12781599671303434,0.39078356312007234,0.6173923204662797
1009,0.6675662383660389,-0.2405500407558403,0.1282235840946544,0.3886933030326682,0.617353408521148
1010,0.6651607379584805,-0.23926780491489374,0.12862719130931843,0.3865974258849631,0.6173157803891749
1011,0.6627680599093316,-0.23798153300180058,0.12902680649507836,0.3844959939502101,0.6172794386651755
1012,0.6603882445793137,-0.23669126493684978,0.12942241801464416,0.38238906954347884,0.61724438577315
1013,0.6580213319299452,-0.2353970407567033,0.12981401445766538,0.3802767150199909,0.6172106239666622
1014,0.6556673615223781,-0.23409890061212668,0.13020158464179143,0.3781589927734664,0.6171781553292489
1015,0.6533263725162569,-0.23279688476570878,0.13058511761361302,0.37603596523442384,0.6171469817748025
1016,0.6509984036685998,-0.23149103358957265,0.13096460265072718,0.37390769486850645,0.6171171050479966
1017,0.6486834933327041,-0.23018138756306536,0.1313400292627276,0.3717742441748256,0.6170885267247725
1018,0.6463816794570735,-0.22886798727043808,0.1317113871924147,0.36963567568425226,0.6170612482127988
1019,0.644092999584369,-0.22755087339851396,0.13207866641779087,0.36749205195774615,0.6170352707519431
1020,0.6418174908503839,-0.22623008673433603,0.13244185715241996,0.3653434355846943,0.617010595414775
1021,0.6395551899830405,-0.22490566816281185,0.13280094984679525,0.36318988918120115,0.6169872231070482
1022,0.6373061333014124,-0.22357765866434387,0.13315593519012126,0.36103147538841934,0.6169651545682387
1023,0.635070356714769,-0.22224609931244263,0.13350680411045035,0.3588682568708749,0.6169443903720964
1024,0.6328478957216446,-0.22091103127133815,0.13385354777605163,0.3567002963147534,0.6169249309271922
1025,0.6306387854089311,-0.21957249579357763,0.13419615759656445,0.3545276564262391,0.6169067764774863
1026,0.6284430604509954,-0.21823053421761202,0.1345346252235491,0.35235039992982964,0.6168899271029276
1027,0.6262607551088193,-0.21688518796537654,0.13486894255188675,0.35016858956662683,0.6168743827200639
1028,0.6240919032291655,-0.2155364985398577,0.13519910172024585,0.34798228809268117,0.6168601430826698
1029,0.6219365382437669,-0.21418450752265522,0.13552509511155275,0.34579155827729136,0.616847207782362
1030,0.6197946931685404,-0.21282925657153967,0.13584691535441062,0.34359646290131046,0.616835576249248
1031,0.617666400602825,-0.21147078741799558,0.1361645553231694,0.34139706475547976,0.6168252477526216
1032,0.615551692728645,-0.2101091418647639,0.1364780081386796,0.3391934266387178,0.6168162214016223
1033,0.6134506013099973,-0.2087443617833771,0.13678726716891187,0.3369856113564445,0.6168084961459351
1034,0.6113631576921635,-0.20737648911168796,0.13709232602917787,0.33477368171890515,0.6168020707764943
1035,0.6092893928010467,-0.2060055658513962,0.13739317858322386,0.3325577005394598,0.6167969439262037
1036,0.6072293371425327,-0.20463163406556398,0.13768981894312193,0.33033773063292515,0.6167931140707069
1037,0.605183020801877,-0.20325473587613277,0.13798224146965743,0.3281138348138799,0.6167905795291184
1038,0.6031504734431157,-0.20187491346143616,0.1382704407729407,0.32588607589497726,0.61678933846478
1039,0.6011317243085013,-0.20049220905370674,0.1385544117120019,0.3236545166852789,0.6167893888860637
1040,0.5991268022179642,-0.1991066649365867,0.13883414939577565,0.32141921998854917,0.6167907286471593
1041,0.5971357355685983,-0.19771832344262896,0.13910964918291913,0.3191802486015909,0.6167933554488872
1042,0.595158552334172,-0.19632722695079974,0.13938090668185077,0.31693766531256384,0.6167972668395161
1043,0.593195280064664,-0.19493341788398122,0.13964791775104346,0.3146915328992929,0.6168024602155828
1044,0.5912459458858242,-0.19353693870647082,0.13991067849861483,0.31244191412761335,0.6168089328227409
1045,0.5893105764987595,-0.1921378319214847,0.14016918528274136,0.3101888717496743,0.616816681756636
1046,0.5873891981795447,-0.19073614006865727,0.14042343471116103,0.3079324685022776,0.6168257039637972
1047,0.5854818367788581,-0.18933190572154568,0.14067342364131985,0.3056727671052045,0.6168359962425144
1048,0.5835885177216427,-0.18792517148513252,0.14091914918020865,0.30340983025953594,0.6168475552437357
1049,0.5817092660067913,-0.18651597999333042,0.14116060868392344,0.30114372064599876,0.6168603774719879
1050,0.579844106206858,-0.1851043739064912,0.14139779975776978,0.29887450092328227,0.6168744592862904
1051,0.5779930624677931,-0.1836903959089135,0.14163072025544676,0.2966022337263856,0.6168897969010987
1052,0.576156158508704,-0.18227408870635903,0.14185936827898926,0.29432698166494736,0.6169063863872528
1053,0.5743334176216405,-0.18085549502356912,0.14208374217820063,0.2920488073215813,0.6169242236729371
1054,0.5725248626714048,-0.17943465760178703,0.14230384055026302,0.2897677732502255,0.6169433045446634
1055,0.5707305160953869,-0.17801161919628444,0.14251966223911894,0.2874839419744749,0.616963624648266
1056,0.5689503999034241,-0.1765864225738933,0.14273120633462755,0.28519737598594286,0.6169851794899044
1057,0.5671845356776852,-0.17515911051054697,0.14293847217267452,0.2829081377425974,0.6170079644370642
1058,0.5654329445725798,-0.1737297257888202,0.14314145933384648,0.28061628966712,0.6170319747195898
1059,0.5636956473146916,-0.17229831119548175,0.14334016764343538,0.27832189414525554,0.6170572054307174
1060,0.5619726642027367,-0.1708649095190474,0.14353459716995198,0.27602501352416836,0.6170836515280987
1061,0.5602640151075462,-0.16942956354734787,0.1437247482247328,0.27372571011081365,0.6171113078348552
1062,0.5585697194720727,-0.16799231606510057,0.14391062136086763,0.2714240461702782,0.6171401690406498
1063,0.5568897963114217,-0.1665532098514919,0.14409221737237576,0.26912008392416886,0.6171702297027711
1064,0.5552242642129067,-0.16511228767776812,0.14426953729369862,0.26681388554895513,0.6172014842472077
1065,0.553573141336129,-0.16366959230483114,0.14444258239814545,0.2645055131743698,0.6172339269697698
1066,0.5519364454130807,-0.1622251664808497,0.14461135419733595,0.26219502888176804,0.6172675520371638
1067,0.5503141937482723,-0.16077905293887634,0.1447758544400557,0.25988249470251595,0.6173023534881206
1068,0.5487064032188835,-0.15933129439447574,0.14493608511115919,0.2575679726163768,0.6173383252345274
1069,0.5471130902749388,-0.1578819335433642,0.14509204843041412,0.25525152454987987,0.6173754610625496
1070,0.5455342709395051,-0.15643101305906004,0.14524374685138342,0.25293321237473243,0.6174137546337909
1071,0.5439699608089146,-0.15497857559054623,0.14539118306022059,0.25061309790619984,0.6174531994864376
1072,0.5424201750530091,-0.153524663759944,0.14553435997431863,0.24829124290150434,0.6174937890364187
1073,0.5408849284154097,-0.1520693201602008,0.14567328074131636,0.24596770905822843,0.6175355165785807
1074,0.5393642352138077,-0.15061258735278765,0.145807948737533,0.24364255801272194,0.6175783752878717
1075,0.5378581093402799,-0.14915450786541232,0.14593836756670808,0.2413158513385118,0.6176223582205284
1076,0.5363665642616258,-0.14769512418974526,0.14606454105855815,0.23898765054471716,0.6176674583152808
1077,0.5348896130197283,-0.14623447877915965,0.14618647326744227,0.23665801707447418,0.6177136683945653
1078,0.5334272682319366,-0.14477261404648523,0.14630416847096206,0.23432701230335046,0.6177609811657423
1079,0.5319795420914718,-0.1433095723617756,0.14641763116841844,0.23199469753777863,0.6178093892223081
1080,0.5305464463678541,-0.14184539605009142,0.14652686607907972,0.22966113401348548,0.6178588850451192
1081,0.5291279924073532,-0.1403801273893006,0.14663187814095258,0.22732638289393317,0.6179094610036397
1082,0.5277241911334601,-0.1389138086078911,0.14673267250895794,0.22499050526875836,0.6179611093571836
1083,0.5263350530473813,-0.1374464818828015,0.14682925455365092,0.22265356215221582,0.6180138222561615
1084,0.5249605882285533,-0.13597818933726502,0.14692162985930457,0.22031561448162987,0.6180675917433341
1085,0.5236008063351807,-0.13450897303867196,0.14700980422215904,0.21797672311585972,0.6181224097550795
1086,0.522255716604794,-0.13303887499645037,0.14709378364881398,0.21563694883375534,0.6181782681226857
1087,0.5209253278548295,-0.13156793715996223,0.1471735743545055,0.21329635233263033,0.6182351585736248
1088,0.5196096484832299,-0.1300962014164172,0.1472491827613409,0.2109549942267248,0.6182930727328486
1089,0.5183086864690657,-0.12862370958880373,0.14732061549648623,0.20861293504568917,0.6183520021240752
1090,0.5170224493731777,-0.12715050343383888,0.1473878793905209,0.2062702352330672,0.61841193817107
1091,0.5157509443388393,-0.1256766246399337,0.14745098147541102,0.20392695514478462,0.6184728721989576
1092,0.5144941780924399,-0.12420211482517961,0.14750992898285742,0.20158315504764243,0.6185347954355302
1093,0.5132521569441881,-0.12272701553535104,0.14756472934220222,0.19923889511781573,0.6185976990125532
1094,0.5120248867888346,-0.12125136824192902,0.1476153901786048,0.1968942354393583,0.6186615739670775
1095,0.5108123731064154,-0.11977521434014299,0.14766191931103012,0.19454923600271087,0.6187264112427789
1096,0.5096146209630139,-0.11829859514703268,0.1477043247502441,0.19220395670322457,0.6187922016913031
1097,0.5084316350115435,-0.11682155189953024,0.14774261469706118,0.18985845733967707,0.6188589360736041
1098,0.5072634194925483,-0.11534412575255963,0.14777679754009732,0.1875127976128063,0.6189266050612836
1099,0.5061099782350227,-0.11386635777715863,0.1478068818539391,0.18516703712384278,0.6189951992379403
1100,0.5049713146572511,-0.11238828895861926,0.14783287639687892,0.18282123537305026,0.619064709100503
1101,0.5038474317676649,-0.11090996019465046,0.147854790109207,0.18047545175827545,0.6191351250605895
1102,0.5027383321657184,-0.10943141229355843,0.14787263211070878,0.17812974557349417,0.6192064374458679
1103,0.5016440180427828,-0.1079526859724513,0.14788641169891648,0.17578417600737725,0.6192786365014168
1104,0.5005644911830582,-0.10647382185546216,0.14789613834659598,0.17343880214184945,0.6193517123910831
1105,0.4994997529645036,-0.10499486047199619,0.14790182169996724,0.1710936829506671,0.6194256551988421
1106,0.49844980435978364,-0.10351584225499652,0.1479034715762756,0.16874887729798768,0.619500454930187
1107,0.49741464593723367,-0.10203680753923378,0.1479010979619244,0.16640444393696824,0.6195761015135104
1108,0.4963942778618413,-0.10055779655961453,0.14789471101023743,0.16406044150834542,0.6196525848014758
1109,0.4953886998962452,-0.09907884944951215,0.14788432103926885,0.1617169285390463,0.6197298945723941
1110,0.49439791140175005,-0.09760000623911946,0.14786993852948405,0.15937396344078267,0.6198080205316029
1111,0.49342191133935887,-0.0961213068538246,0.14785157412159744,0.15703160450867182,0.619886952312848
1112,0.4924606982708206,-0.09464279111260862,0.14782923861438646,0.15468990991984713,0.6199666794796819
1113,0.4915142703596945,-0.09316449872646476,0.14780294296235452,0.152348937732085,0.6200471915268619
1114,0.49058262537242986,-0.09168646929684122,0.14777269827361328,0.1500087458824354,0.6201284778817348
1115,0.48966576067946144,-0.09020874231410508,0.14773851580744013,0.14766939218586334,0.620210527905621
1116,0.48876367325632036,-0.0887313571560307,0.14770040697239473,0.1453309343338928,0.6202933308951997
1117,0.48787635968476006,-0.08725435308630676,0.14765838332361725,0.14299342989326078,0.62037687608392
1118,0.487003816153897,-0.08577776925307058,0.14761245656101318,0.140656936304581,0.620461152643401
1119,0.4861460384613663,-0.08430164468746043,0.14756263852645446,0.13832151088100808,0.6205461496848328
1120,0.48530302201449166,-0.08282601830219591,0.14750894120202973,0.13598721080691878,0.6206318562603769
1121,0.4844747618314697,-0.08135092889017559,0.14745137670707065,0.13365409313658191,0.6207182613645763
1122,0.4836612525425679,-0.07987641512310488,0.1473899572966375,0.13132221479286035,0.6208053539357524
1123,0.4828624883913369,-0.07840251555013848,0.14732469535854165,0.12899163256589283,0.6208931228574118
1124,0.4820784632358355,-0.07692926859655307,0.1472556034115563,0.12666240311181334,0.6209815569596466
1125,0.48130917054986994,-0.07545671256243751,0.147182694102575,0.12433458295144466,0.6210706450205314
1126,0.48055460342424555,-0.0739848856214118,0.14710598020486743,0.12200822846903821,0.6211603757675179
1127,0.4798147545680314,-0.07251382581936312,0.14702547461524662,0.11968339591097621,0.6212507378788429
1128,0.47908961630983776,-0.07104357107321066,0.1469411903522594,0.11736014138452544,0.6213417199849283
1129,0.47837918059910567,-0.06957415916968807,0.14685314055341403,0.11503852085656383,0.6214333106697959
1130,0.4776834390074088,-0.06810562776415392,0.14676133847323192,0.11271859015234659,0.6215254984724674
1131,0.47700238272976725,-0.0666380143794216,0.146665797480674,0.1104004049542444,0.6216182718883604
1132,0.47633600258597303,-0.06517135640461484,0.14656653105690587,0.10808402080052502,0.6217116193707002
1133,0.4756842890219269,-0.06370569109404578,0.1464635527931185,0.10576949308410898,0.6218055293319146
1134,0.47504723211098643,-0.06224105556611459,0.14635687638802963,0.10345687705136256,0.6218999901450245
1135,0.4744248215553253,-0.060777486802234285,0.14624651564594804,0.1011462278008749,0.6219949901450461
1136,0.47381704668730296,-0.05931502164577483,0.1461324844738207,0.09883760028226006,0.6220905176303781
1137,0.47322389647084523,-0.05785369680103662,0.1460147968797082,0.09653104929495877,0.6221865608641873
1138,0.47264535950283487,-0.05639354883223953,0.14589346696969402,0.09422662948704456,0.6222831080757998
1139,0.4720814240145125,-0.054934614162542576,0.14576850894644527,0.09192439535404916,0.622380147462095
1140,0.47153207787288703,-0.053476929073078126,0.14563993710621365,0.08962440123777692,0.6224776671888955
1141,0.47099730858215627,-0.052020529702016,0.14550776583707153,0.08732670132516132,0.622575655392359
1142,0.4704771032851361,-0.0505654520436453,0.1453720096164135,0.08503134964708323,0.6226741001803546
1143,0.46997144876469965,-0.04911173194748116,0.1452326830086148,0.08273840007724736,0.6227729896338452
1144,0.46948033144522483,-0.047659405117395005,0.14508980066325144,0.08044790633101491,0.6228723118082722
1145,0.4690037373940509,-0.046208507110762485,0.14494337731214446,0.07815992196429183,0.6229720547349245
1146,0.46854165232294326,-0.04475907333764106,0.14479342776806792,0.07587450037238833,0.6230722064223102
1147,0.46809406158956685,-0.04331113905996039,0.1446399669213888,0.0735916947889079,0.6231727548575214
1148,0.46766095019896725,-0.041864739390746496,0.1444830097389488,0.07131155828464207,0.6232736880075983
1149,0.4672423028050598,-0.040419909293357,0.14432257126090087,0.06903414376645367,0.6233749938208978
1150,0.46683810371212625,-0.038976683580747976,0.1441586665993519,0.0667595039762066,0.6234766602284485
1151,0.46644833687631876,-0.037535096914754464,0.1439913109355953,0.0644876914896501,0.6235786751452995
1152,0.4660729859071712,-0.03609518380539851,0.14382051951818048,0.062218758715378866,0.6236810264718806
1153,0.46571203406911726,-0.03465697861021671,0.1436463076609261,0.05995275789373119,0.6237837020953497
1154,0.4653654642830151,-0.03322051553360745,0.14346869074037288,0.05768974109575883,0.6238866898909398
1155,0.46503325912767907,-0.03178582862620372,0.14328768419429053,0.055429760222149974,0.6239899777232982
1156,0.46471540084141705,-0.030352951784260822,0.14310330351884698,0.0531728670022025,0.6240935534478141
1157,0.4644118713235744,-0.028921918749072358,0.1429155642671344,0.0509191129927829,0.6241974049119454
1158,0.4641226521360837,-0.027492763106401003,0.14272448204671273,0.04866854957729281,0.6243015199565513
1159,0.4638477245050197,-0.026065518285933877,0.1425300725175388,0.046421227964663345,0.6244058864172126
1160,0.46358706932216037,-0.024640217560758505,0.14233235139021513,0.04417719918832351,0.6245104921255509
1161,0.4633406671465528,-0.02321689404685633,0.14213133442332201,0.04193651410521968,0.6246153249105382
1162,0.46310849820608424,-0.021795580702623118,0.14192703742238355,0.03969922339480195,0.6247203725997977
1163,0.462890542399058,-0.020376310328399292,0.1417194762367352,0.03746537755804822,0.6248256230209026
1164,0.462686779295774,-0.01895911556603193,0.14150866675860282,0.03523502691648792,0.6249310640026701
1165,0.4624971881401137,-0.017544028898445883,0.1412946249203173,0.03300822161122261,0.6250366833764659
1166,0.46232174785112923,-0.016131082649242706,0.14107736669277657,0.03078501160198588,0.6251424689774808
1167,0.4621604370246368,-0.014720308982314948,0.1408569080836332,0.02856544666615884,0.6252484086460283
1168,0.4620132339348137,-0.013311739901478627,0.14063326513472502,0.026349576397860328,0.6253544902288022
1169,0.4618801165357989,-0.011905407250131369,0.14040645392118445,0.02413745020697761,0.6254607015801521
1170,0.4617610624632976,-0.010501342710919521,0.14017649054838882,0.021929117318262418,0.6255670305633496
1171,0.46165604903618845,-0.009099577805435646,0.13994339115111146,0.019724626770399392,0.6256734650518405
1172,0.4615650532581341,-0.007700143893924543,0.13970717189107715,0.0175240274150881,0.625779992930497
1173,0.46148805181919483,-0.006303072175013782,0.13946784895514458,0.015327367916161502,0.6258866020968602
1174,0.4614250210974447,-0.004908393685462325,0.13922543855406733,0.013134696748657845,0.6259932804623733
1175,0.4613759371605901,-0.003516139299921654,0.1389799569198001,0.010946062197970261,0.6261000159535983
1176,0.4613407757675909,-0.002126339730723654,0.1387314203046222,0.008761512358937762,0.6262067965134529
1177,0.4613195123702837,-0.0007390255276774329,0.13847984497879323,0.006581095134991691,0.6263136101024419
1178,0.4613121221150069,0.0006457729221105157,0.1382252472289978,0.0044048582372957995,0.6264204446998727
1179,0.46131857984422797,0.0020280253944004742,0.13796764335694073,0.0022328491838725334,0.6265272883050526
1180,0.461338860098172,0.003407701827969874,0.13770704967693684,6.511529878635631e-05,0.6266341289384878
1181,0.46137293711645166,0.004784772324739254,0.13744348251520655,-0.002098296288720798,0.6267409546430709
1182,0.46142078483969906,0.006159207149891345,0.13717695820729833,-0.004257338645041624,0.6268477534852654
1183,0.461482376911198,0.007530976731964329,0.13690749309710376,-0.006411965033028092,0.6269545135562865
1184,0.4615576866785176,0.008900051662935357,0.1366351035352079,-0.008562128912815693,0.6270612229732666
1185,0.46164668719514695,0.010266402698287432,0.13635980587658247,-0.010707783942604037,0.6271678698804075
1186,0.46174935122212984,0.011630000757053269,0.1360816164802763,-0.012848883979483873,0.6272744424501396
1187,0.46186565122970036,0.012990816921856047,0.13580055170655128,-0.014985383080196892,0.6273809288842613
1188,0.4619955593989189,0.014348822438921542,0.13551662791628935,-0.01711723550193421,0.627487317415075
1189,0.4621390476233081,0.015703988718084434,0.1352298614692754,-0.019244395703110186,0.6275935963065352
1190,0.46229608751048895,0.017056287332777195,0.13494026872218845,-0.02136681834410069,0.6276997538553689
1191,0.46246665038381674,0.018405690019999067,0.13464786602829945,-0.023484458288039408,0.6278057783922004
1192,0.46265070728401675,0.019752168680282053,0.13435266973468085,-0.02559727060152451,0.6279116582826475
1193,0.46284822897081956,0.021095695377628874,0.13405469618198843,-0.027705210555384763,0.6280173819284226
1194,0.46305918592459583,0.02243624233944875,0.13375396170245912,-0.02980823362540695,0.628122937768422
1195,0.4632835483479903,0.023773781956473332,0.1334504826184131,-0.03190629549303976,0.6282283142798044
1196,0.463521286167555,0.025108286782657453,0.1331442752416065,-0.03399935204614706,0.6283334999790754
1197,0.4637723690353816,0.026439729535073526,0.1328353558710453,-0.03608735937967309,0.6284384834231499
1198,0.4640367663307323,0.027768083093783976,0.13252374079223944,-0.03817027379637828,0.6285432532104216
1199,0.46431444716167014,0.029093320501706384,0.13220944627594933,-0.040248051807514645,0.6286477979818067
1200,0.4646053803666872,0.03041541496446587,0.13189248857631536,-0.04232065013350245,0.6287521064217779
1201,0.4649095345163319,0.03173433985022905,0.131572883930636,-0.04438802570462917,0.6288561672593951
1202,0.4652268779148342,0.03305006868953538,0.13125064855723928,-0.04645013566169087,0.6289599692693381
1203,0.4655573786017295,0.0343625751751078,0.1309257986547524,-0.04850693735666737,0.6290635012729299
1204,0.4659010043534806,0.03567183316165535,0.13059835040119983,-0.05055838835337724,0.6291667521391379
1205,0.46625772268509713,0.03697781666566734,0.13026831995197857,-0.05260444642809997,0.6292697107855647
1206,0.4666275008517538,0.0382804998651871,0.1299357234398374,-0.05464506957024474,0.6293723661794453
1207,0.4670103058504057,0.03957985709958548,0.12960057697305238,-0.05668021598295141,0.629474707338626
1208,0.46740610442140157,0.040875862869316,0.12926289663433704,-0.058709844083723345,0.6295767233325383
1209,0.46781486305009473,0.0421684918356594,0.12892269848069238,-0.060733912505051446,0.6296784032831576
1210,0.4682365479684513,0.04345771882046632,0.1285799985409561,-0.06275238009498961,0.6297797363659449
1211,0.468671125156656,0.044743518805875876,0.1282348128160607,-0.06476520591778659,0.6298807118107977
1212,0.4691185603447147,0.04602586693403649,0.12788715727743177,-0.06677234925445576,0.6299813189029848
1213,0.46957881901405507,0.047304738506810794,0.12753704786580777,-0.06877376960335294,0.6300815469840613
1214,0.47005186639912316,0.04858010898546887,0.12718450049128915,-0.07076942668078315,0.6301813854527918
1215,0.47053766748897785,0.04985195399038174,0.12682953103122396,-0.0727592804215218,0.6302808237660464
1216,0.47103618702888167,0.05112024930069399,0.12647215533013484,-0.07474329097941268,0.6303798514397128
1217,0.4715473895218886,0.052384970853995315,0.12611238919881335,-0.07672141872790297,0.6304784580495771
1218,0.4720712392304286,0.05364609474598348,0.12575024841278065,-0.07869362426057709,0.6305766332321983
1219,0.47260770017788845,0.0549035972301113,0.12538574871243907,-0.08065986839172766,0.6306743666857914
1220,0.47315673615018955,0.05615745471723567,0.12501890580162517,-0.08262011215684724,0.6307716481710737
1221,0.4737183106973619,0.05740764377525191,0.12464973534681068,-0.08457431681317382,0.6308684675121167
1222,0.47429238713511446,0.05865414112872003,0.1242782529770256,-0.08652244384020791,0.6309648145971858
1223,0.4748789285464017,0.05989692365849027,0.1239044742822265,-0.08846445494019489,0.6310606793795529
1224,0.4754778977829866,0.06113596840131254,0.12352841481305638,-0.0904003120386562,0.6311560518783269
1225,0.4760892574669997,0.06237125254944309,0.12315009008044192,-0.09232997728486446,0.6312509221792645
1226,0.47671296999249413,0.0636027534502475,0.12276951555400928,-0.094253413052325,0.6313452804355629
1227,0.4773489975269966,0.06483044860578761,0.12238670666241458,-0.09617058193927736,0.6314391168686468
1228,0.47799730201305446,0.06605431567241175,0.12200167879232282,-0.09808144676913905,0.6315324217689487
1229,0.47865784516977855,0.06727433246033497,0.12161444728731319,-0.09998597059098181,0.6316251854966857
1230,0.4793305884943819,0.06849047693320809,0.12122502744847385,-0.10188411668000126,0.6317173984826288
1231,0.480015493263714,0.06970272720769286,0.12083343453264062,-0.10377584853793524,0.6318090512288391
1232,0.48071252053579094,0.0709110615530193,0.12043968375234193,-0.1056611298935367,0.6319001343094215
1233,0.48142163115132114,0.0721154583905427,0.1200437902758128,-0.10753992470299921,0.6319906383712466
1234,0.48214278573522656,0.07331589629330083,0.11964576922534387,-0.10941219715036628,0.6320805541346612
1235,0.4828759446981596,0.07451235398555427,0.11924563567780933,-0.11127791164799218,0.6321698723942142
1236,0.48362106823801515,0.07570481034233237,0.11884340466397081,-0.11313703283691877,0.6322585840193329
1237,0.48437811634143846,0.07689324438897208,0.1184390911673755,-0.11498952558729464,0.6323466799550178
1238,0.48514704878532816,0.07807763530064582,0.11803271012505889,-0.1168353549987972,0.6324341512225334
1239,0.4859278251383346,0.07925796240189639,0.11762427642621087,-0.11867448640098874,0.6325209889200633
1240,0.48672040476235356,0.08043420516615853,0.11721380491196698,-0.12050688535373322,0.6326071842233749
1241,0.48752474681401514,0.08160634321527818,0.11680131037567876,-0.1223325176475724,0.6326927283864624
1242,0.48834081024616793,0.082774356319035,0.11638680756176634,-0.12415134930407408,0.6327776127421693
1243,0.4891685538093583,0.08393822439465264,0.11597031116564793,-0.12596334657623615,0.6328618287028368
1244,0.49000793605330484,0.08509792750630914,0.11555183583397244,-0.12776847594881913,0.632945367760919
1245,0.49085891532836795,0.08625344586464884,0.11513139616347867,-0.12956670413870064,0.6330282214895884
1246,0.49172144978701443,0.08740475982628365,0.11470900670121298,-0.13135799809524487,0.6331103815433414
1247,0.49259549738527725,0.08855184989329579,0.1142846819445903,-0.1331423250006168,0.6331918396585717
1248,0.49348101588421023,0.08969469671274169,0.11385843634025561,-0.1349196522701201,0.6332725876541443
1249,0.49437796285133767,0.09083328107614425,0.11343028428475177,-0.13668994755254324,0.6333526174319639
1250,0.49528629566209914,0.09196758391899175,0.11300024012414922,-0.13845317873045296,0.6334319209775264
1251,0.49620597150128903,0.09309758632023322,0.11256831815321167,-0.1402093139205204,0.6335104903604626
1252,0.4971369473644914,0.09422326950176534,0.11213453261623874,-0.14195832147384216,0.6335883177350821
1253,0.498079180059509,0.09534461482792773,0.11169889770633823,-0.1437001699762093,0.6336653953408762
1254,0.4990326262077883,0.0964616038049911,0.11126142756491375,-0.1454348282484293,0.633741715503045
1255,0.49999724224583825,0.09757421808064022,0.11082213628277049,-0.1471622653466121,0.6338172706329995
1256,0.5009729844266446,0.09868243944346794,0.11038103789883347,-0.14888245056242713,0.6338920532288381
1257,0.5019598088210793,0.09978624982245629,0.1099381464005017,-0.15059535342341107,0.6339660558758442
1258,0.5029576713193038,0.10088563128646132,0.10949347572400125,-0.15230094369322283,0.6340392712469584
1259,0.5039665276321684,0.1019805660437013,0.10904703975392949,-0.1539991913718886,0.6341116921032353
1260,0.5049863332926054,0.1030710364412406,0.10859885232261834,-0.1556900666960994,0.6341833112943014
1261,0.5060170436570178,0.10415702496446679,0.10814892721225378,-0.15737354013942603,0.6342541217587913
1262,0.5070586139066625,0.10523851423658932,0.10769727815163554,-0.15904958241257136,0.6343241165247658
1263,0.5081109990490285,0.10631548701810567,0.10724391881993589,-0.1607181644636272,0.6343932887101602
1264,0.5091741539192095,0.10738792620630505,0.1067888628426622,-0.16237925747829168,0.6344616315231554
1265,0.5102480331812725,0.10845581483473164,0.10633212379689172,-0.16403283288007575,0.6345291382626198
1266,0.5113325913296198,0.10951913607270056,0.10587371520397793,-0.16567886233058934,0.6345958023184477
1267,0.5124277826903468,0.11057787322474033,0.10541365053989227,-0.16731731772966021,0.6346616171719984
1268,0.5135335614225942,0.11163200973013924,0.10495194322216794,-0.16894817121564468,0.6347265763963574
1269,0.5146498815198955,0.11268152916236095,0.10448860662550796,-0.17057139516552183,0.6347906736568433
1270,0.5157766968115192,0.11372641522861601,0.10402365406455949,-0.17218696219522966,0.6348539027111427
1271,0.5169139609638054,0.1147666517692616,0.10355709881336495,-0.17379484515965213,0.6349162574099123
1272,0.518061627481498,0.11580222275739527,0.10308895408405627,-0.17539501715309205,0.6349777316967898
1273,0.519219649709072,0.11683311229823583,0.10261923305035892,-0.17698745150908624,0.6350383196091068
1274,0.5203879808320543,0.11785930462873942,0.10214794882390299,-0.178572121801001,0.6350980152777186
1275,0.5215665738783417,0.11888078411697844,0.10167511447684019,-0.18014900184173263,0.6351568129278516
1276,0.5227553817195115,0.11989753526174686,0.10120074302292392,-0.18171806568438761,0.6352147068787602
1277,0.523954357072129,0.12090954269197608,0.1007248474327449,-0.18327928762185947,0.6352716915446647
1278,0.5251634524990487,0.12191679116630351,0.10024744062292923,-0.18483264218761375,0.6353277614343505
1279,0.5263826204107117,0.12291926557253283,0.09976853546404485,-0.18637810415518694,0.6353829111520591
1280,0.527611813066437,0.12391695092717325,0.09928814477626668,-0.18791564853892628,0.6354371353971467
1281,0.5288509825757087,0.12490983237493591,0.09880628133138558,-0.18944525059361994,0.6354904289648153
1282,0.530100080899458,0.1258978951882498,0.09832295785356715,-0.19096688581501592,0.635542786745939
1283,0.5313590598513406,0.12688112476678545,0.09783818701834202,-0.1924805299396565,0.6355942037275344
1284,0.5326278710990084,0.12785950663696888,0.09735198145335189,-0.1939861589452012,0.6356446749928303
1285,0.5339064661653782,0.1288330264515024,0.09686435373999602,-0.19548374905041513,0.6356941957215013
1286,0.5351947964298932,0.1298016699889024,0.09637531641145447,-0.19697327671531883,0.6357427611898462
1287,0.5364928131297823,0.13076542315301692,0.0958848819543745,-0.19845471864131825,0.6357903667710022
1288,0.5378004673613124,0.13172427197256065,0.09539306281089899,-0.19992805177124545,0.6358370079350102
1289,0.5391177100810379,0.13267820260066965,0.09489987137356715,-0.2013932532894834,0.6358826802491343
1290,0.5404444921070446,0.1336272013144053,0.09440531999398538,-0.20285030062206738,0.635927379377797
1291,0.5417807641201886,0.13457125451434518,0.09390942097423194,-0.2042991714367219,0.6359711010828915
1292,0.5431264766653321,0.1355103487240875,0.09341218657451744,-0.20573984364295492,0.6360138412238056
1293,0.544481580152573,0.13644447058983264,0.09291362901035494,-0.2071722953921857,0.6360555957574807
1294,0.5458460248584713,0.13737360687993622,0.0924137604504105,-0.20859650507766836,0.6360963607387644
1295,0.5472197609272706,0.13829774448444032,0.09191259302578025,-0.21001245133474444,0.6361361323200677
1296,0.548602738372115,0.13921687041469813,0.09141013881698412,-0.21142011304070737,0.6361749067519569
1297,0.549994907076262,0.14013097180286796,0.09090640986809784,-0.2128194693149948,0.6362126803827991
1298,0.5513962167942906,0.14104003590154893,0.09040141817918013,-0.21421049951918306,0.6362494496590001
1299,0.5528066171533061,0.1419440500833407,0.08989517570459515,-0.21559318325695453,0.6362852111252414
1300,0.5542260576541396,0.14284300184038665,0.08938769436593108,-0.21696750037434312,0.6363199614240077
1301,0.5556544876725434,0.14373687878404598,0.08887898603450961,-0.21833343095945257,0.6363536972963015
1302,0.557091856460384,0.14462566864439108,0.08836906254747867,-0.21969095534279118,0.6363864155810534
1303,0.5585381131468279,0.1455093592698659,0.08785793570253997,-0.22104005409712993,0.6364181132154426
1304,0.5599932067395266,0.14638793862689128,0.08734561725137979,-0.22238070803743562,0.6364487872350589
1305,0.5614570861257955,0.1472613947994051,0.08683211891688858,-0.2237128982211973,0.6364784347733046
1306,0.5629297000737895,0.14812971598857394,0.08631745237492217,-0.2250366059480139,0.6365070530621995
1307,0.5644109972336753,0.14899289051232315,0.08580162926699608,-0.226351812759927,0.636534639431651
1308,0.5659009261387985,0.1498509068049931,0.08528466120168998,-0.22765850044133343,0.6365611913096696
1309,0.5673994352068484,0.15070375341701,0.08476655974057001,-0.22895665101877535,0.6365867062226921
1310,0.5689064727410186,0.15155141901441574,0.08424733642005355,-0.23024624676131838,0.636611181794691
1311,0.5704219869311627,0.15239389237861625,0.08372700273565736,-0.23152727018012959,0.6366346157480306
1312,0.571945925854949,0.15323116240597282,0.08320557014436458,-0.2327997040286917,0.636657005902849
1313,0.5734782374790087,0.15406321810741647,0.08268305007936516,-0.23406353130283566,0.6366783501768363
1314,0.5750188696600829,0.15489004860821012,0.08215945392819779,-0.23531873524035837,0.636698646585941
1315,0.576567770146165,0.1557116431474921,0.08163479305059895,-0.23656529932146045,0.6367178932432439
1316,0.5781248865776399,0.15652799107799814,0.08110907877812323,-0.2378032072683716,0.6367360883595284
1317,0.5796901664884199,0.1573390818657794,0.08058232239829821,-0.23903244304530133,0.6367532302432027
1318,0.5812635573070777,0.1581449050897624,0.08005453517836991,-0.2402529908587426,0.636769317299429
1319,0.5828450063579753,0.1589454504415461,0.0795257283513251,-0.24146483515691666,0.6367843480310463
1320,0.5844344608623908,0.15974070772505936,0.07899591311317566,-0.24266796063005933,0.6367983210376805
1321,0.5860318679396415,0.1605306668561911,0.07846510064211665,-0.24386235221039607,0.6368112350155447
1322,0.5876371746082034,0.16131531786261225,0.07793330207771731,-0.24504799507167613,0.6368230887581295
1323,0.5892503277868295,0.16209465088338945,0.07740052853169699,-0.2462248746295949,0.6368338811549119
1324,0.5908712742956634,0.1628686561687064,0.07686679109662364,-0.24739297654145492,0.6368436111918241
1325,0.5924999608573505,0.16363732407967266,0.07633210082541364,-0.24855228670596005,0.6368522779513281
1326,0.5941363340981471,0.16440064508792676,0.0757964687511159,-0.24970279126354616,0.6368598806112129
1327,0.5957803405490264,0.16515860977543798,0.07525990588499898,-0.2508444765958622,0.6368664184454582
1328,0.5974319266467808,0.16591120883428792,0.07472242320045175,-0.2519773293258441,0.6368718908236198
1329,0.5990910387351237,0.16665843306629244,0.07418403165691867,-0.2531013363178263,0.6368762972100381
1330,0.6007576230657866,0.16740027338286162,0.07364474218923389,-0.2542164846769919,0.6368796371647608
1331,0.6024316257996152,0.168136720804754,0.07310456569819546,-0.2553227617496364,0.6368819103424043
1332,0.6041129930076627,0.16886776646173593,0.07256351307430631,-0.2564201551230503,0.6368831164918433
1333,0.6058016706722801,0.16959340159247896,0.07202159518156837,-0.25750865262502715,0.636883255456936
1334,0.6074976046882049,0.17031361754429464,0.07147882285488572,-0.2585882423242175,0.6368823271751133
1335,0.6092007408636478,0.1710284057728435,0.07093520692086352,-0.25965891252982426,0.636880331677527
1336,0.6109110249213763,0.17173775784205214,0.07039075817871443,-0.26072065179121856,0.636877269089433
1337,0.6126284024997968,0.17244166542383926,0.06984548740368468,-0.26177344889828963,0.6368731396286987
1338,0.6143528191540352,0.17314012029787612,0.06929940536363532,-0.26281729288100986,0.636867943606258
1339,0.6160842203570139,0.17383311435151247,0.06875252279931132,-0.26385217300916963,0.6368616814261088
1340,0.617822551500529,0.17452063957950556,0.06820485043205315,-0.26487807879266556,0.6368543535838979
1341,0.619567757896324,0.17520268808382608,0.06765639897653886,-0.2658949999809895,0.6368459606675657
1342,0.6213197847771623,0.17587925207359148,0.06710717912139508,-0.2669029265630736,0.6368365033569997
1343,0.6230785772978983,0.1765503238648055,0.06655720153960987,-0.2679018487674823,0.636825982422753
1344,0.6248440805365464,0.17721589588020156,0.0660064768985702,-0.2688917570618769,0.636814398726783
1345,0.6266162394953484,0.17787596064918726,0.0654550158410594,-0.2698726421529345,0.6368017532218326
1346,0.6283949991018403,0.17853051080759783,0.06490282899722866,-0.27084449498644875,0.6367880469502724
1347,0.6301803042099162,0.17917953909757012,0.06434992699306141,-0.27180730674679116,0.6367732810448697
1348,0.631972099600892,0.17982303836750074,0.06379632043159389,-0.27276106885687196,0.6367574567279813
1349,0.633770329984567,0.1804610015718167,0.06324201990566825,-0.2737057729781746,0.6367405753104839
1350,0.6355749400002851,0.1810934217708734,0.06268703600565417,-0.27464141101021006,0.6367226381925267
1351,0.6373858742179939,0.18172029213092994,0.062131379301307854,-0.27556797509050246,0.636703646862634
1352,0.6392030771393031,0.18234160592394302,0.06157506035358917,-0.2764854575945813,0.6366836028966874
1353,0.6410264931985425,0.1829573565274789,0.06101808972317935,-0.27739385113542436,0.6366625079586395
1354,0.6428560667638173,0.18356753742471071,0.060460477952933855,-0.27829314856345133,0.6366403637995773
1355,0.6446917421380645,0.18417214220424005,0.05990223557737595,-0.2791833429664834,0.6366171722566897
1356,0.6465334635601069,0.18477116456001383,0.05934337313331706,-0.2800644276691941,0.6365929352539405
1357,0.648381175205707,0.18536459829134702,0.05878390114274379,-0.2809363962330669,0.6365676548011436
1358,0.6502348211886205,0.18595243730277441,0.058223830119594755,-0.281799242456357,0.6365413329928796
1359,0.6520943455616482,0.18653467560397036,0.057663170582236134,-0.282652960373554,0.6365139720091176
1360,0.6539596923176879,0.18711130730979272,0.057101933038038455,-0.2834975442552732,0.6364855741143757
1361,0.6558308053907859,0.18768232664017312,0.05654012798613772,-0.2843329886082469,0.6364561416565409
1362,0.6577076286571876,0.1882477279200345,0.055977765931910506,-0.28515928817479,0.6364256770674122
1363,0.6595901059363879,0.1888075055793536,0.05541485737410423,-0.2859764379326302,0.6363941828620083
1364,0.6614781809921815,0.18936165415309467,0.0548514128026778,-0.28678443309490487,0.636361661637246
1365,0.6633717975337124,0.18991016828112148,0.05428744271556041,-0.28758326910966564,0.6363281160723788
1366,0.6652708992165237,0.1904530427082771,0.05372295760827539,-0.28837294165962657,0.6362935489285196
1367,0.6671754296436064,0.19099027228435983,0.053157967967927267,-0.2891534466621607,0.6362579630471588
1368,0.6690853323664501,0.1915218519640391,0.05259248429020036,-0.289924780268864,0.6362213613504634
1369,0.6710005508860905,0.19204777680694107,0.05202651707284178,-0.2906869388652082,0.6361837468410682
1370,0.6729210286541598,0.1925680419776695,0.05146007680621012,-0.2914399190705468,0.6361451226004563
1371,0.6748467090739365,0.19308264274573164,0.05089317398885851,-0.2921837177377138,0.6361054917890231
1372,0.6767775355013939,0.1935915744856202,0.05032581912591594,-0.29291833195262207,0.6360648576461445
1373,0.67871345124625,0.19409483267687935,0.049758022717178996,-0.2936437590342368,0.6360232234885099
1374,0.6806543995730189,0.1945924129040512,0.04918979526938316,-0.2943599965342298,0.6359805927098972
1375,0.6826003237020594,0.195084310856745,0.04862114729966893,-0.29506704223653457,0.635936968781469
1376,0.6845511668106268,0.19557052232974168,0.04805208932367577,-0.2957648941572651,0.6358923552501963
1377,0.6865068720339242,0.19605104322297842,0.04748263186142632,-0.29645355054443384,0.6358467557382701
1378,0.688467382466154,0.19652586954159265,0.04691278544670219,-0.2971330098774711,0.6358001739434966
1379,0.69043264116157,0.19699499739605966,0.046342560616629,-0.29780327086708336,0.6357526136380173
1380,0.6924025911355306,0.197458423002226,0.04577196791029303,-0.2984643324550143,0.6357040786673046
1381,0.6943771753655529,0.1979161426813289,0.045201017882409156,-0.29911619381357885,0.6356545729505093
1382,0.6963563367923662,0.19836815286015302,0.044629721096214325,-0.2997588543454115,0.6356041004796436
1383,0.6983400183209677,0.19881445007111517,0.04405808811652645,-0.30039231368329,0.6355526653181982
1384,0.7003281628216789,0.19925503095228042,0.04348612952294939,-0.3010165716896912,0.6355002716012587
1385,0.7023207131312017,0.19968989224750994,0.042913855908928156,-0.3016316284564299,0.635446923535225
1386,0.7043176120536768,0.2001190308065992,0.04234127787152375,-0.3022374843045191,0.6353926253961908
1387,0.7063188023617428,0.20054244358531442,0.04176840601991305,-0.30283413978376567,0.6353373815297084
1388,0.708324226797596,0.20096012764551358,0.041195250980955445,-0.30342159567233745,0.635281196350902
1389,0.7103338280740511,0.20137208015532318,0.04062182339011344,-0.3039998529765836,0.6352240743429103
1390,0.7123475488756044,0.20177829838922426,0.040048133891325,-0.3045689129307108,0.6351660200562009
1391,0.7143653318594966,0.20217877972813753,0.0394741931484055,-0.3051287769963055,0.6351070381087988
1392,0.7163871196567779,0.20257352165962153,0.03890001183918024,-0.3056794468620769,0.6350471331851671
1393,0.7184128548733741,0.20296252177801336,0.038325600649167235,-0.30622092444358884,0.6349863100350124
1394,0.7204424800911543,0.20334577778450502,0.037750970282574015,-0.30675321188281324,0.6349245734733516
1395,0.7224759378689993,0.20372328748733073,0.037176131462426376,-0.30727631154774876,0.6348619283800435
1396,0.7245131707438727,0.20409504880195498,0.03660109492236718,-0.30779022603219425,0.6347983796982108
1397,0.7265541212318922,0.20446105975117865,0.036025871411107246,-0.30829495815534236,0.6347339324339487
1398,0.728598731829404,0.20482131846528978,0.0354504716995363,-0.30879051096133214,0.6346685916563399
1399,0.7306469450140569,0.2051758231822851,0.034874906574083875,-0.309276887718982,0.6346023624959423
1400,0.7326987032458797,0.20552457224802595,0.03429918683366506,-0.3097540919214399,0.6345352501439916
1401,0.73475394896836,0.2058675641163626,0.03372332329962591,-0.31022212728572907,0.6344672598524975
1402,0.7368126246095236,0.20620479734935884,0.03314732681383936,-0.3106809977523887,0.6343983969333054
1403,0.7388746725830172,0.20653627061749724,0.03257120823185633,-0.3111307074851692,0.6343286667567458
1404,0.7409400352891922,0.20686198269981584,0.031994978428886434,-0.3115712608705996,0.6342580747514773
1405,0.7430086551161903,0.20718193248410469,0.03141864830402019,-0.31200266251756065,0.6341866264042476
1406,0.7450804744410313,0.20749611896714487,0.030842228774643488,-0.3124249172569638,0.6341143272583046
1407,0.7471554356307027,0.20780454125489134,0.030265730774371447,-0.3128380301413617,0.6340411829127841
1408,0.7492334810432517,0.20810719856263504,0.029689165261906902,-0.31324200644449157,0.6339671990227324
1409,0.7513145530288781,0.2084040902152541,0.02911254321855683,-0.3136368516609066,0.63389238129797
1410,0.7533985939310306,0.20869521564743967,0.028535875642756725,-0.31402257150559926,0.633816735501869
1411,0.755485546087505,0.20898057440386725,0.02795917355507105,-0.3143991719135717,0.6337402674511865
1412,0.7575753518315437,0.20926016613941797,0.02738244800218892,-0.3147666590393957,0.6336629830156938
1413,0.7596679534929378,0.20953399061943984,0.026805710051810427,-0.31512503925684837,0.6335848881166063
1414,0.7617632933991322,0.20980204771995795,0.026228970790770356,-0.31547431915848295,0.6335059887259745
1415,0.7638613138763317,0.21006433742786565,0.025652241332524417,-0.3158145055551826,0.6334262908666404
1416,0.7659619572506103,0.2103208598411909,0.025075532815834745,-0.3161456054757485,0.6333458006111052
1417,0.7680651658490223,0.21057161516934922,0.024498856399528535,-0.3164676261664949,0.6332645240803138
1418,0.7701708820007158,0.21081660373334452,0.023922223265987475,-0.3167805750907908,0.6331824674433844
1419,0.7722790480380493,0.2110558259660044,0.0233456446254654,-0.3170844599286205,0.6330996369172671
1420,0.7743896062977093,0.21128928241225906,0.022769131712475632,-0.31737928857616465,0.6330160387652125
1421,0.7765024991218319,0.2115169737293838,0.02219269578244698,-0.3176650691453566,0.6329316792960545
1422,0.7786176688591258,0.21173890068720827,0.021616348118327355,-0.31794180996341453,0.6328465648640836
1423,0.7807350578659978,0.21195506416839155,0.021040100030594866,-0.3182095195724096,0.6327607018681016
1424,0.7828546085076817,0.2121654651686975,0.020463962853192186,-0.31846820672881504,0.632674096750094
1425,0.7849762631593687,0.21237010479722943,0.01988794794361648,-0.31871788040304405,0.6325867559948162
1426,0.7870999642073411,0.21256898427666557,0.01931206668877028,-0.31895854977897814,0.632498686129541
1427,0.7892256540501077,0.21276210494355327,0.018736330502464593,-0.3191902242535238,0.632409893722657
1428,0.7913532750995432,0.21294946824857797,0.018160750821797356,-0.3194129134361323,0.6323203853827455
1429,0.793482769782029,0.213131075756796,0.01758533911053739,-0.31962662714833046,0.6322301677583202
1430,0.795614080539597,0.21330692914790134,0.017010106862156427,-0.319831375423242,0.6321392475371893
1431,0.7977471498310761,0.2134770302165228,0.01643506559643626,-0.32002716850512014,0.632047631445013
1432,0.7998819201332413,0.2136413808724872,0.01586022685722388,-0.32021401684885253,0.631955326244679
1433,0.8020183339419662,0.21379998314105944,0.015285602217345318,-0.3203919311194834,0.631862338736078
1434,0.8041563337733768,0.2139528391632329,0.014711203278969798,-0.32056092219172116,0.6317686757550162
1435,0.8062958621650091,0.21409995119602263,0.014137041670139183,-0.32072100114944735,0.6316743441720165
1436,0.8084368616769694,0.214241321612724,0.013563129044421585,-0.32087217928521317,0.6315793508918583
1437,0.8105792748930967,0.21437695290316822,0.012989477085431078,-0.3210144680997524,0.631483702853233
1438,0.8127230444221284,0.2145068476740226,0.012416097505612012,-0.32114787930146504,0.6313874070273789
1439,0.8148681128988686,0.2146310086490787,0.011843002042993822,-0.3212724248059117,0.6312904704171644
1440,0.8170144229853594,0.2147494386695086,0.011270202462710932,-0.32138811673530276,0.6311929000567094
1441,0.8191619173720545,0.21486214069413573,0.010697710560189089,-0.32149496741799566,0.6310947030108028
1442,0.8213105387789958,0.2149691177997376,0.01012553815922912,-0.3215929893879561,0.6309958863735018
1443,0.8234602299569932,0.21507037318132982,0.009553697109182524,-0.32168219538424414,0.6308964572674192
1444,0.8256109336888064,0.21516591015242165,0.008982199287773662,-0.3217625983504945,0.6307964228433848
1445,0.8277625927903307,0.21525573214529944,0.008411056602696254,-0.3218342114343906,0.6306957902795778
1446,0.8299151501117837,0.21533984271132645,0.007840280989528381,-0.3218970479871093,0.6305945667802324
1447,0.832068548538897,0.21541824552122174,0.007269884409584204,-0.32195112156279615,0.630492759575042
1448,0.8342227309941093,0.21549094436531757,0.006699878853178021,-0.3219964459180386,0.6303903759188078
1449,0.8363776404377624,0.21555794315384935,0.006130276340141627,-0.3220330350113106,0.6302874230903389
1450,0.838533219869301,0.21561924591725076,0.005561088917670487,-0.3220609030024083,0.6301839083913324
1451,0.8406894123284735,0.21567485680642748,0.0049923286589048654,-0.322080064251915,0.630079839145838
1452,0.8428461608965377,0.21572478009301652,0.004424007666058438,-0.32209053332066123,0.6299752226998402
1453,0.8450034086974679,0.2157690201696771,0.0038561380703161507,-0.32209232496914236,0.6298700664200219
1454,0.8471610988991647,0.21580758155038027,0.003288732029661512,-0.3220854541569466,0.6297643776927927
1455,0.8493191747146684,0.21584046887067687,0.002721801728026163,-0.3220699360422088,0.6296581639237872
1456,0.8514775794033752,0.21586768688795716,0.0021553593781087343,-0.32204578598105577,0.6295514325373578
1457,0.8536362562722548,0.21588924048173821,0.0015894172208119617,-0.3220130195269969,0.6294441909752835
1458,0.8557951486770722,0.21590513465394634,0.0010239875231865536,-0.32197165243034825,0.6293364466959092
1459,0.8579542000236117,0.2159153745291782,0.0004590825780803609,-0.32192170063767156,0.6292282071736549
1460,0.8601133537689034,0.21591996535495905,-0.00010528529347797466,-0.32186318029120226,0.6291194798984301
1461,0.862272553422453,0.21591891250202425,-0.0006691037430417435,-0.32179610772822265,0.6290102723743474
1462,0.8644317425474732,0.2159122214645938,-0.001232360396686838,-0.32172049948047543,0.6289005921189382
1463,0.8665908647621192,0.21589989786062688,-0.0017950428551971598,-0.3216363722735893,0.6287904466626666
1464,0.8687498637407255,0.21588194743207495,-0.002357138691998495,-0.3215437430264901,0.6286798435482639
1465,0.8709086832150462,0.21585837604515495,-0.0029186354541355097,-0.32144262885075414,0.6285687903294652
1466,0.8730672669754977,0.21582918969061357,-0.0034795206639559595,-0.3213330470500105,0.6284572945702618
1467,0.8752255588724038,0.21579439448397406,-0.004039781819250576,-0.32121501511935335,0.6283453638444114
1468,0.8773835028172435,0.21575399666578154,-0.004599406391460059,-0.32108855074473575,0.6282330057347364
1469,0.8795410427839013,0.21570800260186695,-0.005158381826763092,-0.32095367180230894,0.6281202278318961
1470,0.88169812280992,0.2156564187835993,-0.005716695547525186,-0.3208103963578075,0.6280070377336612
1471,0.8838546869977559,0.21559925182812406,-0.006274334952608429,-0.32065874266595173,0.6278934430444175
1472,0.8860106795160372,0.21553650847859795,-0.006831287415803855,-0.32049872916982175,0.6277794513744335
1473,0.8881660446008232,0.21546819560443994,-0.007387540286812877,-0.3203303745001836,0.627665070338667
1474,0.8903207265568676,0.21539432020157182,-0.007943080892659493,-0.32015369747485584,0.6275503075560447
1475,0.8924746697588832,0.21531488939264526,-0.0084978965381044,-0.3199687170981018,0.6274351706489568
1476,0.8946278186528097,0.2152299104272642,-0.009051974504302729,-0.31977545255998713,0.6273196672425341
1477,0.8967801177570823,0.21513939068222115,-0.009605302049692233,-0.3195739232356895,0.627203804963477
1478,0.8989315116639045,0.21504333766172423,-0.010157866411378835,-0.31936414868485125,0.627087591439336
1479,0.9010819450405217,0.21494175899761045,-0.010709654805605151,-0.3191461486509533,0.6269710342979841
1480,0.9032313626304979,0.21483466244955438,-0.01126065442669133,-0.31891994306066296,0.6268541411669266
1481,0.9053797092549934,0.21472205590528748,-0.011810852447701192,-0.3186855520231271,0.6267369196721584
1482,0.9075269298140464,0.21460394738081046,-0.012360236021808912,-0.31844299582930874,0.6266193774374313
1483,0.9096729692878545,0.21448034502059235,-0.012908792283057302,-0.3181922949513418,0.6265015220837129
1484,0.9118177727380604,0.21435125709776184,-0.013456508345333074,-0.31793347004187317,0.6263833612285377
1485,0.9139612853090381,0.2142166920143085,-0.0140033713030574,-0.3176665419333355,0.6262649024848816
1486,0.9161034522291812,0.21407665830127792,-0.014549368232305016,-0.3173915316372679,0.6261461534604097
1487,0.918244218812194,0.2139311646189549,-0.015094486191813417,-0.3171084603436516,0.6260271217569121
1488,0.9203835304583835,0.21378021975703673,-0.015638712222293405,-0.31681734942024303,0.6259078149697158
1489,0.9225213326559538,0.2136238326348138,-0.016182033346749947,-0.31651822041183586,0.6257882406865906
1490,0.924657570982302,0.2134620123013463,-0.016724436571733392,-0.31621109503955686,0.625668406486969
1491,0.9267921911053154,0.213294767935629,-0.017265908888439707,-0.3158959952001869,0.6255483199413566
1492,0.9289251387846718,0.21312210884674457,-0.01780643727218645,-0.3155729429654817,0.6254279886107836
1493,0.9310563598731392,0.21294404447402274,-0.018346008682774695,-0.3152419605814243,0.6253074200457798
1494,0.9331858003178795,0.21276058438719495,-0.018884610065466045,-0.3149030704675004,0.6251866217855444
1495,0.9353134061617514,0.21257173828654027,-0.019422228352158344,-0.3145562952159988,0.625065601357348
1496,0.9374391235446168,0.21237751600301868,-0.019958850461447852,-0.3142016575913195,0.6249443662760088
1497,0.9395628987046469,0.21217792749840422,-0.02049446329858373,-0.3138391805292256,0.6248229240429582
1498,0.941684677979631,0.21197298286541835,-0.02102905375650721,-0.3134688871360878,0.6247012821453611
1499,0.9438044078082851,0.21176269232785325,-0.0215626087169718,-0.3130908006881705,0.6245794480554968
1500,0.9459220347315637,0.21154706624068356,-0.022095115051102843,-0.31270494463092346,0.6244574292302344
1501,0.9480375053939705,0.21132611509017254,-0.022626559619054465,-0.31231134257822984,0.6243352331102261
1502,0.9501507665448722,0.211099849493982,-0.023156929271065385,-0.311910018311633,0.6242128671189853
1503,0.952261765039812,0.21086828020127135,-0.02368621084854472,-0.31150099577959867,0.6240903386622428
1504,0.9543704478418247,0.21063141809278593,-0.024214391184893547,-0.3110842990967892,0.6239676551274145
1505,0.9564767620227526,0.210389274180937,-0.024741457105307285,-0.31065995254331263,0.6238448238829231
1506,0.9585806547645619,0.21014185960988394,-0.025267395427553963,-0.31022798056393075,0.6237218522772491
1507,0.9606820733606607,0.20988918565560838,-0.025792192963061122,-0.3097884077672963,0.6235987476382554
1508,0.9627809652172168,0.20963126372597776,-0.02631583651793723,-0.3093412589252087,0.6234755172726353
1509,0.9648772778544765,0.20936810536079836,-0.02683831289310601,-0.30888655897186174,0.6233521684653415
1510,0.9669709589080845,0.20909972223186732,-0.027359608884682807,-0.3084243330030384,0.6232287084786664
1511,0.9690619561304031,0.20882612614302046,-0.02787971128519584,-0.3079546062753244,0.623105144551519
1512,0.9711502173918334,0.2085473290301685,-0.028398606884564304,-0.3074774042053406,0.6229814838988427
1513,0.9732356906821351,0.20826334296132287,-0.02891628247062905,-0.3069927523689855,0.6228577337111102
1514,0.9753183241117483,0.2079741801366166,-0.029432724829411283,-0.3065006765006246,0.6227339011535057
1515,0.9773980659131145,0.2076798528883225,-0.029947920746058454,-0.30600120249228147,0.6226099933651372
1516,0.9794748644419977,0.2073803736808619,-0.030461857006000015,-0.3054943563928464,0.6224860174584443
1517,0.9815486681788064,0.2070757551108019,-0.03097452039572457,-0.30498016440730225,0.6223619805186837
1518,0.9836194257299143,0.20676600990684466,-0.031485897703076304,-0.3044586528959225,0.6222378896032755
1519,0.9856870858289828,0.2064511509298139,-0.03199597571807322,-0.3039298483734315,0.6221137517409554
1520,0.9877515973382809,0.20613119117263318,-0.03250474123394187,-0.3033937775081993,0.6219895739311634
1521,0.9898129092500072,0.20580614376029377,-0.033012181048194256,-0.3028504671214401,0.6218653631435026
1522,0.9918709706876101,0.2054760219498118,-0.03351828196306861,-0.30229994418641454,0.6217411263172122
1523,0.9939257309071082,0.2051408391301811,-0.0340230307861511,-0.30174223582757853,0.6216168703603544
1524,0.99597713929841,0.2048006088223196,-0.034526414331328414,-0.3011773693197504,0.6214926021491531
1525,0.9980251453866332,0.2044553446790063,-0.03502841941993129,-0.3006053720872931,0.6213683285274444
1526,1.0000696988334232,0.204105060484807,-0.0355290328815161,-0.30002627170330165,0.62124405630619
1527,1.0021107494382713,0.20374977015599186,-0.03602824155428119,-0.2994400958887595,0.6211197922628044
1528,1.004148247139831,0.20338948774044904,-0.036526032286088306,-0.2988468725116731,0.6209955431404096
1529,1.0061821420172357,0.20302422741758816,-0.03702239193539181,-0.29824662958623654,0.6208713156472796
1530,1.0082123842914115,0.20265400349823423,-0.03751730737238779,-0.2976393952719983,0.6207471164563404
1531,1.0102389243263938,0.20227883042451036,-0.03801076547955473,-0.29702519787302395,0.6206229522046467
1532,1.012261712630639,0.20189872276971482,-0.0385027531523463,-0.29640406583701523,0.6204988294926307
1533,1.0142806998583362,0.20151369523819138,-0.038993257300303785,-0.2957760277544452,0.6203747548835031
1534,1.0162958368107182,0.20112376266518833,-0.039482264848025306,-0.29514111235771057,0.6202507349027455
1535,1.0183070744373701,0.20072894001670807,-0.03996976273614172,-0.29449934852028237,0.62012677603765
1536,1.0203143638375372,0.20032924238934663,-0.04045573792183843,-0.2938507652558287,0.6200028847366866
1537,1.0223176562614307,0.19992468501012822,-0.04094017737985456,-0.293195391717324,0.6198790674088375
1538,1.024316903111532,0.1995152832363297,-0.04142306810355656,-0.29253325719617745,0.6197553304230825
1539,1.0263120559438954,0.19910105255529412,-0.041904397105921865,-0.29186439112136886,0.6196316801079296
1540,1.0283030664694484,0.1986820085842349,-0.04238415142031604,-0.2911888230585761,0.6195081227509339
1541,1.0302898865552907,0.19825816707003174,-0.04286231810129881,-0.29050658270926666,0.6193846645980224
1542,1.0322724682259912,0.19782954388901874,-0.04333888422563659,-0.28981769990980344,0.619261311852946
1543,1.0342507636648814,0.1973961550467624,-0.04381383689335716,-0.28912220463055877,0.6191380706768023
1544,1.0362247252153491,0.19695801667782886,-0.04428716322867565,-0.288420126975036,0.6190149471876127
1545,1.0381943053821274,0.19651514504554207,-0.044758850380776094,-0.28771149717896455,0.6188919474597743
1546,1.040159456832583,0.19606755654173433,-0.045228885524705165,-0.2869963456093773,0.6187690775234519
1547,1.0421201323980003,0.1956152676864873,-0.04569725586246465,-0.28627470276370837,0.6186463433641015
1548,1.044076285074865,0.1951582951278626,-0.04616394862401951,-0.2855465992688924,0.6185237509220338
1549,1.0460278680261437,0.19469665564162236,-0.046628951068165,-0.284812065880467,0.6184013060919988
1550,1.04797483458256,0.19423036613094072,-0.047092250483382614,-0.28407113348163526,0.6182790147225948
1551,1.0499171382438692,0.1937594436261069,-0.047553834188842625,-0.2833238330823407,0.618156882615756
1552,1.0518547326801302,0.19328390528421846,-0.048013689535466586,-0.2825701958183478,0.6180349155263157
1553,1.0537875717329723,0.19280376838886382,-0.04847180390691319,-0.28181025295032885,0.6179131191616126
1554,1.055715609416861,0.19231905034979468,-0.048928164720444256,-0.2810440358629396,0.617791499181048
1555,1.057638799920359,0.19182976870259022,-0.049382759427822887,-0.280271576063864,0.6176700611955244
1556,1.059557097607385,0.19133594110831198,-0.049835575516342656,-0.2794929051828808,0.6175488107670096
1557,1.061470457018468,0.19083758535314854,-0.05028660050988565,-0.27870805497092876,0.6174277534081363
1558,1.0633788328719995,0.19033471934804969,-0.050735821969858375,-0.2779170572991797,0.6173068945818425
1559,1.06528218006548,0.1898273611283511,-0.05118322749607107,-0.2771199441580847,0.6171862397009036
1560,1.0671804536767635,0.18931552885339037,-0.05162880472772802,-0.2763167476564112,0.6170657941274365
1561,1.0690736089652975,0.18879924080611304,-0.05207254134443451,-0.27550750002029506,0.6169455631725104
1562,1.0709616013733585,0.18827851539266877,-0.05251442506722381,-0.2746922335922921,0.6168255520957808
1563,1.0728443865272852,0.18775337114199653,-0.05295444365953528,-0.2738709808304329,0.6167057661051483
1564,1.074721920238705,0.1872238267054012,-0.05339258492807142,-0.2730437743072463,0.616586210356285
1565,1.076594158505759,0.18668990085612047,-0.053828836723850415,-0.27221064670878836,0.6164668899522143
1566,1.0784610575143203,0.18615161248888196,-0.054263186943174224,-0.2713716308336799,0.6163478099429557
1567,1.080322573639209,0.1856089806194502,-0.05469562352867441,-0.27052675959214356,0.616228975325194
1568,1.0821786634454036,0.18506202438416347,-0.055126134470145916,-0.2696760660050399,0.6161103910419563
1569,1.0840292836892451,0.18451076303946198,-0.05555470780556737,-0.2688195832028748,0.6159920619821639
1570,1.0858743913196398,0.18395521596140632,-0.05598133162206698,-0.2679573444248172,0.6158739929802715
1571,1.0877139434792538,0.1833954026451857,-0.05640599405694946,-0.26708938301772356,0.6157561888159504
1572,1.0895478975057056,0.18283134270461623,-0.056828683298655314,-0.2662157324351598,0.6156386542137919
1573,1.0913762109327518,0.18226305587162966,-0.057249387587681166,-0.26533642623641923,0.6155213938429827
1574,1.0931988414914682,0.18169056199575284,-0.05766809521754679,-0.26445149808551394,0.6154044123169002
1575,1.0950157471114257,0.18111388104357742,-0.05808479453578541,-0.26356098175018416,0.6152877141928019
1576,1.0968268859218615,0.18053303309821953,-0.0584994739449296,-0.2626649111009057,0.6151713039715399
1577,1.0986322162528437,0.1799480383587702,-0.05891212190343054,-0.26176332010990067,0.6150551860972997
1578,1.1004316966364314,0.17935891713973592,-0.05932272692655949,-0.26085624285013553,0.6149393649572944
1579,1.1022252858078287,0.1787656898704703,-0.05973127758744479,-0.2599437134943034,0.61482384488141
1580,1.1040129427065335,0.17816837709459588,-0.06013776251801328,-0.25902576631381885,0.6147086301419317
1581,1.1057946264774794,0.17756699946941576,-0.06054217040991294,-0.25810243567781316,0.6145937249532943
1582,1.1075702964721736,0.17696157776531662,-0.06094449001547653,-0.2571737560521315,0.6144791334718516
1583,1.1093399122498269,0.17635213286516185,-0.06134471014862197,-0.2562397619983138,0.6143648597955842
1584,1.1111034335784784,0.17573868576367563,-0.06174281968579054,-0.255300488172567,0.6142509079638021
1585,1.1128608204361152,0.1751212575668177,-0.062138807566929355,-0.25435596932474763,0.6141372819569069
1586,1.1146120330117835,0.1744998694911484,-0.06253266279641179,-0.2534062402973446,0.614023985696173
1587,1.1163570317066949,0.1738745428631843,-0.0629243744439334,-0.252451336024462,0.6139110230435506
1588,1.1180957771353268,0.17324529911874495,-0.06331393164540344,-0.25149129153078664,0.6137983978014069
1589,1.1198282301265143,0.17261215980229092,-0.06370132360389413,-0.25052614193055056,0.6136861137122662
1590,1.1215543517245372,0.17197514656625199,-0.06408653959059873,-0.24955592242650004,0.613574174458609
1591,1.1232741031901998,0.17133428117034602,-0.06446956894568534,-0.2485806683088671,0.6134625836626924
1592,1.1249874460019034,0.17068958548088917,-0.06485040107917173,-0.24760041495434026,0.613351344886384
1593,1.1266943418567124,0.17004108147009742,-0.06522902547180576,-0.2466151978250193,0.6132404616309377
1594,1.1283947526714133,0.1693887912153794,-0.06560543167599797,-0.24562505246736901,0.6131299373367819
1595,1.130088640583567,0.1687327368986194,-0.0659796093167564,-0.24463001451117522,0.6130197753833527
1596,1.1317759679525532,0.16807294080545182,-0.06635154809245813,-0.2436301196685049,0.6129099790889412
1597,1.1334566973606077,0.16740942532452724,-0.06672123777576533,-0.24262540373266525,0.6128005517105649
1598,1.1351307916138529,0.1667422129467696,-0.06708866821438009,-0.24161590257714896,0.6126914964437817
1599,1.1367982137433206,0.16607132626462578,-0.06745382933203481,-0.24060165215457585,0.6125828164225138
1600,1.1384589270059668,0.16539678797130547,-0.06781671112933596,-0.23958268849563857,0.612474514718917
1601,1.1401128948856798,0.1647186208600121,-0.06817730368454678,-0.23855904770805356,0.6123665943432648
1602,1.1417600810942798,0.16403684782316663,-0.06853559715445101,-0.2375307659755061,0.6122590582438456
1603,1.1434004495725114,0.1633514918516221,-0.06889158177510457,-0.23649787955659005,0.6121519093068211
1604,1.1450339644910277,0.16266257603387105,-0.06924524786281805,-0.23546042478373752,0.6120451503560865
1605,1.1466605902513665,0.16197012355524287,-0.06959658581482286,-0.23441843806215562,0.6119387841531737
1606,1.1482802914869188,0.16127415769709463,-0.06994558611015611,-0.23337195586876588,0.6118328133971651
1607,1.1498930330638897,0.16057470183599307,-0.07029223931032447,-0.2323210147511404,0.6117272407246291
1608,1.1514987800822496,0.15987177944288983,-0.0706365360601835,-0.2312656513264337,0.6116220687095254
1609,1.1530974978766786,0.159165414082288,-0.07097846708878808,-0.23020590228030027,0.6115172998630952
1610,1.1546891520175016,0.15845562941140012,-0.07131802321011071,-0.22914180436582796,0.6114129366338025
1611,1.1562737083116155,0.157742449179299,-0.07165519532385867,-0.22807339440246335,0.61130898140728
1612,1.1578511328034085,0.15702589722606042,-0.07198997441600463,-0.22700070927494392,0.6112054365062967
1613,1.159421391775669,0.15630599748190036,-0.07232235155966826,-0.2259237859322178,0.6111023041907038
1614,1.1609844517504881,0.15558277396630368,-0.07265231791585558,-0.22484266138635586,0.6109995866573618
1615,1.1625402794901512,0.15485625078714513,-0.07297986473427831,-0.22375737271147436,0.6108972860401145
1616,1.1640888419980226,0.15412645213980236,-0.07330498335406443,-0.22266795704265221,0.6107954044097772
1617,1.1656301065194208,0.15339340230626172,-0.07362766520428554,-0.22157445157485803,0.6106939437741306
1618,1.1671640405424835,0.15265712565421888,-0.07394790180467403,-0.22047689356186223,0.6105929060779115
1619,1.1686906117990257,0.15191764663617213,-0.07426568476630813,-0.2193753203151459,0.6104922932027801
1620,1.1702097882653875,0.15117498978850905,-0.07458100579253002,-0.21826976920281035,0.6103921069673232
1621,1.1717215381632726,0.15042917973058378,-0.07489385667946435,-0.21716027764848891,0.6102923491270726
1622,1.1732258299605784,0.14968024116378914,-0.07520422931673099,-0.21604688313026357,0.610193021374531
1623,1.1747226323722164,0.1489281988706218,-0.07551211568773364,-0.21492962317957653,0.6100941253392071
1624,1.1762119143609227,0.14817307771374447,-0.07581750787057695,-0.21380853538013436,0.6099956625876214
1625,1.1776936451380602,0.1474149026350387,-0.07612039803881476,-0.2126836573668059,0.609897634623338
1626,1.1791677941644105,0.14665369865465053,-0.07642077846201967,-0.21155502682453223,0.6098000428870175
1627,1.180634331150957,0.14588949087003036,-0.07671864150630592,-0.21042268148722956,0.6097028887564749
1628,1.1820932260596573,0.1451223044549673,-0.07701397963468914,-0.20928665913670583,0.6096061735467484
1629,1.1835444491042069,0.1443521646586204,-0.07730678540794456,-0.2081469976015541,0.6095098985101465
1630,1.184987970750793,0.14357909680454098,-0.07759705148520535,-0.20700373475604686,0.6094140648363064
1631,1.1864237617188385,0.14280312628968891,-0.07788477062463217,-0.20585690851903848,0.6093186736522839
1632,1.1878517929817354,0.1420242785834426,-0.07816993568353747,-0.2047065568528669,0.6092237260226437
1633,1.18927203576757,0.14124257922660724,-0.07845253961905163,-0.2035527177622634,0.6091292229495661
1634,1.190684461559836,0.14045805383041676,-0.07873257548885904,-0.2023954292932426,0.6090351653729401
1635,1.1920890420981403,0.13967072807552816,-0.07901003645169657,-0.20123472953199495,0.6089415541704508
1636,1.1934857493788955,0.13888062771101117,-0.07928491576776997,-0.2000706566037788,0.6088483901576933
1637,1.1948745556560056,0.13808777855333348,-0.07955720679899358,-0.19890324867182899,0.6087556740882961
1638,1.196255433441539,0.13729220648534354,-0.07982690300985196,-0.19773254393625234,0.6086634066540563
1639,1.1976283555063925,0.13649393745524502,-0.08009399796780614,-0.19655858063291667,0.6085715884850722
1640,1.198993294880945,0.13569299747556698,-0.08035848534359569,-0.19538139703234148,0.6084802201498695
1641,1.2003502248557005,0.13488941262213103,-0.08062035891159391,-0.19420103143859382,0.6083893021555494
1642,1.201699118981922,0.13408320903301507,-0.08087961255041187,-0.1930175221881907,0.6082988349479445
1643,1.203039951072252,0.13327441290751094,-0.08113624024354671,-0.19183090764898283,0.6082088189117835
1644,1.2043726952013272,0.1324630505050755,-0.08139023607935725,-0.19064122621904772,0.6081192543708624
1645,1.2056973257063779,0.13164914814428194,-0.08164159425143369,-0.1894485163255849,0.6080301415882077
1646,1.2070138171878206,0.1308327322017676,-0.08189030905923045,-0.18825281642381006,0.6079414807662447
1647,1.2083221445098382,0.13001382911117532,-0.08213637490866676,-0.18705416499584274,0.607853272046985
1648,1.20962228280095,0.12919246536208867,-0.08237978631194798,-0.18585260054959085,0.6077655155122236
1649,1.210914207454571,0.1283686674989692,-0.08262053788798407,-0.18464816161765318,0.6076782111837395
1650,1.2121978941295606,0.12754246212008938,-0.0828586243630558,-0.1834408867562146,0.6075913590234989
1651,1.2134733187507616,0.12671387587645883,-0.08309404057106728,-0.18223081454392817,0.6075049589338529
1652,1.2147404575095262,0.12588293547074814,-0.08332678145352435,-0.18101798358079757,0.6074190107577517
1653,1.2159992868642338,0.1250496676562129,-0.08355684205992642,-0.17980243248708344,0.6073335142789721
1654,1.2172497835407958,0.12421409923561362,-0.08378421754844545,-0.1785841999021962,0.6072484692223521
1655,1.218491924533152,0.12337625706012915,-0.08400890318587484,-0.1773633244835777,0.6071638752540254
1656,1.2197256871037534,0.12253616802827041,-0.08423089434756226,-0.17613984490559118,0.607079731981653
1657,1.220951048784036,0.12169385908479477,-0.08445018651815461,-0.17491379985842234,0.6069960389546684
1658,1.222167987374884,0.12084935721961323,-0.08466677529187117,-0.1736852280469715,0.6069127956645313
1659,1.2233764809470802,0.12000268946669453,-0.08488065637230868,-0.17245416818973258,0.6068300015449852
1660,1.2245765078417472,0.11915388290297146,-0.0850918255726063,-0.17122065901769334,0.6067476559723254
1661,1.225768046670777,0.11830296464724539,-0.08530027881626712,-0.16998473927324026,0.6066657582656709
1662,1.2269510763172495,0.11744996185908274,-0.08550601213684839,-0.1687464477090368,0.606584307687226
1663,1.2281255759358403,0.11659490173771428,-0.08570902167796046,-0.16750582308691303,0.6065033034425599
1664,1.2292915249532175,0.11573781152093465,-0.08590930369377192,-0.16626290417677186,0.606422744680896
1665,1.230448903068427,0.11487871848399694,-0.08610685454927436,-0.165017729755488,0.6063426304954077
1666,1.2315976902532668,0.11401764993850419,-0.08630167071987271,-0.16377033860578571,0.6062629599235215
1667,1.2327378667526518,0.11315463323130545,-0.08649374879173166,-0.16252076951514471,0.6061837319472148
1668,1.233869413084965,0.11228969574338815,-0.0866830854623113,-0.16126906127470444,0.6061049454933253
1669,1.234992310042399,0.11142286488876503,-0.08686967753984254,-0.1600152526781516,0.6060265994338607
1670,1.2361065386912866,0.11055416811336659,-0.08705352194346094,-0.15875938252061186,0.6059486925863152
1671,1.2372120803724203,0.109683632893932,-0.08723461570365798,-0.1575014895975663,0.6058712237140084
1672,1.2383089167013597,0.10881128673689544,-0.08741295596222665,-0.15624161270374687,0.6057941915264142
1673,1.2393970295687287,0.10793715717727317,-0.08758853997179072,-0.15497979063202047,0.6057175946794828
1674,1.2404764011405014,0.10706127177755524,-0.08776136509648258,-0.15371606217230785,0.6056414317759847
1675,1.241547013858277,0.1061836581265904,-0.08793142881184768,-0.1524504661104869,0.6055657013658584
1676,1.2426088504395427,0.10530434383847194,-0.08809872870419011,-0.15118304122728485,0.6054904019465549
1677,1.2436618938779274,0.10442335655143004,-0.08826326247131366,-0.14991382629718406,0.6054155319634014
1678,1.2447061274434417,0.1035407239267169,-0.08842502792244189,-0.14864286008734415,0.6053410898099648
1679,1.2457415346827088,0.10265647364749249,-0.08858402297764523,-0.14737018135648988,0.6052670738284017
1680,1.2467680994191837,0.10177063341771603,-0.0887402456681391,-0.14609582885381875,0.6051934823098285
1681,1.2477858057533608,0.10088323096103465,-0.08889369413645376,-0.1448198413179327,0.6051203134947095
1682,1.248794638062971,0.09999429401967011,-0.08904436663575044,-0.14354225747572824,0.6050475655732284
1683,1.2497945810031679,0.0991038503533126,-0.08919226153006499,-0.14226311604130593,0.6049752366856714
1684,1.250785619506701,0.09821192773801193,-0.08933737729466873,-0.14098245571490034,0.6049033249228247
1685,1.251767738784081,0.09731855396506525,-0.08947971251506592,-0.13970031518178572,0.6048318283263551
1686,1.2527409243237317,0.0964237568399146,-0.08961926588738456,-0.1384167331111826,0.6047607448892035
1687,1.2537051618921309,0.09552756418104076,-0.0897560362183808,-0.13713174815519455,0.6046900725560012
1688,1.2546604375339412,0.09463000381885696,-0.08989002242475841,-0.1358453989477193,0.6046198092234659
1689,1.2556067375721298,0.09373110359460937,-0.09002122353337139,-0.13455772410335257,0.6045499527408084
1690,1.256544048608076,0.09283089135927566,-0.09014963868136272,-0.13326876221633674,0.6044805009101587
1691,1.2574723575216686,0.09192939497246205,-0.0902752671153001,-0.1319785518594714,0.6044114514869753
1692,1.2583916514713933,0.09102664230130905,-0.09039810819127414,-0.13068713158303255,0.6043428021804651
1693,1.2593019178944065,0.0901226612193963,-0.09051816137500945,-0.12939453991371702,0.6042745506540251
1694,1.2602031445066004,0.08921747960564623,-0.09063542624092813,-0.12810081535356274,0.6042066945256693
1695,1.2610953193026568,0.08831112534323693,-0.09074990247258996,-0.12680599637886691,0.6041392313684542
1696,1.2619784305560893,0.08740362631851101,-0.09086158986249815,-0.1255101214391391,0.604072158710933
1697,1.2628524668192744,0.08649501041988604,-0.09097048831114396,-0.124213228956029,0.6040054740375888
1698,1.2637174169234733,0.08558530553677461,-0.09107659782738475,-0.12291535732225163,0.6039391747892734
1699,1.264573269978841,0.08467453955850075,-0.09117991852793883,-0.12161654490054845,0.6038732583636754
1700,1.265420015374426,0.08376274037322139,-0.09128045063688639,-0.12031683002260951,0.6038077221157626
1701,1.2662576427781582,0.08284993586685252,-0.09137819448593376,-0.11901625098801116,0.6037425633582392
1702,1.2670861421368267,0.08193615392199316,-0.09147315051381055,-0.11771484606318232,0.6036777793620175
1703,1.2679055036760467,0.08102142241685505,-0.09156531926570732,-0.11641265348033282,0.6036133673566642
1704,1.2687157179002153,0.08010576922419801,-0.09165470139348653,-0.11510971143640855,0.6035493245308735
1705,1.2695167755924572,0.07918922221026314,-0.09174129765468053,-0.11380605809205119,0.6034856480329525
1706,1.2703086678145599,0.07827180923371632,-0.09182510891255602,-0.11250173157053384,0.6034223349712743
1707,1.271091385906897,0.07735355814459076,-0.09190613613607845,-0.11119676995672313,0.603359382414763
1708,1.271864921488343,0.07643449678322997,-0.09198438039889623,-0.10989121129604623,0.6032967873933807
1709,1.2726292664561754,0.07551465297924102,-0.09205984287950608,-0.10858509359343411,0.6032345468985926
1710,1.2733844129859677,0.07459405455044595,-0.09213252486056256,-0.10727845481230516,0.6031726578838745
1711,1.274130353531472,0.07367272930184034,-0.09220242772820297,-0.1059713328735203,0.603111117265192
1712,1.2748670808244904,0.07275070502455828,-0.09226955297232775,-0.10466376565433753,0.603049921921478
1713,1.275594587874736,0.07182800949483502,-0.09233390218589488,-0.10335579098740243,0.602989068695155
1714,1.2763128679696842,0.07090467047297606,-0.09239547706440865,-0.10204744665970444,0.6029285543926173
1715,1.277021914674414,0.06998071570233198,-0.09245427940577589,-0.10073877041155939,0.6028683757847247
1716,1.2777217218314372,0.06905617290827422,-0.09251031110934727,-0.09942979993559942,0.6028085296073264
1717,1.2784122835605198,0.06813106979718074,-0.09256357417576966,-0.0981205728757333,0.6027490125617448
1718,1.2790935942584916,0.06720543405542304,-0.09261407070672467,-0.09681112682613584,0.6026898213152939
1719,1.2797656485990458,0.06627929334835579,-0.09266180290401271,-0.09550149933023724,0.6026309525017913
1720,1.2804284415325293,0.06535267531931566,-0.09270677306991104,-0.09419172787970069,0.602572402722051
1721,1.2810819682857224,0.06442560758861657,-0.09274898360591866,-0.09288184991343156,0.602514168544426
1722,1.2817262243616085,0.0634981177525574,-0.09278843701226613,-0.09157190281656426,0.60245624650531
1723,1.282361205539134,0.06257023338243474,-0.09282513588786956,-0.09026192391945251,0.6023986331096503
1724,1.2829869078729583,0.06164198202355603,-0.0928590829293724,-0.0889519504966842,0.6023413248314894
1725,1.283603327693194,0.060713391194262306,-0.09289028093120294,-0.08764201976605775,0.6022843181144636
1726,1.2842104616051366,0.05978448838495027,-0.09291873278480856,-0.08633216888760845,0.6022276093723438
1727,1.2848083064889861,0.058855301057102204,-0.09294444147797232,-0.0850224349626212,0.6021711949895617
1728,1.285396859499557,0.05792585664232248,-0.09296741009447607,-0.08371285503262842,0.6021150713217182
1729,1.2859761180659803,0.056996182541377706,-0.09298764181323693,-0.0824034660784409,0.6020592346961485
1730,1.2865460798913941,0.05606630612324535,-0.09300513990806808,-0.08109430501914776,0.6020036814124237
1731,1.2871067429526266,0.055136254724164675,-0.09301990774720187,-0.07978540871114242,0.6019484077428904
1732,1.2876581054998684,0.05420605564669267,-0.09303194879265175,-0.07847681394715315,0.6018934099332197
1733,1.2882001660563354,0.053275736158766136,-0.0930412665998645,-0.07716855745526362,0.6018386842029172
1734,1.288732923417923,0.0523453234927675,-0.09304786481659749,-0.07586067589795602,0.6017842267458884
1735,1.2892563766528506,0.0514148448446015,-0.09305174718262144,-0.0745532058711368,0.6017300337309569
1736,1.2897705251012967,0.05048432737277528,-0.09305291752924688,-0.0732461839031712,0.6016761013024089
1737,1.2902753683750245,0.0495537981974828,-0.0930513797785032,-0.07193964645392638,0.6016224255805536
1738,1.2907709063569994,0.04862328439969777,-0.09304713794317077,-0.07063362991380559,0.6015690026622268
1739,1.2912571392009964,0.04769281302026605,-0.09304019612570658,-0.06932817060281316,0.6015158286213671
1740,1.291734067331199,0.046762411059009,-0.09303055851760167,-0.06802330476959981,0.6014628995095472
1741,1.292201691441789,0.04583210547383299,-0.09301822939878301,-0.06671906859051345,0.6014102113565133
1742,1.2926600124965275,0.04490192317984516,-0.09300321313688131,-0.06541549816866578,0.6013577601707536
1743,1.293109031728326,0.043971891048476354,-0.09298551418712164,-0.06411262953297236,0.6013055419400072
1744,1.2935487506388108,0.043042035906605124,-0.09296513709129456,-0.06281049863723051,0.6012535526318525
1745,1.293979170997877,0.04211238453569218,-0.09294208647767727,-0.061509141359188134,0.6012017881942272
1746,1.2944002948432338,0.04118296367091541,-0.092916367059796,-0.06020859349961692,0.6011502445559784
1747,1.2948121244799429,0.040253800000317454,-0.09288798363578821,-0.05890889078139466,0.601098917627432
1748,1.295214662479946,0.03932492016395956,-0.09285694108803089,-0.05761006884856805,0.601047803300907
1749,1.2956079116815857,0.03839635075307927,-0.09282324438227046,-0.056312163265447954,0.6009968974513037
1750,1.2959918751891166,0.03746811830925656,-0.09278689856752786,-0.05501520951567745,0.6009461959366225
1751,1.296366556372209,0.036540249323581284,-0.09274790877509348,-0.05371924300133858,0.600895694598535
1752,1.296731958865445,0.03561277023583035,-0.09270628021804339,-0.05242429904204959,0.6008453892629346
1753,1.2970880865678032,0.03468570743364993,-0.09266201819021408,-0.0511304128740554,0.6007952757404611
1754,1.2974349436421397,0.033759087251747796,-0.09261512806561512,-0.04983761964933884,0.6007453498270965
1755,1.2977725345146571,0.032832935971091645,-0.0925656152979655,-0.048545954434707744,0.60069560730467
1756,1.298100863874368,0.03190727981811198,-0.09251348542002422,-0.04725545221091331,0.6006460439414381
1757,1.2984199366725493,0.030982144963911735,-0.09245874404321744,-0.045966147871757214,0.6005966554926212
1758,1.2987297581221884,0.03005755752347957,-0.09240139685672041,-0.044678076223219676,0.6005474377009546
1759,1.2990303336974232,0.029133543554912378,-0.09234144962665294,-0.043391271982581935,0.6004983862972539
1760,1.2993216691329723,0.028210129058645853,-0.09227890819533457,-0.042105769777545654,0.6004494970009268
1761,1.2996037704235588,0.027287339976692495,-0.09221377848071519,-0.04082160414536369,0.6004007655205734
1762,1.2998766438233258,0.02636520219188535,-0.09214606647585444,-0.03953880953196153,0.6003521875544897
1763,1.3001402958452446,0.025443741527126803,-0.09207577824832017,-0.038257420291079765,0.6003037587912392
1764,1.300394733260516,0.024522983744643602,-0.09200291993961163,-0.03697747068341943,0.6002554749101966
1765,1.3006399630979624,0.023602954545247475,-0.09192749776422218,-0.035698994875790854,0.6002073315820831
1766,1.3008759926434148,0.02268367956760524,-0.09184951800888685,-0.03442202694026278,0.6001593244695351
1767,1.301102829439091,0.021765184387516373,-0.09176898703183153,-0.0331466008533107,0.600111449227615
1768,1.3013204812829662,0.020847494517198077,-0.09168591126227185,-0.03187275049497253,0.600063701504403
1769,1.3015289562281382,0.019930635404575337,-0.09160029719988153,-0.03060050964800375,0.6000160769414887
1770,1.301728262582184,0.019014632432576523,-0.09151215141421407,-0.029329911997050245,0.5999685711745512
1771,1.3019184089065097,0.018099510918434397,-0.09142148054396254,-0.028060991127821296,0.5999211798338837
1772,1.302099404015694,0.017185296112994755,-0.09132829129598764,-0.026793780526267876,0.5998738985449282
1773,1.3022712569768238,0.016272013200034886,-0.0912325904446197,-0.025528313577758473,0.5998267229288388
1774,1.302433977108824,0.015359687295588679,-0.09113438483100401,-0.024264623566256503,0.5997796486029848
1775,1.3025875739817798,0.014448343447278647,-0.0910336813626516,-0.023002743673503183,0.5997326711815308
1776,1.3027320574162526,0.013538006633652126,-0.09093048701278479,-0.02174270697820696,0.5996857862759161
1777,1.3028674374825893,0.012628701763524293,-0.09082480881982255,-0.020484546455248345,0.5996389894954409
1778,1.3029937245002245,0.011720453675326085,-0.09071665388649112,-0.01922829497488174,0.5995922764477575
1779,1.3031109290369778,0.010813287136461156,-0.09060602937886901,-0.017973985301941862,0.5995456427394277
1780,1.3032190619083424,0.009907226842672454,-0.09049294252573864,-0.01672165009504654,0.5994990839764529
1781,1.303318134176769,0.009002297417415076,-0.0903774006181605,-0.015471321905807717,0.5994525957647852
1782,1.303408157150943,0.0080985234112335,-0.09025941100880099,-0.014223033178042403,0.5994061737108825
1783,1.3034891423850554,0.007195929301145483,-0.09013898111138781,-0.012976816246997742,0.5993598134221921
1784,1.3035611016780668,0.006294539490031579,-0.09001611840020882,-0.011732703338587,0.5993135105077255
1785,1.3036240470729672,0.005394378306029496,-0.08989083040891324,-0.010490726568621992,0.5992672605785174
1786,1.3036779908560274,0.0044954700019403425,-0.08976312472988693,-0.00925091794204336,0.5992210592482056
1787,1.3037229455560468,0.0035978387546414894,-0.08963300901357651,-0.008013309352159362,0.5991749021334973
1788,1.3037589239435932,0.0027015086645057304,-0.08950049096811813,-0.006777932579885595,0.5991287848547164
1789,1.3037859390302382,0.0018065037548245454,-0.08936557835851955,-0.005544819292985695,0.5990827030363018
1790,1.3038040040677865,0.0009128479712393406,-0.08922827900634069,-0.00431400104533838,0.5990366523073167
1791,1.3038131325474989,2.0565181175942688e-05,-0.08908860078896685,-0.003085509276196717,0.5989906283019684
1792,1.3038133381993107,-0.000870320826713706,-0.08894655163843708,-0.0018593753094530976,0.598944626660092
1793,1.3038046349910435,-0.0017597863430980792,-0.08880213954098184,-0.0006356303528987482,0.5988986430276907
1794,1.3037870371276126,-0.0026478077385078923,-0.08865537253635025,0.0005856945025009633,0.5988526730573851
1795,1.3037605590502275,-0.0035343614638714133,-0.08850625871733714,0.0018045682833413125,0.5988067124089795
1796,1.3037252154355887,-0.004419424051044795,-0.08835480622916402,0.00302096013449906,0.5987607567498914
1797,1.3036810211950782,-0.005302972113336435,-0.0882010232690493,0.004234839319832423,0.5987148017557026
1798,1.3036279914739448,-0.006184982346026913,-0.08804491808545273,0.005446175222893388,0.598668843110602
1799,1.3035661416504845,-0.007065431526881424,-0.08788649897699778,0.006654937347630866,0.5986228765079183
1800,1.3034954873352156,-0.007944296516651399,-0.08772577429197015,0.00786109531909534,0.5985768976505655
1801,1.303416044370049,-0.008821554259571101,-0.08756275242775516,0.009064618884136422,0.5985309022515628
1802,1.3033278288274535,-0.00969718178384867,-0.08739744183035539,0.010265477912102174,0.598484886034497
1803,1.303230857009615,-0.01057115620215222,-0.08722985099380465,0.011463642395525468,0.5984388447340004
1804,1.3031251454475934,-0.011443454712090266,-0.08705998845976004,0.012659082450793035,0.5983927740962424
1805,1.3030107109004725,-0.012314054596687876,-0.08688786281670823,0.013851768318822906,0.5983466698793671
1806,1.3028875703545055,-0.01318293322485497,-0.086713482698813,0.015041670365737435,0.5983005278540087
1807,1.302755741022257,-0.014050068051843093,-0.08653685678570756,0.01622875908353421,0.5982543438037111
1808,1.3026152403417386,-0.01491543661970017,-0.08635799380172886,0.01741300509075156,0.5982081135254417
1809,1.3024660859755417,-0.01577901655771747,-0.08617690251565294,0.018594379133134453,0.5981618328299961
1810,1.3023082958099645,-0.016640785582874008,-0.08599359173992155,0.019772852084286942,0.5981154975425255
1811,1.3021418879541358,-0.0175007215002732,-0.08580807033055235,0.02094839494630284,0.5980691035029134
1812,1.3019668807391331,-0.018358802203578748,-0.08562034718596886,0.02212097885041884,0.5980226465663063
1813,1.3017832927170974,-0.019215005675438428,-0.08543043124628197,0.02329057505764658,0.5979761226034903
1814,1.301591142660343,-0.020069309987901223,-0.08523833149275878,0.02445715495941709,0.5979295275013974
1815,1.301390449560464,-0.020921693302828805,-0.08504405694740855,0.025620690078205267,0.5978828571634934
1816,1.3011812326274357,-0.021772133872302896,-0.08484761667249721,0.026781152068172377,0.597836107510266
1817,1.3009635112887126,-0.022620610039027853,-0.08464901976996814,0.02793851271577151,0.5977892744796094
1818,1.3007373051883222,-0.023467100236727535,-0.08444827538122757,0.02909274394035778,0.5977423540273066
1819,1.300502634185955,-0.02431158299053982,-0.08424539268620079,0.030243817794795895,0.5976953421274138
1820,1.3002595183560495,-0.025154036917401815,-0.08404038090243038,0.03139170646606919,0.5976482347727161
1821,1.3000079779868754,-0.02599444072642614,-0.08383324928472352,0.03253638227588223,0.5976010279751305
1822,1.2997480335796112,-0.026832773219273378,-0.08362400712474294,0.033677817681256994,0.597553717766131
1823,1.2994797058474186,-0.027669013290520822,-0.08341266375044967,0.034815985275136074,0.5975063001971617
1824,1.2992030157145134,-0.028503139928025296,-0.08319922852575268,0.03595085778696076,0.5974587713400457
1825,1.2989179843152332,-0.0293351322132828,-0.08298371085009054,0.037082408083240356,0.5974111272873932
1826,1.2986246329931004,-0.03016496932178371,-0.08276612015776605,0.0382106091681302,0.597363364152999
1827,1.2983229832998826,-0.03099263052336138,-0.08254646591691672,0.0393354341840059,0.5973154780722543
1828,1.298013056994649,-0.03181809518253055,-0.08232475762925212,0.04045685641202829,0.5972674652025193
1829,1.2976948760428237,-0.03264134275882308,-0.08210100482963334,0.04157484927271186,0.5972193217235502
1830,1.2973684626152355,-0.033462352807119414,-0.08187521708563461,0.04268938632648592,0.5971710438378456
1831,1.2970338390871643,-0.03428110497797576,-0.08164740399698361,0.043800441274246524,0.5971226277710723
1832,1.2966910280373845,-0.0350975790179456,-0.08141757519561005,0.04490798795788617,0.5970740697724034
1833,1.296340052247205,-0.03591175476990172,-0.08118574034461035,0.04601200036084035,0.5970253661149323
1834,1.295980934699506,-0.03672361217334782,-0.08095190913763373,0.04711245260862436,0.5969765130960045
1835,1.2956136985777724,-0.03753313126472415,-0.08071609129823493,0.04820931896936855,0.5969275070376315
1836,1.295238367265125,-0.0383402921777065,-0.08047829657982147,0.04930257385434197,0.5968783442868044
1837,1.294854964343348,-0.03914507514350471,-0.0802385347649276,0.05039219181849469,0.5968290212159127
1838,1.294463513591913,-0.03994746049115398,-0.07999681566512151,0.051478147560960974,0.5967795342230399
1839,1.2940640389870013,-0.0407474286478052,-0.07975314912052112,0.05256041592556894,0.5967298797323666
1840,1.2936565647005231,-0.04154496013901041,-0.0795075449995511,0.05363897190133765,0.5966800541944683
1841,1.293241115099133,-0.04234003558900593,-0.07926001319767284,0.054713790622991615,0.5966300540867101
1842,1.292817714743243,-0.04313263572098265,-0.07901056363724263,0.05578484737144857,0.5965798759135387
1843,1.2923863883860331,-0.04392274135735508,-0.0787592062670886,0.05685211757432443,0.5965295162068638
1844,1.2919471609724595,-0.04471033342002597,-0.07850595106221825,0.057915576806420385,0.5964789715263392
1845,1.2915000576382594,-0.04549539293064815,-0.07825080802342121,0.058975200790217785,0.5964282384597483
1846,1.291045103708953,-0.046277901010882375,-0.07799378717700978,0.060030965396330016,0.5963773136232613
1847,1.2905823246988442,-0.04705783888265247,-0.07773489857455629,0.0610828466439824,0.5963261936618114
1848,1.2901117463100176,-0.047835187868398035,-0.07747415229199028,0.06213082070147592,0.5962748752493563
1849,1.2896333944313336,-0.048609929391317946,-0.0772115584288996,0.06317486388665544,0.5962233550892321
1850,1.2891472951374205,-0.049382044975606935,-0.07694712710863472,0.06421495266736665,0.5961716299144211
1851,1.2886534746876646,-0.050151516246693284,-0.07668086847765654,0.0652510636619171,0.5961196964878859
1852,1.2881519595251976,-0.05091832493146985,-0.076412792705505,0.06628317363953033,0.5960675516028378
1853,1.2876427762758829,-0.05168245285852488,-0.07614290998431889,0.06731125952077874,0.5960151920830553
1854,1.2871259517472977,-0.05244388195836808,-0.07587123052878092,0.06833529837800788,0.5959626147831381
1855,1.286601512927714,-0.05320259426365588,-0.075597764575413,0.06935526743578255,0.5959098165888204
1856,1.2860694869850775,-0.053958571909410016,-0.07532252238170445,0.07037114407130572,0.5958567944172233
1857,1.2855299012659833,-0.05471179713322706,-0.07504551422619243,0.07138290581485222,0.595803545217146
1858,1.284982783294651,-0.055462252275488996,-0.07476675040794967,0.07239053035018579,0.5957500659693289
1859,1.2844281607718961,-0.056209919779568504,-0.07448624124652525,0.07339399551498377,0.595696353686714
1860,1.2838660615741004,-0.05695478219203376,-0.07420399708144843,0.0743932793012407,0.5956424054147215
1861,1.2832965137521801,-0.05769682216284824,-0.07392002827237454,0.07538835985565355,0.5955882182314745
1862,1.2827195455305516,-0.05843602244557198,-0.0736343451983662,0.07637921548003088,0.5955337892480805
1863,1.2821351853060958,-0.05917236589755565,-0.073346958257407,0.07736582463167894,0.5954791156088429
1864,1.2815434616471202,-0.05990583548012971,-0.07305787786570567,0.07834816592380034,0.5954241944915426
1865,1.280944403292319,-0.06063641425878674,-0.07276711445802525,0.07932621812587128,0.5953690231076297
1866,1.280338039149731,-0.06136408540336699,-0.07247467848691708,0.08029996016404,0.5953135987025103
1867,1.2797243982956974,-0.06208883218823616,-0.07218058042299164,0.08126937112148976,0.595257918555715
1868,1.279103509973815,-0.06281063799246608,-0.07188483075430407,0.0822344302388076,0.5952019799811851
1869,1.2784754035938903,-0.06352948630000912,-0.07158743998661454,0.08319511691432903,0.5951457803274103
1870,1.2778401087308902,-0.06424536069987526,-0.07128841864235957,0.08415141070451855,0.5950893169777289
1871,1.2771976551238915,-0.06495824488629888,-0.07098777726031624,0.08510329132430484,0.5950325873504474
1872,1.2765480726750285,-0.06566812265890203,-0.07068552639530157,0.08605073864745194,0.5949755888991342
1873,1.2758913914484393,-0.06637497792285506,-0.07038167661826578,0.08699373270689088,0.5949183191127321
1874,1.2752276416692108,-0.06707879468903773,-0.0700762385158149,0.08793225369508387,0.5948607755158362
1875,1.2745568537223204,-0.06777955707419586,-0.0697692226902824,0.08886628196433566,0.5948029556688103
1876,1.2738790581515784,-0.06847724930109869,-0.06946063975947214,0.08979579802712316,0.5947448571680286
1877,1.2731942856585674,-0.06917185569869341,-0.06915050035645909,0.09072078255641262,0.5946864776460085
1878,1.2725025671015804,-0.06986336070225799,-0.06883881512874723,0.09164121638599107,0.5946278147716255
1879,1.271803933494558,-0.07055174885354547,-0.06852559473797759,0.09255708051077347,0.5945688662502538
1880,1.2710984160060224,-0.07123700480092524,-0.06821084986018966,0.09346835608712385,0.5945096298239511
1881,1.2703860459580132,-0.07191911329952713,-0.0678945911851414,0.0943750244331635,0.5944501032716157
1882,1.2696668548250178,-0.07259805921137855,-0.06757682941678778,0.09527706702907568,0.5943902844091387
1883,1.268940874232904,-0.07327382750554642,-0.06725757527246468,0.09617446551738615,0.5943301710895698
1884,1.2682081359578485,-0.07394640325827109,-0.0669368394836084,0.09706720170324495,0.5942697612032269
1885,1.267468671925266,-0.07461577165310716,-0.06661463279438506,0.09795525755472831,0.5942090526778918
1886,1.2667225142087348,-0.07528191798105102,-0.06629096596189099,0.0988386152031007,0.5941480434788763
1887,1.2659696950289243,-0.07594482764066993,-0.06596584975551711,0.09971725694311735,0.5940867316092383
1888,1.2652102467525177,-0.07660448613822507,-0.06563929495720489,0.10059116523327363,0.5940251151098213
1889,1.2644442018911355,-0.07726087908779712,-0.06531131236132637,0.10146032269610765,0.5939631920594672
1890,1.2636715931002576,-0.07791399221141039,-0.06498191277427734,0.10232471211842609,0.5939009605750495
1891,1.2628924531781434,-0.07856381133915316,-0.06465110701490306,0.10318431645157473,0.593838418811656
1892,1.2621068150647519,-0.0792103224093022,-0.06431890591376555,0.10403911881167104,0.5937755649626383
1893,1.261314711840659,-0.07985351146843986,-0.06398532031330895,0.10488910247986408,0.5937123972597558
1894,1.2605161767259745,-0.08049336467157295,-0.0636503610664263,0.10573425090257785,0.5936489139732561
1895,1.2597112430792587,-0.0811298682822372,-0.06331403903792443,0.10657454769174274,0.5935851134119657
1896,1.2588999443964364,-0.08176300867261642,-0.06297636510266547,0.10740997662504935,0.5935209939234065
1897,1.2580823143097102,-0.0823927723236431,-0.06263735014773897,0.10824052164616041,0.5934565538938344
1898,1.2572583865864737,-0.08301914582512047,-0.06229700506941771,0.10906616686494995,0.5933917917483793
1899,1.2564281951282226,-0.08364211587581469,-0.06195534077710452,0.1098868965576761,0.593326705951039
1900,1.2555917739694644,-0.08426166928358575,-0.06161236818785554,0.11070269516724346,0.5932612950048338
1901,1.2547491572766285,-0.0848777929654643,-0.061268098232776236,0.11151354730335696,0.5931955574517904
1902,1.2539003793469738,-0.08549047394779205,-0.0609225418474596,0.11231943774279624,0.5931294918730748
1903,1.253045474607496,-0.08609969936626664,-0.060575709984598824,0.1131203514295306,0.5930630968889906
1904,1.2521844776138333,-0.08670545646611261,-0.06022761359739337,0.11391627347503294,0.5929963711590704
1905,1.2513174230491722,-0.08730773260208655,-0.05987826366082527,0.11470718915832388,0.5929293133821137
1906,1.2504443457231513,-0.08790651523869478,-0.05952767114464241,0.11549308392633427,0.5928619222961924
1907,1.2495652805707644,-0.08850179195014121,-0.059175847046731844,0.11627394339382756,0.5927941966787628
1908,1.248680262651263,-0.08909355042060856,-0.05882280235266213,0.11704975334391247,0.5927261353465678
1909,1.2477893271470568,-0.08968177844413518,-0.058468548082230565,0.1178204997277772,0.5926577371558631
1910,1.2468925093626155,-0.09026646392495748,-0.05811309523566954,0.11858616866541839,0.59258900100217
1911,1.245989844723366,-0.09084759487731417,-0.05775645485311065,0.11934674644509932,0.592519925820644
1912,1.2450813687745927,-0.09142515942584528,-0.05739863795134248,0.12010221952438238,0.5924505105856547
1913,1.2441671171803343,-0.0919991458053587,-0.05703965558829238,0.12085257452923583,0.59238075431132
1914,1.2432471257222808,-0.09256954236124162,-0.05667951880022393,0.12159779825538504,0.5923106560508894
1915,1.2423214302986685,-0.09313633754924386,-0.05631823865937413,0.12233787766706787,0.5922402148974426
1916,1.241390066923176,-0.09369951993583762,-0.05595582622492434,0.12307279989869706,0.5921694299831167
1917,1.2404530717238178,-0.09425907819808686,-0.055592292578696134,0.12380255225338291,0.592098300479911
1918,1.239510480941837,-0.09481500112387382,-0.05522764880452724,0.12452712220469833,0.5920268255988461
1919,1.2385623309305982,-0.0953672776119191,-0.05486190599165108,0.12524649739522548,0.5919550045907408
1920,1.237608658154479,-0.0959158966718356,-0.05449507524892372,0.12596066563811814,0.5918828367454732
1921,1.2366494991877606,-0.09646084742432484,-0.054127167674840604,0.1266696149160113,0.5918103213925394
1922,1.2356848907135174,-0.09700211910107322,-0.053758194398963455,0.12737333338199083,0.5917374579006086
1923,1.2347148695225068,-0.09753970104506286,-0.05338816653517042,0.12807180935922324,0.591664245677674
1924,1.233739472512056,-0.09807358271041458,-0.053017095226642885,0.12876503134109238,0.5915906841710674
1925,1.232758736684952,-0.09860375366268101,-0.05264499160842817,0.1294529879917,0.5915167728671131
1926,1.231772699148325,-0.09913020357876526,-0.0522718668304617,0.1301356681451696,0.5914425112915934
1927,1.2307813971125374,-0.0996529222470699,-0.05189773205249659,0.13081306080679497,0.5913678990090284
1928,1.2297848678900667,-0.10017189956759487,-0.051522598430717714,0.13148515515195447,0.5912929356233441
1929,1.2287831488943908,-0.10068712555190204,-0.051146477146529756,0.1321519405272978,0.5912176207771311
1930,1.2277762776388716,-0.10119859032336734,-0.05076937936864201,0.13281340644991724,0.5911419541520938
1931,1.226764291735638,-0.10170628411705376,-0.05039131629197391,0.1334695426079395,0.5910659354686947
1932,1.2257472288944675,-0.1022101972799735,-0.0500122991062224,0.1341203388605165,0.5909895644860744
1933,1.2247251269216677,-0.10271032027103573,-0.04963233901212949,0.13476578523750213,0.5909128410022596
1934,1.2236980237189574,-0.10320664366115702,-0.049251447222903866,0.13540587194025783,0.5908357648535676
1935,1.222665957282346,-0.10369915813338607,-0.04886963494556362,0.13604058934074983,0.5907583359151369
1936,1.221628965701012,-0.10418785448284172,-0.04848691341164224,0.13666992798255215,0.5906805541002457
1937,1.2205870871561835,-0.10467272361695816,-0.04810329384322409,0.1372938785801428,0.5906024193606394
1938,1.2195403599200139,-0.10515375655539037,-0.047718787480900415,0.13791243201929423,0.5905239316862555
1939,1.2184888223544599,-0.10563094443019937,-0.04733340556959453,0.13852557935718676,0.5904450911049867
1940,1.217432512910158,-0.10610427848589533,-0.046947159355238965,0.1391333118219325,0.5903658976829602
1941,1.216371470125299,-0.10657375007944771,-0.04656006010309188,0.139735620813376,0.5902863515238861
1942,1.2153057326245045,-0.10703935068047862,-0.0461721190698372,0.14033249790227967,0.5902064527694688
1943,1.2142353391176997,-0.107501071871177,-0.04578334753155833,0.14092393483100094,0.5901262015989128
1944,1.2131603283989878,-0.1079589053464926,-0.04539375676528845,0.14150992351319647,0.5900455982289045
1945,1.2120807393455229,-0.10841284291414548,-0.04500335805224076,0.14209045603370465,0.589964642913672
1946,1.2109966109163814,-0.10886287649466787,-0.04461216269023238,0.1426655246490222,0.5898833359444235
1947,1.2099079821514347,-0.1093089981215702,-0.044220181970646144,0.14323512178660283,0.5898016776497265
1948,1.208814892170219,-0.10975119994127668,-0.0438274272032535,0.14379924004551622,0.5897196683949179
1949,1.2077173801708063,-0.1101894742133092,-0.04343390969871963,0.14435787219601712,0.5896373085821812
1950,1.2066154854286733,-0.11062381331029639,-0.043039640771614374,0.1449110111795663,0.5895545986504691
1951,1.2055092472955702,-0.11105420971801254,-0.042644631751944106,0.145458650109144,0.5894715390750114
1952,1.20439870519839,-0.11148065603553196,-0.04224889396433451,0.1460007822686505,0.5893881303676377
1953,1.2032838986380348,-0.1119031449751753,-0.04185243874941624,0.1465374011134679,0.5893043730761691
1954,1.202164867188283,-0.11232166936266945,-0.041455277451201145,0.14706850027003113,0.5892202677844972
1955,1.2010416504946562,-0.11273622213718149,-0.04105742141589097,0.14759407353581566,0.5891358151124445
1956,1.1999142882732843,-0.11314679635134041,-0.0406588820056053,0.14811411487960224,0.5890510157152988
1957,1.1987828203097708,-0.11355338517139646,-0.04025967057854296,0.1486286184409119,0.5889658702840703
1958,1.1976472864580567,-0.11395598187718188,-0.039859798504952026,0.14913757853045212,0.5888803795449112
1959,1.196507726639285,-0.1143545798622314,-0.03945927716218489,0.14964098962979322,0.5887945442591389
1960,1.1953641808406625,-0.11474917263385324,-0.03905811792631553,0.15013884639123493,0.5887083652231088
1961,1.194216689114324,-0.1151397538131164,-0.03865633218949727,0.15063114363810093,0.5886218432677384
1962,1.1930652915761928,-0.11552631713501137,-0.03825393134256727,0.1511178763641873,0.5885349792586935
1963,1.1919100284048427,-0.11590885644843703,-0.037850926784033234,0.15159903973403768,0.5884477740958655
1964,1.1907509398403584,-0.11628736571627736,-0.03744732992379873,0.1520746290827917,0.5883602287132936
1965,1.1895880661831957,-0.11666183901551537,-0.037043152168723115,0.15254463991584868,0.5882723440790605
1966,1.1884214477930406,-0.11703227053720261,-0.03663840493933035,0.15300906790921942,0.5881841211948307
1967,1.1872511250876685,-0.11739865458659589,-0.03623309965935295,0.15346790890902634,0.5880955610959152
1968,1.1860771385418025,-0.11776098558318943,-0.03582724775436863,0.15392115893158084,0.5880066648508813
1969,1.1848995286859707,-0.11811925806073312,-0.03542086066383565,0.15436881416342596,0.5879174335613411
1970,1.1837183361053634,-0.11847346666737148,-0.035013949825346,0.15481087096084287,0.5878278683618705
1971,1.1825336014386896,-0.11882360616562494,-0.03460652668543118,0.15524732585014553,0.5877379704195849
1972,1.1813453653770334,-0.11916967143247927,-0.03419860269957886,0.15567817552733929,0.5876477409340412
1973,1.1801536686627085,-0.11951165745947505,-0.03379018932172295,0.15610341685791915,0.5875571811369918
1974,1.1789585520881138,-0.11984955935269227,-0.03338129801829459,0.15652304687707747,0.587466292292066
1975,1.177760056494587,-0.12018337233287522,-0.032971940258536,0.15693706278917927,0.5873750756946469
1976,1.176558222771258,-0.1205130917354606,-0.03256212751394816,0.1573454619678748,0.5872835326715627
1977,1.1753530918539035,-0.12083871301060008,-0.03215187126792918,0.15774824195600237,0.5871916645808178
1978,1.1741447047237974,-0.12116023172327936,-0.031741183003588525,0.15814540046515776,0.5870994728114468
1979,1.1729331024065646,-0.12147764355331525,-0.031330074210891845,0.15853693537590205,0.5870069587831596
1980,1.1717183259710313,-0.12179094429542417,-0.03091855638868657,0.15892284473738594,0.5869141239461041
1981,1.170500416528077,-0.12210012985931104,-0.030506641035233373,0.15930312676715347,0.5868209697806952
1982,1.1692794152294839,-0.12240519626966337,-0.030094339658343627,0.15967777985123924,0.5867274977972213
1983,1.1680553632667872,-0.12270613966624677,-0.029681663770905753,0.16004680254370518,0.586633709535691
1984,1.1668283018701247,-0.12300295630395584,-0.029268624886377714,0.16041019356663141,0.5865396065655517
1985,1.165598272307085,-0.1232956425528196,-0.02885523452819283,0.16076795181001943,0.5864451904853347
1986,1.1643653158815568,-0.12358419489810155,-0.02844150422266767,0.16112007633137437,0.5863504629225342
1987,1.1631294739325757,-0.12386860994032821,-0.028027445498622905,0.16146656635576392,0.58625542553321
1988,1.1618907878331723,-0.12414888439531445,-0.027613069894660836,0.16180742127554912,0.5861600800017331
1989,1.1606492989892192,-0.12442501509426106,-0.027198388950204766,0.1621426406500596,0.5860644280405938
1990,1.1594050488382766,-0.12469699898376312,-0.026783414209669565,0.16247222420563218,0.5859684713899799
1991,1.158158078848439,-0.1249648331258598,-0.026368157225594158,0.1627961718352633,0.5858722118176077
1992,1.1569084305171804,-0.12522851469811574,-0.025952629549933492,0.16311448359836445,0.5857756511183986
1993,1.1556561453701992,-0.12548804099361507,-0.025536842741247234,0.16342715972076022,0.585678791114153
1994,1.154401264960263,-0.12574340942102755,-0.025120808364392788,0.16373420059426344,0.5855816336533449
1995,1.1531438308660529,-0.12599461750467147,-0.024704537983578634,0.16403560677653753,0.5854841806107502
1996,1.1518838846910062,-0.12624166288450725,-0.02428804317117117,0.16433137899099207,0.5853864338871929
1997,1.1506214680621611,-0.12648454331621897,-0.023871335503408142,0.164621518126324,0.5852883954092453
1998,1.1493566226289988,-0.12672325667125303,-0.023454426557105723,0.1649060252364559,0.5851900671288909
1999,1.1480893900622864,-0.1269578009368241,-0.023037327917279082,0.1651849015403335,0.5850914510232764
2000,1.146819812052918,-0.1271881742159969,-0.022620051170868516,0.16545814842148393,0.5849925490943578
2001,1.145547930310758,-0.1274143747277056,-0.022202607906244287,0.16572576742800826,0.5848933633686305
2002,1.144273786563481,-0.12763640080676802,-0.02178500971904085,0.16598776027225007,0.5847938958968053
2003,1.1429974225554134,-0.12785425090395847,-0.02136726820582635,0.1662441288304394,0.5846941487534923
2004,1.1417188800463738,-0.12806792358601674,-0.020949394965814605,0.16649487514265318,0.584594124036924
2005,1.1404382008105136,-0.12827741753567487,-0.020531401604304556,0.1667400014124056,0.5844938238685845
2006,1.139155426635157,-0.1284827315517179,-0.020113299727322342,0.16697951000635605,0.5843932503929321
2007,1.1378705993196396,-0.12868386454899114,-0.01969510094390059,0.1672134034542084,0.5842924057770774
2008,1.1365837606741498,-0.12888081555843015,-0.01927681686828553,0.1674416844482828,0.5841912922104324
2009,1.1352949525185654,-0.129073583727113,-0.01885845911491546,0.1676643558432763,0.5840899119044368
2010,1.1340042166812943,-0.12926216831826218,-0.0184400393007933,0.1678814206560869,0.5839882670921963
2011,1.1327115949981117,-0.1294465687112701,-0.018021569047478314,0.16809288206540188,0.583886360028178
2012,1.131417129310999,-0.1296267844017449,-0.017603059976356583,0.16829874341145848,0.5837841929878795
2013,1.1301208614669815,-0.12980281500150845,-0.01718452371139101,0.16849900819583077,0.5836817682674972
2014,1.1288228333169665,-0.12997466023862236,-0.01676597188069673,0.1686936800810089,0.5835790881836104
2015,1.1275230867145802,-0.13014231995742934,-0.016347416111532898,0.16888276289014428,0.5834761550728089
2016,1.126221663515006,-0.13030579411854468,-0.015928868033963095,0.16906626060682317,0.583372971291409
2017,1.1249186055738205,-0.13046508279888433,-0.01551033928138379,0.16924417737463554,0.5832695392150954
2018,1.1236139547458317,-0.13062018619169816,-0.015091841485537216,0.16941651749692224,0.5831658612385554
2019,1.1223077528839147,-0.13077110460655353,-0.014673386280800171,0.1695832854365338,0.583061939775224
2020,1.1210000418378492,-0.1309178384693615,-0.014254985303621126,0.16974448581537033,0.5829577772568664
2021,1.1196908634531555,-0.13106038832239772,-0.013836650188910893,0.169900123414151,0.5828533761332607
2022,1.1183802595699315,-0.1311987548242868,-0.013418392573874005,0.1700502031721327,0.5827487388719186
2023,1.1170682720216887,-0.13133293875002555,-0.013000224096967328,0.17019473018662898,0.5826438679576288
2024,1.1157549426341884,-0.13146294099099523,-0.012582156395066768,0.17033370971279196,0.5825387658921924
2025,1.1144403132242784,-0.1315887625549459,-0.01216420110687011,0.17046714716328004,0.5824334351940857
2026,1.113124425598729,-0.1317104045660146,-0.011746369871337148,0.17059504810780426,0.5823278783980342
2027,1.1118073215530688,-0.131827868264728,-0.011328674325817856,0.17071741827289413,0.5822220980547566
2028,1.1104890428704215,-0.13194115500798614,-0.010911126107862046,0.17083426354153378,0.5821160967305867
2029,1.1091696313203416,-0.13205026626906477,-0.010493736855119451,0.17094558995272488,0.5820098770070837
2030,1.107849128657651,-0.13215520363761596,-0.010076518203203655,0.17105140370122862,0.5819034414807512
2031,1.106527576621275,-0.13225596881964796,-0.009659481787208657,0.17115171113717526,0.5817967927626538
2032,1.1052050169330785,-0.13235256363752007,-0.009242639241963113,0.17124651876564367,0.5816899334780504
2033,1.1038814912967032,-0.13244499002993973,-0.008826002199789906,0.17133583324634075,0.5815828662660623
2034,1.1025570413964039,-0.13253325005193764,-0.008409582291656337,0.1714196613932386,0.58147559377933
2035,1.1012317088958845,-0.13261734587485424,-0.007993391147902429,0.17149801017413843,0.5813681186836307
2036,1.0999055354371359,-0.13269727978633325,-0.007577440395374335,0.17157088671032786,0.5812604436575277
2037,1.0985785626392726,-0.13277305419028698,-0.0071617416586489124,0.17163829827622296,0.5811525713920642
2038,1.0972508320973697,-0.1328446716068735,-0.006746306560951876,0.17170025229891586,0.5810445045903492
2039,1.095922385381301,-0.13291213467248303,-0.006331146721444414,0.17175675635781174,0.5809362459672079
2040,1.0945932640345761,-0.13297544613969747,-0.0059162737565288115,0.17180781818427643,0.5808277982489052
2041,1.093263509573179,-0.13303460887726276,-0.0055016992803447184,0.17185344566114877,0.5807191641726771
2042,1.0919331634844065,-0.13308962587006617,-0.00508743490257535,0.1718936468223684,0.5806103464864102
2043,1.0906022672257059,-0.1331405002190919,-0.004673492229478882,0.1719284298526162,0.5805013479483631
2044,1.089270862223515,-0.1331872351413867,-0.004259882864061648,0.17195780308681632,0.5803921713266849
2045,1.087938989872101,-0.13322983397002733,-0.003846618404204083,0.17198177500976228,0.5802828193991156
2046,1.0866066915324009,-0.13326830015406935,-0.003433710443435656,0.17200035425573051,0.5801732949526874
2047,1.08527400853086,-0.1333026372585037,-0.003021170570608467,0.17201354960799006,0.5800636007832594
2048,1.083940982158275,-0.1333328489642098,-0.0026090103694775824,0.1720213699984104,0.5799537396952104
2049,1.0826076536686329,-0.13335893906790455,-0.0021972414183268896,0.17202382450705353,0.5798437145011271
2050,1.081274064277954,-0.1333809114820878,-0.001785875289991301,0.17202092236168345,0.5797335280213645
2051,1.079940255163133,-0.13339877023498772,-0.0013749235517046543,0.17201267293735215,0.5796231830837129
2052,1.078606267460783,-0.13341251947050478,-0.0009643977642714852,0.17199908575596118,0.5795126825230762
2053,1.077272142266078,-0.13342216344814753,-0.0005543094821736094,0.17198017048580677,0.5794020291810851
2054,1.0759379206315967,-0.13342770654296926,-0.00014467025345910045,0.17195593694112013,0.5792912259057079
2055,1.074603643566167,-0.13342915324550386,0.00026450838143454725,0.1719263950816281,0.5791802755509473
2056,1.073269352033712,-0.1334265081616895,0.0006732148894916801,0.17189155501210213,0.5790691809764894
2057,1.0719350869520952,-0.13341977601279462,0.0010814377447909695,0.17185142698186942,0.5789579450472659
2058,1.0706008891919672,-0.13340896163534668,0.001489165430041961,0.17180602138436765,0.5788465706331697
2059,1.0692667995756138,-0.13339406998104628,0.0018963864358545468,0.17175534875668766,0.5787350606087328
2060,1.0679328588758032,-0.13337510611668774,0.002303089261299629,0.1716994197790572,0.5786234178526454
2061,1.0665991078146364,-0.13335207522407477,0.002709262414649638,0.17163824527438512,0.5785116452474833
2062,1.0652655870623957,-0.13332498259992828,0.0031148944129644196,0.17157183620780733,0.5783997456794069
2063,1.0639323372363965,-0.13329383365579867,0.0035199737829871847,0.17150020368615,0.5782877220376643
2064,1.0625993988998386,-0.13325863391796877,0.003924489061805092,0.17142335895747798,0.5781755772143226
2065,1.0612668125606588,-0.1332193890273507,0.004328428796153139,0.1713413134106096,0.5780633141039706
2066,1.0599346186703853,-0.13317610473938918,0.004731781543821922,0.17125407857459055,0.5779509356032435
2067,1.0586028576229913,-0.13312878692395097,0.005134535873732027,0.17116166611822353,0.5778384446105251
2068,1.0572715697537518,-0.13307744156521364,0.005536680365235691,0.17106408784956198,0.5777258440256577
2069,1.0559407953380997,-0.1330220747615613,0.00593820360996089,0.17096135571537882,0.5776131367494995
2070,1.0546105745904841,-0.13296269272546168,0.006339094211530449,0.17085348180068485,0.5775003256835843
2071,1.0532809476632294,-0.13289930178334639,0.0067393407851445986,0.17074047832819908,0.5773874137298363
2072,1.051951954645396,-0.13283190837549494,0.007138931959108641,0.17062235765782777,0.5772744037901832
2073,1.050623635561641,-0.13276051905590386,0.007537856375116059,0.17049913228617034,0.5771612987661755
2074,1.0492960303710819,-0.1326851404921527,0.007936102687819968,0.17037081484596506,0.5770481015586857
2075,1.0479691789661603,-0.13260577946527446,0.008333659565858964,0.17023741810557652,0.5769348150675856
2076,1.0466431211715075,-0.13252244286961584,0.008730515692260132,0.17009895496847938,0.5768214421913339
2077,1.0453178967428114,-0.13243513771269327,0.009126659764568945,0.16995543847269926,0.5767079858266552
2078,1.0439935453656846,-0.1323438711150476,0.009522080494855922,0.16980688179028203,0.5765944488682638
2079,1.042670106654534,-0.13224865031009905,0.009916766610698069,0.16965329822676192,0.5764808342084455
2080,1.0413476201514331,-0.13214948264399207,0.010310706855883867,0.16949470122059804,0.5763671447366903
2081,1.0400261253249932,-0.13204637557543325,0.010703889989339688,0.1693311043426397,0.5762533833394737
2082,1.038705661569239,-0.13193933667553984,0.011096304786561983,0.16916252129556958,0.5761395528998456
2083,1.0373862682024835,-0.13182837362767422,0.011487940041037259,0.1689889659133514,0.5760256562970321
2084,1.0360679844662066,-0.13171349422726383,0.011878784562774358,0.16881045216067747,0.5759116964062353
2085,1.034750849523934,-0.1315947063816361,0.012268827178910646,0.16862699413238566,0.5757976760982448
2086,1.0334349024601175,-0.131472018109847,0.012658056736114531,0.16843860605292454,0.5756835982390366
2087,1.032120182279019,-0.13134543754248584,0.013046462099083334,0.1682453022757777,0.5755694656895398
2088,1.030806727903594,-0.13121497292149503,0.013434032150229092,0.16804709728285555,0.5754552813052889
2089,1.029494578174379,-0.13108063259999272,0.01382075579275166,0.16784400568395755,0.5753410479360431
2090,1.028183771848379,-0.1309424250420652,0.014206621949491849,0.16763604221620126,0.5752267684254921
2091,1.0268743475979585,-0.1308003588225703,0.014591619562309699,0.16742322174338803,0.5751124456109582
2092,1.0255663440097327,-0.1306544426269472,0.014975737594328242,0.16720555925545783,0.5749980823230586
2093,1.0242597995834632,-0.13050468525100395,0.01535896503041756,0.16698306986792347,0.5748836813853381
2094,1.0229547527309533,-0.13035109560069977,0.01574129087633991,0.16675576882121676,0.5747692456140009
2095,1.0216512417749464,-0.13019368269193637,0.016122704159153844,0.16652367148013,0.574654777817629
2096,1.020349304948027,-0.13003245565034482,0.016503193929309212,0.16628679333323837,0.5745402807967704
2097,1.0190489803915235,-0.1298674237110517,0.016882749260244134,0.1660451499922606,0.5744257573436629
2098,1.0177503061544129,-0.12969859621844926,0.017261359247208174,0.1657987571914544,0.5743112102419929
2099,1.0164533201922283,-0.12952598262597717,0.017639013009631554,0.16554763078702686,0.5741966422664939
2100,1.0151580603659687,-0.12934959249588085,0.018015699692286447,0.16529178675653058,0.574082056182632
2101,1.0138645644410098,-0.12916943549895799,0.018391408463069858,0.16503124119821855,0.573967454746399
2102,1.0125728700860201,-0.1289855214143273,0.018766128514408065,0.16476601033043076,0.5738528407039462
2103,1.0112830148718768,-0.1287978601291832,0.01913984906605326,0.16449611049101573,0.5737382167912357
2104,1.009995036270585,-0.12860646163852268,0.019512559363272786,0.16422155813667552,0.5736235857338263
2105,1.0087089716541997,-0.12841133604488997,0.019884248675954286,0.16394236984230703,0.5735089502465585
2106,1.0074248582937508,-0.12821249355813044,0.020254906302336062,0.16365856230043452,0.5733943130332149
2107,1.0061427333581696,-0.12800994449510708,0.02062452156875727,0.16337015232056726,0.5732796767862461
2108,1.0048626339132185,-0.1278036992794195,0.020993083827344217,0.16307715682849921,0.5731650441865105
2109,1.0035845969204242,-0.12759376844114606,0.021360582458724853,0.16277959286571464,0.5730504179029607
2110,1.0023086592360129,-0.1273801626165588,0.021727006873618615,0.16247747758878958,0.5729358005923272
2111,1.0010348576098473,-0.12716289254782262,0.02209234651121106,0.16217082826867069,0.5728211948988742
2112,0.9997632286843691,-0.12694196908271052,0.022456590839037283,0.16185966229003132,0.5727066034541276
2113,0.998493808993542,-0.12671740317432018,0.02281972935600396,0.16154399715069342,0.572592028876559
2114,0.9972266349617988,-0.12648920588076012,0.023181751592402655,0.16122385046092488,0.5724774737712964
2115,0.9959617429029911,-0.1262573883648361,0.023542647108045767,0.1608992399427524,0.5723629407299142
2116,0.9946991690193427,-0.12602196189375564,0.023902405493817502,0.16057018342934604,0.5722484323301349
2117,0.9934389494004052,-0.12578293783881744,0.024261016374483857,0.16023669886437378,0.5721339511354874
2118,0.9921811200220171,-0.12554032767507262,0.024618469406953447,0.15989880430128303,0.5720194996951287
2119,0.9909257167452663,-0.12529414298100308,0.02497475427893192,0.15955651790262917,0.5719050805435691
2120,0.9896727753154563,-0.12504439543821377,0.025329860712924313,0.1592098579394579,0.5717906962003424
2121,0.9884223313610742,-0.12479109683108454,0.025683778466927265,0.15885884279062287,0.5716763491697945
2122,0.9871744203927633,-0.12453425904641527,0.026036497330900743,0.15850349094204316,0.5715620419408489
2123,0.9859290778022991,-0.12427389407310627,0.026388007129584667,0.1581438209860633,0.571447776986708
2124,0.9846863388615681,-0.12401001400181041,0.026738297725099613,0.15777985162083316,0.5713335567646065
2125,0.98344623872155,-0.1237426310245594,0.027087359015092183,0.1574116016495403,0.5712193837155802
2126,0.9822088124113044,-0.1234717574344085,0.027435180931253966,0.15703908997969884,0.5711052602642279
2127,0.9809740948369603,-0.12319740562509594,0.027781753443519297,0.15666233562256007,0.5709911888184301
2128,0.9797421207807093,-0.12291958809066074,0.028127066560467706,0.15628135769237692,0.5708771717691192
2129,0.9785129248998027,-0.1226383174250561,0.028471110326758198,0.15589617540564335,0.5707632114900533
2130,0.9772865417255521,-0.12235360632178852,0.028813874824297203,0.15550680808044448,0.5706493103375863
2131,0.9760630056623342,-0.12206546757354553,0.0291553501756725,0.15511327513581596,0.5705354706504023
2132,0.9748423509865987,-0.1217739140717888,0.029495526543206196,0.15471559609095245,0.5704216947492929
2133,0.9736246118458808,-0.12147895880635674,0.029834394126638242,0.1543137905644909,0.570307984936976
2134,0.9724098222578172,-0.12118061486509035,0.03017194316629279,0.1539078782738741,0.570194343497824
2135,0.9711980161091663,-0.12087889543342742,0.03050816394525313,0.1534978790346358,0.5700807726976254
2136,0.969989227154832,-0.12057381379397489,0.030843046786974693,0.15308381275961483,0.5699672747834309
2137,0.9687834890168923,-0.12026538332610516,0.031176582054218693,0.1526656994582527,0.5698538519832971
2138,0.9675808351836312,-0.11995361750556296,0.03150876015389603,0.1522435592359533,0.5697405065060496
2139,0.9663812990085756,-0.11963852990402402,0.031839571536887434,0.15181741229330983,0.569627240541111
2140,0.9651849137095354,-0.11932013418865514,0.032169006694875435,0.15138727892532136,0.5695140562582873
2141,0.9639917123676489,-0.11899844412170638,0.03249705616229337,0.15095317952072845,0.5694009558075508
2142,0.9628017279264318,-0.11867347356008345,0.03282371052038768,0.1505151345613427,0.5692879413188392
2143,0.961614993190831,-0.11834523645487958,0.03314896039478765,0.1500731646212093,0.5691750149018745
2144,0.9604315408262822,-0.11801374685093172,0.033472796453575815,0.14962729036586667,0.5690621786459537
2145,0.9592514033577729,-0.11767901888639595,0.03379520941146019,0.1491775325517096,0.5689494346197692
2146,0.958074613168909,-0.11734106679228135,0.034116190030888394,0.14872391202523189,0.5688367848712109
2147,0.9569012025009862,-0.11699990489197246,0.03443572911993542,0.14826644972218211,0.5687242314271712
2148,0.9557312034520665,-0.11665554760077308,0.03475381753132001,0.14780516666688123,0.5686117762933915
2149,0.9545646479760588,-0.11630800942545988,0.03507044616721189,0.14734008397155043,0.5684994214542516
2150,0.9534015678818042,-0.11595730496378776,0.03538560597891427,0.14687122283548043,0.568387168872595
2151,0.9522419948321663,-0.1156034489039986,0.035699287964279236,0.14639860454425016,0.5682750204895813
2152,0.9510859603431263,-0.11524645602435579,0.03601148316864533,0.14592225046903232,0.5681629782244989
2153,0.9499334957828828,-0.11488634119266934,0.036322182689185745,0.1454421820658943,0.5680510439745924
2154,0.9487846323709561,-0.11452311936577748,0.03663137767366598,0.14495842087493616,0.5679392196149102
2155,0.9476394011772984,-0.11415680558904083,0.036939059317092626,0.14447098851953247,0.5678275069981518
2156,0.946497833121408,-0.11378741499586992,0.03724521886544374,0.14397990670564878,0.5677159079544875
2157,0.9453599589714493,-0.1134149628072155,0.037549847618561505,0.14348519722109002,0.5676044242914235
2158,0.9442258093433772,-0.11303946433102986,0.037852936927354475,0.14298688193463002,0.5674930577936483
2159,0.9430954147000669,-0.11266093496175632,0.0381544781918286,0.14248498279526453,0.5673818102228634
2160,0.9419688053504492,-0.112279390179838,0.03845446286635301,0.14197952183155593,0.5672706833176726
2161,0.9408460114486509,-0.11189484555117449,0.03875288246022013,0.14147052115079564,0.5671596787934245
2162,0.9397270629931391,-0.11150731672657228,0.03904972853469635,0.14095800293815075,0.5670487983420652
2163,0.9386119898258735,-0.11111681944122531,0.03934499270277614,0.14044198945595987,0.5669380436320169
2164,0.9375008216314612,-0.11072336951419755,0.039638666634290165,0.1399225030430411,0.5668274163080614
2165,0.9363935879363192,-0.11032698284785465,0.0399307420549766,0.13939956611379806,0.5667169179911877
2166,0.9352903181078407,-0.1099276754273049,0.0402212107440425,0.13887320115741353,0.5666065502784702
2167,0.9341910413535677,-0.10952546331986447,0.04051006453482331,0.13834343073715366,0.5664963147429732
2168,0.9330957867203691,-0.10912036267451625,0.040797295319357496,0.137810277489621,0.5663862129336066
2169,0.9320045830936239,-0.10871238972132267,0.04108289504722196,0.13727376412385084,0.566276246375015
2170,0.9309174591964107,-0.10830156077085046,0.04136685572237009,0.1367339134205368,0.5661664165674719
2171,0.9298344435887022,-0.10788789221362675,0.04164916940549657,0.13619074823131835,0.5660567249867728
2172,0.9287555646665658,-0.10747140051957177,0.04192982821807523,0.13564429147800622,0.5659471730841396
2173,0.9276808506613701,-0.10705210223739102,0.04220882434019413,0.13509456615167886,0.565837762286104
2174,0.9266103296389961,-0.10663001399398908,0.04248615000738032,0.13454159531190596,0.5657284939944103
2175,0.9255440294990562,-0.10620515249391531,0.042761797515001865,0.13398540208605494,0.5656193695859342
2176,0.9244819779741171,-0.10577753451876529,0.04303575922061931,0.13342600966846813,0.5655103904126105
2177,0.9234242026289294,-0.1053471769265591,0.04330802754126506,0.13286344131955422,0.5654015578013003
2178,0.9223707308596638,-0.10491409665114643,0.043578594951172445,0.1322977203650346,0.5652928730537213
2179,0.9213215898931524,-0.1044783107016347,0.043847453987013174,0.1317288701952537,0.5651843374464057
2180,0.920276806786136,-0.10403983616176456,0.04411459724865008,0.13115691426428855,0.5650759522305894
2181,0.9192364084245184,-0.10359869018927806,0.04438001739666464,0.13058187608907265,0.5649677186321231
2182,0.9182004215226256,-0.1031548900153114,0.04464370715082544,0.13000377924865722,0.5648596378514236
2183,0.9171688726224725,-0.10270845294380317,0.044905659295133016,0.1294226473834968,0.5647517110634387
2184,0.9161417880930345,-0.10225939635085186,0.045165866678244515,0.12883850419452286,0.5646439394175318
2185,0.9151191941295259,-0.1018077376840694,0.04542432221081749,0.12825137344230317,0.5645363240374328
2186,0.9141011167526852,-0.10135349446196124,0.0456810188643314,0.12766127894629625,0.5644288660211966
2187,0.9130875818080656,-0.10089668427331791,0.045935949676311205,0.12706824458411117,0.5643215664411689
2188,0.9120786149653324,-0.10043732477655481,0.046189107750416736,0.12647229429057943,0.5642144263439066
2189,0.9110742417175668,-0.09997543369905065,0.046440486253420676,0.12587345205691408,0.5641074467501203
2190,0.9100744873805763,-0.09951102883651645,0.04669007841438311,0.1252717419299664,0.5640006286546556
2191,0.9090793770922111,-0.09904412805237262,0.04693787753051182,0.12466718801147299,0.5638939730264726
2192,0.9080889358116874,-0.0985747492770675,0.04718387696625248,0.1240598144571162,0.5637874808085838
2193,0.9071031883189167,-0.09810291050740497,0.04742807015012507,0.12344964547568274,0.5636811529179907
2194,0.9061221592138426,-0.09762862980590371,0.047670450574903156,0.12283670532832981,0.5635749902457023
2195,0.9051458729157836,-0.09715192530015469,0.04791101180301793,0.12222101832782135,0.5634689936567344
2196,0.9041743536627821,-0.0966728151821245,0.048149747465139336,0.12160260883756047,0.5633631639900245
2197,0.9032076255109609,-0.0961913177074731,0.048386651257342206,0.12098150127076963,0.5632575020584127
2198,0.9022457123338862,-0.09570745119489968,0.04862171694159756,0.12035772008976121,0.5631520086486766
2199,0.9012886378219371,-0.0952212340254837,0.04885493835075749,0.11973128980514207,0.5630466845215288
2200,0.9003364254816822,-0.09473268464197611,0.04908630938707803,0.11910223497484757,0.5629415304115338
2201,0.8993890986352625,-0.09424182154810531,0.04931582401967782,0.11847058020333547,0.5628365470271312
2202,0.8984466804197815,-0.09374866330790856,0.04954347628478517,0.11783635014084398,0.5627317350506633
2203,0.8975091937867024,-0.09325322854506071,0.04976926029060802,0.1171995694825832,0.5626270951383897
2204,0.8965766615012517,-0.09275553594215462,0.04999317021632976,0.11656026296777634,0.5625226279204267
2205,0.8956491061418301,-0.09225560423999131,0.050215200309035035,0.11591845537885134,0.5624183340007776
2206,0.8947265500994303,-0.09175345223690097,0.0504353448839695,0.11527417154068785,0.5623142139573695
2207,0.8938090155770613,-0.09124909878806127,0.05065359832972183,0.1146274363198108,0.5622102683420874
2208,0.8928965245891807,-0.09074256280476406,0.05086995510698966,0.11397827462343363,0.5621064976807368
2209,0.891989098961133,-0.09023386325369417,0.051084409745419945,0.1133267113986309,0.5620029024730578
2210,0.891086760328596,-0.08972301915623997,0.0512969568439553,0.11267277163159697,0.5618994831928051
2211,0.8901895301370336,-0.08921004958780039,0.051507591075991566,0.11201648034683745,0.5617962402877882
2212,0.8892974296411557,-0.08869497367704048,0.051716307188096056,0.1113578626062003,0.5616931741798329
2213,0.8884104799043853,-0.08817781060515953,0.051923099996903366,0.11069694350805016,0.5615902852648078
2214,0.8875287017983337,-0.0876585796051905,0.05212796438944789,0.1100337481865287,0.5614875739127361
2215,0.8866521160022818,-0.08713729996129603,0.052330895328010496,0.10936830181074092,0.5613850404678394
2216,0.8857807430026688,-0.08661399100801592,0.05253188784897611,0.10870062958378349,0.561282685248506
2217,0.8849146030925887,-0.08608867212952616,0.052730937060336824,0.10803075674191945,0.5611805085473432
2218,0.8840537163712935,-0.08556136275892279,0.05292803814094582,0.10735870855383314,0.5610785106312914
2219,0.8831981027437042,-0.08503208237751331,0.053123186345646056,0.10668451031981425,0.5609766917416844
2220,0.8823477819199291,-0.08450085051405685,0.05331637700449532,0.10600818737079312,0.5608750520942323
2221,0.8815027734147886,-0.08396768674401192,0.053507605520481394,0.10532976506751245,0.5607735918790917
2222,0.8806630965473484,-0.08343261068880711,0.053696867367876155,0.10464926879975918,0.5606723112609656
2223,0.8798287704404604,-0.08289564201512835,0.053884158097523005,0.10396672398557623,0.5605712103792088
2224,0.8789998140203091,-0.08235680043415311,0.05406947333666978,0.1032821560702927,0.5604702893478116
2225,0.8781762460159676,-0.08181610570078642,0.05425280878656513,0.10259559052568382,0.5603695482554742
2226,0.8773580849589597,-0.08127357761292077,0.05443416022023084,0.10190705284919199,0.5602689871657146
2227,0.8765453491828306,-0.08072923601071846,0.054613523487733184,0.10121656856316164,0.5601686061170101
2228,0.8757380568227233,-0.08018310077584112,0.05479089451651986,0.10052416321386773,0.5600684051227824
2229,0.8749362258149649,-0.07963519183067592,0.0549662693088282,0.09982986237065812,0.5599683841714718
2230,0.8741398738966581,-0.07908552913758764,0.05513964393960402,0.0991336916251733,0.5598685432266638
2231,0.8733490186052822,-0.07853413269819161,0.05531101456072107,0.09843567659059574,0.5597688822272575
2232,0.8725636772783003,-0.07798102255258439,0.05548037740230216,0.09773584290068137,0.5596694010874531
2233,0.8717838670527744,-0.07742621877856137,0.05564772877034385,0.09703421620888837,0.5595700996968292
2234,0.8710096048649888,-0.07686974149085793,0.055813065044381105,0.09633082218759934,0.5594709779204847
2235,0.8702409074500802,-0.07631161084041413,0.055976382680551495,0.0956256865273636,0.5593720355992086
2236,0.869477791341676,-0.0757518470136086,0.05613767821390614,0.09491883493596054,0.559273272549507
2237,0.86872027287154,-0.07519047023146953,0.05629694825656506,0.09421029313750591,0.5591746885636739
2238,0.8679683681692253,-0.07462750074890388,0.05645418949499936,0.09350008687166436,0.5590762834099428
2239,0.8672220931617363,-0.07406295885395389,0.05660939869154058,0.09278824189289309,0.5589780568326618
2240,0.8664814635731968,-0.07349686486703849,0.05676257268814211,0.09207478396954122,0.5588800085523686
2241,0.8657464949245264,-0.07292923914015707,0.05691370840467336,0.09135973888293517,0.5587821382658459
2242,0.8650172025331248,-0.07236010205611033,0.05706280283623466,0.09064313242657253,0.5586844456462713
2243,0.8642936015125636,-0.07178947402774798,0.05720985305320059,0.08992499040536987,0.558586930343406
2244,0.8635757067722861,-0.07121737549721598,0.057354856205998894,0.08920533863481016,0.558489591983719
2245,0.862863533017314,-0.07064382693515597,0.057497809523658905,0.08848420293999636,0.5583924301704157
2246,0.8621570947479624,-0.0700688488399194,0.05763871031146728,0.08776160915483859,0.558295444483595
2247,0.8614564062595632,-0.06949246173680472,0.05777755594962575,0.0870375831212966,0.5581986344804463
2248,0.8607614816421951,-0.06891468617730846,0.05791434389809946,0.08631215068857077,0.5581019996954243
2249,0.860072334780422,-0.06833554273832747,0.05804907169608131,0.08558533771213601,0.5580055396402637
2250,0.8593889793530387,-0.06775505202136665,0.05818173695994577,0.08485717005292144,0.5579092538041404
2251,0.858711428832825,-0.06717323465176721,0.058312337381056234,0.08412767357653846,0.5578131416538692
2252,0.8580396964863074,-0.06659011127795665,0.05844087072954973,0.08339687415250947,0.5577172026341158
2253,0.8573737953735279,-0.06600570257066116,0.05856733485543553,0.08266479765331008,0.5576214361674254
2254,0.8567137383478213,-0.0654200292221068,0.05869172768674713,0.0819314699535276,0.5575258416543722
2255,0.8560595380556002,-0.06483311194523933,0.05881404722698158,0.0811969169290764,0.5574304184737501
2256,0.8554112069361478,-0.06424497147296951,0.05893429155690355,0.08046116445644708,0.5573351659828129
2257,0.8547687572214181,-0.06365562855740046,0.05905245883763288,0.07972423841178843,0.5572400835173482
2258,0.8541322009358441,-0.06306510396902414,0.05916854730901172,0.07898616467002949,0.5571451703917967
2259,0.8535015498961538,-0.06247341849593402,0.05928255528710541,0.07824696910408449,0.5570504258994393
2260,0.8528768157111944,-0.06188059294306299,0.05939448116394519,0.07750667758410736,0.5569558493126506
2261,0.8522580097817638,-0.061286648131423524,0.05950432341171319,0.07676531597663687,0.5568614398830396
2262,0.8516451433004496,-0.060691604897306406,0.059612080581783744,0.07602291014367697,0.5567671968415292
2263,0.8510382272514765,-0.06009548409148857,0.059717751302422184,0.07527948594189254,0.5566731193985456
2264,0.8504372724105616,-0.05949830657846434,0.05982133427718195,0.07453506922185656,0.5565792067442721
2265,0.8498422893447769,-0.05890009323569253,0.05992282828876039,0.0737896858272564,0.5564854580488612
2266,0.84925328841242,-0.05830086495280492,0.060022232199460346,0.07304336159395815,0.556391872462487
2267,0.8486702797628919,-0.05770064263081031,0.06011954494910848,0.07229612234918605,0.5562984491155253
2268,0.8480932733365838,-0.05709944718131922,0.060214765552847604,0.07154799391075974,0.5562051871188015
2269,0.8475222788647706,-0.05649729952579076,0.06030789310324802,0.07079900208633903,0.5561120855638485
2270,0.8469573058695127,-0.05589422059475827,0.06039892677257047,0.07004917267251064,0.5560191435229858
2271,0.8463983636635651,-0.05529023132703259,0.060487865811209296,0.06929853145393704,0.5559263600494728
2272,0.8458454613502948,-0.05468535266892049,0.060574709545463123,0.06854710420258292,0.5558337341777438
2273,0.8452986078236057,-0.05407960557346586,0.060659457377040815,0.06779491667697346,0.5557412649236839
2274,0.844757811767871,-0.05347301099969545,0.06074210878684316,0.06704199462134057,0.5556489512847815
2275,0.8442230816578741,-0.05286558991182703,0.06082266333432007,0.06628836376473676,0.5555567922402396
2276,0.8436944257587558,-0.05225736327848383,0.06090112065533643,0.06553404982024491,0.555464786751196
2277,0.8431718521259709,-0.05164835207193045,0.06097748046018536,0.06477907848423085,0.5553729337609952
2278,0.8426553686052516,-0.0510385772673286,0.06105174253683149,0.06402347543556812,0.555281232195427
2279,0.8421449828325783,-0.05042805984196027,0.061123906751990864,0.06326726633473002,0.5551896809628142
2280,0.8416407022341588,-0.04981682077444036,0.06119397304921337,0.06251047682297681,0.5550982789542028
2281,0.8411425340264144,-0.04920488104394824,0.061261941446541235,0.06175313252160036,0.5550070250436243
2282,0.8406504852159749,-0.048592261629482825,0.061327812037460516,0.06099525903119226,0.5549159180883939
2283,0.84016456259968,-0.04797898350910822,0.061391584993932824,0.060236881930766706,0.5548249569292282
2284,0.8396847727645889,-0.047365067659168876,0.06145326056491984,0.059478026776911774,0.554734140390393
2285,0.8392111220879972,-0.04675053505351969,0.061512839074445436,0.05871871910302512,0.5546434672799592
2286,0.838743616737462,-0.04613540666277525,0.06157032092012821,0.05795898441858774,0.5545529363901036
2287,0.8382822626708343,-0.045519703453573965,0.061625706576623474,0.05719884820836118,0.5544625464973212
2288,0.8378270656362985,-0.04490344638780773,0.06167899659566045,0.05643833593150411,0.5543722963625214
2289,0.8373780311724204,-0.04428665642185112,0.06173019160445825,0.05567747302079663,0.5542821847312682
2290,0.8369351646082018,-0.043669354505806536,0.06177929230344492,0.05491628488189834,0.5541922103340571
2291,0.8364984710631438,-0.04305156158277209,0.06182629946752616,0.0541547968926158,0.5541023718866088
2292,0.836067955447316,-0.04243329858809681,0.06187121394852363,0.05339303440202962,0.5540126680899794
2293,0.8356436224614351,-0.041814586448611586,0.061914036673787476,0.05263102272968737,0.553923097630751
2294,0.835225476596949,-0.04119544608187371,0.0619547686443353,0.05186878716484823,0.5538336591812919
2295,0.8348135221361302,-0.040575898395430354,0.06199341093338834,0.05110635296577037,0.5537443514000734
2296,0.8344077631521759,-0.03995596428609647,0.06202996468983535,0.050343745358912596,0.5536551729318783
2297,0.8340082035093149,-0.03933566463919812,0.062064431137954235,0.04958098953808108,0.5535661224079171
2298,0.833614846862923,-0.03871502032781859,0.06209681157580388,0.04881811066366823,0.5534771984460762
2299,0.8332276966596448,-0.038094052212060546,0.06212710737304117,0.048055133861924594,0.5533883996512113
2300,0.8328467561375242,-0.037472781138330136,0.06215531997224466,0.047292084224241394,0.5532997246154624
2301,0.832472028326141,-0.03685122793860768,0.06218145089112087,0.046528986806291577,0.5532111719183519
2302,0.8321035160467549,-0.036229413429696475,0.062205501721024625,0.04576586662724713,0.5531227401269895
2303,0.8317412219124579,-0.03560735841248623,0.062227474125261806,0.04500274866904239,0.5530344277963466
2304,0.8313851483283331,-0.03498508367123362,0.06224736983770823,0.04423965787567612,0.5529462334695913
2305,0.8310352974916208,-0.03436260997285653,0.06226519066572761,0.0434766191524276,0.5528581556782877
2306,0.8306916713918922,-0.03373995806619925,0.062280938490242854,0.042713657365027115,0.552770192942529
2307,0.8303542718112301,-0.03311714868129682,0.062294615264205655,0.041950797338915984,0.5526823437711937
2308,0.8300231003244172,-0.032494202528654766,0.06230622301056851,0.041188063858532215,0.5525946066622486
2309,0.8296981582991306,-0.031871140298549074,0.06231576382268095,0.040425481666606394,0.5525069801030571
2310,0.8293794468961452,-0.03124798266032227,0.06232323986691837,0.03966307546333727,0.5524194625705142
2311,0.829066967069542,-0.030624750261653077,0.06232865338135038,0.038900869905620146,0.5523320525312383
2312,0.8287607195669254,-0.03000146372783957,0.062332006674202245,0.03813888960632557,0.5522447484418577
2313,0.8284607049296471,-0.02937814366109754,0.062333302122053735,0.037377159133611934,0.5521575487493317
2314,0.8281669234930361,-0.02875481063987701,0.06233254217238374,0.036615703010186205,0.5520704518912024
2315,0.8278793753866374,-0.02813148521815318,0.06232972934407707,0.03585454571248685,0.551983456295702
2316,0.8275980605344558,-0.027508187924712407,0.0623248662259919,0.03509371166995983,0.5518965603820168
2317,0.8273229786552088,-0.02688493926245249,0.062317955475137826,0.03433322526435671,0.5518097625605758
2318,0.8270541292625843,-0.026261759707701105,0.06230899981628818,0.033573110829060254,0.5517230612333975
2319,0.8267915116655072,-0.025638669709538226,0.062298002044653134,0.03281339264829335,0.5516364547942315
2320,0.8265351249684119,-0.025015689689091684,0.06228496502499806,0.0320540949563596,0.5515499416287389
2321,0.826284968071521,-0.024392840038841703,0.06226989169020619,0.03129524193693862,0.5514635201147677
2322,0.8260410396711325,-0.023770141121939634,0.06225278503945983,0.0305368577224109,0.5513771886226823
2323,0.8258033382599131,-0.023147613271545023,0.062233648139378706,0.029778966393159155,0.5512909455156481
2324,0.8255718621271977,-0.022525276790151243,0.06221248412561872,0.02902159197677653,0.5512047891497434
2325,0.8253466093592962,-0.02190315194889507,0.06218929620167318,0.028264758447352937,0.5511187178741964
2326,0.8251275778398072,-0.021281258986878344,0.06216408763723577,0.02750848972478912,0.5510327300316771
2327,0.8249147652499383,-0.02065961811050598,0.06213686176679237,0.026752809674140024,0.5509468239586351
2328,0.8247081690688333,-0.020038249492838056,0.062107621991994155,0.02599774210488629,0.5508609979855046
2329,0.8245077865739049,-0.019417173272918118,0.06207637178180875,0.02524331077017648,0.5507752504368488
2330,0.8243136148411757,-0.018796409555100025,0.06204311467112991,0.024489539366136463,0.5506895796316233
2331,0.8241256507456247,-0.018175978408388718,0.06200785425912486,0.02373645153120646,0.5506039838834836
2332,0.8239438909615409,-0.01755589986579748,0.06197059420898168,0.022984070845490274,0.5505184615011132
2333,0.8237683319628829,-0.016936193923707658,0.061931338249769374,0.022232420830002868,0.5504330107883709
2334,0.8235989700236458,-0.016316880541209968,0.06189009017614468,0.021481524945956357,0.5503476300444669
2335,0.8234358012182337,-0.015697979639448516,0.06184685384670846,0.02073140659409239,0.550262317564257
2336,0.8232788214218392,-0.015079511100981432,0.06180163318250734,0.019982089114038176,0.5501770716385556
2337,0.8231280263108294,-0.014461494769156365,0.06175443216757233,0.01923359578363921,0.5500918905544399
2338,0.8229834113631378,-0.013843950447480649,0.061705254850696195,0.018485949818226682,0.550006772595336
2339,0.822844971858663,-0.013226897898973676,0.061654105344303434,0.017739174369929847,0.5499217160412769
2340,0.8227127028796732,-0.012610356845530642,0.061600987822762604,0.01699329252703176,0.5498367191691694
2341,0.8225865993112179,-0.011994346967303022,0.06154590652130289,0.01624832731334068,0.5497517802531495
2342,0.8224666558415449,-0.01137888790209,0.061488865737453074,0.015504301687514894,0.5496668975647894
2343,0.822352866962524,-0.010763999244715463,0.0614298698315522,0.014761238542342172,0.5495820693732302
2344,0.8222452269700768,-0.01014970054639994,0.061368923225781566,0.014019160704086507,0.5494972939454452
2345,0.8221437299646128,-0.009536011314142123,0.06130603040256019,0.013278090931864354,0.5494125695465241
2346,0.8220483698514714,-0.008922951010116514,0.06124119590332825,0.012538051917022664,0.5493278944400171
2347,0.8219591403413703,-0.00831053905108324,0.06117442433070549,0.011799066282450919,0.5492432668880886
2348,0.8218760349508595,-0.007698794807776175,0.06110572034849153,0.011061156581903393,0.5491586851516841
2349,0.8217990470027817,-0.007087737604291264,0.061035088680077114,0.010324345299360011,0.5490741474907945
2350,0.8217281696267388,-0.006477386717490493,0.06096253410725092,0.009588654848417297,0.5489896521647617
2351,0.8216633957595639,-0.005867761376417987,0.06088806146979101,0.008854107571685716,0.5489051974325894
2352,0.8216047181457997,-0.005258880761720074,0.06081167566710552,0.008120725740098114,0.5488207815530715
2353,0.8215521293381826,-0.004650764005049029,0.06073338165775308,0.007388531552256844,0.5487364027849744
2354,0.821505621698132,-0.0040434301884714925,0.06065318445836132,0.006657547133828507,0.5486520593873164
2355,0.8214651873962473,-0.0034368983438878746,0.06057108914201072,0.005927794536944941,0.5485677496196782
2356,0.8214308184128084,-0.0028311874524677653,0.06048710083820679,0.005199295739593748,0.5484834717424855
2357,0.8214025065382837,-0.0022263164440856987,0.060401224734933506,0.004472072644950603,0.5483992240171042
2358,0.8213802433738429,-0.0016223041967363524,0.06031346607722992,0.003746147080755571,0.5483150047060626
2359,0.8213640203318755,-0.0010191695359640547,0.060223830166076464,0.003021540798712523,0.5482308120733275
2360,0.8213538286365158,-0.0004169312343032896,0.06013232235726926,0.002298275473916525,0.548146644384614
2361,0.8213496593241728,0.0001843919892693895,0.060038948061756844,0.0015763727042518252,0.5480624999076334
2362,0.8213515032440655,0.0007847814698869657,0.05994371274680863,0.0008558540097270161,0.5479783769121862
2363,0.8213593510587643,0.0013842185973550474,0.05984662193523121,0.00013674083188933565,0.5478942736704042
2364,0.8213731932447379,0.0019826848167073495,0.059747681204035084,-0.0005809454667541433,0.5478101884570102
2365,0.8213930200929049,0.0025801616287476994,0.0596468961829549,-0.00129718360330268,0.5477261195496456
2366,0.8214188217091924,0.0031766305905772474,0.05954427255578603,-0.002011952375059196,0.5476420652290629
2367,0.8214505880150982,0.003772073316135118,0.059439816060825025,-0.0027252306601568627,0.5475580237792392
2368,0.8214883087482595,0.004366471476743371,0.05933353248980526,-0.0034369974181420572,0.5474739934876132
2369,0.821531973463027,0.004959806801641424,0.05922542768716628,-0.004147231690532494,0.5473899726453536
2370,0.8215815715310434,0.005552061078513092,0.05911550754837142,-0.004855912601356245,0.5473059595476776
2371,0.8216370921418286,0.0061432161539967944,0.059003778020999056,-0.0055630193577574346,0.5472219524940104
2372,0.8216985243033685,0.006733253934206789,0.05889024510557877,-0.00626853125059138,0.5471379497881097
2373,0.8217658568427106,0.0073221563852625725,0.058774914854223675,-0.00697242765498115,0.5470539497382996
2374,0.8218390784065632,0.007909905533804815,0.058657793369564365,-0.007674688030872433,0.5469699506577447
2375,0.8219181774619013,0.00849648346750046,0.05853888680388178,-0.00837529192355248,0.5468859508647518
2376,0.8220031422965763,0.009081872335539275,0.058418201359959065,-0.009074218964231296,0.546801948682907
2377,0.8220939610199317,0.009666054349138866,0.05829574329151502,-0.00977144887062845,0.5467179424412013
2378,0.822190621563423,0.010249011782054023,0.05817151890240818,-0.010466961447505625,0.5466339304742714
2379,0.8222931116812435,0.010830726971078099,0.058045534545002817,-0.011160736587192804,0.5465499111226577
2380,0.8224014189509543,0.011411182316528136,0.05791779661959359,-0.011852754270108944,0.5464658827331025
2381,0.8225155307741195,0.011990360282724074,0.05778831157560463,-0.012542994565322383,0.5463818436586674
2382,0.8226354343769468,0.012568243398480106,0.05765708591143136,-0.013231437631109297,0.5462977922588631
2383,0.8227611168109316,0.013144814257594417,0.05752412617364942,-0.013918063715482388,0.5462137268998849
2384,0.8228925649535075,0.013720055519330905,0.05738943895589779,-0.014602853156686062,0.5461296459548629
2385,0.8230297655087008,0.014293949908889879,0.05725303089770463,-0.015285786383705004,0.546045547804155
2386,0.8231727050077897,0.014866480217866946,0.05711490868607304,-0.01596684391681672,0.5459614308354434
2387,0.8233213698099684,0.01543762930472768,0.056975079055198094,-0.016646006368118672,0.5458772934438706
2388,0.8234757461030157,0.016007380095279647,0.05683354878548624,-0.017323254442036265,0.5457931340322575
2389,0.8236358199039685,0.016575715583134504,0.056690324703042444,-0.017998568935812965,0.5457089510113542
2390,0.8238015770597998,0.017142618830164928,0.056545413678068535,-0.01867193073998657,0.5456247428001185
2391,0.8239730032481015,0.017708072966945612,0.056398822626280015,-0.01934332083893092,0.5455405078258037
2392,0.824150083977771,0.018272061193208403,0.05625055850919172,-0.02001272031136176,0.5454562445240877
2393,0.824332804589703,0.01883456677830033,0.05610062833264651,-0.020680110330820248,0.5453719513392838
2394,0.8245211502574861,0.019395573061626804,0.05594903914643373,-0.02134547216615995,0.5452876267245869
2395,0.8247151059881024,0.019955063453091136,0.05579579804301946,-0.022008787181996368,0.5452032691423353
2396,0.8249146566226333,0.020513021433521343,0.05564091215831651,-0.022670036839224108,0.5451188770640992
2397,0.8251197868369685,0.0210694305551045,0.05548438867237507,-0.023329202695517758,0.545034448970793
2398,0.8253304811425196,0.021624274441828246,0.055326234807939884,-0.023986266405786317,0.5449499833528837
2399,0.825546723886938,0.02217753678990765,0.0551664578296468,-0.024641209722643276,0.5448654787106177
2400,0.825768499254837,0.022729201368204124,0.05500506504345706,-0.02529401449684726,0.5447809335542824
2401,0.825995791268519,0.023279252018638695,0.05484206379692394,-0.025944662677784436,0.5446963464042911
2402,0.8262285837887053,0.02382767265660793,0.05467746147980318,-0.02659313631395781,0.5446117157912778
2403,0.8264668605152714,0.02437444727140595,0.05451126552323174,-0.027239417553424187,0.5445270402562971
2404,0.8267106049879854,0.024919559926638263,0.05434348339842146,-0.027883488644233546,0.544442318351033
2405,0.8269598005872518,0.02546299476062248,0.05417412261640567,-0.028525331934867657,0.5443575486380575
2406,0.8272144305348581,0.026004735986786542,0.05400319072798351,-0.029164929874692467,0.544272729690916
2407,0.827474477894726,0.026544767894066373,0.05383069532436793,-0.029802265014423616,0.5441878600942063
2408,0.8277399255736666,0.02708307484731006,0.05365664403664053,-0.03043732000655952,0.544102938443762
2409,0.8280107563221397,0.02761964128767645,0.05348104453439917,-0.03107007760579114,0.5440179633468512
2410,0.8282869527350165,0.028154451733020447,0.05330390452532238,-0.03170052066942912,0.5439329334224241
2411,0.8285684972523467,0.02868749077827368,0.05312523175504999,-0.03232863215782973,0.5438478473012098
2412,0.8288553721601295,0.02921874309582419,0.05294503400778694,-0.03295439513483966,0.5437627036257734
2413,0.8291475595910878,0.029748193435902053,0.05276331910612747,-0.03357779276821619,0.5436775010506811
2414,0.8294450415254467,0.030275826626963327,0.052580094909592395,-0.03419880833001812,0.5435922382426913
2415,0.8297477997917164,0.030801627576059254,0.05239536931405525,-0.03481742519700908,0.5435069138809815
2416,0.830055816067477,0.031325581269199806,0.05220915025187678,-0.03543362685106176,0.5434215266572644
2417,0.8303690718801691,0.031847672771718565,0.05202144569219608,-0.036047396879579134,0.5433360752758201
2418,0.8306875486078863,0.03236788722864053,0.051832263640874954,-0.036658718975903386,0.5432505584536427
2419,0.8310112274801728,0.03288620986504928,0.051641612139294024,-0.03726757693968565,0.5431649749206185
2420,0.8313400895788232,0.03340262598644221,0.0514494992636616,-0.037873954677265946,0.5430793234197304
2421,0.8316741158386877,0.03391712097907884,0.05125593312504867,-0.038477836202065276,0.5429936027072068
2422,0.8320132870484784,0.03442968031032932,0.05106092186944078,-0.03907920563497879,0.542907811552526
2423,0.8323575838515818,0.03494028952902373,0.050864473678028654,-0.039678047204765914,0.5428219487385421
2424,0.832706986746872,0.035448934265804,0.0506665967659517,-0.04027434524840729,0.5427360130616462
2425,0.8330614760895301,0.03595560023346352,0.05046729938175565,-0.04086808421146354,0.5426500033319537
2426,0.8334210320918647,0.036460273227281084,0.05026658980711224,-0.04145924864844664,0.5425639183734762
2427,0.8337856348241375,0.036962939125352215,0.05006447635671096,-0.0420478232231852,0.5424777570241089
2428,0.834155264215391,0.03746358388891933,0.04986096737901374,-0.04263379270920096,0.5423915181357296
2429,0.8345299000542802,0.03796219356270946,0.049656071255131384,-0.04321714199004477,0.5423052005743414
2430,0.8349095219899073,0.03845875427526076,0.04944979639805863,-0.04379785605963939,0.5422188032202395
2431,0.8352941095326599,0.03895325223924134,0.049242151252285316,-0.044375920022624464,0.5421323249681956
2432,0.8356836420550523,0.0394456737517642,0.04903314429366229,-0.04495131909469535,0.542045764727454
2433,0.8360780987925699,0.03993600519470083,0.048822784030348176,-0.0455240386029681,0.5419591214217919
2434,0.8364774588445169,0.040424233035004295,0.04861107900160977,-0.04609406398630031,0.5418723939896476
2435,0.8368817011748669,0.04091034382502039,0.048398037777266645,-0.04666138079561005,0.5417855813842656
2436,0.8372908046131171,0.04139432420279306,0.04818366895718712,-0.0472259746941981,0.5416986825738785
2437,0.837704747855145,0.04187616089236494,0.04796798117076728,-0.04778783145806632,0.5416116965417375
2438,0.8381235094640687,0.0423558407040726,0.04775098307819414,-0.04834693697626463,0.5415246222861222
2439,0.8385470678711094,0.042833350534854535,0.04753268336916194,-0.0489032772511901,0.5414374588204516
2440,0.838975401376458,0.04330867736854616,0.04731309076252466,-0.04945683839889107,0.5413502051734114
2441,0.8394084881501435,0.04378180827617141,0.0470922140059471,-0.05000760664936745,0.5412628603891143
2442,0.8398463062329051,0.04425273041623088,0.046870061874966784,-0.05055556834686094,0.5411754235271813
2443,0.8402888335370674,0.04472143103498056,0.04664664317418438,-0.05110070995018501,0.5410878936627038
2444,0.8407360478474172,0.0451878974667224,0.04642196673631305,-0.051643018033000386,0.5410002698863308
2445,0.8411879268220844,0.045652117134085526,0.046196041422086054,-0.05218247928410319,0.540912551304378
2446,0.8416444479934253,0.046114077548306376,0.045968876119646396,-0.052719080507710014,0.5408247370389615
2447,0.8421055887689084,0.04657376630950285,0.04574047974340495,-0.053252808623720976,0.5407368262281295
2448,0.8425713264320034,0.04703117110693691,0.04551086123525894,-0.05378365066802424,0.5406488180258004
2449,0.8430416381430728,0.0474862797192895,0.045280029563787016,-0.05431159379275653,0.5405607116018172
2450,0.8435165009402656,0.04793908001492736,0.04504799372439555,-0.054836625266578704,0.5404725061420353
2451,0.8439958917404149,0.04838955995217133,0.04481476273827223,-0.055358732474935585,0.5403842008484296
2452,0.8444797873399366,0.04883770757955405,0.044580345651693554,-0.05587790292029457,0.5402957949392422
2453,0.8449681644157321,0.04928351103607099,0.04434475153652334,-0.05639412422243016,0.5402072876489485
2454,0.8454609995260928,0.04972695855143621,0.0441079894899718,-0.05690738411866435,0.540118678228255
2455,0.8459582691116071,0.05016803844633595,0.043870068634828396,-0.05741767046412801,0.5400299659441667
2456,0.8464599494960705,0.05060673913268422,0.04363099811805188,-0.05792497123198972,0.5399411500800734
2457,0.8469660168873974,0.051043049113864744,0.04339078711090294,-0.058429274513684244,0.5398522299358788
2458,0.847476447378536,0.051476956984973773,0.04314944480842464,-0.05893056851916212,0.5397632048280329
2459,0.8479912169483858,0.05190845143305802,0.04290698042955926,-0.05942884157711745,0.5396740740894721
2460,0.8485103014627163,0.05233752123735362,0.042663403217400864,-0.05992408213523117,0.5395848370696594
2461,0.8490336766750899,0.05276415526952763,0.04241872243802042,-0.0604162787603703,0.5394954931346554
2462,0.8495613182277851,0.053188342493907845,0.04217294738082744,-0.06090542013881595,0.539406041667211
2463,0.8500932016527242,0.05361007196771611,0.041926087357228026,-0.061391495076473325,0.5393164820668598
2464,0.8506293023724013,0.05402933284128838,0.041678151701175226,-0.06187449249908411,0.5392268137498424
2465,0.8511695957008142,0.05444611435830015,0.04142914976916906,-0.06235440145244644,0.5391370361490956
2466,0.8517140568443972,0.05486040585599183,0.04117909093957817,-0.06283121110259961,0.5390471487143115
2467,0.8522626609029571,0.0552721967653876,0.04092798461282243,-0.063304910736039,0.5389571509119961
2468,0.852815382870611,0.05568147661151582,0.04067584020993775,-0.06377548975988741,0.5388670422255741
2469,0.8533721976367261,0.05608823501361519,0.04042266717316362,-0.06424293770209767,0.5387768221553634
2470,0.8539330799868623,0.056492461685346836,0.040168474965537604,-0.0647072442116413,0.5386864902184978
2471,0.8544980046037157,0.05689414643500221,0.039913273071285615,-0.06516839905868324,0.5385960459489618
2472,0.8550669460680658,0.05729327916571507,0.039657070994949806,-0.06562639213477299,0.5385054888976293
2473,0.8556398788597229,0.05768984987566457,0.039399878260806265,-0.06608121345299205,0.5384148186323369
2474,0.8562167773584796,0.05808384865827263,0.03914170441288889,-0.0665328531481415,0.5383240347379358
2475,0.8567976158450623,0.05847526570240153,0.038882559014513096,-0.06698130147689645,0.538233136816179
2476,0.8573823685020864,0.05886409129254666,0.03862245164907491,-0.06742654881798388,0.5381421244857109
2477,0.8579710094150118,0.05925031580903739,0.0383613919186912,-0.06786858567232967,0.5380509973820881
2478,0.8585635125731021,0.0596339297282243,0.038099389444475884,-0.06830740266320381,0.5379597551578201
2479,0.8591598518703844,0.06001492362266907,0.03783645386569778,-0.06874299053637811,0.537868397482446
2480,0.859760001106611,0.060393288161326046,0.03757259483967129,-0.06917534016025995,0.5377769240424708
2481,0.8603639339882243,0.06076901410972276,0.037307822042091654,-0.06960444252605445,0.537685334541278
2482,0.8609716241293215,0.06114209233014368,0.03704214516623311,-0.07003028874787863,0.5375936286991343
2483,0.861583045052623,0.06151251378180601,0.03677557392335079,-0.07045287006290611,0.5375018062532024
2484,0.862198170190441,0.06188026952103952,0.036508118041536364,-0.07087217783148467,0.5374098669575901
2485,0.8628169728856514,0.062245350701454885,0.03623978726592286,-0.07128820353726194,0.5373178105833702
2486,0.8634394263926659,0.06260774857411412,0.03597059135801439,-0.0717009387873124,0.5372256369184542
2487,0.8640655038784071,0.06296745448769427,0.03570054009628676,-0.07211037531223918,0.5371333457675466
2488,0.864695178423284,0.06332445988865712,0.03542964327561959,-0.07251650496630357,0.5370409369521466
2489,0.8653284230221706,0.06367875632141332,0.03515791070681229,-0.0729193197275143,0.5369484103105613
2490,0.8659652105853848,0.06403033542848144,0.0348853522163356,-0.07331881169774336,0.5368557656979475
2491,0.8666055139396696,0.06437918895064479,0.03461197764575652,-0.0737149731028109,0.5367630029862462
2492,0.867249305829176,0.06472530872710235,0.03433779685234617,-0.07410779629259359,0.5366701220640574
2493,0.867896558916447,0.06506868669562581,0.034062819708225445,-0.07449727374111247,0.5365771228366215
2494,0.8685472457834033,0.06540931489270806,0.03378705610063093,-0.07488339804661572,0.5364840052258071
2495,0.8692013389323303,0.06574718545371437,0.03351051593082688,-0.07526616193166372,0.5363907691701224
2496,0.8698588107868674,0.06608229061302263,0.03323320911446437,-0.07564555824320084,0.5362974146247351
2497,0.8705196336929977,0.06641462270416727,0.03295514558095847,-0.07602157995264228,0.5362039415613208
2498,0.8711837799200394,0.06674417415997685,0.03267633527382463,-0.0763942201559292,0.5361103499679875
2499,0.8718512216616391,0.06707093751271512,0.032396788150102496,-0.07676347207360892,0.5360166398492461
2500,0.8725219310367662,0.06739490539421612,0.032116514179978406,-0.0771293290508784,0.5359228112259921
2501,0.8731958800907084,0.06771607053601589,0.03183552334695583,-0.07749178455765879,0.5358288641355224
2502,0.8738730407960685,0.06803442576948546,0.03155382564681897,-0.07785083218863938,0.5357347986314794
2503,0.8745533850537633,0.06834996402595364,0.031271431088197854,-0.07820646566333336,0.5356406147836922
2504,0.8752368846940228,0.06866267833683562,0.030988349691820627,-0.07855867882611743,0.5355463126781198
2505,0.8759235114773912,0.06897256183375383,0.030704591490978705,-0.07890746564627059,0.5354518924168132
2506,0.8766132370957288,0.06927960774866362,0.030420166530454318,-0.07925282021802488,0.5353573541178955
2507,0.8773060331732154,0.06958380941396816,0.030135084866616535,-0.07959473676058379,0.5352626979155672
2508,0.8780018712673551,0.06988516026263433,0.029849356566838403,-0.07993320961816404,0.5351679239599744
2509,0.8787007228699815,0.0701836538283027,0.029562991709742303,-0.08026823326000432,0.5350730324170745
2510,0.8794025594082645,0.07047928374540012,0.029276000384906853,-0.08059980228040543,0.5349780234685826
2511,0.8801073522457185,0.0707720437492492,0.028988392692508858,-0.08092791139873068,0.5348828973119256
2512,0.8808150726832109,0.0710619276761743,0.028700178743032434,-0.0812525554594285,0.5347876541602175
2513,0.8815256919599727,0.07134892946360462,0.02841136865674443,-0.08157372943203509,0.5346922942422329
2514,0.8822391812546087,0.07163304315017206,0.02812197256406579,-0.0818914284111817,0.5345968178022265
2515,0.8829555116861104,0.0719142628758127,0.02783200060485047,-0.08220564761659357,0.5345012250998272
2516,0.8836746543148686,0.07219258288186121,0.027541462928668548,-0.0825163823930859,0.5344055164099786
2517,0.8843965801436872,0.0724679975111479,0.027250369693797016,-0.08282362821055687,0.5343096920228803
2518,0.8851212601187987,0.07274050120808585,0.026958731067711628,-0.0831273806639725,0.5342137522439684
2519,0.8858486651308796,0.07301008851876296,0.026666557226297516,-0.08342763547336536,0.5341176973938342
2520,0.8865787660160672,0.07327675409102596,0.02637385835397077,-0.0837243884837964,0.5340215278080315
2521,0.8873115335569774,0.07354049267456567,0.026080644643111106,-0.08401763566534451,0.5339252438369884
2522,0.8880469384837231,0.07380129912099677,0.025786926294156243,-0.08430737311306151,0.5338288458459314
2523,0.8887849514749331,0.07405916838393835,0.025492713515081755,-0.0845935970469601,0.5337323342148298
2524,0.8895255431587724,0.07431409551908916,0.02519801652136444,-0.08487630381197078,0.5336357093383666
2525,0.8902686841139633,0.0745660756843028,0.024902845535440532,-0.08515548987790701,0.5335389716257982
2526,0.8910143448708063,0.07481510413965721,0.024607210786620204,-0.08543115183940708,0.5334421215007777
2527,0.8917624959122029,0.07506117624752341,0.024311122511050387,-0.08570328641589477,0.533345159401263
2528,0.8925131076746782,0.07530428747263392,0.024014590951190184,-0.08597189045152295,0.5332480857794362
2529,0.8932661505494045,0.07554443338214582,0.02371762635589969,-0.08623696091512548,0.5331509011016393
2530,0.894021594883226,0.07578160964570481,0.02342023897951684,-0.08649849490015511,0.5330536058483326
2531,0.894779410979683,0.07601581203549997,0.023122439082418622,-0.08675648962461588,0.5329562005139103
2532,0.8955395691000381,0.07624703642632417,0.022824236930004682,-0.08701094243099655,0.5328586856065418
2533,0.8963020394643013,0.07647527879562423,0.022525642793574385,-0.08726185078619357,0.5327610616480717
2534,0.8970667922522576,0.07670053522355998,0.022226666948430562,-0.08750921228144612,0.5326633291739381
2535,0.8978337976044932,0.07692280189304428,0.02192731967552264,-0.08775302463224248,0.5325654887330943
2536,0.8986030256234236,0.0771420750897995,0.021627611258931423,-0.0879932856782596,0.5324675408879566
2537,0.8993744463743216,0.0773583512023888,0.021327551988635784,-0.08822999338324847,0.5323694862141756
2538,0.9001480298863455,0.07757162672227517,0.02102715215633766,-0.08846314583496952,0.5322713253005141
2539,0.9009237461535682,0.07778189824383853,0.02072642205992903,-0.08869274124505681,0.5321730587487081
2540,0.9017015651360065,0.07798916246443784,0.020425371997599973,-0.08891877794896826,0.5320746871734213
2541,0.902481456760651,0.07819341618441385,0.02012401227440397,-0.08914125440582657,0.531976211202101
2542,0.9032633909224951,0.07839465630715785,0.019822353193962305,-0.08936016919839483,0.5318776314749865
2543,0.9040473374855666,0.07859287983909746,0.019520405067697255,-0.08957552103285246,0.5317789486447454
2544,0.9048332662839577,0.07878808388977446,0.019218178203301295,-0.08978730873880454,0.531680163376518
2545,0.9056211471228554,0.07898026567180746,0.018915682917508003,-0.08999553126901101,0.531581276347566
2546,0.9064109497795734,0.07916942250098256,0.018612929521243382,-0.09020018769945166,0.5314822882474756
2547,0.9072026440045832,0.07935555179619501,0.018309928335521475,-0.0904012772289831,0.5313831997776969
2548,0.9079961995225451,0.07953865107955022,0.01800668967366026,-0.09059879917947194,0.5312840116519022
2549,0.9087915860333405,0.07971871797628682,0.01770322385932055,-0.09079275299533864,0.5311847245951761
2550,0.9095887732131034,0.07989575021488002,0.017399541207940294,-0.09098313824378025,0.5310853393445663
2551,0.9103877307152521,0.08006974562695943,0.017095652044119003,-0.091169954614222,0.5309858566481603
2552,0.9111884281715217,0.08024070214740062,0.016791566684856152,-0.09135320191862603,0.5308862772658898
2553,0.9119908351929957,0.08040861781424918,0.016487295453745943,-0.09153288009085546,0.5307866019684434
2554,0.9127949213711383,0.08057349076878664,0.01618284866921227,-0.09170898918703234,0.5306868315382014
2555,0.9136006562788261,0.08073531925547878,0.015878236652497324,-0.09188152938485913,0.5305869667678976
2556,0.9144080094713809,0.08089410162200375,0.015573469722777733,-0.0920505009839525,0.5304870084615736
2557,0.915216950487601,0.08104983631923154,0.015268558197332194,-0.092215904405216,0.530386957433415
2558,0.9160274488507933,0.08120252190120486,0.014963512394752243,-0.09237774019107606,0.5302868145085599
2559,0.9168394740698054,0.08135215702515237,0.014658342627997256,-0.09253600900499448,0.5301865805222565
2560,0.9176529956400569,0.08149874045143235,0.014353059213414454,-0.09269071163151642,0.5300862563202422
2561,0.9184679830445712,0.08164227104356649,0.014047672459964744,-0.09284184897596459,0.5299858427582413
2562,0.9192844057550069,0.08178274776816614,0.0137421926789838,-0.0929894220642502,0.5298853407017974
2563,0.9201022332326886,0.08192016969495598,0.013436630175155395,-0.0931334320428031,0.5297847510264566
2564,0.9209214349296382,0.08205453599670753,0.01313099525290573,-0.09327388017817016,0.5296840746170641
2565,0.9217419802896053,0.0821858459492366,0.01282529821254541,-0.09341076785711203,0.529583312368457
2566,0.9225638387490976,0.08231409893136206,0.01251954935030608,-0.09354409658608374,0.5294824651844048
2567,0.9233869797384112,0.0824392944248651,0.012213758960618049,-0.0936738679913287,0.5293815339782716
2568,0.9242113726826598,0.08256143201447128,0.011907937331042118,-0.09380008381840696,0.5292805196720778
2569,0.9250369870028046,0.08268051138778168,0.011602094747883429,-0.09392274593218108,0.5291794231969399
2570,0.9258637921166823,0.08279653233526052,0.01129624149005859,-0.0940418563165069,0.5290782454926559
2571,0.926691757440035,0.08290949475016111,0.01099038783356543,-0.09415741707401426,0.5289769875075576
2572,0.9275208523875366,0.08301939862849679,0.010684544048507605,-0.09426943042598329,0.5288756501987192
2573,0.9283510463738215,0.08312624406898185,0.01037872039939769,-0.0943778987119408,0.5287742345310836
2574,0.9291823088145114,0.08323003127297583,0.010072927146201338,-0.094482824389636,0.528672741478089
2575,0.9300146091272411,0.08333076054443783,0.009767174541009394,-0.0945842100346065,0.5285711720207353
2576,0.9308479167326855,0.08342843228984792,0.009461472831383544,-0.0946820583401052,0.5284695271481019
2577,0.931682201055584,0.08352304701816177,0.009155832256891316,-0.09477637211677542,0.52836780785685
2578,0.9325174315257656,0.08361460534073069,0.008850263051295992,-0.0948671542924198,0.5282660151511177
2579,0.9333535775791729,0.08370310797124364,0.008544775441144403,-0.09495440791180734,0.5281641500425666
2580,0.9341906086588854,0.08378855572565509,0.008239379645181844,-0.0950381361362973,0.5280622135496462
2581,0.9350284942161419,0.0838709495221069,0.007934085874600205,-0.09511834224373265,0.5279602066981718
2582,0.9358672037113629,0.08395029038085289,0.007628904332266373,-0.09519502962804949,0.527858130520476
2583,0.9367067066151714,0.08402657942417556,0.0073238452129825715,-0.0952682017991212,0.5277559860558227
2584,0.9375469724094132,0.08409981787630537,0.0070189187030439415,-0.09533786238245388,0.5276537743500322
2585,0.9383879705881762,0.08417000706333581,0.006714134979933228,-0.09540401511888853,0.5275514964551036
2586,0.9392296706588096,0.08423714841313515,0.006409504211625783,-0.09546666386437898,0.5274491534294864
2587,0.9400720421429409,0.08430124345525142,0.006105036556964816,-0.09552581258964765,0.5273467463372958
2588,0.9409150545774935,0.08436229382082107,0.005800742164365769,-0.09558146537997876,0.5272442762488178
2589,0.9417586775157016,0.08442030124246472,0.0054966311727394634,-0.09563362643489341,0.5271417442399015
2590,0.9426028805281262,0.0844752675541921,0.0051927137104396115,-0.09568230006788303,0.5270391513920087
2591,0.9434476332036682,0.08452719469129649,0.004888999894987478,-0.09572749070611583,0.5269364987921258
2592,0.9442929051505812,0.08457608469024637,0.004585499833814066,-0.09576920289011553,0.5268337875321263
2593,0.9451386659974836,0.0846219396885845,0.004282223621543402,-0.09580744127349652,0.5267310187092262
2594,0.9459848853943695,0.08466476192479996,0.003979181342479987,-0.09584221062264008,0.5266281934252659
2595,0.9468315330136176,0.08470455373822476,0.0036763830682118304,-0.09587351581641092,0.5265253127869308
2596,0.9476785785509998,0.08474131756890689,0.003373838857948508,-0.09590136184584995,0.5264223779056046
2597,0.9485259917266888,0.08477505595748638,0.0030715587600638194,-0.0959257538138563,0.5263193898968177
2598,0.9493737422862637,0.08480577154508703,0.002769552807883602,-0.09594669693486041,0.5262163498805836
2599,0.9502218000017145,0.08483346707316583,0.0024678310234821366,-0.0959641965345174,0.5261132589806768
2600,0.9510701346724462,0.08485814538340065,0.0021664034141039012,-0.09597825804937911,0.5260101183248828
2601,0.9519187161262802,0.0848798094175417,0.0018652799730067837,-0.09598888702657214,0.5259069290447616
2602,0.9527675142204556,0.08489846221727176,0.0015644706813605636,-0.09599608912350367,0.5258036922753002
2603,0.9536164988426283,0.08491410692408538,0.0012639855033358405,-0.09599987010747657,0.5257004091551601
2604,0.9544656399118692,0.08492674677911874,0.0009638343909551539,-0.09600023585539325,0.5255970808259376
2605,0.9553149073796604,0.08493638512302829,0.0006640272799163238,-0.09599719235338078,0.5254937084323738
2606,0.9561642712308906,0.08494302539582745,0.00036457408947587755,-0.09599074569646156,0.5253902931221315
2607,0.9570137014848489,0.08494667113672219,6.548472610501399e-05,-0.09598090208824771,0.5252868360454045
2608,0.9578631681962161,0.08494732598398325,-0.0002332309232327967,-0.0959676678405331,0.52518333835527
2609,0.958712641456056,0.08494499367475093,-0.0005315629850166648,-0.09595104937301098,0.5250798012070029
2610,0.9595620913928035,0.08493967804490077,-0.0008295016026077517,-0.09593105321286087,0.5249762257581511
2611,0.9604114881732525,0.0849313830288747,-0.0011270369386395807,-0.09590768599438211,0.5248726131683719
2612,0.9612608020035412,0.08492011265948829,-0.0014241591693409106,-0.09588095445870655,0.5247689645989863
2613,0.9621100031301362,0.08490587106779487,-0.0017208584922268066,-0.095850865453329,0.5246652812132865
2614,0.9629590618408141,0.0848886624828726,-0.0020171251210993058,-0.0958174259318464,0.5245615641760054
2615,0.9638079484656429,0.08486849123166162,-0.00231294928653647,-0.09578064295354774,0.5244578146533329
2616,0.9646566333779595,0.08484536173879625,-0.0026083212411220913,-0.09574052368298432,0.524354033812815
2617,0.9655050869953474,0.08481927852638503,-0.0029032312521248826,-0.09569707538969961,0.5242502228228002
2618,0.9663532797806113,0.08479024621386377,-0.0031976696089075496,-0.09565030544772377,0.5241463828527271
2619,0.9672011822427499,0.08475826951777471,-0.003491626620913957,-0.09560022133527259,0.5240425150726805
2620,0.9680487649379276,0.08472335325156555,-0.003785092614045915,-0.09554683063437792,0.5239386206532688
2621,0.9688959984704433,0.0846855023254251,-0.0040780579389415594,-0.09549014103040522,0.5238347007657804
2622,0.9697428534936975,0.08464472174603568,-0.004370512963038364,-0.09543016031179215,0.5237307565815302
2623,0.9705893007111579,0.08460101661640529,-0.0046624480748208574,-0.09536689636952862,0.5236267892720107
2624,0.9714353108773219,0.0845543921356571,-0.004953853687479914,-0.09530035719678326,0.5235228000086416
2625,0.9722808547986785,0.08450485359878229,-0.005244720231012412,-0.09523055088858996,0.5234187899624358
2626,0.9731259033346663,0.08445240639647217,-0.005535038161008088,-0.0951574856412934,0.5233147603042345
2627,0.973970427398631,0.08439705601486208,-0.005824797954541161,-0.09508116975229397,0.5232107122042389
2628,0.9748143979587797,0.08433880803531667,-0.006113990107973755,-0.09500161161957733,0.5231066468319533
2629,0.9756577860391328,0.08427766813423691,-0.006402605145474638,-0.09491881974121291,0.5230025653561243
2630,0.9765005627204751,0.08421364208278218,-0.00669063361057598,-0.09483280271509661,0.5228984689442315
2631,0.977342699141303,0.08414673574667642,-0.006978066070933431,-0.09474356923837897,0.5227943587626999
2632,0.9781841664987698,0.08407695508596709,-0.007264893121509686,-0.0946511281071107,0.5226902359765884
2633,0.9790249360496295,0.084004306154752,-0.007551105376315537,-0.09455548821588892,0.5225861017493665
2634,0.979864979111177,0.08392879510098884,-0.007836693477648038,-0.09445665855726403,0.5224819572430889
2635,0.9807042670621868,0.08385042816621234,-0.008121648092145883,-0.09435464822146122,0.5223778036178294
2636,0.9815427713438489,0.08376921168529088,-0.008405959907975546,-0.09424946639587635,0.5222736420316652
2637,0.9823804634607018,0.08368515208621112,-0.008689619644557944,-0.0941411223645634,0.5221694736406612
2638,0.983217314981564,0.08359825588976556,-0.008972618043651681,-0.09402962550796883,0.5220652995984123
2639,0.9840532975404616,0.08350852970932902,-0.009254945872711473,-0.0939149853023258,0.5219611210562287
2640,0.9848883828375549,0.08341598025060191,-0.009536593930110637,-0.09379721131927818,0.5218569391629043
2641,0.9857225426400609,0.0833206143113008,-0.009817553035508797,-0.09367631322550812,0.5217527550643754
2642,0.9865557487831739,0.08322243878094573,-0.010097814038236286,-0.09355230078208587,0.5216485699038409
2643,0.9873879731709834,0.08312146064056335,-0.010377367817327454,-0.09342518384418486,0.5215443848213344
2644,0.988219187777389,0.08301768696239008,-0.010656205274884312,-0.09329497236058686,0.5214402009536647
2645,0.989049364647013,0.08291112490964123,-0.010934317346338873,-0.09316167637310739,0.5213360194344636
2646,0.9898784758961094,0.08280178173617786,-0.01121169499403496,-0.09302530601633933,0.5212318413937738
2647,0.9907064937134712,0.08268966478623752,-0.011488329206090775,-0.09288587151704364,0.5211276679581273
2648,0.9915333903613336,0.08257478149417662,-0.011764211005228509,-0.09274338319365608,0.5210235002503334
2649,0.9923591381762753,0.08245713938412431,-0.01203933143982594,-0.09259785145596655,0.5209193393891113
2650,0.9931837095701166,0.08233674606972605,-0.012313681588033143,-0.09244928680444839,0.5208151864892476
2651,0.9940070770308138,0.08221360925384574,-0.012587252562997753,-0.09229769982989922,0.5207110426612971
2652,0.9948292131233523,0.08208773672821577,-0.012860035503141631,-0.0921431012130184,0.5206069090114042
2653,0.9956500904906345,0.08195913637318435,-0.013132021579979614,-0.09198550172374798,0.5205027866414543
2654,0.9964696818543664,0.08182781615738453,-0.013403201998735126,-0.09182491222095984,0.5203986766486182
2655,0.9972879600159402,0.08169378413739718,-0.013673567990640234,-0.09166134365191113,0.5202945801252622
2656,0.9981048978573142,0.08155704845749077,-0.013943110823476101,-0.09149480705163343,0.5201904981589701
2657,0.9989204683418891,0.08141761734925602,-0.014211821797486812,-0.09132531354264625,0.5200864318321544
2658,0.9997346445153816,0.08127549913128117,-0.01447969224145973,-0.09115287433432996,0.5199823822221155
2659,1.0005473995066945,0.08113070220886658,-0.014746713522559296,-0.09097750072240264,0.5198783504009801
2660,1.0013587065287832,0.08098323507364098,-0.01501287703876919,-0.09079920408859862,0.5197743374353553
2661,1.0021685388795196,0.08083310630325329,-0.01527817421888289,-0.09061799589995947,0.5196703443863737
2662,1.002976869942552,0.08068032456106446,-0.015542596531274988,-0.09043388770839204,0.5195663723094602
2663,1.0037836731881626,0.0805248985957517,-0.015806135475021632,-0.09024689115026936,0.5194624222541014
2664,1.0045889221741202,0.0803668372410015,-0.01606878258319233,-0.09005701794572249,0.5193584952639599
2665,1.0053925905465302,0.08020614941516956,-0.016330529429035567,-0.08986427989827507,0.5192545923765983
2666,1.006194652040682,0.0800428441208792,-0.016591367615810815,-0.089668688894368,0.519150714623373
2667,1.0069950804818908,0.07987693044472109,-0.01685128878344988,-0.0894702569026515,0.5190468630294602
2668,1.007793849786338,0.07970841755688658,-0.01711028461137576,-0.08926899597363912,0.5189430386134869
2669,1.0085909339619068,0.07953731471077284,-0.01736834681035193,-0.08906491823914857,0.5188392423874644
2670,1.0093863071090146,0.07936363124266932,-0.017625467130570338,-0.08885803591163556,0.5187354753568236
2671,1.0101799434214414,0.07918737657136363,-0.017881637361588654,-0.08864836128388415,0.5186317385200879
2672,1.010971817187155,0.07900856019774774,-0.018136849325295912,-0.08843590672837394,0.5185280328689043
2673,1.0117619027891325,0.07882719170449479,-0.018391094884734338,-0.08822068469667659,0.5184243593880211
2674,1.0125501747061774,0.07864328075564744,-0.018644365941734575,-0.08800270771909754,0.5183207190549124
2675,1.0133366075137338,0.0784568370962301,-0.01889665443161659,-0.08778198840399261,0.5182171128398073
2676,1.014121175884696,0.07826787055191392,-0.019147952333229412,-0.08755853943721155,0.5181135417055924
2677,1.0149038545902151,0.07807639102858163,-0.019398251664051736,-0.08733237358172444,0.5180100066075544
2678,1.015684618500501,0.07788240851194113,-0.019647544477160994,-0.08710350367691488,0.5179065084934562
2679,1.0164634425856205,0.07768593306716952,-0.019895822870157898,-0.0868719426380711,0.5178030483034244
2680,1.0172403019162921,0.07748697483846793,-0.020143078978881457,-0.0866377034559764,0.5176996269697134
2681,1.0180151716646768,0.07728554404867913,-0.02038930497618774,-0.08640079919615457,0.5175962454167199
2682,1.0187880271051637,0.07708165099891724,-0.020634493080399774,-0.0861612429984028,0.517492904560792
2683,1.0195588436151528,0.07687530606811324,-0.020878635548993718,-0.08591904807633091,0.5173896053100624
2684,1.0203275966758338,0.07666651971262331,-0.02112172467829465,-0.08567422771662339,0.5172863485645225
2685,1.0210942618729602,0.07645530246584037,-0.02136375281135694,-0.08542679527860443,0.517183135215833
2686,1.0218588148976187,0.07624166493772679,-0.021604712330094977,-0.08517676419374025,0.5170799661472201
2687,1.022621231546996,0.07602561781442585,-0.021844595656608234,-0.08492414796489846,0.5169768422334912
2688,1.0233814877251404,0.07580717185785978,-0.02208339526020564,-0.08466896016590186,0.5168737643407799
2689,1.024139559443719,0.07558633790525772,-0.02232110364991935,-0.08441121444099949,0.5167707333264371
2690,1.0248954228227716,0.07536312686875854,-0.022557713376979982,-0.08415092450412934,0.516667750039092
2691,1.0256490540914591,0.07513754973498873,-0.022793217040687486,-0.08388810413850921,0.5165648153184368
2692,1.026400429588809,0.07490961756458184,-0.02302760728084219,-0.08362276719607438,0.516461929995171
2693,1.0271495257644547,0.07467934149177342,-0.02326087678009292,-0.0833549275967533,0.516359094891061
2694,1.0278963191793724,0.0744467327239725,-0.02349301826991501,-0.08308459932804209,0.5162563108186625
2695,1.028640786506612,0.07421180254127334,-0.023724024522691067,-0.0828117964444031,0.5161535785812424
2696,1.0293829045320249,0.07397456229604643,-0.023953888355288666,-0.08253653306655243,0.5160508989728048
2697,1.0301226501549854,0.07373502341249355,-0.02418260263444827,-0.08225882338103777,0.5159482727778931
2698,1.0308600003891104,0.07349319738614907,-0.024410160268985015,-0.0819786816396394,0.515845700771547
2699,1.0315949323629718,0.0732490957834592,-0.024636554213109396,-0.08169612215865374,0.5157431837193535
2700,1.0323274233208064,0.07300273024132813,-0.024861777471184565,-0.08141115931847737,0.5156407223772522
2701,1.0330574506232197,0.07275411246661628,-0.025085823090546522,-0.08112380756296932,0.5155383174914361
2702,1.0337849917478859,0.07250325423571082,-0.0253086841643424,-0.0808340813987344,0.5154359697983624
2703,1.034510024290243,0.0722501673940674,-0.025530353837260877,-0.08054199539469686,0.5153336800245617
2704,1.0352325259641837,0.07199486385569477,-0.025750825298350155,-0.08024756418146814,0.5152314488866193
2705,1.0359524746027406,0.07173735560271127,-0.025970091783470983,-0.07995080245064233,0.515129277091193
2706,1.0366698481587677,0.07147765468487657,-0.026188146580627958,-0.07965172495435807,0.5150271653348711
2707,1.0373846247056164,0.07121577321907029,-0.026404983022687012,-0.07935034650467226,0.5149251143041306
2708,1.0380967824378071,0.07095172338884344,-0.026620594489913385,-0.07904668197282429,0.5148231246752991
2709,1.0388062996716956,0.0706855174439443,-0.026834974415196333,-0.07874074628878533,0.5147211971143892
2710,1.039513154846135,0.07041716769979234,-0.027048116278148848,-0.07843255444063267,0.5146193322770667
2711,1.040217326523133,0.07014668653701082,-0.027260013606646982,-0.07812212147382394,0.5145175308086805
2712,1.0409187933885031,0.06987408640094436,-0.027470659981993495,-0.07780946249074855,0.5144157933441197
2713,1.0416175342525125,0.06959937980112442,-0.02768004903320964,-0.07749459265010114,0.514314120507814
2714,1.0423135280505238,0.06932257931079233,-0.027888174437568636,-0.07717752716615427,0.5142125129137325
2715,1.0430067538436316,0.06904369756641665,-0.028095029926464288,-0.07685828130826793,0.5141109711651994
2716,1.0436971908192958,0.06876274726715201,-0.028300609280015876,-0.07653687040027195,0.5140094958548611
2717,1.0443848182919673,0.06847974117435185,-0.028504906327746493,-0.07621330981973734,0.5139080875647102
2718,1.0450696157037107,0.06819469211107439,-0.028707914954017033,-0.07588761499748188,0.5138067468659759
2719,1.0457515626248215,0.06790761296153422,-0.028909629093412104,-0.07555980141697362,0.5137054743190915
2720,1.0464306387544369,0.0676185166706001,-0.02911004273014217,-0.0752298846135904,0.5136042704737575
2721,1.047106823921143,0.06732741624329867,-0.0293091499032766,-0.07489788017411111,0.5135031358688013
2722,1.0477800980835759,0.0670343247442659,-0.029506944703460714,-0.07456380373610538,0.5134020710320972
2723,1.0484504413310185,0.0667392552972313,-0.029703421271175534,-0.07422767098719427,0.5133010764805991
2724,1.0491178338839908,0.06644222108451955,-0.029898573802625283,-0.07388949766452083,0.5132001527202518
2725,1.049782256094836,0.0661432353464933,-0.030092396547476974,-0.0735492995541657,0.5130993002459532
2726,1.0504436884483008,0.06584231138101854,-0.030284883805697382,-0.07320709249041614,0.512998519541596
2727,1.051102111562111,0.06553946254296154,-0.030476029932989812,-0.07286289235520758,0.5128978110800307
2728,1.0517575061875406,0.06523470224363165,-0.03066582933943185,-0.0725167150775564,0.5127971753229753
2729,1.0524098532099768,0.06492804395023734,-0.030854276485967058,-0.07216857663281029,0.5126966127210155
2730,1.0530591336494792,0.06461950118537765,-0.031041365889114547,-0.07181849304205547,0.5125961237135559
2731,1.053705328661333,0.06430908752648652,-0.031227092121738353,-0.07146648037157498,0.5124957087287645
2732,1.0543484195365977,0.06399681660526914,-0.03141144980876587,-0.07111255473211334,0.5123953681836129
2733,1.0549883877026505,0.06368270210718148,-0.03159443363036696,-0.0707567322782655,0.5122951024838563
2734,1.0556252147237222,0.0633667577708778,-0.03177603832432485,-0.07039902920794035,0.5121949120240039
2735,1.056258882301431,0.06304899738763456,-0.031956258680725935,-0.07003946176164014,0.5120947971873103
2736,1.0568893722753072,0.0627294348008273,-0.032135089544915174,-0.06967804622179576,0.511994758345738
2737,1.0575166666233156,0.062408083905378144,-0.032312525820629434,-0.06931479891223169,0.5118947958598931
2738,1.0581407474623694,0.06208495864717186,-0.03248856246547416,-0.06894973619748128,0.5117949100790551
2739,1.058761597048841,0.06176007302251712,-0.03266319449276328,-0.0685828744820894,0.511695101341189
2740,1.0593791977790663,0.06143344107758948,-0.03283641697442441,-0.06821423021009726,0.5115953699729029
2741,1.0599935321898422,0.06110507690784524,-0.033008225037888805,-0.06784381986436609,0.5114957162894895
2742,1.0606045829589206,0.060774994657466344,-0.033178613865546824,-0.0674716599658616,0.5113961405949204
2743,1.0612123329054952,0.06044320851881086,-0.03334757869876165,-0.06709776707311052,0.5112966431817677
2744,1.0618167649906833,0.06010973273182326,-0.033515114835737936,-0.06672215778153925,0.5111972243312084
2745,1.0624178623180016,0.05977458158346588,-0.033681217630008586,-0.06634484872276714,0.511097884313067
2746,1.0630156081338362,0.05943776940716581,-0.03384588249468773,-0.06596585656402884,0.5109986233857824
2747,1.0636099858279078,0.059099310582218914,-0.034009104900999954,-0.06558519800756528,0.5108994417964251
2748,1.06420097893373,0.058759219533208916,-0.034170880375955226,-0.06520288978989962,0.5108003397807551
2749,1.064788571129062,0.05841751072944938,-0.034331204505298474,-0.06481894868123293,0.5107013175631898
2750,1.0653727462363565,0.0580741986843964,-0.03449007293410605,-0.06443339148484704,0.5106023753567611
2751,1.0659534882232005,0.05772929795505534,-0.034647481363865584,-0.06404623503637263,0.5105035133631513
2752,1.066530781202751,0.05738282314141668,-0.03480342555458149,-0.06365749620316685,0.5104047317727041
2753,1.0671046094341652,0.057034788885870866,-0.034957901327271335,-0.06326719188373067,0.5103060307644179
2754,1.067674957323024,0.05668520987259815,-0.03511090456015803,-0.06287533900701224,0.5102074105059959
2755,1.06824180942175,0.056334100826996567,-0.03526243118959549,-0.06248195453174295,0.5101088711538853
2756,1.06880515043002,0.0559814765151006,-0.03541247721316226,-0.06208705544586092,0.5100104128532651
2757,1.069364965195171,0.055627351742968977,-0.035561038686472424,-0.06169065876583058,0.5099120357380347
2758,1.0699212387126007,0.05527174135610425,-0.035708111723423974,-0.06129278153593267,0.5098137399308481
2759,1.0704739561261618,0.054914660238870025,-0.03585369249897774,-0.060893440827698285,0.5097155255431153
2760,1.0710231027285506,0.05455612331388025,-0.03599777724824421,-0.06049265373925846,0.5096173926750374
2761,1.0715686639616895,0.05419614554139781,-0.0361403622647577,-0.06009043739462668,0.5095193414156567
2762,1.0721106254171036,0.053834741918750234,-0.03628144390243837,-0.05968680894311907,0.5094213718428885
2763,1.0726489728362911,0.05347192747972584,-0.036421018576756614,-0.059281785558716354,0.5093234840235469
2764,1.0731836921110884,0.05310771729395827,-0.036559082761333794,-0.05887538443935403,0.5092256780133473
2765,1.073714769284028,0.052742126466344935,-0.03669563299009693,-0.05846762280628511,0.5091279538569288
2766,1.0742421905486916,0.05237517013644399,-0.03683066585911443,-0.0580585179034763,0.5090303115878747
2767,1.0747659422500562,0.05200686347785284,-0.03696417802395574,-0.057648086996925606,0.508932751228773
2768,1.0752860108848348,0.05163722169761329,-0.03709616620052952,-0.05723634737398001,0.5088352727912484
2769,1.0758023831018109,0.05126626003560798,-0.037226627166676574,-0.05682331634276676,0.5087378762760137
2770,1.0763150457021669,0.05089399376394122,-0.03735555776101934,-0.05640901123151175,0.5086405616729225
2771,1.0768239856398063,0.05052043818633103,-0.03748295488190251,-0.055993449387841725,0.5085433289609794
2772,1.0773291900216697,0.050145608637512,-0.037608815489220127,-0.055576648178189844,0.5084461781083558
2773,1.077830646108045,0.049769520482619796,-0.037733136605037076,-0.05515862498713834,0.5083491090724407
2774,1.078328341312871,0.049392189116569424,-0.03785591531138194,-0.0547393972167328,0.5082521217998955
2775,1.0788222632040367,0.04901362996345561,-0.03797714875205083,-0.054318982285854085,0.5081552162266977
2776,1.0793123995036713,0.0486338584759351,-0.03809683413351944,-0.05389739762960244,0.5080583922782039
2777,1.0797987380884306,0.04825289013459991,-0.038214968722553866,-0.053474660698615874,0.5079616498692191
2778,1.0802812669897766,0.04787074044737437,-0.03833154984738962,-0.053050788958400076,0.5078649889040182
2779,1.0807599743942502,0.04748742494890047,-0.038446574898455266,-0.0526257998887293,0.5077684092763706
2780,1.0812348486437393,0.04710295919991592,-0.038560041327936334,-0.05219971098296561,0.5076719108695998
2781,1.0817058782357385,0.04671735878663655,-0.03867194664912699,-0.0517725397473831,0.5075754935566391
2782,1.0821730518236048,0.04633063932014529,-0.038782288437818335,-0.05134430370057352,0.5074791572000966
2783,1.0826363582168061,0.0459428164357671,-0.038891064332554626,-0.05091502037278134,0.507382901652312
2784,1.0830957863811639,0.04555390579244156,-0.038998272032580994,-0.05048470730524109,0.5072867267554473
2785,1.0835513254390883,0.04516392307211575,-0.039103909299511574,-0.05005338204953645,0.5071906323415238
2786,1.0840029646698095,0.04477288397912063,-0.03920797395767006,-0.04962106216697072,0.5070946182324559
2787,1.0844506935096008,0.044380804239543936,-0.03931046389264947,-0.04918776522789125,0.506998684240113
2788,1.0848945015519962,0.04398769960061744,-0.03941137705230108,-0.048753508811030584,0.506902830166381
2789,1.0853343785480023,0.04359358583009443,-0.03951071144724233,-0.04831831050290896,0.5068070558032397
2790,1.0857703144063033,0.043198478715622005,-0.039608465150619276,-0.04788218789715826,0.5067113609328265
2791,1.0862022991934595,0.04280239406411582,-0.039704636297252516,-0.047445158593866193,0.5066157453275245
2792,1.0866303231341006,0.042405347701143285,-0.03979922308437772,-0.04700724019896473,0.5065202087500359
2793,1.087054376611112,0.04200735547029951,-0.03989222377225432,-0.04656845032356775,0.5064247509534183
2794,1.0874744501658151,0.041608433232576965,-0.03998363668243465,-0.046128806583312865,0.5063293716811444
2795,1.0878905344981409,0.041208596865752616,-0.04007346019910041,-0.04568832659771941,0.5062340706671782
2796,1.0883026204667985,0.04080786226376161,-0.04016169276948062,-0.045247027989566785,0.5061388476360525
2797,1.0887106990894362,0.04040624533606681,-0.040248332902984574,-0.04480492838423963,0.5060437023029533
2798,1.089114761542797,0.04000376200703696,-0.04033337917141666,-0.04436204540906883,0.5059486343737881
2799,1.0895147991628673,0.039600428215322794,-0.04041683020904546,-0.043918396692732065,0.5058536435453046
2800,1.0899108034450204,0.039196259913232355,-0.04049868471278778,-0.04347399986458743,0.5057587295051298
2801,1.0903027660441529,0.03879127306610448,-0.04057894144160884,-0.04302887255401884,0.5056638919318264
2802,1.0906906787748138,0.03838548365168839,-0.040657599216537554,-0.042583032389813764,0.5055691304949768
2803,1.0910745336113308,0.03797890765952301,-0.04073465692190997,-0.0421364969995221,0.5054744448552763
2804,1.091454322687926,0.037571561090303913,-0.040810113504077816,-0.04168928400881644,0.5053798346646067
2805,1.091830038298829,0.037163459955263135,-0.04088396797178928,-0.04124141104085011,0.5052852995661278
2806,1.0922016728983817,0.036754620275545234,-0.040956219396548754,-0.04079289571563536,0.5051908391943827
2807,1.0925692191011371,0.036345058081579756,-0.04102686691188545,-0.04034375564941161,0.5050964531753883
2808,1.092932669681953,0.0359347894124609,-0.04109590971375088,-0.03989400845397856,0.5050021411266656
2809,1.0932920175760776,0.035523830315323385,-0.04116334706004837,-0.03944367173608806,0.504907902657347
2810,1.093647255879231,0.0351121968447229,-0.041229178271227906,-0.03899276309680449,0.5048137373682599
2811,1.0939983778476783,0.034699905062010615,-0.04129340273015286,-0.038541300130862356,0.5047196448520134
2812,1.0943453768982985,0.03428697103470908,-0.04135601988167814,-0.03808930042605047,0.5046256246930977
2813,1.0946882466086456,0.033873410835892306,-0.04141702923318252,-0.03763678156257423,0.5045316764679859
2814,1.0950269807170045,0.033459240543560476,-0.04147643035398413,-0.037183761112437985,0.5044377997452459
2815,1.0953615731224402,0.03304447624002064,-0.04153422287532099,-0.03673025663880196,0.5043439940855916
2816,1.0956920178848404,0.032629134011267436,-0.04159040649070078,-0.03627628569535467,0.5042502590419738
2817,1.0960183092249531,0.03221322994636043,-0.041644980955048705,-0.03582186582569517,0.5041565941596811
2818,1.0963404415244167,0.03179678013680994,-0.04169794608561997,-0.03536701456269425,0.5040629989764203
2819,1.0966584093257847,0.031379800675953744,-0.041749301761729446,-0.03491174942788108,0.5039694730224201
2820,1.0969722073325443,0.03096230765833645,-0.041799047924157146,-0.03445608793082228,0.5038760158205533
2821,1.0972818304091276,0.030544317179094883,-0.041847184575631996,-0.03400004756849049,0.5037826268864293
2822,1.0975872735809187,0.03012584533333857,-0.04189371178052695,-0.03354364582466251,0.5036893057284964
2823,1.097888532034252,0.0297069082155333,-0.041938629664681204,-0.033086900169278406,0.5035960518481126
2824,1.0981856011164073,0.029287521918886488,-0.04198193841528544,-0.03262982805782445,0.5035028647396497
2825,1.0984784763355961,0.028867702534733634,-0.042023638280764414,-0.032172446930727405,0.5034097438905815
2826,1.0987671533609435,0.02844746615192599,-0.042063729571596015,-0.03171477421272751,0.5033166887815916
2827,1.0990516280224627,0.02802682885621003,-0.042102212659102245,-0.031256827312268004,0.5032236988866927
2828,1.0993318963110248,0.027605806729619004,-0.04213908797566904,-0.030798623620884785,0.5031307736733311
2829,1.099607954378321,0.02718441584986232,-0.04217435601525543,-0.03034018051259612,0.5030379126024856
2830,1.0998797985368196,0.02676267228970976,-0.042208017332569375,-0.029881515343294956,0.5029451151287843
2831,1.1001474252597168,0.02634059211638407,-0.042240072542827495,-0.02942264545011612,0.5028523807005735
2832,1.1004108311808807,0.025918191390955785,-0.042270522322159776,-0.02896358815085082,0.502759708760026
2833,1.1006700130947902,0.025495486167734185,-0.04229936740764009,-0.028504360743336003,0.5026670987432406
2834,1.1009249679564674,0.025072492493657783,-0.04232660859701601,-0.02804498050483465,0.5025745500803713
2835,1.101175692881404,0.024649226407687633,-0.04235224674792745,-0.02758546469144606,0.5024820621957296
2836,1.1014221851454808,0.02422570394020835,-0.04237628277905664,-0.027125830537509783,0.5023896345078918
2837,1.101664442184883,0.02380194111241779,-0.0423987176694772,-0.026666095254995636,0.5022972664298245
2838,1.1019024615960071,0.023377953935723023,-0.04241955245747678,-0.02620627603289898,0.5022049573689823
2839,1.1021362411353643,0.022953758411148252,-0.04243878824165659,-0.025746390036643474,0.5021127067273787
2840,1.1023657787194758,0.02252937052873169,-0.042456426180936535,-0.0252864544075021,0.5020205139017121
2841,1.1025910724247632,0.022104806266922322,-0.04247246749365302,-0.024826486261975006,0.5019283782834812
2842,1.1028121204874324,0.021680081591985784,-0.042486913457613074,-0.024366502691203294,0.5018362992591
2843,1.1030289213033522,0.021255212457409654,-0.042499765410357604,-0.023906520760404122,0.5017442762099976
2844,1.1032414734279263,0.02083021480330608,-0.04251102474935903,-0.023446557508258373,0.5016523085127568
2845,1.1034497755759594,0.02040510455581249,-0.042520692930624604,-0.02298662994631562,0.5015603955392259
2846,1.1036538266215175,0.01997989762650624,-0.04252877146881856,-0.02252675505842288,0.5014685366566021
2847,1.1038536255977824,0.019554609911818056,-0.04253526193853746,-0.022066949800137965,0.50137673122752
2848,1.1040491716969005,0.019129257292432693,-0.04254016597299973,-0.021607231098138186,0.501284978610202
2849,1.104240464269825,0.018703855632702694,-0.04254348526315371,-0.021147615849627186,0.501193278158556
2850,1.1044275028261519,0.018278420780071154,-0.04254522155933915,-0.020688120921782748,0.501101629222286
2851,1.1046102870339525,0.017852968564477767,-0.04254537667052444,-0.020228763151179496,0.5010100311470165
2852,1.1047888167195972,0.01742751479777252,-0.04254395246353265,-0.019769559343179897,0.500918483274431
2853,1.1049630918675748,0.017002075273137192,-0.042540950862667015,-0.019310526271380034,0.5008269849423617
2854,1.1051331126203061,0.016576665764510515,-0.04253637385067545,-0.018851680677058426,0.5007355354848801
2855,1.1052988792779512,0.01615130202600376,-0.04253022346851543,-0.018393039268566988,0.5006441342324152
2856,1.1054603922982114,0.01572599979131861,-0.04252250181369488,-0.017934618720769523,0.5005527805118891
2857,1.1056176522961245,0.015300774773181662,-0.04251321104100654,-0.017476435674487957,0.5004614736468088
2858,1.1057706600438564,0.014875642662771589,-0.04250235336384918,-0.017018506735947084,0.5003702129573881
2859,1.1059194164704842,0.014450619129133101,-0.04248993105214337,-0.016560848476187884,0.5002789977606882
2860,1.1060639226617754,0.01402571981861167,-0.042475946431742295,-0.016103477430502423,0.5001878273707349
2861,1.1062041798599616,0.013600960354294245,-0.042460401885958746,-0.01564641009790882,0.5000967010985992
2862,1.1063401894635045,0.013176356335434658,-0.042443299855056196,-0.015189662940580913,0.500005618252518
2863,1.106471953026859,0.0127519233368841,-0.042424642835180854,-0.014733252383254515,0.49991457813800594
2864,1.1065994722602277,0.012327676908532295,-0.04240443337785532,-0.014277194812710755,0.4998235800579816
2865,1.106722749029313,0.011903632574753735,-0.04238267409156053,-0.01382150657724142,0.49973262331285834
2866,1.1068417853550605,0.011479805833838126,-0.042359367641316564,-0.013366203986065105,0.4996417072006888
2867,1.106956583413399,0.011056212157424954,-0.04233451674633501,-0.012911303308781192,0.4995508310172906
2868,1.1070671455349732,0.010632866989961607,-0.04230812418117409,-0.012456820774844066,0.4994599940563553
2869,1.1071734742048729,0.010209785748149867,-0.04228019277696261,-0.012002772573033622,0.4993691956095355
2870,1.1072755720623544,0.00978698382038025,-0.04225072541948649,-0.011549174850876313,0.4992784349665783
2871,1.107373441900558,0.009364476566185385,-0.04221972504814951,-0.011096043714102347,0.4991877114154235
2872,1.10746708666622,0.00894227931570388,-0.04218719465773152,-0.010643395226159128,0.4990970242423246
2873,1.107556509459377,0.008520407369126567,-0.04215313729818659,-0.010191245407656405,0.4990063727319596
2874,1.107641713533068,0.0080988759961447,-0.04211755607355573,-0.00973961023579773,0.4989157561675661
2875,1.1077227022930296,0.007677700435409151,-0.04208045414044289,-0.009288505643882275,0.4988251738310603
2876,1.1077994792973838,0.007256895894004721,-0.04204183471044832,-0.008837947520803724,0.4987346250031406
2877,1.1078720482563238,0.00683647754690023,-0.04200170104964918,-0.008387951710485925,0.4986441089633892
2878,1.1079404130317927,0.006416460536403742,-0.0419600564761842,-0.007938534011352366,0.49855362499040023
2879,1.1080045776371568,0.005996859971641886,-0.04191690436074664,-0.007489710175821115,0.4984631723618662
2880,1.1080645462368732,0.00557769092803443,-0.04187224812861781,-0.007041495909823337,0.4983727503547041
2881,1.1081203231461536,0.0051589684467482425,-0.04182609125790857,-0.006593906872232935,0.4982823582451789
2882,1.108171912830621,0.004740707534169157,-0.041778437278140956,-0.006146958674348842,0.49819199530901886
2883,1.108219319905963,0.004322923161387752,-0.04172928977108641,-0.0057006668794332815,0.49810166082153196
2884,1.1082625491375768,0.003905630263676887,-0.04167865237179696,-0.005255047002198504,0.4980113540577174
2885,1.1083016054402135,0.0034888437399589224,-0.041626528767489644,-0.004810114508247429,0.497921074292365
2886,1.108336493877613,0.0030725784522840282,-0.04157292269509798,-0.004365884813593641,0.4978308208001736
2887,1.108367219662136,0.0026568492253330497,-0.04151783794372415,-0.003922373284190943,0.497740592855838
2888,1.1083937881543893,0.002241670845895805,-0.041461278355137146,-0.003479595235418375,0.497650389734176
2889,1.1084162048628483,0.0018270580623444372,-0.041403247821302364,-0.00303756593155132,0.4975602107102574
2890,1.1084344754434718,0.0014130255841314056,-0.041343750283630167,-0.002596300585278575,0.49747005505949676
2891,1.1084486056993132,0.000999588081295104,-0.041282789735280115,-0.0021558143572668054,0.4973799220577768
2892,1.108458601580126,0.0005867601839423055,-0.041220370220430194,-0.0017161223556210426,0.49728981098156533
2893,1.1084644691819656,0.0001745564817379976,-0.04115649583267438,-0.0012772396353710903,0.49719972110800237
2894,1.108466214746783,-0.0002370084765887565,-0.041091170714051904,-0.000839181198031495,0.49710965171501165
2895,1.1084638446620172,-0.0006479201837292683,-0.041024399057612584,-0.00040196199114219436,0.4970196020813944
2896,1.10845736546018,-0.0010581641743053938,-0.040956185106644664,3.440309226367128e-05,0.4969295714869504
2897,1.1084467838184369,-0.001467726025371841,-0.040886533152098774,0.0004698992141358736,0.49683955921260486
2898,1.1084321065581832,-0.0018765913568928368,-0.04081544753303612,0.0009045115918523076,0.4967495645404871
2899,1.1084133406446144,-0.0022847458322231952,-0.040742932639036555,0.0013382254986638814,0.49665958675405997
2900,1.1083904931862922,-0.0026921751586135535,-0.04066899290820911,0.0017710262642226552,0.4965696251382338
2901,1.1083635714347062,-0.0030988650876956543,-0.04059363282529255,0.0022028992750485997,0.49647967897944706
2902,1.1083325827838293,-0.003504801415948579,-0.0405168569227287,0.002633829974940364,0.4963897475657641
2903,1.1082975347696697,-0.003909969985175861,-0.0404386697821028,0.003063803865438746,0.4962998301869875
2904,1.108258435069818,-0.004314356682996885,-0.040359076032709766,0.0034928065063465704,0.4962099261347582
2905,1.108215291502988,-0.00471794744332399,-0.040278080349178194,0.0039208235161576985,0.49612003470267774
2906,1.1081681120285547,-0.005120728246815775,-0.040195687453229156,0.004347840572467169,0.4960301551863864
2907,1.1081169047460866,-0.005522685121348069,-0.040111902114962905,0.004773843412439879,0.49594028688368347
2908,1.108061677894873,-0.0059238041424976885,-0.040026729150666324,0.005198817833300199,0.49585042909464505
2909,1.108002439853448,-0.006324071434004353,-0.03994017342066034,0.005622749692760524,0.4957605811216979
2910,1.107939199139108,-0.006723473168210956,-0.039852239832272145,0.00604562490940972,0.49567074226970415
2911,1.107871964407426,-0.0071219955665336775,-0.039762933339704716,0.006467429463185757,0.4955809118460814
2912,1.1078007444517606,-0.007519624899930729,-0.03967225894211439,0.006888149395854099,0.4954910891608901
2913,1.1077255482027613,-0.007916347489351877,-0.03958022168206045,0.007307770811407811,0.4954012735269365
2914,1.1076463847278677,-0.00831214970617247,-0.03948682664785541,0.007726279876445479,0.49531146425987393
2915,1.107563263230806,-0.00870701797265103,-0.039392078973841047,0.008143662820661486,0.4952216606782976
2916,1.1074761930510795,-0.009100938762389448,-0.039295983838118914,0.008559905937285853,0.495131862103867
2917,1.1073851836634556,-0.009493898600770642,-0.03919854646077553,0.008974995583474822,0.4950420678613689
2918,1.107290244677448,-0.0098858840653784,-0.03909977210740587,0.009388918180690988,0.494952277278796
2919,1.107191385836794,-0.010276881786452455,-0.038999666088296095,0.00980166021517002,0.4948624896874597
2920,1.1070886170189296,-0.01066687844733541,-0.03889823375596069,0.010213208238357242,0.4947727044220849
2921,1.1069819482344563,-0.011055860784895018,-0.03879548050445068,0.010623548867279653,0.49468292082088733
2922,1.1068713896266074,-0.01144381558993953,-0.03869141177214937,0.011032668784907322,0.4945931382256835
2923,1.106756951470708,-0.01183072970766102,-0.038586033040831635,0.011440554740635211,0.49450335598197037
2924,1.1066386441736316,-0.01221659003806933,-0.038479349833613896,0.01184719355068786,0.49441357343903464
2925,1.1065164782732508,-0.012601383536405471,-0.03837136771394467,0.012252572098471696,0.49432378995002746
2926,1.1063904644378868,-0.012985097213544933,-0.03826209228870198,0.01265667733494776,0.49423400487203517
2927,1.1062606134657513,-0.013367718136431951,-0.03815152920727566,0.013059496279089087,0.49414421756617216
2928,1.106126936284387,-0.013749233428504709,-0.03803968415885706,0.01346101601826898,0.49405442739767785
2929,1.1059894439501021,-0.014129630270093278,-0.03792656287208422,0.013861223708609647,0.49396463373597976
2930,1.1058481476474011,-0.014508895898814126,-0.037812171118189256,0.014260106575336997,0.4938748359547938
2931,1.105703058688413,-0.014887017609996011,-0.03769651470950104,0.014657651913232591,0.49378503343222185
2932,1.105554188512313,-0.015263982757091024,-0.03757959949708324,0.015053847087012033,0.4936952255508215
2933,1.1054015486847422,-0.01563977875206185,-0.03746143137063507,0.015448679531646647,0.493605411697695
2934,1.1052451508972216,-0.016014393065768205,-0.03734201626095918,0.015842136752717957,0.49351559126454464
2935,1.1050850069665639,-0.01638781322837781,-0.037221360139210874,0.01623420632686073,0.4934257636477638
2936,1.1049211288342802,-0.0167600268297699,-0.037099469014166137,0.01662487590211682,0.4933359282485224
2937,1.1047535285659824,-0.017131021519911565,-0.036976348931807845,0.017014133198250014,0.49324608447283474
2938,1.1045822183507834,-0.017500785009229643,-0.03685200597861732,0.017401966007095444,0.49315623173162493
2939,1.104407210500691,-0.01786930506901581,-0.036726446279980174,0.017788362192975637,0.4930663694408351
2940,1.1042285174500008,-0.018236569531815617,-0.036599675997693454,0.018173309693057194,0.49297649702148955
2941,1.1040461517546827,-0.01860256629179256,-0.03647170132988847,0.018556796517647477,0.49288661389976923
2942,1.1038601260917646,-0.01896728330509144,-0.0363425285140026,0.018938810750523068,0.4927967195070729
2943,1.1036704532587138,-0.019330708590231456,-0.036212163825227045,0.019319340549350816,0.49270681328008104
2944,1.1034771461728115,-0.019692830228483744,-0.03608061357442349,0.01969837414601532,0.49261689466083336
2945,1.1032802178705265,-0.020053636364227974,-0.035947884107438016,0.0200758998469059,0.4925269630968073
2946,1.1030796815068842,-0.020413115205302354,-0.035813981808086176,0.02045190603324014,0.4924370180409694
2947,1.102875550354831,-0.020771255023383218,-0.03567891309716381,0.020826381161466522,0.4923470589518499
2948,1.1026678378045973,-0.021128044154354864,-0.03554268442972505,0.02119931376357995,0.49225708529363305
2949,1.1024565573630538,-0.021483470998652113,-0.03540530229462879,0.02157069244740577,0.4921670965362018
2950,1.1022417226530672,-0.02183752402159841,-0.03526677321793098,0.021940505896898936,0.4920770921552067
2951,1.1020233474128511,-0.022190191753777712,-0.03512710376127354,0.022308742872531408,0.49198707163211747
2952,1.1018014454953133,-0.02254146279139044,-0.03498630051972568,0.022675392211606644,0.49189703445428173
2953,1.1015760308673994,-0.0228913257965877,-0.0348443701210803,0.023040442828518398,0.49180698011499624
2954,1.1013471176094336,-0.023239769497798515,-0.03470131922874736,0.02340388371503996,0.4917169081135686
2955,1.1011147199144555,-0.02358678269008598,-0.03455715454084046,0.02376570394070863,0.491626817955363
2956,1.1008788520875548,-0.023932354235494384,-0.034411882787922926,0.024125892653115103,0.4915367091518741
2957,1.1006395285451998,-0.02427647306337361,-0.03426551073175729,0.02448443907816132,0.491446581220794
2958,1.100396763814566,-0.024619128170691184,-0.03411804516865277,0.02484133252033273,0.49135643368604565
2959,1.100150572532859,-0.024960308622377702,-0.03396949292873014,0.025196562363057517,0.4912662660778453
2960,1.0999009694466353,-0.025300003551665014,-0.03381986087343927,0.025550118068995892,0.49117607793274204
2961,1.0996479694111185,-0.02563820216039941,-0.03366915589432598,0.025901989180284673,0.4910858687936748
2962,1.0993915873895146,-0.025974893719342657,-0.03351738491627995,0.026252165318784566,0.49099563821003117
2963,1.0991318384523212,-0.026310067568505457,-0.03336455489667253,0.02660063618643371,0.4909053857376929
2964,1.0988687377766362,-0.02664371311747219,-0.033210672823461435,0.026947391565529073,0.49081511093907526
2965,1.0986023006454615,-0.02697581984570681,-0.03305574571332778,0.027292421318955266,0.4907248133832053
2966,1.0983325424470045,-0.02730637730284009,-0.03289978061463486,0.027635715390418623,0.4906344926457537
2967,1.0980594786739761,-0.02763537510898644,-0.03274278460761004,0.027977263804784876,0.4905441483090645
2968,1.0977831249228862,-0.027962802955062538,-0.03258476480217681,0.028317056668343835,0.49045377996221107
2969,1.0975034968933355,-0.02828865060308431,-0.03242572833576096,0.02865508416903725,0.49036338720103073
2970,1.0972206103873046,-0.028612907886441927,-0.03226568237610403,0.02899133657666753,0.49027296962816413
2971,1.09693448130844,-0.028935564710202956,-0.032104634121737086,0.02932580424321285,0.4901825268531056
2972,1.096645125661338,-0.029256611051420325,-0.03194259079972395,0.02965847760309968,0.49009205849223714
2973,1.096352559550824,-0.029576036959417563,-0.031779559663699525,0.02998934717341604,0.4900015641688701
2974,1.0960567991812298,-0.029893832556054552,-0.03161554799585631,0.030318403554101554,0.4899110435133023
2975,1.0957578608556693,-0.030209988036013116,-0.03145056310809219,0.030645637428243215,0.4898204961628238
2976,1.095455760975309,-0.030524493667094046,-0.03128461234037441,0.03097103956234016,0.48972992176175667
2977,1.0951505160386381,-0.03083733979049779,-0.03111770305806713,0.031294600806502086,0.489639319961501
2978,1.094842142640733,-0.03114851682107847,-0.03094984265338288,0.03161631209463046,0.48954869042054555
2979,1.0945306574725222,-0.031458015247612305,-0.030781038547350315,0.03193616444468233,0.48945803280450056
2980,1.094216077320046,-0.0317658256330858,-0.030611298187936675,0.03225414895893338,0.4893673467861501
2981,1.093898419063715,-0.03207193861496516,-0.03044062904762973,0.03257025682417886,0.48927663204547167
2982,1.0935776996775655,-0.03237634490544146,-0.03026903862396846,0.03288447931189029,0.4891858882696522
2983,1.093253936228511,-0.03267903529168115,-0.030096534442184686,0.03319680777845238,0.48909511515314413
2984,1.0929271458755943,-0.03298000063610299,-0.02992312405352915,0.033507233665426316,0.48900431239766357
2985,1.0925973458692333,-0.03327923187663829,-0.029748815033240616,0.03381574849973401,0.48891347971221844
2986,1.092264553550467,-0.0335767200269707,-0.02957361497986838,0.034122343893808305,0.48882261681313
2987,1.0919287863501972,-0.03387245617676939,-0.02939753151829677,0.03442701154579388,0.4887317234240461
2988,1.0915900617884295,-0.034166431491952365,-0.029220572298718495,0.03472974323980907,0.4886407992759772
2989,1.09124839747351,-0.03445863721493954,-0.029042744994438874,0.03503053084612199,0.48854984410731717
2990,1.0909038111013607,-0.034749064664883936,-0.02886405730033098,0.03532936632129897,0.488458857663846
2991,1.090556320454712,-0.03503770523788724,-0.028684516936002824,0.03562624170836769,0.4883678396987594
2992,1.090205943402333,-0.035324550407247274,-0.028504131645643027,0.035921149137069265,0.4882767899727064
2993,1.0898526978982606,-0.035609591723703704,-0.02832290919577457,0.036214080824033615,0.48818570825375696
2994,1.0894966019810235,-0.03589282081566145,-0.028140857373500916,0.0365050290729157,0.48809459431743435
2995,1.0891376737728669,-0.03617422938939646,-0.027957983988905477,0.03679398627452522,0.4880034479467357
2996,1.088775931478973,-0.03645380922928552,-0.027774296875591464,0.037080944907061,0.48791226893212597
2997,1.0884113933866801,-0.036731552198041424,-0.02758980388885418,0.03736589753629247,0.4878210570715519
2998,1.0880440778646998,-0.03700745023692997,-0.0274045129033873,0.0376488368156854,0.4877298121704709
2999,1.0876740033623304,-0.037281495365963854,-0.027218431814623745,0.037929755486515275,0.48763853404184093
3000,1.0873011884086707,-0.03755367968411009,-0.027031568540636652,0.038208646378070345,0.48754722250612603
3001,1.0869256516118297,-0.03782399536951645,-0.02684393102054039,0.038485502407831905,0.4874558773913259
3002,1.0865474116581346,-0.03809243467972185,-0.02665552721218295,0.03876031658159602,0.4873644985329477
3003,1.0861664873113375,-0.03835898995184368,-0.02646636509225614,0.0390330819935652,0.48727308577401124
3004,1.085782897411819,-0.03862365360276625,-0.026276452658949012,0.03930379182651041,0.48718163896506045
3005,1.0853966608757915,-0.03888641812935573,-0.026085797930516796,0.03957243935196039,0.4870901579641615
3006,1.085007796694498,-0.0391472761086609,-0.025894408943429592,0.03983901793031951,0.48699864263689946
3007,1.0846163239334115,-0.03940622019809519,-0.02570229375104427,0.040103521010950834,0.486907092856382
3008,1.0842222617314305,-0.039663243135605646,-0.02550946042646607,0.04036594213229694,0.48681550850323774
3009,1.0838256293000745,-0.0399183377398703,-0.025315917062225524,0.040626274922067496,0.48672388946561185
3010,1.083426445922676,-0.04017149691049254,-0.025121671768526255,0.04088451309734814,0.48663223563916697
3011,1.083024730953571,-0.040422713628177814,-0.02492673267113721,0.041140650464682085,0.4865405469270543
3012,1.0826205038172891,-0.0406719809548892,-0.024731107913703032,0.041394680920147094,0.4864488232399144
3013,1.0822137840077402,-0.04091929203402622,-0.02453480565859839,0.04164659844952643,0.48635706449587707
3014,1.0818045910874,-0.041164640090612215,-0.024337834085021437,0.041896397128425654,0.48626527062053787
3015,1.0813929446864938,-0.04140801843146242,-0.02414020138698486,0.04214407112234986,0.48617344154695813
3016,1.0809788645021792,-0.04164942044533228,-0.023941915773876554,0.04238961468675258,0.4860815772156545
3017,1.0805623702977258,-0.04188883960307105,-0.02374298547259901,0.04263302216717647,0.48598967757457984
3018,1.080143481901695,-0.04212626945779703,-0.023543418726302556,0.04287428799938016,0.4858977425791159
3019,1.0797222192071172,-0.04236170364506005,-0.023343223792495205,0.043113406709402315,0.48580577219206533
3020,1.0792986021706665,-0.042595135882985,-0.023142408941975723,0.04335037291360126,0.48571376638360875
3021,1.0788726508118367,-0.04282655997240475,-0.022940982461851223,0.04358518131874135,0.48562172513129054
3022,1.0784443852121126,-0.04305596979702326,-0.022738952654819677,0.04381782672212593,0.4855296484200243
3023,1.0780138255141425,-0.04328335932357146,-0.02253632783715931,0.04404830401166228,0.4854375362420501
3024,1.0775809919209067,-0.04350872260194305,-0.02233311633702384,0.04427660816589788,0.48534538859691845
3025,1.0771459046948872,-0.04373205376531329,-0.022129326496584112,0.04450273425405865,0.4852532054914802
3026,1.0767085841572341,-0.04395334703027915,-0.02192496667266508,0.044726677436179973,0.4851609869398588
3027,1.0762690506869312,-0.04417259669700579,-0.021720045235226748,0.044948432963172295,0.485068732963424
3028,1.0758273247199612,-0.044389797149358055,-0.021514570565490665,0.045167996176846054,0.4849764435907741
3029,1.0753834267484677,-0.044604942855012965,-0.021308551056270497,0.045385362509922436,0.48488411885769744
3030,1.0749373773199176,-0.044818028365575684,-0.021101995114185812,0.045600527486124955,0.4847917588071311
3031,1.0744891970362618,-0.04502904831671756,-0.020894911158380047,0.04581348672025639,0.4846993634891681
3032,1.0740389065530946,-0.045237997428301355,-0.020687307618497686,0.04602423591822361,0.48460693296100826
3033,1.0735865265788116,-0.045444870504486326,-0.02047919293367534,0.046232770877037775,0.48451446728692027
3034,1.0731320778737667,-0.04564966243382308,-0.02027057555521322,0.0464390874848529,0.48442196653822883
3035,1.0726755812494284,-0.045852368189375214,-0.020061463945993674,0.04664318172105492,0.4843294307932836
3036,1.0722170575675347,-0.04605298282883516,-0.019851866579056465,0.04684504965628265,0.4842368601374168
3037,1.0717565277392465,-0.04625150149462572,-0.019641791935827158,0.04704468745241652,0.4841442546629083
3038,1.0712940127243002,-0.04644791941398398,-0.01943124850752126,0.047242091362572576,0.48405161446895667
3039,1.0708295335301603,-0.046642231899059194,-0.01922024479633827,0.047437257731178684,0.48395893966161924
3040,1.0703631112111698,-0.04683443434702258,-0.019008789314102492,0.04763018299399689,0.4838662303538051
3041,1.0698947668676995,-0.04702452224016362,-0.018796890580201064,0.047820863678115826,0.483773486665229
3042,1.0694245216452978,-0.04721249114596562,-0.018584557121340828,0.04800929640191869,0.4836807087223554
3043,1.0689523967338381,-0.04739833671717903,-0.018371797473865636,0.04819547787511609,0.4835878966583773
3044,1.0684784133666663,-0.04758205469191769,-0.01815862018278075,0.04837940489878679,0.4834950506131834
3045,1.0680025928197472,-0.04776364089374549,-0.01794503380042861,0.04856107436536391,0.48340217073330566
3046,1.0675249564108098,-0.04794309123174977,-0.017731046884909563,0.04874048325858873,0.48330925717186607
3047,1.0670455254984923,-0.04812040170059887,-0.01751666800188345,0.04891762865349098,0.4832163100885472
3048,1.0665643214814864,-0.04829556838061771,-0.017301905725239652,0.04909250771643038,0.48312332964953447
3049,1.0660813657976802,-0.048468587437870116,-0.017086768635637406,0.04926511770507823,0.4830303160274786
3050,1.0655966799233014,-0.0486394551242265,-0.016871265318487982,0.04943545596837971,0.48293726940145737
3051,1.065110285372059,-0.04880816777741137,-0.016655404364245285,0.049603519946494395,0.4828441899569112
3052,1.064622203694285,-0.04897472182105383,-0.016439194370283794,0.04976930717080817,0.4827510778856037
3053,1.0641324564760744,-0.049139113764756666,-0.016222643939862447,0.049932815263934636,0.4826579333855875
3054,1.0636410653384267,-0.04930134020415528,-0.016005761680872033,0.05009404193966729,0.48256475666114956
3055,1.0631480519363852,-0.049461397820964,-0.015788556204334447,0.050252985002901686,0.4824715479227447
3056,1.0626534379581756,-0.04961928338300735,-0.015571036126384441,0.05040964234959654,0.4823783073869447
3057,1.0621572451243455,-0.0497749937442712,-0.015353210068590473,0.050564011966778934,0.482285035276406
3058,1.0616594951869027,-0.04992852584495709,-0.015135086656416774,0.05071609193249197,0.4821917318197949
3059,1.0611602099284532,-0.050079876711521275,-0.014916674517545248,0.05086588041572748,0.4820983972517483
3060,1.0606594111613379,-0.05022904345669673,-0.014697982282215472,0.05101337567633857,0.48200503181281634
3061,1.0601571207267708,-0.05037602327951888,-0.01447901858479067,0.05115857606502552,0.4819116357494027
3062,1.0596533604939757,-0.05052081346536678,-0.01425979206283623,0.051301480023299775,0.48181820931371916
3063,1.059148152359322,-0.050663411385995144,-0.014040311355808521,0.051442086083403483,0.4817247527637386
3064,1.058641518245462,-0.050803814499553235,-0.013820585103641592,0.05158039286820775,0.4816312663631166
3065,1.0581334801004665,-0.05094202035058965,-0.013600621948794134,0.05171639909114539,0.48153775038111973
3066,1.0576240598969606,-0.0510780265700776,-0.01338043053634469,0.05185010355618115,0.48144420509260705
3067,1.05711327963126,-0.05121183087544103,-0.01316001951256307,0.05198150515773051,0.48135063077794454
3068,1.0566011613225055,-0.051343431070566665,-0.012939397523518692,0.052110602880560075,0.48125702772294204
3069,1.0560877270117999,-0.051472825045801855,-0.012718573215036166,0.0522373957996727,0.48116339621880916
3070,1.0555729987613418,-0.05160001077795221,-0.012497555234265156,0.05236188308026507,0.4810697365620838
3071,1.0550569986535623,-0.05172498633029487,-0.012276352228952347,0.05248406397765644,0.4809760490545723
3072,1.0545397487902592,-0.05184774985258439,-0.012054972845950973,0.05260393783718035,0.4808823340033048
3073,1.0540212712917334,-0.05196829958104391,-0.011833425730137792,0.05272150409406007,0.48078859172045063
3074,1.0535015882959229,-0.05208663383834529,-0.011611719526111453,0.052836762273304964,0.48069482252324514
3075,1.0529807219575393,-0.0522027510336064,-0.011389862878129486,0.0529497119896485,0.48060102673394295
3076,1.0524586944472032,-0.052316649662387686,-0.01116786442926343,0.05306035294744321,0.48050720467976177
3077,1.0519355279505793,-0.05242832830668032,-0.01094573281985839,0.05316868494052643,0.48041335669278884
3078,1.0514112446675126,-0.0525377856348789,-0.010723476686995415,0.05327470785208334,0.48031948310992756
3079,1.0508858668111638,-0.05264502040174886,-0.010501104666422734,0.053378421654569436,0.4802255842728396
3080,1.0503594166071464,-0.0527500314484131,-0.010278625391683949,0.05347982640960444,0.4801316605278727
3081,1.0498319162926621,-0.05285281770232994,-0.010056047492974785,0.053578922267846156,0.4800377122259981
3082,1.0493033881156388,-0.05295337817725969,-0.00983337959605285,0.053675709468837055,0.47994373972273785
3083,1.0487738543338663,-0.053051711973220214,-0.00961063032307613,0.0537701883408607,0.47984974337808944
3084,1.048243337214134,-0.05314781827645099,-0.009387808293316313,0.05386235930085536,0.47975572355644963
3085,1.0477118590313694,-0.053241696359384146,-0.009164922122260055,0.05395222285427736,0.4796616806265701
3086,1.0471794420677756,-0.053333345580606754,-0.008941980420060502,0.05403977959494675,0.47956761496147704
3087,1.0466461086119696,-0.05342276538480736,-0.008718991791014652,0.054125030204881644,0.47947352693837475
3088,1.0461118809581216,-0.05350995530271751,-0.00849596483498638,0.054207975454173545,0.4793794169386054
3089,1.0455767814050945,-0.053594914951067364,-0.008272908146891578,0.05428861620086644,0.47928528534758036
3090,1.0450408322555838,-0.05367764403253628,-0.008049830316062268,0.05436695339080081,0.47919113255469165
3091,1.0445040558152583,-0.0537581423356969,-0.0078267399245735,0.054442988057433646,0.479096958953252
3092,1.0439664743919013,-0.05383640973494264,-0.007603645547812621,0.0545167213216672,0.4790027649404085
3093,1.0434281102945517,-0.05391244619042077,-0.007380555755733265,0.054588154391722835,0.47890855091707335
3094,1.0428889858326476,-0.05398625174797809,-0.007157479111555565,0.05465728856297976,0.4788143172878499
3095,1.0423491233151678,-0.054057826539093655,-0.006934424171092246,0.05472412521780628,0.4787200644609752
3096,1.041808545049777,-0.05412717078080456,-0.006711399481435232,0.05478866582535599,0.47862579284822004
3097,1.0412672733419688,-0.05419428477561891,-0.006488413582009522,0.05485091194140525,0.47853150286481494
3098,1.0407253304942126,-0.054259168911439004,-0.006265475004973431,0.05491086520821525,0.4784371949294017
3099,1.0401827388050982,-0.054321823661488744,-0.00604259227386994,0.05496852735434022,0.4783428694639523
3100,1.0396395205684832,-0.054382249584227445,-0.005819773902900893,0.05502390019443774,0.47824852689367836
3101,1.039095698072641,-0.054440447323256445,-0.005597028396474857,0.055076985629056975,0.4781541676469577
3102,1.0385512935994083,-0.05449641760722119,-0.005374364250283203,0.05512778564447405,0.47805979215526717
3103,1.0380063294233361,-0.05455016124972401,-0.00515178995116522,0.05517630231252051,0.47796540085309663
3104,1.0374608278108388,-0.05460167914923568,-0.0049293139758690985,0.05522253779037233,0.4778709941778775
3105,1.0369148110193465,-0.05465097228899436,-0.004706944789874545,0.05526649432034126,0.4777765725699143
3106,1.0363683012964564,-0.054698041736893126,-0.004484690847919304,0.055308174229663734,0.477682136472279
3107,1.0358213208790874,-0.05474288864537232,-0.004262560594378018,0.055347579930326934,0.47758768633075654
3108,1.0352738919926336,-0.05478551425131611,-0.004040562462797603,0.055384713918874624,0.477493222593783
3109,1.0347260368501205,-0.05482591987594407,-0.003818704874867518,0.055419578776182005,0.47739874571235014
3110,1.0341777776513612,-0.054864106924692735,-0.0035969962395326904,0.0554521771672198,0.47730425613991784
3111,1.0336291365821142,-0.05490007688708807,-0.0033754449540987497,0.05548251184085093,0.4772097543323414
3112,1.0330801358132433,-0.05493383133662907,-0.0031540594039464187,0.055510585629629336,0.47711524074781003
3113,1.032530797499877,-0.05496537193066853,-0.0029328479621376635,0.05553640144957927,0.47702071584675054
3114,1.0319811437805704,-0.0549947004102899,-0.002711818988298531,0.055559962299957216,0.47692618009175225
3115,1.0314311967764676,-0.05502181860017288,-0.002490980827723477,0.0555812712630073,0.47683163394749684
3116,1.0308809785904658,-0.05504672840845012,-0.002270341812836696,0.05560033150375655,0.47673707788065944
3117,1.0303305113063812,-0.05506943182657848,-0.002049910262370558,0.05561714626978898,0.4766425123598539
3118,1.0297798169881154,-0.05508993092920219,-0.001829694480848243,0.05563171889101333,0.47654793785556243
3119,1.0292289176788234,-0.05510822787401068,-0.0016097027576750245,0.055644052779406636,0.4764533548400326
3120,1.0286778354000834,-0.055124324901587425,-0.0013899433668998484,0.05565415142875367,0.476358763787194
3121,1.0281265921510676,-0.05513822433525642,-0.0011704245683111236,0.05566201841443819,0.47626416517259584
3122,1.0275752099077151,-0.05514992858093953,-0.0009511546064569498,0.05566765739319091,0.4761695594733349
3123,1.0270237106219058,-0.0551594401270041,-0.0007321417102504335,0.055671072102835645,0.4760749471679581
3124,1.0264721162206358,-0.0551667615441066,-0.000513394091877506,0.055672266362021536,0.4759803287363826
3125,1.0259204486051947,-0.05517189548502539,-0.0002949199468380015,0.05567124406996433,0.4758857046598334
3126,1.0253687296503444,-0.055174844684493775,-7.672745480219456e-05,0.05566800920621727,0.4757910754207483
3127,1.0248169812034995,-0.05517561195904181,0.00014117522155771,0.055662565830402674,0.4756964415027145
3128,1.024265225083909,-0.05517420020682622,0.0003587799370952105,0.05565491808194847,0.47560180339040015
3129,1.0237134830818408,-0.05517061240745528,0.0005760785648117883,0.0556450701798008,0.4755071615694418
3130,1.0231617769577663,-0.05516485162180715,0.000793062995408933,0.055633026422157054,0.4754125165263773
3131,1.0226101284415483,-0.05515692099185308,0.0010097251369653448,0.055618791186220415,0.475317868748581
3132,1.0220585592316298,-0.05514682374048342,0.0012260569161418045,0.055602368927911566,0.47522321872418755
3133,1.021507090994225,-0.05513456317132201,0.0014420502783529798,0.05558376418158374,0.475128566941993
3134,1.0209557453625118,-0.05512014266853848,0.0016576971887224956,0.05556298155973137,0.4750339138913734
3135,1.0204045439358265,-0.05510356569665125,0.0018729896316405092,0.05554002575272194,0.47493926006223786
3136,1.01985350827886,-0.055084835800334846,0.0020879196105183517,0.055514901528526076,0.4748446059449276
3137,1.0193026599208566,-0.05506395660422967,0.0023024791489814622,0.05548761373241506,0.47474995203014936
3138,1.0187520203548142,-0.05504093181273983,0.0025166602912232716,0.05545816728667217,0.474655298808906
3139,1.0182016110366867,-0.05501576520982761,0.002730455102348539,0.055426567190280746,0.4745606467723874
3140,1.0176514533845884,-0.05498846065880412,0.002943855667852102,0.0553928185186412,0.47446599641191317
3141,1.0171015687780003,-0.054959022102125596,0.0031568540938831102,0.05535692642328707,0.47437134821886096
3142,1.016551978556979,-0.05492745356118677,0.0033694425083036217,0.0553188961315675,0.47427670268459515
3143,1.016002704021367,-0.05489375913610372,0.003581613060736344,0.05527873294633779,0.47418206030036275
3144,1.015453766430006,-0.054857943005496373,0.003793357923328744,0.05523644224564838,0.4740874215572203
3145,1.014905186999951,-0.05482000942626308,0.004004669290267049,0.05519202948245473,0.47399278694599273
3146,1.0143569869056883,-0.0547799627333604,0.004215539377987465,0.0551455001843095,0.4738981569571737
3147,1.0138091872783548,-0.05473780733958054,0.004425960426164555,0.05509685995303411,0.47380353208085174
3148,1.013261809204959,-0.054693547735318905,0.004635924697899418,0.05504611446440582,0.47370891280664296
3149,1.0127148737276057,-0.0546471884883399,0.004845424480133531,0.054993269467825394,0.4736142996235979
3150,1.0121684018427224,-0.05459873424353856,0.0050544520829509665,0.05493833078601064,0.4735196930201396
3151,1.011622414500287,-0.05454818972270905,0.005262999840310312,0.054881304314677276,0.47342509348399286
3152,1.01107693260306,-0.05449555972430594,0.005471060110831538,0.05482219602219896,0.4733305015021187
3153,1.010531977005817,-0.054440849123197625,0.005678625277815708,0.05476101194927566,0.4732359175606096
3154,1.009987568514585,-0.05438406287041949,0.005885687749905555,0.054697758208597305,0.47314134214462383
3155,1.0094437278858808,-0.054325205992920435,0.006092239960535373,0.05463244098453297,0.47304677573834614
3156,1.0089004758259517,-0.05426428359331507,0.006298274368742862,0.05456506653278891,0.47295221882489485
3157,1.0083578329900185,-0.05420130084962763,0.0065037834595482735,0.0544956411800588,0.472857671886243
3158,1.0078158199815221,-0.05413626301503214,0.006708759744303294,0.054424171323686814,0.47276313540315035
3159,1.0072744573513719,-0.05406917541758911,0.006913195760995805,0.05435066343131474,0.47266860985509496
3160,1.006733765597196,-0.05400004345997915,0.007117084073516022,0.05427512404055299,0.4725740957201973
3161,1.006193765162596,-0.05392887261924401,0.007320417272931312,0.05419755975862422,0.47247959347515894
3162,1.0056544764364037,-0.053855668446514716,0.007523187977497847,0.05411797726201007,0.4723851035951952
3163,1.0051159197519386,-0.053780436566739726,0.007725388833398628,0.054036383296093796,0.4722906265539417
3164,1.0045781153862712,-0.05370318267840574,0.007927012514531151,0.05395278467480286,0.47219616282339316
3165,1.004041083559487,-0.053623912553260426,0.008128051722764984,0.053867188280276104,0.4721017128738583
3166,1.0035048444339545,-0.053542632036032774,0.008328499188494098,0.05377960106248693,0.4720072771738904
3167,1.0029694181135942,-0.05345934704414783,0.008528347670851144,0.05369003003888474,0.4719128561901924
3168,1.0024348246431527,-0.05337406356743934,0.008727589958041904,0.053598482294020394,0.47181845038755665
3169,1.0019010840074782,-0.05328678766785892,0.008926218867703617,0.053504964979189384,0.47172406022881475
3170,1.0013682161307997,-0.05319752547918187,0.009124227246177785,0.05340948531206422,0.4716296861747577
3171,1.0008362408760079,-0.05310628320672009,0.00932160797039533,0.05331205057631864,0.47153532868407844
3172,1.0003051780439407,-0.05301306712701613,0.009518353946132152,0.053212668121255004,0.47144098821330266
3173,0.9997750473726705,-0.05291788358755481,0.009714458111470536,0.05311134536142662,0.4713466652167183
3174,0.999245868536795,-0.05282073900644012,0.009909913432888384,0.053008089776257344,0.47125236014630745
3175,0.9987176611467306,-0.052721639872111224,0.01010471291024273,0.052902908909686464,0.47115807345170474
3176,0.9981904447480094,-0.05262059274300879,0.010298849571663826,0.052795810369755475,0.47106380558013566
3177,0.9976642388205793,-0.05251760424729215,0.010492316480272545,0.052686801828265864,0.47096955697633874
3178,0.9971390627781064,-0.05241268108248942,0.010685106726942006,0.052575891020325,0.47087532808247723
3179,0.9966149359672815,-0.05230583001521999,0.010877213439188238,0.05246308574404673,0.4707811193381405
3180,0.9960918776671293,-0.05219705788082813,0.01106862977120232,0.05234839386006306,0.4706869311802252
3181,0.9955699070883209,-0.052086371583116096,0.011259348915860501,0.05223182329124555,0.47059276404293826
3182,0.9950490433724898,-0.051973778093957486,0.01144936409151448,0.05211338202217432,0.470498618357644
3183,0.9945293055915502,-0.051859284453042345,0.01163866855810436,0.05199307809890093,0.470404494552926
3184,0.9940107127470198,-0.051742897767461306,0.011827255599634323,0.05187091962836674,0.4703103930543737
3185,0.9934932837693452,-0.05162462521146495,0.012015118543522996,0.05174691477822283,0.47021631428472405
3186,0.9929770375172305,-0.05150447402602972,0.012202250740756537,0.051621071776179216,0.47012225866358076
3187,0.9924619927769702,-0.051382451518622155,0.012388645587138314,0.05149339890989042,0.4700282266076299
3188,0.991948168261784,-0.05125856506275078,0.012574296502328997,0.05136390452620855,0.4699342185302238
3189,0.9914355826111565,-0.05113282209772749,0.012759196950433427,0.05123259703115667,0.4698402348417416
3190,0.9909242543901792,-0.05100523012822315,0.012943340421543992,0.051099484889113644,0.4697462759491162
3191,0.990414202088897,-0.050875796724007716,0.013126720448275175,0.05096457662282974,0.46965234225621805
3192,0.9899054441216569,-0.05074452951952496,0.013309330592789492,0.050827880812567595,0.46955843416332427
3193,0.9893979988264617,-0.050611436213597066,0.01349116445663101,0.050689406096135384,0.46946455206755155
3194,0.9888918844643257,-0.05047652456903076,0.013672215676052701,0.050549161168044074,0.46937069636234285
3195,0.9883871192186354,-0.05033980241227023,0.013852477922318696,0.0504071547794804,0.46927686743784874
3196,0.9878837211945127,-0.050201277633047034,0.014031944906441052,0.05026339573755019,0.4691830656805021
3197,0.9873817084181823,-0.050060958183982616,0.014210610371029053,0.05011789290512889,0.4690892914732805
3198,0.9868810988363425,-0.04991885208027233,0.014388468101942109,0.04997065520024497,0.4689955451954145
3199,0.9863819103155397,-0.04977496739925291,0.014565511915055618,0.049821691595746266,0.4689018272224555
3200,0.9858841606415472,-0.04962931228010236,0.014741735670450451,0.04967101111888583,0.4688081379262733
3201,0.9853878675187462,-0.04948189492339784,0.014917133260025917,0.0495186228507849,0.46871447767484903
3202,0.9848930485695122,-0.049332723590797586,0.015091698617697158,0.049364535926190764,0.4686208468324735
3203,0.9843997213336042,-0.0491818066046206,0.015265425712976122,0.04920875953279367,0.46852724575935817
3204,0.983907903267558,-0.049029152347490834,0.015438308554164837,0.04905130291108697,0.46843367481200865
3205,0.983417611744083,-0.04887476926194921,0.015610341190125665,0.04889217535363461,0.4683401343427658
3206,0.9829288640514635,-0.04871866585004796,0.015781517704701875,0.04873138620489972,0.46824662470013373
3207,0.9824416773929631,-0.048560850673000935,0.015951832225873375,0.048568944860601586,0.4681531462284452
3208,0.9819560688862331,-0.04840133235074221,0.016121278915401382,0.0484048607674095,0.46805969926800545
3209,0.9814720555627257,-0.04824011956158819,0.016289851979422454,0.04823914342244887,0.46796628415497143
3210,0.9809896543671097,-0.04807722104179396,0.01645754566005131,0.04807180237281386,0.4678729012212719
3211,0.9805088821566917,-0.04791264558519344,0.016624354241513983,0.04790284721525768,0.46777955079476496
3212,0.9800297557008398,-0.0477464020427783,0.016790272048028687,0.0477322875955475,0.4676862331988872
3213,0.979552291680412,-0.047578499322298025,0.01695529344209773,0.04756013320824651,0.46759294875295365
3214,0.979076506687189,-0.04740894638787705,0.01711941283028956,0.04738639379604622,0.4674996977717969
3215,0.9786024172233103,-0.047237752259574155,0.01728262465615804,0.04721107914949711,0.4674064805660285
3216,0.9781300397007145,-0.04706492601301256,0.01744492340839121,0.04703419910643764,0.46731329744180344
3217,0.9776593904405845,-0.04689047677892866,0.01760630361365423,0.04685576355158114,0.4672201487008394
3218,0.9771904856727952,-0.04671441374279213,0.017766759841919555,0.04667578241611572,0.4671270346404766
3219,0.9767233415353673,-0.04653674614437292,0.017926286704596228,0.04649426567712136,0.46703395555342725
3220,0.9762579740739236,-0.04635748327732695,0.018084878853621145,0.04631122335727399,0.46694091172803104
3221,0.9757943992411503,-0.046176634488790745,0.018242530985612404,0.046126665524215064,0.4668479034479385
3222,0.9753326328962624,-0.04599420917893461,0.018399237836573545,0.045940602290246976,0.46675493099233617
3223,0.974872690804473,-0.045810216800568876,0.01855499418749934,0.045753043811769,0.46666199463572644
3224,0.9744145886364673,-0.04562466685869388,0.018709794860136686,0.045564000288851374,0.4665690946479462
3225,0.9739583419678804,-0.045437568910092506,0.018863634720019395,0.04537348196480827,0.4664762312942603
3226,0.9735039662787796,-0.04524893256289231,0.01901650867685012,0.045181499125639304,0.46638340483511925
3227,0.9730514769531506,-0.045058767476123814,0.01916841168171035,0.04498806209968725,0.4662906155263931
3228,0.9726008892783894,-0.04486708335930671,0.01931933873133812,0.04479318125705381,0.4661978636190742
3229,0.9721522184447964,-0.044673889971993334,0.019469284864063463,0.04459686700922775,0.466105149359469
3230,0.9717054795450765,-0.0444791971233527,0.019618245163369463,0.04439912980856074,0.46601247298907494
3231,0.971260687573843,-0.04428301467171901,0.01976621475690693,0.04419998014778238,0.4659198347445154
3232,0.9708178574271258,-0.044085352524149926,0.019913188815503247,0.04399942855960146,0.4658272348577033
3233,0.9703770039018843,-0.043886220635994906,0.020059162556247123,0.04379748561613973,0.4657346735555549
3234,0.9699381416955244,-0.04368562901043243,0.020204131238477363,0.043594161928554295,0.4656421510602165
3235,0.96950128540542,-0.04348358769804766,0.020348090168119948,0.04338946814649271,0.4655496675888618
3236,0.9690664495284396,-0.043280106796366465,0.020491034695662436,0.043183414957639187,0.4654572233537761
3237,0.968633648460476,-0.04307519644940981,0.02063296021677652,0.042976013087268464,0.46536481856237527
3238,0.9682028964959819,-0.04286886684724206,0.020773862173227853,0.04276727329769968,0.4652724534170103
3239,0.9677742078275094,-0.04266112822550978,0.020913736050650056,0.04255720638791488,0.465180128115185
3240,0.9673475965452544,-0.042451990865003286,0.02105257738177546,0.042345823192991634,0.46508784284933463
3241,0.9669230766366044,-0.04224146509118554,0.021190381744524422,0.04213313458366623,0.4649955978069449
3242,0.9665006619856925,-0.04202956127374029,0.021327144763150507,0.04191915146584529,0.46490339317051727
3243,0.9660803663729551,-0.041816289826108785,0.0214628621083085,0.0417038847801017,0.4648112291174615
3244,0.965662203474694,-0.0416016612050257,0.021597529496168166,0.04148734550125224,0.46471910582026765
3245,0.9652461868626437,-0.041385685910064016,0.021731142689882244,0.04126954463780483,0.46462702344626533
3246,0.9648323300035431,-0.04116837448316519,0.021863697499227286,0.04105049323152049,0.46453498215780653
3247,0.9644206462587114,-0.040949737508172934,0.021995189781026936,0.0408302023569085,0.4644429821121993
3248,0.9640111488836296,-0.04072978561036267,0.022125615439635427,0.040608683120736386,0.4643510234616173
3249,0.963603851027526,-0.04050852945596632,0.022254970425459597,0.04038594666157473,0.4642591063532606
3250,0.9631987657329664,-0.040285979751711706,0.022383250736595917,0.040162004149276426,0.46416723092912865
3251,0.9627959059354493,-0.04006214724434576,0.02251045241837002,0.039936866784506364,0.46407539732622943
3252,0.9623952844630058,-0.03983704272016207,0.022636571564133567,0.039710545798241875,0.46398360567646263
3253,0.9619969140358042,-0.039610677004520735,0.022761604314824047,0.039483052451271476,0.4638918561065734
3254,0.961600807265759,-0.039383060961372486,0.02288554685900529,0.039254398033747105,0.463800148738323
3255,0.9612069766561453,-0.03915420549278243,0.023008395433020967,0.03902459386465764,0.4637084836882522
3256,0.9608154346012174,-0.038924121538452226,0.02313014632139926,0.03879365129135683,0.4636168610678711
3257,0.9604261933858329,-0.03869282007523823,0.023250795857267526,0.03856158168905459,0.4635252809835878
3258,0.9600392651850805,-0.038460312116665556,0.023370340422189106,0.03832839646033231,0.4634337435366562
3259,0.9596546620639139,-0.03822660871244365,0.023488776446538573,0.03809410703466053,0.46334224882334024
3260,0.9592723959767895,-0.037991720947978265,0.023606100408436193,0.0378587248678978,0.4632507969346819
3261,0.9588924787673097,-0.03775565994389391,0.023722308834861483,0.037622261441799726,0.46315938795668554
3262,0.9585149221678707,-0.03751843685554528,0.023837398302105073,0.037384728263516166,0.46306802197029895
3263,0.9581397377993153,-0.03728006287252423,0.02395136543539983,0.03714613686509513,0.46297669905129024
3264,0.95776693717059,-0.03704054921817024,0.024064206909240604,0.03690649880298944,0.4628854192704617
3265,0.9573965316784083,-0.036799907149077826,0.02417591944693598,0.03666582565757882,0.46279418269344275
3266,0.9570285326069176,-0.036558147954608475,0.02428649982054082,0.03642412903266323,0.4627029893808234
3267,0.9566629511273714,-0.03631528295640306,0.024395944852778073,0.03618142055495814,0.46261183938817857
3268,0.9562997982978074,-0.036071323507875286,0.02450425141494239,0.035937711873599516,0.4625207327659263
3269,0.9559390850627286,-0.035826280993725874,0.024611416429197452,0.03569301465965125,0.46242966955956866
3270,0.9555808222527914,-0.035580166829433886,0.02471743686684763,0.03544734060561212,0.4623386498094997
3271,0.9552250205844971,-0.035332992460765406,0.024822309748151195,0.035200701424928406,0.46224767355106444
3272,0.9548716906598894,-0.035084769363283905,0.024926032144280963,0.0349531088514615,0.46215674081468355
3273,0.9545208429662566,-0.034835509041841094,0.02502860117595318,0.03470457463902438,0.4620658516256773
3274,0.9541724878758382,-0.034585223030081554,0.025130014014511926,0.03445511056084617,0.4619750060044693
3275,0.9538266356455374,-0.03433392288993643,0.025230267881846957,0.03420472840910172,0.4618842039664784
3276,0.953483296416638,-0.03408162021111798,0.025329360048410854,0.03395343999442449,0.4617934455221038
3277,0.9531424802145269,-0.03382832661063385,0.025427287836425616,0.03370125714537734,0.4617027306769224
3278,0.9528041969484206,-0.0335740537322696,0.025524048618179584,0.03344819170797113,0.461612059431474
3279,0.9524684564110979,-0.03331881324608779,0.025619639816399364,0.03319425554515155,0.461521431781433
3280,0.952135268278637,-0.0330626168479238,0.025714058905801918,0.03293946053629917,0.461430847717634
3281,0.9518046421101578,-0.03280547625886578,0.025807303409965954,0.0326838185767713,0.4613403072259266
3282,0.9514765873475691,-0.03254740322476613,0.02589937090368366,0.032427341577350964,0.4612498102874161
3283,0.9511511133153214,-0.0322884095157293,0.025990259012974304,0.03217004146377072,0.46115935687830295
3284,0.9508282292201642,-0.032028506925599554,0.026079965413726425,0.03191193017621195,0.4610689469699641
3285,0.9505079441509082,-0.031767707271462296,0.026168487834894588,0.03165301966877398,0.4609785805290895
3286,0.9501902670781937,-0.03150602239311334,0.026255824054906285,0.03139332190903067,0.4608882575174602
3287,0.9498752068542625,-0.031243464152564276,0.026341971902510142,0.031132848877500174,0.4607979778921819
3288,0.9495627722127369,-0.030980044433539168,0.02642692925924936,0.030871612567140515,0.4607077416056596
3289,0.9492529717684015,-0.03071577514094668,0.02651069405626122,0.030609624982876605,0.46061754860549825
3290,0.9489458140169921,-0.030450668200384067,0.02659326427748271,0.030346898141042012,0.4605273988347541
3291,0.9486413073349882,-0.030184735557609234,0.026674637958197106,0.030083444068941173,0.460437292231755
3292,0.948339459979412,-0.02991798917802726,0.026754813183169773,0.029819274804347998,0.4603472287301875
3293,0.9480402800876317,-0.029650441046195575,0.026833788090165483,0.029554402394958972,0.46025720825924055
3294,0.9477437756771698,-0.029382103165293928,0.026911560867363127,0.029288838897949598,0.4601672307433957
3295,0.9474499546455168,-0.029112987556620284,0.026988129754120793,0.029022596379421575,0.4600772961026834
3296,0.9471588247699506,-0.028843106259079068,0.027063493043753273,0.028755686913923637,0.4599874042526501
3297,0.9468703937073598,-0.028572471328641536,0.02713764907827418,0.028488122583994073,0.4598975551042295
3298,0.9465846689940735,-0.02830109483785879,0.027210596251912023,0.028219915479604334,0.45980774856403595
3299,0.9463016580456949,-0.028028988875339673,0.027282333011236226,0.027951077697702935,0.45971798453419244
3300,0.9460213681569415,-0.027756165545227317,0.02735285785271574,0.027681621341711062,0.4596282629123968
3301,0.9457438065014893,-0.027482636966700166,0.02742216932703101,0.027411558520966054,0.4595385835921125
3302,0.9454689801318222,-0.02720841527342985,0.027490266035530564,0.027140901350321257,0.4594489464623384
3303,0.945196895979088,-0.026933512613074535,0.02755714662946135,0.026869661949597987,0.4593593514078376
3304,0.9449275608529573,-0.02665794114677992,0.027622809814194516,0.026597852443080355,0.459269798309168
3305,0.9446609814414895,-0.026381713048637973,0.027687254344650608,0.0263254849590663,0.45918028704252234
3306,0.9443971643110031,-0.026104840505191476,0.027750479028008507,0.026052571629292254,0.4590908174800295
3307,0.9441361159059511,-0.025827335714911394,0.02781248272541642,0.02577912458849543,0.45900138948964564
3308,0.943877842548802,-0.02554921088765722,0.02787326434667642,0.025505155973945644,0.45891200293510676
3309,0.9436223504399255,-0.02527047824419045,0.02793282285425705,0.025230677924872862,0.458822657676209
3310,0.9433696456574836,-0.02499115001564788,0.027991157263115574,0.02495570258205439,0.4587333535685973
3311,0.9431197341573271,-0.024711238443016714,0.028048266637611813,0.02468024208728002,0.4586440904639081
3312,0.9428726217728969,-0.024430755776640608,0.02810415009722511,0.024404308582815937,0.45855486820992947
3313,0.9426283142151305,-0.024149714275668355,0.02815880681179772,0.02412791421101248,0.4584656866503621
3314,0.9423868170723738,-0.023868126207550376,0.028212236000856178,0.023851071113751354,0.45837654562509283
3315,0.9421481358102983,-0.023586003847541812,0.028264436938408022,0.02357379143194909,0.4582874449702083
3316,0.9419122757718229,-0.02330335947815774,0.02831540894792428,0.02329608730512911,0.4581983845178401
3317,0.9416792421770414,-0.023020205388678498,0.028365151404567274,0.023017970870822677,0.45810936409647857
3318,0.9414490401231546,-0.022736553874632814,0.02841366373818835,0.02273945426415829,0.4580203835308653
3319,0.9412216745844082,-0.02245241723725093,0.028460945426759532,0.02246054961740049,0.45793144264195557
3320,0.9409971504120357,-0.022167807782983336,0.02850699600054657,0.02218126905937122,0.45784254124720575
3321,0.9407754723342059,-0.021882737822977873,0.028551815042762718,0.021901624715050895,0.4577536791603697
3322,0.9405566449559761,-0.02159721967255025,0.028595402185313812,0.02162162870506086,0.4576648561916147
3323,0.9403406727592506,-0.021311265650697107,0.028637757114462342,0.021341293145108704,0.4575760721477461
3324,0.9401275601027437,-0.021024888079552478,0.028678879568264926,0.021060630145625016,0.45748732683194
3325,0.9399173112219481,-0.02073809928386983,0.02871876933272538,0.02077965181121608,0.45739862004397946
3326,0.9397099302291094,-0.020450911590542575,0.028757426248140483,0.020498370240158853,0.45730995158037163
3327,0.939505421113204,-0.02016333732806118,0.02879485020503128,0.02021679752400135,0.45722132123412434
3328,0.9393037877399234,-0.019875388826010868,0.028831041143658892,0.019934945746976573,0.4571327287950543
3329,0.9391050338516633,-0.019587078414574268,0.028865999059412006,0.019652826985553717,0.4570441740497655
3330,0.9389091630675176,-0.01929841842398015,0.028899723996293897,0.019370453308043708,0.4569556567815294
3331,0.9387161788832777,-0.01900942118401722,0.0289322160481309,0.019087836774005332,0.45686717677060584
3332,0.9385260846714376,-0.018720099023535906,0.02896347536293767,0.018804989433832586,0.4567787337941097
3333,0.9383388836812022,-0.018430464269906528,0.02899350213681401,0.018521923328297676,0.4566903276259933
3334,0.9381545790385032,-0.018140529248538387,0.02902229661752284,0.01823865048796454,0.4566019580373827
3335,0.9379731737460179,-0.017850306282363157,0.02904985910699931,0.01795518293282661,0.45651362479634616
3336,0.9377946706831942,-0.017559807691293162,0.029076189953784748,0.01767153267182784,0.4564253276679687
3337,0.9376190726062813,-0.01726904579175531,0.029101289558002563,0.017387711702300284,0.45633706641464683
3338,0.9374463821483637,-0.01697803289617528,0.029125158372495796,0.017103732009602177,0.45624884079583067
3339,0.937276601819402,-0.016686781312450324,0.029147796897397438,0.016819605566589957,0.4561606505681983
3340,0.9371097340062775,-0.01639530334347636,0.02916920568612244,0.016535344333082274,0.4560724954858556
3341,0.9369457809728428,-0.01610361128661513,0.029189385343476107,0.01625096025553521,0.4559843753000858
3342,0.9367847448599766,-0.01581171743318037,0.02920833652074052,0.01596646526649756,0.45589628975961044
3343,0.9366266276856449,-0.015519634067972951,0.02922605992221515,0.015681871284108147,0.45580823861068887
3344,0.9364714313449651,-0.015227373468750798,0.02924255630243379,0.015397190211735422,0.4557202215968974
3345,0.9363191576102776,-0.01493494790572647,0.029257826463422523,0.015112433937403776,0.4556322384594487
3346,0.9361698081312203,-0.01464236964109224,0.02927187126127391,0.014827614333347562,0.45554428893722243
3347,0.9360233844348094,-0.01434965092847951,0.029284691600998947,0.014542743255652848,0.45545637276656653
3348,0.9358798879255246,-0.014056804012469526,0.02929628843416611,0.014257832543679854,0.45536848968164595
3349,0.9357393198853998,-0.013763841128127858,0.029306662765724023,0.013972894019641037,0.4552806394144012
3350,0.9356016814741186,-0.013470774500470618,0.029315815648979712,0.01368793948820418,0.45519282169442205
3351,0.9354669737291139,-0.013177616343980817,0.029323748185193926,0.013402980735905415,0.45510503624930854
3352,0.9353351975656741,-0.012884378862128872,0.0293304615293747,0.013118029530773912,0.455017282804534
3353,0.9352063537770527,-0.012591074246835117,0.02933595688314035,0.012833097621941151,0.45492956108340654
3354,0.9350804430345844,-0.012297714678003726,0.029340235495403447,0.01254819673905772,0.45484187080742483
3355,0.9349574658878044,-0.012004312323049689,0.029343298668271442,0.012263338591922076,0.4547542116960826
3356,0.9348374227645738,-0.011710879336366976,0.029345147750261952,0.011978534870049982,0.4546665834668843
3357,0.9347203139712101,-0.01141742785886435,0.02934578413834689,0.011693797242103586,0.45457898583569706
3358,0.9346061396926215,-0.01112397001748088,0.029345209282514925,0.011409137355568413,0.45449141851652824
3359,0.9344948999924467,-0.010830517924655737,0.02934342467773618,0.011124566836314994,0.4544038812215689
3360,0.9343865948132002,-0.010537083677878369,0.02934043186640055,0.010840097288032306,0.45431637366152955
3361,0.9342812239764214,-0.010243679359214355,0.02933623244340225,0.010555740291902708,0.4542288955454007
3362,0.9341787871828293,-0.009950317034780337,0.02933082804890977,0.010271507406134554,0.45414144658055355
3363,0.9340792840124815,-0.009657008754291246,0.029324220371520493,0.009987410165417092,0.4540540264730402
3364,0.9339827139249386,-0.009363766550576035,0.029316411151696434,0.009703460080628125,0.4539666349273226
3365,0.9338890762594328,-0.009070602439059076,0.029307402173555583,0.009419668638372531,0.4538792716464336
3366,0.9337983702350423,-0.00877752841732352,0.029297195268861292,0.009136047300435126,0.4537919363322509
3367,0.933710594950869,-0.008484556464634899,0.029285792320996838,0.008852607503475012,0.45370462868521133
3368,0.9336257493862227,-0.008191698541424935,0.02927319525736858,0.008569360658545279,0.45361734840449625
3369,0.9335438324008084,-0.00789896658885126,0.02925940605360576,0.008286318150576524,0.45353009518829135
3370,0.9334648427349199,-0.007606372528315188,0.029244426736011533,0.008003491338102159,0.4534428687335104
3371,0.9333887790096368,-0.007313928260955079,0.02922825937366421,0.007720891552774467,0.45335566873597755
3372,0.9333156397270272,-0.007021645667218434,0.029210906082678956,0.00743853009884347,0.4532684948906746
3373,0.9332454232703551,-0.006729536606391642,0.029192369029942787,0.007156418252871132,0.45318134689147027
3374,0.9331781279042912,-0.006437612916092213,0.029172650425510413,0.006874567263240012,0.4530942244313301
3375,0.9331137517751303,-0.006145886411837108,0.029151752526957175,0.006592988349663683,0.4530071272025323
3376,0.933052292911012,-0.005854368886567532,0.029129677641461134,0.006311692702918445,0.4529200548963915
3377,0.9329937492221463,-0.005563072110152927,0.029106428117885302,0.00603069148436346,0.4528330072034959
3378,0.9329381185010448,-0.005272007828974071,0.02908200635164438,0.0057499958254325564,0.4527459838139144
3379,0.9328853984227551,-0.00498118776545763,0.029056414788056067,0.0054696168273590225,0.45265898441691277
3380,0.9328355865451005,-0.004690623617577078,0.02902965591467556,0.005189565560690625,0.4525720087011864
3381,0.9327886803089247,-0.004400327058430328,0.029001732265302796,0.004909853064817257,0.4524850563550754
3382,0.9327446770383404,-0.004110309735777282,0.028972646422655776,0.0046304903477156776,0.45239812706629456
3383,0.9327035739409827,-0.003820583271550733,0.02894240101034118,0.004351488385467028,0.45231122052213796
3384,0.9326653681082672,-0.0035311592614473268,0.028910998697161232,0.004072858121764249,0.4522243364097044
3385,0.9326300565156527,-0.003242049274475714,0.02887844220117621,0.0037946104676490414,0.4521374744156316
3386,0.9325976360229079,-0.002953264852463958,0.028844734281968515,0.003516756301045501,0.45205063422630487
3387,0.9325681033743832,-0.0026648175096442585,0.028809877743845726,0.003239306466287463,0.45196381552807663
3388,0.9325414551992868,-0.0023767187322058098,0.028773875439212563,0.002962271773874639,0.45187701800699087
3389,0.9325176880119647,-0.0020889799778136897,0.02873673026051446,0.0026856630000127992,0.4517902413489986
3390,0.9324967982121866,-0.001801612675208541,0.02869844514413986,0.002409490886118711,0.45170348524018733
3391,0.9324787820854344,-0.0015146282237671381,0.028659023074920336,0.0021337661385670975,0.4516167493665034
3392,0.9324636358031968,-0.0012280379930179296,0.028618467078515772,0.0018584994282518376,0.45153003341393433
3393,0.9324513554232666,-0.0009418533222327693,0.028576780223441817,0.00158370139011277,0.4514433370687695
3394,0.9324419368900443,-0.0006560855199983533,0.028533965625571922,0.0013093826229024844,0.45135666001733976
3395,0.9324353760348443,-0.0003707458637426379,0.028490026440407518,0.0010355536887456285,0.45127000194615213
3396,0.9324316685762069,-8.584559933856351e-05,0.028444965865452917,0.0007622251126469991,0.4511833625421723
3397,0.9324308101202134,0.00019860405931597044,0.02839878714567984,0.0004894073822455528,0.45109674149257256
3398,0.9324327961608067,0.00048259193077276067,0.028351493566688295,0.00021711094741175068,0.45101013848485383
3399,0.9324376220801144,0.0007661068664396486,0.028303088454935798,-5.465378023331714e-05,0.45092355320712807
3400,0.9324452831487787,0.0010491377509890033,0.02825357518292863,-0.0003258764275497984,0.450836985347882
3401,0.9324557745262886,0.0013316735028182879,0.02820295716286272,-0.0005965466602777928,0.4507504345960612
3402,0.9324690912613167,0.0016137030744469258,0.02815123784677031,-0.0008666541835323766,0.45066390064139017
3403,0.9324852282920612,0.0018952154529146286,0.028098420732970263,-0.001136188742056759,0.4505773831741335
3404,0.9325041804465903,0.002176199660244334,0.02804450936039019,-0.0014051401205785138,0.45049088188514685
3405,0.9325259424431928,0.002456644753848226,0.027989507306676494,-0.0016734981442864897,0.45040439646619623
3406,0.9325505088907312,0.00273653982691499,0.027933418193797684,-0.0019412526790810163,0.45031792660979075
3407,0.9325778742890004,0.0030158740088529626,0.02787624568393432,-0.0022083936319183027,0.4502314720091529
3408,0.9326080330290889,0.003294636465692307,0.02781799347716425,-0.0024749109513069693,0.4501450323585443
3409,0.9326409793937458,0.003572816400463956,0.02775866531741368,-0.0027407946275759005,0.45005860735314385
3410,0.9326767075577505,0.0038504030536380784,0.027698264990164666,-0.003006034693177931,0.4499721966889827
3411,0.9327152115882869,0.004127385703539734,0.027636796317533248,-0.0032706212231548948,0.4498858000632623
3412,0.9327564854453223,0.004403753666715078,0.027574263163615415,-0.003534544335423359,0.44979941717427563
3413,0.9328005229819895,0.004679496298351223,0.02751066943314579,-0.003797794191063413,0.4497130477212963
3414,0.932847317944973,0.004954602992682671,0.02744601906725444,-0.004060360994783493,0.4496266914048881
3415,0.9328968639748998,0.005229063183355221,0.02738031604822059,-0.004322234995244248,0.44954034792689074
3416,0.9329491546067333,0.005502866343837425,0.027313564400246772,-0.004583406485296954,0.4494540169902525
3417,0.9330041832701718,0.005776001987839883,0.027245768183066683,-0.004843865802421093,0.4493676982993045
3418,0.9330619432900502,0.006048459669670545,0.027176931495124824,-0.00510360332905279,0.4492813915598505
3419,0.9331224278867469,0.006320228984621797,0.02710705847611166,-0.005362609492829463,0.44919509647894285
3420,0.9331856301765932,0.006591299569382924,0.027036153301159896,-0.005620874767010105,0.4491088127651037
3421,0.933251543172287,0.006861661102394517,0.02696422018339934,-0.005878389670845747,0.4490225401284877
3422,0.933320159783311,0.0071313033042285055,0.02689126337747736,-0.006135144769784243,0.44893627828064847
3423,0.9333914728163533,0.007400215938003288,0.02681728717355506,-0.006391130675843955,0.4488500269347123
3424,0.9334654749757333,0.007668388809738847,0.026742295897300393,-0.006646338048002506,0.44876378580558735
3425,0.9335421588638306,0.007935811768711842,0.026666293914522285,-0.006900757592408186,0.44867755460972863
3426,0.9336215169815177,0.008202474707857068,0.026589285626853407,-0.007154380062736839,0.44859133306525795
3427,0.9337035417285963,0.008468367564125612,0.026511275471024567,-0.007407196260596843,0.4485051208922107
3428,0.9337882254042376,0.008733480318835866,0.026432267923387903,-0.007659197035737672,0.4484189178123381
3429,0.9338755602074259,0.008997802998069739,0.026352267496649595,-0.0079103732863452,0.44833272354913295
3430,0.9339655382374066,0.009261325673036232,0.02627127873660165,-0.008160715959449203,0.44824653782812485
3431,0.934058151494137,0.009524038460402246,0.02618930622617921,-0.00841021605115852,0.44816036037674184
3432,0.934153391878741,0.00978593152266404,0.026106354585735958,-0.008658864606940658,0.4480741909242418
3433,0.9342512511939677,0.01004699506852139,0.026022428468249967,-0.008906652722021978,0.44798802920199504
3434,0.9343517211446529,0.010307219353203887,0.025937532563062304,-0.009153571541642893,0.4479018749434439
3435,0.9344547933381849,0.010566594678834515,0.025851671596959155,-0.009399612261280856,0.44781572788397783
3436,0.9345604592849732,0.010825111394804106,0.025764850328365424,-0.009644766127019347,0.44772958776117017
3437,0.9346687103989213,0.011082759898087758,0.025677073549369434,-0.0098890244358637,0.4476434543148305
3438,0.9347795379979021,0.011339530633581448,0.025588346089307074,-0.01013237853593657,0.44755732728682274
3439,0.934892933304238,0.011595414094474529,0.02549867280995835,-0.010374819826833862,0.447471206421258
3440,0.9350088874451827,0.011850400822574117,0.02540805860579476,-0.010616339759952458,0.44738509146463584
3441,0.9351273914534085,0.012104481408632054,0.0253165084078983,-0.01085692983866084,0.44729898216563607
3442,0.9352484362674949,0.012357646492711033,0.02522402717941484,-0.011096581618603513,0.44721287827523454
3443,0.935372012732422,0.012609886764505179,0.02513061991406426,-0.011335286708062798,0.44712677954693464
3444,0.935498111600067,0.012861192963645818,0.025036291640439662,-0.01157303676815046,0.44704068573656197
3445,0.9356267235297034,0.01311155588005022,0.024941047420950074,-0.01180982351307585,0.4469545966022877
3446,0.935757839088504,0.013360966354259722,0.024844892347800004,-0.012045638710506075,0.44686851190488946
3447,0.9358914487520466,0.013609415277737725,0.02474783154654249,-0.012280474181757959,0.44678243140763296
3448,0.9360275429048239,0.013856893593203145,0.024649870176407657,-0.012514321802019668,0.44669635487621423
3449,0.9361661118407559,0.014103392294967232,0.024551013424964213,-0.012747173500698728,0.4466102820789833
3450,0.9363071457637056,0.014348902429216872,0.024451266511120243,-0.012979021261680676,0.4465242127869324
3451,0.9364506347879977,0.014593415094328066,0.02435063468778975,-0.013209857123505581,0.4464381467735638
3452,0.936596568938941,0.014836921441205965,0.02424912323725041,-0.01343967317968979,0.4463520838150705
3453,0.9367449381533531,0.015079412673578478,0.024146737471275742,-0.013668461579003777,0.4462660236904395
3454,0.9368957322800889,0.015320880048291232,0.02404348273457306,-0.01389621452561456,0.4461799661812587
3455,0.9370489410805718,0.015561314875636955,0.02393936440079812,-0.014122924279379105,0.4460939110718433
3456,0.9372045542293281,0.01580070851964493,0.023834387871142504,-0.01434858315615897,0.44600785814942095
3457,0.9373625613145246,0.016039052398356363,0.023728558578848397,-0.014573183527981383,0.44592180720393715
3458,0.9375229518385081,0.01627633798414484,0.023621881987474086,-0.0147967178232724,0.44583575802808745
3459,0.9376857152183495,0.016512556804019588,0.023514363587451015,-0.015019178527172291,0.44574971041754313
3460,0.9378508407863897,0.016747700439894108,0.02340600889860392,-0.015240558181702746,0.44566366417085174
3461,0.9380183177907886,0.016981760528880143,0.023296823471219696,-0.01546084938595721,0.44557761908936483
3462,0.9381881353960774,0.01721472876359233,0.02318681288116825,-0.015680044796421908,0.44549157497742736
3463,0.9383602826837133,0.017446596892404014,0.023075982732305156,-0.01589813712718896,0.4454055316423946
3464,0.9385347486526373,0.01767735671972706,0.022964338659074157,-0.01611511915010979,0.44531948889449113
3465,0.9387115222198346,0.017907000106317805,0.022851886322415582,-0.01633098369506125,0.445233446546949
3466,0.9388905922208978,0.01813551896954196,0.022738631409189858,-0.01654572365020102,0.44514740441613415
3467,0.9390719474105932,0.018362905283633855,0.022624579634878683,-0.016759331962086944,0.44506136232136284
3468,0.9392555764634295,0.018589151079982644,0.022509736741763292,-0.016971801635926424,0.4449753200849753
3469,0.9394414679742293,0.018814248447400275,0.02239410849655718,-0.017183125735854936,0.44488927753251856
3470,0.9396296104587033,0.01903818953236585,0.02227770069369195,-0.01739329738507496,0.4448032344925942
3471,0.9398199923540269,0.019260966539302767,0.022160519155311337,-0.017602309766041324,0.444717190796843
3472,0.9400126020194199,0.019482571730855883,0.02204256972723584,-0.017810156120722065,0.4446311462801338
3473,0.9402074277367285,0.019702997428128245,0.021923858280453318,-0.018016829750774035,0.44454510078054216
3474,0.9404044577110098,0.01992223601093277,0.021804390712671234,-0.018222324017685875,0.4444590541392151
3475,0.940603680071119,0.020140279918059473,0.021684172945610897,-0.01842663234303698,0.4443730062005097
3476,0.9408050828702996,0.020357121647515585,0.021563210924585435,-0.01862974820870885,0.44428695681209013
3477,0.9410086540867748,0.020572753756761455,0.0214415106214684,-0.01883166515699606,0.44420090582476046
3478,0.9412143816243425,0.020787168862976126,0.021319078032534244,-0.019032376790813727,0.4441148530925332
3479,0.9414222533129722,0.021000359643301474,0.021195919176042327,-0.019231876773922157,0.44402879847278837
3480,0.9416322569094052,0.021212318835061902,0.021072040094352457,-0.019430158831059613,0.4439427418261365
3481,0.9418443800977558,0.021423039236005425,0.020947446854206186,-0.019627216748105344,0.4438566830163986
3482,0.9420586104901159,0.021632513704547492,0.020822145544391324,-0.019823044372322213,0.4437706219107703
3483,0.9422749356271614,0.021840735159991395,0.020696142276112883,-0.02001763561250195,0.44368455837977844
3484,0.9424933429787613,0.022047696582752522,0.020569443185239067,-0.02021098443908255,0.4435984922971774
3485,0.9427138199445888,0.022253391014604912,0.020442054428952416,-0.020403084884354147,0.4435124235400755
3486,0.9429363538547348,0.022457811558894442,0.020313982185034413,-0.02059393104264083,0.4434263519890222
3487,0.9431609319703238,0.022660951380744785,0.020185232653964907,-0.02078351707041733,0.4433402775278359
3488,0.9433875414841313,0.022862803707284423,0.020055812058350497,-0.020971837186472022,0.4432542000436466
3489,0.9436161695212041,0.02306336182786794,0.019925726641005503,-0.02115888567211992,0.4431681194270537
3490,0.9438468031394828,0.023262619094277986,0.01979498266574148,-0.021344656871298894,0.4430820355720139
3491,0.9440794293304255,0.023460568920935412,0.01966358641882368,-0.02152914519069755,0.4429959483757936
3492,0.9443140350196348,0.02365720478512364,0.019531544205353968,-0.021712345099946663,0.4429098577391106
3493,0.9445506070674861,0.023852520227177182,0.019398862349548074,-0.021894251131763846,0.44282376356612285
3494,0.9447891322697578,0.02404650885067266,0.01926554719701462,-0.02207485788205838,0.4427376657643116
3495,0.9450295973582645,0.0242391643226428,0.019131605112899797,-0.022254160010086173,0.4426515642445613
3496,0.945271989001491,0.024430480373771792,0.018997042480833337,-0.022432152238627764,0.4425654589212507
3497,0.9455162938052287,0.024620450798580128,0.018861865703822256,-0.022608829354055407,0.4424793497121207
3498,0.9457624983132146,0.024809069455618355,0.018726081204794853,-0.02278418620646085,0.4423932365382887
3499,0.9460105890077708,0.024996330267666296,0.018589695423412572,-0.022958217709835308,0.44230711932437555
3500,0.9462605523104475,0.02518222722190042,0.018452714817014798,-0.023130918842168485,0.44222099799842896
3501,0.9465123745826665,0.025366754370070573,0.018315145862728976,-0.023302284645548593,0.44213487249183825
3502,0.9467660421263672,0.025549905828697872,0.01817699505475917,-0.02347231022630279,0.4420487427394417
3503,0.9470215411846541,0.02573167577924547,0.018038268904090465,-0.023640990755136256,0.44196260867958
3504,0.9472788579424466,0.025912058468286363,0.01789897393933912,-0.023808321467183723,0.44187647025395493
3505,0.9475379785271295,0.02609104820767975,0.017759116706564243,-0.02397429766213226,0.4417903274076669
3506,0.9477988890092063,0.026268639374745387,0.017618703766741073,-0.02413891470438167,0.4417041800893131
3507,0.9480615754029538,0.026444826412412803,0.01747774169714708,-0.024302168023106585,0.44161802825089713
3508,0.9483260236670779,0.026619603829384275,0.017336237092678425,-0.024464053112350535,0.4415318718477819
3509,0.9485922197053717,0.026792966200311054,0.017194196563083547,-0.024624565531147564,0.4414457108387737
3510,0.9488601493673747,0.02696490816594189,0.01705162673307739,-0.024783700903625493,0.44135954518614323
3511,0.9491297984490341,0.02713542443327266,0.01690853424298311,-0.024941454919048815,0.4412733748555097
3512,0.9494011526933669,0.027304509775702496,0.016764925748179865,-0.02509782333193365,0.44118719981588445
3513,0.9496741977911239,0.027472159033184312,0.016620807917476083,-0.025252801962174654,0.44110102003974594
3514,0.9499489193814558,0.02763836711235906,0.016476187434267126,-0.02540638669508341,0.4410148355029248
3515,0.9502253030525794,0.027803128986701727,0.01633107099738948,-0.025558573481470687,0.44092864618458605
3516,0.9505033343424464,0.027966439696675616,0.016185465318456632,-0.02570935833774503,0.44084245206732
3517,0.9507829987394132,0.028128294349860195,0.016039377122284287,-0.02585873734598634,0.4407562531371266
3518,0.9510642816829118,0.02828868812108304,0.015892813147187768,-0.026006706653986158,0.44067004938330595
3519,0.9513471685641226,0.028447616252554916,0.015745780144368338,-0.026153262475341943,0.4405838407984966
3520,0.9516316447266482,0.0286050740539986,0.015598284877033908,-0.026298401089555792,0.4404976273787476
3521,0.9519176954671882,0.028761056902768936,0.015450334120776371,-0.02644211884205376,0.44041140912341237
3522,0.9522053060362159,0.02891556024397671,0.015301934664455896,-0.026584412144254218,0.4403251860351151
3523,0.9524944616386557,0.02906857959062126,0.01515309330773637,-0.02672527747364066,0.44023895811983776
3524,0.9527851474345619,0.029220110523698623,0.015003816861459685,-0.026864711373812567,0.4401527253868961
3525,0.9530773485397989,0.029370148692313216,0.014854112147918153,-0.027002710454521957,0.4400664878488406
3526,0.953371050026722,0.0295186898137924,0.01470398600036657,-0.02713927139173467,0.4399802455214872
3527,0.9536662369248599,0.029665729673796066,0.01455344526244795,-0.027274390927707563,0.4398939984239709
3528,0.9539628942215979,0.02981126412642054,0.014402496788074037,-0.02740806587099089,0.4398077465786388
3529,0.9542610068628621,0.02995528909430128,0.014251147442219392,-0.027540293096476622,0.43972149001104
3530,0.954560559753805,0.030097800568723486,0.014099404098929097,-0.027671069545450042,0.43963522874999056
3531,0.9548615377594922,0.030238794609712776,0.013947273641233826,-0.02780039222562291,0.4395489628275379
3532,0.9551639257055894,0.03037826734612511,0.013794762961630291,-0.02792825821115791,0.4394626922788598
3533,0.9554677083790506,0.030516214975741415,0.013641878961688642,-0.02805466464270219,0.4393764171422956
3534,0.955772870528808,0.0306526337653583,0.013488628551461684,-0.02817960872744196,0.43929013745940654
3535,0.9560793968664616,0.030787520050872902,0.013335018649192898,-0.0283030877390939,0.4392038532748601
3536,0.9563872720669703,0.03092087023736484,0.013181056181890971,-0.028425099017925184,0.4391175646364067
3537,0.9566964807693439,0.031052680799183753,0.013026748083801859,-0.028545639970788437,0.43903127159494276
3538,0.9570070075773357,0.03118294828002176,0.01287210129605379,-0.028664708071137742,0.43894497420447803
3539,0.9573188370601359,0.03131166929298229,0.012717122767435807,-0.028782300859034143,0.4388586725220389
3540,0.9576319537530656,0.03143884052065665,0.012561819453807133,-0.028898415941155955,0.4387723666076814
3541,0.9579463421582722,0.03156445871519473,0.012406198317587158,-0.02901305099082748,0.4386860565245352
3542,0.9582619867454242,0.0316885206983706,0.012250266327454296,-0.029126203747999995,0.4385997423387235
3543,0.9585788719524079,0.031811023361645145,0.012094030458482397,-0.029237872019247,0.4385134241193245
3544,0.9588969821860244,0.03193196366622997,0.011937497691288657,-0.029348053677784938,0.43842710193840806
3545,0.9592163018226867,0.03205133864314286,0.011780675011252573,-0.02945674666346716,0.4383407758710129
3546,0.9595368152091182,0.03216914539325538,0.011623569409451862,-0.029563948982771707,0.43825444599504715
3547,0.9598585066630507,0.03228538108734991,0.011466187882030465,-0.02966965870879291,0.43816811239130526
3548,0.9601813604739242,0.03240004296617021,0.01130853742959792,-0.029773873981240904,0.4380817751435045
3549,0.960505360903586,0.03251312834046619,0.011150625057107233,-0.029876593006415434,0.43799543433820104
3550,0.9608304921869906,0.03262463459103725,0.010992457773457698,-0.029977814057174573,0.43790909006474843
3551,0.961156738532901,0.03273455916877183,0.010834042591383042,-0.03007753547293805,0.4378227424153163
3552,0.9614840841245886,0.032842899594685664,0.010675386526580732,-0.030175755659662146,0.43773639148488863
3553,0.9618125131205355,0.032949653459951475,0.01051649659829762,-0.030272473089805928,0.4376500373711642
3554,0.962142009655135,0.033054818425934454,0.010357379828917768,-0.030367686302305814,0.4375636801745393
3555,0.9624725578393943,0.033158392224223635,0.010198043243192512,-0.03046139390254449,0.43747731999814854
3556,0.9628041417616365,0.033260372656655574,0.010038493868440579,-0.03055359456231981,0.43739095694782
3557,0.963136745488203,0.03336075759533997,0.009878738733649084,-0.030644287019793846,0.4373045911319984
3558,0.9634703530641564,0.03345954498267646,0.009718784869501007,-0.030733470079470204,0.4372182226617449
3559,0.9638049485139831,0.03355673283137147,0.009558639308011041,-0.030821142612153962,0.4371318516507492
3560,0.9641405158422969,0.03365231922445158,0.009398309082490341,-0.030907303554895925,0.4370454782152377
3561,0.9644770390345414,0.033746302315276484,0.009237801227391373,-0.030991951910954735,0.43695910247395897
3562,0.9648145020576941,0.03383868032755038,0.009077122777408908,-0.031075086749736098,0.43687272454818843
3563,0.9651528888609696,0.03392945155532448,0.008916280767830576,-0.03115670720674435,0.4367863445617108
3564,0.9654921833765229,0.03401861436300279,0.008755282233715855,-0.031236812483522402,0.4366999626407301
3565,0.965832369520153,0.03410616718533994,0.008594134209547466,-0.03131540184759898,0.43661357891385977
3566,0.9661734311920064,0.0341921085274354,0.008432843729607176,-0.03139247463243341,0.4365271935121396
3567,0.9665153522772807,0.034276436964731476,0.008271417827354632,-0.031468030237338705,0.43644080656895906
3568,0.966858116646928,0.03435915114300502,0.008109863535221973,-0.03154206812742578,0.4363544182200053
3569,0.967201708158358,0.03444024977835724,0.007948187884019575,-0.031614587833526483,0.4362680286032825
3570,0.9675461106561416,0.03451973165719744,0.007786397902967701,-0.03168558895211917,0.43618163785910585
3571,0.9678913079727136,0.034597595636227114,0.0076245006192543485,-0.03175507114526411,0.43609524613000256
3572,0.9682372839290759,0.03467384064241967,0.0074625030572386675,-0.03182303414052208,0.4360088535606808
3573,0.9685840223355001,0.03474846567299205,0.007300412239154286,-0.031889477730878066,0.43592246029803894
3574,0.9689315069922301,0.0348214697953836,0.00713823518455059,-0.0319544017746526,0.43583606649113227
3575,0.969279721690184,0.03489285214722911,0.0069759789096932034,-0.032017806195420835,0.4357496722911044
3576,0.9696286502116562,0.03496261193632604,0.006813650427283935,-0.03207969098192272,0.43566327785116865
3577,0.9699782763310195,0.035030748440598884,0.006651256746237066,-0.032140056187962035,0.43557688332661965
3578,0.9703285838154255,0.035097261008061244,0.006488804871824516,-0.032198901932329396,0.43549048887475184
3579,0.9706795564255062,0.03516214905677949,0.006326301804601697,-0.032256228398703644,0.43540409465481056
3580,0.971031177916074,0.0352254120748255,0.006163754540497723,-0.03231203583554904,0.43531770082799026
3581,0.9713834320368222,0.03528704962023048,0.00600117007120704,-0.0323663245560137,0.4352313075574153
3582,0.9717363025330245,0.03534706132094255,0.0058385553831191705,-0.032419094937824536,0.43514491500806374
3583,0.9720897731462339,0.03540544687477375,0.005675917456935964,-0.03247034742319105,0.43505852334675255
3584,0.9724438276149816,0.035462206049343095,0.0055132632674773085,-0.03252008251868256,0.4349721327421279
3585,0.972798449675475,0.03551733868201787,0.005350599783836285,-0.032568300795120866,0.43488574336461305
3586,0.9731536230622952,0.03557084467985623,0.005187933968883451,-0.03261500288747998,0.434799355386339
3587,0.9735093315090938,0.03562272401954507,0.005025272778353129,-0.032660189494757734,0.43471296898112216
3588,0.9738655587492893,0.0356729767473286,0.004862623161705493,-0.03270386137985466,0.4346265843244793
3589,0.9742222885167625,0.03572160297894565,0.004699992061444336,-0.032746019369450756,0.4345402015935569
3590,0.974579504546552,0.035768602899560104,0.004537386412258315,-0.03278666435388902,0.43445382096707896
3591,0.9749371905755475,0.035813976763682684,0.00437481314093352,-0.03282579728704707,0.43436744262533156
3592,0.9752953303431844,0.03585772489509202,0.004212279166515287,-0.03286341918619435,0.43428106675014216
3593,0.9756539075921353,0.03589984768675716,0.004049791400281555,-0.032899531131880044,0.4341946935248082
3594,0.9760129060690029,0.035940345600759975,0.0038873567443459267,-0.03293413426779459,0.434108323134059
3595,0.9763723095250105,0.03597921916820344,0.0037249820919066368,-0.0329672298006221,0.4340219557640443
3596,0.9767321017166926,0.03601646898912251,0.003562674327816928,-0.03299881899990225,0.43393559160231193
3597,0.9770922664065838,0.03605209573240068,0.003400440327243348,-0.03302890319789555,0.4338492308377423
3598,0.9774527873639077,0.03608610013567313,0.003238286955081493,-0.033057483789446805,0.4337628736605077
3599,0.9778136483652644,0.036118483005223946,0.003076221066428131,-0.0330845622318179,0.4336765202620582
3600,0.9781748331953166,0.03614924521588822,0.002914249506731914,-0.03311014004454452,0.43359017083507145
3601,0.9785363256474755,0.03617838771095553,0.002752379110902148,-0.0331342188093019,0.4335038255733914
3602,0.978898109524585,0.03620591150206454,0.0025906167021833015,-0.03315680016973441,0.43341748467202124
3603,0.9792601686396056,0.03623181766908639,0.002428969093443978,-0.03317788583128983,0.43333114832711
3604,0.9796224868162965,0.03625610736002083,0.002267443086619858,-0.03319747756107067,0.43324481673588106
3605,0.9799850478898967,0.036278781790887026,0.0021060454714041943,-0.033215577187683136,0.4331584900965807
3606,0.9803478357078056,0.03629984224560107,0.0019447830252189435,-0.03323218660106499,0.4330721686084585
3607,0.9807108341302616,0.03631929007585326,0.0017836625140241202,-0.03324730775230013,0.43298585247174853
3608,0.9810740270310201,0.036337126700993504,0.0016226906917521378,-0.033260942653476205,0.4328995418875978
3609,0.98143739829803,0.03635335360791102,0.0014618742988789513,-0.03327309337751334,0.43281323705803065
3610,0.9818009318341091,0.03636797235089982,0.0013012200623663261,-0.03328376205797165,0.43272693818594105
3611,0.9821646115576181,0.03638098455152348,0.00114073469705267,-0.03329295088887561,0.43264064547506303
3612,0.9825284214031333,0.036392391898494,0.0009804249040515356,-0.033300662124554986,0.4325543591298824
3613,0.9828923453221183,0.03640219614753451,0.0008202973698132054,-0.03330689807946471,0.43246807935561593
3614,0.9832563672835937,0.036410399121232645,0.000660358766969571,-0.033311661127979744,0.4323818063581887
3615,0.983620471274806,0.036417002708902343,0.0005006157543194223,-0.033314953704207666,0.4322955403441892
3616,0.983984641301895,0.03642200886644553,0.0003410749762194909,-0.03331677830183401,0.4322092815208248
3617,0.9843488613905594,0.03642541961620773,0.00018174306099627557,-0.033317137473912906,0.43212303009589786
3618,0.9847131155867215,0.03642723704681769,2.2626622201982194e-05,-0.03331603383265829,0.43203678627777836
3619,0.9850773879571897,0.0364274633130397,-0.00013626774116648477,-0.033313470049265916,0.4319505502753381
3620,0.9854416625903201,0.03642610063562804,-0.0002949334463761555,-0.03330944885372463,0.43186432229790495
3621,0.9858059235966763,0.036423151301164275,-0.00045336392732575614,-0.033303973034614916,0.4317781025552427
3622,0.986170155109688,0.036418617661891015,-0.0006115526334993238,-0.03329704543887973,0.4316918912575317
3623,0.9865343412863069,0.036412502135556024,-0.0007694930305743308,-0.033288668971644474,0.4316056886153022
3624,0.9868984663076624,0.036404807205250286,-0.0009271786014047878,-0.03327884659602606,0.4315194948394054
3625,0.9872625143797149,0.036395535419236236,-0.0010846028467489943,-0.03326758133290063,0.4314333101409903
3626,0.9876264697339072,0.03638468939076876,-0.0012417592836999614,-0.033254876260685746,0.43134713473146374
3627,0.9879903166278149,0.036372271797931746,-0.0013986414465172459,-0.03324073451515092,0.4312609688224251
3628,0.9883540393457942,0.03635828538346657,-0.0015552428882598113,-0.033225159289201174,0.43117481262563256
3629,0.9887176221996289,0.03634273295458397,-0.0017115571803905105,-0.033208153832647434,0.43108866635298415
3630,0.9890810495291747,0.03632561738278007,-0.001867577911842111,-0.033189721451973936,0.4310025302164966
3631,0.9894443057030026,0.03630694160366165,-0.0020232986899157424,-0.033169865510150214,0.4309164044282477
3632,0.9898073751190392,0.03628670861676248,-0.0021787131416950434,-0.033148589426403245,0.43083028920032934
3633,0.9901702422052068,0.03626492148534554,-0.0023338149137483444,-0.0331258966759651,0.43074418474482545
3634,0.9905328914200602,0.03624158333620805,-0.002488597670848025,-0.0331017907898514,0.43065809127377447
3635,0.9908953072534222,0.036216697359499575,-0.0026430550973899347,-0.03307627535465541,0.4305720089991114
3636,0.9912574742270173,0.036190266808525676,-0.002797180898943541,-0.03304935401231035,0.4304859381326472
3637,0.9916193768951025,0.03616229499953624,-0.0029509688010967428,-0.03302103045983214,0.4303998788860484
3638,0.9919809998450978,0.03613278531152527,-0.003104412549083113,-0.03299130844908763,0.43031383147079455
3639,0.9923423276982131,0.03610174118603445,-0.0032575059086956126,-0.032960191786588156,0.4302277960981269
3640,0.9927033451100734,0.03606916612694749,-0.003410242667864216,-0.03292768433323364,0.4301417729790133
3641,0.9930640367713429,0.03603506370026885,-0.0035626166355123834,-0.032893790004042064,0.43005576232412523
3642,0.9934243874083456,0.03599943753391372,-0.0037146216409361665,-0.032858512767925514,0.4299697643437903
3643,0.9937843817836848,0.03596229131750436,-0.003866251535480647,-0.032821856647459215,0.4298837792479438
3644,0.9941440046968598,0.03592362880214955,-0.004017500193734258,-0.032783825718626564,0.4297978072461203
3645,0.9945032409848813,0.0358834538002122,-0.004168361511769081,-0.03274442411054082,0.4297118485474395
3646,0.9948620755228834,0.03584177018509451,-0.004318829407316538,-0.03270365600521225,0.42962590336053064
3647,0.9952204932247344,0.03579858189102135,-0.004468897821023332,-0.03266152563731563,0.42953997189349374
3648,0.9955784790436446,0.03575389291281113,-0.004618560717822295,-0.03261803729391191,0.42945405435387757
3649,0.9959360179727728,0.03570770730563289,-0.004767812085105239,-0.03257319531416603,0.42936815094865427
3650,0.9962930950458291,0.03566002918478184,-0.004916645932759589,-0.03252700408912048,0.4292822618841753
3651,0.9966496953376769,0.03561086272545423,-0.0050650562951684575,-0.03247946806144151,0.4291963873661352
3652,0.9970058039649314,0.035560212162502554,-0.005213037231858175,-0.03243059172514028,0.4291105275995537
3653,0.9973614060865564,0.03550808179018397,-0.005360582825364446,-0.03238037962527983,0.4290246827887462
3654,0.9977164869044582,0.035454475961930326,-0.005507687181933729,-0.03232883635774146,0.42893885313726327
3655,0.9980710316640775,0.03539939909011099,-0.005654344433100034,-0.032275966568966905,0.4288530388478623
3656,0.9984250256549786,0.03534285564577998,-0.005800548736593081,-0.032221774955655924,0.4287672401224795
3657,0.9987784542114364,0.03528485015841406,-0.00594629427412896,-0.03216626626447691,0.4286814571622045
3658,0.9991313027130205,0.03522538721567277,-0.006091575252123449,-0.032109445291834716,0.4285956901672414
3659,0.9994835565851773,0.035164471463151534,-0.006236385903521935,-0.03205131688359447,0.4285099393368929
3660,0.9998352012998089,0.03510210760411632,-0.0063807204879318125,-0.031991885934778745,0.4284242048695167
3661,1.00018622237585,0.035038300399237,-0.006524573289789504,-0.031931157389266135,0.4283384869624925
3662,1.0005366053798423,0.0349730546663391,-0.006667938619442926,-0.031869136239552516,0.4282527858121797
3663,1.0008863359265057,0.03490637528014467,-0.006810810814537327,-0.03180582752646675,0.42816710161388644
3664,1.001235399679307,0.034838267171999296,-0.006953184240578447,-0.031741236338855526,0.4280814345618537
3665,1.001583782351027,0.034768735329593514,-0.007095053288951048,-0.031675367813290355,0.4279957848492352
3666,1.001931469704323,0.034697784796704004,-0.007236412377689405,-0.03160822713381743,0.4279101526680527
3667,1.00227844755229,0.03462542067292711,-0.0073772559532500614,-0.03153981953165867,0.4278245382091623
3668,1.002624701759019,0.03455164811339462,-0.00751757849049739,-0.03147015028489701,0.4277389416622315
3669,1.002970218240153,0.03447647232848964,-0.007657374490954438,-0.031399224718167904,0.4276533632157121
3670,1.0033149829634378,0.0343998985835801,-0.007796638483902885,-0.03132704820240308,0.42756780305679193
3671,1.0036589819492736,0.034321932198741065,-0.007935365027879893,-0.03125362615453118,0.4274822613713724
3672,1.004002201271261,0.03424257854846226,-0.008073548711063638,-0.0311789640371495,0.42739673834405423
3673,1.0043446270567458,0.03416184306135163,-0.008211184149101158,-0.031103067358220472,0.4273112341581245
3674,1.0046862454873593,0.034079731219860625,-0.008348265985943792,-0.0310259416708068,0.4272257489955091
3675,1.005027042799558,0.033996248560001184,-0.008484788895831152,-0.030947592572758493,0.42714028303673085
3676,1.005367005285158,0.03391140067104286,-0.00862074758329362,-0.03086802570638248,0.4270548364608969
3677,1.0057061192918684,0.03382519319520993,-0.008756136781244428,-0.030787246758123585,0.42696940944566986
3678,1.0060443712238205,0.033737631827397495,-0.008890951252157886,-0.030705261458300204,0.42688400216723305
3679,1.0063817475420944,0.03364872231487592,-0.009025185789521273,-0.030622075580792645,0.4267986148002787
3680,1.0067182347652432,0.033558470456980724,-0.009158835218084915,-0.03053769494269825,0.4267132475179874
3681,1.007053819469813,0.03346688210479987,-0.009291894391862121,-0.030452125404013496,0.42662790049200294
3682,1.007388488290861,0.03337396316088124,-0.009424358194932703,-0.030365372867359186,0.4265425738923916
3683,1.0077222279224698,0.03327971957893191,-0.009556221543067234,-0.03027744327765388,0.4264572678876114
3684,1.0080550251182592,0.03318415736350124,-0.00968747938423109,-0.030188342621771645,0.4263719826444999
3685,1.0083868666918943,0.03308728256965893,-0.009818126696623242,-0.030098076928213955,0.42628671832825404
3686,1.0087177395175908,0.03298910130269269,-0.009948158489463677,-0.030006652266830053,0.42620147510239464
3687,1.0090476305306177,0.032889619717798045,-0.010077569804460007,-0.02991407474849307,0.4261162531287488
3688,1.0093765267277957,0.03278884401975346,-0.010206355716377291,-0.029820350524751682,0.4260310525674551
3689,1.0097044151679933,0.03268678046258969,-0.010334511330779006,-0.029725485787491,0.42594587357691766
3690,1.0100312829726192,0.032583435349281896,-0.01046203178470817,-0.02962948676864509,0.42586071631376315
3691,1.010357117326112,0.0324788150314348,-0.010588912248732096,-0.02953235973986663,0.42577558093282747
3692,1.0106819054764264,0.03237292590894749,-0.01071514792749445,-0.0294341110121749,0.4256904675871495
3693,1.0110056347355159,0.03226577442967255,-0.010840734057216694,-0.029334746935610567,0.4256053764279482
3694,1.0113282924798126,0.032157367089100386,-0.010965665906658983,-0.02923427389894961,0.4255203076046003
3695,1.0116498661507036,0.03204771043003379,-0.011089938778573172,-0.029132698329372247,0.42543526126463016
3696,1.011970343255004,0.03193681104224805,-0.011213548010351182,-0.029030026692094445,0.4253502375536752
3697,1.0122897113654266,0.031824675562144536,-0.011336488971892267,-0.028926265490015916,0.42526523661546983
3698,1.012607958121048,0.03171131067242561,-0.011458757066012126,-0.028821421263432016,0.42518025859182235
3699,1.0129250712277724,0.03159672310176549,-0.011580347730276441,-0.028715500589690517,0.42509530362258896
3700,1.01324103845879,0.03148091962446273,-0.011701256438028246,-0.028608510082829833,0.425010371845667
3701,1.0135558476550346,0.031363907060082456,-0.011821478695971943,-0.02850045639322271,0.42492546339698867
3702,1.0138694867256355,0.031245692273122735,-0.011941010044460437,-0.028391346207276565,0.4248405784104953
3703,1.0141819436483668,0.031126282172678127,-0.012059846058947443,-0.028281186247096565,0.42475571701812453
3704,1.0144932064700936,0.031005683712088655,-0.01217798235117265,-0.028169983270112962,0.42467087934978065
3705,1.0148032633072144,0.03088390388857693,-0.012295414567135704,-0.02805774406871112,0.42458606553332195
3706,1.0151121023461,0.030760949742905577,-0.012412138387209448,-0.027944475469929807,0.42450127569453716
3707,1.015419711843529,0.03063682835903348,-0.012528149527643306,-0.027830184335121418,0.42441650995713587
3708,1.0157260801271195,0.030511546863757046,-0.01264344374178758,-0.027714877559583857,0.4243317684427415
3709,1.016031195595757,0.03038511242633916,-0.012758016818115864,-0.02759856207218613,0.42424705127089035
3710,1.0163350467200205,0.03025753225815801,-0.01287186458007128,-0.02748124483505502,0.42416235855900425
3711,1.016637622042602,0.030128813612357308,-0.012984982887111335,-0.027362932843232383,0.4240776904223633
3712,1.0169389101787256,0.029998963783486196,-0.013097367636240864,-0.027243633124301173,0.42399304697409396
3713,1.0172388998165605,0.02986799010712378,-0.013209014760762472,-0.027123352738004997,0.42390842832516884
3714,1.0175375797176316,0.029735899959516143,-0.013319920229424298,-0.02700209877592867,0.42382383458438805
3715,1.0178349387172267,0.02960270075722191,-0.013430080047727166,-0.026879878361155737,0.4237392658583575
3716,1.018130965724799,0.029468399956744645,-0.013539490259509429,-0.026756698647901922,0.42365472225149625
3717,1.0184256497243664,0.02933300505414955,-0.013648146945637457,-0.026632566821128585,0.42357020386603833
3718,1.0187189797749079,0.02919652358469318,-0.013756046222823948,-0.02650749009620423,0.4234857108020008
3719,1.0190109450107547,0.029058963122464945,-0.01386318424476285,-0.026381475718569154,0.42340124315716204
3720,1.0193015346419794,0.028920331280017305,-0.013969557203804134,-0.02625453096336023,0.42331680102705754
3721,1.0195907379547795,0.028780635707979275,-0.014075161330671243,-0.02612666313501825,0.4232323845049722
3722,1.0198785443118592,0.028639884094672562,-0.014179992892667942,-0.0259978795669465,0.4231479936819394
3723,1.020164943152806,0.02849808416574588,-0.0142840481944774,-0.025868187621178484,0.4230636286467296
3724,1.0204499239944633,0.028355243683801098,-0.014387323579876654,-0.025737594688005024,0.4229792894858499
3725,1.0207334764313014,0.028211370448002333,-0.014489815431775466,-0.02560610818557944,0.4228949762835392
3726,1.0210155901357814,0.02806647229368458,-0.01459152016989207,-0.025473735559551455,0.4228106891217416
3727,1.0212962548587181,0.027920557091985664,-0.014692434251754455,-0.025340484282738374,0.4227264280800932
3728,1.0215754604296379,0.027773632749468122,-0.01479255417427272,-0.025206361854755326,0.42264219323593205
3729,1.0218531967571325,0.027625707207725395,-0.014891876474419086,-0.02507137580161779,0.4225579846642866
3730,1.0221294538292098,0.02747678844298121,-0.014990397727036864,-0.02493553367536702,0.4224738024378744
3731,1.0224042217136395,0.027326884465710834,-0.015088114545141612,-0.024798843053748652,0.4223896466271054
3732,1.0226774905582967,0.027176003320259413,-0.0151850235812169,-0.024661311539837725,0.4223055173000712
3733,1.0229492505914992,0.027024153084447243,-0.015281121528335218,-0.02452294676164257,0.4222214145225398
3734,1.0232194921223436,0.026871341869163887,-0.015376405117906583,-0.024383756371715037,0.4221373383579473
3735,1.0234882055410353,0.02671757781798483,-0.015470871119944302,-0.024243748046819173,0.42205328886738247
3736,1.023755381319215,0.026562869106785382,-0.015564516344398621,-0.02410292948756469,0.42196926610959007
3737,1.024021010010283,0.02640722394334139,-0.015657337642380892,-0.023961308418016133,0.4218852701409794
3738,1.0242850822497163,0.02625065056691759,-0.01574933190449143,-0.023818892585294654,0.42180130101562435
3739,1.0245475887553854,0.026093157247872673,-0.015840496060144788,-0.02367568975924582,0.42171735878527133
3740,1.024808520327864,0.025934752287271233,-0.0159308270786164,-0.023531707732070962,0.4216334434993199
3741,1.0250678678507368,0.025775444016485075,-0.016020321970366402,-0.023386954317932952,0.4215495552048101
3742,1.0253256222909017,0.025615240796781406,-0.016108977786365164,-0.023241437352553795,0.42146569394643635
3743,1.0255817746988696,0.025454151018917747,-0.016196791616716055,-0.023095164692865953,0.42138185976654635
3744,1.0258363162090587,0.025292183102750578,-0.01628376059180439,-0.02294814421665666,0.4212980527051307
3745,1.0260892380400861,0.02512934549683254,-0.01636988188355351,-0.022800383822180827,0.4212142727998369
3746,1.0263405314950544,0.02496564667799701,-0.016455152705368986,-0.022651891427758912,0.42113052008598334
3747,1.0265901879618344,0.024801095150943316,-0.01653957031019268,-0.022502674971407507,0.42104679459654915
3748,1.026838198913344,0.024635699447841396,-0.01662313199109519,-0.022352742410492215,0.42096309636217427
3749,1.0270845559078223,0.024469468127930445,-0.01670583508244547,-0.02220210172133673,0.4208794254111492
3750,1.0273292505891016,0.02430240977710599,-0.016787676960911685,-0.022050760898820184,0.42079578176942073
3751,1.0275722746868727,0.02413453300749687,-0.016868655043572323,-0.021898727955993173,0.4207121654606051
3752,1.0278136200169476,0.023965846457061155,-0.016948766787922565,-0.021746010923736535,0.4206285765059849
3753,1.0280532784815182,0.02379635878918194,-0.017028009692974383,-0.021592617850381562,0.4205450149245181
3754,1.02829124206941,0.02362607869225219,-0.01710638130039313,-0.02143855680131308,0.4204614807328658
3755,1.0285275028563325,0.023455014879248257,-0.017183879192774615,-0.021283835858565053,0.4203779739453731
3756,1.0287620530051251,0.023283176087320518,-0.017260500993059175,-0.02112846312047254,0.4202944945740608
3757,1.0289948847659984,0.023110571077389928,-0.017336244365606934,-0.02097244670129915,0.4202110426286403
3758,1.0292259904767724,0.02293720863373386,-0.017411107017680227,-0.020815794730840383,0.420127618116517
3759,1.0294553625631098,0.022763097563557058,-0.01748508669863369,-0.02065851535401707,0.42004422104280764
3760,1.0296829935387453,0.022588246696570714,-0.017558181198549794,-0.020500616730522545,0.41996085141034417
3761,1.029908876005711,0.02241266488458522,-0.01763038834906458,-0.020342107034460377,0.41987750921968253
3762,1.0301330026545568,0.022236361001094582,-0.017701706024506464,-0.020182994453951046,0.4197941944691199
3763,1.0303553662645677,0.022059343940849522,-0.017772132141958413,-0.020023287190719795,0.41971090715468906
3764,1.030575959703976,0.021881622619429927,-0.017841664659239975,-0.019862993459723064,0.4196276472701602
3765,1.0307947759301703,0.021703205972837526,-0.017910301575694426,-0.01970212148879507,0.41954441480705146
3766,1.0310118079898987,0.021524102957080588,-0.017978040933496336,-0.01954067951825804,0.4194612097546325
3767,1.0312270490194695,0.021344322547745632,-0.018044880818304104,-0.01937867580051916,0.4193780320999476
3768,1.031440492244947,0.021163873739562578,-0.01811081935740172,-0.01921611859968151,0.4192948818278315
3769,1.0316521309823425,0.020982765545988557,-0.01817585471945507,-0.019053016191201026,0.41921175892091833
3770,1.0318619586378024,0.020801006998794013,-0.01823998511553432,-0.018889376861499524,0.41912866335965304
3771,1.0320699687077903,0.02061860714763867,-0.01830320880017347,-0.01872520890755914,0.41904559512228384
3772,1.0322761547792667,0.020435575059636925,-0.018365524070130812,-0.018560520636520673,0.41896255418487194
3773,1.0324805105298631,0.02025191981893561,-0.018426929263752473,-0.01839532036533261,0.41887954052131715
3774,1.0326830297280525,0.020067650526298098,-0.018487422761831046,-0.018229616420380738,0.4187965541033612
3775,1.0328837062333154,0.019882776298679787,-0.018547002988632266,-0.018063417137092495,0.4187135949006019
3776,1.0330825339963021,0.019697306268793457,-0.018605668411780935,-0.017896730859532303,0.41863066288052714
3777,1.03327950705899,0.01951124958467566,-0.018663417540453475,-0.01772956594003821,0.4185477580085164
3778,1.0334746195548368,0.019324615409271127,-0.018720248925909594,-0.01756193073885665,0.41846488024784256
3779,1.0336678657089295,0.019137412920012035,-0.018776161162398913,-0.017393833623750462,0.4183820295596932
3780,1.0338592398381297,0.018949651308388053,-0.018831152887806846,-0.017225282969595534,0.4182992059031673
3781,1.0340487363512136,0.018761339779509972,-0.018885222782330652,-0.017056287157994777,0.4182164092353064
3782,1.0342363497490088,0.018572487551686667,-0.018938369568374108,-0.016886854576930635,0.41813363951110355
3783,1.0344220746245256,0.018383103856002933,-0.018990592011223634,-0.016716993620382273,0.4180508966835176
3784,1.0346059056630856,0.018193197935890693,-0.01904188891994077,-0.01654671268793066,0.4179681807035127
3785,1.0347878376424446,0.018002779046691297,-0.019092259146466783,-0.01637602018436112,0.4178854915200638
3786,1.0349678654329115,0.017811856455226628,-0.01914170158445888,-0.016204924519304137,0.41780282908015276
3787,1.0351459839974637,0.017620439439382046,-0.019190215170025865,-0.016033434106861665,0.41772019332878757
3788,1.0353221883918575,0.017428537287681782,-0.019237798882913854,-0.015861557365217396,0.417637584209015
3789,1.0354964737647343,0.01723615929885265,-0.019284451746609393,-0.01568930271623707,0.41755500166195225
3790,1.0356688353577228,0.017043314781386546,-0.01933017282661889,-0.01551667858510041,0.41747244562679925
3791,1.0358392685055366,0.016850013053120356,-0.01937496123092894,-0.01534369339994754,0.41738991604085435
3792,1.0360077686360678,0.01665626344081107,-0.019418816110704368,-0.01517035559149441,0.41730741283955597
3793,1.0361743312704759,0.01646207527970402,-0.019461736660936757,-0.014996673592631281,0.41722493595647386
3794,1.0363389520232729,0.016267457913094654,-0.019503722118940636,-0.014822655838035619,0.41714248532332954
3795,1.0365016266024039,0.01607242069190526,-0.0195447717639214,-0.014648310763824847,0.4170600608700139
3796,1.036662350809323,0.015876972974266046,-0.01958488491799977,-0.01447364680717622,0.4169776625245969
3797,1.0368211205390656,0.015681124125086047,-0.019624060947335334,-0.01429867240593826,0.41689529021336014
3798,1.0369779317803165,0.015484883515612696,-0.019662299261183,-0.014123395998237224,0.41681294386081386
3799,1.0371327806154726,0.015288260523000861,-0.019699599310791308,-0.013947826022125971,0.4167306233897245
3800,1.0372856632207026,0.015091264529892949,-0.01973596058992673,-0.013771970915222894,0.4166483287211454
3801,1.0374365758660016,0.014893904923993676,-0.01977138263548263,-0.013595839114322284,0.4165660597744136
3802,1.0375855149152415,0.01469619109763884,-0.01980586502781566,-0.013419439054994277,0.4164838164671715
3803,1.037732476826218,0.014498132447360689,-0.01983940738939413,-0.013242779171220857,0.41640159871537985
3804,1.0378774581506915,0.014299738373466755,-0.01987200938478831,-0.013065867895044192,0.41631940643334403
3805,1.0380204555344261,0.014101018279618868,-0.019903670721833355,-0.012888713656189363,0.41623723953374764
3806,1.0381614657172222,0.01390198157240054,-0.019934391151654254,-0.012711324881680535,0.41615509792766125
3807,1.0383004855329463,0.013702637660883995,-0.01996417046840719,-0.012533709995458678,0.41607298152458294
3808,1.0384375119095552,0.013502995956199923,-0.019993008507640242,-0.012355877418033668,0.41599089023246266
3809,1.0385725418691172,0.013303065871123529,-0.02002090514779474,-0.01217783556611853,0.4159088239576875
3810,1.0387055725278285,0.013102856819645578,-0.02004786030944755,-0.011999592852239298,0.4158267826051364
3811,1.0388366010960248,0.012902378216551094,-0.020073873957277485,-0.011821157684359145,0.4157447660781702
3812,1.0389656248781904,0.012701639476978317,-0.020098946096696324,-0.011642538465509823,0.4156627742786819
3813,1.0390926412729602,0.012500650016011349,-0.02012307677672069,-0.011463743593455441,0.41558080710709533
3814,1.0392176477731203,0.01229941924824415,-0.020146266087279138,-0.011284781460302658,0.41549886446242396
3815,1.0393406419656028,0.012097956587371356,-0.020168514163531465,-0.011105660452146882,0.4154169462422644
3816,1.0394616215314765,0.01189627144573605,-0.020189821180279233,-0.010926388948666616,0.4153350523428708
3817,1.0395805842459338,0.011694373233933257,-0.020210187356502762,-0.010746975322816509,0.415253182659089
3818,1.0396975279782732,0.011492271360368221,-0.020229612950276935,-0.010567427940415394,0.41517133708447523
3819,1.0398124506918769,0.011289975230865461,-0.02024809826532553,-0.010387755159829063,0.4150895155111899
3820,1.0399253504441854,0.011087494248212208,-0.020265643645099446,-0.010207965331526622,0.4150077178301972
3821,1.0400362253866675,0.010884837811761217,-0.020282249477768244,-0.010028066797812485,0.41492594393108356
3822,1.040145073764785,0.010682015316983533,-0.02029791618970017,-0.009848067892390655,0.41484419370232695
3823,1.0402518939179548,0.010479036155086528,-0.020312644252938675,-0.00966797694009492,0.4147624670310587
3824,1.0403566842795056,0.010275909712557142,-0.020326434178671096,-0.009487802256414787,0.41468076380338553
3825,1.0404594433766312,0.01007264537077043,-0.02033928652270041,-0.009307552147230821,0.41459908390405226
3826,1.0405601698303388,0.009869252505543434,-0.020351201878969286,-0.009127234908371211,0.4145174272168655
3827,1.0406588623553943,0.009665740486753751,-0.020362180885453787,-0.008946858825368354,0.4144357936242771
3828,1.0407555197602618,0.009462118677899208,-0.020372224220416013,-0.0087664321729757,0.4143541830078936
3829,1.0408501409470408,0.009258396435695046,-0.020381332605729566,-0.008585963214916255,0.41427259524798876
3830,1.0409427249113976,0.009054583109637738,-0.0203895068031322,-0.008405460203436257,0.4141910302240619
3831,1.041033270742494,0.008850688041606422,-0.020396747615823718,-0.008224931379062661,0.4141094878143596
3832,1.0411217776229102,0.008646720565448176,-0.02040305588843508,-0.0080443849701562,0.4140279678963697
3833,1.0412082448285647,0.00844269000656383,-0.02040843250710203,-0.007863829192615591,0.41394647034641247
3834,1.0412926717286304,0.008238605681492827,-0.02041287839905575,-0.007683272249467479,0.4138649950400095
3835,1.0413750577854453,0.008034476897502257,-0.020416394531759495,-0.007502722330576963,0.4137835418516598
3836,1.0414554025544203,0.007830312952184655,-0.020418981914201648,-0.007322187612277899,0.4137021106550187
3837,1.0415337056839422,0.00762612313304265,-0.020420641596207954,-0.007141676257023449,0.4136207013228911
3838,1.0416099669152727,0.007421916717080566,-0.020421374669354134,-0.006961196413034639,0.41353931372718306
3839,1.0416841860824435,0.007217702970387015,-0.020421182264979618,-0.00678075621396149,0.41345794773912115
3840,1.0417563631121474,0.0070134911477372185,-0.020420065554906316,-0.006600363778553881,0.41337660322898745
3841,1.0418264980236247,0.006809290492188163,-0.020418025751364546,-0.006420027210298356,0.4132952800664914
3842,1.0418945909285466,0.006605110234674503,-0.020415064107509907,-0.006239754597081216,0.4132139781203906
3843,1.0419606420308933,0.0064009595935994035,-0.020411181916581353,-0.006059554010829551,0.4131326972589463
3844,1.0420246516268292,0.0061968477744335886,-0.020406380512056413,-0.005879433507201597,0.4130514373495433
3845,1.0420866201045735,0.005992783969313036,-0.020400661267093133,-0.005699401125241257,0.412970198259061
3846,1.0421465479442666,0.005788777356642109,-0.020394025595672216,-0.0055194648870397385,0.41288897985367123
3847,1.042204435717833,0.005584837100685375,-0.020386474951640497,-0.00533963279738766,0.4128077819989757
3848,1.04226028408884,0.005380972351168973,-0.02037801082861255,-0.005159912843452089,0.4127266045600584
3849,1.0423140938123516,0.005177192242882844,-0.02036863475902071,-0.004980312994438067,0.4126454474013255
3850,1.0423658657347805,0.004973505895292638,-0.02035834831508935,-0.004800841201267788,0.41256431038683344
3851,1.0424156007937335,0.004769922412141743,-0.020347153109142625,-0.004621505396223509,0.4124831933799274
3852,1.042463300017855,0.004566450881050317,-0.020335050792473046,-0.0044423134926315526,0.41240209624368834
3853,1.0425089645266654,0.004363100373125585,-0.020322043056321543,-0.004263273384531553,0.41232101884058436
3854,1.0425525955303967,0.004159879942562365,-0.020308131629602107,-0.0040843929463692755,0.4122399610327891
3855,1.0425941943298223,0.003956798626266344,-0.02029331828170028,-0.003905680032653509,0.4121589226820644
3856,1.0426337623160848,0.003753865443449352,-0.02027760482026724,-0.0037271424776200448,0.4120779036497653
3857,1.0426713009705193,0.0035510893952466626,-0.02026099309195428,-0.0035487880949255307,0.41199690379701653
3858,1.0427068118644718,0.003348479464327118,-0.020243484981449407,-0.003370624677303371,0.4119159229844596
3859,1.042740296659115,0.0031460446145126332,-0.020225082411466245,-0.0031926599962853867,0.4118349610726446
3860,1.0427717571052602,0.0029437937903979737,-0.02020578734489074,-0.0030149018018295498,0.4117540179216785
3861,1.0428011950431642,0.00274173591694907,-0.020185601781280166,-0.0028373578220358283,0.4116730933915712
3862,1.0428286124023336,0.0025398798991362664,-0.020164527759939446,-0.0026600357628152682,0.4115921873420685
3863,1.042854011201325,0.002338234621536866,-0.02014256735647194,-0.0024829433075910495,0.4115112996327403
3864,1.0428773935475404,0.002136808947972144,-0.02011972268507034,-0.0023060881169874436,0.4114304301230972
3865,1.04289876163702,0.001935611721121435,-0.02009599589822699,-0.002129477828471043,0.4113495786723696
3866,1.0429181177542313,0.0017346517621391559,-0.02007138918452384,-0.001953120056098517,0.41126874513985173
3867,1.0429354642718527,0.00153393787029393,-0.020045904771604478,-0.001777022390149804,0.4111879293845986
3868,1.0429508036505557,0.0013334788225778866,-0.02001954492240717,-0.0016011923968787816,0.4111071312657312
3869,1.0429641384387816,0.0011332833733538128,-0.01999231193931618,-0.0014256376181679133,0.41102635064230364
3870,1.042975471272515,0.0009333602539606536,-0.019964208160599014,-0.0012503655712199815,0.4109455873733457
3871,1.0429848048750545,0.0007337181723546705,-0.01993523596148794,-0.001075383748294654,0.4108648413180347
3872,1.042992142056778,0.0005343658127397856,-0.01990539775469689,-0.0009006996163509342,0.4107841123354581
3873,1.0429974857149054,0.00033531183519281554,-0.01987469598737986,-0.0007263206168117628,0.4107034002849352
3874,1.0430008388332572,0.00013656487531902005,-0.01984313314573116,-0.0005522541651883117,0.4106227050257534
3875,1.0430022044820104,-6.18664561383026e-05,-0.019810711750153927,-0.0003785076508371379,0.41054202641739534
3876,1.043001585817449,-0.0002599735736398408,-0.019777434358318035,-0.0002050884366470906,0.4104613643195071
3877,1.0429989860817126,-0.0004577479172230105,-0.019743303563830104,-3.2003858729450536e-05,0.4103807185918341
3878,1.0429944086025404,-0.0006551809528613177,-0.01970832199513743,0.00014073877381859032,0.4103000890944665
3879,1.0429878567930118,-0.0008522641728126928,-0.019672492318567273,0.00031313217929024317,0.41021947568759315
3880,1.0429793341512836,-0.0010489890959983657,-0.019635817233453895,0.000485169103579777,0.41013887823178485
3881,1.0429688442603235,-0.0012453472683329125,-0.019598299476254594,0.000656842320522616,0.410058296587821
3882,1.0429563907876402,-0.0014413302630954523,-0.01955994181736198,0.0008281446321662584,0.4099777306167757
3883,1.0429419774850093,-0.001636929681269077,-0.019520747061977702,0.0009990688690345699,0.40989718018012355
3884,1.0429256081881966,-0.0018321371518888617,-0.019480718052198576,0.0011696078904719599,0.4098166451395604
3885,1.0429072868166778,-0.0020269443324108464,-0.01943985766220839,0.0013397545848421008,0.40973612535729886
3886,1.0428870173733538,-0.0022213429090329213,-0.01939816880303133,0.001509501869878976,0.4096556206958535
3887,1.0428648039442634,-0.002415324597063235,-0.019355654418674578,0.0016788426929151064,0.4095751310182254
3888,1.0428406506982928,-0.002608881141249991,-0.01931231748740112,0.0018477700311699196,0.4094946561878953
3889,1.0428145618868803,-0.002802004316124001,-0.019268161022924623,0.002016276892071538,0.40941419606872387
3890,1.042786541843719,-0.002994685926353243,-0.019223188070193013,0.0021843563134472904,0.4093337505251784
3891,1.0427565949844555,-0.0031869178070551706,-0.019177401710090136,0.0023520013638790404,0.40925331942212934
3892,1.042724725806385,-0.0033786918241560755,-0.019130805055506458,0.002519205142913435,0.409172902625065
3893,1.0426909388881433,-0.0035699998747111407,-0.01908340125332579,0.002685960781349167,0.4090925000000188
3894,1.0426552388893962,-0.003760833887244397,-0.019035193484692788,0.002852261441533465,0.4090121114135637
3895,1.0426176305505237,-0.003951185822091335,-0.018986184961203162,0.0030181003175518283,0.40893173673299216
3896,1.0425781186923029,-0.004141047671703356,-0.01893637893005791,0.00318347063557339,0.4088513758261385
3897,1.0425367082155859,-0.004330411461003938,-0.018885778668901836,0.003348365654050672,0.40877102856156217
3898,1.042493404100976,-0.0045192692476929575,-0.018834387488350056,0.003512778664012493,0.40869069480846537
3899,1.042448211408499,-0.004707613122576452,-0.01878220873228687,0.0036767029893368663,0.40861037443671305
3900,1.0424011352772733,-0.00489543520989933,-0.018729245774224586,0.003840131986938011,0.40853006731695596
3901,1.0423521809251743,-0.005082727667641576,-0.018675502022416045,0.004003059047113464,0.4084497733205052
3902,1.042301353648498,-0.005269482687865734,-0.018620980914874664,0.004165477593713184,0.4083694923194991
3903,1.0422486588216193,-0.0054556924970144745,-0.018565685921823755,0.00432738108442941,0.40828922418684566
3904,1.0421941018966492,-0.005641349356232706,-0.01850962054552676,0.0044887630110601985,0.4082089687962424
3905,1.0421376884030868,-0.005826445561687971,-0.018452788317300413,0.004649616899690365,0.40812872602227496
3906,1.04207942394747,-0.006010973444860991,-0.018395192801724074,0.004809936311029154,0.4080484957402941
3907,1.0420193142130214,-0.006194925372878232,-0.018336837592189265,0.004969714840574677,0.40796827782655604
3908,1.0419573649592926,-0.00637829374880012,-0.018277726313048713,0.005128946118895048,0.4078880721581903
3909,1.0418935820218045,-0.006561071011930605,-0.018217862620362527,0.005287623811873807,0.40780787861318935
3910,1.0418279713116851,-0.006743249638134232,-0.01815725019812385,0.00544574162089358,0.4077276970705433
3911,1.0417605388153037,-0.006924822140115485,-0.01809589276243858,0.005603293283147878,0.4076475274101181
3912,1.0416912905939026,-0.007105781067739868,-0.01803379405819556,0.0057602725718033,0.4075673695128002
3913,1.0416202327832254,-0.007286119008321825,-0.017970957859053324,0.005916673296264663,0.40748722326045334
3914,1.041547371593142,-0.007465828586912362,-0.01790738796993433,0.006072489302428196,0.4074070885358937
3915,1.041472713307273,-0.007644902466611702,-0.01784308822247723,0.006227714472844275,0.40732696522301937
3916,1.041396264282607,-0.007823333348836472,-0.017778062478880155,0.006382342727017556,0.40724685320669035
3917,1.0413180309491186,-0.00800111397362528,-0.017712314629827683,0.006536368021582385,0.4071667523728522
3918,1.0412380198093822,-0.008178237119923552,-0.01764584859353477,0.0066897843505198925,0.4070866626085169
3919,1.041156237438183,-0.008354695605858904,-0.017578668318651083,0.006842585745429047,0.4070065838017602
3920,1.0410726904821246,-0.008530482289045418,-0.01751077777977672,0.006994766275667736,0.406926515841826
3921,1.0409873856592342,-0.008705590066843188,-0.017442180980690725,0.007146320048634134,0.406846458619043
3922,1.0409003297585657,-0.008880011876650098,-0.017372881952947908,0.0072972412099543615,0.4067664120248813
3923,1.0408115296397993,-0.009053740696179579,-0.017302884753865808,0.007447523943675885,0.40668637595197504
3924,1.0407209922328375,-0.00922676954371822,-0.01723219347019321,0.007597162472535311,0.40660635029408704
3925,1.0406287245374004,-0.009399091478420158,-0.01716081221441179,0.007746151058092586,0.40652633494619866
3926,1.0405347336226163,-0.009570699600564288,-0.01708874512592426,0.007894484000991745,0.4064463298044762
3927,1.0404390266266106,-0.009741587051823519,-0.017015996371956763,0.008042155641149682,0.40636633476628287
3928,1.0403416107560923,-0.009911747015543083,-0.0169425701444139,0.008189160357920184,0.4062863497302624
3929,1.0402424932859369,-0.010081172716987224,-0.0168684706628508,0.008335492570361537,0.40620637459627323
3930,1.040141681558767,-0.010249857423615732,-0.016793702172560043,0.008481146737377996,0.406126409265462
3931,1.0400391829845308,-0.010417794445341341,-0.016718268943379036,0.00862611735793348,0.40604645364023023
3932,1.0399350050400773,-0.01058497713477513,-0.016642175272224002,0.008770398971269572,0.40596650762424213
3933,1.0398291552687295,-0.010751398887497371,-0.016565425479845783,0.00891398615704442,0.4058865711224923
3934,1.0397216412798547,-0.010917053142295814,-0.01648802391320439,0.009056873535574992,0.40580664404125244
3935,1.0396124707484318,-0.01108193338142786,-0.01640997494450888,0.009199055768000692,0.4057267262881403
3936,1.0395016514146176,-0.011246033130872952,-0.016331282969027708,0.009340527556445108,0.40564681777211903
3937,1.0393891910833088,-0.011409345960563233,-0.016251952408090145,0.009481283644247655,0.4055669184035004
3938,1.0392750976237033,-0.011571865484644134,-0.01617198770652445,0.009621318816092633,0.4054870280939779
3939,1.039159378968857,-0.011733585361709379,-0.01609139333277762,0.009760627898230708,0.40540714675661066
3940,1.0390420431152398,-0.011894499295037157,-0.016010173780289794,0.0098992057586489,0.40532727430582305
3941,1.0389230981222894,-0.012054601032840057,-0.015928333564320038,0.01003704730720627,0.40524741065745173
3942,1.038802552111961,-0.012213884368483263,-0.015845877224165347,0.01017414749586141,0.40516755572871643
3943,1.0386804132682763,-0.012372343140724915,-0.01576280932315134,0.010310501318806746,0.40508770943826894
3944,1.038556689836869,-0.012529971233956428,-0.01567913444598841,0.010446103812637797,0.4050078717061961
3945,1.0384313901245295,-0.012686762578416326,-0.01559485720148239,0.010580950056550173,0.40492804245401665
3946,1.0383045224987453,-0.012842711150431148,-0.015509982219697252,0.01071503517245106,0.40484822160473044
3947,1.038176095387241,-0.012997810972628103,-0.01542451415281032,0.010848354325157883,0.4047684090827668
3948,1.0380461172775146,-0.01315205611415621,-0.015338457675888664,0.01098090272256919,0.4046886048140265
3949,1.037914596716373,-0.0133054406909151,-0.015251817484632432,0.011112675615778092,0.4046088087258848
3950,1.0377815423094638,-0.013457958865761422,-0.015164598296804957,0.011243668299277865,0.4045290207471885
3951,1.0376469627208063,-0.013609604848729473,-0.015076804851379202,0.011373876111071622,0.40444924080827255
3952,1.037510866672319,-0.013760372897243255,-0.014988441907521008,0.011503294432836902,0.40436946884097863
3953,1.0373732629433465,-0.01391025731631847,-0.014899514246533088,0.011631918690095383,0.4042897047786527
3954,1.0372341603701833,-0.014059252458783804,-0.014810026669801052,0.011759744352324596,0.404209948556187
3955,1.0370935678455955,-0.014207352725481811,-0.014719983998284919,0.011886766933128136,0.40413020010998224
3956,1.0369514943183407,-0.014354552565464656,-0.014629391073861034,0.01201298199036961,0.40405045937795825
3957,1.036807948792686,-0.014500846476203283,-0.014538252757258022,0.0121383851262957,0.40397072629957154
3958,1.036662940327924,-0.01464622900377586,-0.014446573929284903,0.012262971987713438,0.403891000815802
3959,1.0365164780378862,-0.014790694743068702,-0.01435435949072951,0.012386738266098884,0.4038112828691869
3960,1.0363685710904555,-0.014934238337976012,-0.014261614360503577,0.012509679697720441,0.40373157240380564
3961,1.0362192287070757,-0.015076854481581045,-0.014168343476584563,0.012631792063797886,0.40365186936529873
3962,1.0360684601622598,-0.015218537916346881,-0.014074551795892482,0.01275307119059954,0.4035721737008776
3963,1.0359162747830963,-0.015359283434305804,-0.013980244293354122,0.012873512949592204,0.4034924853593341
3964,1.0357626819487533,-0.015499085877239345,-0.013885425962723297,0.012993113257572436,0.4034128042910188
3965,1.035607691089981,-0.015637940136866577,-0.013790101814930289,0.013111868076759826,0.4033331304478585
3966,1.0354513116886124,-0.01577584115501589,-0.013694276878131323,0.013229773414933588,0.40325346378333765
3967,1.0352935532770622,-0.01591278392379721,-0.013597956198682648,0.013346825325555083,0.4031738042525288
3968,1.0351344254378243,-0.01604876348578402,-0.013501144839704604,0.013463019907870974,0.40309415181208147
3969,1.0349739378029665,-0.016183774934181067,-0.013403847881804792,0.01357835330704624,0.4030145064202317
3970,1.0348121000536248,-0.016317813412999125,-0.01330607042198964,0.013692821714251131,0.4029348680368139
3971,1.0346489219194948,-0.016450874117219027,-0.013207817572948866,0.013806421366770148,0.40285523662326234
3972,1.0344844131783226,-0.016582952292948507,-0.01310909446422509,0.013919148548130988,0.40277561214260815
3973,1.0343185836553932,-0.016714043237590768,-0.013009906241596841,0.014030999588189909,0.40269599455946803
3974,1.0341514432230172,-0.01684414230000673,-0.012910258065900737,0.014141970863251281,0.4026163838400519
3975,1.0339830018000171,-0.01697324488066574,-0.012810155113763683,0.014252058796154023,0.40253677995215337
3976,1.0338132693512105,-0.01710134643180338,-0.01270960257636261,0.014361259856357044,0.4024571828651633
3977,1.0336422558868925,-0.017228442457566998,-0.012608605660119482,0.014469570560058374,0.4023775925500624
3978,1.0334699714623168,-0.017354528514168185,-0.012507169586642719,0.014576987470286481,0.40229800897944396
3979,1.033296426177175,-0.017479600210034626,-0.012405299591924657,0.014683507196973401,0.4022184321274937
3980,1.0331216301750747,-0.017603653205953862,-0.012303000925675128,0.014789126397059371,0.4021388619700142
3981,1.0329455936430152,-0.017726683215210606,-0.012200278851391966,0.014893841774560284,0.4020592984843894
3982,1.0327683268108632,-0.017848686003724537,-0.012097138646378486,0.014997650080666614,0.40197974164959477
3983,1.032589839950826,-0.017969657390188323,-0.011993585601758477,0.015100548113831765,0.4019001914461888
3984,1.0324101433769242,-0.01808959324620591,-0.011889625021674621,0.01520253271984418,0.40182064785632543
3985,1.032229247444462,-0.018208489496422668,-0.011785262223110715,0.01530360079189485,0.40174111086373193
3986,1.0320471625494978,-0.01832634211865377,-0.011680502535391102,0.0154037492706554,0.4016615804537257
3987,1.0318638991283113,-0.018443147144007677,-0.01157535130045087,0.01550297514435518,0.40158205661320845
3988,1.0316794676568712,-0.01855890065701219,-0.011469813872856671,0.015601275448858625,0.40150253933067925
3989,1.0314938786503012,-0.01867359879574076,-0.011363895619081188,0.01569864726772478,0.40142302859622153
3990,1.0313071426623437,-0.01878723775193158,-0.011257601916947468,0.01579508773227288,0.40134352440147963
3991,1.0311192702848244,-0.01889981377110105,-0.011150938155178453,0.015890594021640017,0.4012640267396614
3992,1.0309302721471134,-0.019011323152652835,-0.011043909734030355,0.015985163362850694,0.40118453560553435
3993,1.030740158915587,-0.01912176224999314,-0.010936522064966397,0.016078793030883283,0.4011050509954232
3994,1.030548941293087,-0.019231127470642796,-0.01082878057016276,0.01617148034872066,0.4010255729072073
3995,1.0303566300183806,-0.019339415276344425,-0.010720690681836342,0.016263222687398278,0.4009461013403234
3996,1.0301632358656172,-0.0194466221831628,-0.010612257842178008,0.016354017466049264,0.4008666362957488
3997,1.0299687696437856,-0.01955274476158457,-0.010503487503237818,0.01644386215196948,0.40078717777602557
3998,1.0297732421961698,-0.01965777963661694,-0.010394385127097533,0.016532754260666267,0.40070772578522407
3999,1.0295766643998037,-0.019761723487887912,-0.01028495618551506,0.016620691355901426,0.40062828032894293
4000,1.0293790471649247,-0.019864573049743057,-0.010175206158768713,0.01670767104972569,0.40054884141428926
4001,1.0291804014344272,-0.019966325111330757,-0.010065140535362588,0.01679369100252093,0.40046940904988854
4002,1.028980738183314,-0.02006697651668438,-0.009954764813310119,0.016878748923039998,0.4003899832458619
4003,1.0287800684181472,-0.020166524164817488,-0.009844084498773081,0.016962842568452426,0.40031056401384196
4004,1.028578403176499,-0.02026496500980522,-0.009733105106243672,0.017045969744379465,0.40023115136695103
4005,1.028375753526401,-0.020362296060867657,-0.009621832158180216,0.017128128304909708,0.4001517453198119
4006,1.0281721305657925,-0.020458514382449455,-0.009510271183547636,0.017209316152622525,0.4000723458885323
4007,1.0279675454219679,-0.020553617094284944,-0.009398427719064517,0.017289531238642714,0.39999295309069427
4008,1.0277620092510251,-0.020647601371475588,-0.009286307309225306,0.017368771562649217,0.3999135669453274
4009,1.0275555332373103,-0.02074046444456784,-0.00917391550478694,0.01744703517290593,0.39983418747291927
4010,1.0273481285928647,-0.02083220359961571,-0.009061257863205996,0.017524320166281613,0.3997548146953911
4011,1.0271398065568687,-0.020922816178247764,-0.00894833994776259,0.017600624688243808,0.39967544863609755
4012,1.0269305783950862,-0.021012299577725393,-0.008835167327471416,0.017675946932897733,0.39959608931981916
4013,1.026720455399309,-0.021100651251000104,-0.008721745578125911,0.017750285143009862,0.3995167367727629
4014,1.026509448886799,-0.021187868706781365,-0.008608080280985558,0.01782363760999864,0.39943739102254794
4015,1.0262975701997312,-0.021273949509591224,-0.008494177021991511,0.017896002673954012,0.399358052098204
4016,1.0260848307046353,-0.021358891279811137,-0.008380041392164611,0.017967378723631997,0.39927872003013737
4017,1.0258712417918372,-0.021442691693732772,-0.00826567898693481,0.01803776419645912,0.3991993948501238
4018,1.0256568148749,-0.021525348483602123,-0.008151095406245396,0.018107157578560098,0.39912007659130294
4019,1.0254415613900638,-0.021606859437664577,-0.00803629625542951,0.01817555740474418,0.3990407652881663
4020,1.0252254927956872,-0.02168722240021887,-0.007921287142978739,0.0182429622584914,0.3989614609765425
4021,1.025008620571685,-0.021766435271648656,-0.007806073680315384,0.018309370771957618,0.39888216369359575
4022,1.0247909562189685,-0.021844496008451817,-0.0076906614831454,0.018374781625959832,0.39880287347781035
4023,1.024572511258884,-0.021921402623283286,-0.007575056170139316,0.018439193549972664,0.3987235903689919
4024,1.024353297232651,-0.02199715318498466,-0.007459263362855489,0.018502605322141763,0.3986443144082591
4025,1.0241333257008012,-0.022071745818613223,-0.007343288686571803,0.01856501576923795,0.39856504563799966
4026,1.023912608242615,-0.022145178705478937,-0.0072271377674403,0.01862642376663573,0.3984857841018647
4027,1.0236911564555604,-0.02221745008315334,-0.007110816233407841,0.01868682823832351,0.39840652984476704
4028,1.023468981954729,-0.02228855824548743,-0.006994329715795111,0.018746228156868067,0.39832728291285785
4029,1.023246096372274,-0.022358501542645383,-0.006877683846977373,0.018804622543394437,0.3982480433535156
4030,1.0230225113568476,-0.022427278381115138,-0.006760884260606642,0.018862010467584903,0.39816881121535513
4031,1.0227982385730365,-0.022494887223721217,-0.006643936592066468,0.01891839104760594,0.3980895865481899
4032,1.0225732897007993,-0.022561326589641887,-0.0065268464760182,0.018973763450091954,0.3980103694030393
4033,1.0223476764349029,-0.022626595054402072,-0.0064096195484532326,0.019028126890150186,0.3979311598321138
4034,1.0221214104843588,-0.022690691249886614,-0.0062922614468204074,0.019081480631295916,0.39785195788877764
4035,1.0218945035718598,-0.022753613864354823,-0.006174777807620435,0.019133823985422425,0.39777276362753766
4036,1.0216669674332164,-0.022815361642431017,-0.006057174267154325,0.0191851563127781,0.3976935771040454
4037,1.021438813816792,-0.02287593338510255,-0.005939456461535181,0.019235477021884797,0.39761439837505663
4038,1.021210054482941,-0.02293532794971791,-0.005821630025314439,0.019284785569531955,0.39753522749843817
4039,1.0209807012034438,-0.022993544249971052,-0.005703700593113065,0.019333081460746967,0.3974560645331591
4040,1.020750765760944,-0.02305058125590219,-0.005585673799097524,0.01938036424871256,0.39737690953926313
4041,1.020520259948385,-0.023106437993893156,-0.005467555274420166,0.019426633534731348,0.39729776257787075
4042,1.0202891955684459,-0.023161113546637357,-0.005349350648508333,0.019471888968180712,0.39721862371116595
4043,1.0200575844329796,-0.023214607053122435,-0.005231065549759495,0.019516130246437443,0.3971394930023379
4044,1.0198254383624483,-0.023266917708620032,-0.005112705603365908,0.019559357114856117,0.39706037051559806
4045,1.0195927691853621,-0.02331804476465369,-0.004994276432905009,0.019601569366714918,0.3969812563161632
4046,1.0193595887377156,-0.02336798752898275,-0.004875783659792771,0.019642766843113522,0.39690215047021693
4047,1.0191259088624258,-0.023416745365580683,-0.004757232900339109,0.019682949432931644,0.3968230530449122
4048,1.01889174140877,-0.023464317694584073,-0.004638629768308339,0.01972211707278607,0.3967439641083733
4049,1.0186570982318242,-0.023510703992267155,-0.004519979875269725,0.019760269746931538,0.3966648837296462
4050,1.0184219911919015,-0.023555903791019857,-0.004401288827756977,0.019797407487224777,0.3965858119787223
4051,1.0181864321539913,-0.02359991667929742,-0.004282562228916792,0.019833530373055366,0.396506748926506
4052,1.0179504329871982,-0.023642742301586594,-0.004163805677902532,0.01986863853122103,0.39642769464476474
4053,1.0177140055641825,-0.02368438035836562,-0.0040450247674929385,0.019902732135895735,0.39634864920613544
4054,1.0174771617605989,-0.023724830606040546,-0.00392622508696247,0.01993581140857255,0.3962696126841221
4055,1.0172399134545385,-0.02376409285691017,-0.003807412221664558,0.019967876617940816,0.3961905851530393
4056,1.0170022725259693,-0.023802166979126807,-0.003688591750227732,0.019998928079836054,0.39611156668803155
4057,1.016764250856178,-0.023839052896629083,-0.0035697692459817076,0.020028966157155367,0.39603255736505816
4058,1.0165258603272118,-0.023874750589088906,-0.003450950276743525,0.020057991259729624,0.3959535572608475
4059,1.016287112821321,-0.023909260091856333,-0.003332140403203704,0.020086003844288026,0.3958745664529173
4060,1.0160480202204023,-0.02394258149588839,-0.0032133451808259716,0.020113004414376613,0.3957955850195581
4061,1.0158085944054434,-0.02397471494769664,-0.0030945701595067043,0.02013899352022167,0.3957166130397583
4062,1.0155688472559663,-0.0240056606492917,-0.0029758208805573394,0.020163971758661053,0.39563765059322714
4063,1.0153287906494735,-0.024035418858097266,-0.0028571028782052588,0.020187939773052332,0.395558697760383
4064,1.0150884364608925,-0.024063989886879328,-0.0027384216805723116,0.020210898253148396,0.3954797546222965
4065,1.0148477965620237,-0.024091374103685045,-0.002619782807107701,0.020232847935035516,0.3954008212607059
4066,1.0146068828209869,-0.02411757193175613,-0.0025011917701943387,0.0202537896010399,0.3953218977580187
4067,1.0143657071016694,-0.024142583849458072,-0.0023826540752168446,0.02027372407957334,0.3952429841972457
4068,1.0141242812631748,-0.02416641039021025,-0.0022641752169463847,0.020292652245051106,0.39516408066202585
4069,1.0138826171592727,-0.024189052142379715,-0.002145760681892539,0.02031057501781036,0.39508518723661035
4070,1.0136407266378489,-0.02421050974919864,-0.002027415949698297,0.020327493363961013,0.39500630400579007
4071,1.013398621540357,-0.024230783908695624,-0.0019091464895910903,0.020343408295304906,0.3949274310549095
4072,1.01315631370127,-0.024249875373591533,-0.001790957761619999,0.02035832086923615,0.39484856846987076
4073,1.012913814947534,-0.024267784951207728,-0.0016728552175154787,0.02037223218856256,0.3947697163370594
4074,1.012671137098022,-0.02428451350338288,-0.0015548442971152765,0.02038514340142465,0.3946908747433604
4075,1.0124282919629881,-0.024300061946354028,-0.001436930430636224,0.020397055701214292,0.3946120437761709
4076,1.0121852913435245,-0.0243144312506604,-0.0013191190401025399,0.02040797032639899,0.39453322352332565
4077,1.011942147031018,-0.024327622441061438,-0.0012014155356300515,0.020417888560419505,0.394454414073116
4078,1.0116988708066073,-0.024339636596417726,-0.0010838253159044242,0.02042681173158964,0.3943756155142945
4079,1.011455474440643,-0.02435047484957676,-0.0009663537698439972,0.020434741212907788,0.39429682793598536
4080,1.0112119696921473,-0.024360138387275198,-0.0008490062741337012,0.020441678421963816,0.3942180514276882
4081,1.0109683683082746,-0.02436862845001654,-0.0007317881939028492,0.020447624820848092,0.39413928607930776
4082,1.0107246820237745,-0.02437594633195557,-0.0006147048844898362,0.020452581915961575,0.3940605319810683
4083,1.010480922560455,-0.024382093380800475,-0.0004977616881129965,0.020456551257885203,0.3939817892235147
4084,1.010237101626647,-0.024387070997681615,-0.000380963933385714,0.02045953444127905,0.3939030578975429
4085,1.0099932309166701,-0.024390880637015475,-0.00026431693808767753,0.02046153310470622,0.3938243380943293
4086,1.0097493221103,-0.024393523806396342,-0.00014782600717216932,0.02046254893050383,0.3937456299053199
4087,1.0095053868722361,-0.024395002066468056,-3.149643190272777e-05,0.020462583644683757,0.3936669334222685
4088,1.0092614368515715,-0.02439531703078708,8.466650795846409e-05,0.020461639016738094,0.39358824873714154
4089,1.0090174836812638,-0.024394470365707493,0.00020065754680123615,0.020459716859478505,0.3935095759421011
4090,1.0087735389776067,-0.024392463790239478,0.00031647143444113457,0.020456819028941385,0.39343091512954387
4091,1.0085296143397042,-0.024389299075895078,0.0004321029324935721,0.020452947424213934,0.39335226639204096
4092,1.0082857213489453,-0.024384978046570145,0.0005475468161940389,0.020448103987267856,0.3932736298222966
4093,1.0080418715684796,-0.024379502578408204,0.0006627978766361731,0.020442290702852486,0.39319500551320463
4094,1.0077980765426955,-0.024372874599641846,0.0007778509184709625,0.020435509598301805,0.39311639355778355
4095,1.007554347796699,-0.02436509609045715,0.0008927007611525539,0.020427762743349114,0.39303779404914224
4096,1.0073106968357946,-0.024356169082845623,0.0010073422408084232,0.02041905225003581,0.3929592070805208
4097,1.007067135144966,-0.024346095660437536,0.0011217702073637592,0.020409380272534167,0.3928806327452423
4098,1.0068236741883616,-0.024334877958363893,0.0012359795248664818,0.02039874900694577,0.39280207113663784
4099,1.006580325408778,-0.024322518163115227,0.0013499650749504433,0.02038716069117964,0.39272352234809943
4100,1.0063371002271468,-0.024309018512365724,0.0014637217552812554,0.020374617604773496,0.39264498647305324
4101,1.0060940100420233,-0.02429438129481292,0.0015772444784102613,0.02036112206869039,0.3925664636048825
4102,1.0058510662290752,-0.024278608850028815,0.0016905281745012435,0.020346676445202272,0.3924879538369681
4103,1.0056082801405748,-0.024261703568283794,0.0018035677900922475,0.020331283137729902,0.3924094572626962
4104,1.005365663104892,-0.024243667890382865,0.0019163582866783824,0.020314944590612043,0.3923309739753661
4105,1.0051232264259882,-0.024224504307516076,0.0020288946445273792,0.020297663288953886,0.39225250406821827
4106,1.004880981382913,-0.024204215361070806,0.002141171862335145,0.020279441758479764,0.3921740476344456
4107,1.0046389392293023,-0.02418280364244745,0.002253184954091464,0.020260282565311576,0.3920956047670887
4108,1.0043971111928778,-0.02416027179290654,0.0023649289519296623,0.02024018831581077,0.3920171755590557
4109,1.0041555084749487,-0.024136622503387252,0.0024763989068044,0.020219161656434947,0.39193876010315615
4110,1.003914142249915,-0.02411185851431921,0.0025875898861647817,0.02019720527349392,0.3918603584920096
4111,1.0036730236647717,-0.024085982615457566,0.0026984969767743228,0.02017432189296311,0.39178197081803345
4112,1.0034321638386172,-0.024058997645689827,0.002809115285523217,0.02015051428036017,0.3917035971735069
4113,1.0031915738621604,-0.02403090649283459,0.002919439936275442,0.020125785240519212,0.3916252376504855
4114,1.002951264797232,-0.02400171209347184,0.0030294660711824295,0.020100137617388457,0.39154689234078
4115,1.0027112476762974,-0.023971417432760024,0.0031391888533705004,0.020073574293886773,0.3914685613359983
4116,1.0024715335019698,-0.023940025544226317,0.00324860346470654,0.02004609819166977,0.3913902447274852
4117,1.0022321332465276,-0.02390753950957925,0.0033577051062548546,0.020017712270914274,0.3913119426062527
4118,1.0019930578514318,-0.023873962458516695,0.003466489000158446,0.019988419530182645,0.391233655063054
4119,1.0017543182268467,-0.023839297568515112,0.0035749503879947686,0.01995822300621751,0.3911553821883444
4120,1.0015159252511616,-0.023803548064635152,0.003683084529955416,0.019927125773696118,0.39107712407220313
4121,1.0012778897705152,-0.023766717219335612,0.0037908867084603115,0.019895130945068444,0.3909988808043833
4122,1.001040222598322,-0.02372880835225101,0.003898352227445917,0.01986224167035691,0.3909206524743195
4123,1.0008029345147995,-0.023689824829976554,0.00400547641003321,0.019828461136920227,0.39084243917103295
4124,1.0005660362664996,-0.023649770065876215,0.004112254601050247,0.019793792569278462,0.390764240983159
4125,1.0003295385658408,-0.0236086475198657,0.004218682167181492,0.019758239228934563,0.3906860579989697
4126,1.0000934520906422,-0.023566460698193903,0.004324754494988564,0.01972180441410745,0.3906078903062672
4127,0.9998577874836602,-0.023523213153244005,0.004430466993302351,0.019684491459528154,0.3905297379923913
4128,0.9996225553521277,-0.023478908483310978,0.004535815094821871,0.019646303736277203,0.3904516011442771
4129,0.9993877662672946,-0.02343355033236275,0.004640794252553648,0.019607244651536716,0.39037347984836457
4130,0.999153430763971,-0.023387142389837228,0.004745399941088052,0.019567317648372922,0.39029537419057264
4131,0.9989195593400726,-0.023339688390426352,0.004849627659021943,0.019526526205564408,0.3902172842563749
4132,0.9986861624561684,-0.023291192113836127,0.004953472927195501,0.01948487383735256,0.390139210130732
4133,0.99845325053503,-0.023241657384564168,0.0050569312884879425,0.019442364093189196,0.3900611518980372
4134,0.9982208339611843,-0.023191088071679293,0.005159998310719088,0.01939900055758121,0.3899831096421707
4135,0.9979889230804675,-0.0231394880885721,0.005262669584379237,0.019354786849862447,0.38990508344647457
4136,0.9977575281995817,-0.023086861392728305,0.005364940721502426,0.019309726623929612,0.3898270733936561
4137,0.9975266595856545,-0.023033211985513273,0.0054668073589624055,0.0192638235680492,0.3897490795658469
4138,0.9972963274657993,-0.022978543911923645,0.005568265158466534,0.019217081404645838,0.3896711020446168
4139,0.9970665420266801,-0.022922861260338982,0.005669309804662015,0.01916950389002504,0.38959314091087
4140,0.9968373134140767,-0.022866168162292366,0.005769937006557813,0.019121094814182858,0.38951519624487113
4141,0.9966086517324537,-0.022808468792226783,0.005870142498463071,0.019071858000611782,0.3894372681263074
4142,0.9963805670445315,-0.022749767367242144,0.005969922037817599,0.019021797306020306,0.38935935663418864
4143,0.996153069370859,-0.02269006814686398,0.006069271406621696,0.01897091662009592,0.3892814618468229
4144,0.9959261686893903,-0.022629375432797763,0.006168186413602755,0.018919219865309856,0.38920358384188375
4145,0.9956998749350623,-0.022567693568661732,0.00626666289238173,0.01886671099666544,0.38912572269633516
4146,0.9954741979993756,-0.022505026939737913,0.006364696700006528,0.01881339400144568,0.3890478784863839
4147,0.9952491477299783,-0.022441379972737853,0.00646228372034624,0.018759272899020726,0.38897005128755074
4148,0.9950247339302509,-0.022376757135534383,0.006559419862983418,0.01870435174059649,0.3888922411746454
4149,0.9948009663588956,-0.022311162936904546,0.006656101062048753,0.01864863460893489,0.3888144482216749
4150,0.9945778547295265,-0.02224460192628406,0.0067523232791905086,0.01859212561814299,0.3887366725019038
4151,0.9943554087102637,-0.022177078693492166,0.0068480825028449654,0.01853482891346931,0.3886589140878859
4152,0.9941336379233288,-0.022108597868463715,0.006943374745938674,0.01847674867100844,0.3885811730513557
4153,0.9939125519446441,-0.022039164121004328,0.007038196047888801,0.01841788909747385,0.38850344946323523
4154,0.9936921603034341,-0.02196878216052544,0.007132542476180614,0.018358254429982825,0.3884257433936995
4155,0.9934724724818288,-0.02189745673576363,0.007226410124421823,0.01829784893576149,0.38834805491207186
4156,0.9932534979144712,-0.021825192634519416,0.007319795112837035,0.018236676911904434,0.3882703840868089
4157,0.993035245988126,-0.021751994683391042,0.0074126935897581014,0.018174742685175316,0.3881927309855825
4158,0.992817726041292,-0.021677867747493453,0.007505101730607977,0.018112050611734487,0.38811509567521996
4159,0.9926009473638171,-0.02160281673018739,0.007597015736781898,0.018048605076858966,0.388037478221641
4160,0.9923849191965152,-0.02152684657281957,0.00768843183872811,0.017984410494725753,0.3879598786899283
4161,0.992169650730787,-0.02144996225443227,0.00777934629559468,0.017919471308159646,0.38788229714433986
4162,0.9919551511082427,-0.021372168791476322,0.00786975539314047,0.017853791988353598,0.38780473364819024
4163,0.991741429420328,-0.021293471237544933,0.00795965544510932,0.01778737703463264,0.38772718826389235
4164,0.9915284947079525,-0.02121387468309384,0.008049042794480432,0.017720230974228778,0.3876496610530067
4165,0.9913163559611216,-0.021133384255149032,0.008137913811704367,0.01765235836197508,0.3875721520761403
4166,0.9911050221185701,-0.02105200511703198,0.008226264895359742,0.01758376378004774,0.38749466139293653
4167,0.9908945020673998,-0.020969742468078385,0.00831409247466483,0.017514451837749516,0.3874171890621633
4168,0.990684804642719,-0.020886601543331752,0.008401393007072544,0.017444427171235462,0.38733973514164427
4169,0.9904759386272857,-0.02080258761326102,0.008488162977692837,0.017373694443230586,0.38726229968820575
4170,0.9902679127511531,-0.02071770598348407,0.008574398901690372,0.0173022583428028,0.3871848827577578
4171,0.9900607356913182,-0.02063196199446716,0.008660097324186683,0.017230123585098737,0.38710748440528864
4172,0.9898544160713736,-0.020545361021225308,0.008745254818693232,0.017157294911033752,0.38703010468475363
4173,0.9896489624611613,-0.02045790847303838,0.008829867988927043,0.01708377708706661,0.3869527436491205
4174,0.9894443833764309,-0.020369609793149106,0.008913933468797652,0.017009574904956887,0.38687540135043086
4175,0.9892406872784995,-0.02028047045846113,0.008997447921063467,0.016934693181462044,0.3867980778396839
4176,0.9890378825739149,-0.020190495979250503,0.009080408037807214,0.01685913675806945,0.3867207731668489
4177,0.9888359776141223,-0.020099691898872417,0.009162810542669708,0.016782910500761132,0.3866434873809386
4178,0.9886349806951337,-0.020008063793445722,0.009244652189982494,0.01670601929971902,0.38656622052994827
4179,0.9884349000571993,-0.019915617271545904,0.009325929763089463,0.01662846806905343,0.3864889726608052
4180,0.9882357438844838,-0.019822357973915003,0.009406640076574518,0.016550261746562527,0.3864117438194547
4181,0.9880375203047446,-0.01972829157314926,0.00948677997589742,0.01647140529346341,0.3863345340508533
4182,0.987840237389013,-0.019633423773390283,0.009566346336341569,0.016391903694081323,0.3862573433988601
4183,0.9876439031512791,-0.01953776031002687,0.009645336064254134,0.016311761955587797,0.3861801719062769
4184,0.9874485255481789,-0.019441306949384323,0.009723746098443953,0.01623098510776368,0.3861030196149173
4185,0.987254112478685,-0.019344069488399875,0.009801573407933889,0.01614957820269207,0.38602588656550674
4186,0.987060671783801,-0.01924605375432054,0.00987881499205423,0.016067546314488614,0.3859487727976713
4187,0.9868682112462578,-0.01914726560440001,0.009955467882492991,0.015984894539051483,0.3858716783500328
4188,0.9866767385902138,-0.019047710925575074,0.010031529142653095,0.015901627993769926,0.38579460326015347
4189,0.986486261480958,-0.018947395634148535,0.010106995866856205,0.015817751817219554,0.38571754756447596
4190,0.9862967875246165,-0.01884632567547997,0.01018186518175937,0.015733271168924458,0.3856405112983982
4191,0.9861083242678617,-0.018744507023662385,0.010256134246427462,0.015648191229088566,0.3855634944962935
4192,0.985920879197625,-0.01864194568119812,0.010329800250649251,0.015562517198283726,0.38548649719139866
4193,0.9857344597408131,-0.018538647678691636,0.010402860416050819,0.01547625429717948,0.3854095194158426
4194,0.9855490732640262,-0.01843461907453112,0.010475311997302506,0.015389407766282644,0.3853325612007264
4195,0.9853647270732808,-0.018329865954558093,0.010547152281529248,0.015301982865634835,0.38525562257603796
4196,0.9851814284137352,-0.018224394431742803,0.010618378587397143,0.015213984874527646,0.38517870357062806
4197,0.9849991844694178,-0.018118210645868812,0.010688988266543409,0.015125419091255699,0.38510180421229157
4198,0.9848180023629591,-0.018011320763203394,0.010758978703502009,0.015036290832824595,0.3850249245277634
4199,0.9846378891553271,-0.017903730976168354,0.010828347314549847,0.014946605434646494,0.38494806454262964
4200,0.9844588518455655,-0.017795447503022865,0.010897091549016136,0.014856368250265874,0.3848712242813846
4201,0.9842808973705353,-0.017686476587532703,0.010965208890025002,0.01476558465109698,0.3847944037674816
4202,0.98410403260466,-0.017576824498632446,0.011032696853394697,0.014674260026117894,0.38471760302322905
4203,0.9839282643596736,-0.0174664975300985,0.011099552986832684,0.014582399781586274,0.38464082206979616
4204,0.9837535993843727,-0.017355502000230175,0.011165774871945283,0.014490009340779663,0.38456406092729734
4205,0.9835800443643704,-0.01724384425151072,0.011231360123680617,0.014397094143692573,0.38448731961475097
4206,0.9834076059218553,-0.017131530650273927,0.011296306389756844,0.014303659646734294,0.38441059815001066
4207,0.9832362906153526,-0.017018567586376345,0.011360611351893812,0.014209711322461547,0.384333896549843
4208,0.9830661049394888,-0.016904961472857413,0.011424272725571033,0.01411525465931367,0.3842572148299693
4209,0.9828970553247602,-0.016790718745601698,0.011487288259405815,0.014020295161294442,0.38418055300497034
4210,0.9827291481373043,-0.016675845863007636,0.011549655734947317,0.013924838347692477,0.3841039110883032
4211,0.9825623896786742,-0.016560349305658147,0.011611372968388933,0.013828889752807933,0.384027289092378
4212,0.9823967861856175,-0.016444235575974266,0.01167243780978336,0.013732454925644545,0.3839506870284915
4213,0.9822323438298578,-0.016327511197876444,0.011732848142625846,0.01363553942962261,0.3838741049067846
4214,0.982069068717879,-0.016210182716450177,0.011792601884308002,0.013538148842304346,0.3837975427363258
4215,0.9819069668907145,-0.016092256697607096,0.01185169698651553,0.01344028875511484,0.383721000525129
4216,0.9817460443237385,-0.01597373972774195,0.01191013143466299,0.013341964773023818,0.38364447828005993
4217,0.9815863069264611,-0.015854638413395305,0.0119679032480529,0.013243182514267097,0.38356797600687237
4218,0.9814277605423272,-0.015734959380914786,0.012025010481234999,0.013143947610068228,0.3834914937102962
4219,0.981270410948518,-0.015614709276102444,0.012081451222893183,0.013044265704343123,0.38341503139396693
4220,0.981114263855757,-0.015493894763873493,0.012137223595390795,0.012944142453403223,0.38333858906039153
4221,0.9809593249081182,-0.015372522527919576,0.012192325755569708,0.012843583525677214,0.3832621667110237
4222,0.980805599682839,-0.015250599270363888,0.0122467558951838,0.012742594601421733,0.3831857643462709
4223,0.9806530936901353,-0.01512813171141205,0.012300512239997799,0.012641181372404825,0.3831093819654041
4224,0.9805018123730211,-0.015005126589012074,0.012353593050335523,0.012539349541631595,0.38303301956660396
4225,0.9803517611071311,-0.014881590658508729,0.012405996621834281,0.012437104823066399,0.38295667714704823
4226,0.980202945200546,-0.014757530692290384,0.012457721284402437,0.012334452941330459,0.38288035470282195
4227,0.9800553698936231,-0.014632953479446343,0.012508765402306637,0.01223139963140212,0.3828040522289064
4228,0.9799090403588286,-0.014507865825423277,0.012559127374714082,0.012127950638342756,0.3827277697192689
4229,0.9797639617005744,-0.014382274551676143,0.012608805636240145,0.012024111716999285,0.38265150716686597
4230,0.9796201389550577,-0.014256186495313737,0.012657798656044439,0.011919888631696815,0.38257526456355073
4231,0.9794775770901046,-0.014129608508753295,0.012706104937983756,0.01181528715596438,0.382499041900119
4232,0.9793362810050171,-0.014002547459373465,0.012753723021169741,0.011710313072246924,0.38242283916639114
4233,0.9791962555304234,-0.01387501022916176,0.012800651479459718,0.011604972171605034,0.38234665635112697
4234,0.9790575054281319,-0.01374700371436717,0.012846888921350594,0.011499270253411435,0.38227049344200836
4235,0.9789200353909882,-0.013618534825153659,0.012892433990615779,0.011393213125074677,0.38219435042572775
4236,0.9787838500427366,-0.013489610485247504,0.012937285366828102,0.011286806601747624,0.38211822728799616
4237,0.9786489539378841,-0.013360237631579217,0.012981441764211565,0.011180056506025366,0.3820421240134595
4238,0.9785153515615683,-0.013230423213937099,0.013024901931960944,0.011072968667662827,0.38196604058575473
4239,0.9783830473294289,-0.013100174194617481,0.013067664654632868,0.010965548923288984,0.3818899769875989
4240,0.9782520455874828,-0.012969497548071172,0.01310972875208885,0.010857803116104422,0.3818139332006926
4241,0.978122350612002,-0.012838400260550286,0.013151093079238549,0.010749737095577402,0.38173790920569645
4242,0.9779939666093965,-0.012706889329757895,0.013191756526326204,0.010641356717171736,0.3816619049823226
4243,0.9778668977160989,-0.012574971764494626,0.013231718019162814,0.010532667842053237,0.3815859205093502
4244,0.977741147998454,-0.012442654584302998,0.013270976518313243,0.010423676336791053,0.38150995576454
4245,0.977616721452611,-0.01230994481911987,0.01330953101969616,0.01031438807306698,0.3814340107246748
4246,0.9774936220044198,-0.012176849508922912,0.013347380554674243,0.010204808927390334,0.3813580853656512
4247,0.9773718535093305,-0.012043375703376163,0.013384524190245689,0.010094944780801876,0.3812821796624079
4248,0.9772514197522968,-0.01190953046147372,0.013420961028668688,0.009984801518577538,0.3812062935889051
4249,0.977132324447682,-0.011775320851187028,0.013456690207491809,0.009874385029953326,0.38113042711821316
4250,0.9770145712391702,-0.011640753949112103,0.01349171089977598,0.009763701207827416,0.38105458022253497
4251,0.9768981636996791,-0.011505836840114334,0.013526022313665453,0.009652755948466497,0.3809787528731072
4252,0.976783105331278,-0.011370576616977693,0.013559623692829814,0.009541555151211408,0.38090294504023653
4253,0.9766693995651082,-0.011234980380049385,0.013592514316266638,0.009430104718193739,0.38082715669339207
4254,0.9765570497613077,-0.011099055236886713,0.013624693498523743,0.009318410554045623,0.38075138780115003
4255,0.9764460592089389,-0.010962808301901479,0.013656160589409147,0.009206478565606028,0.38067563833116097
4256,0.9763364311259198,-0.010826246696007395,0.013686914974002304,0.009094314661640065,0.38059990825022283
4257,0.9762281686589598,-0.01068937754626736,0.013716956073036302,0.008981924752544099,0.3805241975243357
4258,0.9761212748834971,-0.010552207985536992,0.013746283342443086,0.0088693147500588,0.38044850611860886
4259,0.9760157528036417,-0.010414745152112563,0.013774896273754736,0.008756490566977002,0.3803728339972871
4260,0.9759116053521206,-0.010276996189375021,0.013802794393849294,0.008643458116861236,0.3802971811238419
4261,0.9758088353902269,-0.010138968245436527,0.01382997726486368,0.008530223313756235,0.38022154746093517
4262,0.9757074457077726,-0.010000668472787886,0.013856444484213401,0.008416792071893922,0.38014593297036253
4263,0.9756074390230447,-0.009862104027945766,0.013882195684573745,0.00830317030541396,0.3800703376131128
4264,0.9755088179827652,-0.009723282071100044,0.013907230533981227,0.008189363928070997,0.37999476134944765
4265,0.9754115851620543,-0.009584209765760208,0.013931548735629656,0.008075378852950432,0.3799192041388095
4266,0.9753157430643967,-0.00944489427840391,0.013955150028349891,0.00796122099218427,0.3798436659398309
4267,0.9752212941216127,-0.009305342778120416,0.013978034186069577,0.007846896256666635,0.3797681467104256
4268,0.9751282406938315,-0.009165562436259716,0.014000201017902933,0.007732410555769301,0.3796926464077991
4269,0.9750365850694689,-0.00902556042608068,0.014021650368139377,0.007617769797054403,0.37961716498837544
4270,0.9749463294652081,-0.008885343922399295,0.01404238211633796,0.007502979885993947,0.3795417024078349
4271,0.974857476025984,-0.00874492010123591,0.014062396177331946,0.00738804672567782,0.37946625862119693
4272,0.9747700268249717,-0.00860429613946259,0.01408169250080249,0.007272976216537421,0.37939083358275943
4273,0.9746839838635771,-0.008463479214454558,0.014100271071639248,0.0071577742560616575,0.3793154272460771
4274,0.9745993490714325,-0.00832247650373816,0.01411813190970064,0.007042446738515397,0.37924003956403485
4275,0.9745161243063951,-0.008181295184641153,0.014135275069806427,0.006926999554655936,0.3791646704888997
4276,0.9744343113545487,-0.008039942433943096,0.014151700641703083,0.006811438591449445,0.37908931997222844
4277,0.9743539119302093,-0.007898425427526062,0.014167408750351412,0.006695769731797563,0.37901398796489477
4278,0.974274927675934,-0.007756751340022546,0.014182399555739168,0.006579998854252384,0.3789386744171913
4279,0.9741973601625338,-0.0076149273444651505,0.014196673252343042,0.006464131832739871,0.37886337927881125
4280,0.9741212108890891,-0.007472960611941722,0.014210230069646307,0.006348174536280416,0.3787881024987834
4281,0.9740464812829697,-0.007330858311245255,0.014223070271929227,0.006232132828711313,0.3787128440255252
4282,0.9739731726998572,-0.007188627608525963,0.014235194158126012,0.006116012568403444,0.3786376038069223
4283,0.9739012864237719,-0.007046275666944715,0.014246602061702938,0.005999819607984204,0.37856238179024904
4284,0.9738308236671025,-0.0069038096463276775,0.014257294350849652,0.005883559794069994,0.3784871779221644
4285,0.9737617855706392,-0.006761236702819191,0.014267271428417619,0.005767238966982672,0.37841199214880084
4286,0.973694173203611,-0.00661856398853501,0.014276533731498418,0.005650862960476339,0.37833682441579874
4287,0.9736279875637256,-0.006475798651220032,0.014285081731829768,0.005534437601463789,0.37826167466821436
4288,0.9735632295772134,-0.006332947833901736,0.01429291593573169,0.005417968709745017,0.37818654285056
4289,0.9734999000988744,-0.006190018674544405,0.014300036883767055,0.005301462097731014,0.3781114289069057
4290,0.973437999912129,-0.006047018305706731,0.01430644515064812,0.005184923570170405,0.37803633278084353
4291,0.9733775297290719,-0.005903953854200265,0.014312141345374542,0.005068358923883983,0.3779612544154258
4292,0.9733184901905299,-0.005760832440746522,0.014317126111382077,0.004951773947487107,0.37788619375323435
4293,0.9732608818661224,-0.005617661179632694,0.014321400125742907,0.004835174421118584,0.37781115073645827
4294,0.973204705254326,-0.005474447178375253,0.014324964099596618,0.004718566116174829,0.3777361253068087
4295,0.9731499607825422,-0.005331197537379294,0.014327818778198699,0.0046019547950426395,0.3776611174055161
4296,0.9730966488071684,-0.005187919349597304,0.014329964940697701,0.00448534621082888,0.3775861269734208
4297,0.9730447696136725,-0.0050446197001903295,0.014331403399893729,0.004368746107088702,0.3775111539510097
4298,0.9729943234166706,-0.0049013056661913815,0.014332135002273691,0.004252160217571278,0.3774361982783284
4299,0.9729453103600086,-0.00475798431616865,0.014332160628582856,0.004135594265948154,0.37736125989502134
4300,0.9728977305168469,-0.004614662709882828,0.014331481192753313,0.004019053965546404,0.3772863387404288
4301,0.9728515838897481,-0.004471347897955295,0.014330097641995602,0.00390254501908631,0.3772114347535453
4302,0.9728068704107685,-0.004328046921535332,0.014328010957137018,0.00378607311842149,0.3771365478729648
4303,0.9727635899415532,-0.004184766811963962,0.014325222152634983,0.0036696439442762446,0.3770616780369462
4304,0.9727217422734336,-0.004041514590437623,0.014321732275837731,0.003553263165972111,0.3769868251834983
4305,0.9726813271275292,-0.003898297267679238,0.014317542406927439,0.0034369364411824194,0.37691198925030206
4306,0.9726423441548524,-0.003755121843609962,0.014312653659838293,0.0033206694156726387,0.37683717017470175
4307,0.9726047929364163,-0.0036119953070115882,0.014307067181528257,0.003204467723035637,0.37676236789378065
4308,0.9725686729833463,-0.0034689246351963104,0.014300784151337464,0.0030883369844308733,0.3766875823444159
4309,0.9725339837369943,-0.003325916793682932,0.014293805781507105,0.002972282808338335,0.376612813463196
4310,0.9725007245690575,-0.0031829787358678536,0.014286133317487019,0.002856310790305418,0.3765380611864478
4311,0.9724688947816987,-0.0030401174026929803,0.014277768037418877,0.0027404265126750376,0.37646332545032335
4312,0.9724384936076718,-0.0028973397223187878,0.014268711251297708,0.0026246355443393784,0.37638860619078557
4313,0.9724095202104486,-0.0027546526098058176,0.014258964301803543,0.0025089434404978357,0.3763139033435385
4314,0.9723819736843505,-0.0026120629667877883,0.014248528564452401,0.002393355742397452,0.3762392168440813
4315,0.9723558530546826,-0.0024695776811432435,0.014237405446419632,0.002277877977073749,0.3761645466278062
4316,0.9723311572778712,-0.002327203626679054,0.014225596386798385,0.002162515657105423,0.3760898926299372
4317,0.9723078852416044,-0.002184947662811067,0.01421310285705065,0.0020472742803800664,0.37601525478550346
4318,0.9722860357649763,-0.0020428166342405644,0.014199926361249107,0.0019321593298335128,0.3759406330294082
4319,0.9722656075986339,-0.0019008173706280764,0.01418606843457737,0.001817176273196382,0.375866027296496
4320,0.9722465994249276,-0.0017589566862823056,0.014171530643595212,0.0017023305627660097,0.37579143752147803
4321,0.9722290098580648,-0.0016172413798463592,0.014156314587106872,0.0015876276351594295,0.37571686363893864
4322,0.9722128374442663,-0.0014756782339752877,0.014140421895572682,0.0014730729110607585,0.3756423055834072
4323,0.9721980806619266,-0.0013342740150195538,0.014123854230337221,0.0013586717949692862,0.37556776328938984
4324,0.9721847379217764,-0.001193035472716176,0.014106613283737171,0.0012444296749806814,0.37549323669128615
4325,0.9721728075670493,-0.0010519693398788074,0.014088700780138172,0.0011303519225452246,0.37541872572341756
4326,0.9721622878736504,-0.0009110823320774371,0.014070118474663974,0.001016443892212084,0.3753442303201238
4327,0.9721531770503297,-0.0007703811473307987,0.014050868152544693,0.0009027109213959334,0.3752697504157494
4328,0.9721454732388564,-0.0006298724658053377,0.014030951630251231,0.0007891583301521852,0.37519528594458185
4329,0.9721391745141983,-0.0004895629495028184,0.014010370755717427,0.0006757914209411323,0.3751208368409091
4330,0.9721342788847033,-0.00034945924194566114,0.013989127407019042,0.000562615478372754,0.37504640303910797
4331,0.9721307842922838,-0.00020956796787548258,0.013967223492151928,0.00044963576898965157,0.37497198447358737
4332,0.972128688612605,-6.98957329539503e-05,0.013944660949702118,0.0003368575410480328,0.3748975810787491
4333,0.9721279896552755,6.95508765430692e-05,0.013921441749026658,0.00022428602426833414,0.37482319278905685
4334,0.9721286851640409,0.0002087652940333281,0.013897567888766863,0.00011192642959523863,0.37474881953910566
4335,0.9721307728169812,0.0003477409729210113,0.013873041397369511,-2.160510129218618e-07,0.3746744612635464
4336,0.9721342502267104,0.0004864713868946983,0.013847864333562231,-0.00011213624480596083,0.3746001178970808
4337,0.9721391149405794,0.0006249500302303264,0.013822038786084198,-0.00022382899847955527,0.37452578937453707
4338,0.9721453644408816,0.0007631704180911767,0.01379556687257413,-0.0003352891784083421,0.37445147563091663
4339,0.9721529961450626,0.0009011260868169253,0.01376845073963039,-0.0004465116708467295,0.37437717660130965
4340,0.9721620074059307,0.0010388105942132212,0.013740692564053912,-0.0005574913821578764,0.3743028922209224
4341,0.9721723955118728,0.0011762175198537573,0.01371229455179159,-0.00066822323904579,0.3742286224251695
4342,0.9721841576870713,0.001313340465371677,0.01368325893719621,-0.0007787021887760546,0.3741543671496745
4343,0.972197291091725,0.0014501730547436286,0.013653587983539052,-0.0008889231993771787,0.3740801263301845
4344,0.9722117928222724,0.0015867089345790177,0.013623283983336234,-0.0009988812598564155,0.37400589990260935
4345,0.9722276599116182,0.0017229417744123834,0.013592349257483642,-0.0011085713804396859,0.37393168780311736
4346,0.9722448893293623,0.0018588652669872215,0.013560786154492993,-0.0012179885927750078,0.3738574899681033
4347,0.9722634779820322,0.0019944731285321485,0.013528597051429142,-0.0013271279501335365,0.3737833063341392
4348,0.9722834227133175,0.0021297590990464335,0.013495784354402868,-0.0014359845276297207,0.3737091368380229
4349,0.9723047203043079,0.0022647169425904605,0.013462350497106916,-0.0015445534224417484,0.37363498141686885
4350,0.9723273674737338,0.002399340447561523,0.013428297940573774,-0.001652829754010248,0.37356084000804307
4351,0.9723513608782094,0.00253362342696727,0.013393629173560385,-0.0017608086642319327,0.3734867125491378
4352,0.9723766971124791,0.002667559718702876,0.013358346713201307,-0.0018684853176812114,0.3734125989780424
4353,0.9724033727096661,0.0028011431858348855,0.013322453103336886,-0.0019758549018302355,0.3733384992330084
4354,0.9724313841415245,0.0029343677168682594,0.013285950914643171,-0.002082912627233132,0.37326441325256404
4355,0.9724607278186932,0.0030672272260146775,0.01324884274562569,-0.0021896537277229493,0.3731903409755067
4356,0.9724914000909534,0.003199715653470932,0.013211131222057668,-0.0022960734606192407,0.37311628234097516
4357,0.972523397247488,0.0033318269656915146,0.013172818995584503,-0.002402167106943887,0.37304223728850033
4358,0.972556715517145,0.0034635551556473636,0.013133908744012244,-0.002507929971595025,0.37296820575792405
4359,0.9725913510687014,0.003594894243087486,0.013094403172413394,-0.00261335738354371,0.3728941876894105
4360,0.9726273000111323,0.0037258382748116183,0.013054305012652097,-0.0027184446960489524,0.3728201830235249
4361,0.9726645583938804,0.003856381324938137,0.013013617021882026,-0.002823187286849281,0.37274619170126616
4362,0.9727031222071298,0.003986517495156957,0.012972341983166491,-0.0029275805583325203,0.3726722136639835
4363,0.9727429873820814,0.00411624091498862,0.012930482706048838,-0.0030316199377282416,0.3725982488533941
4364,0.9727841497912313,0.0042455457420491095,0.012888042025596645,-0.0031353008773189464,0.3725242972116645
4365,0.9728266052486518,0.0043744261623050625,0.012845022801580112,-0.0032386188546280324,0.3724503586814179
4366,0.9728703495102748,0.004502876390320876,0.012801427919028191,-0.003341569372582873,0.3723764332056537
4367,0.9729153782741781,0.004630890669511151,0.012757260289253183,-0.003444147959708587,0.372302520727784
4368,0.9729616871808732,0.004758463272403685,0.012712522848302606,-0.003546350170325842,0.3722286211917197
4369,0.9730092718135972,0.004885588500886713,0.012667218556132384,-0.0036481715847220797,0.3721547345418469
4370,0.9730581276986061,0.005012260686448036,0.012621350397388868,-0.003749607809317401,0.372080860722967
4371,0.9731082503054705,0.005138474190421922,0.012574921381967377,-0.0038506544768517293,0.37200699968034245
4372,0.9731596350473748,0.005264223404241599,0.012527934543926644,-0.00395130724658583,0.37193315135978494
4373,0.9732122772814172,0.005389502749680855,0.012480392940685224,-0.004051561804458355,0.3718593157076174
4374,0.973266172308914,0.005514306679087711,0.012432299653892288,-0.004151413863244637,0.3717854926706171
4375,0.9733213153757049,0.005638629675626631,0.012383657790008516,-0.0042508591627412945,0.37171168219605544
4376,0.9733777016724612,0.0057624662535267325,0.012334470478218632,-0.004349893469952754,0.3716378842317804
4377,0.9734353263349964,0.005885810958308914,0.012284740870333669,-0.0044485125792484695,0.37156409872616364
4378,0.9734941844445795,0.006008658367012238,0.012234472141714262,-0.004546712312517028,0.3714903256280644
4379,0.9735542710282495,0.006131003088429369,0.012183667491847405,-0.0046444885193475975,0.3714165648868826
4380,0.9736155810591338,0.006252839763347846,0.012132330142605001,-0.004741837077212511,0.3713428164526333
4381,0.9736781094567672,0.0063741630647738984,0.0120804633378176,-0.004838753891600266,0.3712690802758765
4382,0.973741851087415,0.0064949676981520595,0.012028070344208448,-0.004935234896171626,0.37119535630769374
4383,0.9738068007643965,0.0066152484015941405,0.01197515445156349,-0.005031276052935696,0.3711216444997501
4384,0.9738729532484125,0.0067349999461097775,0.011921718970934851,-0.005126873352426366,0.37104794480436437
4385,0.9739403032478736,0.00685421713581914,0.011867767234920931,-0.005222022813835974,0.37097425717442395
4386,0.9740088454192318,0.00697289480816835,0.011813302598437346,-0.005316720485161565,0.3709005815633679
4387,0.9740785743673135,0.007091027834152712,0.011758328438993583,-0.0054109624433752125,0.3708269179252447
4388,0.974149484645655,0.0072086111185426455,0.011702848154457254,-0.005504744794586441,0.3707532662147695
4389,0.9742215707568405,0.007325639600087212,0.01164686516317525,-0.00559806367416569,0.37067962638724244
4390,0.9742948271528413,0.007442108251718965,0.011590382904944595,-0.005690915246895216,0.3706059983985475
4391,0.9743692482353585,0.00755801208076841,0.01153340484126738,-0.00578329570713236,0.37053238220521684
4392,0.9744448283561662,0.007673346129181081,0.011475934453671482,-0.005875201278968847,0.37045877776447755
4393,0.974521561817458,0.007788105473717792,0.01141797524357762,-0.005966628216341131,0.37038518503416773
4394,0.9745994428721951,0.007902285226153568,0.011359530733215939,-0.00605757280317039,0.3703116039727431
4395,0.9746784657244567,0.00801588053348574,0.011300604465699082,-0.0061480313535206745,0.37023803453933496
4396,0.9747586245297916,0.008128886578142735,0.01124120000266765,-0.006238000211750201,0.37016447669378605
4397,0.974839913395573,0.008241298578169404,0.011181320924946447,-0.006327475752625121,0.3700909303965674
4398,0.9749223263813547,0.008353111787418856,0.01112097083372815,-0.006416454381451241,0.3700173956087847
4399,0.9750058574992289,0.008464321495756143,0.0110601533502383,-0.006504932534225895,0.3699438722922411
4400,0.9750905007141865,0.008574923029258528,0.010998872113865618,-0.006592906677779991,0.36987036040947036
4401,0.975176249944479,0.008684911750397185,0.010937130782277815,-0.006680373309871152,0.36979685992364747
4402,0.975263099061983,0.008794283058219955,0.010874933032385542,-0.006767328959318772,0.36972337079860335
4403,0.9753510418925653,0.008903032388543806,0.010812282560097308,-0.0068537701861551064,0.3696498929988952
4404,0.9754400722164507,0.009011155214144775,0.010749183078794314,-0.006939693581755079,0.3695764264898309
4405,0.9755301837685921,0.009118647044932725,0.010685638319653107,-0.0070250957689318525,0.3695029712373885
4406,0.9756213702390415,0.009225503428129242,0.010621652032417536,-0.007109973402057713,0.3694295272082279
4407,0.9757136252733228,0.009331719948453408,0.010557227985232287,-0.007194323167202913,0.3693560943697434
4408,0.9758069424728074,0.009437292228305734,0.01049236996257863,-0.0072781417822578255,0.3692826726900849
4409,0.9759013153950905,0.009542215927931532,0.010427081765457466,-0.007361425997026596,0.3692092621380786
4410,0.9759967375543698,0.009646486745586108,0.010361367212694816,-0.007444172593346198,0.3691358626832435
4411,0.9760932024218256,0.009750100417713044,0.010295230140758282,-0.007526378385217233,0.3690624742958532
4412,0.9761907034260028,0.009853052719120623,0.010228674401932744,-0.0076080402189217826,0.3689890969469558
4413,0.976289233953194,0.009955339463139963,0.010161703864576613,-0.0076891549731010755,0.3689157306082883
4414,0.9763887873478254,0.010056956501785723,0.010094322413781442,-0.007769719558862229,0.36884237525229036
4415,0.9764893569128432,0.010157899725923536,0.010026533951238842,-0.007849730919909178,0.3687690308521727
4416,0.9765909359101025,0.010258165065435922,0.009958342393324923,-0.007929186032653824,0.3686956973819392
4417,0.9766935175607568,0.010357748489369158,0.009889751671679145,-0.008008081906291938,0.36862237481629817
4418,0.9767970950456505,0.010456646006085956,0.0098207657342321,-0.008086415582906742,0.36854906313067054
4419,0.9769016615057113,0.010554853663428286,0.009751388544763998,-0.008164184137582969,0.3684757623012526
4420,0.9770072100423456,0.010652367548875908,0.009681624081117057,-0.008241384678509845,0.36840247230502815
4421,0.9771137337178344,0.010749183789687072,0.009611476335330549,-0.008318014347046506,0.368329193119685
4422,0.9772212255557312,0.01084529855304038,0.009540949314267091,-0.00839407031782271,0.3682559247236355
4423,0.9773296785412616,0.01094070804618305,0.00947004703988813,-0.008469549798853275,0.3681826670960711
4424,0.9774390856217234,0.01103540851658194,0.009398773547655212,-0.008544450031631158,0.36810942021698745
4425,0.9775494397068892,0.011129396252058481,0.009327132886583142,-0.00861876829118903,0.3680361840670972
4426,0.9776607336694099,0.011222667580924302,0.009255129119880995,-0.008692501886185724,0.36796295862784045
4427,0.9777729603452191,0.011315218872123103,0.009182766325011513,-0.008765648159004002,0.36788974388144663
4428,0.9778861125339403,0.01140704653537322,0.00911004859166717,-0.008838204485845737,0.36781653981095136
4429,0.978000182999294,0.011498147021289892,0.00903698002182457,-0.008910168276790848,0.3677433464001088
4430,0.978115164469507,0.011588516821508145,0.008963564731005874,-0.00898153697587728,0.3676701636333996
4431,0.978231049637722,0.011678152468818195,0.008889806848336873,-0.009052308061193544,0.3675969914960868
4432,0.9783478311624102,0.011767050537301546,0.008815710514557679,-0.009122479044964325,0.3675238299742395
4433,0.9784655016677832,0.011855207642447125,0.008741279882099398,-0.009192047473594001,0.3674506790546467
4434,0.9785840537442076,0.011942620441268132,0.008666519115623217,-0.009261010927736187,0.36737753872482076
4435,0.9787034799486203,0.012029285632424357,0.008591432392141274,-0.009329367022388136,0.36730440897305183
4436,0.9788237728049445,0.012115199956345763,0.008516023899496558,-0.009397113406971027,0.36723128978844327
4437,0.9789449248045079,0.012200360195340727,0.008440297836386917,-0.009464247765368696,0.367158181160829
4438,0.9790669284064613,0.012284763173704595,0.008364258413210215,-0.009530767815992339,0.36708508308076915
4439,0.9791897760381983,0.012368405757836688,0.00828790985202943,-0.009596671311855575,0.36701199553959757
4440,0.9793134600957767,0.012451284856356989,0.00821125638499988,-0.009661956040645162,0.3669389185294495
4441,0.9794379729443402,0.012533397420206987,0.008134302253773179,-0.0097266198247588,0.3668658520431825
4442,0.9795633069185423,0.012614740442744722,0.008057051710426769,-0.009790660521362246,0.36679279607436416
4443,0.9796894543229697,0.012695310959848986,0.007979509017741887,-0.009854076022463585,0.36671975061732787
4444,0.9798164074325683,0.012775106050026406,0.007901678448409832,-0.009916864254976438,0.3666467156672024
4445,0.9799441584930685,0.012854122834510496,0.007823564283503878,-0.00997902318075125,0.36657369121984995
4446,0.9800726997214136,0.012932358477345533,0.007745170814330571,-0.01004055079661368,0.3665006772718246
4447,0.9802020233061871,0.013009810185488843,0.007666502341307155,-0.010101445134429676,0.36642767382043884
4448,0.980332121408042,0.013086475208901901,0.0075875631740855015,-0.010161704261164469,0.36635468086378437
4449,0.9804629861601311,0.013162350840642744,0.007508357628975282,-0.010221326278921875,0.36628169840070884
4450,0.9805946096685375,0.0132374344169325,0.007428890032394261,-0.010280309324961968,0.3662087264307273
4451,0.9807269840127069,0.013311723317256444,0.007349164718385565,-0.010338651571775716,0.36613576495411704
4452,0.9808601012458794,0.013385214964440298,0.007269186030797181,-0.01039635122711399,0.3660628139718952
4453,0.9809939533955239,0.013457906824748272,0.007188958318193953,-0.01045340653403288,0.365989873485845
4454,0.9811285324637713,0.013529796407930193,0.007108485939039053,-0.010509815770884253,0.3659169434983659
4455,0.9812638304278506,0.013600881267320578,0.007027773256932102,-0.010565577251409119,0.3658440240126381
4456,0.9813998392405238,0.013671158999889903,0.006946824645608987,-0.010620689324737656,0.36577111503253223
4457,0.9815365508305227,0.013740627246346004,0.006865644481818811,-0.01067515037546438,0.3656982165627238
4458,0.9816739571029862,0.013809283691164173,0.00678423715245631,-0.010728958823592327,0.3656253286084591
4459,0.9818120499398979,0.013877126062688733,0.0067026070479703215,-0.010782113124645989,0.36555245117578533
4460,0.9819508212005248,0.013944152133168432,0.006620758568950114,-0.010834611769623474,0.36547958427137867
4461,0.9820902627218565,0.01401035971885792,0.006538696117193571,-0.010886453285108896,0.365406727902761
4462,0.9822303663190451,0.014075746680029855,0.006456424103441563,-0.010937636233177481,0.3653338820779651
4463,0.9823711237858455,0.01414031092106428,0.00637394694126589,-0.01098815921153439,0.36526104680583704
4464,0.9825125268950561,0.014204050390476942,0.006291269053393736,-0.011038020853431581,0.3651882220957923
4465,0.9826545673989608,0.014266963081010869,0.006208394864053723,-0.011087219827799933,0.36511540795810493
4466,0.982797237029771,0.014329047029651404,0.0061253288043796456,-0.011135754839117964,0.36504260440352804
4467,0.9829405275000674,0.014390300317695209,0.006042075308727857,-0.011183624627548296,0.36496981144360424
4468,0.9830844305032443,0.014450721070782479,0.005958638817564546,-0.011230827968854518,0.36489702909042887
4469,0.9832289377139521,0.014510307458958118,0.005875023773930024,-0.011277363674522093,0.36482425735692514
4470,0.9833740407885417,0.014569057696697425,0.005791234624658997,-0.011323230591645245,0.3647514962565229
4471,0.9835197313655087,0.014626970042944004,0.005707275821350416,-0.011368427603018484,0.3646787458033805
4472,0.9836660010659382,0.014684042801157513,0.005623151818935079,-0.01141295362708644,0.3646060060122377
4473,0.9838128414939498,0.014740274319346871,0.005538867076339896,-0.011456807617998499,0.36453327689857584
4474,0.9839602442371432,0.014795662990110254,0.005454426053353653,-0.011499988565554713,0.3644605584784355
4475,0.9841082008670443,0.014850207250643786,0.00536983321414497,-0.011542495495220921,0.36438785076847047
4476,0.9842567029395507,0.014903905582785237,0.005285093024705381,-0.011584327468147918,0.3643151537859614
4477,0.9844057419953786,0.014956756513032288,0.005200209954648316,-0.011625483581151175,0.3642424675488358
4478,0.9845553095605089,0.015008758612578766,0.00511518847412476,-0.011665962966719769,0.3641697920756444
4479,0.9847053971466346,0.015059910497320009,0.005030033056007618,-0.01170576479295474,0.364097127385458
4480,0.9848559962516078,0.015110210827880085,0.004944748175308711,-0.011744888263616981,0.364024473497995
4481,0.9850070983598866,0.015159658309633171,0.004859338308219677,-0.011783332618080473,0.36395183043355184
4482,0.985158694942983,0.015208251692715368,0.004773807931596069,-0.011821097131352922,0.36387919821306486
4483,0.9853107774599101,0.015255989772031324,0.004688161522671819,-0.011858181114011594,0.3638065768579695
4484,0.9854633373576305,0.015302871387258046,0.004602403561128898,-0.011894583912221998,0.36373396639029837
4485,0.985616366071503,0.01534889542286932,0.004516538526820671,-0.011930304907717635,0.36366136683266237
4486,0.9857698550257318,0.015394060808137513,0.004430570899798467,-0.011965343517767974,0.36358877820824315
4487,0.9859237956338132,0.015438366517135503,0.004344505159524087,-0.01199969919514686,0.36351620054073974
4488,0.9860781792989846,0.01548181156873075,0.004258345786003689,-0.012033371428101979,0.3634436338543502
4489,0.9862329974146719,0.015524395026590766,0.0041720972590599675,-0.012066359740370184,0.36337107817387393
4490,0.9863882413649377,0.015566115999181366,0.004085764057477834,-0.012098663691120845,0.3632985335246255
4491,0.9865439025249295,0.015606973639756142,0.003999350659127307,-0.012130282874928051,0.3632259999324447
4492,0.9866999722613271,0.01564696714634741,0.003912861541194301,-0.012161216921725882,0.3631534774236284
4493,0.9868564419327905,0.015686095761759354,0.003826301180465258,-0.012191465496797749,0.3630809660250284
4494,0.9870133028904081,0.015724358773564005,0.003739674051538716,-0.012221028300736162,0.3630084657640174
4495,0.9871705464781437,0.015761755514079392,0.0036529846267624455,-0.012249905069393868,0.3629359766684325
4496,0.9873281640332845,0.015798285360347015,0.003566237376540493,-0.012278095573848563,0.3628634987665822
4497,0.987486146886888,0.015833947734112407,0.0034794367701095064,-0.012305599620370169,0.3627910320872254
4498,0.9876444863642291,0.015868742101813497,0.0033925872742610053,-0.01233241705039308,0.3627185766596696
4499,0.9878031737852472,0.0159026679745561,0.0033056933528251287,-0.012358547740445862,0.36264613251362027
4500,0.9879622004649927,0.01593572490808435,0.0032187594665804287,-0.012383991602104325,0.3625736996792389
4501,0.9881215577140736,0.015967912502750158,0.0031317900742430793,-0.012408748581949515,0.36250127818709427
4502,0.9882812368391011,0.01599923040349259,0.003044789630786554,-0.012432818661539537,0.3624288680682442
4503,0.988441229143136,0.016029678299800454,0.002957762587258994,-0.012456201857345067,0.3623564693541835
4504,0.988601525926134,0.016059255925673033,0.002870713391083246,-0.012478898220689361,0.36228408207676455
4505,0.9887621184853908,0.016087963059583862,0.0027836464861416554,-0.012500907837695446,0.36221170626828864
4506,0.9889229981159866,0.016115799524445286,0.002696566313245413,-0.012522230829251238,0.36213934196144737
4507,0.989084156111231,0.01614276518757773,0.002609477307489866,-0.01254286735093218,0.36206698918937713
4508,0.9892455837631068,0.016168859960652635,0.0025223838998215953,-0.012562817592937033,0.36199464798553543
4509,0.9894072723627133,0.016194083799650844,0.002435290515857419,-0.012582081780034546,0.361922318383744
4510,0.9895692132007098,0.016218436704809415,0.0023482015770949494,-0.012600660171508288,0.36185000041822885
4511,0.9897313975677579,0.016241918720580353,0.002261121499802232,-0.012618553061108059,0.3617776941235671
4512,0.9898938167549637,0.01626452993557838,0.0021740546939730265,-0.012635760776945632,0.3617053995347113
4513,0.9900564620543195,0.0162862704825181,0.002087005564997829,-0.012652283681449671,0.3616331166868759
4514,0.9902193247591446,0.016307140538168074,0.0019999785119760582,-0.012668122171283389,0.3615608456156563
4515,0.9903823961645263,0.016327140323287834,0.0019129779285952109,-0.012683276677296906,0.36148858635698916
4516,0.9905456675677592,0.01634627010257379,0.0018260082009532996,-0.012697747664443773,0.36141633894710756
4517,0.9907091302687849,0.016364530184583313,0.0017390737086482588,-0.012711535631691417,0.36134410342256496
4518,0.9908727755706308,0.016381920921669804,0.0016521788258819226,-0.012724641111974517,0.36127187982015313
4519,0.9910365947798475,0.016398442709928608,0.0015653279190910863,-0.01273706467210014,0.36119966817705274
4520,0.9912005792069468,0.016414095989119522,0.0014785253484683736,-0.012748806912684183,0.36112746853066335
4521,0.991364720166838,0.016428881242604203,0.001391775465383327,-0.012759868468039023,0.36105528091865313
4522,0.991529008979264,0.01644279899725802,0.0013050826145882821,-0.012770250006106742,0.36098310537893935
4523,0.9916934369692366,0.016455849823403902,0.0012184511333726555,-0.0127799522284013,0.3609109419496796
4524,0.9918579954674707,0.016468034334737633,0.0011318853497541137,-0.012788975869893558,0.3608387906693605
4525,0.992022675810818,0.016479353188235152,0.0010453895849356354,-0.012797321698948557,0.3607666515765995
4526,0.9921874693427004,0.016489807084084512,0.0009589681502691905,-0.012804990517200895,0.3606945247102853
4527,0.9923523674135413,0.01649939676558721,0.000872625350325229,-0.012811983159499413,0.360622410109501
4528,0.9925173613811972,0.016508123019090458,0.0007863654800985276,-0.012818300493811855,0.36055030781356723
4529,0.992682442611388,0.01651598667389144,0.0007001928246018474,-0.01282394342110331,0.36047821786202777
4530,0.992847602478127,0.016522988602137446,0.0006141116606377117,-0.01282891287528144,0.36040614029451423
4531,0.9930128323641484,0.016529129718743825,0.0005281262543938015,-0.012833209823059702,0.3603340751509232
4532,0.9931781236613358,0.016534410981287766,0.0004422408642455744,-0.012836835263910232,0.3602620224712877
4533,0.9933434677711487,0.016538833389930202,0.00035645973741171844,-0.012839790229929888,0.3601899822958221
4534,0.993508856105048,0.016542397987304315,0.0002707871109865201,-0.01284207578572953,0.36011795466488306
4535,0.9936742800849211,0.016545105858414184,0.0001852272129697352,-0.012843693028361863,0.3600459396188913
4536,0.9938397311435052,0.01654695813054387,9.978425945911251e-05,-0.012844643087186773,0.3599739371985192
4537,0.9940052007248107,0.016547955973138472,1.4462457107178306e-05,-0.012844927123812258,0.35990194744449067
4538,0.994170680284542,0.016548100597709548,-7.073399990287221e-05,-0.012844546331943152,0.35982997039767456
4539,0.9943361612905192,0.01654739325771051,-0.0001558009276343697,-0.012843501937286231,0.35975800609902764
4540,0.9945016352230963,0.016545835248434154,-0.00024073415237510498,-0.012841795197463993,0.3596860545895707
4541,0.9946670935755807,0.016543427906910404,-0.0003255295136431191,-0.012839427401865102,0.35961411591053516
4542,0.9948325278546498,0.01654017261177399,-0.00041018286095845236,-0.012836399871568,0.3595421901030992
4543,0.9949979295807676,0.016536070783164405,-0.0004946900576481561,-0.012832713959185149,0.359470277208562
4544,0.9951632902885993,0.01653112388258793,-0.0005790469781200014,-0.012828371048781114,0.3593983772682613
4545,0.9953286015274252,0.01652533341280673,-0.0006632495083258583,-0.012823372555766904,0.35932649032357755
4546,0.9954938548615533,0.016518700917723467,-0.000747293548633704,-0.012817719926737248,0.3592546164160176
4547,0.9956590418707305,0.016511227982237146,-0.0008311750098161097,-0.012811414639399988,0.359182755586985
4548,0.9958241541505529,0.01650291623213897,-0.000914889817354575,-0.01280445820240202,0.35911090787798433
4549,0.9959891833128743,0.016493767333965424,-0.0009984339086252514,-0.012796852155247026,0.35903907333052126
4550,0.996154120986214,0.016483782994879174,-0.0010818032340942363,-0.01278859806817419,0.35896725198609014
4551,0.9963189588161628,0.01647296496253823,-0.0011649937599225724,-0.01277969754198839,0.35889544388625283
4552,0.9964836884657882,0.016461315024939,-0.0012480014634212722,-0.01277015220799656,0.35882364907243103
4553,0.9966483016160376,0.016448835010304773,-0.0013308223371388817,-0.012759963727821797,0.3587518675861294
4554,0.9968127899661406,0.01643552678693338,-0.0014134523869813176,-0.01274913379331602,0.35868009946881513
4555,0.9969771452340099,0.01642139226306356,-0.0014958876325261994,-0.012737664126417969,0.35860834476185544
4556,0.9971413591566406,0.016406433386738306,-0.0015781241098361543,-0.012725556478978068,0.35853660350664074
4557,0.997305423490508,0.016390652145639943,-0.001660157867107298,-0.012712812632695861,0.35846487574438274
4558,0.9974693300119644,0.01637405056696887,-0.0017419849690575306,-0.012699434398933566,0.3583931615163524
4559,0.9976330705176341,0.016356630717278286,-0.0018236014950435975,-0.012685423618606393,0.3583214608637165
4560,0.9977966368248068,0.01633839470232785,-0.001905003538662936,-0.012670782162047112,0.3582497738274861
4561,0.9979600207718301,0.01631934466694122,-0.001986187210688828,-0.012655511928823845,0.3581781004486781
4562,0.9981232142184995,0.016299482794834324,-0.002067148635038346,-0.012639614847668077,0.3581064407681051
4563,0.9982862090464478,0.016278811308483944,-0.002147883952916263,-0.012623092876274944,0.3580347948265825
4564,0.9984489971595326,0.016257332468954774,-0.0022283893216282213,-0.012605948001184586,0.3579631626647738
4565,0.9986115704842221,0.016235048575738504,-0.002308660913412086,-0.012588182237651032,0.3578915443231265
4566,0.9987739209699795,0.016211961966604387,-0.0023886949186616158,-0.012569797629454777,0.3578199398420819
4567,0.9989360405896456,0.01618807501741776,-0.0024684875419370145,-0.012550796248819735,0.3577483492618482
4568,0.9990979213398198,0.0161633901419984,-0.002548035005541932,-0.012531180196209957,0.3576767726225386
4569,0.9992595552412398,0.01613790979194298,-0.0026273335491390493,-0.012510951600193726,0.35760520996409734
4570,0.9994209343391592,0.016111636456451587,-0.002706379427474953,-0.012490112617316158,0.3575336613261963
4571,0.9995820507037237,0.016084572662176833,-0.0027851689146143888,-0.012468665431902342,0.3574621267484888
4572,0.9997428964303455,0.016056720973030698,-0.0028636983006828653,-0.01244661225596607,0.35739060627034985
4573,0.9999034636400759,0.016028083990023867,-0.0029419638934613523,-0.01242395532900973,0.3573190999309763
4574,1.000063744479976,0.015998664351089247,-0.003019962019771838,-0.012400696917871858,0.3572476077694092
4575,1.000223731123487,0.01596846473089153,-0.0030976890216480313,-0.012376839316611146,0.35717612982437524
4576,1.0003834157707958,0.01593748784067504,-0.0031751412612075758,-0.012352384846289885,0.35710466613454794
4577,1.0005427906492026,0.015905736428062967,-0.0032523151181947096,-0.012327335854860155,0.35703321673827876
4578,1.0007018480134833,0.015873213276881026,-0.003329206989743788,-0.012301694716987473,0.35696178167365344
4579,1.000860580146252,0.015839921206983576,-0.003405813293924226,-0.012275463833867331,0.3568903609786119
4580,1.0010189793583217,0.015805863074044343,-0.0034821304649182427,-0.012248645633126233,0.3568189546907439
4581,1.001177037989062,0.015771041769395155,-0.003558154956985471,-0.01222124256859178,0.3567475628475006
4582,1.001334748406756,0.0157354602198253,-0.0036338832438785607,-0.012193257120160002,0.356676185486017
4583,1.0014921030089543,0.01569912138738651,-0.003709311816494504,-0.012164691793641587,0.35660482264308596
4584,1.0016490942228282,0.015662028269221567,-0.0037844371875130067,-0.012135549120541144,0.3565334743553608
4585,1.0018057145055204,0.015624183897346435,-0.0038592558874814276,-0.01210583165796298,0.3564621406591165
4586,1.001961956344494,0.015585591338471625,-0.003933764466917886,-0.012075541988391359,0.3563908215903861
4587,1.0021178122578787,0.01554625369380246,-0.004007959497711253,-0.012044682719525074,0.35631951718492777
4588,1.0022732747948166,0.015506174098825348,-0.004081837569306704,-0.012013256484148967,0.3562482274780864
4589,1.0024283365358049,0.01546535572313226,-0.0041553952929025695,-0.011981265939895826,0.35617695250505205
4590,1.0025829900930363,0.015423801770203232,-0.004228629299658157,-0.011948713769129045,0.3561056923006226
4591,1.0027372281107383,0.015381515477206656,-0.004301536240037401,-0.011915602678744275,0.3560344468992315
4592,1.0028910432655103,0.015338500114806286,-0.004374112787142101,-0.011881935399970152,0.3559632163350682
4593,1.0030444282666584,0.015294758986934867,-0.0044463556331605925,-0.011847714688253227,0.35589200064187176
4594,1.0031973758565278,0.015250295430603257,-0.004518261491636005,-0.011812943323025606,0.35582079985315807
4595,1.003349878810834,0.01520511281568691,-0.004589827098208446,-0.011777624107549373,0.3557496140020693
4596,1.003501929938991,0.015159214544704824,-0.004661049207667425,-0.011741759868754314,0.35567844312129426
4597,1.003653522084438,0.015112604052628145,-0.004731924597934853,-0.011705353457009227,0.35560728724329377
4598,1.0038046481249643,0.015065284806648808,-0.004802450067742589,-0.011668407745992796,0.3555361464000822
4599,1.0039553009730309,0.01501726030597139,-0.0048726224366062165,-0.011630925632485386,0.35546502062332996
4600,1.0041054735760906,0.014968534081605334,-0.004942438547978351,-0.01159291003617152,0.3553939099443805
4601,1.0042551589169066,0.014919109696125556,-0.005011895265222416,-0.011554363899504322,0.35532281439405916
4602,1.004404350013868,0.014868990743473325,-0.0050809894745627165,-0.011515290187466847,0.3552517340029215
4603,1.0045530399213027,0.014818180848727703,-0.005149718085100674,-0.011475691887417882,0.3551806688011204
4604,1.00470122172979,0.014766683667876694,-0.005218078026329731,-0.011435572008912607,0.3551096188183297
4605,1.0048488885664686,0.014714502887613416,-0.0052860662521605345,-0.011394933583466677,0.35503858408391725
4606,1.0049960335953447,0.01466164222509181,-0.005353679738167444,-0.011353779664427856,0.35496756462673307
4607,1.0051426500175957,0.01460810542771013,-0.005420915482197142,-0.011312113326750767,0.35489656047526463
4608,1.0052887310718728,0.014553896272888158,-0.005487770506831802,-0.01126993766680319,0.3548255716576476
4609,1.0054342700346017,0.014499018567819846,-0.005554241855878911,-0.011227255802216967,0.3547545982014604
4610,1.00557926022028,0.014443476149261067,-0.0056203265967050275,-0.011184070871640072,0.3546836401339454
4611,1.0057236949817725,0.014387272883294023,-0.005686021821032644,-0.011140386034582743,0.3546126974818979
4612,1.0058675677106055,0.014330412665083694,-0.005751324641994626,-0.011096204471221628,0.3545417702716288
4613,1.0060108718372562,0.014272899418663752,-0.005816232197980581,-0.011051529382166777,0.3544708585291105
4614,1.006153600831443,0.01421473709668394,-0.005880741650638177,-0.011006363988318614,0.3543999622797476
4615,1.0062957482024097,0.014155929680177575,-0.005944850184217976,-0.010960711530645621,0.35432908154850895
4616,1.0064373074992115,0.014096481178335403,-0.0060085550091276,-0.010914575269972826,0.3542582163599982
4617,1.0065782723109948,0.014036395628244136,-0.006071853357913701,-0.010867958486831964,0.35418736673825685
4618,1.0067186362672773,0.013975677094665009,-0.006134742487343969,-0.010820864481209875,0.35411653270692806
4619,1.006858393038224,0.013914329669791564,-0.0061972196798096985,-0.010773296572375617,0.35404571428916404
4620,1.006997536334922,0.01385235747299348,-0.006259282240294595,-0.010725258098698122,0.35397491150757987
4621,1.007136059909652,0.01378976465059055,-0.006320927499588944,-0.01067675241739212,0.35390412438444746
4622,1.0072739575561578,0.013726555375594649,-0.006382152813300401,-0.010627782904375795,0.3538333529414823
4623,1.0074112231099137,0.01366273384746167,-0.006442955560274355,-0.010578352954046726,0.3537625971998953
4624,1.0075478504483883,0.013598304291858914,-0.006503333145794973,-0.010528465979055802,0.3536918571804949
4625,1.007683833491307,0.013533270960400964,-0.006563282999518735,-0.010478125410151336,0.35362113290351166
4626,1.007819166200911,0.013467638130405784,-0.006622802575257103,-0.01042733469593197,0.35355042438875317
4627,1.0079538425822152,0.013401410104653226,-0.006681889353744724,-0.01037609730265241,0.35347973165553886
4628,1.0080878566832618,0.013334591211115795,-0.006740540839328887,-0.010324416714047411,0.3534090547225843
4629,1.008221202595373,0.0132671858027225,-0.006798754562244644,-0.010272296431081414,0.35333839360820624
4630,1.0083538744534002,0.013199198257100067,-0.006856528079386692,-0.010219739971769844,0.35326774833020314
4631,1.0084858664359713,0.01313063297630619,-0.006913858971392406,-0.010166750870982358,0.35319711890582456
4632,1.0086171727657343,0.013061494386592267,-0.006970744845652896,-0.010113332680193078,0.35312650535188955
4633,1.0087477877096003,0.012991786938135753,-0.007027183335351073,-0.010059488967321992,0.35305590768462414
4634,1.0088777055789817,0.012921515104782262,-0.007083172098728274,-0.010005223316498973,0.352985325919765
4635,1.0090069207300296,0.012850683383794985,-0.007138708821270781,-0.00995053932783869,0.35291476007261874
4636,1.0091354275638675,0.012779296295582285,-0.007193791213901332,-0.009895440617276749,0.3528442101578718
4637,1.0092632205268233,0.012707358383443277,-0.00724841701301597,-0.00983993081631992,0.35277367618973793
4638,1.0093902941106576,0.012634874213313123,-0.007302583982826474,-0.009784013571846889,0.35270315818192466
4639,1.0095166428527909,0.012561848373484874,-0.007356289912764449,-0.009727692545911637,0.35263265614755995
4640,1.0096422613365257,0.012488285474357243,-0.007409532618728107,-0.009670971415500046,0.3525621700993448
4641,1.0097671441912692,0.012414190148169975,-0.007462309943887732,-0.009613853872342037,0.35249170004939906
4642,1.009891286092751,0.012339567048731096,-0.007514619756715801,-0.009556343622704758,0.35242124600926883
4643,1.0100146817632383,0.012264420851163948,-0.0075664599534468885,-0.009498444387143447,0.3523508079900635
4644,1.0101373259717499,0.012188756251629481,-0.007617828457408202,-0.009440159900325217,0.352280386002323
4645,1.010259213534266,0.012112577967055407,-0.007668723217691617,-0.009381493910801838,0.35220998005605497
4646,1.0103803393139366,0.012035890734878495,-0.007719142211150415,-0.00932245018078191,0.352139590160791
4647,1.0105006982212854,0.011958699312767006,-0.007769083441450456,-0.009263032485947507,0.35206921632545385
4648,1.010620285214413,0.01188100847835251,-0.007818544938948055,-0.009203244615205133,0.35199885855849
4649,1.0107390952991966,0.011802823028963037,-0.007867524762275105,-0.00914309037047582,0.35192851686785326
4650,1.0108571235294863,0.011724147781340292,-0.007916020996299941,-0.009082573566501643,0.3518581912608773
4651,1.0109743650072998,0.01164498757137732,-0.007964031753087478,-0.009021698030602836,0.35178788174442405
4652,1.0110908148830136,0.011565347253846456,-0.008011555173226825,-0.00896046760247311,0.351717588324808
4653,1.011206468355552,0.011485231702114197,-0.008058589423915047,-0.008898886133967521,0.35164731100778657
4654,1.011321320672573,0.011404645807875065,-0.008105132700005,-0.00883695748886042,0.3515770497986631
4655,1.0114353671306517,0.011323594480875021,-0.00815118322427491,-0.008774685542657555,0.35150680470215323
4656,1.0115486030754606,0.011242082648632273,-0.008196739246301571,-0.008712074182368836,0.351436575722411
4657,1.0116610239019468,0.011160115256169272,-0.008241799044294007,-0.008649127306268045,0.3513663628631358
4658,1.0117726250545085,0.011077697265726343,-0.008286360924586803,-0.008585848823701607,0.3512961661274585
4659,1.0118834020271656,0.01099483365648049,-0.008330423220264116,-0.008522242654857758,0.3512259855179859
4660,1.0119933503637304,0.010911529424277866,-0.008373984293112216,-0.008458312730542667,0.35115582103683884
4661,1.0121024656579731,0.010827789581346744,-0.008417042532672808,-0.008394062991979447,0.35108567268553803
4662,1.0122107435537866,0.01074361915602002,-0.008459596356313326,-0.008329497390562544,0.3510155404651284
4663,1.0123181797453469,0.010659023192456912,-0.008501644210311896,-0.008264619887641118,0.3509454243761577
4664,1.0124247699772715,0.010574006750353802,-0.00854318456825355,-0.00819943445432221,0.35087532441858155
4665,1.012530510044775,0.010488574904671281,-0.008584215931635164,-0.008133945071223638,0.3508052405918686
4666,1.0126353957938217,0.010402732745354944,-0.008624736831156915,-0.00806815572826576,0.350735172894967
4667,1.0127394231212752,0.010316485377043378,-0.008664745825471762,-0.008002070424451415,0.3506651213262775
4668,1.0128425879750456,0.010229837918788667,-0.008704241501312007,-0.00793569316762765,0.3505950858837479
4669,1.0129448863542334,0.010142795503775573,-0.00874322247428623,-0.007869027974288274,0.3505250665647712
4670,1.0130463143092712,0.010055363279032736,-0.008781687387631049,-0.007802078869348116,0.3504550633661946
4671,1.0131468679420614,0.00996754640515643,-0.00881963491368952,-0.007734849885900877,0.3503850762844177
4672,1.013246543406113,0.009879350056019535,-0.008857063753882552,-0.007667345065013617,0.3503151053153072
4673,1.0133453369066734,0.009790779418480734,-0.008893972637167638,-0.007599568455505881,0.35024515045420934
4674,1.0134432447008581,0.009701839692109075,-0.008930360321334069,-0.0075315241137158175,0.35017521169600274
4675,1.0135402630977792,0.009612536088895748,-0.008966225593121727,-0.00746321610329778,0.3501052890350122
4676,1.013636388458668,0.00952287383296454,-0.009001567267625174,-0.007394648494979513,0.35003538246507604
4677,1.0137316171969977,0.009432858160288306,-0.009036384189167468,-0.00732582536633668,0.34996549197958704
4678,1.0138259457786005,0.009342494318396647,-0.00907067523048373,-0.007256750801594871,0.3498956175713816
4679,1.0139193707217844,0.009251787566091824,-0.009104439292403482,-0.007187428891391725,0.3498257592328135
4680,1.0140118885974454,0.009160743173167807,-0.009137675305323709,-0.007117863732551028,0.3497559169557634
4681,1.014103496029177,0.009069366420114588,-0.009170382228699606,-0.007048059427869232,0.34968609073160084
4682,1.0141941896933782,0.008977662597827615,-0.00920255905035458,-0.006978020085879873,0.34961628055124816
4683,1.0142839663193564,0.00888563700732408,-0.009234204787122308,-0.0069077498206426245,0.34954648640514613
4684,1.0143728226894295,0.008793294959452854,-0.009265318484565493,-0.006837252751529284,0.3494767082832178
4685,1.0144607556390242,0.008700641774607214,-0.009295899217110284,-0.006766533002979642,0.34940694617494866
4686,1.0145477620567702,0.008607682782436128,-0.009325946089005638,-0.006695594704282919,0.3493372000693647
4687,1.0146338388845946,0.008514423321546082,-0.009355458232739589,-0.006624441989366488,0.3492674699549859
4688,1.01471898311781,0.008420868739218707,-0.009384434809487155,-0.006553078996565997,0.34919775581990253
4689,1.0148031918052023,0.00832702439112386,-0.009412875009715757,-0.006481509868407064,0.3491280576517204
4690,1.0148864620491136,0.008232895641026715,-0.009440778052993079,-0.006409738751382148,0.34905837543757623
4691,1.0149687910055238,0.008138487860496792,-0.009468143188000946,-0.00633776979571142,0.3489887091642029
4692,1.0150501758841288,0.008043806428616808,-0.009494969692391865,-0.00626560715514356,0.3489190588178646
4693,1.015130613948415,0.007948856731692903,-0.009521256872436004,-0.006193254986730817,0.3488494243843501
4694,1.015210102515732,0.007853644162968567,-0.009547004063516946,-0.006120717450598616,0.34877980584904145
4695,1.0152886389573617,0.007758174122333426,-0.009572210630750047,-0.006047998709724858,0.34871020319686796
4696,1.015366220698585,0.007662452016025931,-0.009596875968092382,-0.0059751029297176505,0.3486406164123356
4697,1.0154428452187452,0.007566483256345016,-0.009620999498123096,-0.00590203427859606,0.34857104547954876
4698,1.0155185100513087,0.007470273261363801,-0.00964458067250866,-0.0058287969265754455,0.34850149038215233
4699,1.0155932127839222,0.007373827454638733,-0.009667618972058617,-0.005755395045840429,0.34843195110336816
4700,1.0156669510584686,0.007277151264918164,-0.009690113907046445,-0.0056818328103121225,0.3483624276260418
4701,1.0157397225711178,0.0071802501258477185,-0.009712065016764977,-0.005608114395438487,0.3482929199325839
4702,1.0158115250723763,0.007083129475680096,-0.009733471869045641,-0.005534243977979663,0.3482234280049909
4703,1.015882356367133,0.0069857947569896646,-0.00975433406072819,-0.005460225735782291,0.3481539518248773
4704,1.015952214314703,0.006888251416382395,-0.00977465121779101,-0.005386063847557661,0.3480844913734308
4705,1.016021096828867,0.006790504904204504,-0.009794422995808363,-0.005311762492655499,0.3480150466314738
4706,1.016089001877909,0.0066925606742464306,-0.009813649078930092,-0.005237325850849476,0.34794561757946113
4707,1.0161559274846514,0.006594424183457148,-0.00983232918016115,-0.005162758102126644,0.3478762041974339
4708,1.016221871726486,0.006496100891655552,-0.009850463041429745,-0.005088063426463424,0.3478068064650593
4709,1.0162868327354024,0.006397596261241283,-0.009868050433954577,-0.005013246003604565,0.34773742436165717
4710,1.0163508086980149,0.006298915756901754,-0.009885091158202547,-0.004938310012834691,0.3476680578661638
4711,1.0164137978555838,0.006200064845319762,-0.009901585043283999,-0.0048632596327750355,0.34759870695716966
4712,1.0164757985040371,0.0061010489948869475,-0.009917531946713465,-0.004788099041163198,0.3475293716129082
4713,1.016536808993986,0.006001873675419834,-0.009932931755037844,-0.004712832414634963,0.34746005181123896
4714,1.01659682773074,0.005902544357869479,-0.00994778438419757,-0.004637463928500592,0.34739074752969207
4715,1.0166558531743186,0.0058030665140275115,-0.009962089779017753,-0.004561997756526056,0.3473214587454799
4716,1.016713883839459,0.005703445616237342,-0.0099758479127025,-0.004486438070725007,0.34725218543545194
4717,1.0167709182956213,0.0056036871371103435,-0.009989058787234113,-0.004410789041149215,0.3471829275761372
4718,1.0168269551669924,0.005503796549238037,-0.01000172243318994,-0.004335054835664362,0.3471136851437406
4719,1.0168819931324848,0.005403779324906166,-0.01001383891028388,-0.004259239619726369,0.34704445811414303
4720,1.0169360309257338,0.005303640935803332,-0.010025408307342103,-0.004183347556171844,0.34697524646294103
4721,1.0169890673350919,0.005203386852729937,-0.010036430741061225,-0.004107382805012112,0.34690605016542414
4722,1.0170411012036191,0.005103022545319341,-0.0100469063566953,-0.004031349523214294,0.34683686919656265
4723,1.0170921314290724,0.005002553481752428,-0.01005683532849036,-0.003955251864490833,0.34676770353104336
4724,1.0171421569638899,0.004901985128467541,-0.010066217859486908,-0.0038790939790767794,0.34669855314327547
4725,1.0171911768151745,0.004801322949872695,-0.010075054181078874,-0.003802880013513722,0.34662941800737135
4726,1.0172391900446731,0.004700572408061913,-0.010083344553085613,-0.003726614110457299,0.3465602980971796
4727,1.0172861957687538,0.004599738962531081,-0.010091089263121536,-0.0036503004084577017,0.3464911933862704
4728,1.0173321931583792,0.004498828069899903,-0.010098288627437037,-0.00357394304174006,0.3464221038479391
4729,1.0173771814390782,0.004397845183625546,-0.010104942991481687,-0.0034975461399938327,0.3463530294552421
4730,1.0174211598909144,0.004296795753710747,-0.010111052728512017,-0.0034211138281682323,0.34628397018099494
4731,1.0174641278484515,0.00419568522642566,-0.010116618239551962,-0.003344650226261418,0.3462149259977425
4732,1.0175060847007158,0.004094519044030183,-0.010121639954287411,-0.0032681594491228705,0.3461458968777999
4733,1.0175470298911562,0.003993302644487327,-0.010126118330226353,-0.0031916456062328355,0.3460768827932462
4734,1.017586962917601,0.0038920414611850634,-0.010130053853454005,-0.0031151128014809755,0.3460078837159439
4735,1.017625883332213,0.0037907409226505596,-0.010133447038220417,-0.0030385651329776654,0.3459388996175428
4736,1.0176637907414394,0.003689406452268377,-0.010136298425980957,-0.002962006692850504,0.3458699304694788
4737,1.0177006848059622,0.003588043468008593,-0.010138608585964527,-0.002885441567023701,0.3458009762429576
4738,1.0177365652406423,0.0034866573821489685,-0.010140378116197009,-0.002808873835023798,0.34573203690899995
4739,1.0177714318144637,0.003385253600987018,-0.01014160764247738,-0.002732307569761699,0.3456631124384361
4740,1.0178052843504737,0.003283837524562281,-0.010142297817794833,-0.002655746837331168,0.34559420280189834
4741,1.0178381227257194,0.003182414546384354,-0.010142449323119248,-0.002579195696820959,0.34552530796983777
4742,1.0178699468711832,0.003080990053153192,-0.010142062866423211,-0.0025026582001056287,0.34545642791253023
4743,1.0179007567717147,0.0029795694244889926,-0.010141139183309118,-0.002426138391623698,0.3453875626000713
4744,1.0179305524659596,0.002878158032655927,-0.01013967903806718,-0.0023496403081869044,0.345318712002417
4745,1.0179593340462862,0.0027767612422752836,-0.010137683221625362,-0.0022731679787888486,0.3452498760893674
4746,1.017987101658709,0.002675384410059045,-0.010135152551627759,-0.002196725424392464,0.3451810548305588
4747,1.0180138555028095,0.0025740328845427957,-0.01013208787374164,-0.0021203166577450343,0.3451122481954881
4748,1.018039595831655,0.00247271200580541,-0.010128490060778879,-0.002043945683170574,0.34504345615352244
4749,1.018064322951713,0.0023714271051976455,-0.010124360012632259,-0.001967616496349584,0.344974678673896
4750,1.018088037222765,0.0022701835050713487,-0.01011969865648766,-0.0018913330841493845,0.34490591572572565
4751,1.0181107390578157,0.0021689865185064955,-0.010114506945865928,-0.00181509942443004,0.34483716727800706
4752,1.0181324289230007,0.0020678414490478583,-0.010108785860770209,-0.00173891948582687,0.34476843329961343
4753,1.0181531073374912,0.001966753590440176,-0.010102536409256147,-0.0016627972275643846,0.3446997137593224
4754,1.0181727748733955,0.0018657282263476493,-0.010095759626210224,-0.001586736599261664,0.3446310086258257
4755,1.018191432155659,0.0017647706300855856,-0.010088456572038378,-0.0015107415407331626,0.34456231786771047
4756,1.0182090798619599,0.0016638860643652291,-0.010080628334306002,-0.0014348159818101207,0.3444936414534788
4757,1.0182257187226036,0.0015630797810221898,-0.010072276026914873,-0.001358963842148596,0.3444249793515566
4758,1.018241349520414,0.0014623570207530619,-0.010063400789730326,-0.0012831890310099256,0.3443563315302958
4759,1.0182559730906213,0.0013617230128557748,-0.010054003790102841,-0.0012074954470819282,0.34428769795799885
4760,1.01826959032075,0.0012611829749547819,-0.010044086221220293,-0.0011318869783110339,0.34421907860291406
4761,1.0182822021504996,0.0011607421127426067,-0.010033649301281044,-0.0010563675016891706,0.34415047343322513
4762,1.018293809571627,0.0010604056197298288,-0.01002269427539205,-0.0009809408830747008,0.3440818824170671
4763,1.0183044136278243,0.0009601786769759223,-0.010011222415178623,-0.0009056109770112611,0.3440133055225469
4764,1.018314015414594,0.0008600664528241716,-0.009999235017397433,-0.0008303816265140926,0.34394474271773406
4765,1.0183226160791223,0.0007600741026502133,-0.009986733404681028,-0.0007552566629044794,0.343876193970674
4766,1.018330216820149,0.0006602067686034348,-0.009973718925350683,-0.0006802399056413021,0.3438076592493915
4767,1.018336818887835,0.0005604695793499706,-0.009960192952390116,-0.0006053351621080086,0.34373913852189314
4768,1.0183424235836285,0.00046086764982607896,-0.009946156885264722,-0.0005305462274283641,0.3436706317561802
4769,1.0183470322601267,0.00036140608097346235,-0.00993161214961961,-0.0004558768843039139,0.3436021389202688
4770,1.0183506463209364,0.00026208995947729435,-0.009916560194896349,-0.00038133090282211376,0.3435336599821716
4771,1.018353267220531,0.0001629243575283496,-0.00990100249583269,-0.00030691204027650935,0.3434651949099086
4772,1.0183548964641065,6.391433257005053e-05,-0.009884940552894456,-0.0002326240410041467,0.34339674367152073
4773,1.018355535607432,-3.4935072958869405e-05,-0.009868375890946215,-0.00015847063617767138,0.34332830623508304
4774,1.0183551862567024,-0.00013361883186830577,-0.009851310059942005,-8.445554362362733e-05,0.34325988256870216
4775,1.0183538500683837,-0.00023213193246770099,-0.009833744635032345,-1.058246768202869e-05,0.34319147264052835
4776,1.018351528749059,-0.00033046937881800524,-0.0098156812149792,6.314490098860614e-05,0.34312307641874346
4777,1.0183482240552708,-0.0004286261909677676,-0.009797121423000387,0.00013672288559730148,0.3430546938715786
4778,1.0183439377933612,-0.0005265974051977441,-0.009778066908106963,0.00021014782337687115,0.3429863249673246
4779,1.0183386718193093,-0.000624378074278787,-0.009758519343169313,0.0002834160657677797,0.34291796967434024
4780,1.0183324280385664,-0.0007219632677104516,-0.009738480424246633,0.00035652397859608993,0.3428496279610429
4781,1.0183252084058894,-0.0008193480719529005,-0.00971795187218878,0.0004294679422205056,0.34278129979593164
4782,1.01831701492517,-0.0009165275906747772,-0.009696935431407674,0.000502244351712732,0.34271298514757753
4783,1.0183078496492632,-0.0010134969449888144,-0.009675432869887517,0.0005748496170531667,0.3426446839846434
4784,1.0182977146798133,-0.0011102512736876555,-0.009653445980697126,0.0006472801632754123,0.3425763962758932
4785,1.0182866121670764,-0.0012067857334946022,-0.009630976579983056,0.0007195324306197725,0.3425081219901929
4786,1.0182745443097414,-0.0013030954992944036,-0.009608026506091119,0.0007916028747239252,0.34243986109649943
4787,1.0182615133547483,-0.0013991757643553012,-0.009584597621743827,0.0008634879667726638,0.3423716135638845
4788,1.0182475215971047,-0.0014950217405727093,-0.009560691813374697,0.0009351841936613976,0.34230337936153776
4789,1.018232571379699,-0.0015906286587064145,-0.009536310989626913,0.0010066880581875509,0.3422351584587739
4790,1.018216665093112,-0.001685991768602666,-0.009511457082332251,0.0010779960791875134,0.3421669508250319
4791,1.018199805175426,-0.001781106339425973,-0.009486132046516793,0.0011491047916795405,0.34209875642988646
4792,1.0181819941120318,-0.001875967659891114,-0.009460337858906345,0.0012200107470568225,0.34203057524303987
4793,1.018163234435433,-0.00197057103848016,-0.009434076519638668,0.0012907105132437264,0.34196240723434607
4794,1.0181435287250482,-0.0020649118036765233,-0.00940735005233324,0.0013612006748313556,0.3418942523738118
4795,1.0181228796070114,-0.002158985304199831,-0.009380160501517333,0.0014314778332479422,0.34182611063159735
4796,1.0181012897539694,-0.002252786909214977,-0.009352509933694027,0.0015015386069182615,0.34175798197801693
4797,1.0180787618848772,-0.0023463120085518885,-0.00932440043826031,0.0015713796313950724,0.3416898663835558
4798,1.0180552987647917,-0.0024395560129344845,-0.009295834126136649,0.001640997559538907,0.3416217638188701
4799,1.0180309032046624,-0.002532514354195834,-0.00926681313009152,0.001710389061679932,0.3415536742548032
4800,1.0180055780611204,-0.0026251824854967155,-0.00923733960528788,0.0017795508257309764,0.34148559766237896
4801,1.0179793262362653,-0.002717555881549572,-0.0092074157277338,0.0018484795573490238,0.34141753401280345
4802,1.0179521506774498,-0.002809630038826879,-0.009177043694041046,0.0019171719801016982,0.3413494832774659
4803,1.0179240543770616,-0.0029014004757672743,-0.009146225723451404,0.001985624835597949,0.3412814454279594
4804,1.017895040372304,-0.0029928627330017537,-0.009114964056558903,0.0020538348836398705,0.3412134204360813
4805,1.017865111744974,-0.003084012373567335,-0.009083260953391525,0.0021217989023808986,0.34114540827383305
4806,1.0178342716212383,-0.0031748449831012363,-0.009051118695419975,0.002189513688449021,0.3410774089134273
4807,1.0178025231714072,-0.0032653561700554056,-0.00901853958520991,0.002256976057082643,0.34100942232729253
4808,1.0177698696097066,-0.003355541565907483,-0.008985525945010356,0.002324182842306616,0.34094144848807445
4809,1.0177363141940476,-0.003445396825357577,-0.00895208011853832,0.002391130897061873,0.3408734873686531
4810,1.0177018602257941,-0.0035349176265429246,-0.00891820447010444,0.002457817093313498,0.34080553894214105
4811,1.0176665110495287,-0.0036240996712439406,-0.008883901382733556,0.0025242383222173217,0.3407376031818783
4812,1.0176302700528161,-0.0037129386850712582,-0.00884917325944418,0.0025903914942575963,0.34066968006144516
4813,1.0175931406659655,-0.0038014304176656882,-0.008814022524105576,0.002656273539362218,0.34060176955467103
4814,1.0175551263617888,-0.003889570642906714,-0.008778451619883571,0.0027218814070666254,0.3405338716356361
4815,1.0175162306553598,-0.0039773551591055145,-0.008742463008921814,0.00278721206664145,0.3404659862786704
4816,1.0174764571037687,-0.004064779789194717,-0.008706059173512505,0.0028522625071949743,0.3403981134583625
4817,1.0174358093058766,-0.004151840380929831,-0.008669242614786389,0.002917029737820045,0.3403302531495538
4818,1.0173942909020672,-0.004238532807077664,-0.008632015852192455,0.002981510787742577,0.34026240532734964
4819,1.0173519055739964,-0.004324852965599581,-0.008594381425572027,0.0030457027064315764,0.34019456996712827
4820,1.0173086570443404,-0.004410796779855293,-0.008556341893337822,0.0031096025637204075,0.34012674704454426
4821,1.0172645490765417,-0.004496360198788654,-0.008517899830944656,0.003173207449953125,0.34005893653552177
4822,1.0172195854745538,-0.004581539197098079,-0.008479057832930965,0.0032365144760934904,0.3399911384162693
4823,1.017173770082583,-0.004666329775427371,-0.008439818512919507,0.0032995207738387095,0.3399233526632739
4824,1.0171271067848286,-0.004750727960556556,-0.008400184501954969,0.003362223495777362,0.3398555792533206
4825,1.017079599505223,-0.004834729805576088,-0.008360158449391107,0.003424619815490306,0.3397878181634853
4826,1.0170312522071674,-0.004918331390069968,-0.00831974302279423,0.0034867069276434664,0.3397200693711417
4827,1.0169820688932667,-0.005001528820297919,-0.008278940906446403,0.003548482048135202,0.3396523328539483
4828,1.0169320536050637,-0.005084318229362372,-0.008237754801803561,0.003609942414221042,0.33958460858987194
4829,1.01688121042277,-0.005166695777380403,-0.008196187429023276,0.003671085284607428,0.3395168965571832
4830,1.0168295434649963,-0.005248657651670609,-0.008154241525003027,0.003731907939580272,0.33944919673446666
4831,1.0167770568884795,-0.005330200066920633,-0.008111919842552807,0.0037924076811216663,0.3393815091006092
4832,1.0167237548878103,-0.00541131926534614,-0.008069225152254958,0.0038525818330000057,0.33931383363481693
4833,1.0166696416951568,-0.00549201151686869,-0.008026160241555794,0.0039124277408849615,0.33924617031660403
4834,1.0166147215799881,-0.005572273119284243,-0.007982727913533987,0.003971942772485651,0.33917851912581115
4835,1.0165589988487953,-0.005652100398419554,-0.00793893098861232,0.004031124317635345,0.33911088004259826
4836,1.016502477844811,-0.005731489708305671,-0.007894772303436437,0.004089969788382662,0.3390432530474595
4837,1.016445162947728,-0.005810437431340039,-0.007850254709338943,0.00414847661912604,0.3389756381212055
4838,1.0163870585734147,-0.00588893997843342,-0.007805381073620783,0.004206642266710885,0.33890803524498453
4839,1.0163281691736303,-0.005966993789169611,-0.0077601542805174825,0.004264464210513817,0.3388404444002781
4840,1.0162684992357387,-0.006044595331974788,-0.00771457722934854,0.004321939952572152,0.3387728655689108
4841,1.016208053282419,-0.0061217411042682615,-0.007668652834032334,0.004379067017673469,0.33870529873303695
4842,1.0161468358713763,-0.006198427632608575,-0.007622384024484272,0.0044358429534292875,0.33863774387515166
4843,1.0160848515950502,-0.006274651472853413,-0.007575773745313284,0.00449226533038924,0.33857020097808643
4844,1.0160221050803218,-0.006350409210306542,-0.007528824955166172,0.004548331742158871,0.33850267002501816
4845,1.0159586009882187,-0.00642569745985818,-0.007481540628447095,0.0046040398054724326,0.3384351509994736
4846,1.01589434401362,-0.006500512866142641,-0.007433923754022534,0.004659387160277107,0.33836764388532775
4847,1.0158293388849586,-0.006574852103682875,-0.007385977333750696,0.004714371469848318,0.338300148666804
4848,1.0157635903639217,-0.006648711877020385,-0.007337704384189486,0.004768990420865411,0.33823266532847346
4849,1.0156971032451516,-0.0067220889208622694,-0.007289107936637208,0.004823241723489645,0.33816519385526406
4850,1.015629882355943,-0.00679498000022863,-0.0072401910357069305,0.004877123111480995,0.3380977342324578
4851,1.0155619325559408,-0.006867381910585691,-0.007190956739205577,0.004930632342272007,0.3380302864456985
4852,1.015493258736835,-0.006939291477977747,-0.007141408119063775,0.004983767197028696,0.33796285048098484
4853,1.0154238658220553,-0.007010705559168394,-0.007091548259814465,0.005036525480759217,0.33789542632467623
4854,1.0153537587664636,-0.007081621041766533,-0.00704138025832593,0.00508890502240417,0.337828013963485
4855,1.015282942556046,-0.007152034844349787,-0.006990907225605386,0.005140903674900341,0.3377606133844965
4856,1.0152114222076023,-0.007221943916605854,-0.006940132285711102,0.0051925193152576035,0.33769322457515283
4857,1.0151392027684363,-0.007291345239462982,-0.006889058573777591,0.0052437498446544035,0.33762584752326164
4858,1.0150662893160416,-0.0073602358252007425,-0.006837689237828085,0.0052945931884947365,0.3375584822169869
4859,1.0149926869577897,-0.007428612717579007,-0.006786027438640541,0.005345047296477112,0.33749112864486414
4860,1.0149184008306138,-0.007496472991965412,-0.006734076348330065,0.005395110142699406,0.3374237867957872
4861,1.0148434361006942,-0.007563813755448717,-0.006681839150739638,0.005444779725723893,0.3373564566590265
4862,1.0147677979631398,-0.007630632146956114,-0.006629319041890104,0.0054940540686176705,0.3372891382242177
4863,1.0146914916416703,-0.007696925337375019,-0.006576519228698764,0.005542931219048274,0.33722183148136436
4864,1.0146145223882965,-0.007762690529662013,-0.006523442928683294,0.005591409249356675,0.3371545364208323
4865,1.0145368954829999,-0.007827924958948842,-0.006470093371613098,0.005639486256605787,0.33708725303336695
4866,1.0144586162334104,-0.007892625892664982,-0.006416473798480024,0.005687160362651521,0.3370199813100828
4867,1.0143796899744837,-0.007956790630649796,-0.00636258745972354,0.005734429714217812,0.33695272124246095
4868,1.014300122068177,-0.008020416505247045,-0.006308437616606918,0.00578129248294302,0.3368854728223489
4869,1.0142199179031246,-0.00808350088141311,-0.0062540275412570345,0.005827746865435044,0.3368182360419628
4870,1.0141390828943104,-0.008146041156825708,-0.006199360515046631,0.005873791083359954,0.336751010893889
4871,1.0140576224827422,-0.008208034761976186,-0.006144439829557161,0.005919423383493393,0.33668379737108206
4872,1.0139755421351224,-0.00826947916027176,-0.006089268786896029,0.005964642037750731,0.33661659546687184
4873,1.0138928473435198,-0.008330371848140738,-0.0060338506983405316,0.006009445343261842,0.3365494051749485
4874,1.0138095436250385,-0.008390710355124153,-0.005978188883656241,0.006053831622431595,0.33648222648937365
4875,1.0137256365214873,-0.008450492243960727,-0.005922286672867191,0.00609779922296995,0.3364150594045705
4876,1.0136411315990477,-0.00850971511068942,-0.0058661474052586204,0.006141346517957715,0.3363479039153376
4877,1.0135560344479408,-0.008568376584742025,-0.005809774428108885,0.006184471905907242,0.33628076001683627
4878,1.0134703506820935,-0.008626474329023127,-0.005753171097291412,0.00622717381079488,0.33621362770460217
4879,1.0133840859388032,-0.008684006039996034,-0.005696340777696235,0.006269450682095543,0.3361465069745283
4880,1.0132972458784033,-0.008740969447773014,-0.005639286841911187,0.006311300994857491,0.3360793978228776
4881,1.0132098361839257,-0.008797362316192155,-0.005582012670544978,0.006352723249739074,0.3360123002462715
4882,1.0131218625607639,-0.008853182442897616,-0.005524521653124462,0.006393715973033317,0.33594521424170354
4883,1.0130333307363348,-0.008908427659428878,-0.005466817186445955,0.00643427771671719,0.33587813980651865
4884,1.0129442464597405,-0.008963095831293342,-0.005408902673918539,0.006474407058502214,0.3358110769384229
4885,1.0128546155014275,-0.009017184858032552,-0.005350781526861359,0.0065141026018560476,0.33574402563548084
4886,1.0127644436528471,-0.00907069267330119,-0.005292457164121633,0.00655336297604453,0.3356769858961144
4887,1.012673736726114,-0.009123617244942412,-0.005233933010686878,0.006592186836186566,0.3356099577191045
4888,1.0125825005536646,-0.00917595657504931,-0.005175212498512716,0.006630572863268819,0.3355429411035861
4889,1.012490740987914,-0.009227708700034464,-0.005116299066604685,0.006668519764166567,0.3354759360490528
4890,1.0123984639009136,-0.009278871690700534,-0.005057196159970467,0.006706026271695302,0.33540894255533915
4891,1.0123056751840065,-0.009329443652300276,-0.004997907229241441,0.0067430911446413515,0.33534196062263827
4892,1.0122123807474834,-0.009379422724592731,-0.004938435732066426,0.006779713167770964,0.33527499025148944
4893,1.0121185865202376,-0.009428807081913418,-0.00487878513178594,0.006815891151869995,0.3352080314427873
4894,1.0120242984494183,-0.00947759493323131,-0.004818958896404477,0.006851623933775657,0.33514108419776245
4895,1.011929522500086,-0.009525784522195381,-0.004758960499498602,0.00688691037638848,0.33507414851799366
4896,1.011834264654864,-0.009573374127190415,-0.004698793420435873,0.006921749368688558,0.3350072244053939
4897,1.011738530913592,-0.009620362061394817,-0.00463846114324068,0.00695613982578169,0.3349403118622202
4898,1.011642327292978,-0.009666746672827246,-0.004577967156700613,0.006990080688905696,0.33487341089106376
4899,1.0115456598262498,-0.00971252634439428,-0.004517314954818885,0.00702357092543263,0.3348065214948547
4900,1.011448534562806,-0.009757699493942527,-0.004456508035712778,0.00705660952889867,0.33473964367684894
4901,1.0113509575678665,-0.009802264574299696,-0.004395549901168583,0.007089195519028204,0.33467277744063095
4902,1.0112529349221235,-0.009846220073311412,-0.004334444057485995,0.007121327941734711,0.33460592279011575
4903,1.0111544727213904,-0.009889564513886312,-0.00427319401530693,0.007153005869135965,0.3345390797295435
4904,1.0110555770762515,-0.009932296454039428,-0.0042118032880470585,0.007184228399576393,0.3344722482634836
4905,1.0109562541117112,-0.009974414486919932,-0.004150275392736311,0.0072149946576241155,0.33440542839681797
4906,1.010856509966842,-0.01001591724084734,-0.004088613850205813,0.007245303794072197,0.3343386201347515
4907,1.0107563507944335,-0.010056803379349439,-0.004026822184210327,0.007275154985959959,0.3342718234827985
4908,1.01065578276064,-0.010097071601191597,-0.003964903921030369,0.007304547436582125,0.3342050384467946
4909,1.010554812044628,-0.010136720640401971,-0.0039028625902427783,0.007333480375470856,0.3341382650328758
4910,1.0104534448382239,-0.010175749266304433,-0.003840701723872436,0.007361953058410654,0.3340715032474898
4911,1.010351687345561,-0.010214156283543194,-0.003778424855536283,0.0073899647674471654,0.33400475309737987
4912,1.0102495457827254,-0.010251940532098616,-0.0037160355211301316,0.007417514810878164,0.33393801458959366
4913,1.0101470263774044,-0.010289100887309983,-0.0036535372590371096,0.00744460252324671,0.3338712877314749
4914,1.0100441353685312,-0.010325636259900404,-0.003590933609296104,0.007471227265352802,0.33380457253066426
4915,1.009940879005932,-0.010361545595993418,-0.003528228113002102,0.007497388424241019,0.33373786899509145
4916,1.0098372635499722,-0.010396827877123503,-0.0034654243131800044,0.007523085413181916,0.3336711771329733
4917,1.009733295271201,-0.010431482120255355,-0.003402525753904845,0.00754831767167527,0.33360449695281125
4918,1.0096289804499985,-0.010465507377794458,-0.003339535979837438,0.007573084665449588,0.3335378284633829
4919,1.0095243253762205,-0.010498902737592906,-0.0032764585365946397,0.007597385886444366,0.3334711716737546
4920,1.0094193363488446,-0.010531667322958927,-0.003213296970672949,0.007621220852790216,0.3334045265932644
4921,1.009314019675615,-0.010563800292665706,-0.003150054828503779,0.007644589108811671,0.3333378932315242
4922,1.0092083816726882,-0.010595300840950821,-0.003086735656600628,0.0076674902250042235,0.33327127159840464
4923,1.0091024286642787,-0.010626168197516899,-0.0030233430020301655,0.0076899237980128515,0.33320466170404706
4924,1.0089961669823035,-0.010656401627537266,-0.002959880411652696,0.007711889450622017,0.3331380635588484
4925,1.0088896029660281,-0.010686000431653856,-0.0028963514317201233,0.007733386831740541,0.3330714771734667
4926,1.0087827429617116,-0.010714963945971127,-0.0028327596078944056,0.0077544156163698265,0.3330049025588075
4927,1.0086755933222518,-0.010743291542050152,-0.0027691084854081227,0.007774975505585346,0.33293833972602727
4928,1.0085681604068313,-0.010770982626904294,-0.002705401608048691,0.007795066226524962,0.33287178868652584
4929,1.0084604505805623,-0.010798036642984859,-0.0026416425184627723,0.00781468753235832,0.3328052494519421
4930,1.0083524702141324,-0.010824453068169565,-0.0025778347583579886,0.00783383920225739,0.33273872203416177
4931,1.0082442256834507,-0.01085023141575323,-0.002513981867988402,0.00785252104137143,0.33267220644529877
4932,1.0081357233692931,-0.010875371234433193,-0.002450087385472005,0.007870732880804965,0.3326057026976988
4933,1.0080269696569488,-0.010899872108287998,-0.002386154847286645,0.00788847457757536,0.3325392108039277
4934,1.0079179709358659,-0.010923733656760953,-0.002322187787980254,0.00790574601458732,0.33247273077678385
4935,1.0078087335992982,-0.010946955534640833,-0.002258189739623856,0.007922547100607375,0.3324062626292759
4936,1.007699264043952,-0.010969537432037164,-0.002194164231717685,0.007938877770227164,0.33233980637463173
4937,1.0075895686696317,-0.010991479074354429,-0.0021301147911739066,0.007954737983819706,0.3322733620262848
4938,1.0074796538788882,-0.011012780222266247,-0.0020660449421514016,0.007970127727512336,0.3322069295978756
4939,1.0073695260766655,-0.01103344067168784,-0.002001958205510579,0.007985047013148828,0.3321405091032409
4940,1.0072591916699487,-0.011053460253743031,-0.001937858099230888,0.007999495878244943,0.33207410055641506
4941,1.0071486570674113,-0.011072838834735425,-0.0018737481379189208,0.00801347438594825,0.33200770397163387
4942,1.007037928679064,-0.01109157631611472,-0.0018096318325855343,0.008026982624998425,0.3319413193633109
4943,1.006927012915903,-0.011109672634440671,-0.0017455126901753243,0.008040020709685116,0.33187494674604817
4944,1.0068159161895585,-0.011127127761342523,-0.0016813942139359134,0.008052588779797493,0.33180858613462283
4945,1.006704644911945,-0.01114394170348196,-0.0016172799028663087,0.008064687000587595,0.33174223754399434
4946,1.0065932054949103,-0.011160114502510723,-0.0015531732514149216,0.008076315562719939,0.3316759009892871
4947,1.0064816043498852,-0.011175646235024973,-0.0014890777497097996,0.008087474682222815,0.33160957648580214
4948,1.006369847887535,-0.011190537012522157,-0.001424996883195584,0.00809816460043315,0.3315432640489974
4949,1.0062579425174096,-0.011204786981354234,-0.0013609341325396263,0.008108385583953487,0.33147696369448887
4950,1.006145894647596,-0.011218396322679739,-0.0012968929731012324,0.008118137924594883,0.33141067543804464
4951,1.0060337106843693,-0.011231365252410861,-0.001232876875205055,0.008127421939320404,0.3313443992955811
4952,1.0059213970318452,-0.011243694021163004,-0.0011688893036688325,0.008136237970196213,0.3312781352831646
4953,1.0058089600916336,-0.011255382914199774,-0.0011049337176036178,0.008144586384333337,0.3312118834169921
4954,1.0056964062624916,-0.011266432251375925,-0.0010410135701940937,0.008152467573832102,0.33114564371340244
4955,1.0055837419399778,-0.011276842387077983,-0.000977132308773443,0.008159881955717693,0.3310794161888583
4956,1.005470973516107,-0.011286613710165826,-0.0009132933746136551,0.008166829971886757,0.33101320085995367
4957,1.0053581073790052,-0.01129574664391208,-0.0008495002025384751,0.008173312089042302,0.3309469977434004
4958,1.005245149912566,-0.011304241645937574,-0.0007857562209227786,0.008179328798630392,0.33088080685603416
4959,1.0051321074961066,-0.011312099208146919,-0.0007220648514213307,0.008184880616774807,0.33081462821479646
4960,1.005018986504025,-0.011319319856661242,-0.0006584295088313263,0.008189968084215713,0.33074846183673684
4961,1.0049057933054586,-0.011325904151749673,-0.0005948536007484989,0.008194591766243783,0.3306823077390103
4962,1.004792534263941,-0.011331852687757268,-0.0005313405275634425,0.008198752252629539,0.33061616593887183
4963,1.0046792157370634,-0.011337166093033034,-0.0004678936821522761,0.008202450157557052,0.33055003645367487
4964,1.0045658440761331,-0.011341845029854693,-0.0004045164498402143,0.008205686119552563,0.33048391930085286
4965,1.0044524256258347,-0.01134589019435322,-0.0003412122082272623,0.008208460801413997,0.3304178144979316
4966,1.0043389667238911,-0.011349302316435614,-0.0002779843270275112,0.008210774890135428,0.33035172206250835
4967,1.0042254737007268,-0.011352082159706015,-0.00021483616789851057,0.008212629096835617,0.33028564201226057
4968,1.0041119528791298,-0.011354230521385131,-0.00015177108398441164,0.008214024156680828,0.33021957436493415
4969,1.003998410573916,-0.0113557482322251,-8.879242007847621e-05,0.008214960828810533,0.33015351913834373
4970,1.0038848530915936,-0.01135663615642603,-2.5903512218053426e-05,0.008215439896260316,0.3300874763503622
4971,1.0037712867300292,-0.011356895191548349,3.6892312293493323e-05,0.008215462165883897,0.3300214460189161
4972,1.0036577177781139,-0.01135652626842555,9.959173525996012e-05,0.008215028468274,0.32995542816198986
4973,1.0035441525154296,-0.011355530351073083,0.0001621914475561509,0.008214139657676612,0.3298894227976091
4974,1.0034305972119189,-0.011353908436597664,0.00022468814939731463,0.00821279661191357,0.32982342994385244
4975,1.0033170581275528,-0.011351661555103807,0.0002870785505845047,0.008211000232295701,0.32975744961882697
4976,1.0032035415120018,-0.011348790769598103,0.0003493593704475412,0.008208751443541279,0.3296914818406817
4977,1.0030900536043057,-0.011345297175893774,0.0004115273382753609,0.008206051193687176,0.32962552662758776
4978,1.0029766006325467,-0.011341181902511162,0.00047357919324128583,0.008202900454005098,0.3295595839977433
4979,1.0028631888135215,-0.011336446110578897,0.0005355116849253827,0.008199300218912513,0.32949365396936864
4980,1.0027498243524158,-0.011331090993729788,0.0005973215733040549,0.008195251505882075,0.32942773656069513
4981,1.0026365134424784,-0.01132511777799691,0.0006590056288374724,0.008190755355354984,0.32936183178996703
4982,1.0025232622646985,-0.011318527721708688,0.0007205606324529185,0.008185812830645836,0.32929593967542714
4983,1.0024100769874813,-0.011311322115384296,0.0007819833759759032,0.008180425017853864,0.3292300602353276
4984,1.0022969637663275,-0.011303502281624703,0.0008432706622845537,0.008174593025763725,0.32916419348791237
4985,1.0021839287435113,-0.011295069575002013,0.0009044193054345839,0.008168317985752417,0.3290983394514214
4986,1.0020709780477612,-0.011286025381947819,0.0009654261308748857,0.00816160105169445,0.3290324981440776
4987,1.0019581177939418,-0.011276371120639242,0.0010262879754797949,0.008154443399868523,0.32896666958409204
4988,1.0018453540827355,-0.011266108240884611,0.0010870016879853395,0.00814684622885615,0.3289008537896508
4989,1.0017326930003265,-0.011255238224004923,0.0011475641287202187,0.008138810759442353,0.32883505077891273
4990,1.0016201406180865,-0.011243762582717885,0.0012079721701278162,0.008130338234516024,0.3287692605700171
4991,1.0015077029922592,-0.011231682861016768,0.001268222696907892,0.008121429918967464,0.32870348318106246
4992,1.001395386163649,-0.011219000634047852,0.0013283126059957656,0.008112087099588106,0.32863771863011165
4993,1.0012831961573085,-0.011205717507988072,0.0013882388065519086,0.00810231108496253,0.32857196693517443
4994,1.0011711389822286,-0.011191835119922704,0.0014479982203950692,0.008092103205370548,0.32850622811422286
4995,1.0010592206310294,-0.011177355137718923,0.0015075877823574751,0.008081464812676686,0.32844050218517346
4996,1.0009474470796522,-0.011162279259895533,0.0015670044400931116,0.008070397280223017,0.32837478916588553
4997,1.0008358242870532,-0.011146609215494771,0.0016262451544109963,0.008058902002723982,0.3283090890741569
4998,1.0007243581948984,-0.01113034676395081,0.0016853068993646914,0.008046980396161325,0.328243401927721
4999,1.000613054727259,-0.011113493694957335,0.0017441866623985752,0.008034633897671164,0.32817772774424514
5000,1.0005019197903093,-0.011096051828333542,0.00180288144417666,0.008021863965429336,0.328112066541314
5001,1.000390959272026,-0.011078023013891965,0.001861388259137009,0.008008672078544481,0.32804641833644527
5002,1.000280179041887,-0.011059409131300773,0.0019197041359531042,0.007995059736942815,0.32798078314707385
5003,1.0001695849505738,-0.011040212089941414,0.001977826117184195,0.007981028461255117,0.3279151609905485
5004,1.0000591828296743,-0.011020433828769754,0.0020357512592025784,0.007966579792702093,0.32784955188412207
5005,0.9999489784913866,-0.011000076316177911,0.002093476632807484,0.007951715292984754,0.32778395584496106
5006,0.9998389777282248,-0.01097914154985001,0.0021509993234855584,0.007936436544162874,0.3277183728901399
5007,0.9997291863127263,-0.010957631556615357,0.0022083164311408054,0.007920745148531064,0.32765280303662003
5008,0.9996196099971602,-0.010935548392304128,0.0022654250703245393,0.007904642728506647,0.3275872463012615
5009,0.9995102545132372,-0.010912894141601072,0.002322322370649152,0.0078881309265149,0.3275217027008151
5010,0.9994011255718211,-0.010889670917894789,0.0023790054766695268,0.007871211404862698,0.3274561722519206
5011,0.9992922288626422,-0.010865880863128282,0.0024354715477722944,0.007853885845614013,0.32739065497108955
5012,0.9991835700540109,-0.010841526147650759,0.0024917177586328276,0.00783615595047359,0.3273251508747235
5013,0.9990751547925344,-0.010816608970064607,0.0025477412999151683,0.007818023440663402,0.32725965997910217
5014,0.9989669887028337,-0.010791131557065653,0.002603539377772704,0.007799490056794124,0.32719418230036595
5015,0.9988590773872631,-0.010765096163288107,0.0026591092136196703,0.007780557558743692,0.3271287178545257
5016,0.9987514264256302,-0.010738505071152128,0.0027144480449022013,0.007761227725536513,0.32706326665745983
5017,0.9986440413749187,-0.010711360590703304,0.0027695531252441147,0.007741502355213417,0.3269978287249122
5018,0.9985369277690117,-0.010683665059451055,0.002824421724211823,0.007721383264693913,0.32693240407247554
5019,0.9984300911184172,-0.010655420842209131,0.0028790511274417313,0.007700872289655392,0.3268669927156029
5020,0.9983235369099951,-0.010626630330934913,0.0029334386374586796,0.007679971284410986,0.3268015946696009
5021,0.9982172706066857,-0.010597295944560525,0.0029875815732120087,0.0076586821217711236,0.3267362099496156
5022,0.9981112976472402,-0.010567420128828603,0.003041477269797449,0.007637006692911168,0.326670838570637
5023,0.9980056234459519,-0.01053700535613083,0.0030951230791722434,0.0076149469072448435,0.3266054805474978
5024,0.9979002533923906,-0.010506054125339332,0.0031485163707442587,0.00759250469229304,0.3265401358948739
5025,0.9977951928511373,-0.010474568961632099,0.003201654531031703,0.007569681993539137,0.32647480462726264
5026,0.997690447161521,-0.01044255241632198,0.0032545349629754805,0.007546480774302022,0.3264094867589958
5027,0.9975860216373578,-0.010410007066692423,0.0033071550871302535,0.007522903015608991,0.32634418230423307
5028,0.9974819215666908,-0.010376935515821343,0.003359512341602894,0.007498950716053013,0.3262788912769627
5029,0.9973781522115326,-0.010343340392405512,0.0034116041818364057,0.007474625891647216,0.3262136136909921
5030,0.9972747188076085,-0.010309224350587358,0.0034634280807366302,0.007449930575691884,0.32614834955994015
5031,0.9971716265641026,-0.01027459006978023,0.003514981529610245,0.0074248668186505905,0.32608309889725495
5032,0.9970688806634048,-0.010239440254484332,0.0035662620376786247,0.007399436687997214,0.3260178617161886
5033,0.9969664862608599,-0.010203777634107734,0.0036172671316198057,0.0073736422680773335,0.3259526380298026
5034,0.9968644484845188,-0.010167604962791761,0.0036679943561725853,0.007347485659972921,0.32588742785096586
5035,0.9967627724348909,-0.010130925019230254,0.003718441274770737,0.007320968981362658,0.32582223119236486
5036,0.9966614631846986,-0.010093740606482765,0.0037686054695015847,0.0072940943663666056,0.3257570480664779
5037,0.9965605257786337,-0.010056054551787963,0.003818484540374645,0.007266863965409978,0.3256918784855698
5038,0.9964599652331159,-0.010017869706384436,0.00386807610601593,0.007239279945090426,0.325626722461719
5039,0.9963597865360521,-0.00997918894532449,0.003917377804103228,0.0072113444880291516,0.325561580006796
5040,0.9962599946465989,-0.009940015167283671,0.00396638729097433,0.007183059792717486,0.32549645113245845
5041,0.996160594494926,-0.009900351294374157,0.0040151022415073345,0.007154428073371198,0.32543133585014644
5042,0.9960615909819822,-0.0098602002719593,0.004063520350206934,0.007125451559797781,0.32536623417110055
5043,0.9959629889792626,-0.009819565068457443,0.00411163933099104,0.007096132497243222,0.32530114610634153
5044,0.995864793328578,-0.009778448675147756,0.004159456916468379,0.007066473146238672,0.3252360716666608
5045,0.9957670088418266,-0.009736854105983303,0.004206970858233669,0.007036475782459289,0.3251710108626405
5046,0.9956696403007668,-0.009694784397401183,0.004254178927942179,0.007006142696580809,0.3251059637046454
5047,0.9955726924567928,-0.00965224260812198,0.004301078917025233,0.006975476194115599,0.32504093020281555
5048,0.9954761700307115,-0.009609231818951952,0.00434766863639767,0.006944478595264264,0.32497591036705487
5049,0.995380077712522,-0.009565755132588203,0.004393945916497527,0.006913152234778287,0.32491090420704405
5050,0.9952844201611961,-0.009521815673423438,0.004439908607971055,0.006881499461809635,0.32484591173224153
5051,0.9951892020044619,-0.009477416587343952,0.004485554581428672,0.006849522639744318,0.32478093295186694
5052,0.9950944278385885,-0.009432561041529907,0.0045308817270659635,0.006817224146052924,0.3247159678749054
5053,0.9950001022281731,-0.009387252224259452,0.004575887955559216,0.006784606372143358,0.3246510165101044
5054,0.9949062297059306,-0.009341493344704065,0.004620571198348314,0.006751671723210093,0.3245860788659862
5055,0.9948128147724835,-0.009295287632720814,0.004664929407047005,0.006718422618071299,0.3245211549508208
5056,0.9947198618961564,-0.009248638338650568,0.004708960553015951,0.006684861489018257,0.3244562447726366
5057,0.9946273755127698,-0.00920154873312064,0.004752662628381213,0.006650990781669076,0.3243913483392354
5058,0.9945353600254386,-0.009154022106837046,0.004796033646385298,0.006616812954802158,0.32432646565817047
5059,0.9944438198043702,-0.009106061770373432,0.0048390716410070395,0.006582330480194543,0.32426159673674465
5060,0.9943527591866665,-0.009057671053963582,0.004881774666610356,0.006547545842474006,0.3241967415820105
5061,0.994262182476127,-0.00900885330729769,0.004924140798693924,0.006512461538972755,0.3241319002007894
5062,0.994172093943054,-0.008959611899310977,0.0049661681339598085,0.00647708007955813,0.32406707259964657
5063,0.9940824978240609,-0.008909950217971597,0.0050078547897352416,0.006441403986468404,0.3240022587848996
5064,0.9939933983218812,-0.008859871670074472,0.0050491989043051355,0.006405435794159173,0.32393745876261476
5065,0.9939047996051804,-0.008809379681031624,0.0050901986379350145,0.006369178049152144,0.32387267253861035
5066,0.9938167058083701,-0.008758477694652515,0.005130852172340397,0.006332633309866898,0.32380790011845356
5067,0.9937291210314236,-0.008707169172929316,0.00517115771005737,0.006295804146459463,0.3237431415074444
5068,0.9936420493396944,-0.008655457595828961,0.00521111347468399,0.006258693140672483,0.32367839671063914
5069,0.9935554947637361,-0.008603346461082354,0.005250717711976632,0.006221302885673142,0.32361366573284706
5070,0.9934694612991253,-0.008550839283962804,0.005289968689531216,0.006183635985876441,0.3235489485786111
5071,0.9933839529062857,-0.008497939597067712,0.005328864696317118,0.006145695056789242,0.3234842452522123
5072,0.993298973510315,-0.00844465095010476,0.005367404042926627,0.006107482724860056,0.32341955575767933
5073,0.993214527000814,-0.008390976909675718,0.005405585062221163,0.006069001627317932,0.3233548800987986
5074,0.9931306172317172,-0.00833692105905373,0.005443406108906132,0.0060302544119941815,0.32329021827908005
5075,0.9930472480211268,-0.008282486997964867,0.005480865558954509,0.0059912437371621744,0.3232255703017814
5076,0.9929644231511471,-0.008227678342375552,0.005517961810832112,0.005951972271381942,0.32316093616990554
5077,0.9928821463677233,-0.00817249872426744,0.005554693285889922,0.005912442693335494,0.32309631588619875
5078,0.9928004213804806,-0.008116951791408755,0.005591058427288839,0.0058726576916534245,0.32303170945314
5079,0.9927192518625666,-0.008061041207136091,0.005627055699685829,0.005832619964756229,0.3229671168729449
5080,0.9926386414504952,-0.008004770650139452,0.005662683590288847,0.0057923322207016625,0.322902538147586
5081,0.9925585937439938,-0.007948143814236775,0.005697940609260821,0.005751797177003954,0.3228379732787767
5082,0.9924791123058514,-0.007891164408144372,0.005732825288999946,0.0057110175604592715,0.3227734222679497
5083,0.9924002006617699,-0.007833836155254587,0.0057673361841067625,0.005669996106995089,0.3227088851162887
5084,0.9923218623002173,-0.007776162793413715,0.005801471871939509,0.005628735561513493,0.32264436182472145
5085,0.9922441006722832,-0.00771814807469452,0.005835230952883422,0.0055872386777126365,0.32257985239392617
5086,0.9921669191915362,-0.007659795765165912,0.005868612049180523,0.005545508217912072,0.32251535682429294
5087,0.9920903212338845,-0.007601109644674306,0.00590161380561071,0.005503546952896105,0.32245087511597753
5088,0.9920143101374378,-0.007542093506618416,0.005934234890356861,0.005461357661749498,0.3223864072688698
5089,0.9919388892023716,-0.007482751157715045,0.005966473995103853,0.005418943131683494,0.32232195328260693
5090,0.9918640616907944,-0.007423086417764211,0.005998329833395641,0.005376306157862824,0.32225751315654966
5091,0.9917898308266168,-0.007363103119430456,0.006029801141506086,0.005333449543257027,0.32219308688981874
5092,0.9917161997954225,-0.0073028051080156016,0.006060886679041498,0.005290376098467002,0.3221286744812887
5093,0.9916431717443424,-0.007242196241225383,0.006091585229054813,0.005247088641543502,0.3220642759295677
5094,0.99157074978193,-0.007181280388935039,0.006121895597058294,0.005203589997813433,0.3219998912329969
5095,0.9914989369780407,-0.007120061432964659,0.006151816611777126,0.005159882999736656,0.32193552038966883
5096,0.9914277363637111,-0.007058543266847085,0.006181347125450223,0.005115970486729973,0.3218711633974444
5097,0.9913571509310426,-0.006996729795592766,0.00621048601341042,0.005071855304989301,0.3218068202538986
5098,0.9912871836330867,-0.006934624935458852,0.0062392321735061165,0.005027540307317303,0.3217424909563792
5099,0.991217837383732,-0.006872232613723955,0.0062675845269139635,0.004983028352969005,0.3216781755019532
5100,0.9911491150575948,-0.006809556768455008,0.006295542019071586,0.004938322307474792,0.3216138738874955
5101,0.9910810194899103,-0.00674660134826449,0.0063231036186292555,0.004893425042464532,0.32154958610954926
5102,0.9910135534764277,-0.006683370312078369,0.006350268316865568,0.004848339435504825,0.3214853121644947
5103,0.990946719773307,-0.0066198676289098935,0.006377035128302955,0.004803068369939619,0.32142105204837834
5104,0.9908805210970179,-0.0065560972776270475,0.006403403091542574,0.004757614734713242,0.3213568057571128
5105,0.9908149601242415,-0.006492063246711805,0.006429371268533088,0.00471198142418245,0.32129257328624283
5106,0.9907500394917744,-0.00642776953402665,0.00645493874429276,0.004666171337960548,0.3212283546311697
5107,0.9906857617964342,-0.006363220146583879,0.006480104627811893,0.0046201873807578935,0.32116414978697577
5108,0.9906221295949683,-0.006298419100305929,0.006504868051737042,0.004574032462207925,0.3210999587485833
5109,0.9905591454039653,-0.00623337041978872,0.00652922817219001,0.004527709496682856,0.3210357815106068
5110,0.9904968116997674,-0.006168078138066986,0.006553184167838559,0.004481221403133182,0.3209716180674569
5111,0.9904351309183868,-0.0061025462963887655,0.0065767352419267636,0.004434571104923545,0.32090746841331386
5112,0.9903741054554228,-0.006036778943969655,0.006599880621408621,0.0043877615296498175,0.3208433325420969
5113,0.9903137376659831,-0.005970780137755724,0.006622619557333474,0.004340795608972222,0.3207792104475349
5114,0.9902540298646055,-0.0059045539421825515,0.006644951322892154,0.004293676278447133,0.32071510212304416
5115,0.9901949843251837,-0.005838104428953795,0.006666875215804863,0.004246406477375803,0.32065100756193815
5116,0.9901366032808941,-0.005771435676795903,0.006688390557485144,0.004198989148604307,0.320586926757168
5117,0.9900788889241262,-0.005704551771221172,0.006709496693112146,0.004151427238364045,0.32052285970158806
5118,0.990021843406414,-0.005637456804290186,0.006730192991180814,0.0041037236960928345,0.3204588063876843
5119,0.9899654688383711,-0.005570154874378533,0.006750478844358455,0.004055881474298548,0.32039476680788
5120,0.9899097672896273,-0.005502650085935098,0.006770353669471457,0.0040079035283561645,0.32033074095425
5121,0.989854740788768,-0.005434946549240514,0.0067898169061394315,0.003959792816348278,0.3202667288187355
5122,0.9898003913232756,-0.005367048380179233,0.0068088680178043925,0.003911552298893435,0.3202027303930112
5123,0.9897467208394738,-0.005298959700001336,0.006827506491543477,0.0038631849389846222,0.32013874566856027
5124,0.9896937312424737,-0.0052306846350860265,0.006845731839480833,0.0038146937018076186,0.32007477463668416
5125,0.9896414243961229,-0.0051622273166913165,0.006863543596622758,0.00376608155456803,0.3200108172883804
5126,0.989589802122956,-0.005093591880725213,0.006880941321401393,0.0037173514663445244,0.3199468736145665
5127,0.9895388662041488,-0.005024782467511318,0.00689792459627029,0.003668506407906772,0.3198829436058331
5128,0.9894886183794737,-0.004955803221548712,0.006914493027666384,0.003619549351550719,0.3198190272526988
5129,0.9894390603472581,-0.0048866582912721595,0.006930646245795757,0.003570483270904067,0.31975512454534144
5130,0.9893901937643454,-0.004817351828814303,0.006946383903866718,0.0035213111407880653,0.319691235473849
5131,0.9893420202460573,-0.004747887989775734,0.006961705680103222,0.0034720359370446073,0.3196273600280655
5132,0.9892945413661596,-0.004678270932974792,0.006976611275738391,0.0034226606363599687,0.31956349819765145
5133,0.9892477586568298,-0.004608504820217496,0.006991100415861817,0.0033731882160953778,0.3194996499720944
5134,0.9892016736086277,-0.00453859381605897,0.007005172848375402,0.0033236216541206623,0.3194358153406305
5135,0.989156287670467,-0.0044685420875752975,0.007018828345859082,0.003273963928660669,0.3193719942924266
5136,0.9891116022495913,-0.004398353804116792,0.007032066705143329,0.0032242180180959957,0.3193081868163372
5137,0.9890676187115501,-0.004328033137065423,0.00704488774605827,0.0031743869008230736,0.31924439290114254
5138,0.9890243383801794,-0.004257584259604903,0.007057291311999038,0.0031244735550760533,0.3191806125353658
5139,0.9889817625375834,-0.004187011346484993,0.0070692772697796,0.003074480958777937,0.31911684570742893
5140,0.9889398924241185,-0.004116318573787243,0.007080845510759673,0.003024412089346604,0.31905309240554275
5141,0.9888987292383806,-0.004045510118679716,0.007091995949009798,0.0029742699235289255,0.3189893526177246
5142,0.9888582741371938,-0.00397459015918968,0.007102728522317778,0.002924057437252805,0.31892562633187926
5143,0.9888185282356019,-0.003903562873966551,0.0071130431926823105,0.00287377760545532,0.3188619135356919
5144,0.9887794926068623,-0.003832432442039773,0.007122939945464566,0.002823433401920671,0.3187982142167617
5145,0.9887411682824419,-0.003761203042585152,0.007132418789472031,0.002773027799095533,0.31873452836243304
5146,0.988703556252016,-0.0036898788546904787,0.007141479756020523,0.0027225637679503464,0.318670855959977
5147,0.988666657463469,-0.0036184640571302953,0.0071501229011271955,0.0026720442778023243,0.31860719699647905
5148,0.9886304728228977,-0.003546962828119028,0.0071583483042706765,0.002621472296141244,0.3185435514588747
5149,0.9885950031946166,-0.00347537934507634,0.007166156068295626,0.002570850788475432,0.31847991933396697
5150,0.9885602494011658,-0.0034037177843933963,0.007173546318747746,0.0025201827181671765,0.3184163006083729
5151,0.9885262122233219,-0.003331982321205921,0.0071805192047277346,0.002469471046286416,0.31835269526865567
5152,0.9884928924001098,-0.0032601771291586533,0.007187074899307304,0.0024187187314149076,0.3182891033011542
5153,0.9884602906288182,-0.003188306380165577,0.007193213598070611,0.0023679287294967213,0.3182255246921218
5154,0.9884284075650166,-0.003116374244184862,0.007198935520129259,0.002317103993676643,0.318161959427651
5155,0.9883972438225748,-0.0030443848889835606,0.0072042409081850105,0.002266247474149915,0.31809840749373475
5156,0.9883667999736849,-0.0029723424799016763,0.0072091300282773295,0.00221536211798981,0.3180348688762486
5157,0.9883370765488859,-0.0029002511796188796,0.007213603169132412,0.0021644508689769183,0.3179713435608916
5158,0.9883080740370898,-0.0028281151479275356,0.0072176606418837205,0.002113516667459222,0.3179078315333072
5159,0.9882797928856105,-0.0027559385415086503,0.007221302781650497,0.0020625624501783347,0.31784433277898305
5160,0.9882522335001954,-0.0026837255136920976,0.0072245299466053466,0.00201159115010608,0.3177808472833229
5161,0.9882253962450585,-0.0026114802142259952,0.007227342517947925,0.001960605696285889,0.3177173750315881
5162,0.9881992814429162,-0.0025392067890464523,0.007229740899084222,0.0019096090136834349,0.3176539160089425
5163,0.9881738893750258,-0.002466909380055543,0.007231725516669233,0.0018586040230354208,0.3175904702004883
5164,0.9881492202812253,-0.0023945921248887843,0.007233296820571902,0.0018075936406674819,0.31752703759117457
5165,0.9881252743599764,-0.0023222591566829888,0.00723445528296382,0.0017565807783457709,0.3174636181658858
5166,0.9881020517684096,-0.0022499146038532794,0.00723520139872114,0.0017055683431189063,0.3174002119093861
5167,0.988079552622371,-0.002177562589865982,0.007235535685843394,0.0016545592371745308,0.31733681880639025
5168,0.9880577769964723,-0.002105207233007451,0.007235458685158911,0.001603556357668745,0.3172734388415112
5169,0.9880367249241423,-0.0020328526461557586,0.007234970959573341,0.0015525625965674174,0.3172100719992523
5170,0.9880163963976807,-0.0019605029365599162,0.00723407309390375,0.0015015808405034056,0.31714671826406915
5171,0.9879967913683151,-0.001888162205620778,0.007232765696082461,0.001450613970617028,0.31708337762032707
5172,0.9879779097462589,-0.0018158345486598301,0.007231049396703125,0.0013996648623937336,0.31702005005232997
5173,0.9879597514007723,-0.0017435240546926512,0.007228924848868418,0.0013487363855113515,0.3169567355442867
5174,0.9879423161602253,-0.0016712348062038309,0.0072263927272583125,0.001297831403697704,0.3168934340803502
5175,0.9879256038121633,-0.0015989708789311144,0.0072234537290036,0.0012469527745833154,0.316830145644638
5176,0.987909614103374,-0.001526736341640923,0.0072201085736830345,0.0011961033495312687,0.31676687022117744
5177,0.9878943467399576,-0.0014545352559039429,0.007216358002707047,0.0011452859734880168,0.3167036077939449
5178,0.9878798013873985,-0.0013823716758767002,0.007212202779219258,0.0010945034848321201,0.3166403583468528
5179,0.9878659776706398,-0.0013102496480843385,0.007207643688726933,0.0010437587152379308,0.31657712186379033
5180,0.987852875174159,-0.0012381732111968727,0.007202681538918416,0.0009930544895141913,0.316513898328591
5181,0.987840493442047,-0.0011661463958075036,0.007197317159028122,0.0009423936254520619,0.3164506877250268
5182,0.987828831978089,-0.0010941732242170392,0.007191551399541398,0.0008917789336840971,0.31638749003684
5183,0.9878178902458469,-0.001022257710221417,0.007185385132903329,0.0008412132175385561,0.31632430524774874
5184,0.9878076676687446,-0.0009504038588921758,0.007178819253592489,0.0007906992728817614,0.3162611333414349
5185,0.9877981636301557,-0.0008786156663560286,0.007171854677790481,0.0007402398879704237,0.31619797430153684
5186,0.9877893774734922,-0.0008068971195779073,0.007164492342540932,0.0006898378433133234,0.31613482811166954
5187,0.9877813085022964,-0.000735252196152267,0.0071567332063552985,0.000639495911531607,0.3160716947554403
5188,0.9877739559803349,-0.0006636848640884642,0.007148578249204646,0.0005892168572036864,0.316008574216431
5189,0.987767319131694,-0.000592199081596157,0.007140028472298163,0.000539003436716443,0.3159454664781926
5190,0.9877613971408781,-0.0005207987968729095,0.007131084897614892,0.0004888583981231349,0.31588237152425686
5191,0.9877561891529093,-0.0004494879478965007,0.007121748568454831,0.00043878448101267837,0.31581928933817144
5192,0.9877516942734303,-0.000378270462211676,0.007112020549701296,0.0003887844163595899,0.31575621990347036
5193,0.9877479115688083,-0.0003071502567143694,0.007101901926797648,0.0003388609263805939,0.31569316320367435
5194,0.9877448400662411,-0.00023613123744611252,0.007091393805649232,0.00028901672439514414,0.3156301192222972
5195,0.9877424787538667,-0.00016521729938929786,0.007080497312805675,0.00023925451469193856,0.31556708794287414
5196,0.9877408265808728,-9.44123262609286e-05,0.007069213595868428,0.00018957699238100357,0.3155040693489524
5197,0.9877398824576102,-2.372019030192722e-05,0.007057543823333302,0.0001399868432471073,0.3154410634240641
5198,0.9877396452557072,4.685524793173654e-05,0.007045489183652709,9.04867436239389e-05,0.31537807015175745
5199,0.9877401138081866,0.00011731013976859741,0.007033050885596793,4.1079360259384286e-05,0.3153150895156103
5200,0.9877412869095843,0.00018764064862490673,0.0070202301584698645,-8.232649823287467e-06,0.31525212149922416
5201,0.9877431633160706,0.0002578429502099659,0.007007028251837825,-5.744663946930788e-05,0.3151891660862104
5202,0.9877457417455727,0.00032791323272870115,0.0069934464353096915,-0.000106559971529143,0.31512622326018713
5203,0.9877490208779001,0.00039784769708217063,0.006979485998168198,-0.00015557001898040536,0.3150632930048313
5204,0.9877529993548709,0.0004676425570642416,0.006965148250396838,-0.00020447416506576255,0.31500037530385616
5205,0.9877576757804416,0.0005372940395686042,0.006950434521699601,-0.000253269803430705,0.31493747014099077
5206,0.9877630487208373,0.0006067983847860087,0.006935346161034651,-0.00030195433825417917,0.31487457749999775
5207,0.9877691167046851,0.0006761518463967705,0.00691988453695825,-0.0003505251843781454,0.31481169736468234
5208,0.9877758782231492,0.0007453506917667681,0.0069040510374766394,-0.00039897976743287977,0.3147488297189192
5209,0.9877833317300668,0.0008143912021419686,0.006887847070645211,-0.0004473155239838768,0.3146859745466062
5210,0.9877914756420882,0.000883269672848874,0.006871274063787636,-0.0004955299016508312,0.31462313183168034
5211,0.9878003083388167,0.0009519824134872001,0.006854333462947937,-0.000543620359228651,0.31456030155814885
5212,0.9878098281629516,0.0010205257481171492,0.0068370267338667585,-0.0005915843668192016,0.31449748371008257
5213,0.9878200334204328,0.0010888960154562847,0.006819355360975551,-0.0006394194059567514,0.31443467827160865
5214,0.9878309223805873,0.00115708956906653,0.006801320847906918,-0.0006871229697452698,0.3143718852268967
5215,0.987842493276278,0.0012251027775460712,0.0067829247167378644,-0.0007346925629757875,0.31430910456018557
5216,0.9878547443040535,0.0012929320247139647,0.006764168508323013,-0.0007821257022422809,0.31424633625581216
5217,0.9878676736243006,0.001360573709797725,0.006745053782808751,-0.0008294199160800664,0.31418358029815957
5218,0.9878812793613986,0.0014280242476263283,0.006725582118152409,-0.0008765727450764511,0.31412083667167723
5219,0.9878955596038749,0.001495280068808381,0.0067057551106602595,-0.0009235817420006476,0.31405810536088896
5220,0.987910512404563,0.001562337619915529,0.006685574375069787,-0.0009704444719151077,0.31399538635041535
5221,0.9879261357807622,0.0016291933636667529,0.006665041544197158,-0.0010171585123003961,0.3139326796249615
5222,0.9879424277143988,0.0016958437791092934,0.006644158269636727,-0.0010637214531853895,0.31386998516929365
5223,0.9879593861521899,0.001762285361806258,0.006622926220270081,-0.0011101308972463278,0.3138073029682689
5224,0.987977009005808,0.0018285146240095364,0.006601347082766367,-0.001156384459930564,0.31374463300685407
5225,0.9879952941520481,0.0018945280948378062,0.006579422561943183,-0.0012024797695759462,0.31368197527010155
5226,0.9880142394329965,0.001960322320457826,0.00655715437967011,-0.0012484144675231398,0.31361932974314954
5227,0.9880338426562011,0.002025893864255139,0.006534544275687455,-0.0012941862082436776,0.3135566964112215
5228,0.9880541015948436,0.002091239307012644,0.006511594006661115,-0.0013397926594347668,0.31349407525966083
5229,0.9880750139879138,0.002156355247079895,0.0064883053468828104,-0.0013852315021381622,0.313431466273923
5230,0.9880965775403846,0.0022212383005493714,0.006464680088325708,-0.0014305004308599342,0.3133688694395477
5231,0.9881187899233901,0.0022858851014332967,0.00644072003907337,-0.0014755971536674177,0.313306284742177
5232,0.9881416487744045,0.0023502923018247036,0.006416427024363725,-0.0015205193923117273,0.3132437121675754
5233,0.9881651516974227,0.0024144565720690186,0.006391802886295973,-0.0015652648823251854,0.3131811517016337
5234,0.9881892962631433,0.0024783746009326905,0.006366849483450711,-0.0016098313731405863,0.31311860333034475
5235,0.9882140800091527,0.0025420430957678805,0.0063415686915933855,-0.0016542166282040812,0.31305606703980215
5236,0.9882395004401103,0.0026054587826845332,0.006315962401993395,-0.0016984184250601769,0.3129935428162253
5237,0.9882655550279372,0.0026686184067051975,0.006290032522441487,-0.0017424345554711196,0.3129310306459768
5238,0.9882922412120043,0.0027315187319303267,0.006263780977276128,-0.0017862628255200708,0.31286853051552665
5239,0.9883195563993237,0.002794156541703843,0.0062372097062174565,-0.0018299010557107523,0.3128060424114577
5240,0.9883474979647408,0.002856528638766775,0.006210320665368495,-0.0018733470810831983,0.3127435663204858
5241,0.9883760632511284,0.0029186318454212158,0.0061831158264341775,-0.001916598751292934,0.3126811022294772
5242,0.9884052495695825,0.0029804630036863477,0.006155597176816501,-0.001959653930725084,0.31261865012542567
5243,0.9884350541996194,0.0030420189754553134,0.0061277667199521185,-0.002002510498598286,0.31255620999544287
5244,0.9884654743893739,0.003103296642655622,0.00609962647363493,-0.002045166349048083,0.31249378182677007
5245,0.9884965073558005,0.003164292907392788,0.0060711784713073785,-0.0020876193912398055,0.3124313656068142
5246,0.9885281502848745,0.003225004692106711,0.006042424761782579,-0.0021298675494571917,0.31236896132311803
5247,0.9885604003317956,0.0032854289397253734,0.006013367408239639,-0.002171908763200741,0.31230656896334774
5248,0.9885932546211929,0.0033455626138086192,0.0059840084895832445,-0.0022137409872909465,0.3122441885153124
5249,0.988626710247331,0.0034054026987053215,0.005954350098809867,-0.002255362191938837,0.3121818199669741
5250,0.988660764274318,0.003464946199694279,0.005924394343476552,-0.0022967703628562555,0.31211946330645796
5251,0.988695413736315,0.0035241901431299263,0.005894143346284238,-0.002337963501347653,0.31205711852202206
5252,0.9887306556377463,0.0035831315765936745,0.005863599243245664,-0.002378939624387409,0.31199478560206073
5253,0.9887664869535122,0.0036417675690270344,0.005832764185137607,-0.002419696764731185,0.31193246453514184
5254,0.9888029046292025,0.00370009521087935,0.005801640336911586,-0.0024602329709845867,0.3118701553099939
5255,0.9888399055813113,0.0037581116142493855,0.005770229876816864,-0.002500546307696801,0.3118078579154839
5256,0.9888774866974538,0.0038158139130185075,0.00573853499765551,-0.002540634855459515,0.3117455723406329
5257,0.988915644836584,0.003873199262996012,0.0057065579049379,-0.0025804967109679107,0.31168329857461047
5258,0.9889543768292139,0.003930264842046349,0.005674300817873311,-0.002620129987125949,0.31162103660678026
5259,0.9889936794776344,0.003987007850226078,0.005641765969660317,-0.0026595328131259234,0.3115587864266556
5260,0.9890335495561366,0.004043425509923662,0.005608955605875994,-0.0026987033345190143,0.3114965480238863
5261,0.9890739838112359,0.004099515065983422,0.0055758719858645805,-0.002737639713316811,0.3114343213883029
5262,0.9891149789618957,0.0041552737858430895,0.005542517381686395,-0.0027763401280476406,0.3113721065099118
5263,0.9891565316997541,0.004210698959660975,0.005508894077598872,-0.0028148027738490585,0.31130990337888426
5264,0.9891986386893508,0.004265787900438001,0.005475004371351157,-0.00285302586255504,0.3112477119855546
5265,0.9892412965683551,0.004320537944152546,0.005440850572446046,-0.00289100762275216,0.31118553232040047
5266,0.9892845019477967,0.004374946449878066,0.0054064350026583954,-0.0029287462998767626,0.31112336437409976
5267,0.9893282514122955,0.004429010799905725,0.005371759996736954,-0.0029662401562791326,0.311061208137509
5268,0.9893725415202946,0.004482728399874178,0.005336827900633938,-0.0030034874712894454,0.31099906360162277
5269,0.9894173688042934,0.004536096678881603,0.005301641072735161,-0.003040486541311789,0.3109369307576214
5270,0.9894627297710823,0.004589113089610071,0.0052662018831935165,-0.003077235679874395,0.31087480959685504
5271,0.9895086209019784,0.004641775108443105,0.005230512713006383,-0.0031137332177069636,0.31081270011086987
5272,0.9895550386530628,0.004694080235574302,0.0051945759556630555,-0.003149977502824453,0.31075060229138946
5273,0.9896019794554186,0.0047460259951320775,0.00515839401539462,-0.003185966900572837,0.3106885161302722
5274,0.9896494397153699,0.004797609935287161,0.005121969307401407,-0.003221699793714889,0.31062644161957303
5275,0.9896974158147228,0.004848829628362339,0.005085304258638859,-0.003257174582491406,0.3105643787515505
5276,0.9897459041110065,0.004899682670949922,0.005048401305829467,-0.0032923896846730224,0.31050232751861273
5277,0.9897949009377159,0.0049501666840093845,0.005011262896994877,-0.0033273435356504216,0.31044028791335815
5278,0.9898444026045561,0.0050002793129805346,0.004973891490923157,-0.003362034588476878,0.3103782599285446
5279,0.9898944053976859,0.005050018227890983,0.004936289556007542,-0.003396461313933122,0.31031624355712584
5280,0.9899449055799648,0.0050993811234522745,0.004898459571930219,-0.0034306222006032405,0.3102542387922648
5281,0.9899958993911994,0.005148365719172816,0.004860404027976495,-0.0034645157549076087,0.31019224562725856
5282,0.9900473830483911,0.005196969759453825,0.0048221254229822985,-0.0034981405011834605,0.3101302640555925
5283,0.9900993527459857,0.005245191013684902,0.004783626266417693,-0.0035314949817401814,0.3100682940709601
5284,0.9901518046561225,0.005293027276350346,0.004744909076551673,-0.003564577756899713,0.3100063356672227
5285,0.990204734928886,0.005340476367117151,0.004705976381288168,-0.003597387405078274,0.30994438883843284
5286,0.9902581396925573,0.005387536130931323,0.004666830718430305,-0.003629922522821254,0.3098824535788018
5287,0.9903120150538666,0.005434204438116926,0.0046274746340305845,-0.003662181724854848,0.30982052988271275
5288,0.9903663570982477,0.00548047918445853,0.004587910683884304,-0.0036941636441571624,0.3097586177447893
5289,0.9904211618900923,0.005526358291298707,0.004548141432645925,-0.0037258669319855113,0.30969671715979946
5290,0.9904764254730053,0.005571839705626504,0.004508169452868346,-0.003757290257937757,0.30963482812268517
5291,0.9905321438700616,0.005616921400156528,0.004467997326706337,-0.0037884323100095185,0.30957295062859375
5292,0.9905883130840631,0.005661601373424947,0.004427627644129177,-0.003819291794619796,0.3095110846728394
5293,0.9906449290977974,0.005705877649867612,0.004387063003117551,-0.0038498674366797803,0.309449230250946
5294,0.9907019878742961,0.005749748279900174,0.004346306010576742,-0.0038801579796304726,0.3093873873586057
5295,0.9907594853570951,0.005793211340007323,0.004305359280230778,-0.003910162185472952,0.3093255559916545
5296,0.9908174174704952,0.005836264932811013,0.004264225434038524,-0.0039398788348385585,0.3092637361461653
5297,0.9908757801198234,0.005878907187152806,0.004222907101917549,-0.003969306727009751,0.3092019278183878
5298,0.9909345691916949,0.0059211362581734085,0.004181406920356796,-0.003998444679962962,0.30914013100472165
5299,0.9909937805542766,0.005962950327378401,0.004139727533869,-0.004027291530425614,0.30907834570177384
5300,0.9910534100575503,0.006004347602718535,0.004097871594112776,-0.0040558461338867325,0.3090165719063007
5301,0.9911134535335775,0.006045326318661107,0.0040558417590746965,-0.004084107364654409,0.3089548096152763
5302,0.9911739067967641,0.006085884736253304,0.004013640694321523,-0.0041120741158933,0.3088930588258726
5303,0.9912347656441266,0.006126021143197991,0.003971271071481451,-0.0041397452996407074,0.30883131953538173
5304,0.9912960258555585,0.0061657338539142905,0.003928735568448048,-0.004167119846862954,0.308769591741299
5305,0.9913576831940977,0.006205021209600261,0.003886036870424693,-0.0041941967074810875,0.30870787544132117
5306,0.9914197334061937,0.006243881578306002,0.003843177667726856,-0.004220974850391251,0.30864617063329525
5307,0.9914821722219768,0.006282313354984783,0.003800160656910398,-0.004247453263515616,0.308584477315269
5308,0.9915449953555266,0.006320314961555399,0.0037569885408486256,-0.004273630953813602,0.3085227954854377
5309,0.9916081985051423,0.006357884846965404,0.0037136640274883226,-0.004299506947312773,0.308461125142171
5310,0.9916717773536119,0.006395021487241816,0.0036701898307586397,-0.004325080289155772,0.3083994662840765
5311,0.9917357275684843,0.006431723385550942,0.003626568669863779,-0.0043503500435975225,0.30833781890988426
5312,0.9918000448023397,0.006467989072251146,0.0035828032686429506,-0.004375315294045466,0.30827618301848575
5313,0.9918647246930623,0.006503817104939136,0.003538896356695305,-0.004399975143089504,0.30821455860897845
5314,0.9919297628641117,0.006539206068507667,0.0034948506683655026,-0.004424328712509147,0.3081529456806166
5315,0.9919951549247968,0.006574154575192913,0.0034506689420164827,-0.004448375143309585,0.30809134423284285
5316,0.9920608964705487,0.00660866126461465,0.003406353921201026,-0.004472113595735855,0.30802975426526263
5317,0.9921269830831949,0.006642724803828271,0.003361908353540985,-0.00449554324928317,0.30796817577760455
5318,0.9921934103312332,0.006676343887365289,0.003317334990886947,-0.004518663302734136,0.3079066087698212
5319,0.9922601737701069,0.0067095172372757675,0.0032726365896582413,-0.00454147297416585,0.30784505324203576
5320,0.9923272689424797,0.006742243603173966,0.0032278159093792474,-0.004563971500954986,0.30778350919449166
5321,0.9923946913785114,0.006774521762269398,0.003182875713560393,-0.004586158139811348,0.30772197662763195
5322,0.9924624365961341,0.006806350519406629,0.003137818769799218,-0.00460803216677923,0.3076604555420491
5323,0.9925305001013282,0.006837728707106271,0.0030926478484941122,-0.004629592877253501,0.30759894593850384
5324,0.9925988773883992,0.006868655185592875,0.003047365723353665,-0.004650839585999877,0.30753744781794434
5325,0.9926675639402551,0.0068991288428280565,0.0030019751713400433,-0.004671771627145864,0.30747596118142617
5326,0.9927365552286834,0.00692914859454312,0.0029564789718798667,-0.004692388354202815,0.3074144860301639
5327,0.9928058467146289,0.006958713384263594,0.002910879907686882,-0.004712689140080684,0.307353022365588
5328,0.9928754338484715,0.006987822183342135,0.0028651807639525073,-0.004732673377078516,0.3072915701892441
5329,0.992945312070305,0.0070164739909833445,0.002819384327744194,-0.0047523404768979385,0.30723012950283207
5330,0.9930154768102148,0.007044667834262483,0.0027734933890586136,-0.004771689870650188,0.3071687003082152
5331,0.9930859234885575,0.007072402768154762,0.0027275107398962856,-0.004790721008849855,0.3071072826073801
5332,0.9931566475162391,0.007099677875555441,0.0026814391738392424,-0.004809433361431674,0.3070458764025128
5333,0.9932276442949947,0.007126492267295539,0.002635281486538764,-0.004827826417743963,0.306984481695936
5334,0.9932989092176676,0.007152845082162635,0.0025890404749662546,-0.004845899686540238,0.30692309849007
5335,0.9933704376684892,0.007178735486914026,0.0025427189375038656,-0.004863652695996004,0.30686172678752044
5336,0.9934422250233583,0.0072041626762907795,0.002496319674363638,-0.004881084993698006,0.3068003665910485
5337,0.9935142666501212,0.007229125873036156,0.0024498454863173744,-0.004898196146635599,0.30673901790352315
5338,0.9935865579088515,0.0072536243279010615,0.002403299174952127,-0.004914985741205632,0.3066776807279812
5339,0.9936590941521305,0.007277657319652314,0.0023566835431917607,-0.004931453383198586,0.30661635506756657
5340,0.993731870725327,0.007301224155085985,0.0023100013942654526,-0.004947598697794668,0.30655504092556124
5341,0.9938048829668779,0.007324324169030378,0.0022632555319782033,-0.0049634213295663785,0.3064937383054474
5342,0.9938781262085682,0.0073469567243519,0.0022164487605381977,-0.0049789209424536155,0.3064324472107842
5343,0.9939515957758117,0.007369121211959047,0.002169583883784576,-0.004994097219757441,0.30637116764524425
5344,0.9940252869879314,0.007390817050798664,0.002122663706003655,-0.00500894986414034,0.3063098996126737
5345,0.9940991951584394,0.0074120436878604735,0.002075691031476548,-0.005023478597602483,0.3062486431170247
5346,0.994173315595318,0.0074328005981769965,0.002028668663419525,-0.005037683161473956,0.3061873981623809
5347,0.9942476436012997,0.007453087284812955,0.0019815994047819863,-0.005051563316401102,0.30612616475296367
5348,0.9943221744741478,0.007472903278862543,0.0019344860580852719,-0.005065118842320858,0.30606494289306146
5349,0.9943969035069364,0.007492248139445172,0.0018873314248765705,-0.005078349538458296,0.30600373258712843
5350,0.9944718259883308,0.007511121453695705,0.0018401383060716661,-0.005091255223307157,0.3059425338397644
5351,0.9945469372028678,0.0075295228367582056,0.001792909500992132,-0.005103835734596318,0.3058813466556208
5352,0.9946222324312354,0.0075474519317698914,0.001745647807346734,-0.005116090929282252,0.3058201710394897
5353,0.994697706950553,0.007564908409845132,0.0016983560220875174,-0.005128020683529711,0.3057590069962865
5354,0.9947733560346514,0.00758189197006779,0.0016510369403516592,-0.005139624892684628,0.305697854531018
5355,0.9948491749543521,0.007598402339473084,0.001603693355115704,-0.005150903471259162,0.30563671364883266
5356,0.9949251589777468,0.007614439273026021,0.0015563280576012806,-0.005161856352895872,0.3055755843549559
5357,0.9950013033704771,0.0076300025536038246,0.0015089438368005512,-0.005172483490341865,0.3055144666546752
5358,0.9950776033960131,0.007645091991973603,0.001461543479657594,-0.005182784855438822,0.3054533605534534
5359,0.9951540543159328,0.007659707426771954,0.00141412977076677,-0.005192760439084545,0.30539226605683883
5360,0.9952306513902006,0.007673848724481394,0.001366705491549769,-0.005202410251199934,0.3053311831704331
5361,0.9953073898774454,0.007687515779398669,0.0013192734208953075,-0.005211734320707454,0.30527011189997766
5362,0.9953842650352394,0.007700708513609406,0.0012718363352692136,-0.005220732695496025,0.30520905225128014
5363,0.9954612721203755,0.007713426876963885,0.001224397007876521,-0.005229405442394772,0.3051480042302456
5364,0.9955384063891451,0.007725670847044423,0.0011769582084182953,-0.005237752647139776,0.3050869678429047
5365,0.9956156630976156,0.00773744042913037,0.0011295227032084854,-0.005245774414328872,0.3050259430953164
5366,0.995693037501907,0.007748735656164218,0.0010820932549074,-0.005253470867396988,0.3049649299936156
5367,0.9957705248584686,0.007759556588715072,0.0010346726229086209,-0.005260842148587072,0.30490392854408543
5368,0.9958481204243558,0.007769903314945918,0.000987263562669781,-0.005267888418904146,0.30484293875305096
5369,0.9959258194575052,0.007779775950574361,0.0009398688252466522,-0.005274609858074851,0.30478196062689766
5370,0.996003617217011,0.007789174638828577,0.0008924911577639152,-0.005281006664511746,0.30472099417211496
5371,0.9960815089633993,0.0077980995504079754,0.0008451333032793995,-0.005287079055270896,0.30466003939522435
5372,0.9961594899589034,0.007806550883442515,0.0007977980002896873,-0.0052928272660200905,0.30459909630285775
5373,0.9962375554677377,0.007814528863447147,0.0007504879823434091,-0.005298251550990945,0.3045381649017397
5374,0.9963157007563722,0.007822033743272323,0.0007032059782146466,-0.0053033521829292714,0.30447724519859015
5375,0.996393921093805,0.007829065803056184,0.0006559547118527992,-0.005308129453059756,0.3044163372002072
5376,0.9964722117518355,0.007835625350176437,0.000608736902480353,-0.005312583671043154,0.30435544091349687
5377,0.9965505680053373,0.007841712719202953,0.0005615552637840138,-0.005316715164925445,0.30429455634538427
5378,0.9966289851325293,0.00784732827184252,0.0005144125038367142,-0.005320524281086658,0.30423368350285557
5379,0.9967074584152477,0.00785247239688259,0.00046731132511246276,-0.005324011384196255,0.3041728223929605
5380,0.9967859831392165,0.007857145510135407,0.00042025442466835095,-0.0053271768571654795,0.3041119730227597
5381,0.9968645545943179,0.00786134805438378,0.0003732444939331253,-0.005330021101103196,0.304051135399419
5382,0.9969431680748617,0.007865080499324804,0.00032628421800656726,-0.005332544535255746,0.30399030953015804
5383,0.997021818879855,0.007868343341506545,0.0002793762758149243,-0.005334747596953598,0.30392949542217484
5384,0.9971005023132701,0.007871137104266361,0.00023252334001036545,-0.005336630741560505,0.30386869308273695
5385,0.9971792136843127,0.00787346233766813,0.00018572807709262007,-0.00533819444242488,0.3038079025191816
5386,0.9972579483076894,0.007875319618440691,0.000138993146709121,-0.005339439190825169,0.30374712373884954
5387,0.9973367015038739,0.007876709549909417,9.232120157347257e-05,-0.00534036549590658,0.3036863567491353
5388,0.997415468599373,0.00787763276192678,4.5714887460870934e-05,-0.005340973884626907,0.3036256015574566
5389,0.9974942449269923,0.007878089910803014,-8.231565014338305e-07,-0.00534126490169909,0.3035648581712204
5390,0.9975730258261004,0.007878081679239608,-4.7290298179208934e-05,-0.005341239109538129,0.30350412659792736
5391,0.9976518066428928,0.0078776087762594,-9.368391311333213e-05,-0.005340897088193411,0.3034434068451003
5392,0.9977305827306554,0.00787667193712985,-0.00014000138453713895,-0.005340239435286902,0.30338269892022574
5393,0.9978093494500268,0.007875271923286064,-0.0001862401033306954,-0.005339266765953549,0.30332200283084887
5394,0.9978881021692596,0.007873409522254323,-0.00023239746770410685,-0.0053379797127855785,0.3032613185845454
5395,0.9979668362644821,0.007871085547578816,-0.00027847088381334484,-0.0053363789257679355,0.3032006461888792
5396,0.998045547119958,0.007868300838742218,-0.0003244577660262149,-0.00533446507220659,0.30313998565145667
5397,0.9981242301283454,0.007865056261083468,-0.00037035553716660563,-0.005332238836662594,0.3030793369798743
5398,0.9982028806909562,0.007861352705713287,-0.00041616162816005,-0.005329700920887394,0.3030187001816938
5399,0.9982814942180134,0.00785719108943319,-0.0004618734780752892,-0.005326852043764329,0.3029580752645579
5400,0.9983600661289077,0.007852572354653925,-0.0005074885350288966,-0.005323692941234783,0.3028974622361054
5401,0.9984385918524542,0.007847497469305086,-0.0005530042560576709,-0.005320224366226426,0.3028368611039171
5402,0.9985170668271472,0.00784196742674594,-0.0005984181068609262,-0.005316447088581406,0.3027762718756137
5403,0.9985954865014147,0.007835983245678753,-0.0006437275619369104,-0.005312361894991878,0.3027156945588141
5404,0.9986738463338715,0.007829545970060765,-0.000688930104858522,-0.005307969588931456,0.30265512916111514
5405,0.9987521417935721,0.00782265666901358,-0.0007340232287538981,-0.005303270990572485,0.302594575690143
5406,0.9988303683602622,0.00781531643672744,-0.0007790044366522142,-0.005298266936713688,0.3025340341534851
5407,0.9989085215246295,0.007807526392362257,-0.000823871240999488,-0.005292958280711328,0.30247350455866995
5408,0.9989865967885532,0.007799287679953614,-0.0008686211633013655,-0.005287345892406753,0.302412986913285
5409,0.9990645896653527,0.007790601468321927,-0.0009132517352983607,-0.005281430658048997,0.30235248122489883
5410,0.999142495680036,0.0077814689509702354,-0.0009577604989823019,-0.005275213480212288,0.3022919875010018
5411,0.9992203103695457,0.007771891345981681,-0.001002145006237,-0.005268695277713999,0.3022315057490998
5412,0.9992980292830056,0.007761869895920566,-0.0010464028192005634,-0.0052618769855431605,0.30217103597667067
5413,0.9993756479819648,0.007751405867729791,-0.0010905315102404528,-0.0052547595547904795,0.3021105781911575
5414,0.999453162040642,0.007740500552628596,-0.0011345286624115172,-0.005247343952555424,0.30205013240001577
5415,0.9995305670461684,0.007729155266005678,-0.0011783918697235926,-0.005239631161863977,0.3019896986106412
5416,0.9996078585988284,0.00771737134730962,-0.001222118736846911,-0.00523162218159315,0.30192927683034826
5417,0.9996850323123014,0.0077051501599422825,-0.0012657068786091005,-0.005223318026386943,0.30186886706648053
5418,0.9997620838139009,0.007692493091157303,-0.001309153921332934,-0.005214719726575045,0.30180846932635785
5419,0.9998390087448125,0.007679401551945071,-0.001352457502860581,-0.005205828328083453,0.3017480836172001
5420,0.9999158027603319,0.007665876976917539,-0.0013956152721740153,-0.005196644892346685,0.3016877099462163
5421,0.999992461530101,0.007651920824196842,-0.0014386248897646156,-0.005187170496226702,0.30162734832056937
5422,1.000068980738343,0.007637534575300208,-0.0014814840272151658,-0.00517740623193757,0.3015669987473602
5423,1.000145356084096,0.007622719735029043,-0.001524190367669341,-0.005167353206943184,0.3015066612336891
5424,1.0002215832814463,0.007607477831353324,-0.0015667416066068515,-0.005157012543867149,0.3014463357865915
5425,1.0002976580597598,0.0075918104152882014,-0.001609135451470338,-0.0051463853804095865,0.30138602241299706
5426,1.0003735761639128,0.007575719060774419,-0.001651369621109948,-0.005135472869255118,0.301325721119827
5427,1.0004493333545206,0.007559205364564197,-0.0016934418468422113,-0.005124276177990762,0.30126543191397964
5428,1.0005249254081663,0.007542270946096624,-0.00173534987260162,-0.005112796489011107,0.3012051548022368
5429,1.0006003481176273,0.00752491744737144,-0.0017770914544024824,-0.005101034999416661,0.3011448897913395
5430,1.000675597292101,0.00750714653282823,-0.0018186643608874425,-0.005088992920925698,0.3010846368879747
5431,1.0007506687574295,0.007488959889220129,-0.0018600663731073094,-0.005076671479791524,0.30102439609873594
5432,1.0008255583563217,0.007470359225489783,-0.001901295284513077,-0.005064071916697336,0.30096416743019827
5433,1.0009002619485765,0.007451346272645349,-0.0019423489020256937,-0.005051195486658317,0.3009039508888732
5434,1.000974775411303,0.007431922783625753,-0.001983225045963967,-0.005038043458934226,0.3008437464811418
5435,1.0010490946391393,0.0074120905331667725,-0.0020239215490560486,-0.005024617116928676,0.30078355421333935
5436,1.001123215544471,0.007391851317676807,-0.0020644362569580826,-0.0050109177580972206,0.3007233740917806
5437,1.0011971340576478,0.007371206955107809,-0.0021047670291747533,-0.004996946693852401,0.3006632061226553
5438,1.0012708461271989,0.0073501592848166045,-0.0021449117383704266,-0.004982705249452047,0.3006030503120797
5439,1.001344347720047,0.007328710167433397,-0.002184868270921972,-0.004968194763899426,0.30054290666611294
5440,1.0014176348217214,0.007306861484724678,-0.002224634527032178,-0.004953416589858684,0.3004827751906903
5441,1.0014907034365688,0.007284615139454788,-0.0022642084200889465,-0.004938372093552897,0.3004226558917032
5442,1.0015635495879633,0.007261973055254298,-0.002303587877633094,-0.004923062654651207,0.30036254877499213
5443,1.0016361693185158,0.007238937176478324,-0.002342770841762161,-0.004907489666176197,0.3003024538462463
5444,1.0017085586902805,0.007215509468061027,-0.0023817552680658813,-0.0048916545343964625,0.3002423711110691
5445,1.001780713784961,0.007191691915380647,-0.002420539125862868,-0.004875558678722929,0.30018230057504247
5446,1.001852630704115,0.007167486524122278,-0.002459120399354829,-0.004859203531615843,0.30012224224362816
5447,1.001924305569356,0.007142895320128944,-0.0024974970870974764,-0.004842590538470008,0.3000621961221751
5448,1.0019957345225574,0.0071179203492581136,-0.002535667202253379,-0.004825721157503455,0.3000021622159746
5449,1.00206691372605,0.00709256367723571,-0.002573628772889157,-0.0048085968596670884,0.2999421405301791
5450,1.0021378393628224,0.007066827389506911,-0.0026113798409284003,-0.004791219128540805,0.29988213106985895
5451,1.0022085076367175,0.007040713591097677,-0.0026489184630045307,-0.004773589460212614,0.2998221338400469
5452,1.0022789147726285,0.007014224406467638,-0.002686242711530361,-0.00475570936317711,0.29976214884562374
5453,1.0023490570166933,0.006987361979352298,-0.002723350673701011,-0.004737580358225508,0.2997021760913349
5454,1.0024189306364868,0.00696012847261522,-0.0027602404512176368,-0.004719203978333969,0.299642215581888
5455,1.002488531921213,0.006932526068102919,-0.0027969101614491038,-0.004700581768571332,0.2995822673218895
5456,1.0025578571818938,0.006904556966488233,-0.0028333579371305276,-0.004681715285982258,0.2995223313158068
5457,1.0026269027515586,0.0068762233871167274,-0.0028695819260094596,-0.004662606099461981,0.29946240756803644
5458,1.0026956649854297,0.006847527567856383,-0.002905580291756374,-0.004643255789657635,0.2994024960828456
5459,1.0027641402611083,0.006818471764938499,-0.002941351213278029,-0.00462366594886476,0.2993425968643712
5460,1.0028323249787576,0.00678905825280537,-0.002976892884518738,-0.0046038381809022895,0.2992827099167072
5461,1.0029002155612856,0.006759289323959783,-0.003012203516066063,-0.00458377410100308,0.29922283524381965
5462,1.0029678084545253,0.0067291672887986815,-0.003047281334746278,-0.004563475335707768,0.299162972849506
5463,1.0030351001274131,0.006698694475450715,-0.0030821245825085955,-0.0045429435227409415,0.29910312273748757
5464,1.0031020870721676,0.0066678732296251006,-0.003116731517127172,-0.0045221803109073274,0.2990432849114054
5465,1.003168765804464,0.006636705914453233,-0.003151100412949366,-0.004501187359984036,0.298983459374754
5466,1.0032351328636084,0.006605194910323091,-0.0031852295601292324,-0.004479966340584839,0.2989236461309253
5467,1.0033011848127116,0.006573342614721085,-0.0032191172653124253,-0.004458518934047132,0.2988638451832066
5468,1.0033669182388587,0.006541151442067219,-0.0032527618519329407,-0.004436846832333186,0.298804056534719
5469,1.0034323297532795,0.006508623823547101,-0.0032861616590503656,-0.0044149517379096365,0.29874428018850674
5470,1.0034974159915149,0.006475762206955762,-0.0033193150423285744,-0.004392835363620923,0.2986845161475336
5471,1.0035621736135845,0.006442569056531574,-0.003352220374817985,-0.004370499432582429,0.29862476441457897
5472,1.0036265993041498,0.006409046852782439,-0.003384876045633735,-0.0043479456780557745,0.2985650249922942
5473,1.0036906897726776,0.00637519809232508,-0.0034172804601759893,-0.004325175843326131,0.29850529788326424
5474,1.0037544417536008,0.006341025287722254,-0.003449432041189651,-0.0043021916816011144,0.29844558308993363
5475,1.003817852006478,0.0063065309673092365,-0.003481329228310903,-0.004278994955882252,0.29838588061460614
5476,1.0038809173161511,0.006271717675024949,-0.0035129704780421933,-0.004255587438833715,0.2983261904595012
5477,1.0039436344929014,0.006236587970243304,-0.0035443542645284196,-0.004231970912680153,0.29826651262667625
5478,1.004006000372604,0.00620114442759673,-0.0035754790784543397,-0.004208147169088459,0.29820684711805523
5479,1.0040680118168799,0.006165389636810831,-0.00360634342700384,-0.004184118009034488,0.29814719393551115
5480,1.004129665713248,0.006129326202539391,-0.003636945835510108,-0.0041598852426867365,0.29808755308075496
5481,1.0041909589752733,0.006092956744182824,-0.003667284846818712,-0.004135450689286705,0.2980279245553212
5482,1.0042518885427152,0.006056283895713122,-0.0036973590205323717,-0.004110816177016871,0.2979683083606603
5483,1.0043124513816724,0.006019310305506202,-0.0037271669339427466,-0.004085983542894167,0.2979087044981123
5484,1.0043726444847274,0.005982038636165118,-0.003756707182174246,-0.00406095463265304,0.29784911296886096
5485,1.004432464871089,0.005944471564341696,-0.0037859783773896982,-0.004035731300601308,0.2977895337739835
5486,1.0044919095867324,0.0059066117805660415,-0.0038149791496690927,-0.004010315409502842,0.29772996691443127
5487,1.004550975704538,0.005868461989067524,-0.00384370814721164,-0.0039847088304664074,0.29767041239098296
5488,1.0046096603244288,0.005830024907593518,-0.0038721640350573502,-0.0039589134428124,0.29761087020433463
5489,1.0046679605735047,0.005791303267241007,-0.0039003454962145342,-0.003932931133945926,0.29755134035508657
5490,1.004725873606177,0.005752299812276848,-0.003928251232700325,-0.003906763799244163,0.2974918228436466
5491,1.0047833966042998,0.005713017299947761,-0.003955879963925685,-0.003880413341922212,0.2974323176702868
5492,1.0048405267772993,0.005673458500306368,-0.003983230426755843,-0.003853881672904486,0.2973728248351996
5493,1.0048972613623024,0.005633626196036596,-0.0040103013764971815,-0.0038271707107187664,0.2973133443384316
5494,1.0049535976242627,0.0055935231822693415,-0.004037091586506988,-0.0038002823813591906,0.29725387617988414
5495,1.0050095328560855,0.005553152266401937,-0.004063599848039348,-0.0037732186181435824,0.2971944203593608
5496,1.0050650643787495,0.005512516267919144,-0.004089824971319558,-0.0037459813616075224,0.29713497687649815
5497,1.0051201895414288,0.005471618018203492,-0.00411576578476177,-0.0037185725593819273,0.29707554573078826
5498,1.0051749057216108,0.005430460360353322,-0.004141421134265105,-0.0036909941660553114,0.2970161269216685
5499,1.0052292103252143,0.005389046149008066,-0.0041667898846408855,-0.0036632481430513755,0.296956720448427
5500,1.0052831007867045,0.005347378250158976,-0.004191870919597503,-0.0036353364585057888,0.2968973263101701
5501,1.005336574569206,0.005305459540960245,-0.004216663140548596,-0.0036072610871243234,0.29683794450590245
5502,1.0053896291646156,0.005263292909551949,-0.00424116546734285,-0.0035790240100643388,0.29677857503452004
5503,1.0054422620937111,0.00522088125487564,-0.004265376838956947,-0.003550627214820083,0.2967192178947667
5504,1.0054944709062599,0.005178227486483104,-0.004289296212693673,-0.003522072695077715,0.2966598730852648
5505,1.0055462531811248,0.00513533452435314,-0.004312922564488411,-0.003493362450584857,0.29660054060452434
5506,1.0055976065263683,0.005092205298705165,-0.0043362548895855765,-0.003464498487039517,0.2965412204508793
5507,1.0056485285793553,0.005048842749806139,-0.00435929220110768,-0.003435482815955847,0.2964819126225561
5508,1.0056990170068534,0.005005249827791818,-0.004382033530539661,-0.0034063174545255893,0.296422617117714
5509,1.0057490695051312,0.004961429492483102,-0.004404477929198444,-0.0033770044254990265,0.2963633339343322
5510,1.005798683800056,0.004917384713187741,-0.004426624467168301,-0.0033475457570537543,0.2963040630702349
5511,1.0058478576471879,0.004873118468512592,-0.0044484722328373,-0.003317943482655634,0.2962448045231663
5512,1.005896588831873,0.004828633746180685,-0.00447002033387725,-0.0032881996409497454,0.29618555829074444
5513,1.0059448751693347,0.004783933542838283,-0.004491267897026238,-0.0032583162756292584,0.2961263243704409
5514,1.0059927145047631,0.004739020863864314,-0.004512214067413194,-0.0032282954352851503,0.2960671027596262
5515,1.0060401047134018,0.004693898723186434,-0.004532858009478093,-0.003198139173287993,0.2960078934555308
5516,1.0060870437006337,0.004648570143087819,-0.0045531989071336335,-0.003167849547667014,0.29594869645522326
5517,1.0061335294020646,0.004603038154012566,-0.004573235962441642,-0.0031374286209689536,0.29588951175570116
5518,1.0061795597836047,0.0045573057943841455,-0.0045929683967976115,-0.00310687846012979,0.2958303393538615
5519,1.0062251328415486,0.004511376110412094,-0.004612395451649154,-0.003076201136355378,0.2957711792464215
5520,1.0062702466026527,0.004465252155891462,-0.004631516386998276,-0.003045398724980919,0.2957120314299804
5521,1.0063148991242117,0.0044189369920172635,-0.004650330481487698,-0.00301447330533691,0.2956528959010587
5522,1.0063590884941318,0.004372433687198074,-0.004668837033411921,-0.0029834269606383184,0.2955937726560402
5523,1.0064028128310039,0.00432574531685956,-0.004687035360182688,-0.002952261777841301,0.2955346616911751
5524,1.0064460702841724,0.004278874963253266,-0.004704924798169911,-0.002920979847500126,0.295475563002623
5525,1.006488859033805,0.004231825715267035,-0.004722504703473171,-0.002889583263655722,0.29541647658639225
5526,1.0065311772909578,0.004184600668227677,-0.00473977445170283,-0.0028580741237083924,0.29535740243835745
5527,1.00657302329764,0.00413720292370595,-0.004756733436767531,-0.0028264545282749944,0.29529834055434107
5528,1.0066143953268771,0.004089635589333496,-0.00477338107220459,-0.0027947265810644383,0.2952392909300394
5529,1.0066552916827705,0.004041901778606581,-0.004789716791484093,-0.002762892388750806,0.2951802535609834
5530,1.0066957107005565,0.003994004610686809,-0.004805740046837578,-0.0027309540608327137,0.29512122844261096
5531,1.0067356507466634,0.003945947210213408,-0.004821450309539475,-0.002698913709503812,0.29506221557027706
5532,1.0067751102187654,0.0038977327071129044,-0.004836847070855185,-0.002666773449541084,0.2950032149392089
5533,1.0068140875458365,0.0038493642363991425,-0.004851929841266072,-0.002634535398159397,0.2949442265445203
5534,1.0068525811882005,0.0038008449379812346,-0.004866698150305885,-0.0026022016748744035,0.2948852503812378
5535,1.0068905896375804,0.0037521779564728243,-0.004881151547354353,-0.0025697744013876457,0.2948262864442375
5536,1.006928111417145,0.0037033664409938313,-0.004895289600984221,-0.002537255701455883,0.2947673347282849
5537,1.006965145081555,0.0036544135449784777,-0.004909111898345926,-0.0025046477007477416,0.294708395228103
5538,1.0070016892170048,0.0036053224259894163,-0.0049226180465876575,-0.002471952526722061,0.29464946793827934
5539,1.0070377424412646,0.0035560962455178182,-0.004935807672804462,-0.002439172308501724,0.29459055285325486
5540,1.0070733034037198,0.0035067381687840034,-0.004948680422888485,-0.0024063091767331855,0.29453164996739917
5541,1.0071083707854076,0.0034572513645492716,-0.004961235962012197,-0.002373365263464456,0.29447275927500005
5542,1.007142943299053,0.0034076390049232255,-0.004973473975206349,-0.002340342702026816,0.29441388077023073
5543,1.0071770196891023,0.003357904265165117,-0.0049853941664650125,-0.00230724362688721,0.2943550144471675
5544,1.007210598731754,0.0033080503234943584,-0.004996996258959975,-0.002274070173515686,0.2942961602998001
5545,1.0072436792349888,0.003258080360898563,-0.005008279995918144,-0.0022408244782712483,0.2942373183219791
5546,1.0072762600385978,0.0032079975609331066,-0.005019245139565153,-0.0022075086782688143,0.2941784885074714
5547,1.007308340014207,0.003157805109531066,-0.005029891471053163,-0.0021741249112414702,0.2941196708500083
5548,1.0073399180653024,0.0031075061948140923,-0.005040218791533511,-0.0021406753154228565,0.2940608653431866
5549,1.0073709931272505,0.003057104006892217,-0.005050226921733143,-0.0021071620294176416,0.29400207198047795
5550,1.0074015641673195,0.0030066017376682843,-0.005059915700976279,-0.00207358719205993,0.29394329075529646
5551,1.0074316301846962,0.0029560025806518106,-0.005069284987966535,-0.0020399529422976564,0.2938845216609817
5552,1.0074611902105026,0.002905309730765354,-0.0050783346611772175,-0.00200626141906777,0.29382576469077026
5553,1.0074902433078103,0.0028545263841466867,-0.005087064618081033,-0.001972514761153254,0.2937670198378199
5554,1.007518788571652,0.002803655737958921,-0.005095474775322264,-0.0019387151070578354,0.2937082870952111
5555,1.0075468251290314,0.0027527009901986478,-0.005103565069505475,-0.0019048645948926454,0.2936495664559057
5556,1.0075743521389333,0.002701665339496449,-0.005111335456028446,-0.0018709653622406605,0.2935908579128004
5557,1.0076013687923282,0.002650551984928942,-0.00511878590906201,-0.0018370195460224803,0.29353216145875755
5558,1.0076278743121776,0.00259936412583103,-0.005125916422378928,-0.0018030292823784588,0.29347347708651905
5559,1.007653867953436,0.00254810496159984,-0.005132727009261283,-0.0017689967065407852,0.29341480478872045
5560,1.007679349003052,0.0024967776914997537,-0.005139217701594281,-0.0017349239526944975,0.29335614455795334
5561,1.007704316779967,0.002445385514476238,-0.005145388550457722,-0.0017008131538654664,0.2932974963867492
5562,1.007728770635112,0.0023939316289640143,-0.005151239626620917,-0.0016666664417972082,0.2932388602675491
5563,1.0077527099514016,0.0023424192326900847,-0.005156771019660632,-0.0016324859468140917,0.2931802361927297
5564,1.0077761341437286,0.002290851522485647,-0.005161982837898517,-0.001598273797694335,0.2931216241546074
5565,1.0077990426589534,0.002239231694098759,-0.0051668752092871514,-0.0015640321215570348,0.2930630241453959
5566,1.0078214349758943,0.002187562941997909,-0.005171448280477647,-0.0015297630437308262,0.29300443615726024
5567,1.0078433106053142,0.002135848459185061,-0.005175702216680487,-0.0014954686876202552,0.29294586018234325
5568,1.007864669089906,0.0020840914370100923,-0.005179637202506575,-0.0014611511745914571,0.2928872962126861
5569,1.007885510004276,0.002032295064976775,-0.005183253441955592,-0.0014268126238504834,0.2928287442402394
5570,1.0079058329549258,0.0019804625305488966,-0.005186551157266061,-0.0013924551523066078,0.29277020425692224
5571,1.0079256375802312,0.0019285970189678054,-0.005189530589475378,-0.001358080874459727,0.29271167625461153
5572,1.007944923550421,0.0018767017130645347,-0.005192191998907364,-0.0013236919022808786,0.2926531602251089
5573,1.0079636905675515,0.0018247797930668955,-0.00519453566439094,-0.0012892903450777513,0.2925946561601634
5574,1.0079819383654822,0.0017728344364143114,-0.0051965618832537815,-0.0012548783093687976,0.29253616405147936
5575,1.0079996667098463,0.0017208688175730383,-0.005198270972124304,-0.0012204578987761968,0.2924776838906815
5576,1.008016875398022,0.001668886107842943,-0.005199663266106267,-0.0011860312138984926,0.29241921566936085
5577,1.0080335642591005,0.001616889475172964,-0.0052007391186222485,-0.0011516003521807928,0.2923607593791018
5578,1.0080497331538523,0.001564882083977772,-0.005201498901986372,-0.0011171674078025687,0.29230231501140447
5579,1.008065381974692,0.0015128670949488229,-0.005201943007312184,-0.0010827344715581258,0.29224388255769485
5580,1.0080805106456416,0.0014608476648665394,-0.005202071843654014,-0.0010483036307239824,0.29218546200937967
5581,1.0080951191222902,0.0014088269464207505,-0.005201885838453284,-0.0010138769689477724,0.29212705335784495
5582,1.0081092073917544,0.0013568080880268958,-0.005201385438035723,-0.0009794565661316093,0.29206865659441955
5583,1.0081227754726347,0.0013047942336371367,-0.005200571106924812,-0.0009450444983046703,0.2920102717103896
5584,1.008135823414971,0.0012527885225583851,-0.005199443327867162,-0.000910642837503069,0.2919518986970149
5585,1.0081483513001968,0.0012007940892701503,-0.005198002602171308,-0.000876253651662979,0.2918935375454956
5586,1.0081603592410895,0.0011488140632388013,-0.0051962494493673975,-0.0008418790044981419,0.2918351882470125
5587,1.0081718473817218,0.00109685156873539,-0.005194184406698758,-0.0008075209553736817,0.2917768507927548
5588,1.008182815897409,0.0010449097246586184,-0.00519180802969762,-0.0007731815591961008,0.291718525173855
5589,1.0081932649946557,0.000992991644351756,-0.005189120892272483,-0.0007388628662962822,0.2916602113813854
5590,1.0082031949110992,0.0009411004354190761,-0.00518612358613048,-0.000704566922307338,0.29160190940640796
5591,1.0082126059154535,0.0008892391995477256,-0.005182816720646984,-0.0006702957680514471,0.2915436192399866
5592,1.008221498307449,0.0008374110323311444,-0.005179200923604095,-0.000636051439431734,0.29148534087314837
5593,1.0082298724177723,0.0007856190230849077,-0.005175276840487454,-0.0006018359673098235,0.2914270742968858
5594,1.008237728608003,0.000733866254669766,-0.0051710451342810255,-0.0005676513773877688,0.2913688195021877
5595,1.0082450672705499,0.0006821558033166187,-0.005166506485784878,-0.0005334996901003694,0.29131057648000197
5596,1.008251888828583,0.0006304907384483532,-0.005161661593821093,-0.0004993829205041054,0.2912523452212674
5597,1.0082581937359674,0.000578874122499655,-0.005156511174363878,-0.0004653030781527367,0.2911941257169455
5598,1.0082639824771924,0.0005273090107454582,-0.005151055960964956,-0.000431262166991779,0.2911359179579737
5599,1.0082692555672998,0.00047579845112518033,-0.005145296705132086,-0.00039726218524954466,0.29107772193524223
5600,1.0082740135518111,0.00042434548406316,-0.0051392341755766196,-0.0003633051253210895,0.2910195376396386
5601,1.0082782570066517,0.00037295314229664954,-0.005132869157990858,-0.00032939297365198826,0.29096136506207504
5602,1.0082819865380748,0.0003216244507059097,-0.00512620245562398,-0.00029552771063848216,0.29090320419345156
5603,1.008285202782582,0.0002703624261387361,-0.005119234889058729,-0.00026171131051218734,0.290845055024644
5604,1.0082879064068433,0.00021917007723717366,-0.005111967295595203,-0.00022794574122290463,0.29078691754653835
5605,1.0082900981076157,0.00016805040427019167,-0.005104400529806716,-0.0001942329643375786,0.2907287917500046
5606,1.0082917786116585,0.00011700639896101829,-0.005096535463615318,-0.00016057493493561138,0.29067067762591153
5607,1.0082929486756482,6.604104431370308e-05,-0.005088372985644106,-0.00012697360149262798,0.2906125751651619
5608,1.0082936090860914,1.5157314446030809e-05,-0.005079914001200118,-9.343090577365562e-05,0.29055448435866477
5609,1.008293760659236,-3.564182557727224e-05,-0.005071159432709462,-5.9948782734316194e-05,0.2904964051973034
5610,1.0082934042409801,-8.635341991572293e-05,-0.005062110219172961,-2.6529160406941595e-05,0.29043833767196275
5611,1.0082925407067809,-0.00013697452211886935,-0.0050527673160523775,6.826040208989306e-06,0.2903802817735712
5612,1.0082911709615596,-0.00018750219529087937,-0.005043131695453993,4.011490524496304e-05,0.29032223749307107
5613,1.0082892959396068,-0.0002379335122569527,-0.005033204346234575,7.333552806753694e-05,0.290264204821391
5614,1.0082869166044843,-0.0002882655557309083,-0.005022986273431511,0.00010648600938965333,0.2902061837494778
5615,1.008284033948927,-0.00033849541847688814,-0.005012478498374196,0.00013956445736865793,0.29014817426829526
5616,1.0082806489947422,-0.0003886202034723366,-0.0050016820587219955,0.00017256898770771513,0.29009017636881296
5617,1.0082767627927076,-0.0004386370240713154,-0.004990598008385405,0.0002054977237612724,0.2900321900420441
5618,1.0082723764224668,-0.0004885430041669967,-0.004979227417154391,0.00023834879664035415,0.28997421527903305
5619,1.0082674909924252,-0.0005383352783504326,-0.004967571370927274,0.00027112034530737223,0.28991625207081906
5620,1.0082621076396416,-0.0005880109920716179,-0.0049556309716607995,0.000303810516678288,0.28985830040844995
5621,1.0082562275297209,-0.0006375673018001993,-0.004943407337092932,0.00033641746572423445,0.2898003602830273
5622,1.008249851856703,-0.0006870013751831372,-0.004930901600638943,0.0003689393555713641,0.28974243168569674
5623,1.008242981842951,-0.0007363103912015865,-0.0049181149115735045,0.0004013743575952758,0.2896845146076105
5624,1.008235618739039,-0.0007854915403294435,-0.004905048434685573,0.0004337206515227788,0.2896266090399413
5625,1.0082277638236359,-0.0008345420246884571,-0.004891703349981422,0.00046597642553051366,0.2895687149739047
5626,1.008219418403389,-0.000883459058200468,-0.004878080852985084,0.0004981398763394051,0.2895108324007336
5627,1.008210583812807,-0.0009322398667425803,-0.004864182154759667,0.0005302092093100962,0.2894529613117093
5628,1.0082012614141396,-0.0009808816883024613,-0.004850008481471846,0.0005621826385422759,0.28939510169816357
5629,1.0081914525972566,-0.0010293817731294997,-0.004835561074344671,0.0005940583869664597,0.289337253551451
5630,1.0081811587795253,-0.0010777373838853019,-0.004820841189915942,0.0006258346864342288,0.2892794168629427
5631,1.0081703814056864,-0.0011259457957968695,-0.004805850099480636,0.0006575097778162643,0.2892215916240624
5632,1.0081591219477284,-0.0011740042968040915,-0.004790589089180399,0.000689081911097689,0.28916377782631125
5633,1.0081473819047604,-0.0012219101877083583,-0.004775059459987217,0.0007205493454659168,0.2891059754612186
5634,1.0081351628028834,-0.0012696607823207305,-0.004759262527647117,0.0007519103494019629,0.28904818452033776
5635,1.0081224661950603,-0.0013172534076097277,-0.004743199622188653,0.0007831632007763972,0.28899040499527245
5636,1.0081092936609841,-0.0013646854038441895,-0.0047268720882988335,0.0008143061869335333,0.28893263687767123
5637,1.0080956468069457,-0.0014119541247397613,-0.0047102812851445176,0.0008453376047824872,0.288874880159235
5638,1.0080815272656984,-0.001459056937603792,-0.004693428586132536,0.0008762557608870196,0.28881713483172966
5639,1.0080669366963224,-0.0015059912234777354,-0.004676315378706209,0.0009070589715544993,0.28875940088697016
5640,1.0080518767840876,-0.0015527543772774544,-0.004658943064460132,0.0009377455629172985,0.28870167831680077
5641,1.0080363492403148,-0.0015993438079347413,-0.004641313059004001,0.0009683138710251248,0.2886439671131102
5642,1.0080203558022354,-0.0016457569385374734,-0.004623426791830294,0.0009987622419307244,0.2885862672678778
5643,1.00800389823285,-0.0016919912064684885,-0.004605285706358996,0.0010290890317732374,0.2885285787731483
5644,1.0079869783207853,-0.0017380440635447825,-0.00458689125960577,0.001059292606860478,0.2884709016209983
5645,1.00796959788015,-0.0017839129761535576,-0.004568244922166171,0.0010893713437551027,0.28841323580355843
5646,1.0079517587503883,-0.0018295954253879593,-0.00454934817798164,0.0011193236293573444,0.2883555813130267
5647,1.0079334627961345,-0.0018750889071805306,-0.004530202524490523,0.001149147860986814,0.2882979381416619
5648,1.0079147119070626,-0.0019203909324382012,-0.00451080947238852,0.001178842446466282,0.28824030628179403
5649,1.0078955079977383,-0.001965499027174841,-0.004491170545528524,0.001208405804199506,0.2881826857258173
5650,1.0078758530074665,-0.0020104107326428984,-0.004471287280636404,0.0012378363632519552,0.2881250764661748
5651,1.00785574890014,-0.002055123605462035,-0.004451161227539795,0.0012671325634278387,0.2880674784953615
5652,1.0078351976640854,-0.0020996352177501993,-0.00443079394894531,0.0012962928553518686,0.28800989180595143
5653,1.0078142013119078,-0.002143943157252421,-0.004410187020348448,0.0013253157005455678,0.28795231639062
5654,1.0077927618803353,-0.0021880450274686593,-0.0043893420297824205,0.0013541995715040506,0.2878947522420924
5655,1.0077708814300605,-0.002231938447779231,-0.004368260577783771,0.0013829429517692039,0.28783719935314817
5656,1.0077485620455828,-0.0022756210535697986,-0.004346944277207505,0.0014115443360093465,0.28777965771664277
5657,1.0077258058350471,-0.002319090496354609,-0.0043253947532053034,0.0014400022300929047,0.28772212732550506
5658,1.0077026149300836,-0.002362344443899369,-0.0043036136432968684,0.0014683151511627442,0.287664608172743
5659,1.0076789914856445,-0.002405380580345009,-0.004281602596974306,0.0014964816277072076,0.2876071002514391
5660,1.0076549376798412,-0.002448196606327447,-0.0042593632756220655,0.0015245001996329855,0.28754960355474957
5661,1.0076304557137779,-0.0024907902390963093,-0.004236897352365033,0.001552369418335205,0.2874921180758879
5662,1.0076055478113868,-0.0025331592126325918,-0.004214206512104541,0.0015800878467689926,0.2874346438081398
5663,1.0075802162192604,-0.002575301277766244,-0.004191292451374701,0.0016076540595223946,0.2873771807448963
5664,1.0075544632064828,-0.002617214202292566,-0.004168156878372551,0.0016350666428819563,0.2873197288796306
5665,1.0075282910644598,-0.0026588957710888417,-0.0041448015125464775,0.0016623241949007717,0.28726228820587096
5666,1.007501702106749,-0.002700343786226821,-0.004121228084474921,0.001689425325464935,0.28720485871722456
5667,1.0074746986688867,-0.0027415560670840653,-0.004097438335957694,0.0017163686563619496,0.2871474404073848
5668,1.007447283108216,-0.0027825304504560775,-0.004073434019928775,0.0017431528213463867,0.2870900332701357
5669,1.0074194578037114,-0.0028232647906677533,-0.004049216900200124,0.0017697764662073375,0.28703263729934486
5670,1.0073912251558048,-0.0028637569596821027,-0.00402478875126169,0.0017962382488288257,0.28697525248895855
5671,1.007362587586208,-0.0029040048472070306,-0.004000151358344601,0.0018225368392522057,0.28691787883299613
5672,1.0073335475377359,-0.002944006360802727,-0.003975306516998088,0.0018486709197411736,0.2868605163255464
5673,1.0073041074741278,-0.0029837594259849087,-0.003950256033283112,0.0018746391848445069,0.2868031649607933
5674,1.007274269879868,-0.0030232619863298973,-0.003925001723817743,0.0019004403414554151,0.2867458247330325
5675,1.0072440372600047,-0.0030625120035801773,-0.0038995454154112062,0.0019260731088698898,0.2866884956366308
5676,1.007213412139969,-0.0031015074577463264,-0.003873888944569987,0.0019515362188481072,0.2866311776660243
5677,1.0071823970653915,-0.0031402463472039836,-0.003848034157850483,0.0019768284156683595,0.28657387081573943
5678,1.0071509946019195,-0.0031787266887943924,-0.003821982911736254,0.002001948456188168,0.2865165750804013
5679,1.0071192073350315,-0.003216946517923589,-0.003795737072501606,0.0020268951099041573,0.2864592904547326
5680,1.0070870378698522,-0.00325490388866037,-0.0037692985158310766,0.0020516671590054265,0.2864020169335333
5681,1.0070544888309656,-0.003292596873830369,-0.003742669126893354,0.0020762633984225194,0.28634475451168956
5682,1.0070215628622272,-0.003330023565110927,-0.00371585080008412,0.0021006826358868167,0.2862875031841658
5683,1.006988262626576,-0.0033671820731233097,-0.0036888454388698567,0.0021249236919845186,0.28623026294601334
5684,1.0069545908058448,-0.003404070527523446,-0.003661654955964804,0.0021489854002096015,0.2861730337923924
5685,1.0069205501005696,-0.0034406870770944597,-0.0036342812731732926,0.002172866607011771,0.2861158157185615
5686,1.0068861432297986,-0.003477029889837466,-0.003606726320951395,0.0021965661718492016,0.28605860871984906
5687,1.0068513729309003,-0.0035130971530581614,-0.0035789920382083527,0.002220082967236465,0.28600141279166197
5688,1.0068162419593698,-0.0035488870734513554,-0.0035510803725952687,0.002243415878792452,0.2859442279295069
5689,1.0067807530886352,-0.0035843978771882795,-0.0035229932803375157,0.0022665638052925775,0.2858870541289993
5690,1.0067449091098633,-0.003619627810002576,-0.00349473272601512,0.00228952565871659,0.2858298913858501
5691,1.0067087128317633,-0.0036545751372735265,-0.00346630068208377,0.002312300364290737,0.2857727396958489
5692,1.0066721670803906,-0.0036892381441050283,-0.0034376991291193773,0.0023348868605310535,0.2857155990548763
5693,1.0066352746989495,-0.0037236151354067904,-0.003408930055689152,0.002357284099293125,0.2856584694588924
5694,1.0065980385475954,-0.003757704435974122,-0.003379995457945418,0.002379491045816407,0.2856013509039554
5695,1.0065604615032357,-0.0037915043905638983,-0.0033508973399313385,0.0024015066787665446,0.2855442433862331
5696,1.0065225464593301,-0.003825013363973434,-0.0033216377132603246,0.0024233299902718993,0.2854871469019815
5697,1.0064842963256904,-0.0038582297411161245,-0.0032922185967669895,0.0024449599859686804,0.2854300614475323
5698,1.0064457140282792,-0.0038911519270937787,-0.003262642016248294,0.002466395685041677,0.2853729870193027
5699,1.0064068025090083,-0.003923778347266094,-0.0032329100049672058,0.002487636120259663,0.28531592361381575
5700,1.0063675647255357,-0.003956107447325467,-0.0032030246033983717,0.0025086803380196,0.28525887122770277
5701,1.0063280036510625,-0.003988137693369005,-0.003172987858696373,0.002529527398382534,0.28520182985768333
5702,1.0062881222741287,-0.004019867571965375,-0.0031428018245428443,0.0025501763751069866,0.28514479950055815
5703,1.006247923598409,-0.004051295590220073,-0.003112468561434524,0.002570626355681576,0.285087780153218
5704,1.0062074106425067,-0.004082420275843547,-0.003081990136278301,0.002590876441368203,0.28503077181263764
5705,1.0061665864397482,-0.0041132401772152865,-0.0030513686221132416,0.002610925747236342,0.28497377447590055
5706,1.006125454037976,-0.004143753863445244,-0.0030206060984942773,0.0026307734021910104,0.2849167881401903
5707,1.0060840164993416,-0.004173959924438852,-0.002989704651012344,0.00265041854900336,0.2848598128027719
5708,1.0060422769000972,-0.004203856970957465,-0.00295866637096482,0.002669860344347422,0.28480284846098597
5709,1.0060002383303877,-0.004233443634675435,-0.0029274933552253524,0.0026890979588275903,0.28474589511226395
5710,1.005957903894041,-0.004262718568235864,-0.002896187706776243,0.0027081305770055054,0.2846889527541431
5711,1.0059152767083586,-0.004291680445311602,-0.002864751534283616,0.002726957397435729,0.2846320213842635
5712,1.0058723599039054,-0.00432032796066224,-0.0028331869515389047,0.002745577632689815,0.2845751010003454
5713,1.0058291566242987,-0.004348659830185267,-0.0028014960773684386,0.0027639905093798252,0.2845181916001964
5714,1.0057856700259968,-0.00437667479096642,-0.002769681035941253,0.002782195268182865,0.284461293181708
5715,1.0057419032780872,-0.0044043716013330856,-0.002737743956344116,0.0028001911638755256,0.2844044057428671
5716,1.0056978595620738,-0.004431749040903584,-0.00270568697257563,0.0028179774653562173,0.284347529281756
5717,1.0056535420716648,-0.004458805910636184,-0.0026735122233876793,0.0028355534556626072,0.28429066379655593
5718,1.0056089540125583,-0.004485541032876729,-0.002641221852277692,0.0028529184319927878,0.28423380928551256
5719,1.0055640986022296,-0.004511953251405981,-0.0026088180067217193,0.002870071705732593,0.28417696574696544
5720,1.0055189790697157,-0.004538041431479438,-0.0025763028385075368,0.002887012602472762,0.28412013317932094
5721,1.0054735986554009,-0.004563804459870543,-0.0025436785037043566,0.002903740462030586,0.2840633115811187
5722,1.005427960610802,-0.0045892412449134315,-0.002510947163126241,0.0029202546384683122,0.28400650095095875
5723,1.005382068198353,-0.004614350716550304,-0.002478110980500825,0.0029365545001135657,0.2839497012875473
5724,1.0053359246911875,-0.004639131826360705,-0.00244517212370763,0.0029526394295668872,0.28389291258963717
5725,1.005289533372924,-0.004663583547602941,-0.0024121327639962595,0.002968508823722806,0.28383613485610915
5726,1.0052428975374479,-0.00468770487524783,-0.002378995076836067,0.0029841620937862984,0.283779368085885
5727,1.0051960204886954,-0.00471149482602089,-0.0023457612400622913,0.0029995986652979973,0.2837226122780345
5728,1.0051489055404352,-0.004734952438425952,-0.00231243343571514,0.0030148179781241857,0.2836658674316517
5729,1.005101556016051,-0.004758076772787311,-0.002279013848026923,0.003029819486485654,0.2836091335459601
5730,1.0050539752483232,-0.00478086691127154,-0.002245504664799558,0.0030446026589607774,0.28355241062019526
5731,1.0050061665792105,-0.004803321957923241,-0.002211908075509632,0.0030591669785112125,0.2834956986537431
5732,1.0049581333596314,-0.004825441038681799,-0.002178226273863472,0.0030735119424681085,0.2834389976460224
5733,1.0049098789492446,-0.004847223301423616,-0.002144461455240894,0.0030876370625671262,0.28338230759660016
5734,1.0048614067162303,-0.004868667915978936,-0.002110615817844108,0.0031015418649317826,0.2833256285050372
5735,1.0048127200370705,-0.004889774074160046,-0.002076691561114577,0.0031152258901001,0.2832689603710434
5736,1.0047638222963289,-0.004910540989773549,-0.0020426908877513306,0.0031286886930058204,0.2832123031943365
5737,1.0047147168864312,-0.004930967898653171,-0.002008616001717388,0.003141929843020673,0.28315565697479816
5738,1.0046654072074446,-0.004951054058672192,-0.0019744691093558087,0.003154948923929094,0.2830990217123188
5739,1.004615896666858,-0.004970798749767307,-0.0019402524180808442,0.003167745533947697,0.2830423974069276
5740,1.0045661886793602,-0.004990201273949341,-0.0019059681375791296,0.003180319285706662,0.28298578405865177
5741,1.0045162866666206,-0.005009260955326107,-0.001871618478361571,0.003192669806280416,0.2829291816676503
5742,1.0044661940570674,-0.005027977140110407,-0.0018372056522565974,0.003204796737165367,0.2828725902341011
5743,1.0044159142856663,-0.005046349196633335,-0.0018027318725042513,0.0032166997342961898,0.28281600975833
5744,1.0043654507937,-0.005064376515358423,-0.0017681993536727142,0.0032283784680287825,0.28275944024067207
5745,1.0043148070285466,-0.005082058508894906,-0.0017336103105734454,0.0032398326231565153,0.28270288168157204
5746,1.0042639864434577,-0.00509939461200007,-0.0016989669586351189,0.00325106189889054,0.2826463340814966
5747,1.0042129924973378,-0.00511638428158554,-0.001664271514296399,0.003262066008863021,0.2825897974410262
5748,1.004161828654522,-0.0051330269967272794,-0.001629526194665866,0.0032728446811262236,0.28253327176078946
5749,1.0041104983845548,-0.005149322258672426,-0.0015947332169556974,0.003283397658150047,0.2824767570415174
5750,1.004059005161968,-0.0051652695908401105,-0.001559894798441909,0.0032937246968021555,0.2824202532839665
5751,1.0040073524660595,-0.005180868538822321,-0.0015250131566325875,0.003303825568345404,0.282363760488979
5752,1.0039555437806713,-0.005196118670386101,-0.0014900905088894092,0.003313700058437314,0.28230727865743344
5753,1.0039035825939675,-0.00521101957547211,-0.0014551290718760324,0.003323347967120906,0.28225080779029676
5754,1.0038514723982128,-0.00522557086618764,-0.0014201310624543245,0.0033327691088092604,0.2821943478885996
5755,1.0037992166895509,-0.00523977217680857,-0.0013850986972346532,0.00334196331227506,0.28213789895343555
5756,1.0037468189677827,-0.00525362316377697,-0.001350034191789709,0.003350930420643108,0.28208146098594244
5757,1.003694282736145,-0.005267123505690584,-0.0013149397606278257,0.0033596702913753357,0.2820250339873143
5758,1.0036416115010882,-0.0052802729032922,-0.0012798176176173279,0.003368182796250609,0.2819686179588116
5759,1.0035888087720553,-0.005293071079463319,-0.0012446699761724592,0.0033764678213641535,0.28191221290175766
5760,1.0035358780612607,-0.005305517779219625,-0.0012094990479176101,0.003384525267111214,0.28185581881754673
5761,1.0034828228834685,-0.005317612769692994,-0.0011743070432168254,0.0033923550481621658,0.2817994357076073
5762,1.0034296467557715,-0.0053293558401189805,-0.00113909617093403,0.0033999570934451617,0.2817430635734276
5763,1.0033763531973703,-0.005340746801821756,-0.0011038686386987892,0.0034073313461355594,0.28168670241653215
5764,1.003322945729352,-0.0053517854882017745,-0.0010686266519416635,0.0034144777636446115,0.28163035223851846
5765,1.00326942787447,-0.005362471754713831,-0.0010333724146601928,0.003421396317584624,0.28157401304103685
5766,1.003215803156923,-0.005372805478852679,-0.0009981081291314878,0.003428086993755551,0.28151768482578204
5767,1.0031620751021344,-0.005382786560135831,-0.0009628359950662399,0.0034345497921226607,0.28146136759448703
5768,1.0031082472365331,-0.005392414920077911,-0.00092755820977862,0.0034407847268008358,0.28140506134892174
5769,1.0030543230873323,-0.005401690502166703,-0.0008922769679174311,0.0034467918260210136,0.28134876609091763
5770,1.0030003061823107,-0.005410613271836477,-0.0008569944628158271,0.0034525711321180003,0.2812924818223578
5771,1.0029462000495923,-0.005419183216454799,-0.000821712884457107,0.003458122701506355,0.2812362085451734
5772,1.0028920082174277,-0.005427400345289118,-0.0007864344199865272,0.0034634466046454698,0.281179946261332
5773,1.002837734213975,-0.005435264689478328,-0.0007511612536100984,0.0034685429260155544,0.28112369497283296
5774,1.0027833815670801,-0.00544277630200333,-0.0007158955667721859,0.003473411764087816,0.28106745468171873
5775,1.00272895380406,-0.0054499352576594835,-0.00068063953767631,0.00347805323131875,0.281011225390072
5776,1.0026744544514834,-0.00545674165302426,-0.0006453953407863436,0.0034824674540990556,0.280955007100033
5777,1.0026198870349532,-0.005463195606419659,-0.000610165147947074,0.00348665457272993,0.2808987998137573
5778,1.002565255078889,-0.00546929725788625,-0.0005749511267468671,0.003490614741393265,0.2808426035334383
5779,1.0025105621063102,-0.005475046769140348,-0.000539755441342181,0.003494348128125443,0.2807864182612941
5780,1.0024558116386189,-0.005480444323539956,-0.0005045802515276504,0.00349785491478195,0.280730243999578
5781,1.0024010071953835,-0.005485490126040955,-0.0004694277141189737,0.0035011352969987006,0.2806740807506017
5782,1.002346152294123,-0.005490184403167415,-0.00043429998186496344,0.0035041894841756367,0.2806179285166819
5783,1.0022912504500914,-0.0054945274029708484,-0.0003991992023351376,0.003507017699423995,0.28056178730018333
5784,1.0022363051760617,-0.005498519394978509,-0.00036412751934916665,0.003509620179541962,0.280505657103472
5785,1.002181319982112,-0.0055021606701558335,-0.00032908707184902547,0.0035119971749681465,0.2804495379289611
5786,1.0021262983754105,-0.0055054515408576405,-0.000294079994957383,0.0035141489497656645,0.28039342977908727
5787,1.002071243860002,-0.005508392340790072,-0.0002591084182145681,0.003516075781575818,0.2803373326563189
5788,1.002016159936594,-0.005510983424954615,-0.00022417446699903032,0.0035177779615643747,0.2802812465631536
5789,1.0019610501023444,-0.005513225169606457,-0.00018928026168651968,0.003519255794401151,0.2802251715020747
5790,1.0019059178506484,-0.00551511797220466,-0.0001544279170673235,0.0035205095982085636,0.2801691074756161
5791,1.0018507666709264,-0.005516662251356211,-0.00011961954290224536,0.0035215397045371298,0.28011305448629614
5792,1.001795600048413,-0.005517858446765597,-8.485724332294581e-05,0.0035223464583036043,0.28005701253669973
5793,1.0017404214639454,-0.005518707019178674,-5.014311808007599e-05,0.003522930217767784,0.2800009816294064
5794,1.0016852343937537,-0.005519208450338781,-1.5479260158518526e-05,0.0035232913544828467,0.2799449617670051
5795,1.0016300423092503,-0.005519363242919174,1.9132242990924087e-05,0.0035234302532445192,0.27988895295211574
5796,1.0015748486768212,-0.005519171920467565,5.368930941721667e-05,0.0035233473120542635,0.27983295518733564
5797,1.0015196569576166,-0.005518635027351144,8.818986328588962e-05,0.003523042942068525,0.2797769684753284
5798,1.001464470607343,-0.005517753128695511,0.0001226318343717711,0.0035225175675725026,0.279720992818732
5799,1.001409293076056,-0.00551652681032851,0.0001570131596356772,0.0035217716259049454,0.2796650282202211
5800,1.0013541278079527,-0.005514956678708284,0.00019133178140690738,0.0035208055674247314,0.2796090746824507
5801,1.0012989782411656,-0.0055130433608698145,0.0002255856491127639,0.0035196198554667104,0.27955313220807615
5802,1.001243847807557,-0.005510787504353771,0.00025977271889347786,0.0035182149662875157,0.27949720079978735
5803,1.0011887399325134,-0.005508189777139347,0.0002938909531682854,0.0035165913890248045,0.27944128046024813
5804,1.001133658034742,-0.005505250867581629,0.00032793832111990134,0.003514749625627458,0.2793853711921792
5805,1.0010786055260663,-0.005501971484343832,0.0003619127983520501,0.003512690190828628,0.27932947299824085
5806,1.0010235858112229,-0.0054983523563331554,0.0003958123688415499,0.0035104136120751774,0.2792735858811259
5807,1.0009686022876596,-0.005494394232617026,0.0004296350229561485,0.0035079204294789982,0.27921770984351474
5808,1.0009136583453335,-0.005490097882359185,0.00046337875832639513,0.003505211195771891,0.279161844888078
5809,1.00085875736651,-0.005485464094747054,0.0004970415800122432,0.0035022864762490205,0.27910599101754263
5810,1.0008039027255624,-0.005480493678917489,0.0005306215005574516,0.0034991468487212737,0.27905014823456287
5811,1.0007490977887732,-0.005475187463881916,0.0005641165406773327,0.003495792903434884,0.27899431654184115
5812,1.0006943459141344,-0.005469546298444574,0.0005975247278533144,0.003492225243039897,0.27893849594202347
5813,1.0006396504511499,-0.005463571051134886,0.0006308440982203886,0.003488444482526924,0.27888268643776437
5814,1.0005850147406385,-0.005457262610120962,0.0006640726957772916,0.00348445124916928,0.27882688803173644
5815,1.0005304421145373,-0.005450621883130845,0.0006972085720799437,0.0034802461824653855,0.27877110072655986
5816,1.000475935895706,-0.005443649797377143,0.0007302497872734709,0.0034758299340718374,0.27871532452489745
5817,1.0004214993977323,-0.005436347299470873,0.0007631944096099172,0.003471203167764089,0.27865955942933174
5818,1.0003671359247375,-0.005428715355340685,0.0007960405167371787,0.0034663665593552247,0.27860380544247915
5819,1.000312848771184,-0.005420754950138603,0.0008287861937957691,0.003461320796644245,0.2785480625669267
5820,1.0002586412216827,-0.0054124670881653325,0.000861429534417188,0.003456066579362231,0.27849233080524544
5821,1.0002045165508011,-0.005403852792785258,0.0008939686414248874,0.003450604619099398,0.27843661016003235
5822,1.0001504780228732,-0.005394913106334482,0.0009264016263890035,0.0034449356392487226,0.2783809006337937
5823,1.0000965288918098,-0.005385649090033449,0.0009587266101917721,0.0034390603749260844,0.2783252022290763
5824,1.0000426724009095,-0.00537606182389379,0.0009909417220923047,0.0034329795729315087,0.27826951494835733
5825,0.9999889117826706,-0.005366152406634503,0.0010230451012790964,0.0034266939916775927,0.2782138387941205
5826,0.9999352502586042,-0.0053559219555827445,0.0010550348960502998,0.003420204401115885,0.2781581737688541
5827,0.9998816910390483,-0.005345371606582652,0.001086909263467127,0.0034135115826765335,0.27810251987496093
5828,0.9998282373229825,-0.005334502513907772,0.001118666370681226,0.003406616329196087,0.2780468771148818
5829,0.9997748922978434,-0.00532331585016013,0.0011503043942195923,0.0033995194448640364,0.27799124549096504
5830,0.9997216591393419,-0.005311812806176478,0.0011818215207835825,0.0033922217451372843,0.27793562500557306
5831,0.9996685410112801,-0.005299994590926565,0.0012132159462061726,0.003384724056681659,0.27788001566105164
5832,0.9996155410653709,-0.00528786243142179,0.0012444858760047098,0.0033770272173110657,0.2778244174596824
5833,0.9995626624410566,-0.005275417572618392,0.0012756295267559586,0.0033691320759031834,0.2777688304037766
5834,0.9995099082653305,-0.0052626612773068555,0.0013066451245648605,0.003361039492337848,0.27771325449554257
5835,0.9994572816525574,-0.005249594826016569,0.001337530905910246,0.0033527503374175156,0.2776576897372029
5836,0.9994047857042972,-0.00523621951691223,0.0013682851172215973,0.0033442654928108866,0.2776021361309378
5837,0.9993524235091281,-0.0052225366656941455,0.0013989060155069483,0.0033355858509782144,0.2775465936788823
5838,0.9993001981424712,-0.005208547605492549,0.0014293918685049853,0.0033267123150804608,0.27749106238317806
5839,0.9992481126664162,-0.005194253686760316,0.001459740953851478,0.003317645798924898,0.27743554224586087
5840,0.9991961701295486,-0.005179656277174012,0.001489951560571974,0.0033083872268842005,0.27738003326898175
5841,0.9991443735667769,-0.005164756761519853,0.0015200219885667943,0.0032989375338291376,0.2773245354545281
5842,0.9990927259991617,-0.0051495565415850845,0.0015499505484130663,0.0032892976650480063,0.2772690488044515
5843,0.9990412304337458,-0.005134057036051207,0.00157973556147252,0.0032794685761697463,0.27721357332070673
5844,0.9989898898633853,-0.005118259680386119,0.0016093753598206417,0.0032694512331009214,0.2771581090051464
5845,0.9989387072665815,-0.005102165926736871,0.0016388682876693553,0.003259246611932478,0.2771026558596342
5846,0.9988876856073141,-0.005085777243808503,0.0016682126999198119,0.0032488556988677325,0.2770472138859553
5847,0.998836827834876,-0.00506909511675699,0.0016974069626570984,0.0032382794901494073,0.2769917830858542
5848,0.9987861368837084,-0.005052121047077429,0.0017264494536476521,0.0032275189919831688,0.276936363461076
5849,0.9987356156732377,-0.005034856552487328,0.001755338562055217,0.003216575220462542,0.2768809550132664
5850,0.9986852671077128,-0.005017303166812538,0.0017840726889929714,0.0032054492014718613,0.27682555774407214
5851,0.9986350940760447,-0.004999462439867679,0.0018126502468317554,0.0031941419706246507,0.27677017165505324
5852,0.998585099451646,-0.004981335937343818,0.0018410696599063109,0.003182654573181205,0.2767147967477239
5853,0.9985352860922725,-0.0049629252406885455,0.0018693293648084156,0.003170988063963051,0.2766594330235896
5854,0.9984856568398656,-0.004944231946983592,0.0018974278093126032,0.003159143507276009,0.2766040804840606
5855,0.9984362145203958,-0.00492525766883295,0.0019253634534660558,0.0031471219768228935,0.27654873913054745
5856,0.9983869619437075,-0.004906004034240126,0.001953134769465577,0.003134924555631465,0.2764934089643732
5857,0.998337901903365,-0.0048864726864866655,0.001980740242129471,0.003122552335965381,0.2764380899868078
5858,0.9982890371765002,-0.0048666652840059195,0.0020081783684948104,0.003110006419237317,0.2763827821991075
5859,0.9982403705236601,-0.0048465835002608725,0.0020354476574578964,0.0030972879159412497,0.2763274856024311
5860,0.9981919046886575,-0.0048262290236255325,0.002062546630571191,0.0030843979455584115,0.2762722001979427
5861,0.9981436423984212,-0.004805603557258434,0.002089473822053621,0.0030713376364744937,0.27621692598671493
5862,0.9980955863628487,-0.0047847088189758805,0.002116227778575612,0.0030581081258889654,0.2761616629697513
5863,0.998047739274659,-0.004763546541127447,0.002142807059488383,0.0030447105597354736,0.2761064111480389
5864,0.9980001038092476,-0.004742118470469238,0.0021692102368729357,0.0030311460926033765,0.27605117052245604
5865,0.997952682624543,-0.004720426368036533,0.002195435895950351,0.0030174158876444855,0.275995941093888
5866,0.9979054783608626,-0.004698472009012442,0.002221482634499443,0.003003521116486156,0.2759407228631374
5867,0.9978584936407725,-0.004676257182602191,0.0022473490631997814,0.002989462959148454,0.27588551583092824
5868,0.9978117310689465,-0.004653783691904328,0.0022730338061183186,0.0029752426039560825,0.27583031999797225
5869,0.9977651932320275,-0.00463105335377663,0.0022985355004917843,0.0029608612474508506,0.275775135364865
5870,0.9977188826984897,-0.004608067998704572,0.0023238527965023167,0.002946320094299371,0.27571996193219594
5871,0.9976728020185027,-0.004584829470671777,0.0023489843573934466,0.0029316203572130064,0.27566479970049246
5872,0.9976269537237961,-0.004561339627029441,0.00237392885985524,0.0029167632568571217,0.2756096486701923
5873,0.9975813403275258,-0.004537600338361855,0.002398684994371729,0.002901750021756529,0.27555450884171917
5874,0.9975359643241422,-0.004513613488348503,0.002423251464655253,0.0028865818882080887,0.2754993802153759
5875,0.9974908281892587,-0.004489380973631686,0.002447626987901394,0.0028712601001959323,0.27544426279144
5876,0.9974459343795224,-0.004464904703681762,0.0024718102950797155,0.0028557859093021535,0.27538915657013613
5877,0.9974012853324856,-0.0044401866006594706,0.0024958001306922203,0.002840160574612558,0.2753340615515981
5878,0.997356883466479,-0.004415228599280453,0.002519595252838437,0.0028243853626212265,0.27527897773594306
5879,0.9973127311804861,-0.004390032646679348,0.002543194433383654,0.0028084615471464917,0.2752239051231744
5880,0.9972688308540193,-0.004364600702272164,0.0025665964582252676,0.002792390409238482,0.27516884371325223
5881,0.9972251848469966,-0.004338934737616016,0.0025898001273813587,0.0027761732370841802,0.2751137935060894
5882,0.9971817954996205,-0.004313036736267668,0.002612804254549378,0.002759811325918919,0.27505875450150624
5883,0.9971386651322578,-0.004286908693647037,0.0026356076674164536,0.002743305977935281,0.2750037266993117
5884,0.9970957960453213,-0.004260552616897162,0.0026582092078876463,0.002726658502189179,0.27494871009921384
5885,0.9970531905191523,-0.0042339705247420025,0.0026806077321768484,0.0027098702145040327,0.2748937047008525
5886,0.9970108508139048,-0.004207164447343355,0.002702802110536272,0.002692942437376119,0.2748387105038276
5887,0.9969687791694314,-0.004180136426160539,0.0027247912273347177,0.002675876499887334,0.2747837275076342
5888,0.9969269778051698,-0.004152888513809158,0.0027465739813477275,0.002658673737609733,0.2747287557117508
5889,0.9968854489200317,-0.004125422773917065,0.0027681492857791618,0.0026413354925087203,0.27467379511557466
5890,0.9968441946922926,-0.004097741280980111,0.0027895160682171044,0.002623863112847357,0.2746188457184131
5891,0.9968032172794827,-0.004069846120218243,0.0028106732706789303,0.0026062579530961682,0.27456390751954457
5892,0.9967625188182806,-0.004041739387431176,0.0028316198498840733,0.002588521373838607,0.27450898051814204
5893,0.9967221014244063,-0.004013423188851495,0.002852354777288131,0.0025706547416734452,0.2744540647133412
5894,0.9966819671925178,-0.0039848996409972545,0.0028728770384994773,0.0025526594291192728,0.2743991601042274
5895,0.9966421181961078,-0.003956170870530373,0.002893185633842492,0.0025345368145198105,0.27434426668978745
5896,0.9966025564874025,-0.003927239014109489,0.002913279578469173,0.002516288281948734,0.274289384468981
5897,0.9965632840972614,-0.0038981062182418397,0.0029331579024628046,0.002497915221110047,0.27423451344066707
5898,0.996524303035079,-0.0038687746391337418,0.0029528196506899487,0.002479419027241079,0.27417965360363816
5899,0.9964856152886876,-0.0038392464425428346,0.00297226388256076,0.002460801101025054,0.2741248049566567
5900,0.9964472228242622,-0.0038095238036327,0.0029914896727296914,0.0024420628484889085,0.27406996749838386
5901,0.9964091275862259,-0.003779608906820419,0.003010496110715903,0.0024232056809053533,0.27401514122744414
5902,0.9963713314971577,-0.003749503945627771,0.003029282300819631,0.002404231014693947,0.27396032614237803
5903,0.9963338364577015,-0.0037192111225335866,0.0030478473625442787,0.0023851402713257713,0.2739055222416415
5904,0.9962966443464761,-0.003688732648821682,0.0030661904302324745,0.002365934877230813,0.2738507295236651
5905,0.9962597570199879,-0.0036580707444324257,0.003084310653581352,0.0023466162636915943,0.27379594798678336
5906,0.9962231763125436,-0.0036272276378092184,0.0031022071972795773,0.0023271858667499893,0.27374117762928574
5907,0.9961869040361655,-0.003596205565748562,0.003119879240977407,0.00230764512711158,0.2736864184494027
5908,0.996150941980508,-0.0035650067732505117,0.0031373259799631105,0.002287995490042571,0.27363167044526876
5909,0.9961152919127755,-0.0035336335133621024,0.0031545466246651888,0.0022682384052769354,0.2735769336149882
5910,0.9960799555776418,-0.0035020880470262683,0.003171540400664259,0.002248375326911591,0.2735222079565784
5911,0.9960449346971716,-0.003470372642930017,0.0031883065488960347,0.002228407713312581,0.27346749346799737
5912,0.9960102309707423,-0.0034384895773510596,0.003204844325307033,0.0022083370270183527,0.27341279014716463
5913,0.9959758460749687,-0.003406441134007566,0.003221153001584428,0.0021881647346318764,0.27335809799189714
5914,0.9959417816636286,-0.003374229603900897,0.0032372318647589868,0.0021678923067275178,0.27330341699996297
5915,0.9959080393675895,-0.0033418572851620933,0.0032530802170288066,0.0021475212177528304,0.2732487471690645
5916,0.9958746207947379,-0.003309326482900203,0.003268697376355937,0.002127052945927386,0.2731940884968262
5917,0.9958415275299088,-0.003276639509044686,0.00328408267613909,0.0021064889731492345,0.2731394409808457
5918,0.9958087611348184,-0.0032437986821909587,0.003299235465105445,0.0020858307848863568,0.273084804618637
5919,0.9957763231479965,-0.003210806327447233,0.0033141551076515396,0.002065079870081578,0.27303017940764684
5920,0.995744215084722,-0.0031776647762777146,0.003328840983452871,0.0020442377210566198,0.2729755653452785
5921,0.9957124384369592,-0.0031443763663498536,0.0033432924880528667,0.0020233058334049796,0.27292096242885133
5922,0.9956809946732957,-0.0031109434413756696,0.0033575090325795726,0.002002285705895937,0.27286637065563657
5923,0.995649885238882,-0.003077368350955891,0.0033714900433638555,0.001981178840377117,0.27281179002285766
5924,0.9956191115553724,-0.0030436534504279947,0.0033852349627820112,0.001959986741670653,0.2727572205276541
5925,0.9955886750208681,-0.003009801100705612,0.0033987432488154744,0.0019387109174790393,0.2727026621671232
5926,0.9955585770098611,-0.002975813668122629,0.0034120143749570044,0.0019173528782779055,0.27264811493828695
5927,0.9955288188731798,-0.0029416935242779826,0.003425047830618675,0.001895914137218984,0.272593578838097
5928,0.995499401937937,-0.002907443045876446,0.0034378431204781616,0.001874396210036627,0.2725390538634802
5929,0.9954703275074782,-0.0028730646145760617,0.0034503997651699064,0.0018528006149372632,0.2724845400112829
5930,0.9954415968613325,-0.0028385606168285418,0.003462717301116209,0.0018311288725040519,0.27243003727829906
5931,0.9954132112551642,-0.0028039334437213815,0.003474795280091203,0.001809382505598857,0.27237554566127037
5932,0.9953851719207271,-0.0027691854908242297,0.003486633270115072,0.0017875630392569296,0.27232106515685395
5933,0.9953574800658188,-0.002734319158026632,0.003498230854781185,0.0017656720005960569,0.2722665957616854
5934,0.9953301368742385,-0.0026993368493822335,0.0035095876333235583,0.0017437109187084783,0.2722121374723333
5935,0.9953031435057447,-0.0026642409729522236,0.003520703221111879,0.0017216813245622125,0.27215769028530884
5936,0.9952765010960152,-0.002629033940644184,0.0035315772487647633,0.001699584750907738,0.2721032541970896
5937,0.9952502107566087,-0.002593718168059495,0.003542209362930194,0.0016774227321664345,0.2720488292040635
5938,0.995224273574928,-0.0025582960743330257,0.0035525992262012626,0.0016551968043383618,0.2719944153025786
5939,0.9951986906141848,-0.0025227700819737266,0.0035627465165176224,0.0016329085049025527,0.2719400124889307
5940,0.9951734629133651,-0.0024871426167111586,0.003572650928008285,0.0016105593727102929,0.2718856207593503
5941,0.9951485914871979,-0.0024514161073335987,0.0035823121704820805,0.001588150947897149,0.2718312401100439
5942,0.9951240773261246,-0.0024155929855312393,0.0035917299694064597,0.0015656847717742995,0.2717768705371472
5943,0.9950999213962693,-0.00237967568573959,0.0036009040664334788,0.0015431623867287827,0.27172251203673914
5944,0.995076124639412,-0.0023436666449776163,0.003609834218618324,0.0015205853361323993,0.2716681646048627
5945,0.9950526879729622,-0.0023075683026938104,0.003618520198841041,0.0014979551642317897,0.2716138282374993
5946,0.9950296122899353,-0.002271383100607743,0.0036269617960911493,0.0014752734160546057,0.27155950293059467
5947,0.9950068984589292,-0.0022351134825492045,0.0036351588146401985,0.0014525416373112375,0.27150518868005424
5948,0.9949845473241037,-0.0021987618943051764,0.0036431110748610593,0.0014297613742881542,0.2714508854817187
5949,0.9949625597051607,-0.0021623307834589783,0.0036508184130283963,0.0014069341737585953,0.2713965933313858
5950,0.9949409363973261,-0.002125822599231179,0.0036582806807579707,0.0013840615828793726,0.2713423122248097
5951,0.9949196781713338,-0.002089239792326147,0.0036654977458798824,0.0013611451490872246,0.271288042157683
5952,0.9948987857734105,-0.0020525848147699872,0.003672469491818077,0.00133818642001099,0.2712337831256789
5953,0.9948782599252628,-0.0020158601197545712,0.003679195817478378,0.0013151869433631422,0.2711795351244213
5954,0.9948581013240653,-0.001979068161482676,0.0036856766378899272,0.0012921482668422557,0.271125298149476
5955,0.9948383106424504,-0.0019422113950068032,0.0036919118834003416,0.001269071938042532,0.2710710721963817
5956,0.9948188885285003,-0.001905292276075989,0.003697901500162408,0.0012459595043443734,0.27101685726061336
5957,0.9947998356057396,-0.001868313260977743,0.0037036454504191327,0.0012228125128230607,0.27096265333761543
5958,0.9947811524731298,-0.0018312768063771078,0.0037091437114493246,0.0011996325101533954,0.270908460422811
5959,0.9947628397050661,-0.0017941853691663926,0.003714396276654798,0.0011764210425032734,0.27085427851156657
5960,0.9947448978513744,-0.001757041406303839,0.003719403155231114,0.0011531796554460458,0.2708001075992243
5961,0.9947273274373114,-0.0017198473746558017,0.0037241643714211025,0.001129909893857726,0.2707459476810792
5962,0.9947101289635648,-0.0016826057308461154,0.003728679965543614,0.001106613301814441,0.2706917987523779
5963,0.9946933029062563,-0.001645318931095485,0.003732949993234076,0.001083291422509123,0.2706376608083484
5964,0.9946768497169454,-0.0016079894310682818,0.0037369745255857404,0.001059945798141372,0.27058353384417505
5965,0.9946607698226347,-0.0015706196857178938,0.0037407536497071053,0.0010365779698227695,0.27052941785500734
5966,0.9946450636257775,-0.0015332121491266116,0.0037442874677697056,0.0010131894774908163,0.2704753128359677
5967,0.9946297315042862,-0.0014957692743550865,0.003747576097499379,0.0009897818597998979,0.27042121878212894
5968,0.9946147738115427,-0.0014582935132866593,0.0037506196724532755,0.0009663566540338623,0.2703671356885373
5969,0.9946001908764098,-0.0014207873164691018,0.003753418341201232,0.0009429153960093408,0.2703130635502158
5970,0.9945859830032452,-0.0013832531329644987,0.0037559722679044935,0.0009194596199717696,0.2702590023621525
5971,0.9945721504719155,-0.0013456934101933303,0.003758281632290795,0.0008959908585115699,0.27020495211931606
5972,0.9945586935378136,-0.0013081105937787314,0.003760346629002459,0.000872510642463819,0.27015091281664205
5973,0.9945456124318758,-0.0012705071273975425,0.003762167468431008,0.0008490205008082967,0.2700968844490277
5974,0.9945329073606018,-0.0012328854526225696,0.003763744376267487,0.0008255219605849805,0.27004286701135344
5975,0.9945205785060757,-0.0011952480087697632,0.0037650775929341015,0.0008020165467929164,0.269988860498468
5976,0.994508626025988,-0.001157597232750875,0.003766167374729037,0.0007785057822949975,0.2699348649051977
5977,0.9944970500536605,-0.0011199355589145883,0.0037670139930288515,0.0007549911877327265,0.2698808802263534
5978,0.9944858506980714,-0.0010822654188959071,0.003767617734131753,0.0007314742814219562,0.2698269064567103
5979,0.9944750280438824,-0.001044589241466826,0.0037679788997876723,0.0007079565792635369,0.26977294359101794
5980,0.9944645821514677,-0.001006909452381855,0.0037680978063432072,0.0006844395946586767,0.26971899162400864
5981,0.9944545130569439,-0.0009692284742319872,0.0037679747854703436,0.0006609248384012611,0.26966505055038714
5982,0.9944448207722015,-0.0009315487262915531,0.0037676101842225047,0.0006374138185933653,0.2696111203648473
5983,0.9944355052849386,-0.0008938726243643008,0.003767004364028468,0.0006139080405558099,0.26955720106206976
5984,0.994426566558695,-0.0008562025806397505,0.003766157701594287,0.0005904090067290876,0.2695032926367044
5985,0.9944180045328886,-0.0008185410035402772,0.0037650705887925812,0.0005669182165926371,0.2694493950833923
5986,0.9944098191228532,-0.0007808902975696349,0.003763743431851245,0.0005434371665648702,0.269395508396758
5987,0.9944020102198775,-0.0007432528631692312,0.0037621766520803393,0.0005199673499092048,0.2693416325714013
5988,0.9943945776912458,-0.0007056310965673769,0.003760370685528167,0.0004965102566563545,0.2692877676019283
5989,0.9943875213802802,-0.00066802738963189,0.0037583259828025605,0.00047306737350325586,0.26923391348291803
5990,0.9943808411063839,-0.0006304441297245472,0.0037560430096742056,0.00044964018372224,0.26918007020893114
5991,0.9943745366650867,-0.0005928836995493982,0.0037535222461759733,0.0004262301670818418,0.2691262377745236
5992,0.9943686078280912,-0.0005553484770101618,0.003750764186660155,0.00040283879974882064,0.2690724161742265
5993,0.9943630543433212,-0.0005178408350670759,0.0037477693405826807,0.0003794675542024025,0.26901860540257194
5994,0.9943578759349705,-0.0004803631415857566,0.0037445382316454723,0.0003561178991481394,0.26896480545408746
5995,0.9943530723035546,-0.0004429177591948117,0.0037410713980402083,0.0003327912994208248,0.2689110163232881
5996,0.9943486431259627,-0.0004055070451409831,0.003737369392508758,0.00030948921590708017,0.26885723800468314
5997,0.9943445880555113,-0.0003681333511435238,0.0037334327817742418,0.0002862131054587351,0.268803470492771
5998,0.9943409067219998,-0.00033079902325448444,0.0037292621470322285,0.0002629644207946671,0.2687497137820467
5999,0.9943375987317673,-0.00029350640171401954,0.003724858084018451,0.00023974461042330247,0.2686959678670012
6000,0.9943346636677501,-0.0002562578208048201,0.0037202212020729,0.00021655511855343923,0.2686422327421306
6001,0.9943321010895421,-0.00021905560871628328,0.003715352124988864,0.00019339738500646366,0.26858850840192117
6002,0.9943299105334549,-0.00018190208739975422,0.0037102514909740773,0.00017027284513802934,0.2685347948408575
6003,0.9943280915125808,-0.0001447995724246069,0.003704919951738406,0.00014718292974690402,0.26848109205342074
6004,0.9943266435168566,-0.00010775037284309345,0.0036993581731664094,0.00012412906498740966,0.26842740003408566
6005,0.9943255660131282,-7.075679104859035e-05,0.0036935668349261834,0.00010111267229706359,0.26837371877733496
6006,0.9943248584452177,-3.382112263782818e-05,0.0036875466303700755,7.813516830243657e-05,0.2683200482776531
6007,0.9943245202339913,3.054343726060474e-06,0.0036812982672562765,5.519796473358102e-05,0.2682663885295272
6008,0.9943245507774285,3.9867326457441195e-05,0.0036748224667030737,3.230246835229269e-05,0.2682127395274467
6009,0.9943249494506932,7.66155511818711e-05,0.003668119963125549,9.45008086155491e-06,0.2681591012659012
6010,0.994325715606205,0.00011329675086912177,0.0036611915050892008,-1.3357801172642329e-05,0.2681054737393847
6011,0.9943268485737137,0.00014990866597453908,0.003654037854578059,-3.611978640151232e-05,0.26805185694240635
6012,0.9943283476603734,0.00018644904457337325,0.0036466597868600454,-5.8834488785696575e-05,0.2679982508694815
6013,0.9943302121508191,0.00022291564249350432,0.003639058090833631,-8.150052766453985e-05,0.26794465551513647
6014,0.994332441307244,0.0002593062234518274,0.0036312335686091855,-0.00010411652783402898,0.2678910708739051
6015,0.9943350343694785,0.00029561855918630304,0.0036231870356138378,-0.00012668111963844823,0.26783749694031883
6016,0.9943379905550703,0.0003318504295892691,0.003614919320713598,-0.00014919293904272826,0.26778393370892556
6017,0.9943413090593662,0.00036799962284158206,0.003606431265349508,-0.00017165062770943383,0.2677303811742771
6018,0.9943449890555947,0.00040406393553857995,0.003597723724237268,-0.00019405283308229928,0.2676768393309464
6019,0.9943490296949501,0.00044004117282274316,0.0035887975655316527,-0.00021639820846000286,0.26762330817352104
6020,0.9943534301066783,0.0004759291485181114,0.003579653670045665,-0.0002386854130753757,0.2675697876965936
6021,0.9943581893981635,0.0005117256852569025,0.0035702929313710576,-0.0002609131121754653,0.26751627789477406
6022,0.994363306655016,0.0005474286146071368,0.0035607162559520185,-0.00028307997708704814,0.26746277876268265
6023,0.9943687809411621,0.0005830357772013772,0.0035509245627615878,-0.0003051846853009026,0.267409290294961
6024,0.9943746112989341,0.0006185450228618787,0.0035409187837304092,-0.000327225920552064,0.26735581248627055
6025,0.9943807967491627,0.0006539542107301822,0.0035306998635138004,-0.0003492023728864294,0.26730234533129504
6026,0.99438733629127,0.0006892612093944307,0.0035202687586899243,-0.0003711127387363952,0.26724888882473236
6027,0.9943942289033639,0.0007244638970084763,0.003509626438699567,-0.00039295572099645097,0.2671954429612945
6028,0.994401473542334,0.0007595601614206489,0.0034987738853750443,-0.00041473002909303975,0.26714200773571356
6029,0.9944090691439482,0.000794547900297561,0.0034877120924916476,-0.0004364343790639619,0.26708858314274025
6030,0.9944170146229512,0.0008294250212436232,0.0034764420660976948,-0.0004580674936301584,0.26703516917715164
6031,0.9944253088731636,0.0008641894419236877,0.003464964824422272,-0.00047962810225720824,0.26698176583374866
6032,0.9944339507675829,0.000898839090184898,0.003453281397837369,-0.0005011149412386884,0.26692837310735124
6033,0.9944429391584847,0.0009333719041780999,0.003441392828799875,-0.0005225267537635017,0.26687499099279866
6034,0.9944522728775265,0.0009677858324787829,0.0034293001712703327,-0.000543862289980599,0.26682161948495686
6035,0.9944619507358513,0.00100207883420197,0.0034170044908008682,-0.0005651203070728647,0.2667682585787107
6036,0.9944719715241933,0.001036248879118243,0.003404506865214655,-0.000586299569326493,0.266714908268981
6037,0.9944823340129845,0.0010702939477763964,0.0033918083839363546,-0.000607398848200548,0.2666615685507172
6038,0.9944930369524623,0.0011042120316194905,0.003378910147778212,-0.0006284169223959194,0.2666082394188923
6039,0.9945040790727785,0.0011380011330986432,0.003365813268958375,-0.0006493525779158192,0.2665549208685128
6040,0.9945154590841094,0.001171659265787264,0.0033525188711009627,-0.0006702046081329181,0.26650161289460234
6041,0.9945271756767673,0.0012051844544949198,0.003339028089152261,-0.0006909718138661219,0.2664483154922187
6042,0.9945392275213123,0.0012385747353806569,0.0033253420693909845,-0.00071165300344066,0.26639502865644804
6043,0.9945516132686661,0.0012718281560663387,0.0033114619689392395,-0.0007322469927510256,0.26634175238240776
6044,0.9945643315502268,0.0013049427757450287,0.0032973889560747836,-0.0007527526053261193,0.26628848666524846
6045,0.9945773809779843,0.0013379166652925563,0.003283124210353176,-0.0007731686723941556,0.26623523150014644
6046,0.9945907601446372,0.0013707479073802897,0.003268668921896766,-0.000793494032946235,0.2661819868823072
6047,0.994604467623711,0.001403434596580899,0.0032540242913888396,-0.0008137275338007958,0.2661287528069702
6048,0.9946185019696768,0.001435974839473801,0.0032391915303339736,-0.0008338680296603898,0.2660755292694115
6049,0.9946328617180715,0.0014683667547534967,0.0032241718609118085,-0.0008539143831777225,0.2660223162649445
6050,0.9946475453856191,0.001500608473336291,0.003208966516067887,-0.0008738654650206318,0.2659691137889191
6051,0.9946625514703524,0.001532698138467921,0.0031935767390771537,-0.0008937201539249386,0.26591592183671636
6052,0.9946778784517372,0.0015646339058269074,0.003178003783051997,-0.0009134773367537383,0.26586274040375424
6053,0.9946935247907954,0.0015964139436228683,0.0031622489116076187,-0.0009331359085606819,0.26580956948548157
6054,0.9947094889302317,0.0016280364327015552,0.0031463133987323817,-0.0009526947726485758,0.2657564090773878
6055,0.9947257692945587,0.0016594995666486298,0.0031301985282440863,-0.0009721528406306595,0.26570325917500065
6056,0.9947423642902252,0.0016908015518879577,0.003113905593827692,-0.000991509032484279,0.2656501197738839
6057,0.9947592723057441,0.0017219406077802043,0.003097435899171207,-0.0010107622766009924,0.26559699086964306
6058,0.9947764917118219,0.0017529149667229178,0.00308079075774962,-0.0010299115098513585,0.26554387245791095
6059,0.9947940208614892,0.0017837228742484394,0.0030639714927104857,-0.0010489556776415946,0.2654907645343642
6060,0.9948118580902316,0.0018143625891205695,0.0030469794365217684,-0.0010678937339629914,0.2654376670947172
6061,0.9948300017161229,0.0018448323834277585,0.003029815931044023,-0.0010867246414468905,0.2653845801347263
6062,0.9948484500399571,0.0018751305426770953,0.003012482327916172,-0.0011054473714213553,0.26533150365019365
6063,0.9948672013453839,0.0019052553658920532,0.0029949799882362117,-0.0011240609039631926,0.26527843763695597
6064,0.9948862538990428,0.001935205165707046,0.0029773102818915227,-0.0011425642279501928,0.26522538209089047
6065,0.9949056059506999,0.001964978268455423,0.00295947458764316,-0.0011609563411089834,0.265172337007923
6066,0.9949252557333844,0.0019945730142580972,0.002941474293467316,-0.0011792362500671473,0.26511930238401704
6067,0.994945201463527,0.0020239877571157647,0.0029233107963034383,-0.0011974029704105904,0.2650662782151806
6068,0.9949654413410982,0.0020532208649985326,0.0029049855019624635,-0.0012154555267323989,0.2650132644974678
6069,0.9949859735497482,0.002082270719934584,0.0028864998248189985,-0.0012333929526742826,0.264960261226967
6070,0.9950067962569475,0.002111135718095825,0.002867855187685918,-0.0012512142909755003,0.2649072683998135
6071,0.9950279076141285,0.002139814269882385,0.0028490530220379,-0.0012689185935261479,0.2648542860121801
6072,0.9950493057568274,0.002168304800009061,0.0028300947677446786,-0.0012865049214134377,0.26480131406028395
6073,0.9950709888048275,0.0021966057475893523,0.0028109818726953194,-0.0013039723449688317,0.2647483525403885
6074,0.9950929548623033,0.002224715566215676,0.00279171579294666,-0.0013213199438112634,0.2646954014488056
6075,0.9951152020179654,0.002252632724041015,0.0027722979929404624,-0.0013385468068912185,0.2646424607818939
6076,0.9951377283452059,0.002280355703862763,0.002752729945193471,-0.0013556520325393403,0.2645895305360505
6077,0.9951605319022445,0.0023078830032034633,0.0027330131298795163,-0.0013726347285088884,0.2645366107077197
6078,0.9951836107322766,0.0023352131343874504,0.002713149034602163,-0.0013894940120148431,0.264483701293394
6079,0.9952069628636204,0.0023623446246150144,0.002693139154790799,-0.001406229009778683,0.2644308022896099
6080,0.9952305863098666,0.002389276016040814,0.0026729849937018844,-0.001422838858075118,0.26437791369295494
6081,0.9952544790700271,0.0024160058658520326,0.0026526880621415873,-0.0014393227027720004,0.2643250355000608
6082,0.9952786391286856,0.002442532746343907,0.0026322498779201425,-0.001455679699366654,0.2642721677075978
6083,0.995303064456149,0.002468855244989817,0.0026116719659257694,-0.0014719090130225802,0.2642193103122902
6084,0.9953277530085989,0.002494971964512003,0.0025909558583750436,-0.001488009818614213,0.2641664633109027
6085,0.995352702728244,0.0025208815229548504,0.0025701030946276987,-0.001503981300768063,0.26411362670024585
6086,0.9953779115434735,0.002546582553756414,0.0025491152207995395,-0.0015198226538995735,0.26406080047718367
6087,0.9954033773690111,0.002572073705815811,0.0025279937896717335,-0.0015355330822440958,0.26400798463862324
6088,0.9954290981060693,0.0025973536435599993,0.0025067403610335923,-0.001551111799894016,0.26395517918152045
6089,0.9954550716425049,0.002622421047013875,0.0024853565012810525,-0.0015665580308389707,0.26390238410287403
6090,0.9954812958529751,0.0026472746118662875,0.00246384378313114,-0.0015818710090009249,0.263849599399729
6091,0.9955077685990937,0.0026719130495331846,0.0024422037854546046,-0.0015970499782650004,0.26379682506918284
6092,0.9955344877295891,0.0026963350872193145,0.0024204380934057627,-0.0016120941925124332,0.2637440611083868
6093,0.9955614510804612,0.002720539467980887,0.0023985482985761433,-0.0016270029156595512,0.26369130751453923
6094,0.995588656475141,0.0027445249507900655,0.0023765359988138675,-0.001641775421687434,0.26363856428488197
6095,0.995616101724649,0.002768290310597522,0.002354402797576146,-0.001656410994670883,0.263585831416699
6096,0.9956437846277549,0.002791834338388483,0.002332150303841953,-0.0016709089288074503,0.2635331089073264
6097,0.9956717029711388,0.0028151558412379298,0.0023097801326029364,-0.0016852685284499066,0.2634803967541429
6098,0.9956998545295512,0.0028382536423707957,0.002287293904548269,-0.001699489108139875,0.26342769495457385
6099,0.9957282370659749,0.002861126581218902,0.0022646932457614545,-0.0017135699926372856,0.2633750035060987
6100,0.9957568483317871,0.002883773513474894,0.00224197978762955,-0.0017275105169414933,0.2633223224062388
6101,0.9957856860669219,0.002906193311145279,0.0022191551668030406,-0.0017413100263170588,0.26326965165256677
6102,0.9958147480000333,0.002928384862603124,0.0021962210251285676,-0.0017549678763277435,0.26321699124270076
6103,0.9958440318486593,0.002950347072639885,0.002173179009638763,-0.001768483432861176,0.26316434117430115
6104,0.9958735353193857,0.002972078862517375,0.0021500307720520237,-0.0017818560721518024,0.2631117014450808
6105,0.9959032561080109,0.0029935791700146674,0.002126777968695908,-0.0017950851808051771,0.2630590720528077
6106,0.9959331918997111,0.0030148469494739806,0.0021034222611007736,-0.0018081701558223977,0.2630064529952915
6107,0.9959633403692059,0.0030358811718529163,0.0020799653155197453,-0.00182111040462392,0.262953844270388
6108,0.9959936991809244,0.0030566808247715917,0.0020564088023118307,-0.0018339053450737784,0.26290124587599467
6109,0.9960242659891722,0.003077244912553718,0.0020327543960006224,-0.001846554405496287,0.262848657810057
6110,0.9960550384382977,0.003097572456268229,0.002009003775454935,-0.0018590570246961112,0.2627960800705694
6111,0.9960860141628604,0.0031176624937727985,0.001985158623773048,-0.001871412651988061,0.2627435126555711
6112,0.996117190787798,0.003137514079755999,0.001961220628329541,-0.0018836207472141397,0.2626909555631507
6113,0.9961485659285956,0.003157126285780219,0.0019371914802928693,-0.0018956807807554976,0.2626384087914349
6114,0.9961801371914534,0.0031764982003194484,0.0019130728742577409,-0.0019075922335509959,0.2625858723385996
6115,0.9962119021734566,0.0031956289287937293,0.0018888665088040088,-0.0019193545971179177,0.2625333462028653
6116,0.9962438584627445,0.003214517593608839,0.0018645740862011616,-0.0019309673735692285,0.26248083038249087
6117,0.9962760036386806,0.003233163334193268,0.0018401973118734906,-0.0019424300756326728,0.2624283248757873
6118,0.9963083352720226,0.003251565307029775,0.0018157378945085796,-0.001953742226662022,0.26237582968111783
6119,0.9963408509250928,0.0032697226856879453,0.001791197546364455,-0.001964903360647076,0.2623233447968858
6120,0.9963735481519497,0.003287634660859989,0.0017665779827135894,-0.0019759130222355976,0.2622708702215417
6121,0.9964064244985583,0.0033053004403907813,0.0017418809218436304,-0.001986770766745554,0.26221840595357293
6122,0.9964394775029622,0.003322719249308118,0.0017171080847918664,-0.001997476160171951,0.262165951991507
6123,0.9964727046954553,0.0033398903298502117,0.0016922611950594482,-0.002008028779200237,0.2621135083339239
6124,0.9965061035987538,0.003356812941490189,0.0016673419791383287,-0.0020184282112232785,0.2620610749794429
6125,0.9965396717281687,0.003373486360966175,0.0016423521664401391,-0.0020286740543471013,0.26200865192672296
6126,0.9965734065917784,0.0033899098823103567,0.001617293488464528,-0.0020387659174017168,0.2619562391744627
6127,0.9966073056906015,0.0034060828168699757,0.0015921676786051844,-0.00204870341994791,0.26190383672140644
6128,0.9966413665187702,0.0034220044933261492,0.0015669764727628196,-0.0020584861922820527,0.26185144456633946
6129,0.9966755865637035,0.0034376742577190656,0.0015417216088872525,-0.002068113875451553,0.2617990627080859
6130,0.9967099633062807,0.0034530914734683437,0.0015164048268476518,-0.0020775861212644214,0.26174669114551397
6131,0.9967444942210154,0.0034682555213923663,0.0014910278685638899,-0.0020869025922868,0.2616943298775343
6132,0.9967791767762293,0.0034831657997286534,0.0014655924774522981,-0.0020960629618451323,0.2616419789030971
6133,0.9968140084342266,0.003497821724148941,0.0014401003985823127,-0.0021050669140394466,0.2615896382211975
6134,0.9968489866514681,0.003512222727775605,0.0014145533788153565,-0.0021139141437439943,0.2615373078308606
6135,0.9968841088787459,0.0035263682611996715,0.0013889531661016342,-0.002122604356610167,0.2614849877311463
6136,0.9969193725613579,0.003540257792491667,0.0013633015092608808,-0.0021311372690726387,0.2614326779211658
6137,0.9969547751392828,0.0035538908072103347,0.0013376001587285871,-0.002139512608345749,0.26138037840006517
6138,0.9969903140473548,0.003567266808418736,0.00131185086612029,-0.0021477301124273682,0.2613280891670213
6139,0.9970259867154391,0.0035803853166960606,0.0012860553837633869,-0.0021557895301035066,0.2612758102212544
6140,0.997061790568606,0.0035932458701448777,0.001260215464803753,-0.0021636906209408636,0.2612235415620136
6141,0.9970977230273075,0.0036058480243991134,0.001234332862882527,-0.0021714331552825424,0.26117128318858307
6142,0.9971337815075515,0.003618191352629175,0.0012084093322294563,-0.002179016914257108,0.2611190351002913
6143,0.9971699634210778,0.0036302754455477104,0.0011824466278359189,-0.0021864416897741197,0.2610667972964948
6144,0.9972062661755332,0.0036420999114173368,0.001156446505132646,-0.0021937072845166234,0.26101456977658605
6145,0.9972426871746474,0.003653664376054931,0.0011304107192928493,-0.0022008135119395197,0.2609623525399972
6146,0.997279223818408,0.003664968482829171,0.001104341025751545,-0.002207760196262015,0.2609101455861964
6147,0.9973158735032362,0.003676011892662979,0.0010782391802025004,-0.002214547172464426,0.2608579489146788
6148,0.9973526336221629,0.003686794284036283,0.0010521069379282495,-0.0022211742862868105,0.26080576252497206
6149,0.9973895015650033,0.003697315352981873,0.0010259460539297632,-0.0022276413942211373,0.2607535864166406
6150,0.9974264747185331,0.003707574813082481,0.0009997582830871543,-0.0022339483634957746,0.2607014205892797
6151,0.9974635504666639,0.003717572395469676,0.000973545379758245,-0.002240095072074225,0.2606492650425125
6152,0.9975007261906186,0.0037273078488185758,0.0009473090978311116,-0.002246081408649121,0.2605971197759956
6153,0.9975379992691068,0.0037367809393432593,0.0009210511906817924,-0.0022519072726260012,0.2605449847894031
6154,0.9975753670785003,0.003745991450791434,0.0008947734102690043,-0.0022575725741152976,0.2604928600824418
6155,0.9976128269930081,0.0037549391844305196,0.0008684775076341772,-0.0022630772339255613,0.2604407456548626
6156,0.9976503763848524,0.003763623959038257,0.0008421652333433574,-0.0022684211835489816,0.26038864150643204
6157,0.9976880126244428,0.0037720456108981323,0.000815838336725213,-0.0022736043651515256,0.2603365476369426
6158,0.9977257330805518,0.0037802039937868855,0.0007894985656259346,-0.0022786267315619683,0.26028446404622363
6159,0.9977635351204897,0.003788098978959653,0.0007631476666545602,-0.0022834882462474883,0.26023239073412513
6160,0.9978014161102793,0.003795730455137808,0.0007367873849141449,-0.0022881888833051656,0.2601803277005228
6161,0.9978393734148306,0.0038030983284935965,0.000710419463783793,-0.0022927286274556638,0.2601282749453265
6162,0.9978774043981156,0.0038102025226331468,0.0006840456452112363,-0.002297107474021222,0.26007623246845957
6163,0.9979155064233419,0.003817042978582082,0.0006576676692129739,-0.0023013254289070326,0.2600242002698727
6164,0.9979536768531277,0.0038236196547661383,0.0006312872736342727,-0.0023053825085885262,0.259972178349548
6165,0.9979919130496754,0.00382993252698954,0.0006049061946151492,-0.002309278740092294,0.2599201667074835
6166,0.9980302123749453,0.003835981588417882,0.0005785261662233712,-0.002313014160976206,0.25986816534369095
6167,0.9980685721908295,0.003841766849557449,0.0005521489198290382,-0.0023165888193160426,0.25981617425820974
6168,0.998106989859325,0.003847288338228239,0.000525776184395095,-0.0023200027736818367,0.2597641934511058
6169,0.9981454627427073,0.0038525460995398617,0.000499409686890457,-0.0023232560931151,0.2597122229224598
6170,0.9981839882037027,0.0038575401958716353,0.00047305115149587004,-0.0023263488571153594,0.25966026267237097
6171,0.9982225636056614,0.003862270706844686,0.00044670229974678316,-0.0023292811556169407,0.25960831270096396
6172,0.9982611863127299,0.0038667377292955166,0.00042036485046050703,-0.0023320530889595287,0.2595563730083701
6173,0.9982998536900228,0.0038709413772487202,0.00039404051906109447,-0.0023346647678689843,0.25950444359474667
6174,0.9983385631037953,0.0038748817818832068,0.0003677310180062558,-0.002337116313441717,0.2594525244602805
6175,0.9983773119216142,0.0038785590915024794,0.00034143805710817876,-0.0023394078571131794,0.2594006156051599
6176,0.9984160975125292,0.0038819734715080925,0.00031516334266588897,-0.0023415395406359385,0.2593487170295891
6177,0.9984549172472443,0.0038851251043646425,0.0002889085774207892,-0.002343511516055362,0.25929682873380294
6178,0.998493768498288,0.00388801418956416,0.00026267546100810363,-0.0023453239456755993,0.2592449507180384
6179,0.9985326486401837,0.00389064094359496,0.00023646568943250582,-0.002346977002038299,0.25919308298253896
6180,0.9985715550496196,0.0038930055999054306,0.00021028095477770847,-0.0023484708679023885,0.2591412255275726
6181,0.9986104851056187,0.0038951084088648434,0.00018412294550521763,-0.0023498057362076673,0.2590893783534103
6182,0.9986494361897074,0.003896949637727046,0.00015799334616097352,-0.0023509818100457915,0.25903754146033836
6183,0.9986884056860846,0.0038985295705913454,0.00013189383714218642,-0.002351999302638457,0.2589857148486648
6184,0.9987273909817905,0.00389984850836104,0.00010582609497921183,-0.0023528584373034805,0.2589338985186996
6185,0.9987663894668741,0.0039009067687047275,7.97917921716712e-05,-0.0023535594474213646,0.25888209247075317
6186,0.9988053985345612,0.003901704686015964,5.3792596361543904e-05,-0.002354102576409109,0.25883029670515584
6187,0.9988444155814213,0.0039022426113648192,2.7830170796806775e-05,-0.002354488077686825,0.25877851122225565
6188,0.998883438007535,0.0039025209124537536,1.9061747816816188e-06,-0.0023547162146434373,0.2587267360224003
6189,0.9989224632166596,0.0039025399735782918,-2.3977737327474796e-05,-0.0023547872606088775,0.25867497110594195
6190,0.9989614886163953,0.0039023001955775494,-4.981991594758817e-05,-0.002354701498821321,0.25862321647325054
6191,0.9990005116183511,0.0039018019957864775,-7.561871614025426e-05,-0.0023544592223832934,0.2585714721246902
6192,0.999039529638309,0.0039010458079893483,-0.00010137249811538115,-0.0023540607342324377,0.25851973806063006
6193,0.9990785400963889,0.00390003208236841,-0.0001270796273152193,-0.0023535063471149097,0.2584680142814563
6194,0.9991175404172126,0.003898761285451473,-0.00015273847387677064,-0.002352796383539406,0.25841630078754524
6195,0.999156528030067,0.003897233900064962,-0.00017834741338420765,-0.0023519311757431,0.25836459757927194
6196,0.9991955003690677,0.0038954504252794735,-0.0002039048269756802,-0.0023509110656580656,0.25831290465703854
6197,0.9992344548733205,0.0038934113763541773,-0.0002294091008392049,-0.0023497364048686554,0.25826122202123525
6198,0.9992733889870841,0.0038911172846864323,-0.0002548586265755694,-0.00234840755457239,0.2582095496722404
6199,0.9993123001599309,0.0038885686977575937,-0.00028025180187700796,-0.002346924885549844,0.25815788761044667
6200,0.9993511858469085,0.003885766179072049,-0.00030558703016939776,-0.002345288778118207,0.25810623583624825
6201,0.9993900435086992,0.0038827103080999142,-0.0003308627204623264,-0.0023434996220900763,0.2580545943500341
6202,0.9994288706117802,0.003879401680221256,-0.00035607728785419165,-0.0023415578167409502,0.2580029631522022
6203,0.9994676646285824,0.0038758409066651438,-0.0003812291535109334,-0.002339463770766614,0.25795134224314886
6204,0.999506423037649,0.0038720286144490186,-0.0004063167443593696,-0.0023372179022336085,0.2578997316232553
6205,0.9995451433237935,0.003867965446320994,-0.00043133849396307516,-0.0023348206385413904,0.25784813129290485
6206,0.9995838229782568,0.00386365206069356,-0.00045629284233563924,-0.0023322724163835013,0.25779654125248946
6207,0.9996224594988637,0.0038590891315791387,-0.0004811782354695489,-0.002329573681699667,0.2577449615023823
6208,0.9996610503901795,0.0038542773485301645,-0.0005059931258999222,-0.0023267248896329537,0.2576933920429427
6209,0.9996995931636647,0.003849217416573725,-0.0005307359731420228,-0.0023237265044914845,0.2576418328745438
6210,0.9997380853378305,0.003843910056141774,-0.0005554052431068664,-0.0023205789996940214,0.25759028399754924
6211,0.9997765244383919,0.003838356003007184,-0.0005799994084196812,-0.002317282857726344,0.25753874541230004
6212,0.999814907998422,0.0038325560082165255,-0.0006045169489986291,-0.002313838570103261,0.2574872171191452
6213,0.9998532335585042,0.0038265108380172185,-0.0006289563515824055,-0.0023102466373177088,0.2574356991184237
6214,0.9998914986668843,0.003820221273789254,-0.0006533161097830621,-0.0023065075687884384,0.25738419141045377
6215,0.9999297008796222,0.0038136881119766003,-0.0006775947246876433,-0.002302621882820652,0.25733269399556524
6216,0.9999678377607419,0.0038069121640122595,-0.0007017907044515499,-0.0022985901065564122,0.2572812068740814
6217,1.0000059068823821,0.0037998942562477,-0.0007259025642618842,-0.002294412775919207,0.257229730046292
6218,1.0000439058249446,0.003792635229882592,-0.000749928827068775,-0.0022900904355711332,0.25717826351248135
6219,1.0000818321772436,0.0037851359408869836,-0.0007738680236413047,-0.0022856236388649888,0.2571268072729402
6220,1.0001196835366524,0.0037773972599233667,-0.0007977186919685963,-0.002281012947787642,0.2570753613279324
6221,1.0001574575092516,0.00376942007227424,-0.0008214793777368626,-0.0022762589329151637,0.25702392567770505
6222,1.0001951517099743,0.0037612052777652736,-0.0008451486347038975,-0.002271362173364916,0.2569725003225038
6223,1.000232763762752,0.003752753790684583,-0.0008687250242822575,-0.0022663232567362167,0.256921085262555
6224,1.0002702913006587,0.0037440665397061867,-0.0008922071157020824,-0.002261142779056872,0.256869680498064
6225,1.0003077319660558,0.003735144467811715,-0.0009155934865474023,-0.0022558213447393346,0.25681828602923307
6226,1.000345083410734,0.0037259885322069777,-0.000938882722482208,-0.0022503595665242,0.2567669018562461
6227,1.000382343296056,0.0037165997042412063,-0.0009620734170293424,-0.002244758065422423,0.25671552797925407
6228,1.0004195092930983,0.003706978969328395,-0.0009851641723986233,-0.002239017470667413,0.25666416439840417
6229,1.0004565790827915,0.0036971273268603926,-0.0010081535992075528,-0.0022331384196608507,0.2566128111138467
6230,1.0004935503560601,0.003687045790122897,-0.0010310403161467759,-0.002227121557911785,0.25656146812569236
6231,1.0005304208139614,0.003676735386214724,-0.0010538229507072068,-0.0022209675389849503,0.25651013543402945
6232,1.0005671881678235,0.003666197155959783,-0.0010765001392313948,-0.002214677024450034,0.25645881303895035
6233,1.000603850139383,0.0036554321538185145,-0.0010990705264816124,-0.0022082506838163015,0.2564075009405158
6234,1.0006404044609212,0.003644441447803764,-0.0011215327659617677,-0.0022016891944790875,0.25635619913875907
6235,1.0006768488753992,0.0036332261193933292,-0.0011438855202433942,-0.0021949932416689345,0.25630490763371316
6236,1.0007131811365932,0.0036217872634393047,-0.0011661274606931948,-0.002188163518386599,0.2562536264253765
6237,1.0007493990092275,0.0036101259880801278,-0.001188257267479894,-0.0021812007253440365,0.2562023555137141
6238,1.0007855002691084,0.0035982434146525737,-0.001210273630259627,-0.0021741055709124896,0.25615109489868854
6239,1.0008214827032549,0.0035861406775967953,-0.0012321752478892424,-0.0021668787710617224,0.2560998445802433
6240,1.0008573441100308,0.0035738189243644048,-0.001253960828189668,-0.0021595210492972782,0.2560486045582815
6241,1.0008930822992745,0.0035612793153288096,-0.001275629088447125,-0.002152033136605003,0.2559973748326884
6242,1.0009286950924279,0.0035485230236905834,-0.0012971787555419306,-0.0021444157713930065,0.25594615540334315
6243,1.0009641803226648,0.003535551235381428,-0.0013186085654900113,-0.0021366696994233104,0.2558949462700916
6244,1.0009995358350186,0.0035223651489729745,-0.0013399172638396163,-0.0021287956737541247,0.2558437474327473
6245,1.0010347594865083,0.003508965975581322,-0.0013611036060349677,-0.0021207944546832304,0.25579255889111646
6246,1.0010698491462642,0.003495354938768154,-0.0013821663571067164,-0.0021126668096815796,0.2557413806449725
6247,1.001104802695652,0.003481533274444793,-0.0014031042916472225,-0.0021044135133296044,0.25569021269405023
6248,1.0011396180283965,0.003467502230776712,-0.001423916194390161,-0.0020960353472617593,0.25563905503808104
6249,1.0011742930507042,0.003453263068082025,-0.0014446008598859549,-0.0020875331001008377,0.25558790767677325
6250,1.001208825681385,0.0034388170587332915,-0.0014651570924389783,-0.0020789075673904186,0.25553677060978064
6251,1.0012432138519722,0.0034241654870600957,-0.0014855837066135233,-0.00207015955153553,0.2554856438367383
6252,1.0012774555068429,0.003409309649246412,-0.0015058795271946299,-0.002061289861740873,0.2554345273572776
6253,1.0013115486033353,0.003394250853228228,-0.0015260433888247306,-0.0020522993139399735,0.25538342117098345
6254,1.0013454911118675,0.00337899041859521,-0.0015460741364503074,-0.0020431887307346647,0.2553323252774054
6255,1.0013792810160536,0.0033635296764876004,-0.0015659706254690826,-0.002033958941332706,0.25528123967608407
6256,1.0014129163128185,0.003347869969491567,-0.0015857317215482378,-0.002024610781477094,0.2552301643665196
6257,1.0014463950125134,0.0033320126515366372,-0.0016053563005746958,-0.002015145093380723,0.2551790993481795
6258,1.001479715139029,0.003315959087793492,-0.0016248432492509297,-0.0020055627256662135,0.25512804462052
6259,1.001512874729907,0.0032997106545658065,-0.0016441914648842627,-0.001995864533295713,0.2550770001829668
6260,1.0015458718364525,0.0032832687391841585,-0.0016633998551725607,-0.0019860513775025713,0.2550259660348992
6261,1.0015787045238442,0.003266634739902109,-0.001682467338538201,-0.001976124125727257,0.25497494217567357
6262,1.0016113708712433,0.003249810065789051,-0.0017013928443187012,-0.001966083651552412,0.25492392860463836
6263,1.0016438689719012,0.0032327961366210526,-0.0017201753123574984,-0.001955930834628384,0.25487292532109035
6264,1.0016761969332675,0.0032155943827756133,-0.0017388136933678758,-0.0019456665606075161,0.25482193232428324
6265,1.0017083528770951,0.0031982062451231855,-0.0017573069492102765,-0.0019352917210798929,0.254770949613462
6266,1.0017403349395464,0.0031806331749156085,-0.0017756540526146086,-0.001924807213501999,0.2547199771878349
6267,1.0017721412712957,0.0031628766336774705,-0.0017938539871166156,-0.0019142139411256638,0.2546690150465651
6268,1.0018037700376323,0.003144938093097917,-0.0018119057476201524,-0.0019035128129350175,0.25461806318880165
6269,1.0018352194185633,0.0031268190349171064,-0.0018298083401533868,-0.0018927047435742478,0.25456712161366624
6270,1.0018664876089125,0.0031085209508148835,-0.001847560781761664,-0.0018817906532744687,0.254516190320223
6271,1.0018975728184207,0.003090045342300716,-0.0018651621007781047,-0.001870771467787536,0.2544652693075175
6272,1.0019284732718436,0.003071393720600663,-0.0018826113369282103,-0.0018596481183182705,0.25441435857458644
6273,1.0019591872090496,0.0030525676065435562,-0.0018999075411453917,-0.0018484215414475709,0.25436345812040967
6274,1.0019897128851152,0.003033568530448908,-0.0019170497757457772,-0.0018370926790644965,0.25431256794392726
6275,1.0020200485704196,0.0030143980320130478,-0.0019340371146074793,-0.0018256624782978673,0.25426168804406946
6276,1.0020501925507397,0.0029950576601935554,-0.001950868643040022,-0.001814131891442732,0.2542108184197315
6277,1.0020801431273416,0.002975548973094888,-0.001967543457721925,-0.0018025018758877946,0.2541599590697592
6278,1.0021098986170727,0.0029558735378547047,-0.0019840606671388955,-0.0017907733940467302,0.2541091099929741
6279,1.0021394573524511,0.002936032930525901,-0.0020004193915408933,-0.001778947413285202,0.25405827118817087
6280,1.0021688176817565,0.002916028735958784,-0.002016618762583581,-0.0017670249058467633,0.2540074426540952
6281,1.0021979779691161,0.0028958625476871234,-0.002032657923596772,-0.0017550068487825184,0.2539566243894633
6282,1.002226936594593,0.0028755359678113933,-0.002048536029876577,-0.0017428942238805955,0.25390581639298077
6283,1.002255691954271,0.0028550506068791186,-0.002064252248447345,-0.0017306880175883854,0.2538550186633003
6284,1.00228424246034,0.002834408083767582,-0.002079805758065968,-0.0017183892209395506,0.2538042311990217
6285,1.0023125865411777,0.0028136100255664984,-0.0020951957495370273,-0.0017059988294862076,0.2537534539987389
6286,1.0023407226414334,0.0027926580674575287,-0.0021104214255414366,-0.0016935178432237257,0.25370268706101917
6287,1.002368649222108,0.002771553852595545,-0.002125482000645048,-0.001680947266513624,0.25365193038437295
6288,1.002396364760634,0.002750299031989754,-0.0021403767015795543,-0.0016682881080128864,0.25360118396728754
6289,1.0024238677509538,0.0027288952643820356,-0.0021551047671965542,-0.001655541380601048,0.2535504478082313
6290,1.0024511567035976,0.0027073442161257713,-0.0021696654482254545,-0.0016427081013025682,0.2534997219056182
6291,1.0024782301457589,0.002685647561067031,-0.0021840580075132426,-0.0016297892912148161,0.2534490062578309
6292,1.0025050866213696,0.00266380698042342,-0.00219828172016474,-0.00161678597543444,0.2533983008632381
6293,1.0025317246911738,0.0026418241626615354,-0.0022123358734903176,-0.0016036991829795223,0.253347605720156
6294,1.0025581429328003,0.002619700803374828,-0.0022262197669019497,-0.0015905299467151256,0.25329692082685396
6295,1.002584339940834,0.0025974386051626185,-0.0022399327121153632,-0.0015772793032821832,0.25324624618158903
6296,1.0026103143268856,0.0025750392775071396,-0.0022534740331383273,-0.0015639482930205795,0.25319558178259466
6297,1.0026360647196606,0.0025525045366504863,-0.00226684306630991,-0.0015505379598922766,0.2531449276280461
6298,1.002661589765027,0.0025298361054713497,-0.0022800391603272283,-0.0015370493514067134,0.25309428371608317
6299,1.0026868881260818,0.0025070357133615408,-0.002293061676426362,-0.0015234835185473474,0.2530436500448355
6300,1.0027119584832154,0.0024841050961004183,-0.0023059099879998643,-0.0015098415156941524,0.25299302661239054
6301,1.0027367995341763,0.0024610459957334885,-0.002318583480848506,-0.0014961244005482562,0.25294241341679136
6302,1.0027614099941335,0.0024378601604481778,-0.0023310815533917825,-0.0014823332340560469,0.2528918104560689
6303,1.002785788595738,0.002414549344447772,-0.0023434036166187014,-0.0014684690803331334,0.2528412177282196
6304,1.0028099340891825,0.002391115307825667,-0.0023555490938453535,-0.0014545330065859224,0.2527906352311813
6305,1.0028338452422607,0.0023675598164420793,-0.0023675174209313553,-0.0014405260830407504,0.25274006296287754
6306,1.0028575208404251,0.0023438846417986356,-0.0023793080463278306,-0.0014264493828657924,0.25268950092121856
6307,1.002880959686843,0.0023200915609124695,-0.0023909204311607472,-0.00141230398209203,0.25263894910405305
6308,1.0029041606024522,0.0022961823561894134,-0.0024023540491348652,-0.0013980909595370783,0.2525884075091891
6309,1.0029271224260141,0.0022721588152983065,-0.002413608386603802,-0.0013838113967322816,0.25253787613443207
6310,1.002949844014167,0.002248022731044424,-0.002424682942425184,-0.0013694663778442977,0.2524873549775503
6311,1.0029723242414776,0.0022237759012444353,-0.0024355772282073397,-0.0013550569895980295,0.2524368440362619
6312,1.00299456200049,0.0021994201285990226,-0.0024462907682508764,-0.0013405843211989185,0.2523863433082635
6313,1.003016556201776,0.0021749572205657574,-0.0024568230996172696,-0.001326049464257386,0.25233585279122867
6314,1.0030383057739818,0.0021503889892316463,-0.0024671737719638744,-0.0013114535127113866,0.2522853724827817
6315,1.003059809663874,0.0021257172511871636,-0.002477342347628683,-0.0012967975627519188,0.252234902380521
6316,1.0030810668363859,0.0021009438273993184,-0.002487328401788117,-0.0012820827127436438,0.252184442482038
6317,1.0031020762746599,0.002076070543083409,-0.0024971315225313408,-0.001267310063148486,0.25213399278488047
6318,1.0031228369800906,0.00205109922757384,-0.002506751310640421,-0.0012524807164478414,0.25208355328654514
6319,1.0031433479723664,0.002026031714197191,-0.0025161873796794576,-0.00123759577706802,0.252033123984519
6320,1.0031636082895083,0.002000869840144405,-0.002525439355880992,-0.0012226563513029222,0.2519827048762767
6321,1.0031836169879098,0.001975615446344086,-0.002534506878314677,-0.0012076635472350896,0.25193229595923494
6322,1.0032033731423733,0.0019502703773341715,-0.002543389598969898,-0.0011926184746572925,0.2518818972307756
6323,1.0032228758461466,0.0019248364811326531,-0.0025520871827104923,-0.001177522244998122,0.25183150868827947
6324,1.003242124210958,0.0018993156091089685,-0.0025605993071176145,-0.0011623759712441788,0.25178113032908045
6325,1.003261117367049,0.0018737096158566626,-0.0025689256625539662,-0.0011471807678649388,0.2517307621504758
6326,1.0032798544632076,0.001848020359065686,-0.002577065952318368,-0.0011319377507342146,0.2516804041497551
6327,1.0032983346667983,0.001822249699393044,-0.002585019892612896,-0.0011166480370518386,0.25163005632417834
6328,1.0033165571637923,0.0017963995003336744,-0.0025927872125535486,-0.0011013127452668184,0.2515797186709523
6329,1.0033345211587956,0.0017704716280913207,-0.0026003676539470156,-0.0010859329950026182,0.25152939118727125
6330,1.0033522258750764,0.0017444679514517572,-0.0026077609714411035,-0.0010705099069800905,0.2514790738703291
6331,1.003369670554591,0.0017183903416541704,-0.00261496693269264,-0.0010550446029386309,0.25142876671727155
6332,1.0033868544580076,0.0016922406722612766,-0.0026219853183237062,-0.0010395382055593736,0.2513784697252031
6333,1.0034037768647301,0.0016660208190295194,-0.002628815921693244,-0.0010239918383880607,0.2513281828912217
6334,1.0034204370729205,0.0016397326597817339,-0.0026354585489424265,-0.001008406625761268,0.2512779062124076
6335,1.0034368343995184,0.0016133780742794367,-0.002641913019022085,-0.0009927836927284665,0.25122763968579764
6336,1.003452968180261,0.0015869589440945437,-0.0026481791639261683,-0.0009771241649730881,0.2511773833084026
6337,1.003468837769702,0.0015604771524790494,-0.0026542568285289198,-0.0009614291687357985,0.2511271370772308
6338,1.0034844425412268,0.0015339345842362616,-0.002660145870609573,-0.0009456998307406954,0.2510769009892443
6339,1.0034997818870692,0.0015073331255916552,-0.0026658461606504386,-0.0009299372781189818,0.25102667504137294
6340,1.003514855218325,0.001480674664065816,-0.002671357581939338,-0.0009141426383327491,0.25097645923055406
6341,1.0035296619649656,0.001453961088346583,-0.0026766800306000926,-0.0008983170390954733,0.25092625355369647
6342,1.0035442015758491,0.0014271942881604828,-0.002681813415716097,-0.0008824616082970812,0.2508760580076569
6343,1.0035584735187306,0.0014003761541432035,-0.0026867576591983917,-0.0008665774739273833,0.25082587258928024
6344,1.003572477280272,0.0013735085777113328,-0.002691512695600466,-0.0008506657640027265,0.250775697295417
6345,1.0035862123660493,0.0013465934509359595,-0.002696078472314463,-0.0008347276064892992,0.25072553212287785
6346,1.0035996783005587,0.0013196326664142162,-0.0027004549497135037,-0.0008187641292270476,0.25067537706843956
6347,1.0036128746272228,0.001292628117139504,-0.002704642100895497,-0.0008027764598521573,0.2506252321288829
6348,1.0036258009083943,0.001265581696374255,-0.002708639911684109,-0.0007867657257225177,0.2505750973009609
6349,1.003638456725358,0.0012384952975226157,-0.0027124483805627663,-0.0007707330538448662,0.25052497258139694
6350,1.0036508416783332,0.001211370814004001,-0.0027160675187319194,-0.0007546795707974907,0.2504748579669008
6351,1.0036629553864733,0.0011842101391257643,-0.0027194973502101764,-0.0007386064026526229,0.25042475345418164
6352,1.0036747974878646,0.0011570151659550437,-0.0027227379118651644,-0.0007225146749038467,0.2503746590399031
6353,1.0036863676395242,0.001129787787190333,-0.0027257892532424593,-0.0007064055123913886,0.25032457472070135
6354,1.0036976655173961,0.001102529895034668,-0.00272865143628365,-0.0006902800392284655,0.2502745004932209
6355,1.0037086908163464,0.0010752433810717029,-0.0027313245355198735,-0.0006741393787261968,0.250224436354099
6356,1.003719443250157,0.001047930136139725,-0.002733808638409876,-0.0006579846533175561,0.2501743822999202
6357,1.0037299225515184,0.0010205920502024378,-0.002736103845056067,-0.0006418169844819497,0.2501243383272608
6358,1.0037401284720204,0.0009932310122225238,-0.0027382102680991198,-0.000625637492672602,0.25007430443270223
6359,1.0037500607821426,0.0009658489100363081,-0.0027401280325615313,-0.0006094472972465953,0.25002428061280413
6360,1.0037597192712429,0.0009384476302298558,-0.002741857276243988,-0.0005932475163896448,0.24997426686409197
6361,1.0037691037475451,0.0009110290580112163,-0.0027433981493361556,-0.0005770392670377433,0.2499242631831078
6362,1.0037782140381253,0.000883595077086539,-0.0027447508146246627,-0.000560823664805925,0.24987426956636655
6363,1.0037870499888961,0.0008561475695341223,-0.0027459154472940246,-0.0005446018239161847,0.24982428601035422
6364,1.0037956114645914,0.00082868841568041,-0.002746892235049739,-0.0005283748571268555,0.24977431251154997
6365,1.0038038983487483,0.000801219493974798,-0.0027476813777138273,-0.0005121438756548284,0.2497243490664511
6366,1.003811910543688,0.0007737426808684663,-0.002748283087991416,-0.0004959099891069742,0.24967439567151228
6367,1.0038196479704966,0.0007462598506855292,-0.002748697590779607,-0.0004796743054052149,0.24962445232316466
6368,1.0038271105690035,0.000718772875501123,-0.0027489251234647915,-0.00046343793071642957,0.24957451901784616
6369,1.0038342982977586,0.000691283625016506,-0.002748965935167624,-0.0004472019693788115,0.24952459575199648
6370,1.0038412111340087,0.0006637939664418436,-0.0027488202877410653,-0.00043096752383530606,0.24947468252202945
6371,1.003847849073673,0.0006363057643685978,-0.00274848845507724,-0.00041473569455228743,0.2494247793243323
6372,1.0038542121313168,0.0006088208806493902,-0.0027479707236561244,-0.00039850757995527514,0.24937488615532186
6373,1.0038603003401232,0.0005813411742721229,-0.0027472673917453916,-0.0003822842763541267,0.24932500301137148
6374,1.0038661137518659,0.0005538685012418365,-0.00274637877010604,-0.00036606687788211635,0.2492751298888588
6375,1.0038716524368783,0.0005264047144561267,-0.002745305181116619,-0.0003498564764136809,0.2492252667841463
6376,1.0038769164840229,0.0004989516635887431,-0.0027440469596092475,-0.0003336541615012732,0.24917541369363452
6377,1.0038819060006587,0.00047151119496511933,-0.0027426044523220887,-0.00031746102029797766,0.24912557061364737
6378,1.0038866211126083,0.0004440851514432524,-0.0027409780183251494,-0.0003012781374969415,0.24907573754054277
6379,1.0038910619641228,0.00041667537229051106,-0.0027391680281196743,-0.00028510659525332653,0.2490259144706655
6380,1.0038952287178458,0.0003892836930692203,-0.0027371748643186347,-0.0002689474731254629,0.2489761014003848
6381,1.0038991215547763,0.0003619119455155685,-0.002734998921641123,-0.00025280184799598217,0.2489262983259978
6382,1.0039027406742316,0.0003345619574185634,-0.0027326406066493776,-0.00023667079400854188,0.24887650524384736
6383,1.0039060862938058,0.00030723555250158295,-0.002730100337464859,-0.00022055538249342313,0.24882672215025384
6384,1.003909158649331,0.0002799345503068109,-0.0027273785438530077,-0.00020445668191021468,0.2487769490415439
6385,1.003911957994834,0.0002526607660787256,-0.002724475667588926,-0.0001883757577725979,0.24872718591402218
6386,1.0039144846024948,0.0002254160106441046,-0.002721392161985283,-0.000172313672579299,0.24867743276401263
6387,1.0039167387626011,0.00019820209029658507,-0.0027181284921947843,-0.0001562714857488804,0.24862768958783762
6388,1.003918720783504,0.00017102080667821714,-0.002714685134936263,-0.00014025025355643563,0.24857795638177763
6389,1.0039204309915708,0.00014387395666394244,-0.002711062578375225,-0.00012425102906663568,0.2485282331421596
6390,1.0039218697311374,0.00011676333224703032,-0.002707261321850771,-0.00010827486206216203,0.24847851986529346
6391,1.0039230373644599,8.969072042728767e-05,-0.002703281876467433,-9.232279898237416e-05,0.24842881654751656
6392,1.0039239342716642,6.265790309354726e-05,-0.002699124764900623,-7.639588285340765e-05,0.248379123185089
6393,1.003924560850695,3.566665690788132e-05,-0.00269479052111214,-6.04951532250599e-05,0.248329439774356
6394,1.0039249175172642,8.718753192710878e-06,-0.0026902796901210834,-4.462164610701321e-05,0.24827976631161722
6395,1.003925004704796,-1.8184042179696826e-05,-0.0026855928283278417,-2.8776393908100318e-05,0.24823010279320287
6396,1.0039248228643742,-4.503996890118586e-05,-0.0026807305034895717,-1.2960425364527407e-05,0.24818044921539967
6397,1.0039243724646851,-7.184727234099804e-05,-0.002675693294345758,2.82523452377549e-06,0.24813080557455103
6398,1.0039236539919618,-9.860420365591819e-05,-0.0026704817907473384,1.857956455430494e-05,0.24808117186696846
6399,1.0039226679499254,-0.00012530901990119472,-0.002665096593668201,3.430154738221919e-05,0.24803154808895844
6400,1.0039214148597264,-0.0001519599841418165,-0.0026595383149424887,4.9990169587288556e-05,0.24798193423686873
6401,1.003919895259885,-0.0001785553655611077,-0.0026538075774073153,6.564442173757863e-05,0.24793233030702744
6402,1.0039181097062293,-0.0002050934395707811,-0.0026479050149394085,8.126329844781709e-05,0.24788273629578172
6403,1.0039160587718337,-0.00023157248792131282,-0.0026418312723903883,9.684579844287816e-05,0.24783315219942886
6404,1.0039137430469545,-0.000257990798811689,-0.002635587004968928,0.00011239092462028204,0.24778357801435566
6405,1.0039111631389663,-0.000284346666993005,-0.0026291728784516165,0.00012789768410865227,0.2477340137369064
6406,1.0039083196722964,-0.00031063839387412593,-0.002622589569746341,0.00014336508833055205,0.24768445936344932
6407,1.0039052132883577,-0.0003368642876329864,-0.0026158377663967544,0.0001587921530645287,0.24763491489033357
6408,1.0039018446454813,-0.00036302266332292427,-0.0026089181663971708,0.00017417789850586725,0.24758538031395444
6409,1.003898214418848,-0.0003891118429773281,-0.0026018314780354456,0.00018952134931878942,0.2475358556306987
6410,1.0038943233004183,-0.00041513015571234015,-0.0025945784202015113,0.00020482153469712444,0.24748634083693688
6411,1.003890171998861,-0.0004410759378331075,-0.0025871597220507715,0.0002200774884313524,0.24743683592909566
6412,1.0038857612394827,-0.00046694753293624646,-0.0025795761230034808,0.0002352882489633412,0.24738734090357362
6413,1.0038810917641534,-0.0004927432920126922,-0.0025718283729303515,0.00025045285944273125,0.2473378557567919
6414,1.0038761643312333,-0.0005184615735519708,-0.002563917231843669,0.00026557036778255687,0.2472883804851486
6415,1.0038709797154977,-0.0005441007436438448,-0.002555843469697113,0.00028063982672078483,0.24723891508512136
6416,1.0038655387080613,-0.0005696591760775261,-0.0025476078664391725,0.0002956602938740649,0.2471894595531526
6417,1.0038598421163005,-0.0005951352524417164,-0.0025392112124621733,0.00031063083179445205,0.24714001388568627
6418,1.0038538907637762,-0.0006205273622291711,-0.0025306543078472887,0.00032555050802879804,0.24709057807919446
6419,1.003847685490154,-0.00064583390293328,-0.002521937962352539,0.00034041839517193206,0.2470411521301657
6420,1.0038412271511246,-0.000671053280145151,-0.0025130629954046944,0.0003552335709195944,0.2469917360351145
6421,1.0038345166183231,-0.0006961839076500857,-0.002504030236533828,0.00036999511812380953,0.2469423297905243
6422,1.0038275547792466,-0.0007212242075287746,-0.0024948405250114873,0.0003847021248544132,0.24689293339294438
6423,1.0038203425371712,-0.0007461726102545698,-0.00248549470940686,0.0003993536844454388,0.24684354683890294
6424,1.0038128808110687,-0.000771027554786516,-0.002475993648129839,0.0004139488955479929,0.24679417012494656
6425,1.0038051705355209,-0.0007957874886677232,-0.0024663382086804802,0.0004284868621830413,0.24674480324763454
6426,1.0037972126606343,-0.0008204508681163617,-0.002456529267974637,0.00044296669380059124,0.2466954462035642
6427,1.0037890081519532,-0.0008450161581198453,-0.0024465677122298152,0.00045738750532968767,0.2466460989893375
6428,1.003780557990372,-0.000869481832527667,-0.0024364544372787456,0.0004717484172250556,0.24659676160152863
6429,1.0037718631720467,-0.0008938463741475772,-0.0024261903480581916,0.00048604855552562804,0.24654743403677706
6430,1.0037629247083053,-0.0009181082748368567,-0.0024157763581023886,0.0005002870518971903,0.24649811629173254
6431,1.003753743625557,-0.0009422660355880419,-0.0024052133903440303,0.0005144630436863547,0.24644880836305685
6432,1.003744320965201,-0.0009663181666230409,-0.0023945023766993754,0.0005285756739699514,0.2463995102474019
6433,1.0037346577835349,-0.0009902631874828581,-0.0023836442580419705,0.0005426240916100309,0.24635022194146597
6434,1.0037247551516602,-0.0010140996271173538,-0.0023726399836825063,0.0005566074512985374,0.2463009434419654
6435,1.003714614155389,-0.0010378260239694358,-0.002361490511819551,0.0005705249135990319,0.24625167474560833
6436,1.0037042358951493,-0.0010614409260639526,-0.002350196809580169,0.0005843756450045734,0.24620241584915004
6437,1.0036936214858887,-0.0010849428910971175,-0.0023387598523672525,0.0005981588179824027,0.24615316674935803
6438,1.0036827720569776,-0.00110833048651916,-0.002327180624349511,0.00061187361102188,0.2461039274430191
6439,1.0036716887521124,-0.0011316022896219735,-0.002315460117994191,0.0006255192086749872,0.24605469792691087
6440,1.0036603727292162,-0.001154756887622105,-0.002303599334153644,0.0006390948016080186,0.24600547819785915
6441,1.00364882516034,-0.0011777928777447033,-0.002291599281538685,0.0006525995866497955,0.24595626825272693
6442,1.0036370472315626,-0.0012007088673019973,-0.0022794609773753305,0.000666032766829918,0.2459070680883569
6443,1.0036250401428894,-0.0012235034737784387,-0.0022671854474716566,0.000679393551429952,0.24585787770161535
6444,1.0036128051081517,-0.0012461753249166513,-0.002254773725225874,0.0006926811560234371,0.2458086970893956
6445,1.0036003433549026,-0.0012687230587931566,-0.002242226852028663,0.0007058948025212261,0.24575952624863434
6446,1.0035876561243147,-0.0012911453238985107,-0.0022295458769154217,0.0007190337192082592,0.24571036517625722
6447,1.0035747446710757,-0.0013134407792134587,-0.0022167318571405734,0.00073209714079459,0.2456612138692135
6448,1.0035616102632836,-0.0013356080942914473,-0.0022037858574471773,0.0007450843084615956,0.24561207232450077
6449,1.0035482541823406,-0.0013576459493332828,-0.0021907089500732176,0.0007579944698930118,0.24556294053910668
6450,1.0035346777228473,-0.0013795530352622295,-0.0021775022152936436,0.0007708268793205908,0.24551381851004705
6451,1.0035208821924948,-0.0014013280538041851,-0.0021641667403905947,0.0007835807975611071,0.24546470623437094
6452,1.0035068689119568,-0.001422969717557974,-0.002150703620291761,0.0007962554920647218,0.24541560370916832
6453,1.0034926392147812,-0.0014444767500716837,-0.0021371139570497324,0.0008088502369475777,0.24536651093151762
6454,1.0034781944472804,-0.0014658478859139248,-0.0021233988603289265,0.0008213643130309477,0.24531742789850883
6455,1.0034635359684212,-0.0014870818707499508,-0.0021095594466753135,0.0008337970078882194,0.24526835460729068
6456,1.0034486651497136,-0.0015081774614105065,-0.002095596839196091,0.0008461476158719983,0.24521929105502907
6457,1.0034335833750996,-0.001529133425957429,-0.002081512168650608,0.000858415438159505,0.2451702372389019
6458,1.00341829204084,-0.0015499485437600554,-0.0020673065725854752,0.0008705997827847926,0.24512119315609204
6459,1.0034027925554025,-0.001570621605563302,-0.0020529811954280667,0.0008826999646826552,0.24507215880383548
6460,1.0033870863393468,-0.0015911514135564003,-0.0020385371879543326,0.0008947153057174933,0.24502313417938443
6461,1.0033711748252112,-0.0016115367814362157,-0.0020239757076319365,0.0009066451347139119,0.24497411927999635
6462,1.0033550594573968,-0.0016317765344743555,-0.0020092979187831626,0.0009184887875060139,0.24492511410297246
6463,1.003338741692052,-0.0016518695095857105,-0.001994504991673276,0.0009302456069644938,0.2448761186456404
6464,1.0033222229969563,-0.0016718145553877679,-0.001979598103413506,0.0009419149430325912,0.2448271329053373
6465,1.0033055048514024,-0.0016916105322691685,-0.0019645784374136555,0.000953496152753506,0.24477815687940702
6466,1.0032885887460796,-0.0017112563124526213,-0.0019494471831267308,0.0009649886003075092,0.24472919056525338
6467,1.003271476182955,-0.0017307507800554084,-0.0019342055359904565,0.0009763916570482506,0.24468023396031358
6468,1.0032541686751546,-0.0017500928311491879,-0.0019188546973723016,0.0009877047015243437,0.24463128706201231
6469,1.0032366677468432,-0.001769281373819329,-0.0019033958751504387,0.0009989271195221436,0.24458234986780375
6470,1.003218974933105,-0.001788315328229911,-0.0018878302824758622,0.0010100583040926318,0.24453342237518397
6471,1.0032010917798229,-0.0018071936266765903,-0.0018721591382454394,0.0010210976555792839,0.24448450458167625
6472,1.003183019843556,-0.001825915213644005,-0.0018563836671916297,0.0010320445816472785,0.24443559648481422
6473,1.0031647606914196,-0.0018444790458641606,-0.0018405050997588948,0.0010428984973124453,0.24438669808214947
6474,1.003146315900961,-0.0018628840923733694,-0.0018245246719295668,0.0010536588249791415,0.24433780937128344
6475,1.0031276870600374,-0.001881129334567934,-0.0018084436246134164,0.0010643249944549214,0.24428893034981683
6476,1.0031088757666917,-0.0018992137662532254,-0.0017922632044775882,0.0010748964429829787,0.24424006101537477
6477,1.0030898836290292,-0.0019171363937012516,-0.0017759846631198832,0.0010853726152717268,0.2441912013656235
6478,1.0030707122650921,-0.0019348962356999714,-0.00175960925702226,0.001095752963521736,0.24414235139826296
6479,1.0030513633027351,-0.00195249232360229,-0.00174313824816889,0.0011060369474511459,0.24409351111099756
6480,1.0030318383794992,-0.001969923701380923,-0.0017265729034156817,0.001116224034313788,0.2440446805015357
6481,1.0030121391424853,-0.0019871894256770846,-0.0017099144945473786,0.0011263136989347598,0.24399585956764974
6482,1.0029922672482285,-0.002004288565849932,-0.0016931642975868792,0.0011363054237265773,0.2439470483071444
6483,1.00297222436257,-0.002021220204018813,-0.0016763235933467575,0.0011461986987118147,0.2438982467178239
6484,1.0029520121605298,-0.002037983435111214,-0.0016593936677419645,0.0011559930215552035,0.24384945479751377
6485,1.0029316323261785,-0.0020545773669138046,-0.0016423758105917584,0.0011656878975812054,0.24380067254408017
6486,1.0029110865525095,-0.002071001120111392,-0.0016252713163347407,0.0011752828397977833,0.24375189995541188
6487,1.0028903765413084,-0.002087253828333313,-0.001608081483580586,0.0011847773689096783,0.2437031370294104
6488,1.002869504003025,-0.002103334638194871,-0.001590807615321193,0.0011941710133457207,0.24365438376400925
6489,1.0028484706566432,-0.002119242709341367,-0.00157345101857621,0.0012034633092858319,0.24360564015718197
6490,1.0028272782295498,-0.002134977214488266,-0.0015560130039890714,0.0012126538006678352,0.24355690620690304
6491,1.002805928457405,-0.0021505373394575694,-0.001538494886656229,0.0012217420392151457,0.24350818191116613
6492,1.0027844230840104,-0.00216592228322211,-0.001520897985165491,0.0012307275844517516,0.24345946726800485
6493,1.0027627638611782,-0.0021811312579407597,-0.0015032236216638677,0.0012396100037240872,0.24341076227549624
6494,1.0027409525485989,-0.002196163488993767,-0.0014854731221812176,0.0012483888722158052,0.243362066931717
6495,1.0027189909137089,-0.0022110182150217087,-0.001467647816403416,0.0012570637729599006,0.24331338123475052
6496,1.0026968807315586,-0.002225694687962058,-0.0014497490375523989,0.0012656342968664046,0.24326470518272988
6497,1.002674623784679,-0.0022401921730845057,-0.001431778121644793,0.001274100042728814,0.2432160387738209
6498,1.0026522218629483,-0.002254509949018917,-0.0014137364080519035,0.0012824606172398233,0.24316738200620158
6499,1.0026296767634582,-0.00226864730778888,-0.0013956252396713636,0.0012907156350111853,0.2431187348780647
6500,1.0026069902903803,-0.002282603554846992,-0.0013774459620666951,0.0012988647185875404,0.2430700973876441
6501,1.0025841642548319,-0.0022963780091014327,-0.0013591999239683135,0.0013069074984603415,0.24302146953319428
6502,1.0025612004747408,-0.0023099700029477516,-0.0013408884768955145,0.0013148436130721042,0.24297285131297305
6503,1.0025381007747114,-0.002323378882296756,-0.0013225129752199132,0.0013226727088353097,0.24292424272527896
6504,1.0025148669858883,-0.0023366040066028554,-0.0013040747759324178,0.0013303944401488169,0.24287564376844945
6505,1.0024915009458224,-0.0023496447488904,-0.0012855752382653907,0.001338008469400248,0.24282705444082242
6506,1.0024680044983334,-0.0023625004957761736,-0.001267015724473828,0.0013455144669831832,0.24277847474074576
6507,1.0024443794933757,-0.002375170647499474,-0.0012483975989773487,0.0013529121113045816,0.24272990466659836
6508,1.0024206277869008,-0.0023876546179437664,-0.0012297222282751062,0.0013602010887963794,0.2426813442168098
6509,1.0023967512407213,-0.0023999518346575445,-0.0012109909811591074,0.001367381093922989,0.2426327933898169
6510,1.0023727517223746,-0.002412061738877243,-0.0011922052285956962,0.0013744518291854617,0.2425842521840565
6511,1.0023486311049858,-0.002423983785548941,-0.0011733663437521122,0.0013814130051403024,0.2425357205980039
6512,1.0023243912671302,-0.0024357174433504696,-0.0011544757012577067,0.0013882643403990143,0.24248719863016419
6513,1.0023000340926966,-0.0024472621947059106,-0.0011355346775491874,0.0013950055616338177,0.24243868627905976
6514,1.0022755614707495,-0.0024586175358036885,-0.001116544651068238,0.0014016364035872107,0.24239018354322867
6515,1.0022509752953914,-0.0024697829766167335,-0.0010975070016498029,0.0014081566090780226,0.2423416904212429
6516,1.0022262774656252,-0.002480758040916323,-0.0010784231107330636,0.0014145659290087835,0.24229320691169665
6517,1.002201469885216,-0.0024915422662880925,-0.0010592943612402518,0.00142086412236216,0.24224473301317787
6518,1.0021765544625532,-0.0025021352041469636,-0.0010401221374248433,0.0014270509562089352,0.24219626872430192
6519,1.0021515331105117,-0.002512536419750361,-0.0010209078246707116,0.0014331262057158223,0.24214781404373756
6520,1.0021264077463143,-0.002522745492209584,-0.0010016528092247727,0.0014390896541425298,0.24209936897015652
6521,1.0021011802913922,-0.0025327620144984446,-0.000982358478607056,0.0014449410928472949,0.24205093350223364
6522,1.0020758526712472,-0.002542585593465918,-0.0009630262213963792,0.0014506803212888859,0.2420025076386602
6523,1.0020504268153125,-0.002552215849846752,-0.0009436574267513743,0.0014563071470275078,0.24195409137817248
6524,1.0020249046568142,-0.0025616524182673793,-0.0009242534846818154,0.001461821385723961,0.2419056847195247
6525,1.0019992881326314,-0.002570894947254307,-0.0009048157857725198,0.001467222861136711,0.2418572876614712
6526,1.0019735791831588,-0.0025799430992398498,-0.0008853457214043348,0.0014725114051272947,0.24180890020279017
6527,1.0019477797521663,-0.002588796550570246,-0.00086584468319802,0.001477686857659049,0.2417605223422901
6528,1.0019218917866606,-0.002597454991507862,-0.000846314062955076,0.001482749066790691,0.24171215407878383
6529,1.0018959172367454,-0.0026059181262331095,-0.0008267552530216021,0.0014876978886780756,0.24166379541110466
6530,1.001869858055483,-0.00261418567284993,-0.0008071696457768139,0.0014925331875696001,0.2416154463381115
6531,1.0018437161987546,-0.0026222573633860303,-0.0007875586336348293,0.0014972548358071793,0.24156710685869523
6532,1.0018174936251207,-0.0026301329437932544,-0.0007679236090170002,0.0015018627138171665,0.24151877697173904
6533,1.0017911922956828,-0.00263781217394768,-0.0007482659642938684,0.001506356710105389,0.24147045667612932
6534,1.0017648141739433,-0.002645294827649116,-0.0007285870915718466,0.00151073672125803,0.2414221459707998
6535,1.0017383612256667,-0.0026525806926184625,-0.0007088883824251345,0.001515002651931804,0.24137384485470711
6536,1.0017118354187406,-0.0026596695704923703,-0.0006891712280791308,0.0015191544148485637,0.2413255533268023
6537,1.0016852387230357,-0.002666561276819736,-0.0006694370194772724,0.0015231919307896198,0.2412772713860421
6538,1.0016585731102676,-0.0026732556410588994,-0.0006496871468744149,0.0015271151285895033,0.24122899903141093
6539,1.0016318405538571,-0.002679752506570769,-0.0006299229997745216,0.00153092394512709,0.2411807362619177
6540,1.0016050430287915,-0.0026860517306113423,-0.000610145966859002,0.0015346183253146612,0.24113248307657514
6541,1.0015781825114853,-0.002692153184323395,-0.0005903574359405507,0.001538198222092004,0.24108423947440777
6542,1.0015512609796422,-0.0026980567527278786,-0.0005705587938930647,0.0015416635964199447,0.24103600545447193
6543,1.001524280412115,-0.00270376233471444,-0.0005507514262935095,0.0015450144172672881,0.24098778101582238
6544,1.0014972427887678,-0.002709269843028567,-0.0005309367176589523,0.0015482506616005171,0.24093956615752116
6545,1.0014701500903376,-0.0027145792042609436,-0.0005111160513998798,0.001551372314373021,0.24089136087865118
6546,1.001443004298295,-0.002719690358836301,-0.0004912908094031887,0.001554379368514281,0.24084316517832882
6547,1.0014158073947066,-0.002724603260998297,-0.0004714623721181581,0.0015572718249183344,0.24079497905567743
6548,1.0013885613620965,-0.0027293178787951297,-0.00045163211849925597,0.0015600496924277076,0.24074680250980168
6549,1.0013612681833086,-0.00273383419406449,-0.0004318014259536984,0.001562712987824053,0.24069863553982507
6550,1.001333929841368,-0.0027381522024181944,-0.0004119716699231904,0.001565261735816028,0.2406504781449108
6551,1.0013065483193437,-0.0027422719132224717,-0.00039214422402008425,0.0015676959690214033,0.24060233032422132
6552,1.0012791256002116,-0.0027461933495796843,-0.0003723204600169193,0.0015700157279541498,0.24055419207692114
6553,1.0012516636667157,-0.0027499165483099532,-0.0003525017477324331,0.0015722210610099765,0.24050606340218197
6554,1.0012241645012325,-0.002753441559931564,-0.00033268945481161605,0.0015743120244516625,0.24045794429919906
6555,1.0011966300856332,-0.0027567684486393454,-0.00031288494663831573,0.0015762886823887296,0.24040983476717073
6556,1.001169062401147,-0.002759897292281895,-0.0002930895864013995,0.0015781511067627387,0.24036173480529555
6557,1.001141463428224,-0.002762828182339717,-0.0002733047348874029,0.001579899377331381,0.24031364441280037
6558,1.0011138351464006,-0.0027655612239012466,-0.000253531750359845,0.0015815335816508828,0.2402655635889233
6559,1.0010861795341617,-0.0027680965356375077,-0.0002337719884943669,0.001583053815056223,0.2402174923328862
6560,1.0010584985688054,-0.002770434249776372,-0.00021402680238527191,0.0015844601806421902,0.2401694306439239
6561,1.0010307942263077,-0.0027725745120765967,-0.00019429754245786982,0.0015857527892460695,0.2401213785212892
6562,1.001003068481187,-0.002774517481801231,-0.00017458555618618532,0.0015869317594268196,0.24007333596426117
6563,1.000975323306369,-0.0027762633316880778,-0.00015489218804077762,0.0015879972174441812,0.24002530297211144
6564,1.000947560673052,-0.002777812247919661,-0.00013521877960064738,0.0015889492972379724,0.23997727954409181
6565,1.000919782550573,-0.002779164430094311,-0.00011556666930801623,0.001589788140408275,0.23992926567948697
6566,1.000891990906272,-0.0027803200911947963,-9.593719226428862e-05,0.0015905138961940701,0.23988126137759186
6567,1.00086418770536,-0.0027812794575548905,-7.633168042432345e-05,0.001591126721448623,0.23983326663769428
6568,1.0008363749107843,-0.0027820427688279004,-5.675146239097345e-05,0.0015916267806166742,0.23978528145909156
6569,1.000808554483096,-0.002782610277953296,-3.719786332422037e-05,0.0015920142457136238,0.23973730584108435
6570,1.0007807283803165,-0.002782982251122048,-1.767220484994586e-05,0.0015922892963002987,0.23968933978298104
6571,1.0007528985578054,-0.0027831589677414057,1.8241951937197909e-06,0.0015924521194568622,0.23964138328408427
6572,1.000725066968128,-0.002783140720397075,2.12900225233896e-05,0.0015925029097613329,0.23959343634369443
6573,1.000697235560924,-0.0027829278148175742,4.0723966788659e-05,0.0015924418692636476,0.23954549896115235
6574,1.000669406282776,-0.0027825205698349797,6.0124721559581124e-05,0.0015922692074598784,0.23949757113578446
6575,1.0006415810770775,-0.0027819193173455404,7.949098431811463e-05,0.0015919851412661105,0.23944965286689737
6576,1.000613761883904,-0.002781124402270838,9.882145666786912e-05,0.0015915898949896395,0.2394017441538137
6577,1.0005859506398813,-0.0027801361825164164,0.000118114844242425,0.0015910837003055463,0.23935384499586526
6578,1.0005581492780562,-0.0027789550289314506,0.00013736985699059137,0.0015904667962259391,0.2393059553923997
6579,1.0005303597277668,-0.0027775813252657023,0.00015658520926891892,0.0015897394290725296,0.23925807534275464
6580,1.000502583914514,-0.002776015468125277,0.0001757596196603345,0.001588901852449285,0.2392102048462438
6581,1.0004748237598329,-0.0027742578669305547,0.00019489181134989958,0.0015879543272122683,0.23916234390221328
6582,1.0004470811811637,-0.002772308943870057,0.00021398051221465167,0.001586897121442269,0.23911449250999697
6583,1.0004193580917249,-0.0027701691338535284,0.0002330244545475403,0.0015857305104127629,0.23906665066892047
6584,1.0003916564003863,-0.0027678388844678235,0.0002520223754747322,0.001584454776559088,0.2390188183783274
6585,1.0003639780115416,-0.002765318655928511,0.0002709730170102724,0.001583070209450867,0.23897099563755553
6586,1.0003363248249824,-0.0027626089210310715,0.0002898751259895402,0.0015815771057576052,0.2389231824459365
6587,1.000308698735772,-0.002759710165102588,0.0003087274544429433,0.0015799757692162523,0.23887537880279439
6588,1.000281101634121,-0.0027566228859499256,0.00032752875920610824,0.0015782665106034949,0.23882758470744328
6589,1.0002535354052615,-0.0027533475938115747,0.00034627780234757627,0.001576449647699929,0.23877980015923886
6590,1.0002260019293234,-0.0027498848113053542,0.00036497335124931196,0.001574525505256655,0.23873202515750916
6591,1.0001985030812104,-0.002746235073375229,0.00038361417838415554,0.0015724944149635562,0.23868425970155735
6592,1.0001710407304767,-0.0027423989272405383,0.00040219906181351503,0.0015703567154118363,0.23863650379070686
6593,1.0001436167412043,-0.0027383769323399043,0.0004207267849829638,0.0015681127520651207,0.23858875742427563
6594,1.000116232971881,-0.0027341696602776137,0.0004391961368094971,0.0015657628772212495,0.23854102060158536
6595,1.0000888912752781,-0.0027297776947687504,0.0004576059120686357,0.0015633074499765667,0.238493293321955
6596,1.0000615934983303,-0.0027252016315806485,0.0004759549109845454,0.0015607468361940352,0.23844557558467402
6597,1.0000343414820145,-0.002720442078478399,0.0004942419396865294,0.0015580814084626383,0.2383978673890571
6598,1.0000071370612298,-0.002715499655165865,0.0005124658102659968,0.0015553115460636628,0.2383501687343988
6599,0.9999799820646781,-0.002710374993225936,0.0005306253404908923,0.001552437634934159,0.23830247961997256
6600,0.9999528783147458,-0.0027050687360638897,0.0005487193542066601,0.0015494600676258206,0.23825480004507962
6601,0.9999258276273851,-0.0026995815388465385,0.0005667466814267448,0.0015463792432727627,0.23820713000900814
6602,0.9998988318119967,-0.0026939140684405813,0.0005847061581157852,0.0015431955675494033,0.23815946951102282
6603,0.9998718926713123,-0.0026880670033530675,0.000602596626738533,0.0015399094526315855,0.2381118185503859
6604,0.9998450120012787,-0.002682041033666408,0.0006204169359414966,0.0015365213171621484,0.23806417712633898
6605,0.9998181915909421,-0.0026758368609765765,0.000638165940627447,0.0015330315862086112,0.238016545238157
6606,0.9997914332223323,-0.00266945519833052,0.0006558425023326861,0.0015294406912226878,0.23796892288509658
6607,0.999764738670349,-0.0026628967701598522,0.0006734454889127488,0.001525749070003783,0.23792131006637326
6608,0.9997381097026474,-0.0026561623122175904,0.0006909737750003704,0.0015219571666531323,0.23787370678122324
6609,0.9997115480795252,-0.0026492525715104466,0.0007084262419299568,0.0015180654315368899,0.2378261130288728
6610,0.9996850555538102,-0.0026421683062318926,0.0007258017774867433,0.0015140743212455413,0.23777852880852804
6611,0.9996586338707478,-0.0026349102856974187,0.0007430992764840411,0.0015099842985487652,0.23773095411941222
6612,0.9996322847678909,-0.00262747929027447,0.0007603176405150507,0.0015057958323577362,0.23768338896071356
6613,0.9996060099749882,-0.00261987611131457,0.0007774557780037064,0.0015015093976785494,0.2376358333316229
6614,0.9995798112138751,-0.0026121015510850074,0.0007945126046336043,0.0014971254755705092,0.23758828723132264
6615,0.9995536901983643,-0.0026041564226962125,0.0008114870429908744,0.0014926445531073039,0.23754075065895358
6616,0.9995276486341373,-0.002596041550032776,0.0008283780227142344,0.0014880671233281878,0.2374932236136846
6617,0.999501688218637,-0.002587757767682923,0.000845184480906605,0.0014833936851973437,0.2374457060946836
6618,0.9994758106409602,-0.0025793059208639043,0.000861905361681306,0.0014786247435603877,0.23739819810107124
6619,0.9994500175817516,-0.0025706868653517195,0.0008785396166206653,0.001473760809095547,0.23735069963197264
6620,0.999424310713098,-0.0025619014674066903,0.0008950862049137559,0.0014688023982733698,0.23730321068649057
6621,0.999398691698424,-0.00255295060369719,0.000911544092798474,0.001463750033311444,0.237255731263729
6622,0.999373162192387,-0.002543835161229194,0.0009279122542673116,0.0014586042421245353,0.23720826136280082
6623,0.9993477238407747,-0.0025345560372688034,0.00094418967083865,0.0014533655582845098,0.23716080098276746
6624,0.999322378280402,-0.002525114139266951,0.0009603753316153943,0.0014480345209702597,0.23711335012269324
6625,0.9992971271390094,-0.0025155103847834836,0.000976468233703804,0.0014426116749194705,0.23706590878165024
6626,0.9992719720351616,-0.0025057457014072576,0.0009924673817046127,0.0014370975703893363,0.23701847695866207
6627,0.9992469145781475,-0.00249582102668113,0.0010083717880816738,0.0014314927631028944,0.2369710546527669
6628,0.9992219563678807,-0.002485737308023279,0.0010241804734052902,0.0014257978142043974,0.2369236418629931
6629,0.9991970989948005,-0.0024754955026462357,0.0010398924659148039,0.0014200132902119486,0.23687623858833745
6630,0.9991723440397741,-0.0024650965774801175,0.0010555068020324902,0.001414139762964908,0.2368288448278017
6631,0.9991476930739993,-0.002454541509090816,0.0010710225264099274,0.0014081778095818792,0.23678146058034755
6632,0.9991231476589084,-0.0024438312835977113,0.0010864386915659247,0.0014021280124093941,0.23673408584492528
6633,0.9990987093460725,-0.002432966896595047,0.0011017543582655248,0.0013959909589703638,0.2366867206205188
6634,0.9990743796771065,-0.002421949353069355,0.0011169685955384617,0.001389767241920457,0.2366393649060565
6635,0.9990501601835758,-0.0024107796673169175,0.0011320804805179004,0.0013834574589938577,0.2365920187004431
6636,0.9990260523869027,-0.0023994588628626717,0.0011470890991316374,0.0013770622129527785,0.236544682002591
6637,0.999002057798274,-0.002387987972372319,0.0011619935454912876,0.0013705821115423344,0.23649735481138004
6638,0.9989781779185503,-0.0023763680375704175,0.0011767929219276899,0.001364017767437236,0.23645003712569806
6639,0.9989544142381745,-0.0023646001091581865,0.0011914863396321994,0.0013573697981912921,0.23640272894441516
6640,0.9989307682370829,-0.0023526852467249983,0.0012060729182254704,0.0013506388261894065,0.23635543026636083
6641,0.9989072413846157,-0.0023406245186639945,0.0012205517859368437,0.0013438254785886918,0.2363081410903856
6642,0.9988838351394291,-0.0023284190020859993,0.0012349220798455601,0.0013369303872738099,0.23626086141530225
6643,0.9988605509494083,-0.002316069782731091,0.0012491829454474787,0.0013299541888068449,0.23621359123989027
6644,0.998837390251581,-0.0023035779548844326,0.0012633335372147676,0.001322897524368597,0.23616633056296085
6645,0.9988143544720322,-0.0022909446212863584,0.0012773730184068716,0.001315761039711108,0.23611907938328966
6646,0.9987914450258193,-0.0022781708930446182,0.001291300560918151,0.0013085453851042258,0.23607183769962028
6647,0.9987686633168888,-0.002265257889548135,0.001305115345874245,0.001301251215280391,0.23602460551069565
6648,0.9987460107379934,-0.002252206738374459,0.00131881656340576,0.0012938791893874514,0.2359773828152155
6649,0.9987234886706097,-0.002239018575199906,0.0013324034123485783,0.0012864299709301863,0.23593016961189409
6650,0.9987010984848577,-0.002225694543712429,0.001345875100750727,0.0012789042277191018,0.23588296589944452
6651,0.9986788415394205,-0.00221223579551947,0.001359230845683363,0.0012713026318196962,0.23583577167651643
6652,0.9986567191814654,-0.0021986434900577788,0.001372469873391069,0.0012636258594923848,0.23578858694176355
6653,0.9986347327465648,-0.0021849187945016065,0.0013855914196140781,0.0012558745911405349,0.23574141169383583
6654,0.9986128835586198,-0.0021710628836679106,0.001398594728957911,0.0012480495112607611,0.23569424593133564
6655,0.998591172929783,-0.0021570769399274735,0.0014114790552176466,0.001240151308383841,0.23564708965288186
6656,0.9985696021603838,-0.0021429621531132118,0.0014242436618712093,0.0012321806750223625,0.23559994285706592
6657,0.9985481725388526,-0.002128719720423212,0.0014368878214032245,0.0012241383076147994,0.23555280554245112
6658,0.9985268853416485,-0.002114350846330788,0.0014494108158015148,0.0012160249064664466,0.23550567770760839
6659,0.9985057418331852,-0.002099856742489233,0.0014618119366882447,0.001207841175701807,0.23545855935105856
6660,0.9984847432657603,-0.002085238627635728,0.0014740904849499213,0.001199587823207326,0.23541145047130874
6661,0.998463890879484,-0.002070497727498593,0.0014862457710882772,0.0011912655605699728,0.23536435106689668
6662,0.9984431859022089,-0.00205563527470106,0.0014982771150772595,0.0011828751030292677,0.23531726113630205
6663,0.9984226295494619,-0.0020406525086666375,0.0015101838463580514,0.0011744171694169224,0.23527018067798308
6664,0.9984022230243753,-0.0020255506755244646,0.0015219653043733496,0.0011658924820988393,0.23522310969039695
6665,0.9983819675176201,-0.0020103310280092245,0.00153362083809689,0.001157301766923357,0.23517604817196291
6666,0.99836186420734,-0.0019949948253657744,0.0015451498058526546,0.0011486457531616466,0.2351289961211078
6667,0.9983419142590864,-0.001979543333255855,0.0015565515758989706,0.0011399251734529859,0.23508195353624575
6668,0.9983221188257538,-0.0019639778236585463,0.0015678255263135848,0.0011311407637488817,0.2350349204157331
6669,0.9983024790475172,-0.0019482995747721397,0.0015789710448987394,0.0011222932632499378,0.23498789675794232
6670,0.9982829960517695,-0.001932509870916942,0.0015899875294934224,0.0011133834143536704,0.23494088256122517
6671,0.9982636709530603,-0.0019166100024348427,0.0016008743874789278,0.001104411962600964,0.23489387782388643
6672,0.998244504853036,-0.0019006012655939254,0.0016116310361657862,0.0010953796566130238,0.23484688254425448
6673,0.99822549884038,-0.0018844849624891278,0.001622256903060183,0.0010862872480346662,0.2347998967206345
6674,0.9982066539907551,-0.0018682624009403203,0.0016327514252354163,0.0010771354914780975,0.2347529203512916
6675,0.9981879713667458,-0.0018519348943966943,0.001643114049833692,0.0010679251444616685,0.23470595343449535
6676,0.9981694520178018,-0.0018355037618358896,0.001653344234336376,0.0010586569673580858,0.23465899596847276
6677,0.9981510969801834,-0.001818970327660823,0.0016634414459950828,0.001049331723333214,0.23461204795144394
6678,0.9981329072769068,-0.0018023359216018829,0.001673405161988972,0.0010399501782844187,0.23456510938164907
6679,0.9981148839176909,-0.0017856018786175762,0.0016832348696278494,0.001030513100789843,0.23451818025726937
6680,0.9980970278989048,-0.0017687695387933768,0.0016929300662881994,0.0010210212620455881,0.23447126057646134
6681,0.9980793402035169,-0.0017518402472410084,0.001702490259733961,0.0010114754358033786,0.2344243503373933
6682,0.9980618218010444,-0.0017348153539944325,0.0017119149678189016,0.0010018763983183879,0.23437744953819148
6683,0.9980444736475045,-0.0017176962139091461,0.001721203718176188,0.0009922249282902774,0.23433055817697898
6684,0.9980272966853654,-0.0017004841865642776,0.0017303560489288078,0.0009825218068026742,0.234283676251878
6685,0.9980102918434998,-0.0016831806361577379,0.0017393715085621889,0.0009727678172652,0.2342368037609584
6686,0.9979934600371382,-0.001665786931402505,0.0017482496554841864,0.0009629637453507272,0.2341899407022979
6687,0.9979768021678241,-0.0016483044454274848,0.0017569900585914528,0.0009531103789394,0.23414308707395484
6688,0.9979603191233699,-0.0016307345556726863,0.0017655922969072278,0.0009432085080645633,0.23409624287394146
6689,0.9979440117778132,-0.0016130786437877891,0.0017740559597119974,0.0009332589248463054,0.2340494081002936
6690,0.9979278809913753,-0.0015953380955296753,0.0017823806466843364,0.0009232624234326313,0.23400258275103442
6691,0.99791192761042,-0.0015775143006583796,0.0017905659676576476,0.000913219799945797,0.23395576682413458
6692,0.9978961524674135,-0.0015596086528356589,0.001798611542875297,0.0009031318524171946,0.23390896031756883
6693,0.9978805563808851,-0.0015416225495207853,0.0018065170033341581,0.0008929993807320013,0.23386216322929
6694,0.99786514015539,-0.0015235573918630637,0.0018142819900428958,0.0008828231865690346,0.23381537555723034
6695,0.9978499045814714,-0.0015054145846016874,0.001821906154133822,0.0008726040733398413,0.23376859729933816
6696,0.9978348504356254,-0.0014871955359644098,0.0018293891574166967,0.000862342846132266,0.23372182845351933
6697,0.9978199784802657,-0.001468901657561027,0.0018367306721271247,0.0008520403116485544,0.23367506901764493
6698,0.9978052894636901,-0.0014505343642788918,0.0018439303808854071,0.0008416972781409146,0.2336283189896081
6699,0.9977907841200473,-0.0014320950741791327,0.0018509879768137394,0.0008313145553602358,0.2335815783672613
6700,0.9977764631693055,-0.0014135852083916201,0.0018579031632069611,0.000820892954497183,0.23353484714844014
6701,0.9977623273172216,-0.0013950061910132678,0.0018646756539664536,0.0008104332881165062,0.23348812533099464
6702,0.9977483772553114,-0.00137635944900193,0.0018713051735645952,0.0007999363700994585,0.23344141291273526
6703,0.9977346136608214,-0.0013576464120707843,0.001877791456651361,0.0007894030155848501,0.2333947098914524
6704,0.9977210371967007,-0.001338868512586419,0.0018841342484331343,0.0007788340409081583,0.23334801626493856
6705,0.9977076485115748,-0.0013200271854633284,0.0018903333048398904,0.0007682302635461912,0.2333013320309471
6706,0.9976944482397202,-0.0013011238680567428,0.0018963883920491281,0.0007575925020530788,0.23325465718724026
6707,0.9976814370010396,-0.0012821600000600302,0.001902299286621065,0.0007469215760003857,0.233207991731588
6708,0.997668615401039,-0.00126313702340102,0.0019080657757132493,0.0007362183059223949,0.23316133566170225
6709,0.997655984030805,-0.0012440563821358292,0.0019136876570095222,0.000725483513252994,0.23311468897528784
6710,0.9976435434669837,-0.0012249195223438343,0.0019191647388945056,0.000714718020263392,0.23306805167005673
6711,0.9976312942717602,-0.0012057278920203974,0.001924496840028083,0.0007039226500078954,0.23302142374368792
6712,0.99761923699284,-0.0011864829409743358,0.0019296837892369533,0.0006930982262639387,0.23297480519386424
6713,0.9976073721634303,-0.0011671861207261658,0.0019347254260775309,0.0006822455734702103,0.23292819601825662
6714,0.9975957003022231,-0.0011478388844008052,0.0019396216008394414,0.0006713655166676136,0.23288159621449436
6715,0.9975842219133791,-0.0011284426866202376,0.0019443721740794277,0.0006604588814373437,0.23283500578021402
6716,0.997572937486513,-0.0011089989834008834,0.00194897701691993,0.0006495264938463555,0.23278842471304131
6717,0.997561847496679,-0.0010895092320478746,0.001953436010950979,0.0006385691803908095,0.23274185301056938
6718,0.9975509524043585,-0.0010699748910503947,0.00195774904817151,0.000627587767930857,0.23269529067040784
6719,0.997540252655448,-0.0010503974199776523,0.001961916031117993,0.0006165830836300598,0.2326487376901559
6720,0.9975297486812482,-0.0010307782793734861,0.0019659368726892158,0.000605555954901412,0.23260219406736773
6721,0.9975194408984545,-0.0010111189306525926,0.0019698114962103577,0.0005945072093454179,0.2325556597996038
6722,0.997509329709148,-0.0009914208359964756,0.0019735398358138425,0.0005834376746920093,0.2325091348844108
6723,0.997499415500788,-0.0009716854582452767,0.001977121835891782,0.0005723481787425346,0.23246261931932344
6724,0.9974896986462056,-0.0009519142607951542,0.0019805574510474303,0.0005612395493095296,0.23241611310188937
6725,0.9974801795035977,-0.0009321087074962112,0.0019838466464610315,0.0005501126141599878,0.23236961622962665
6726,0.9974708584165227,-0.0009122702625467442,0.0019869893979077404,0.0005389682009563608,0.23232312870002167
6727,0.9974617357138973,-0.0008924003903871667,0.00198998569152052,0.0005278071371928711,0.23227665051058033
6728,0.9974528117099934,-0.0008725005555966374,0.0019928355237797428,0.0005166302501426388,0.2322301816587919
6729,0.9974440867044375,-0.0008525722227894177,0.0019955389013772773,0.0005054383668009714,0.2321837221421223
6730,0.9974355609822096,-0.0008326168565128123,0.0019980958414185035,0.0004942323138232144,0.23213727195805228
6731,0.9974272348136445,-0.0008126359211430176,0.0020005063716818042,0.0004830129174653925,0.2320908311040397
6732,0.997419108454433,-0.0007926308807784346,0.002002770530119642,0.0004717810035284089,0.23204439957751694
6733,0.9974111821456253,-0.0007726031991378831,0.00200488836496154,0.00046053739730048267,0.23199797737592806
6734,0.9974034561136339,-0.0007525543394578855,0.002006859934865035,0.00044928292350137776,0.2319515644966975
6735,0.9973959305702393,-0.0007324857643882868,0.0020086853087805017,0.00043801840622275485,0.23190516093724295
6736,0.9973886057125955,-0.0007123989358894473,0.0020103645657075985,0.0004267446688666426,0.2318587666949963
6737,0.9973814817232366,-0.0006922953151316088,0.0020118977950213737,0.0004154625340930524,0.23181238176735708
6738,0.9973745587700853,-0.0006721763623913049,0.0020132850964211515,0.0004041728237620624,0.2317660061516995
6739,0.9973678370064614,-0.0006520435369479562,0.002014526580023778,0.0003928763588747339,0.23171963984542104
6740,0.9973613165710918,-0.0006318982969798272,0.0020156223661011493,0.0003815739595171605,0.23167328284590902
6741,0.9973549975881221,-0.000611742099462387,0.0020165725848056643,0.00037026644480686144,0.2316269351505388
6742,0.9973488801671274,-0.0005915764000695499,0.0020173773764966835,0.0003589546328326334,0.23158059675669188
6743,0.9973429644031268,-0.0005714026530715605,0.0020180368919964393,0.00034763934059786026,0.2315342676617218
6744,0.997337250376596,-0.0005512223112304074,0.0020185512921762003,0.0003363213839621781,0.23148794786297364
6745,0.9973317381534837,-0.000531036825699351,0.0020189207478619325,0.00032500157758763896,0.23144163735780693
6746,0.9973264277852267,-0.0005108476459233277,0.002019145439922502,0.0003136807348865123,0.23139533614356547
6747,0.9973213193087676,-0.0004906562195384954,0.002019225559368352,0.0003023596679622968,0.2313490442175819
6748,0.9973164127465721,-0.0004704639922709012,0.0020191613073475647,0.00029103918754995304,0.23130276157720536
6749,0.9973117081066494,-0.000450272407835008,0.0020189528949443028,0.00027972010296406226,0.23125648821975645
6750,0.997307205382571,-0.00043008290783445044,0.0020186005431248127,0.00026840322204491686,0.23121022414254075
6751,0.9973029045534927,-0.0004098969316631297,0.002018104482912049,0.0002570893511026433,0.23116396934288413
6752,0.997298805584176,-0.0003897159164045868,0.0020174649553305235,0.0002457792948606922,0.23111772381810322
6753,0.997294908425012,-0.0003695412967321949,0.0020166822110198298,0.00023447385640027675,0.23107148756550883
6754,0.9972912130120447,-0.0003493745048127727,0.002015756510482629,0.00022317383710763995,0.23102526058241882
6755,0.9972877192669966,-0.0003292169702081122,0.0020146881242239434,0.000211880036620407,0.23097904286612322
6756,0.9972844270972945,-0.00030907011977489225,0.0020134773327964896,0.00020059325277112334,0.23093283441390663
6757,0.9972813363960967,-0.00028893537756416286,0.0020121244263816133,0.0001893142815330692,0.23088663522308034
6758,0.997278447042321,-0.0002688141647251738,0.002010629704651784,0.00017804391697101636,0.23084044529094397
6759,0.9972757589006738,-0.0002487078994103098,0.0020089934769659443,0.00016678295118535095,0.2307942646147841
6760,0.9972732718216797,-0.0002286179966783744,0.0020072160626022893,0.00015553217425638469,0.23074809319190248
6761,0.9972709856417129,-0.00020854586839526553,0.0020052977904648807,0.0001442923741892202,0.23070193101958067
6762,0.9972689001830289,-0.00018849292313789616,0.002003238998991865,0.00013306433686490152,0.23065577809509255
6763,0.9972670152537976,-0.00016846056609857876,0.0020010400361508223,0.00012184884599001806,0.2306096344157312
6764,0.9972653306481366,-0.00014845019899003382,0.001998701259526979,0.00011064668304246055,0.2305634999787827
6765,0.9972638461461467,-0.00012846321994899323,0.0019962230362518666,9.945862721562108e-05,0.2305173747815284
6766,0.9972625615139472,-0.00010850102344081116,0.0019936057427923036,8.82854553686738e-05,0.23047125882126152
6767,0.9972614765037128,-8.856500016606801e-05,0.0019908497650065076,7.712794197571204e-05,0.23042515209525272
6768,0.9972605908537111,-6.865653696678144e-05,0.001987955498248808,6.598685907423682e-05,0.2303790546007668
6769,0.9972599042883414,-4.8777016731358795e-05,0.0019849233473445242,5.4862976212419465e-05,0.23033296633509923
6770,0.9972594165181741,-2.8927818299874556e-05,0.0019817537261325284,4.37570603981255e-05,0.2302868872955369
6771,0.9972591272399911,-9.110316373838164e-06,0.0019784470576915056,3.266987605033019e-05,0.23024081747935693
6772,0.9972590361368273,1.0674118575973611e-05,0.0019750037745529738,2.1602184948031242e-05,0.2301947568838457
6773,0.9972591428780131,3.0424120404171648e-05,0.0019714243185417883,1.0554746178210399e-05,0.23014870550628017
6774,0.9972594471192171,5.013832738370831e-05,0.0019677091405470204,-4.7168391493582144e-07,0.23010266334393728
6775,0.9972599485024909,6.981538229651687e-05,0.0019638587003926677,-1.1476351774569972e-05,0.23005663039412128
6776,0.9972606466563139,8.945393252283174e-05,0.001959873466817857,-2.2458506682718976e-05,0.23001060665412626
6777,0.9972615411956391,0.00010905263013033214,0.001955753917827507,-3.3417400812809824e-05,0.22996459212123624
6778,0.9972626317219404,0.0001286101319668227,0.0019515005404579524,-4.435228927816881e-05,0.22991858679275584
6779,0.9972639178232601,0.00014812509975056,0.0019471138305028808,-5.5262430178622135e-05,0.22987259066597515
6780,0.9972653990742576,0.0001675962001578088,0.0019425942927055943,-6.614708464717381e-05,0.22982660373818056
6781,0.9972670750362592,0.0001870221049123316,0.0019379424407554066,-7.700551689745401e-05,0.22978062600668714
6782,0.9972689452573084,0.00020640149087481144,0.0019331587970079658,-8.783699427616217e-05,0.22973465746880983
6783,0.9972710092722171,0.00022573304012967716,0.0019282438924495481,-9.864078730928365e-05,0.22968869812185055
6784,0.9972732666026184,0.00024501544007116864,0.0019231982667964687,-0.00010941616974642243,0.2296427479631273
6785,0.9972757167570191,0.000264247383490869,0.0019180224684187683,-0.00012016241861004433,0.22959680698994825
6786,0.997278359230854,0.0002834275686640685,0.0019127170544571835,-0.0001308788142430342,0.22955087519962308
6787,0.9972811935065405,0.00030255469943758626,0.0019072825905244945,-0.00014156464035236597,0.22950495258949352
6788,0.9972842190535349,0.0003216274853144365,0.0019017196504488997,-0.000152219184054555,0.22945903915689828
6789,0.997287435328388,0.0003406446415359526,0.0018960288166351247,-0.00016284173592275543,0.22941313489916396
6790,0.9972908417748034,0.00035960488916765625,0.001890210680153008,-0.00017343159003194397,0.22936723981363238
6791,0.9972944378236951,0.00037850695518585134,0.0018842658402620565,-0.0001839880440063153,0.22932135389765007
6792,0.997298222893247,0.00039734957255946774,0.0018781949043728983,-0.00019451039906151656,0.22927547714855892
6793,0.9973021963889726,0.00041613148033162455,0.0018719984881631485,-0.00020499796004579135,0.22922960956373084
6794,0.9973063577037758,0.0004348514237023366,0.0018656772154261743,-0.00021545003548821315,0.22918375114053718
6795,0.9973107062180129,0.0004535081541096624,0.001859231718242811,-0.00022586593764511106,0.22913790187634453
6796,0.997315241299554,0.0004721004293124082,0.0018526626367620837,-0.00023624498253913264,0.2290920617685319
6797,0.9973199623038471,0.0004906270134711334,0.0018459706190806667,-0.00024658649000168487,0.22904623081447936
6798,0.9973248685739818,0.0005090866772273849,0.001839156321244307,-0.0002568897837172735,0.22900040901156657
6799,0.9973299594407541,0.0005274781977832089,0.0018322204073537842,-0.0002671541912647612,0.22895459635720364
6800,0.997335234222732,0.0005458003589817976,0.0018251635491349808,-0.00027737904416220516,0.22890879284880827
6801,0.9973406922263218,0.0005640519513836091,0.0018179864259808753,-0.00028756367790718477,0.22886299848378402
6802,0.9973463327458356,0.0005822317723432237,0.0018106897252462674,-0.0002977074320172798,0.22881721325954774
6803,0.997352155063559,0.0006003386260888539,0.001803274142060528,-0.00030780965007151765,0.2287714371735245
6804,0.9973581584498199,0.0006183713238000135,0.0017957403790581482,-0.00031786967975324753,0.22872567022314597
6805,0.9973643421630579,0.0006363286836826597,0.0017880891464511694,-0.0003278868728861482,0.22867991240586347
6806,0.9973707054498947,0.0006542095310450118,0.0017803211617976704,-0.00033786058547435004,0.22863416371914108
6807,0.9973772475452052,0.0006720126983709553,0.001772437150138321,-0.00034779017774624627,0.22858842416043096
6808,0.9973839676721888,0.0006897370253948517,0.0017644378441165854,-0.00035767501419325953,0.2285426937272013
6809,0.9973908650424428,0.0007073813591775803,0.0017563239835284485,-0.0003675144636063832,0.22849697241693642
6810,0.9973979388560346,0.0007249445541780957,0.0017480963152420202,-0.00037730789911592094,0.22845126022711962
6811,0.9974051883015763,0.0007424254723241177,0.0017397555934908684,-0.00038705469822741605,0.22840555715525512
6812,0.9974126125562995,0.0007598229830857923,0.00173130257975454,-0.0003967542428613448,0.2283598631988627
6813,0.9974202107861304,0.000777135963548137,0.0017227380423928554,-0.0004064059193932944,0.2283141783554587
6814,0.9974279821457659,0.0007943632984799098,0.0017140627568761058,-0.0004160091186868958,0.22826850262256118
6815,0.9974359257787507,0.0008115038804046239,0.0017052775056455383,-0.00042556323612937024,0.22822283599770915
6816,0.9974440408175548,0.0008285566096703253,0.001696383077917237,-0.00043506767167174164,0.2281771784784462
6817,0.9974523263836514,0.0008455203945172765,0.0016873802697715042,-0.0004445218298649575,0.22813153006233708
6818,0.9974607815875967,0.0008623941511466853,0.0016782698839786425,-0.00045392511989188943,0.22808589074695898
6819,0.9974694055291081,0.0008791768037875928,0.001669052729815438,-0.00046327695560552,0.22804026052988735
6820,0.997478197297146,0.0008958672847617882,0.0016597296234405895,-0.0004725767555632759,0.22799463940869968
6821,0.9974871559699937,0.0009124645345528131,0.0016503013877503057,-0.00048182394305979625,0.22794902738099745
6822,0.9974962806153392,0.000928967501873292,0.0016407688517971466,-0.0004910179461625039,0.22790342444439324
6823,0.997505570290358,0.0009453751437264581,0.001631132851026085,-0.0005001581977440103,0.22785783059651218
6824,0.9975150240417953,0.0009616864254700735,0.0016213942272835877,-0.0005092441355134065,0.22781224583499743
6825,0.99752464090605,0.0009779003208805052,0.0016115538287853233,-0.0005182752020542148,0.22776667015749222
6826,0.9975344199092587,0.00099401581221632,0.0016016125098622293,-0.0005272508448572239,0.22772110356164635
6827,0.9975443600673809,0.0010100318902794803,0.0015915711310903347,-0.0005361705163464717,0.2276755460451261
6828,0.9975544603862837,0.0010259475544779119,0.001581430559046441,-0.000545033673913272,0.22762999760561473
6829,0.9975647198618285,0.0010417618128853552,0.0015711916662866903,-0.0005538397799483784,0.2275844582408075
6830,0.9975751374799573,0.0010574736823011895,0.0015608553315117884,-0.0005625883018736133,0.22753892794841848
6831,0.9975857122167803,0.0010730821883119415,0.001550422439089089,-0.0005712787121702038,0.2274934067261654
6832,0.9975964430386633,0.0010885863653478838,0.0015398938790544235,-0.0005799104884110047,0.22744789457176628
6833,0.9976073289023168,0.0011039852567397473,0.0015292705474266761,-0.0005884831132882704,0.2274023914829551
6834,0.9976183687548843,0.0011192779147785503,0.0015185533458597893,-0.0005969960746431247,0.22735689745749119
6835,0.997629561534032,0.0011344634007720096,0.0015077431813507926,-0.0006054488654974331,0.2273114124931438
6836,0.9976409061680398,0.0011495407850978607,0.001496840966543258,-0.0006138409840777023,0.22726593658769195
6837,0.9976524015758907,0.0011645091472604421,0.0014858476195755716,-0.0006221719338429486,0.22722046973892882
6838,0.9976640466673633,0.0011793675759454675,0.0014747640639282272,-0.0006304412235168444,0.22717501194464715
6839,0.9976758403431227,0.0011941151690736912,0.0014635912284769598,-0.0006386483671124732,0.2271295632026566
6840,0.9976877814948135,0.0012087510338546301,0.001452330047285906,-0.0006467928839559057,0.22708412351078958
6841,0.9976998690051521,0.0012232742868386291,0.0014409814592696371,-0.0006548742987163344,0.22703869286689254
6842,0.9977121017480205,0.001237684053965185,0.0014295464086179488,-0.0006628921414315816,0.22699327126881805
6843,0.9977244785885602,0.0012519794706158476,0.0014180258446920557,-0.0006708459475327678,0.22694785871443868
6844,0.9977369983832663,0.0012661596816659385,0.0014064207215153633,-0.0006787352578709086,0.22690245520162966
6845,0.997749659980083,0.0012802238415310259,0.0013947319979935782,-0.0006865596187402356,0.2268570607282764
6846,0.9977624622184983,0.0012941711142159158,0.001382960638076445,-0.0006943185818985593,0.2268116752922884
6847,0.9977754039296405,0.0013080006733650023,0.0013711076102199474,-0.0007020117045962395,0.2267662988915955
6848,0.9977884839363741,0.0013217117023072928,0.0013591738874120431,-0.0007096385496001664,0.22672093152413064
6849,0.9978017010533972,0.0013353033941018802,0.0013471604473857656,-0.0007171986852116071,0.22667557318784057
6850,0.9978150540873382,0.0013487749515851788,0.001335068272215207,-0.0007246916852912513,0.22663022388067947
6851,0.997828541836854,0.0013621255874144847,0.0013228983483523898,-0.0007321171292846562,0.2265848836006099
6852,0.9978421630927281,0.0013753545241117964,0.0013106516667733478,-0.0007394746022389539,0.22653955234562026
6853,0.9978559166379692,0.0013884609941089416,0.0012983292225994536,-0.000746763694824304,0.22649423011371742
6854,0.9978698012479104,0.0014014442397890091,0.0012859320149233647,-0.0007539840033580376,0.22644891690291305
6855,0.9978838156903083,0.0014143035135262391,0.0012734610471915736,-0.0007611351298214909,0.22640361271122983
6856,0.9978979587254435,0.001427038077729266,0.0012609173269264272,-0.0007682166818806646,0.22635831753670413
6857,0.9979122291062208,0.0014396472048822128,0.0012483018653128373,-0.0007752282729085528,0.22631303137737868
6858,0.9979266255782696,0.0014521301775811287,0.001235615677501337,-0.000782169522001079,0.22626775423131867
6859,0.9979411468800454,0.0014644862885736566,0.0012228597825361502,-0.0007890400539937191,0.2262224860966116
6860,0.9979557917429311,0.0014767148407979368,0.001210035202942562,-0.0007958394994847884,0.2261772269713526
6861,0.9979705588913391,0.0014888151474175282,0.0011971429650686153,-0.0008025674948517461,0.22613197685364236
6862,0.9979854470428133,0.0015007865318596228,0.0011841840989047954,-0.0008092236822641229,0.22608673574160007
6863,0.9980004549081319,0.001512628327851334,0.0011711596377227563,-0.0008158077097039685,0.2260415036333497
6864,0.9980155811914104,0.0015243398794526407,0.0011580706182614392,-0.0008223192309828412,0.22599628052703327
6865,0.998030824590205,0.0015359205410909653,0.0011449180806891602,-0.000828757905753697,0.2259510664208209
6866,0.9980461837956159,0.001547369677595613,0.001131703068206931,-0.0008351233995308135,0.22590586131288978
6867,0.9980616574923918,0.001558686664227984,0.0011184266271165727,-0.0008414153837044272,0.22586066520141862
6868,0.9980772443590341,0.0015698708867125683,0.001105089807018414,-0.0008476335355519145,0.22581547808460062
6869,0.9980929430679012,0.0015809217412699448,0.0010916936604498176,-0.0008537775382544706,0.22577029996064069
6870,0.9981087522853139,0.0015918386346462177,0.0010782392427554233,-0.0008598470809117279,0.22572513082775772
6871,0.9981246706716604,0.0016026209841410147,0.0010647276123062696,-0.0008658418585512437,0.22567997068419623
6872,0.9981406968815019,0.001613268217637818,0.0010511598302282658,-0.0008717615721421293,0.22563481952820996
6873,0.9981568295636782,0.0016237797736314442,0.0010375369600669482,-0.0008776059286108493,0.22558967735805882
6874,0.9981730673614145,0.0016341551012522802,0.0010238600682324975,-0.0008833746408504188,0.2255445441720102
6875,0.998189408912427,0.0016443936602949132,0.0010101302236728386,-0.0008890674277308092,0.22549941996834869
6876,0.99820585284903,0.0016544949212435117,0.0009963484975092883,-0.0008946840141133855,0.2254543047453683
6877,0.9982223977982424,0.0016644583652935475,0.0009825159633750514,-0.0009002241308598434,0.22540919850138688
6878,0.9982390423818953,0.0016742834843769875,0.000968633697347749,-0.0009056875148387258,0.22536410123473608
6879,0.9982557852167391,0.001683969781186602,0.0009547027774928392,-0.0009110739089408076,0.22531901294375514
6880,0.9982726249145509,0.0016935167691959365,0.0009407242840024383,-0.0009163830620863235,0.22527393362678802
6881,0.9982895600822429,0.0017029239726806256,0.0009266992992673639,-0.0009216147292299098,0.22522886328219394
6882,0.9983065893219697,0.001712190926740233,0.0009126289075377797,-0.0009267686713731542,0.22518380190834372
6883,0.9983237112312371,0.0017213171773169873,0.0008985141948186868,-0.000931844655573452,0.2251387495036298
6884,0.9983409244030103,0.0017303022812131933,0.0008843562490927319,-0.0009368424549471069,0.2250937060664557
6885,0.9983582274258224,0.001739145806111147,0.000870156160069158,-0.0009417618486780976,0.225048671595231
6886,0.9983756188838835,0.001747847330590307,0.0008559150188650142,-0.0009466026220266937,0.22500364608837187
6887,0.9983930973571894,0.0017564064441414368,0.0008416339184242998,-0.0009513645663328317,0.22495862954430648
6888,0.9984106614216308,0.001764822747184793,0.0008273139531818439,-0.0009560474790208361,0.22491362196147682
6889,0.9984283096491027,0.0017730958510850903,0.0008129562187190846,-0.0009606511636080552,0.22486862333834232
6890,0.9984460406076135,0.0017812253781629612,0.0007985618120532213,-0.0009651754297081965,0.22482363367337535
6891,0.9984638528613952,0.0017892109617093264,0.0007841318315271982,-0.0009696200930323576,0.22477865296505672
6892,0.9984817449710123,0.0017970522459985923,0.0007696673764234774,-0.0009739849753984163,0.224733681211871
6893,0.9984997154934723,0.0018047488862981279,0.0007551695471699413,-0.0009782699047323816,0.22468871841231122
6894,0.9985177629823353,0.0018123005488796052,0.0007406394452847895,-0.0009824747150678022,0.22464376456488716
6895,0.9985358859878241,0.001819706911030058,0.0007260781731409632,-0.0009865992465519385,0.22459881966812417
6896,0.9985540830569344,0.0018269676610602975,0.0007114868338575775,-0.0009906433454480526,0.2245538837205632
6897,0.9985723527335449,0.0018340824983124465,0.0006968665315140558,-0.0009946068641332854,0.22450895672075002
6898,0.998590693558528,0.0018410511331694252,0.0006822183707528347,-0.000998489661102556,0.22446403866723727
6899,0.9986091040698597,0.0018478732870607938,0.0006675434566554266,-0.0010022916009699964,0.22441912955858107
6900,0.9986275828027303,0.0018545486924669435,0.0006528428949743436,-0.0010060125544676512,0.22437422939335372
6901,0.998646128289655,0.0018610770929258827,0.0006381177918986843,-0.001009652398444597,0.2243293381701431
6902,0.9986647390605843,0.0018674582430375656,0.000623369253741294,-0.0010132110158698792,0.22428445588755153
6903,0.9986834136430146,0.001873691908465256,0.000608598387278371,-0.001016688295828224,0.2242395825441808
6904,0.9987021505620992,0.0018797778659399962,0.0005938062995306057,-0.0010200841335173767,0.22419471813864353
6905,0.9987209483407586,0.0018857159032631256,0.0005789940973939187,-0.0010233984302495838,0.2241498626695548
6906,0.9987398054997912,0.0018915058193050504,0.0005641628878803786,-0.001026631093448007,0.22410501613554082
6907,0.9987587205579843,0.0018971474240063442,0.0005493137780677136,-0.001029782036640776,0.2240601785352446
6908,0.9987776920322243,0.0019026405383784728,0.0005344478747834093,-0.0010328511794622335,0.22401534986732283
6909,0.9987967184376081,0.0019079849945012235,0.00051956628454735,-0.001035838447648386,0.22397053013043502
6910,0.9988157982875531,0.0019131806355196844,0.000504670113738153,-0.0010387437730291344,0.22392571932324656
6911,0.9988349300939082,0.0019182273156427975,0.0004897604683466381,-0.0010415670935268186,0.22388091744442595
6912,0.9988541123670647,0.001923124900139479,0.0004748384537417872,-0.0010443083531521155,0.22383612449265053
6913,0.9988733436160661,0.0019278732653324842,0.0004599051749450047,-0.0010469675019960422,0.22379134046661256
6914,0.9988926223487193,0.001932472298594735,0.00044496173637700344,-0.0010495444962237508,0.22374656536501994
6915,0.9989119470717053,0.0019369218983434908,0.00043000924153175496,-0.0010520392980710516,0.22370179918658548
6916,0.9989313162906888,0.0019412219740310664,0.0004150487932707333,-0.0010544518758362174,0.22365704193002345
6917,0.9989507285104291,0.00194537244613835,0.00040008149367298275,-0.0010567822038706387,0.22361229359405305
6918,0.9989701822348905,0.001949373246167188,0.00038510844372061266,-0.0010590302625751373,0.2235675541773981
6919,0.9989896759673522,0.0019532243166293112,0.0003701307433402398,-0.0010611960383905945,0.2235228236787937
6920,0.9990092082105185,0.0019569256110357133,0.0003551494915951872,-0.001063279523786206,0.2234781020969899
6921,0.9990287774666289,0.0019604770938881017,0.00034016578631617875,-0.0010652807172543937,0.22343338943074165
6922,0.9990483822375678,0.00196387874066662,0.0003251807240364085,-0.0010671996233012832,0.2233886856788044
6923,0.9990680210249744,0.0019671305378167136,0.00031019539995813875,-0.0010690362524341454,0.22334399083993964
6924,0.9990876923303526,0.001970232482735942,0.0002952109079256901,-0.0010707906211519594,0.2232993049129083
6925,0.99910739465518,0.001973184583760454,0.00028022834014884007,-0.0010724627519383067,0.2232546278964829
6926,0.9991271265010175,0.0019759868601484285,0.0002652487874094632,-0.0010740526732476432,0.22320995978944994
6927,0.999146886369619,0.001978639342065908,0.00025027333892155626,-0.0010755604194936871,0.2231653005906021
6928,0.9991666727630397,0.001981142070571185,0.00023530308198403335,-0.0010769860310378913,0.2231206502987292
6929,0.9991864841837454,0.001983495097595658,0.00022033910213924493,-0.0010783295541778712,0.2230760089126262
6930,0.9992063191347214,0.0019856984859260743,0.0002053824832386024,-0.001079591041132258,0.2230313764310888
6931,0.9992261761195806,0.001987752309187801,0.0001904343070763953,-0.0010807705500306755,0.2229867528529227
6932,0.9992460536426725,0.0019896566518241504,0.00017549565332950975,-0.0010818681449001131,0.22294213817694514
6933,0.9992659502091907,0.0019914116090752896,0.00016056759970314513,-0.0010828838956477046,0.22289753240198182
6934,0.9992858643252814,0.001993017286958461,0.00014565122175626624,-0.0010838178780484993,0.22285293552685384
6935,0.999305794498151,0.0019944738022465713,0.0001307475926936967,-0.001084670173732881,0.22280834755038398
6936,0.9993257392361735,0.0019957812824445338,0.00011585778346695844,-0.0010854408701684633,0.22276376847139648
6937,0.999345697048998,0.001996939865766884,0.00010098286258197753,-0.0010861300606441777,0.22271919828872158
6938,0.9993656664476557,0.0019979497011132054,8.612389599539985e-05,-0.0010867378442568406,0.22267463700119625
6939,0.9993856459446668,0.0019988109480427044,7.128194721560399e-05,-0.001087264325894178,0.2226300846076696
6940,0.9994056340541473,0.001999523776749659,5.645807723475213e-05,-0.0010877096162163963,0.22258554110698425
6941,0.9994256292919148,0.002000088368038375,4.165334417051761e-05,-0.0010880738316409093,0.22254100649798586
6942,0.9994456301755952,0.0020005049132942724,2.6868803266778818e-05,-0.0010883570943235948,0.22249648077951692
6943,0.9994656352247281,0.002000773614455242,1.2105507123764958e-05,-0.0010885595321402592,0.22245196395042358
6944,0.9994856429608726,0.002000894683985237,-2.6354945910529726e-06,-0.0010886812786703257,0.22240745600955855
6945,0.9995056519077125,0.0020008683448448895,-1.7353155320528474e-05,-0.0010887224731787899,0.22236295695578562
6946,0.9995256605911609,0.0020006948304604295,-3.2046431449397894e-05,-0.001088683260593827,0.2223184667879658
6947,0.9995456675394655,0.002000374384694217,-4.67142825243648e-05,-0.0010885637914873816,0.2222739855049578
6948,0.9995656712833124,0.0019999072618131506,-6.135567135790582e-05,-0.0010883642220588965,0.22222951310561767
6949,0.9995856703559306,0.0019992937264560326,-7.59695640176021e-05,-0.0010880847141132581,0.22218504958880378
6950,0.9996056632931951,0.0019985340536009975,-9.055492990133959e-05,-0.0010877254350386946,0.2221405949533795
6951,0.9996256486337312,0.0019976285285322197,-0.00010511074194226658,-0.0010872865577884385,0.22209614919821774
6952,0.9996456249190164,0.0019965774468045025,-0.00011963597654388036,-0.0010867682608580002,0.22205171232219192
6953,0.9996655906934845,0.0019953811142086014,-0.00013412961352769065,-0.0010861707282628496,0.2220072843241686
6954,0.9996855445046265,0.0019940398467370927,-0.00014859063638149317,-0.0010854941495171324,0.22196286520301128
6955,0.999705484903094,0.0019925539705476494,-0.000163018032517271,-0.0010847387196112944,0.2219184549575839
6956,0.9997254104427994,0.0019909238219237915,-0.00017741079303112625,-0.0010839046389875392,0.2218740535867498
6957,0.9997453196810187,0.001989149747238098,-0.0001917679127270977,-0.0010829921135178824,0.22182966108938088
6958,0.999765211178491,0.0019872321029151085,-0.00020608839038311136,-0.0010820013544823683,0.22178527746435195
6959,0.9997850834995202,0.0019851712553914753,-0.00022037122873377196,-0.0010809325785434989,0.22174090271053207
6960,0.9998049352120741,0.0019829675810765527,-0.00023461543466631735,-0.0010797860077192225,0.22169653682678475
6961,0.9998247648878849,0.0019806214663108256,-0.00024882001917655647,-0.0010785618693613076,0.22165217981196805
6962,0.999844571102548,0.001978133307324688,-0.00026298399743671444,-0.0010772603961314697,0.22160783166494283
6963,0.9998643524356212,0.0019755035101968253,-0.0002771063887969591,-0.0010758818259740887,0.22156349238457493
6964,0.9998841074707232,0.001972732490812435,-0.000291186216975093,-0.001074426402091335,0.2215191619697327
6965,0.9999038347956313,0.0019698206748194687,-0.00030522251015893676,-0.001072894372915501,0.22147484041927862
6966,0.9999235330023795,0.0019667684975839795,-0.00031921430091336536,-0.001071285992083573,0.22143052773207123
6967,0.9999432006873553,0.00196357640414626,-0.00033316062624256723,-0.0010696015184105292,0.22138622390696183
6968,0.9999628364513968,0.001960244849176568,-0.000347060527829254,-0.001067841215863222,0.2213419289428038
6969,0.9999824388998886,0.0019567742969282278,-0.0003609130520857481,-0.0010660053535316947,0.22129764283845174
6970,1.0000020066428579,0.0019531652211904507,-0.0003747172500697619,-0.0010640942056006804,0.22125336559276204
6971,1.0000215382950697,0.001949418105241845,-0.00038847217749523114,-0.0010621080513231972,0.22120909720458637
6972,1.0000410324761222,0.001945533441803712,-0.000402176894954585,-0.0010600471749925783,0.22116483767277045
6973,1.0000604878105401,0.0019415117329914405,-0.00041583046794345727,-0.001057911865911787,0.22112058699615308
6974,1.00007990292787,0.0019373534902653658,-0.00042943196712188353,-0.0010557024183640205,0.22107634517356956
6975,1.0000992764627725,0.0019330592343791701,-0.000442980468106707,-0.0010534191315848844,0.22103211220385227
6976,1.0001186070551162,0.001928629495330285,-0.00045647505149530067,-0.0010510623097337829,0.22098788808584124
6977,1.0001378933500695,0.001924064812310057,-0.0004699148029793654,-0.0010486322618623457,0.22094367281836927
6978,1.0001571339981927,0.0019193657336529087,-0.0004832988135568088,-0.001046129301884389,0.2208994664002624
6979,1.0001763276555293,0.0019145328167831125,-0.0004966261795994343,-0.0010435537485425595,0.2208552688303381
6980,1.0001954729836973,0.001909566628161214,-0.000509896002715499,-0.001040905925379944,0.2208110801074079
6981,1.0002145686499788,0.0019044677432315282,-0.0005231073898521229,-0.0010381861607096944,0.22076690023027906
6982,1.0002336133274112,0.0018992367463688594,-0.0005362594534655957,-0.001035394787583353,0.22072272919776717
6983,1.0002526056948748,0.0018938742308232824,-0.0005493513115315245,-0.0010325321437571968,0.220678567008682
6984,1.000271544437183,0.001888380798665056,-0.0005623820875801187,-0.0010295985716594375,0.22063441366182507
6985,1.0002904282451697,0.0018827570607290272,-0.0005753509107260264,-0.0010265944183598626,0.22059026915598834
6986,1.000309255815777,0.0018770036365587316,-0.0005882569157660868,-0.0010235200355370108,0.22054613348995902
6987,1.0003280258521425,0.001871121154349709,-0.0006010992432803342,-0.0010203757794438842,0.22050200666251737
6988,1.000346737063686,0.0018651102508915258,-0.0006138770397714263,-0.0010171620108749581,0.22045788867244526
6989,1.000365388166195,0.0018589715715086163,-0.0006265894575028987,-0.0010138790951327943,0.2204137795185238
6990,1.00038397788191,0.0018527057700026427,-0.0006392356545163475,-0.0010105274019945587,0.2203696791995276
6991,1.00040250493961,0.0018463135085947265,-0.0006518147948381906,-0.001007107305677477,0.22032558771421706
6992,1.0004209680746958,0.0018397954578655723,-0.0006643260485979501,-0.0010036191848037867,0.22028150506134742
6993,1.0004393660292745,0.0018331522966945043,-0.0006767685921380429,-0.0010000634223646192,0.22023743123966463
6994,1.0004576975522415,0.0018263847121972217,-0.0006891416077326427,-0.0009964404056872476,0.22019336624791022
6995,1.0004759613993635,0.0018194933996665342,-0.000701444283850378,-0.0009927505264008232,0.2201493100848294
6996,1.00049415633336,0.0018124790625105006,-0.0007136758150644556,-0.0009889941803994462,0.2201052627491621
6997,1.000512281123985,0.0018053424121911934,-0.0007258354024299984,-0.0009851717678053431,0.22006122423963428
6998,1.000530334548107,0.0017980841681599772,-0.0007379222532915772,-0.0009812836929315766,0.22001719455496038
6999,1.0005483153897885,0.0017907050577946582,-0.0007499355813939037,-0.0009773303642494763,0.21997317369385005
7000,1.0005662224403664,0.00178320581633542,-0.0007618746068128318,-0.000973312194350249,0.2199291616550041
7001,1.0005840544985298,0.0017755871868214816,-0.0007737385562659512,-0.0009692295999099985,0.21988515843712766
7002,1.000601810370398,0.0017678499200247395,-0.0007855266629193652,-0.0009650830016488867,0.2198411640389156
7003,1.0006194888695983,0.0017599947743852703,-0.0007972381665262516,-0.0009608728242960331,0.21979717845906094
7004,1.0006370888173421,0.0017520225159453745,-0.0008088723133426942,-0.0009565994965513295,0.21975320169623547
7005,1.0006546090425017,0.0017439339182846075,-0.000820428356418882,-0.0009522634510492021,0.21970923374911266
7006,1.0006720483816844,0.001735729762451859,-0.0008319055554917645,-0.0009478651243175571,0.21966527461634597
7007,1.000689405679309,0.0017274108368984472,-0.0008433031772862691,-0.0009434049567419962,0.219621324296601
7008,1.000706679787678,0.001718977937408196,-0.0008546204951532556,-0.0009388833925264801,0.21957738278852096
7009,1.0007238695670522,0.0017104318670312837,-0.0008658567891875035,-0.0009343008796564373,0.21953345009076353
7010,1.0007409738857225,0.001701773436016699,-0.0008770113463993281,-0.0009296578698571023,0.21948952620195025
7011,1.0007579916200826,0.0016930034617430793,-0.0008880834609463224,-0.0009249548185559085,0.21944561112071645
7012,1.0007749216547,0.0016841227686472354,-0.0008990724340319362,-0.0009201921848397618,0.2194017048456599
7013,1.0007917628823864,0.0016751321881537645,-0.0009099775737252819,-0.0009153704314199047,0.2193578073754012
7014,1.000808514204268,0.0016660325586064,-0.0009207981951759973,-0.0009104900245920474,0.2193139187085314
7015,1.000825174529854,0.0016568247251970557,-0.0009315336206570067,-0.0009055514341953957,0.21927003884366358
7016,1.000841742777106,0.0016475095398947289,-0.0009421831796340395,-0.000900555133569726,0.21922616777936826
7017,1.000858217872505,0.0016380878613734137,-0.0009527462088584036,-0.0008955015995159971,0.2191823055142324
7018,1.0008745987511187,0.001628560554939427,-0.0009632220522521814,-0.0008903913122583671,0.2191384520468068
7019,1.0008908843566682,0.0016189284924595982,-0.0009736100609912621,-0.0008852247554021017,0.21909460737565714
7020,1.0009070736415928,0.0016091925522887093,-0.0009839095935654848,-0.000880002415892505,0.2190507714993305
7021,1.0009231655671158,0.0015993536191964235,-0.0009941200160218117,-0.0008747247839734127,0.21900694441638185
7022,1.0009391591033077,0.0015894125842916315,-0.0010042407015742588,-0.0008693923531449109,0.21896312612534183
7023,1.0009550532291507,0.0015793703449507555,-0.0010142710308980694,-0.0008640056201234934,0.21891931662473815
7024,1.0009708469326002,0.001569227804743304,-0.0010242103920742474,-0.0008585650848001406,0.2188755159130855
7025,1.0009865392106476,0.001558985873357555,-0.001034058181025154,-0.0008530712501983092,0.21883172398888384
7026,1.0010021290693811,0.0015486454665223936,-0.0010438138010960673,-0.000847524622429209,0.21878794085063769
7027,1.0010176155240464,0.001538207505932858,-0.0010534766632077763,-0.0008419257106542513,0.21874416649683615
7028,1.0010329975991057,0.001527672919174538,-0.0010630461856895451,-0.0008362750270404994,0.21870040092597468
7029,1.0010482743282973,0.0015170426396494186,-0.0010725217946119803,-0.000830573086719158,0.21865664413651603
7030,1.0010634447546938,0.0015063176064984021,-0.0010819029237501155,-0.0008248204077379435,0.2186128961269307
7031,1.0010785079307587,0.0014954987645243913,-0.0010911890147633028,-0.000819017511022477,0.21856915689565778
7032,1.0010934629184038,0.0014845870641133475,-0.001100379516988572,-0.0008131649203324403,0.21852542644114664
7033,1.0011083087890449,0.0014735834611575278,-0.0011094738873615104,-0.0008072631622211059,0.21848170476182996
7034,1.0011230446236565,0.0014624889169795468,-0.0011184715907256587,-0.0008013127659891802,0.2184379918561493
7035,1.0011376695128262,0.0014513043982531631,-0.0011273720998085292,-0.0007953142636417471,0.21839428772251915
7036,1.0011521825568088,0.0014400308769245476,-0.0011361748953303292,-0.0007892681898426356,0.2183505923593473
7037,1.001166582865578,0.0014286693301323436,-0.0011448794656057897,-0.0007831750818730057,0.21830690576503103
7038,1.0011808695588793,0.0014172207401317101,-0.0011534853071087838,-0.0007770354795893629,0.21826322793795305
7039,1.0011950417662807,0.0014056860942126305,-0.0011619919242199066,-0.0007708499253768519,0.21821955887649921
7040,1.0012090986272228,0.0013940663846209508,-0.0011703988293953332,-0.0007646189641053416,0.21817589857904307
7041,1.001223039291069,0.0013823626084776574,-0.001178705542919196,-0.0007583431430839435,0.21813224704395914
7042,1.0012368629171537,0.001370575767700386,-0.0011869115931429502,-0.0007520230120217168,0.21808860426959556
7043,1.0012505686748308,0.001358706868922979,-0.0011950165165425589,-0.0007456591229777146,0.2180449702543032
7044,1.00126415574352,0.0013467569234140633,-0.0012030198576152163,-0.0007392520303189074,0.21800134499640741
7045,1.001277623312754,0.001334726946996978,-0.0012109211692712483,-0.0007328022906739413,0.217957728494239
7046,1.001290970582224,0.0013226179599654642,-0.0012187200123101385,-0.0007263104628915288,0.21791412074611463
7047,1.0013041967618237,0.001310430987004947,-0.0012264159556258855,-0.0007197771079937256,0.21787052175035226
7048,1.0013173010716938,0.0012981670571114586,-0.0012340085761242993,-0.0007132027891303497,0.21782693150525329
7049,1.001330282742265,0.001285827203511558,-0.001241497459283725,-0.0007065880715353181,0.21778335000910698
7050,1.0013431410143,0.00127341246357661,-0.0012488821987885305,-0.0006999335224769235,0.21773977726019103
7051,1.001355875138936,0.0012609238787407002,-0.0012561623963705613,-0.00069323971121833,0.21769621325677013
7052,1.0013684843777233,0.0012483624944201529,-0.001263337662160283,-0.0006865072089711551,0.2176526579971119
7053,1.0013809680026675,0.0012357293599296107,-0.0012704076145269704,-0.0006797365888518051,0.21760911147947473
7054,1.0013933252962668,0.0012230255283995507,-0.001277371880152138,-0.0006729284258296869,0.2175655737021105
7055,1.0014055555515509,0.0012102520566931382,-0.0012842300939058197,-0.0006660832966848588,0.21752204466325226
7056,1.0014176580721177,0.0011974100053243877,-0.0012909818991884564,-0.0006592017799649346,0.21747852436112836
7057,1.001429632172171,0.0011845004383728998,-0.0012976269476128698,-0.0006522844559360034,0.21743501279395264
7058,1.0014414771765547,0.001171524423401652,-0.0013041648991400298,-0.0006453319065385793,0.21739150995993226
7059,1.0014531924207888,0.0011584830313735518,-0.0013105954223219425,-0.0006383447153413223,0.21734801585727817
7060,1.0014647772511025,0.0011453773365655254,-0.001316918194062813,-0.0006313234674969947,0.2173045304841853
7061,1.0014762310244683,0.0011322084164849242,-0.0013231328994861048,-0.0006242687496929296,0.21726105383884425
7062,1.0014875531086331,0.0011189773517874188,-0.0013292392320879854,-0.0006171811501085046,0.21721758591942744
7063,1.001498742882151,0.0011056852261932158,-0.001335236894116727,-0.000610061258368319,0.21717412672410363
7064,1.001509799734413,0.0010923331263994792,-0.0013411255962652267,-0.0006029096654932068,0.21713067625102583
7065,1.0015207230656769,0.0010789221419960414,-0.0013469050575074751,-0.0005957269638564765,0.217087234498347
7066,1.001531512287097,0.0010654533653824173,-0.0013525750052752108,-0.0005885137471400195,0.21704380146421667
7067,1.0015421668207507,0.00105192789168332,-0.0013581351754864655,-0.000581270610287324,0.2170003771467719
7068,1.0015526860996675,0.0010383468186637437,-0.0013635853125425808,-0.0005739981494527006,0.2169569615441414
7069,1.0015630695678541,0.0010247112466441274,-0.0013689251694438184,-0.000566696961957686,0.21691355465443476
7070,1.0015733166803205,0.0010110222784144101,-0.0013741545078082076,-0.0005593676462472447,0.21687015647576344
7071,1.0015834269031045,0.0009972810191477232,-0.0013792730976559201,-0.0005520108018422779,0.2168267670062241
7072,1.001593399713296,0.0009834885763165538,-0.0013842807173918177,-0.0005446270292932553,0.21678338624391824
7073,1.001603234599059,0.0009696460596087413,-0.0013891771540767376,-0.0005372169301341061,0.21674001418693797
7074,1.001612931059655,0.0009557545808410343,-0.0013939622033833131,-0.0005297811068345922,0.2166966508333624
7075,1.0016224886054634,0.0009418152538727436,-0.001398635669400258,-0.000522320162753405,0.21665329618126247
7076,1.0016319067580022,0.0009278291945218661,-0.0014031973646574849,-0.0005148347020943192,0.21660995022869514
7077,1.0016411850499474,0.0009137975204804542,-0.0014076471104516918,-0.0005073253298609094,0.21656661297371685
7078,1.0016503230251521,0.0008997213512269984,-0.0014119847367255554,-0.0004997926518075093,0.2165232844143763
7079,1.0016593202386643,0.0008856018079400546,-0.001416210081853198,-0.0004922372743929969,0.21647996454872237
7080,1.0016681762567436,0.0008714400134137716,-0.0014203229926682426,-0.0004846598047368548,0.2164366533747966
7081,1.0016768906568778,0.0008572370919734374,-0.0014243233246186713,-0.0004770608505733647,0.21639335089062614
7082,1.0016854630277976,0.000842994169389187,-0.001428210941672903,-0.0004694410202017098,0.21635005709423435
7083,1.0016938929694914,0.0008287123727909095,-0.001431985716414336,-0.00046180092244030855,0.21630677198362477
7084,1.0017021800932193,0.0008143928305820418,-0.0014356475301319184,-0.0004541411665831305,0.21626349555680868
7085,1.001710324021525,0.0008000366723525269,-0.0014391962725827717,-0.00044646236235390004,0.21622022781178532
7086,1.0017183243882486,0.0007856450287940488,-0.0014426318418737667,-0.000438765119858532,0.21617696874655673
7087,1.0017261808385365,0.0007712190316166821,-0.0014459541447059627,-0.00043105004954006984,0.21613371835911593
7088,1.0017338930288526,0.0007567598134627872,-0.0014491630966317675,-0.00042331776213165085,0.21609047664743855
7089,1.0017414606269872,0.0007422685078186502,-0.0014522586216663292,-0.00041556886860908164,0.21604724360950026
7090,1.0017488833120654,0.0007277462489296477,-0.001455240652171127,-0.00040780398014731106,0.21600401924326024
7091,1.0017561607745546,0.0007131941717169661,-0.0014581091291339648,-0.00040002370807665585,0.21596080354668612
7092,1.0017632927162718,0.0006986134116912579,-0.0014608640021760572,-0.00039222866383481535,0.21591759651773992
7093,1.0017702788503888,0.0006840051048662807,-0.0014635052293026458,-0.00038441945891746224,0.2158743981543759
7094,1.0017771189014375,0.0006693703876750616,-0.001466032776998999,-0.00037659670483611486,0.21583120845454146
7095,1.0017838126053142,0.0006547103968851343,-0.0014684466204162349,-0.0003687610130744819,0.2157880274161721
7096,1.001790359709283,0.000640026269511866,-0.0014707467431474474,-0.00036091299504019387,0.21574485503720647
7097,1.0017967599719781,0.0006253191427339397,-0.0014729331372747862,-0.0003530532620186862,0.2157016913155648
7098,1.0018030131634055,0.0006105901538085694,-0.0014750058034832371,-0.0003451824251305447,0.2156585362491801
7099,1.0018091190649436,0.0005958404399854896,-0.001476964750955572,-0.000337301095285569,0.21561538983598047
7100,1.0018150774693435,0.0005810711384218218,-0.0014788099970665207,-0.00032940988313516945,0.21557225207387593
7101,1.0018208881807278,0.0005662833861002494,-0.001480541567599452,-0.0003215093990293015,0.21552912296078625
7102,1.0018265510145887,0.000551478319744978,-0.0014821594970959584,-0.0003136002529709693,0.21548600249460562
7103,1.0018320657977862,0.0005366570757340338,-0.0014836638285266887,-0.00030568305456967973,0.21544289067323905
7104,1.0018374323685435,0.0005218207900150384,-0.0014850546131060403,-0.0002977584129971947,0.2153997874945752
7105,1.0018426505764437,0.0005069705980227491,-0.0014863319104395866,-0.0002898269369465911,0.21535669295651372
7106,1.0018477202824239,0.0004921076345951495,-0.0014874957886565148,-0.0002818892345859942,0.21531360705695116
7107,1.0018526413587698,0.00047723303388819523,-0.0014885463241913499,-0.00027394591350942576,0.21527052979376615
7108,1.0018574136891087,0.0004623479292927629,-0.0014894836017390468,-0.00026599758069489085,0.21522746116484356
7109,1.0018620371684017,0.00044745345335203327,-0.0014903077145551782,-0.00025804484246230404,0.2151844011680507
7110,1.0018665117029353,0.00043255073767590785,-0.0014910187640778403,-0.00025008830442803853,0.2151413498012635
7111,1.001870837210312,0.0004176409128591474,-0.0014916168600000363,-0.00024212857145890034,0.21509830706235109
7112,1.0018750136194405,0.000402725108398833,-0.0014921021203558754,-0.00023416624763011187,0.21505527294917912
7113,1.0018790408705245,0.000387804452610955,-0.0014924746715142228,-0.00022620193618219084,0.21501224745962674
7114,1.0018829189150507,0.00037288007254703584,-0.0014927346481164437,-0.0002182362394734779,0.21496923059154022
7115,1.0018866477157762,0.0003579530939114252,-0.0014928821927845176,-0.0002102697589401779,0.21492622234278252
7116,1.0018902272467154,0.00034302464098150793,-0.001492917456609598,-0.0002023030950524109,0.21488322271120325
7117,1.0018936574931252,0.0003280958365229293,-0.001492840598984141,-0.00019433684726975197,0.21484023169465197
7118,1.0018969384514904,0.00031316780170670514,-0.0014926517872771903,-0.00018637161399757575,0.21479724929099003
7119,1.0019000701295075,0.00029824165602935175,-0.0014923511969338298,-0.00017840799254419384,0.21475427549805803
7120,1.001903052546068,0.00028331851723213366,-0.0014919390115088996,-0.00017044657908144159,0.2147113103137184
7121,1.0019058857312402,0.0002683995012200172,-0.0014914154228432561,-0.00016248796859643613,0.21466835373580392
7122,1.0019085697262524,0.00025348572197869825,-0.001490780630661046,-0.0001545327548495358,0.2146254057621535
7123,1.001911104583472,0.0002385782914958509,-0.001490034842943378,-0.00014658153033528972,0.21458246639060563
7124,1.001913490366387,0.0002236783196786309,-0.0014891782757590194,-0.00013863488623951027,0.21453953561899156
7125,1.001915727149584,0.0002087869142726216,-0.0014882111529517785,-0.00013069341239673628,0.21449661344516557
7126,1.0019178150187267,0.00019390518078416164,-0.0014871337063512423,-0.000122757697245631,0.2144536998669538
7127,1.0019197540705345,0.00017903422240050714,-0.0014859461757661208,-0.00011482832779119893,0.21441079488219872
7128,1.0019215444127585,0.0001641751399100046,-0.0014846488090917965,-0.00010690588955884005,0.21436789848873128
7129,1.0019231861641575,0.00014932903162125284,-0.0014832418619436913,-9.89909665536737e-05,0.21432501068436896
7130,1.0019246794544738,0.0001344969932858178,-0.0014817255976694802,-9.10841412227039e-05,0.21428213146695202
7131,1.0019260244244066,0.00011968011802104913,-0.0014801002877974617,-8.318599441170974e-05,0.21423926083430164
7132,1.0019272212255868,0.00010487949622811356,-0.00147836621155935,-7.529710532395552e-05,0.2141963987842635
7133,1.001928270020549,9.009621551505701e-05,-0.0014765236558273226,-6.74180514774354e-05,0.21415354531466527
7134,1.001929170982704,7.533136062037368e-05,-0.0014745729153013965,-5.95494086678848e-05,0.21411070042333155
7135,1.0019299242963102,6.058601333476513e-05,-0.0014725142924175301,-5.169175092874026e-05,0.2140678641081058
7136,1.0019305301564436,4.586125242367321e-05,-0.0014703480973417048,-4.384565048527166e-05,0.21402503636679823
7137,1.0019309887689678,3.115815355008956e-05,-0.001468074647701782,-3.6011677718662085e-05,0.21398221719724747
7138,1.0019313003505033,1.647778919983461e-05,-0.0014656942690072488,-2.8190401127141112e-05,0.2139394065972843
7139,1.0019314651283953,1.8212286028166997e-06,-0.001463207294243993,-2.0382387284170515e-05,0.2138966045647432
7140,1.0019314833406814,-1.2810462341719564e-05,-0.0014606140637371192,-1.2588200799369957e-05,0.21385381109746426
7141,1.001931355236058,-2.7416221138676767e-05,-0.0014579149255072442,-4.808404278820877e-06,0.21381102619326572
7142,1.0019310810738467,-4.199498877401007e-05,-0.0014551102351126252,2.9564417110890007e-06,0.21376824984999207
7143,1.001930661123959,-5.654570979011117e-05,-0.0014522003557280976,1.070577868748916e-05,0.21372548206546663
7144,1.001930095666861,-7.106733236194045e-05,-0.0014491856576012907,1.843905028610741e-05,0.21368272283751877
7145,1.0019293849935376,-8.555880836779455e-05,-0.001446066518398213,2.6155702297729055e-05,0.21363997216400277
7146,1.0019285294054538,-0.00010001909346354529,-0.0014428433233453105,3.385518271043329e-05,0.21359723004274775
7147,1.001927529214519,-0.00011444714715811634,-0.0014395164647249578,4.1536941746878055e-05,0.21355449647160646
7148,1.0019263847430475,-0.00012884193288416492,-0.001436086342133492,4.920043190384906e-05,0.2135117714484071
7149,1.0019250963237187,-0.00014320241807114784,-0.0014325533624960749,5.6845107983956536e-05,0.21346905497099164
7150,1.001923664299538,-0.0001575275742185894,-0.001428917939868317,6.44704271361991e-05,0.21342634703721225
7151,1.0019220890237956,-0.00017181637696752768,-0.0014251804955185362,7.207584889562598e-05,0.2133836476449005
7152,1.001920370860026,-0.00018606780617247816,-0.0014213414576706382,7.966083521517571e-05,0.21334095679192577
7153,1.0019185101819643,-0.00020028084597107824,-0.0014174012618163102,8.722485050489248e-05,0.21329827447613728
7154,1.0019165073735046,-0.00021445448485675082,-0.001413360350351545,9.476736166927116e-05,0.21325560069538835
7155,1.001914362828656,-0.00022858771574773036,-0.0014092191724962252,0.00010228783814182819,0.21321293544753972
7156,1.0019120769514984,-0.00024267953605538328,-0.001404978184643414,0.00010978575192230074,0.21317027873043787
7157,1.001909650156138,-0.0002567289477557229,-0.0014006378500473087,0.00011726057760977903,0.21312763054195832
7158,1.0019070828666605,-0.00027073495745831,-0.001396198638857443,0.00012471179244195947,0.21308499087996202
7159,1.001904375517086,-0.00028469657647499597,-0.0013916610278442033,0.00013213887632710063,0.21304235974231994
7160,1.0019015285513213,-0.000298612820886231,-0.0013870255006315072,0.0001395413118777696,0.21299973712691816
7161,1.0018985424231124,-0.0003124827116095555,-0.001382292547774935,0.00014691858444980182,0.2129571230316179
7162,1.0018954175959962,-0.0003263052744689275,-0.0013774626662516878,0.00015427018217436362,0.21291451745430517
7163,1.0018921545432515,-0.0003400795402589323,-0.0013725363597690064,0.00016159559599288701,0.21287192039285183
7164,1.001888753747849,-0.0003538045448121554,-0.0013675141386990867,0.0001688943196881015,0.2128293318451453
7165,1.0018852157024007,-0.00036747932906565015,-0.0013623965198067303,0.00017616584992028288,0.2127867518090902
7166,1.0018815409091102,-0.00038110293912505867,-0.0013571840264000007,0.0001834096862626416,0.21274418028256506
7167,1.001877729879719,-0.0003946744263299361,-0.0013518771881506817,0.0001906253312293692,0.21270161726348338
7168,1.0018737831354556,-0.0004081928473174001,-0.001346476541314401,0.00019781229031173042,0.21265906274974183
7169,1.0018697012069824,-0.00042165726408807105,-0.0013409826284707313,0.00020497007201085205,0.21261651673923684
7170,1.0018654846343416,-0.000435066744069099,-0.0013353959983388982,0.00021209818786740748,0.2125739792298843
7171,1.0018611339669008,-0.00044842036017574057,-0.0013297172061481647,0.00021919615249540162,0.21253145021959155
7172,1.001856649763299,-0.0004617171908763788,-0.0013239468132474584,0.00022626348361239718,0.21248892970629454
7173,1.0018520325913902,-0.0004749563202537045,-0.0013180853870440852,0.00023329970207400648,0.21244641768791866
7174,1.0018472830281877,-0.000488136838065386,-0.00131213350104702,0.00024030433190320365,0.21240391416238574
7175,1.001842401659807,-0.0005012578398050214,-0.001306091734866433,0.0002472769003192549,0.21236141912764425
7176,1.001837389081409,-0.0005143184267630908,-0.0012999606742370492,0.0002542169377729248,0.21231893258161819
7177,1.0018322458971414,-0.0005273177060882803,-0.0012937409106736917,0.00026112397797362633,0.21227645452225155
7178,1.0018269727200806,-0.0005402547908452994,-0.001287433041663043,0.0002679975579188013,0.21223398494749818
7179,1.0018215701721722,-0.0005531288000745515,-0.0012810376706864218,0.00027483721792433255,0.21219152385531417
7180,1.0018160388841715,-0.0005659388588520377,-0.0012745554068340154,0.0002816425016545976,0.2121490712436719
7181,1.001810379495583,-0.0005786840983454467,-0.0012679868649720285,0.0002884129561527754,0.21210662711052264
7182,1.0018045926545995,-0.0005913636558720747,-0.0012613326656919733,0.00029514813186645906,0.21206419145384328
7183,1.0017986790180409,-0.0006039766749558663,-0.001254593435269435,0.00030184758267845057,0.21202176427160915
7184,1.0017926392512913,-0.000616522305384315,-0.0012477698055878917,0.00030851086593633,0.21197934556178977
7185,1.0017864740282374,-0.0006289997032646019,-0.0012408624138436153,0.0003151375424767649,0.21193693532238456
7186,1.0017801840312048,-0.0006414080310766964,-0.0012338719029571146,0.000321727176655005,0.21189453355138882
7187,1.0017737699508942,-0.0006537464577304996,-0.0012267989212508832,0.0003282793363723934,0.2118521402468051
7188,1.001767232486317,-0.0006660141586199742,-0.0012196441222799698,0.0003347935931037053,0.21180975540664052
7189,1.0017605723447307,-0.0006782103156753901,-0.0012124081650103985,0.00034126952192377596,0.21176737902889217
7190,1.0017537902415738,-0.0006903341174174964,-0.0012050917137073052,0.0003477067015308696,0.2117250111115901
7191,1.0017468869003996,-0.0007023847590104944,-0.00119769543779446,0.00035410471427770794,0.21168265165275135
7192,1.0017398630528094,-0.0007143614423135145,-0.0011902200117878828,0.00036046314619503594,0.21164030065040323
7193,1.0017327194383863,-0.0007262633759316541,-0.0011826661152406675,0.0003667815870154778,0.2115979581025984
7194,1.001725456804627,-0.0007380897752663002,-0.001175034432888268,0.00037305963020101254,0.2115556240073734
7195,1.0017180759068742,-0.0007498398625669663,-0.0011673256543835286,0.0003792968729676083,0.21151329836278107
7196,1.0017105775082487,-0.0007615128669804029,-0.0011595404742164271,0.0003854929163088279,0.21147098116687177
7197,1.0017029623795788,-0.0007731080245990137,-0.001151679591846434,0.0003916473650196758,0.21142867241770322
7198,1.0016952312993328,-0.0007846245785105393,-0.0011437437115511748,0.00039775982772022957,0.21138637211335568
7199,1.0016873850535477,-0.0007960617788462688,-0.001135733542324672,0.00040382991688155486,0.21134408025189938
7200,1.0016794244357592,-0.0008074188828280019,-0.001127649797728965,0.0004098572488470215,0.2113017968314201
7201,1.001671350246931,-0.0008186951548140208,-0.0011194931960443197,0.00041584144385461085,0.2112595218500158
7202,1.0016631632953827,-0.0008298898663460518,-0.0011112644601474382,0.0004217821260615598,0.2112172553057736
7203,1.0016548643967194,-0.0008410022961952881,-0.0011029643172883385,0.00042767892356599784,0.2111749971967961
7204,1.0016464543737573,-0.0008520317304060768,-0.0010945934991973957,0.00043353146842838285,0.21113274752118605
7205,1.0016379340564532,-0.000862977462340807,-0.0010861527420861269,0.00043933939669180486,0.21109050627706347
7206,1.0016293042818298,-0.0008738387927246076,-0.0010776427864145994,0.00044510234840539466,0.21104827346256175
7207,1.0016205658939026,-0.0008846150296878935,-0.001069064376910964,0.0004508199676449057,0.2110060490758005
7208,1.0016117197436056,-0.0008953054888089769,-0.0010604182624707973,0.00045649190253137863,0.2109638331149267
7209,1.0016027666887175,-0.0009059094931557936,-0.0010517051961838947,0.00046211780525288006,0.21092162557808417
7210,1.001593707593786,-0.0009164263733278152,-0.0010429259352742314,0.00046769733208542344,0.2108794264634145
7211,1.0015845433300528,-0.0009268554674973593,-0.0010340812408085858,0.00047323014341083604,0.21083723576907912
7212,1.0015752747753779,-0.0009371961214480572,-0.0010251718779021816,0.0004787159037366607,0.21079505349324576
7213,1.0015659028141635,-0.0009474476886152396,-0.001016198615571241,0.0004841542817145908,0.21075287963409683
7214,1.0015564283372773,-0.0009576095301249601,-0.0010071622266184278,0.0004895449501600097,0.21071071418981557
7215,1.0015468522419761,-0.0009676810148319421,-0.0009980634876071304,0.0004948875860705216,0.21066855715857913
7216,1.0015371754318279,-0.0009776615193571407,-0.0009889031788844205,0.0005001818706411637,0.2106264085385915
7217,1.0015273988166342,-0.0009875504281254908,-0.0009796820843842053,0.0005054274892845213,0.2105842683280511
7218,1.001517523312353,-0.0009973471334018117,-0.0009704009915949795,0.0005106241316473183,0.21054213652515646
7219,1.001507549841019,-0.0010070510353263412,-0.0009610606914734181,0.0005157714916266775,0.2105000131281339
7220,1.001497479330666,-0.0010166615419494145,-0.0009516619784736939,0.0005208692673868689,0.21045789813521132
7221,1.0014873127152464,-0.0010261780692664235,-0.0009422056504704898,0.0005259171613765831,0.21041579154462264
7222,1.0014770509345536,-0.0010356000412519828,-0.0009326925085733229,0.000530914880343414,0.2103736933546006
7223,1.001466694934141,-0.0010449268898922858,-0.0009231233571617772,0.0005358621353494766,0.21033160356338623
7224,1.0014562456652423,-0.0010541580552177665,-0.0009134990038108231,0.0005407586417861326,0.21028952216923769
7225,1.00144570408469,-0.0010632929853351602,-0.0009038202593014254,0.000545604119389728,0.21024744917040833
7226,1.0014350711548368,-0.001072331136459367,-0.0008940879373940495,0.0005503982922561285,0.21020538456516405
7227,1.0014243478434721,-0.0010812719729433556,-0.0008843028548810323,0.000555140888853403,0.21016332835179108
7228,1.0014135351237428,-0.00109011496730844,-0.0008744658314308474,0.0005598316420363774,0.21012128052857215
7229,1.0014026339740696,-0.0010988596002729468,-0.0008645776895973688,0.0005644702890599607,0.21007924109379456
7230,1.001391645378067,-0.0011075053607812167,-0.0008546392547114073,0.0005690565715931736,0.21003721004574777
7231,1.0013805703244592,-0.0011160517460312212,-0.0008446513548571438,0.000573590235730133,0.20999518738273446
7232,1.0013694098069987,-0.0011244982615022177,-0.0008346148207937464,0.0005780710320034794,0.20995317310307088
7233,1.0013581648243837,-0.0011328444209812384,-0.0008245304857890448,0.0005824987153953183,0.2099111672050702
7234,1.0013468363801739,-0.0011410897465884131,-0.0008143991857155301,0.0005868730453495443,0.2098691696870605
7235,1.001335425482708,-0.0011492337688029713,-0.000804221758965622,0.0005911937857826391,0.20982718054738453
7236,1.00132393314502,-0.0011572760264881793,-0.000793999046328096,0.0005954607050949678,0.20978519978437576
7237,1.0013123603847551,-0.001165216066915586,-0.0007837318908788648,0.0005996735761812854,0.2097432273963769
7238,1.001300708224086,-0.0011730534457877716,-0.0007734211379207059,0.0006038321764396478,0.20970126338173867
7239,1.001288977689628,-0.0011807877272605504,-0.0007630676349577609,0.0006079362877828798,0.20965930773882352
7240,1.0012771698123555,-0.0011884184839649741,-0.0007526722316961772,0.0006119856966481678,0.20961736046600418
7241,1.001265285627516,-0.00119594529702941,-0.0007422357798701588,0.0006159801940056758,0.20957542156165093
7242,1.0012533261745455,-0.001203367756099747,-0.0007317591332400147,0.0006199195753667312,0.20953349102414556
7243,1.0012412924969845,-0.0012106854593595731,-0.0007212431474855688,0.0006238036407920588,0.20949156885188344
7244,1.001229185642391,-0.0012178980135495634,-0.000710688680079629,0.0006276321949001079,0.20944965504325017
7245,1.0012170066622554,-0.0012250050339851265,-0.000700096590355798,0.0006314050468756409,0.2094077495966396
7246,1.0012047566119155,-0.0012320061445751827,-0.000689467739418987,0.0006351220104760255,0.20936585251046425
7247,1.0011924365504699,-0.0012389009778398024,-0.0006788029899844339,0.0006387829040388293,0.20932396378314444
7248,1.0011800475406916,-0.0012456891749262227,-0.0006681032063451421,0.0006423875504880359,0.20928208341310287
7249,1.0011675906489423,-0.0012523703856247034,-0.0006573692543344889,0.0006459357773394421,0.20924021139876162
7250,1.0011550669450862,-0.001258944268383934,-0.0006466020012414579,0.0006494274167079613,0.2091983477385602
7251,1.0011424775024023,-0.0012654104903253938,-0.0006358023158442583,0.0006528623053131677,0.2091564924309401
7252,1.001129823397499,-0.0012717687272583605,-0.0006249710681679402,0.0006562402844834532,0.20911464547434186
7253,1.0011171057102264,-0.0012780186636923748,-0.0006141091294256835,0.0006595612001610409,0.20907280686721785
7254,1.0011043255235894,-0.001284159992849072,-0.0006032173721207731,0.0006628249029067527,0.20903097660803915
7255,1.0010914839236609,-0.0012901924166750164,-0.000592296669827538,0.0006660312479039157,0.20898915469527496
7256,1.001078581999494,-0.0012961156458523564,-0.0005813478972372353,0.0006691800949633999,0.20894734112739416
7257,1.0010656208430355,-0.001301929399810165,-0.0005703719300497682,0.000672271308525232,0.2089055359028697
7258,1.0010526015490375,-0.0013076334067342714,-0.00055936964475976,0.0006753047576613489,0.20886373902019081
7259,1.0010395252149702,-0.0013132274035753586,-0.0005483419187126293,0.0006782803160800952,0.20882195047784666
7260,1.0010263929409344,-0.0013187111360573407,-0.0005372896300709883,0.0006811978621270819,0.2087801702743246
7261,1.0010132058295738,-0.0013240843586855029,-0.0005262136577256511,0.0006840572787883989,0.20873839840813407
7262,1.0009999649859869,-0.0013293468347539005,-0.0005151148813287588,0.0006868584536919881,0.20869663487779058
7263,1.0009866715176394,-0.0013344983363528103,-0.0005039941810121296,0.0006896012791070813,0.20865487968180466
7264,1.000973326534276,-0.0013395386443735117,-0.000492852437377787,0.0006922856519460706,0.20861313281868984
7265,1.0009599311478323,-0.0013444675485130384,-0.0004816905315525085,0.0006949114737655009,0.20857139428696936
7266,1.0009464864723472,-0.0013492848472793808,-0.00047050934495537246,0.0006974786507661527,0.20852966408517665
7267,1.0009329936238744,-0.0013539903479942864,-0.0004593097594282527,0.0006999870937942354,0.20848794221184602
7268,1.0009194537203945,-0.0013585838667976148,-0.00044809265701709587,0.0007024367183386703,0.2084462286655164
7269,1.0009058678817264,-0.0013630652286492498,-0.0004368589198166812,0.0007048274445304632,0.20840452344474056
7270,1.00089223722944,-0.001367434267329562,-0.0004256094302006446,0.0007071591971428306,0.20836282654807517
7271,1.0008785628867667,-0.0013716908254421938,-0.0004143450704672657,0.0007094319055878657,0.20832113797406965
7272,1.0008648459785123,-0.0013758347544133847,-0.0004030667229700229,0.0007116455039167652,0.20827945772127807
7273,1.0008510876309682,-0.0013798659144922643,-0.00039177527001368374,0.0007137999308161806,0.20823778578826962
7274,1.0008372889718233,-0.0013837841747505201,-0.00038047159354312986,0.0007158951296042308,0.2081961221736202
7275,1.0008234511300758,-0.0013875894130787219,-0.00036915657535510626,0.0007179310482307238,0.2081544668759053
7276,1.000809575235945,-0.0013912815161848076,-0.0003578310970886109,0.0007199076392709898,0.20811281989370373
7277,1.000795662420783,-0.0013948603795924679,-0.0003464960399110831,0.0007218248599241963,0.2080711812256087
7278,1.000781713816987,-0.0013983259076364495,-0.0003351522846635393,0.0007236826720092396,0.2080295508702081
7279,1.0007677305579106,-0.0014016780134591272,-0.00032380071157126454,0.0007254810419574391,0.20798792882608863
7280,1.000753713777776,-0.0014049166190045687,-0.00031244220024199097,0.0007272199408104281,0.20794631509184203
7281,1.000739664611586,-0.0014080416550120171,-0.00030107762979940215,0.0007288993442162766,0.20790470966607694
7282,1.000725584195036,-0.0014110530610112744,-0.0002897078785847433,0.000730519232421563,0.20786311254740514
7283,1.0007114736644258,-0.0014139507853147461,-0.0002783338242698559,0.0007320795902678005,0.2078215237344337
7284,1.0006973341565726,-0.001416734785010669,-0.00026695634377091847,0.000733580407182997,0.20777994322577342
7285,1.0006831668087224,-0.001419405025955641,-0.00025557631284349284,0.0007350216771754573,0.20773837102004855
7286,1.0006689727584628,-0.001421961482762912,-0.00024419460638309964,0.0007364033988292904,0.2076968071158777
7287,1.0006547531436352,-0.0014244041387937235,-0.00023281209838395787,0.0007377255752950311,0.20765525151187422
7288,1.0006405091022472,-0.0014267329861482791,-0.0002214296616719156,0.0007389882142841048,0.20761370420666858
7289,1.0006262417723857,-0.0014289480256541303,-0.00021004816794116532,0.0007401913280612444,0.20757216519890276
7290,1.000611952292129,-0.0014310492668547312,-0.00019866848760138021,0.0007413349334323,0.20753063448721326
7291,1.0005976417994604,-0.0014330367279965543,-0.0001872914898007165,0.0007424190517391589,0.2074891120702345
7292,1.0005833114321805,-0.0014349104360164597,-0.00017591804252221205,0.0007434437088517991,0.20744759794660828
7293,1.0005689623278202,-0.0014366704265300202,-0.00016454901215164075,0.0007444089351571829,0.2074060921149828
7294,1.0005545956235549,-0.0014383167438155552,-0.00015318526356689413,0.0007453147655506999,0.20736459457400294
7295,1.0005402124561167,-0.001439849440798888,-0.00014182766020989432,0.0007461612394253662,0.2073231053223128
7296,1.0005258139617086,-0.0014412685790391067,-0.0001304770637733984,0.0007469484006625478,0.2072816243585711
7297,1.0005114012759182,-0.0014425742287110122,-0.000119134334383552,0.0007476762976237144,0.20724015168144239
7298,1.000496975533631,-0.0014437664685892535,-0.0001078003305220003,0.0007483449831358265,0.20719868728957985
7299,1.0004825378689453,-0.0014448453860320986,-9.647590877369383e-05,0.0007489545144813064,0.2071572311816353
7300,1.000468089415085,-0.001445811076962244,-8.516192387847919e-05,0.0007495049533882606,0.20711578335627298
7301,1.0004536313043153,-0.00144666364584842,-7.385922856675137e-05,0.0007499963660160448,0.20707434381216086
7302,1.0004391646678568,-0.0014474032056851444,-6.25686735114539e-05,0.0007504288229456468,0.20703291254796197
7303,1.0004246906357999,-0.0014480298779723328,-5.129110766274175e-05,0.0007508023991676726,0.20699148956234148
7304,1.00041021033702,-0.00144854379269781,-4.00273777316322e-05,0.000751117174067683,0.20695007485397784
7305,1.0003957248990931,-0.0014489450883149858,-2.8778328114509658e-05,0.0007513732314141262,0.20690866842154773
7306,1.00038123544821,-0.001449233911719663,-1.7544801080475805e-05,0.0007515706593437604,0.20686727026371948
7307,1.0003667431090928,-0.0014494104182287645,-6.327636569245648e-06,0.000751709550347771,0.2068258803791609
7308,1.0003522490049106,-0.001449474771556904,4.872327831247775e-06,0.0007517900012626173,0.20678449876655097
7309,1.000337754257195,-0.0014494271437929303,1.6054256880993628e-05,0.0007518121132515527,0.20674312542457235
7310,1.000323259985757,-0.0014492677153763183,2.7217317994845253e-05,0.0007517759917891954,0.20670176035190324
7311,1.0003087673086033,-0.001448996675070689,3.836068102773538e-05,0.0007516817466491488,0.20666040354722184
7312,1.0002942773418526,-0.0014486142199392855,4.9483518359183173e-05,0.0007515294918875641,0.20661905500921585
7313,1.0002797911996533,-0.001448120555319741,6.058500520421742e-05,0.0007513193458279596,0.20657771473657144
7314,1.0002653099941001,-0.0014475158947956537,7.1664319366508e-05,0.000751051431046271,0.2065363827279613
7315,1.0002508348351522,-0.0014468004601706655,8.272064134341207e-05,0.0007507258743519648,0.20649505898206222
7316,1.0002363668305505,-0.0014459744814414835,9.375315476531018e-05,0.0007503428067743188,0.20645374349756743
7317,1.000221907085736,-0.0014450381967664864,0.0001047610460486962,0.0007499023635458954,0.2064124362731674
7318,1.0002074567037684,-0.0014439918524379123,0.00011574350450154446,0.0007494046840826815,0.2063711373075446
7319,1.000193016785244,-0.001442835702852852,0.00012669972238814504,0.0007488499119698797,0.2063298465993816
7320,1.0001785884282155,-0.0014415700104835648,0.0001376288949849879,0.0007482381949444293,0.20628856414736774
7321,1.0001641727281108,-0.0014401950458475057,0.00014853022096803122,0.000747569684872637,0.2062472899501882
7322,1.0001497707776523,-0.001438711087473068,0.0001594029022631161,0.0007468445377357458,0.20620602400652224
7323,1.0001353836667777,-0.0014371184218671944,0.00017024614373194712,0.0007460629136114657,0.2061647663150487
7324,1.000121012482559,-0.0014354173434859318,0.00018105915370970893,0.0007452249766555264,0.20612351687446545
7325,1.0001066583091243,-0.0014336081546997062,0.0001918411438979993,0.0007443308950829369,0.2060822756834614
7326,1.0000923222275773,-0.0014316911657594954,0.0002025913293009652,0.0007433808411447268,0.20604104274071297
7327,1.0000780053159197,-0.0014296666947638658,0.00021330892853874996,0.0007423749911096799,0.20599981804489897
7328,1.000063708648972,-0.0014275350676227548,0.00022399316373961954,0.00074131352524897,0.2059586015947099
7329,1.0000494332982959,-0.0014252966180223214,0.0002346432605818908,0.000740196627811365,0.20591739338882517
7330,1.0000351803321157,-0.0014229516873894058,0.0002452584484571949,0.0007390244870040515,0.20587619342591823
7331,1.0000209508152418,-0.001420500624854393,0.00025583796027460123,0.0007377972949734889,0.20583500170467178
7332,1.0000067458089932,-0.0014179437872159275,0.000266381032850288,0.0007365152477817046,0.20579381822377812
7333,0.999992566371121,-0.0014152815389018836,0.0002768869069428182,0.0007351785453863919,0.20575264298191798
7334,0.999978413555732,-0.0014125142519298467,0.0002873548268797401,0.0007337873916196876,0.20571147597776285
7335,0.9999642884132127,-0.001409642305871382,0.0002977840408906196,0.0007323419941651915,0.20567031720998252
7336,0.999950191990154,-0.0014066660878129175,0.00030817380138068416,0.0007308425645388057,0.20562916667725753
7337,0.9999361253292759,-0.0014035859923140865,0.0003185233647157778,0.0007292893180629813,0.2055880243782597
7338,0.9999220894693528,-0.0014004024213679577,0.000328831991444822,0.0007276824738435898,0.20554689031165566
7339,0.9999080854451391,-0.0013971157843592065,0.000339098946093349,0.0007260222547519164,0.20550576447611563
7340,0.9998941142872955,-0.0013937264980243046,0.00034932349722919566,0.0007243088873994641,0.20546464687031726
7341,0.9998801770223152,-0.0013902349864110706,0.0003595049178554705,0.0007225426021117824,0.20542353749292544
7342,0.9998662746724511,-0.0013866416808341418,0.0003696424852158396,0.0007207236329072487,0.20538243634259384
7343,0.9998524082556428,-0.001382947019832755,0.00037973548079195917,0.0007188522174713578,0.20534134341798185
7344,0.9998385787854445,-0.0013791514491281283,0.00038978319064515536,0.0007169285971353899,0.20530025871775637
7345,0.9998247872709531,-0.0013752554215776876,0.0003997849051750983,0.0007149530168526172,0.20525918224057627
7346,0.9998110347167374,-0.001371259397131696,0.0004097399190844571,0.0007129257251699974,0.20521811398509213
7347,0.9997973221227661,-0.001367163842790076,0.000419647531661755,0.0007108469742054554,0.20517705394995664
7348,0.9997836504843381,-0.0013629692325565327,0.00042950704685872955,0.0007087170196237046,0.2051360021338294
7349,0.9997700207920126,-0.0013586760473919331,0.0004393177732824223,0.0007065361206076095,0.20509495853535611
7350,0.9997564340315387,-0.0013542847751676866,0.000449079024231365,0.0007043045398353766,0.20505392315317367
7351,0.999742891183787,-0.001349795910618761,0.00045879011750993813,0.0007020225434563568,0.20501289598592087
7352,0.9997293932246808,-0.0013452099552985583,0.00046845037581072155,0.0006996904010629451,0.20497187703224792
7353,0.9997159411251278,-0.0013405274175300476,0.0004780591268270344,0.0006973083856636406,0.20493086629079582
7354,0.9997025358509526,-0.0013357488123556499,0.0004876157029023911,0.0006948767736568577,0.20488986376019325
7355,0.999689178362829,-0.0013308746614907284,0.0004971194411845792,0.0006923958448042546,0.20484886943906827
7356,0.9996758696162141,-0.001325905493275561,0.0005065696839244224,0.000689865882206749,0.20480788332605734
7357,0.9996626105612814,-0.0013208418426241078,0.0005159657782936779,0.0006872871722741339,0.20476690541978076
7358,0.9996494021428551,-0.0013156842509749022,0.0005253070765617179,0.0006846600046962781,0.2047259357188507
7359,0.9996362453003453,-0.0013104332662399849,0.0005345929361083666,0.0006819846724197489,0.20468497422188897
7360,0.9996231409676829,-0.001305089442753652,0.000543822719389327,0.0006792614716197225,0.20464402092752243
7361,0.9996100900732554,-0.0012996533412218474,0.0005529957940799551,0.0006764907016692308,0.2046030758343622
7362,0.9995970935398432,-0.0012941255286697878,0.0005621115329417295,0.000673672665113132,0.20456213894101005
7363,0.9995841522845564,-0.0012885065783910256,0.0005711693138597384,0.0006708076676384204,0.2045212102460663
7364,0.9995712672187725,-0.0012827970698962663,0.0005801685203081237,0.0006678960180457591,0.20448028974813806
7365,0.9995584392480735,-0.0012769975888573541,0.0005891085411677526,0.0006649380282215393,0.20443937744582377
7366,0.9995456692721849,-0.0012711087270532808,0.0005979887704361982,0.0006619340131078605,0.20439847333770733
7367,0.9995329581849144,-0.0012651310823188137,0.0006068086075467806,0.0006588842906754025,0.20435757742237745
7368,0.9995203068740912,-0.0012590652584902088,0.0006155674574383468,0.0006557891818947813,0.20431668969843292
7369,0.9995077162215064,-0.0012529118653499876,0.000624264730534228,0.000652649010702176,0.2042758101644551
7370,0.9994951871028529,-0.0012466715185721568,0.0006328998429374916,0.0006494641039709714,0.20423493881901275
7371,0.9994827203876672,-0.0012403448396654205,0.000641472216096825,0.000646234791485768,0.20419407566067996
7372,0.9994703169392705,-0.0012339324559194906,0.0006499812771455001,0.0006429614059100332,0.2041532206880318
7373,0.9994579776147112,-0.0012274350003483405,0.0006584264589760969,0.0006396442827553318,0.20411237389963383
7374,0.9994457032647077,-0.0012208531116324889,0.0006668072000800586,0.000636283760351416,0.20407153529404665
7375,0.9994334947335914,-0.001214187434063035,0.0006751229445823518,0.0006328801798136574,0.20403070486982827
7376,0.9994213528592508,-0.0012074386174852243,0.0006833731425005558,0.0006294338850163175,0.2039898826255421
7377,0.9994092784730759,-0.0012006073172395031,0.0006915572495898217,0.0006259452225588628,0.20394906855973896
7378,0.9993972723999035,-0.001193694194104108,0.0006996747273638193,0.0006224145417339794,0.20390826267095116
7379,0.9993853354579625,-0.0011866999142373766,0.0007077250432325696,0.0006188421944982893,0.20386746495771277
7380,0.9993734684588201,-0.0011796251491187951,0.0007157076705936478,0.0006152285354413932,0.20382667541857122
7381,0.999361672207329,-0.001172470575489077,0.0007236220888795757,0.0006115739217518169,0.20378589405206002
7382,0.999349947501574,-0.0011652368752897574,0.0007314677833710793,0.00060787871318702,0.2037451208567027
7383,0.9993382951328211,-0.0011579247356046747,0.0007392442451010107,0.0006041432720419686,0.2037043558310202
7384,0.9993267158854651,-0.0011505348486023066,0.0007469509712605855,0.0006003679631161213,0.20366359897353678
7385,0.999315210536979,-0.0011430679114743842,0.0007545874652559008,0.0005965531536803023,0.20362285028276667
7386,0.9993037798578642,-0.0011355246263734268,0.0007621532365459979,0.0005926992134437102,0.20358210975721103
7387,0.9992924246116005,-0.001127905700352331,0.0007696478006175705,0.0005888065145237347,0.20354137739536868
7388,0.999281145554597,-0.0011202118453039261,0.0007770706791693574,0.0005848754314155935,0.2035006531957502
7389,0.999269943436144,-0.001112443777899076,0.0007844214000714972,0.0005809063409559915,0.20345993715685656
7390,0.999258818998365,-0.0011046022195245967,0.0007916994974108225,0.0005768996222892272,0.20341922927717068
7391,0.9992477729761697,-0.001096687896221178,0.0007989045114486885,0.0005728556568358803,0.20337852955517818
7392,0.9992368060972076,-0.001088701538621671,0.000806035988756568,0.0005687748282605732,0.20333783798936847
7393,0.9992259190818213,-0.0010806438818878647,0.000813093482281875,0.0005646575224371712,0.20329715457821818
7394,0.9992151126430024,-0.0010725156656467031,0.0008200765512482097,0.0005605041274159762,0.20325647932019186
7395,0.999204387486346,-0.0010643176339274172,0.0008269847610750235,0.0005563150333900603,0.20321581221374946
7396,0.9991937443100067,-0.0010560505350996538,0.0008338176837004163,0.0005520906326625289,0.20317515325736402
7397,0.9991831838046558,-0.0010477151218081773,0.0008405748975646565,0.0005478313196116929,0.203134502449502
7398,0.9991727066534377,-0.0010393121509077606,0.0008472559874002188,0.0005435374906564771,0.20309385978860875
7399,0.9991623135319286,-0.0010308423834002745,0.0008538605442890822,0.0005392095442236787,0.20305322527312403
7400,0.9991520051080947,-0.001022306584371209,0.0008603881658657882,0.0005348478807155177,0.20301259890150072
7401,0.9991417820422509,-0.001013705522924003,0.0008668384563298784,0.0005304529024723995,0.20297198067217856
7402,0.9991316449870217,-0.001005039972114366,0.0008732110265016399,0.0005260250137384325,0.2029313705835847
7403,0.9991215945873005,-0.0009963107088841175,0.0008795054935935688,0.0005215646206295555,0.2028907686341481
7404,0.9991116314802116,-0.0009875185139971417,0.0008857214812929125,0.0005170721310993219,0.20285017482229967
7405,0.9991017562950717,-0.0009786641719746606,0.0008918586199679239,0.0005125479549025353,0.20280958914646166
7406,0.9990919696533519,-0.0009697484710283095,0.0008979165465969417,0.0005079925035603297,0.20276901160504637
7407,0.9990822721686416,-0.0009607722029941312,0.0009038949046959784,0.000503406190324651,0.2027284421964525
7408,0.9990726644466117,-0.0009517361632669133,0.0009097933445703773,0.0004987894301461576,0.20268788091908857
7409,0.999063147084979,-0.0009426411507326006,0.0009156115232245542,0.00049414263963929,0.20264732777136463
7410,0.9990537206734716,-0.000933487967700987,0.0009213491043073233,0.0004894662370453467,0.20260678275166913
7411,0.9990443857937946,-0.0009242774198393612,0.0009270057580599905,0.0004847606421981285,0.2025662458583861
7412,0.9990351430195962,-0.0009150103161065033,0.0009325811614012327,0.00048002627648999023,0.20252571708991302
7413,0.9990259929164351,-0.000905687468685913,0.0009380749981267693,0.00047526356283409586,0.20248519644463722
7414,0.9990169360417482,-0.0008963096929169791,0.0009434869588221401,0.00047047292562980516,0.20244468392092824
7415,0.999007972944819,-0.0008868778072270618,0.0009488167407316469,0.00046565479072812634,0.20240417951715511
7416,0.9989991041667468,-0.0008773926330648336,0.0009540640478045755,0.0004608095853974133,0.20236368323168363
7417,0.9989903302404161,-0.0008678549948332101,0.0009592285909410534,0.0004559377382876179,0.2023231950628836
7418,0.9989816516904677,-0.0008582657198199406,0.000964310087907148,0.0004510396793926509,0.20228271500912018
7419,0.9989730690332695,-0.0008486256381286187,0.0009693082632113376,0.0004461158400154089,0.202242243068738
7420,0.9989645827768883,-0.0008389355826115511,0.0009742228481226817,0.000441166652733881,0.2022017792400854
7421,0.9989561934210621,-0.0008291963888019064,0.0009790535808154978,0.000436192551365663,0.20216132352151917
7422,0.998947901457174,-0.0008194088948447345,0.0009838002063902772,0.0004311939709296701,0.20212087591137162
7423,0.9989397073682256,-0.0008095739414275798,0.0009884624767756128,0.000426171347610904,0.2020804364079665
7424,0.9989316116288113,-0.0007996923717123183,0.0009930401507761422,0.0004211251187261787,0.20204000500964156
7425,0.9989236147050942,-0.0007897650312662679,0.0009975329941484899,0.0004160557226886544,0.20199958171473306
7426,0.9989157170547815,-0.0007797927679925248,0.0010019407795646383,0.0004109635989706913,0.201959166521561
7427,0.9989079191271016,-0.0007697764320611559,0.0010062632865056112,0.0004058491880676012,0.2019187594284405
7428,0.998900221362781,-0.0007597168758406467,0.0010105003013193697,0.00040071293146282496,0.20187836043367988
7429,0.9988926241940226,-0.000749614953829441,0.001014651617438347,0.0003955552715917919,0.20183796953559646
7430,0.9988851280444843,-0.0007394715225850206,0.0010187170353406034,0.000390376651805172,0.2017975867325004
7431,0.9988777333292584,-0.0007292874406534982,0.001022696362382525,0.0003851775163332105,0.2017572120226822
7432,0.998870440454852,-0.0007190635685006768,0.0010265894127285463,0.00037995831025120007,0.20171684540443496
7433,0.998863249819167,-0.0007088007684440369,0.0010303960075534963,0.0003747194794434181,0.20167648687606918
7434,0.9988561618114825,-0.0006984999045825923,0.0010341159750845794,0.0003694614705647103,0.20163613643587458
7435,0.9988491768124367,-0.0006881618427262842,0.0010377491504843161,0.0003641847310043095,0.2015957940821286
7436,0.9988422951940095,-0.0006777874503267314,0.0010412953758276704,0.0003588897088515224,0.20155545981311007
7437,0.9988355173195061,-0.0006673775964080372,0.0010447545002244827,0.0003535768528610475,0.20151513362710025
7438,0.9988288435435421,-0.0006569331514962969,0.001048126379799368,0.00034824661241519074,0.20147481552237126
7439,0.9988222742120271,-0.0006464549875495807,0.0010514108777015486,0.0003428994374871378,0.20143450549719133
7440,0.9988158096621516,-0.0006359439778876352,0.0010546078640135586,0.0003375357786060604,0.2013942035498207
7441,0.9988094502223727,-0.0006254009971225732,0.0010577172157816457,0.00033215608682166516,0.20135390967853087
7442,0.9988031962124014,-0.0006148269210890112,0.0010607388170691227,0.0003267608136670068,0.20131362388159155
7443,0.9987970479431906,-0.0006042226267741331,0.0010636725589631283,0.00032135041112251557,0.20127334615724748
7444,0.9987910057169228,-0.0005935889922474001,0.0010665183394442624,0.0003159253315798094,0.20123307650373892
7445,0.9987850698270003,-0.000582926896591512,0.0010692760634730932,0.00031048602780677073,0.2011928149193223
7446,0.9987792405580345,-0.0005722372198326047,0.0010719456432038178,0.0003050329529115298,0.2011525614022466
7447,0.9987735181858362,-0.0005615208428682692,0.0010745269977191106,0.000299566560306046,0.20111231595074922
7448,0.9987679029774075,-0.0005507786473984509,0.0010770200529692988,0.0002940873036700489,0.2010720785630668
7449,0.9987623951909335,-0.0005400115158564526,0.001079424741912867,0.0002885956369167104,0.20103184923743403
7450,0.9987569950757749,-0.000529220331339221,0.0010817410045199042,0.0002830920141562487,0.2009916279720872
7451,0.9987517028724615,-0.0005184059775368742,0.001083968787805147,0.00027757688965749457,0.2009514147652575
7452,0.9987465188126862,-0.0005075693386624759,0.001086108045754001,0.00027205071781448914,0.20091120961515682
7453,0.9987414431192996,-0.0004967112993821465,0.0010881587392240336,0.0002665139531118863,0.20087101252000597
7454,0.9987364760063058,-0.0004858327447465068,0.0010901208360576133,0.000260967050088113,0.20083082347804113
7455,0.9987316176788583,-0.0004749345601207351,0.0010919943111605945,0.0002554104632995575,0.20079064248747513
7456,0.9987268683332571,-0.0004640176311139386,0.001093779146299652,0.00024984464728442803,0.20075046954651185
7457,0.9987222281569459,-0.0004530828435105878,0.0010954753300803028,0.00024427005652783676,0.20071030465337056
7458,0.9987176973285108,-0.00044213108320197565,0.0010970828582369287,0.0002386871454275712,0.20067014780626624
7459,0.9987132760176788,-0.0004311632361151674,0.0010986017334086145,0.0002330963682577157,0.20062999900340034
7460,0.9987089643853176,-0.000420180188143794,0.0011000319651291099,0.00022749817913217385,0.20058985824297426
7461,0.9987047625834362,-0.0004091828250791479,0.0011013735698262809,0.00022189303197138246,0.20054972552318098
7462,0.9987006707551854,-0.0003981720325411959,0.0011026265708309895,0.0002162813804678024,0.20050960084222738
7463,0.99869668903486,-0.00038714869590966873,0.0011037909983928449,0.00021066367804756185,0.2004694841983221
7464,0.9986928175479008,-0.00037611370025474766,0.001104866889659415,0.00020504037783718426,0.2004293755896502
7465,0.9986890564108983,-0.00036506793026823067,0.001105854288539444,0.0001994119326287834,0.20038927501438938
7466,0.9986854057315957,-0.00035401227019584997,0.0011067532457790228,0.00019377879484522225,0.2003491824707436
7467,0.9986818656088937,-0.0003429476037688578,0.0011075638191455689,0.0001881414165051445,0.2003090979569012
7468,0.998678436132856,-0.0003318748141339071,0.001108286073233638,0.00018250024918792295,0.20026902147103606
7469,0.9986751173847147,-0.0003207947837847523,0.001108920079342878,0.0001768557439990316,0.20022895301133542
7470,0.9986719094368769,-0.00030970839449531473,0.0011094659156530825,0.0001712083515370038,0.20018889257598943
7471,0.9986688123529319,-0.0002986165272506992,0.001109923667111381,0.00016555852185840732,0.20014884016317847
7472,0.9986658261876594,-0.00028752006217964586,0.001110293425422152,0.00015990670444110083,0.2001087957710837
7473,0.9986629509870376,-0.0002764198784870758,0.0011105752890914686,0.00015425334815137606,0.20006875939787505
7474,0.9986601867882527,-0.00026531685438594766,0.001110769363337346,0.0001485989012112055,0.2000287310417236
7475,0.9986575336197089,-0.0002542118670301888,0.0011108757600985066,0.00014294381116236504,0.19998871070081864
7476,0.9986549915010385,-0.00024310579244754527,0.0011108945981311324,0.00013728852483333026,0.199948698373334
7477,0.998652560443114,-0.00023199950547135256,0.0011108260028303528,0.0001316334883054805,0.19990869405742592
7478,0.9986502404480593,-0.00022089387967431158,0.0011106701061516506,0.00012597914687870144,0.1998686977512714
7479,0.9986480315092625,-0.00020978978730279841,0.0011104270468426526,0.0001203259450384723,0.19982870945305425
7480,0.9986459336113895,-0.00019868809920900877,0.0011100969703191452,0.00011467432642218076,0.19978872916093487
7481,0.9986439467303975,-0.00018758968478427447,0.0011096800286414807,0.00010902473378432136,0.19974875687307464
7482,0.9986420708335496,-0.00017649541189264655,0.001109176379964213,0.00010337760896471302,0.1997087925876406
7483,0.9986403058794306,-0.00016540614681006453,0.0011085861911052145,9.773339285637666e-05,0.19966883630279816
7484,0.9986386518179625,-0.0001543227541377412,0.0011079096277250998,9.209252536990603e-05,0.19962888801672019
7485,0.9986371085904211,-0.00014324609681352877,0.001107146890640139,8.645544540119509e-05,0.19958894772757518
7486,0.9986356761294529,-0.0001321770357610012,0.0011062980806241433,8.082259079854769e-05,0.19954901543351533
7487,0.9986343543590953,-0.00012111643088857768,0.0011053639621740122,7.51943983366168e-05,0.19950909113271234
7488,0.9986331431947865,-0.00011006513445923962,0.001104349365367715,6.957130365361983e-05,0.1994691748233388
7489,0.9986320425434418,-9.902395047812479e-05,0.0011032629987861597,6.395374133253075e-05,0.19942926650354292
7490,0.9986310523039371,-8.79935959488203e-05,0.0006619577992716957,5.834214444765703e-05,0.19938936617147862
7491,0.9986301723679776,-8.137538323123762e-05,0.0003971746795630173,5.273694609965706e-05,0.19934947382532425
7492,0.9986293586141453,-7.740445560068801e-05,0.0002383048077378105,4.713857025098973e-05,0.19930958946325
7493,0.9986285845695893,-7.502189902235824e-05,0.0001429828846426863,4.154738529984633e-05,0.1992697130834458
7494,0.998627834350599,-7.359236507536037e-05,8.578973078561167e-05,3.596368589724161e-05,0.19922984468414665
