t,theta_history,theta_dot_history,theta_ddot_history,m_history,v_history
0,-1.5,0.0,108.50553317381319,0.0,0.0
1,-1.5,0.21701106634762637,75.81885624848303,-0.28477779947269977,7.390537595317882
2,-1.4995659778673047,0.36864877884459246,54.58923467232983,-1.0002111551726505,25.809093017067397
3,-1.4988286803096156,0.47782724818925204,40.614536477178895,-1.9802921220105056,50.62651356921312
4,-1.4978730258132371,0.5590563211436098,31.26633411261508,-3.1046825678082866,78.38523988245103
5,-1.4967549131709499,0.62158898936884,24.892219237958614,-4.2877155675705385,106.59991592027947
6,-1.4955117351922123,0.6713734278447572,20.446751974900646,-5.46984760948078,133.57085138737972
7,-1.4941689883365228,0.7122669317945586,17.263462768323446,-6.611048366786817,158.21660281789457
8,-1.4927444544729336,0.7467938573312054,14.91379415802836,-7.685714081737127,179.92855094940606
9,-1.4912508667582711,0.7766214456472622,13.119626655290627,-8.678774538502891,198.44812151528322
10,-1.4896976238669766,0.8028606989578435,11.698848364026748,-9.582731242802582,213.76579421332866
11,-1.4880919024690609,0.8262583956858971,10.531320535833476,-10.39541921062424,226.04012481694414
12,-1.4864393856776892,0.8473210367575641,9.537446926262948,-11.118328695412474,235.53450186833146
13,-1.484744743604174,0.86639593061009,8.66454276015276,-11.755358279899026,242.56915572619462
14,-1.4830119517429539,0.8837250161303954,7.8780401426640445,-12.311898671800268,247.48593997492043
15,-1.481244501710693,0.8994810964157236,7.155703503411659,-12.794168665667128,250.62354233829973
16,-1.4794455395178616,0.9137925034225469,6.483732103174589,-13.208742209422091,252.3010005783158
17,-1.4776179545110166,0.926759967628896,5.854062347394096,-13.562219278045436,252.80765895003543
18,-1.4757644345757588,0.9384680923236842,5.262451884864672,-13.861004065386243,252.39797443982852
19,-1.4738874983911114,0.9489929960934136,4.70709244337113,-14.111162468181373,251.28984991936815
20,-1.4719895123989246,0.9584071809801559,4.187597732464576,-14.31833744334062,249.6654210293194
21,-1.4700726980369643,0.966782376445085,3.7042709743515534,-14.487705961401293,247.67344776710053
22,-1.468139133284074,0.9741909183937882,3.25758946565069,-14.623965267234182,245.4326569052272
23,-1.4661907514472865,0.9807060973250897,2.8478613179012013,-14.731339241043267,243.03554673537508
24,-1.4642293392526364,0.986401819960892,2.4750188733237755,-14.81359802456794,240.5523022872748
25,-1.4622565356127146,0.9913518577075395,2.138518480028928,-14.87408589426766,238.03457935104333
26,-1.4602738318972996,0.9956288946675974,1.837319844914398,-14.91575374759551,235.5190022404161
27,-1.4582825741079644,0.9993035343574261,1.569921373231531,-14.941193616706647,233.0302864655385
28,-1.4562839670392496,1.0024433771038892,1.334431275836545,-14.952673411959955,230.58394655564666
29,-1.4542790802850418,1.0051122396555623,1.1286578377807555,-14.952170684894261,228.1885842488573
30,-1.4522688558057306,1.0073695553311237,0.950205926732206,-14.94140463360477,225.8477759483318
31,-1.4502541166950684,1.0092699671845882,0.7965703418097547,-14.92186588902063,223.56159320582702
32,-1.4482355767606994,1.0108631078682078,0.6652197555989225,-14.894843846840292,221.32779816051777
33,-1.4462138505449629,1.0121935473794057,0.5536676483057335,-14.861451468812023,219.1427591118277
34,-1.4441894634502042,1.0133008826760173,0.45952871592032096,-14.822647585654245,217.0021311921315
35,-1.442162861684852,1.014219940107858,0.38056076369725744,-14.779256805267327,214.90134458497124
36,-1.4401344218046364,1.0149810616352526,0.31469312879566225,-14.731987174000224,212.83593880361246
37,-1.438104459681366,1.015610447892844,0.26004329400519666,-14.681445763204493,210.80177687852992
38,-1.4360732387855801,1.0161305344808544,0.21492364923383356,-14.628152363878383,208.79516839165845
39,-1.4340409777166183,1.016560381779322,0.17784041634043568,-14.572551473172954,206.81292548147044
40,-1.4320078569530597,1.016916062612003,0.14748665248256465,-14.515022751086082,204.8523714493332
41,-1.4299740248278356,1.017211035916968,0.12273104979114713,-14.455890116151771,202.9113175565435
42,-1.4279396027560016,1.0174564980165501,0.10260400253749857,-14.39542963702615,200.9880200772321
43,-1.4259046897599685,1.017661706021625,0.08628215131341044,-14.333876363785148,199.08112668063063
44,-1.4238693663479254,1.017834270324252,0.07307236007307871,-14.271430229317403,197.18961873904132
45,-1.421833697807277,1.0179804150443983,0.0623958503126687,-14.208261137983833,195.31275415591824
46,-1.4197977369771881,1.0181052067450236,0.053773014590463575,-14.144513346091307,193.45001373021975
47,-1.417761526563698,1.0182127527742044,0.04680926181008793,-14.080309226911181,191.60105286160356
48,-1.4157251010581495,1.0183063712978246,0.04118210877397388,-14.015752502086427,189.76565949858588
49,-1.4136884883155538,1.0183887355153727,0.036629624200568145,-13.950931011357309,187.94371858352645
50,-1.411651710844523,1.0184619947637736,0.03294024932039008,-13.885919083597232,186.1351828040949
51,-1.4096147868549955,1.0185278752624145,0.029943959501244066,-13.820779564149339,184.34004917631128
52,-1.4075777311044706,1.018587763181417,0.027504690355772965,-13.75556554634095,182.55834082125585
53,-1.4055405555781078,1.0186427725621285,0.02551392573191258,-13.690321848758124,180.79009322417727
54,-1.4035032700329835,1.0186938004135924,0.02388533073647281,-13.625086274318903,179.03534425494772
55,-1.4014658824321562,1.0187415710750654,0.02255030757507548,-13.559890682318839,177.29412726181832
56,-1.399428399290006,1.0187866716902154,0.021454353140759608,-13.49476190036549,175.56646661012027
57,-1.3973908259466257,1.0188295803964968,0.020554102996461765,-13.42972249940711,173.85237511171854
58,-1.3953531667858328,1.0188706886024899,0.019814955030428294,-13.36479145182846,172.15185287079862
59,-1.3933154254086277,1.0189103185125505,0.019209176418488738,-13.299984689782091,170.4648871507186
60,-1.3912776047716027,1.0189487368653876,0.018714408648667913,-13.235315578491653,168.79145294108332
61,-1.389239707297872,1.0189861656826849,0.018312496533123834,-13.170795317160106,167.13151397142954
62,-1.3872017349665067,1.019022790675751,0.017988577882999124,-13.106433278299736,165.48502397667045
63,-1.385163689385155,1.019058767831517,0.017730380534564105,-13.042237294733894,163.85192806937687
64,-1.3831255718494921,1.0190942285925864,0.017527682462681327,-12.978213902171728,162.2321641152826
65,-1.381087383392307,1.019129283957512,0.017371898750973003,-12.914368544097583,160.62566404171295
66,-1.379049124824392,1.0191640277550138,0.01725576615769775,-12.850705744720917,159.03235503479945
67,-1.3770107967688818,1.0191985392873293,0.017173101956080572,-12.787229254878405,157.45216060130883
68,-1.3749723996903072,1.0192328854912414,0.017118618725664447,-12.72394217504907,155.8850014856435
69,-1.3729339339193247,1.0192671227286927,0.01708778088724827,-12.660847059017295,154.33079644301273
70,-1.3708953996738673,1.0193012982904672,0.017076692133555227,-12.597946001184487,152.78946287676328
71,-1.3688567970772865,1.0193354516747344,0.0170820055828802,-12.535240710074042,151.2609173521673
72,-1.366818126173937,1.0193696156859,0.017100850612372653,-12.472732570185682,149.74507600123613
73,-1.364779386942565,1.019403817387125,0.017130771960705005,-12.41042269402437,148.24185483391432
74,-1.362740579307791,1.0194380789310464,0.017169677948070117,-12.34831196584771,146.75116997074232
75,-1.3607017031499289,1.0194724182869426,0.017215795594704986,-12.28640107843681,145.27293781113056
76,-1.358662758313355,1.0195068498781321,0.017267631108319748,-12.224690563992581,143.8070751500174
77,-1.3566237446135987,1.0195413851403485,0.01732393470024185,-12.163180820087828,142.35349925411236
78,-1.354584661843318,1.0195760330097492,0.017383669034742866,-12.101872131459675,140.91212790728977
79,-1.3525455097772985,1.0196108003478186,0.017445980841879205,-12.040764688303806,139.48287943311342
80,-1.3505062881766028,1.0196456923095023,0.01751017537858779,-11.9798586016277,138.0656727009932
81,-1.3484669967919838,1.0196807126602594,0.017575693506577394,-11.919153916132238,136.66042712115433
82,-1.3464276353666633,1.0197158640472725,0.017642091212177746,-11.858650621016636,135.26706263244503
83,-1.3443882036385688,1.0197511482296968,0.01770902141315922,-11.798348659039064,133.88549968602825
84,-1.3423487013421094,1.019786566272523,0.017776217910414616,-11.738247934112508,132.51565922719433
85,-1.3403091282095643,1.0198221187083436,0.017843481339641087,-11.678348317670928,131.15746267687075
86,-1.3382694839721476,1.019857805671023,0.017910666974696454,-11.61864965400321,129.8108319138874
87,-1.3362297683608055,1.0198936270049723,0.017977674232794172,-11.559151764721042,128.47568925865363
88,-1.3341899811067957,1.019929582353438,0.018044437726505436,-11.499854452500054,127.15195745860227
89,-1.3321501219420888,1.019965671228891,0.018110919707092776,-11.440757504211511,125.83955967553842
90,-1.330110190599631,1.020001893068305,0.01817710374778514,-11.381860693542892,124.53841947487852
91,-1.3280701868134945,1.0200382472758005,0.01824298952031178,-11.32316378318992,123.24846081666612
92,-1.326030110318943,1.020074733254841,0.018308588522097935,-11.264666526689469,121.96960804819064
93,-1.3239899608524333,1.0201113504318853,0.018373920626846285,-11.20636866995153,120.70178589800707
94,-1.3219497381515695,1.020148098273139,0.018439011333670763,-11.148269952539051,119.4449194711446
95,-1.3199094419550232,1.0201849762958064,0.018503889609622348,-11.090370108736678,118.19893424529825
96,-1.3178690720024315,1.0202219840750257,0.018568586224176897,-11.03266886844277,116.96375606781474
97,-1.3158286280342815,1.020259121247474,0.018633132490863957,-10.97516595791348,115.73931115330194
98,-1.3137881097917865,1.020296387512456,0.018697559341385173,-10.917861100383169,114.52552608171615
99,-1.3117475170167616,1.0203337826311387,0.01876189666480954,-10.860754016581296,113.32232779680379
100,-1.3097068494514994,1.0203713064244682,0.018826172859709445,-10.803844425162925,112.12964360479667
101,-1.3076661068386504,1.0204089587701877,0.018890414549899148,-10.747132043066914,110.94740117328074
102,-1.30562528892111,1.0204467395992873,0.018954646427671307,-10.690616585813839,109.77552853017485
103,-1.3035843954419113,1.0204846488921429,0.01901889119193534,-10.634297767753575,108.61395406277302
104,-1.301543426144127,1.0205226866745267,0.019083169554967583,-10.57817530227085,107.46260651681519
105,-1.299502380770778,1.0205608530136365,0.0191475002986774,-10.522248901955876,106.3214149955627
106,-1.2974612590647507,1.020599148014234,0.019211900364313195,-10.466518278745724,105.19030895886189
107,-1.2954200607687223,1.0206375718149627,0.019276384962640947,-10.410983144041506,104.06921822218705
108,-1.2933787856250925,1.020676124584888,0.019340967694736477,-10.355643208805326,102.9580729556572
109,-1.2913374333759227,1.0207148065202776,0.019405660678195602,-10.300498183640434,101.85680368302533
110,-1.289296003762882,1.020753617841634,0.019470474672411697,-10.245547778857448,100.76534128064111
111,-1.2872544965271988,1.0207925587909787,0.01953541919950119,-10.190791704528976,99.68361697638906
112,-1.285212911409617,1.0208316296293778,0.01960050265932267,-10.13622967053466,98.61156234860579
113,-1.283171248150358,1.0208708306346965,0.019665732436857652,-10.081861386598229,97.54910932497909
114,-1.2811295064890886,1.0209101620995704,0.019731115000354293,-10.027686562317982,96.49619018143358
115,-1.2790876861648894,1.020949624329571,0.019796655992365686,-9.973704907191822,95.45273754100518
116,-1.2770457869162304,1.0209892176415558,0.019862360311551086,-9.919916130637764,94.41868437270821
117,-1.2750038084809472,1.0210289423621788,0.019928232185506545,-9.866319942010735,93.3939639903975
118,-1.2729617505962227,1.0210687988265499,0.01999427523813324,-9.812916050616323,92.37851005162823
119,-1.2709196129985696,1.0211087873770264,0.020060492547901987,-9.759704165721953,91.3722565565144
120,-1.2688773954238155,1.0211489083621221,0.020126886700655433,-9.706683996566044,90.37513784658871
121,-1.2668350976070912,1.0211891621355236,0.020193459837258843,-9.653855252365418,89.38708860366383
122,-1.26479271928282,1.021229549055198,0.02026021369427866,-9.60121764232131,88.40804384869642
123,-1.2627502601847098,1.0212700694825865,0.020327149641996556,-9.548770875624239,87.43793894065448
124,-1.2607077200457446,1.0213107237818704,0.020394268716472652,-9.496514661457969,86.47670957538843
125,-1.2586650985981809,1.0213515123193033,0.020461571649166288,-9.444448709002636,85.52429178450558
126,-1.2566223955735423,1.0213924354626016,0.020529058892870822,-9.392572727437324,84.58062193424864
127,-1.254579610702617,1.0214334935803875,0.020596730644140138,-9.34088642594208,83.64563672437836
128,-1.2525367437154562,1.0214746870416758,0.020664586864027612,-9.289389513699547,82.71927318705917
129,-1.2504937943413728,1.0215160162154038,0.0207326272959385,-9.23808169989626,81.8014686857493
130,-1.248450762308942,1.0215574814699955,0.020800851481261873,-9.186962693723656,80.8921609140934
131,-1.246407647346002,1.021599083172958,0.02086925877398116,-9.136032204378903,79.99128789481915
132,-1.244364449179656,1.021640821690506,0.020937848352220456,-9.085289941065522,79.09878797863658
133,-1.2423211675362749,1.0216826973872102,0.021006619229524404,-9.034735612993892,78.21459984314029
134,-1.2402778021415004,1.0217247106256693,0.021075570264450505,-8.98436892938164,77.33866249171447
135,-1.238234352720249,1.0217668617661984,0.021144700168873598,-8.93418959945395,76.47091525244045
136,-1.2361908189967166,1.021809151166536,0.02121400751442515,-8.884197332443796,75.6112977770068
137,-1.2341472006943834,1.021851579181565,0.021283490740087174,-8.834391837592136,74.75975003962164
138,-1.2321034975360203,1.021894146163045,0.021353148156055823,-8.784772824148051,73.91621233592721
139,-1.2300597092436942,1.021936852459357,0.021422977949070443,-8.735340001368874,73.0806252819167
140,-1.2280158355387756,1.0219796984152554,0.0214929781864992,-8.686093078520273,72.25292981285284
141,-1.2259718761419451,1.0220226843716285,0.021563146818515122,-8.637031764876339,71.43306718218896
142,-1.2239278307732018,1.0220658106652654,0.021633481681027078,-8.588155769719656,70.62097896049147
143,-1.2218836991518713,1.0221090776286275,0.02170398049838873,-8.53946480234135,69.81660703436481
144,-1.219839480996614,1.0221524855896242,0.021774640883709395,-8.490958572041157,69.01989360537763
145,-1.2177951760254346,1.0221960348713917,0.021845460340719214,-8.442636788127482,68.23078118899141
146,-1.2157507839556918,1.0222397257920732,0.02191643626452411,-8.394499159917432,67.4492126134905
147,-1.2137063045041077,1.0222835586646022,0.021987565940984055,-8.34654539673689,66.67513101891421
148,-1.2116617373867784,1.022327533796484,0.022058846548045352,-8.298775207920567,65.90847985599042
149,-1.2096170823191854,1.02237165148958,0.022130275154230716,-8.25118830281206,65.14920288507125
150,-1.2075723390162063,1.0224159120398886,0.0222018487187281,-8.203784390763909,64.3972441750702
151,-1.2055275071921265,1.0224603157373262,0.022273564090635745,-8.156563181137672,63.652548102401184
152,-1.203482586560652,1.0225048628655073,0.022345418007141404,-8.109524383303983,62.915059349919424
153,-1.201437576834921,1.0225495537015215,0.022417407092856223,-8.062667706642637,62.18472290586377
154,-1.199392477727518,1.0225943885157074,0.02248952785892655,-8.015992860542651,61.46148406280106
155,-1.1973472889504866,1.0226393675714252,0.022561776700102953,-7.969499554402355,60.74528841657199
156,-1.1953020102153438,1.0226844911248252,0.022634149893629996,-7.923187497629466,60.03608186523869
157,-1.193256641233094,1.0227297594246125,0.022706643597691922,-7.877056399641175,59.33381060803431
158,-1.1912111817142448,1.022775172711808,0.022779253848748127,-7.83110596986423,58.638421144313995
159,-1.1891656313688213,1.0228207312195055,0.02285197655949034,-7.785335917735048,57.949860272507664
160,-1.1871199899063822,1.0228664351726244,0.02292480751662218,-7.7397459526997805,57.268075089074564
161,-1.185074257036037,1.022912284787658,0.0229977423785499,-7.694335784214429,56.593012987459524
162,-1.1830284324664617,1.0229582802724149,0.023070776672096116,-7.64910512174493,55.92462165705081
163,-1.1809825159059169,1.0230044218257592,0.02314390579112313,-7.604053674767271,55.262849082139795
164,-1.1789365070622653,1.0230507096373413,0.023217124992314098,-7.559181152767577,54.60764354088225
165,-1.1768904056429905,1.0230971438873258,0.023290429393485468,-7.514487265242234,53.95895360426151
166,-1.1748442113552158,1.0231437247461128,0.023363813970123104,-7.4699717216979735,53.316728135052955
167,-1.1727979239057236,1.0231904523740534,0.02343727355236247,-7.425634231651998,52.68091628679077
168,-1.1707515430009754,1.023237326921158,0.023510802821613552,-7.381474504632088,52.05146750273575
169,-1.1687050683471332,1.0232843485268015,0.023584396307940736,-7.337492250176704,51.42833151484539
170,-1.1666584996500795,1.0233315173194173,0.023658048386066,-7.293687177835108,50.81145834274522
171,-1.1646118366154408,1.0233788334161895,0.02373175327239352,-7.250058997167481,50.200798292702146
172,-1.1625650789486084,1.0234262969227341,0.023805505021412543,-7.206607417745031,49.596301956599305
173,-1.1605182263547629,1.023473907932777,0.02387929752187823,-7.163332149150106,48.99792021091276
174,-1.1584712785388973,1.023521666527821,0.023953124493614197,-7.12023290097633,48.40560421568968
175,-1.1564242352058416,1.0235695727768084,0.024026979482894006,-7.077309382828697,47.81930541352849
176,-1.154377096060288,1.0236176267357742,0.02410085585964339,-7.034561304323709,47.23897552856041
177,-1.1523298608068164,1.0236658284474933,0.024174746812466452,-6.991988375089493,46.66456656543298
178,-1.1502825291499215,1.0237141779411185,0.024248645345492648,-6.949590304765918,46.09603080829516
179,-1.1482351007940392,1.0237626752318096,0.024322544273491786,-6.907366803004725,45.533320819783974
180,-1.1461875754435755,1.0238113203203565,0.024396436217610784,-6.865317579469639,44.97638944001311
181,-1.1441399528029348,1.0238601131927918,0.024470313602220628,-6.823442343836504,44.42518978556307
182,-1.1420922325765492,1.0239090538199962,0.02454416864896558,-6.781740805793405,43.879675248473035
183,-1.1400444144689093,1.023958142157294,0.024617993372944014,-6.740212675040794,43.33979949523432
184,-1.1379964981845947,1.02400737814404,0.02469177957800106,-6.698857661291606,42.80551646578584
185,-1.1359484834283067,1.024056761703196,0.0247655188521545,-6.6576754742713975,42.276780372510885
186,-1.1339003699049002,1.0241062927409001,0.024839202562576546,-6.616665823718479,41.75354569923584
187,-1.1318521573194185,1.024155971146025,0.02491282185008714,-6.57582841938402,41.23576720023049
188,-1.1298038453771264,1.0242057967897251,0.024986367625379202,-6.535162971032205,40.72339989921008
189,-1.127755433783547,1.0242557695249759,0.02505983056266814,-6.49466918844034,40.21639908833905
190,-1.1257069222444969,1.0243058891861014,0.025133201095073332,-6.454346781398994,39.71472032723642
191,-1.1236583104661246,1.0243561555882914,0.025206469408800558,-6.414195459712127,39.21831944198293
192,-1.121609598154948,1.0244065685271089,0.025279625437768516,-6.374214933197213,38.72715252412987
193,-1.119560785017894,1.0244571277779846,0.025352658858635024,-6.334404911685383,38.24117592970958
194,-1.117511870762338,1.0245078330957018,0.02542555908351396,-6.2947651050215425,37.760346278247596
195,-1.1154628550961465,1.0245586842138688,0.025498315255578774,-6.255295223064515,37.284620451776675
196,-1.1134137377277187,1.02460968084438,0.025570916242401154,-6.215994975687159,36.813955593852235
197,-1.11136451836603,1.0246608226768648,0.025643350629822592,-6.176864072776509,36.34830910856977
198,-1.1093151967206762,1.0247121093781244,0.02571560671600359,-6.137902224233916,35.88763865958376
199,-1.10726577250192,1.0247635405915565,0.02578767250458469,-6.099109139975153,35.43190216912839
200,-1.1052162454207368,1.024815115936566,0.02585953569833599,-6.0604845299305685,34.9810578170399
201,-1.1031666151888637,1.0248668350079626,0.02593118369280667,-6.022028104045214,34.53506403978071
202,-1.101116881518848,1.0249186973753481,0.02600260356890871,-5.98373957227897,34.09387952946508
203,-1.0990670441240973,1.0249707025824861,0.02607378208661082,-5.9456186446066805,33.657463232886705
204,-1.0970171027189324,1.0250228501466594,0.02614470567716687,-5.9076650310182925,33.225774350547816
205,-1.0949670570186392,1.0250751395580138,0.02621536043649897,-5.869878441518969,32.798772335689975
206,-1.0929169067395232,1.0251275702788865,0.026285732117203864,-5.832258586129241,32.37641689332676
207,-1.0908666515989656,1.0251801417431208,0.026355806121758363,-5.7948051748851235,31.958667979277923
208,-1.0888162913154793,1.0252328533553643,0.02642556749403724,-5.7575179178382525,31.545485799205316
209,-1.0867658256087687,1.0252857044903523,0.02649500091136403,-5.720396525056018,31.13683080765068
210,-1.084715254199788,1.025338694492175,0.026564090677760888,-5.683440706621686,30.732663707074792
211,-1.0826645768108036,1.0253918226735306,0.026632820714178607,-5.646650172634531,30.332945446898655
212,-1.0806137931654565,1.0254450883149588,0.026701174550902707,-5.610024633209968,29.937637222546147
213,-1.0785629029888266,1.0254984906640605,0.02676913531889369,-5.573563798479685,29.546700474488524
214,-1.0765119060074986,1.0255520289346982,0.026836685741171706,-5.537267378591751,29.160096887290518
215,-1.0744608019496291,1.0256057023061806,0.02690380812357951,-5.501135083710765,28.777788388658117
216,-1.0724095905450168,1.0256595099224277,0.026970484346122703,-5.465166624017979,28.399737148488214
217,-1.070358271525172,1.0257134508911199,0.027036695853244197,-5.429361709711402,28.025905577919712
218,-1.0683068446233899,1.0257675242828266,0.02710242364498683,-5.393720051005952,27.65625632838651
219,-1.0662553095748242,1.0258217291301164,0.027167648266424038,-5.358241358133558,27.290752290672113
220,-1.064203666116564,1.0258760644266494,0.027232349798866906,-5.322925341343298,26.929356593965966
221,-1.0621519139877107,1.0259305291262473,0.027296507849028373,-5.287771710901508,26.572032604921457
222,-1.0601000529294582,1.0259851221419451,0.027360101539075643,-5.252780177091904,26.218743926715625
223,-1.0580480826851744,1.0260398423450232,0.02742310949606086,-5.217950450215712,25.869454398110644
224,-1.0559960030004842,1.0260946885640154,0.027485509841795874,-5.183282240591761,25.52412809251685
225,-1.0539438136233563,1.026149659583699,0.027547280180773015,-5.148775258556623,25.182729317057643
226,-1.051891514304189,1.0262047541440604,0.02760839759070599,-5.114429214464705,24.84522261163589
227,-1.0498391047959008,1.026259970939242,0.027668838609651303,-5.08024381868838,24.511572748002312
228,-1.0477865848540224,1.0263153086164611,0.027728579225616556,-5.046218781618078,24.18174472882525
229,-1.0457339542367896,1.0263707657749124,0.027787594864170373,-5.012353813662415,23.855703786762334
230,-1.0436812127052397,1.0264263409646406,0.02784586037645198,-4.978648625248268,23.533415383533814
231,-1.0416283600233105,1.0264820326853934,0.02790335002784694,-4.9451029268209155,23.21484520899757
232,-1.0395753959579397,1.0265378393854494,0.02796003748417597,-4.911716428844105,22.899959180225796
233,-1.0375223202791688,1.0265937594604178,0.02801589580005981,-4.878488841800179,22.5887234405835
234,-1.0354691327602479,1.0266497912520178,0.02807089740524127,-4.8454198761901415,22.281104358808513
235,-1.0334158331777439,1.0267059330468282,0.028125014092195144,-4.812509242533779,21.97706852809342
236,-1.0313624213116501,1.0267621830750127,0.028178217001784134,-4.779756651369734,21.676582765168988
237,-1.0293088969455002,1.0268185395090161,0.028230476610513477,-4.747161813255595,21.379614109389454
238,-1.0272552598664821,1.0268750004622371,0.028281762715787195,-4.714724438767983,21.086129821819423
239,-1.0252015098655576,1.0269315639876686,0.028332044422052505,-4.682444238502631,20.796097384322493
240,-1.0231476467375822,1.0269882280765128,0.028381290126722192,-4.650320923074459,20.5094844986516
241,-1.021093670281429,1.0270449906567662,0.02842946750454267,-4.618354203117645,20.226259085541027
242,-1.0190395803001155,1.0271018495917752,0.028476543493249906,-4.586543789285702,19.94638928380015
243,-1.016985376600932,1.0271588026787617,0.028522484278381555,-4.554889392251536,19.669843449408894
244,-1.0149310589955745,1.0272158476473185,0.028567255277200942,-4.523390722707506,19.39659015461482
245,-1.0128766273002798,1.027272982157873,0.028610821123065122,-4.49204749136549,19.12659818703198
246,-1.010822081335964,1.0273302038001193,0.02865314564997057,-4.460859408956925,18.859836548741544
247,-1.008767420928364,1.0273875100914192,0.02869419187483402,-4.429826186232859,18.596274455393893
248,-1.006712645908181,1.0274448984751687,0.028733921982171395,-4.39894753396399,18.335881335312685
249,-1.0046577561112306,1.0275023663191332,0.02877229730620101,-4.368223162940715,18.078626828600505
250,-1.0026027513785924,1.0275599109137457,0.02880927831387936,-4.337652783973138,17.824480786246166
251,-1.000547631556765,1.0276175294703733,0.028844824587759277,-4.307236107891119,17.573413269233797
252,-0.9984923964978242,1.0276752191195488,0.028878894807293776,-4.276972845544276,17.325394547653637
253,-0.996437046059585,1.0277329769091634,0.02891144673133894,-4.246862707802007,17.080395099814446
254,-0.9943815801057667,1.0277907998026263,0.028942437179590996,-4.216905405553495,16.838385611357722
255,-0.9923259985061614,1.0278486846769854,0.028971822013534876,-4.187100649707703,16.599336974373585
256,-0.9902703011368075,1.0279066283210125,0.02899955611779248,-4.157448151193374,16.36322028651832
257,-0.9882144878801654,1.0279646274332481,0.02902559338049393,-4.127947620959008,16.13000685013368
258,-0.9861585586252989,1.028022678620009,0.02904988667360442,-4.098598769972846,15.899668171367896
259,-0.9841025132680589,1.0280807783933563,0.029072387833339874,-4.069401309222839,15.672175959298354
260,-0.9820463517112722,1.028138923169023,0.029093047639028313,-4.04035494971661,15.447502125056038
261,-0.9799900738649342,1.028197109264301,0.029111815793658735,-4.011459402481402,15.225618780951585
262,-0.9779336796464055,1.028255332895888,0.02912864090212075,-3.9827143785640278,15.006498239603122
263,-0.9758771689806137,1.0283135901776925,0.029143470450421205,-3.9541195890308,14.790113013065792
264,-0.9738205418002583,1.0283718771185932,0.029156250783790583,-3.9256747449674645,14.576435811962972
265,-0.9717637980460212,1.0284301896201606,0.029166927085366723,-3.897379557479106,14.365439544619239
266,-0.9697069376667808,1.0284885234743315,0.029175443353901542,-3.869233737690056,14.157097316194934
267,-0.9676499606198322,1.0285468743610393,0.029181742381023668,-3.841236996743793,13.951382427822573
268,-0.9655928668711101,1.0286052378458015,0.029185765729078383,-3.8133890458028237,13.748268375744905
269,-0.9635356563954185,1.0286636093772596,0.02918745370772413,-3.7856895960485457,13.547728850454595
270,-0.961478329176664,1.0287219842846747,0.02918674535044019,-3.7581383586811206,13.3497377358358
271,-0.9594208852080947,1.0287803577753756,0.029183578391700493,-3.7307350449193115,13.154269108307231
272,-0.9573633244925439,1.0288387249321589,0.02917788924241549,-3.7034793660003236,12.9612972359671
273,-0.9553056470426796,1.028897080710644,0.02916961296599574,-3.6763710331796235,12.770796577739706
274,-0.9532478528812584,1.0289554199365758,0.029158683253704964,-3.649409757730749,12.582741782523696
275,-0.9511899420413852,1.0290137373030832,0.029145032400412774,-3.622595250945098,12.397107688342118
276,-0.949131914566779,1.029072027367884,0.02912859127928158,-3.5959272241317106,12.213869321494062
277,-0.9470737705120432,1.0291302845504424,0.02910928931663115,-3.5694053886170347,12.033001895708146
278,-0.9450155099429424,1.0291885031290755,0.029087054466181428,-3.543029455744672,11.854480811297615
279,-0.9429571329366843,1.0292466772380078,0.02906181318409473,-3.5167991368751017,11.678281654317145
280,-0.9408986395822082,1.029304800864376,0.02903349040224157,-3.490714143385412,11.50438019572145
281,-0.9388400299804794,1.0293628678451805,0.02900200950244347,-3.4647741866689805,11.33275239052548
282,-0.9367813042447891,1.0294208718641855,0.028967292290138502,-3.438978978135169,11.163374376966427
283,-0.9347224625010607,1.0294788064487657,0.02892925896751386,-3.413328229208961,10.996222475667315
284,-0.9326635048881632,1.0295366649667008,0.028887828107260205,-3.387821651330632,10.831273188802488
285,-0.9306044315582298,1.0295944406229152,0.028842916624860493,-3.362458955955346,10.668503199264602
286,-0.928545242676984,1.029652126456165,0.028794439752743983,-3.3372398545527697,10.50788936983345
287,-0.9264859384240717,1.0297097153356707,0.02874231101190894,-3.3121640586066445,10.349408742346476
288,-0.9244265189934003,1.0297671999576945,0.02868644218536609,-3.2872312796143497,10.193038536870988
289,-0.922366984593485,1.0298245728420652,0.028626743290294243,-3.2624412290864324,10.038756150878063
290,-0.9203073354478009,1.0298818263286456,0.028563122550728792,-3.2377936185461156,9.886539158418174
291,-0.9182475717951436,1.0299389525737472,0.02849548637033905,-3.2132881595287945,9.736365309298558
292,-0.9161876938899961,1.0299959435464878,0.028423739304361817,-3.1889245635814896,9.588212528262234
293,-0.9141277020029032,1.0300527910250965,0.0283477840318902,-3.164702542262285,9.442058914168786
294,-0.912067596420853,1.0301094865931604,0.028267521329228273,-3.140621807139733,9.297882739176789
295,-0.9100073774476667,1.0301660216358188,0.02818285004129173,-3.116682069792246,9.15566244792804
296,-0.9079470454043951,1.0302223873359013,0.02809366705505134,-3.0928830418074353,9.015376656733382
297,-0.9058866006297233,1.0302785746700114,0.027999867271244483,-3.06922443478145,8.877004152760362
298,-0.9038260434803832,1.030334574404554,0.027901343578617954,-3.0457059603182484,8.740523893222452
299,-0.9017653743315741,1.030390377091711,0.027797986824840137,-3.0223273300288875,8.605915004570157
300,-0.8997045935773906,1.0304459730653608,0.027689685792031682,-2.9990882555307263,8.473156781683647
301,-0.89764370163126,1.0305013524369449,0.02757632716807734,-2.9759884484466403,8.342228687067232
302,-0.8955826989263861,1.030556505091281,0.02745779552215666,-2.9530276204041725,8.213110350045493
303,-0.8935215859162036,1.0306114206823254,0.027333973277210433,-2.9302054830346713,8.085781565961117
304,-0.8914603630748389,1.0306660886288799,0.02720474068573786,-2.9075217479723614,7.960222295374447
305,-0.8893990308975811,1.0307204981102513,0.027069975803817314,-2.884976126853422,7.836412663264771
306,-0.8873375899013606,1.030774638061859,0.02692955446663703,-2.862568331314977,7.714332958233254
307,-0.8852760406252369,1.0308284971707922,0.0267833502646031,-2.840298072994088,7.5939636317076475
308,-0.8832143836308953,1.0308820638713212,0.026631234519713942,-2.8181650635266706,7.4752852971486465
309,-0.8811526195031527,1.0309353263403607,0.026473076262467643,-2.7961690145464004,7.3582787292580045
310,-0.879090748850472,1.0309882724928856,0.02630874221005719,-2.7743096376835483,7.242924863188312
311,-0.8770287723054863,1.0310408899773056,0.026138096744610095,-2.75258664456379,7.1292047937545195
312,-0.8749666905255317,1.031093166170795,0.025961001893026747,-2.7309997468069547,7.017099774647127
313,-0.8729045041931901,1.0311450881745812,0.02577731730672994,-2.709548656025746,6.906591217647131
314,-0.8708422140168409,1.0311966428091943,0.025586900243723676,-2.688233083824387,6.797660691842622
315,-0.8687798207312225,1.0312478166096817,0.02538960555069636,-2.6670527417972387,6.69028992284712
316,-0.8667173250980031,1.0312985958207832,0.02518528564601219,-2.646007341527357,6.58446079201962
317,-0.8646547279063616,1.0313489663920752,0.02497379050563353,-2.625096594584993,6.4801553356863115
318,-0.8625920299735774,1.0313989139730864,0.024754967648155102,-2.604320212526042,6.377355744364027
319,-0.8605292321456313,1.0314484239083825,0.02452866212290239,-2.58367790689044,6.276044361985379
320,-0.8584663352978145,1.0314974812326285,0.024294716498873825,-2.5631693892005,6.176203685125631
321,-0.8564033403353493,1.031546070665626,0.024052970854926414,-2.54279437095918,6.077816362231221
322,-0.854340248194018,1.031594176607336,0.023803262772803535,-2.5225525636483046,5.980865192850024
323,-0.8522770598408034,1.0316417831328817,0.023545427330695645,-2.502443678726708,5.885333126863289
324,-0.8502137762745376,1.0316888739875432,0.023279297099509932,-2.4824674276283307,5.791203263719317
325,-0.8481503985265626,1.0317354325817423,0.02300470214104955,-2.462623521760231,5.698458851668791
326,-0.8460869276613991,1.0317814419860243,0.022721470008324474,-2.4429116725005398,5.607083287001833
327,-0.8440233647774271,1.031826884926041,0.022429425747860776,-2.4233315911963422,5.5170601132867505
328,-0.841959711007575,1.0318717437775367,0.022128391905162914,-2.403882989161486,5.42837302061047
329,-0.8398959675200199,1.031916000561347,0.021818188532041205,-2.3845655776743198,5.341005844820708
330,-0.8378321355188972,1.0319596369384112,0.021498633196870287,-2.365379067975347,5.254942566769756
331,-0.8357682162450204,1.0320026342048048,0.02116954099768975,-2.346323171264818,5.170167311560064
332,-0.8337042109766107,1.0320449732868002,0.020830724578857485,-2.3273975987002187,5.086664347791418
333,-0.8316401210300371,1.0320866347359579,0.020481994149479377,-2.308602061393706,5.00441808680989
334,-0.8295759477605652,1.032127598724257,0.02012315750663518,-2.289936270409429,4.923413081958395
335,-0.8275116925631167,1.0321678450392704,0.019754020061668598,-2.2713999367607913,4.843634027829032
336,-0.8254473568730382,1.0322073530793938,0.0193743848691863,-2.252992771407601,4.765065759517027
337,-0.8233829421668794,1.032246101849132,0.018984052661297213,-2.2347144852531593,4.68769325187644
338,-0.821318449963181,1.0322840699544549,0.0185828218854045,-2.2165647891412172,4.611501618777462
339,-0.8192538818232721,1.0323212355982256,0.01817048874523941,-2.1985433938528756,4.5364761123655
340,-0.8171892393520757,1.0323575765757163,0.017746847247668285,-2.180650010103368,4.462602122321874
341,-0.8151245241989242,1.0323930702702115,0.017311689253496354,-2.1628843485387415,4.38986517512621
342,-0.8130597380583838,1.0324276936487184,0.01686480453315653,-2.1452461197324473,4.318250933320527
343,-0.8109948826710864,1.0324614232577847,0.016405980826839084,-2.1277350341818195,4.24774519477497
344,-0.8089299598245708,1.0324942352194382,0.0159350039109718,-2.1103508023044495,4.178333891955262
345,-0.8068649713541319,1.0325261052272603,0.015451657669363073,-2.0930931344344486,4.110003091191791
346,-0.8047999191436774,1.032557008542599,0.01495572416994051,-2.0759617408186033,4.0427389919503804
347,-0.8027348051265922,1.0325869199909388,0.014446983748017672,-2.058956331612415,3.976527926104732
348,-0.8006696312866104,1.032615813958435,0.0139252150950675,-2.0420766168760163,3.91135635721052
349,-0.7986043996586936,1.032643664388625,0.013390195353890633,-2.02532230656998,3.847210879781173
350,-0.7965391123299164,1.0326704447793327,0.012841700221200014,-2.0086931105509995,3.7840782185652992
351,-0.7944737714403577,1.032696128179775,0.012279504055889845,-1.992188738567444,3.721945227825778
352,-0.7924083791839981,1.032720687187887,0.011703379995475771,-1.9758089002547936,3.6607988906205096
353,-0.7903429378096223,1.0327440939478778,0.011113100079152005,-1.9595533051309317,3.6006263180847937
354,-0.7882774496217265,1.032766320148036,0.010508435378531189,-1.9434216625913245,3.541414748715415
355,-0.7862119169814304,1.032787337018793,0.009889156137043997,-1.9274136819040468,3.483151547656303
356,-0.7841463423073929,1.0328071153310672,0.009255031916444167,-1.9115290722046854,3.425824205985906
357,-0.7820807280767308,1.0328256253949002,0.008605831752195314,-1.8957675424910936,3.369420340006151
358,-0.780015076825941,1.0328428370584046,0.007941324317739529,-1.8801288016180109,3.313927690533089
359,-0.7779493911518242,1.03285871970704,0.007261278097114854,-1.8646125582915278,3.259334122189129
360,-0.7758836737124101,1.0328732422632343,0.0065654615676535855,-1.8492185210634122,3.205627622696936
361,-0.7738179272278836,1.0328863731863696,0.005853643390674179,-1.8339463983252864,3.1527963021749543
362,-0.7717521544815108,1.032898080473151,0.005125592614074748,-1.818795898302641,3.1008283924345297
363,-0.7696863583205645,1.032908331658379,0.00438107888225403,-1.8037667290487096,3.0497122462786868
364,-0.7676205416572478,1.0329170938161436,0.003619872658822132,-1.7888585984381695,2.9994363368024866
365,-0.7655547074696155,1.0329243335614613,0.0028417454581930457,-1.7740712141606958,2.9499892566950137
366,-0.7634888588024926,1.0329300170523776,0.0020464700881905884,-1.759404283714349,2.901359717542991
367,-0.7614229987683878,1.0329341099925538,0.0012338209040230197,-1.7448575143987983,2.853536549135943
368,-0.7593571305484027,1.032936577634362,0.00040357407371516274,-1.7304306133083722,2.8065086987730075
369,-0.757291257393134,1.0329373847825094,-0.00044449214606778753,-1.7161232873249561,2.760265230571322
370,-0.755225382623569,1.0329364957982172,-0.001310597121895185,-1.7019352431107013,2.714795324775983
371,-0.7531595096319725,1.0329338746039733,-0.002194957542744902,-1.6878661871005736,2.6700882770716223
372,-0.7510936418827646,1.032929484688888,-0.0030977871084303388,-1.6739158254947188,2.62613349789552
373,-0.7490277829133869,1.032923289114671,-0.004019296205592937,-1.660083864250661,2.5829205117523206
374,-0.7469619363351575,1.0329152505222599,-0.0049596915699279265,-1.6463700090753157,2.5404389565303145
375,-0.744896105834113,1.0329053311391199,-0.005919175937885157,-1.6327739654168185,2.4986785828192444
376,-0.7428302951718347,1.0328934927872442,-0.006897947683315309,-1.6192954384561893,2.457629253229721
377,-0.7407645081862603,1.0328796968918776,-0.007896200443591184,-1.6059341330987964,2.4172809417141368
378,-0.7386987487924765,1.0328639044909906,-0.008914122730896423,-1.5926897539656444,2.3776237328891554
379,-0.7366330209834946,1.0328460762455287,-0.009951897532145537,-1.5795620053844783,2.3386478213597166
380,-0.7345673288310035,1.0328261724504646,-0.011009701893760493,-1.5665505913806992,2.3003435110445873
381,-0.7325016764861025,1.0328041530466772,-0.012087706496011208,-1.5536552156680938,2.262701214503411
382,-0.7304360681800092,1.0327799776336852,-0.013186075212034964,-1.5408755816393798,2.2257114522653
383,-0.7283705082247418,1.0327536054832611,-0.014304964654732188,-1.528211392356561,2.1893648521589144
384,-0.7263050010137753,1.0327249955539517,-0.015444523711227731,-1.515662350541096,2.1536521486440523
385,-0.7242395510226673,1.0326941065065292,-0.016604893063476567,-1.5032281585638794,2.118564182144718
386,-0.7221741628096543,1.0326608967204023,-0.01778620469701231,-1.4909085184350361,2.084091898383693
387,-0.7201088410162135,1.0326253243110082,-0.018988581396550686,-1.4787031317935349,2.050226347718583
388,-0.7180435903675915,1.032587347148215,-0.020212136229957878,-1.466611699896608,2.016958684479314
389,-0.715978415673295,1.0325469228757551,-0.021456972019606724,-1.4546339236089907,1.9842801663071052
390,-0.7139133218275435,1.032504008931716,-0.02272318080271951,-1.4427695033919832,1.9521821534948982
391,-0.7118483138096801,1.0324585625701104,-0.024010843280297678,-1.4310181392923205,1.920656108329205
392,-0.7097833966845398,1.0324105408835498,-0.02532002825410551,-1.4193795309308777,1.8896935944334217
393,-0.7077185756027727,1.0323599008270417,-0.026650792055260553,-1.4078533774911897,1.8592862761125435
394,-0.7056538558011186,1.0323065992429312,-0.028003177961277714,-1.3964393777077975,1.829425917699299
395,-0.7035892426026328,1.0322505928870087,-0.02937721560494211,-1.3851372298544324,1.8001043829017085
396,-0.7015247414168587,1.0321918384557989,-0.030772920373678403,-1.3739466317320228,1.771313634152011
397,-0.6994603577399471,1.0321302926150515,-0.03219029280194796,-1.362867280656552,1.743045731957007
398,-0.697396097154717,1.0320659120294478,-0.033629317956362925,-1.3518988734467452,1.715292834249754
399,-0.6953319653306581,1.031998653393535,-0.03508996481431659,-1.341041106411612,1.688047195742647
400,-0.693267968023871,1.0319284734639065,-0.036572185637284704,-1.3302936753378356,1.661301167281846
401,-0.6912041110769432,1.031855329092632,-0.03807591534048527,-1.3196562754770258,1.6350471952030494
402,-0.689140400418758,1.0317791772619511,-0.03960107085871911,-1.309128601532834,1.6092778206886136
403,-0.6870768420642341,1.0316999751202338,-0.04114755051065622,-1.2987103476479356,1.583985679125988
404,-0.6850134421139936,1.0316176800192125,-0.04271523336218941,-1.2884012073908966,1.559163499467466
405,-0.6829502067539552,1.0315322495524881,-0.04430397858952162,-1.2782008737429258,1.5348041035912479
406,-0.6808871422548503,1.031443641595309,-0.04591362484536177,-1.2681090390845184,1.5109004056637856
407,-0.6788242549716597,1.0313518143456182,-0.047543989628184846,-1.258125395182008,1.487445411503421
408,-0.6767615513429684,1.0312567263663617,-0.04919486865548883,-1.248249633174026,1.4644322179452827
409,-0.6746990378902358,1.0311583366290509,-0.050866035244467867,-1.2384814435578924,1.4418540122074561
410,-0.6726367212169777,1.0310566045585619,-0.052557239700812275,-1.2288205161759347,1.4197040712583915
411,-0.6705746080078606,1.0309514900791603,-0.05426820871692328,-1.2192665402017557,1.397975761185555
412,-0.6685127050277023,1.0308429536617265,-0.055998644782562224,-1.2098192041264575,1.3766625365653054
413,-0.6664510191203789,1.0307309563721614,-0.057748225609222104,-1.2004781957448367,1.3557579398339858
414,-0.6643895572076345,1.030615459920943,-0.059516603569909066,-1.1912432021415642,1.3352556006602192
415,-0.6623283262877926,1.030496426713803,-0.061303405156820645,-1.1821139096773596,1.3151492353183938
416,-0.660267333434365,1.0303738199034893,-0.06310823045962977,-1.173090003975186,1.2954326460633412
417,-0.6582065857945579,1.03024760344257,-0.06493065266521825,-1.1641711699064587,1.2760997205061657
418,-0.6561460905876728,1.0301177421372396,-0.06677021758183521,-1.1553570915773135,1.2571444309912563
419,-0.6540858551033983,1.029984201702076,-0.06862644319092226,-1.146647452314922,1.238560833974429
420,-0.6520258866999942,1.0298469488156943,-0.07049881922682744,-1.138041934653896,1.2203430694022197
421,-0.6499661928023628,1.0297059511772404,-0.07238680678938181,-1.1295402203227782,1.2024853600922982
422,-0.6479067809000083,1.0295611775636617,-0.07428983798938305,-1.1211419902306548,1.1849820111150047
423,-0.645847658544881,1.0294125978876831,-0.07620731563058314,-1.112846924453897,1.1678274091759864
424,-0.6437888333491056,1.029260183256422,-0.07813861293199942,-1.1046547022230604,1.1510160219999428
425,-0.6417303129825928,1.029103906030558,-0.08008307328966069,-1.0965650019099575,1.1345423977154465
426,-0.6396721051705316,1.0289437398839785,-0.08204001008391693,-1.0885775010149275,1.1184011642408584
427,-0.6376142176907637,1.0287796598638106,-0.08400870653288983,-1.0806918761543223,1.102587028671296
428,-0.635556658371036,1.0286116424507448,-0.08598841559432913,-1.0729078030482377,1.0870947766666763
429,-0.6334994350861345,1.028439665619556,-0.08797835991973812,-1.0652249565085041,1.0719192718408035
430,-0.6314425557548954,1.0282637088997166,-0.08997773186179003,-1.0576430104269703,1.0570554551515103
431,-0.629386028337096,1.028083753435993,-0.09198569353872088,-1.050161637764097,1.042498344291829
432,-0.627329860830224,1.0278997820489155,-0.09400137695680932,-1.0427805105378838,1.0282430330821952
433,-0.6252740612661262,1.027711779295002,-0.09602388419387431,-1.0354992998131727,1.0142846908636889
434,-0.6232186377075362,1.0275197315266142,-0.0980522876458334,-1.0283176756913222,1.0006185618922707
435,-0.621163598244483,1.0273236269513224,-0.10008563033867546,-1.0212353073003138,0.9872399647340586
436,-0.6191089509905803,1.0271234556906452,-0.1021229263066914,-1.0142518627852868,0.9741442916615939
437,-0.6170547040791989,1.026919209838032,-0.10416316104113754,-1.0073670092995526,0.9613270080511245
438,-0.6150008656595228,1.0267108835159495,-0.10620529200773277,-1.0005804129960985,0.9487836517808855
439,-0.6129474438924909,1.026498472931934,-0.10824824923743037,-0.9938917390196209,0.9365098326303816
440,-0.610894446946627,1.0262819764334592,-0.11029093598962092,-0.987300651499104,0.9245012316806631
441,-0.6088418829937601,1.02606139456148,-0.1123322294917628,-0.9808068135409869,0.9127536007156056
442,-0.6067897602046372,1.0258367301024969,-0.11437098175219873,-0.9744098872229292,0.9012627616241813
443,-0.6047380867444322,1.0256079881389923,-0.1164060204516204,-0.9681095335882218,0.8900246058037318
444,-0.6026868707681542,1.0253751760980891,-0.11843614990980633,-0.9619054126408529,0.8790350935642327
445,-0.600636120415958,1.0251383037982695,-0.12046015212985317,-0.9557971833412792,0.8682902535335741
446,-0.5985858438083616,1.0248973834940098,-0.12247678792034478,-0.9497845036028985,0.8577861820638266
447,-0.5965360490413736,1.0246524299181692,-0.1244847980935937,-0.9438670302892854,0.8475190426385314
448,-0.5944867441815372,1.024403460321982,-0.12648290474048807,-0.9380444192121955,0.8374850652810016
449,-0.5924379372608932,1.024150494512501,-0.1284698125819439,-0.9323163251303686,0.827680545963642
450,-0.5903896362718682,1.0238935548873374,-0.13044421039314358,-0.9266824017491645,0.8181018460182988
451,-0.5883418491620935,1.0236326664665512,-0.13240477250282545,-0.921142301721046,0.8087453915476456
452,-0.5862945838291604,1.0233678569215454,-0.1343501603627839,-0.9156956766469486,0.7996076728376232
453,-0.5842478481153174,1.0230991566008198,-0.1362790241872247,-0.9103421770785398,0.7906852437709213
454,-0.5822016498021158,1.0228265985524454,-0.13819000465966624,-0.9050814525214175,0.7819747212415501
455,-0.5801559966050108,1.022550218543126,-0.14008173470387852,-0.8999131514392484,0.7734727845704771
456,-0.5781108961679245,1.0222700550737185,-0.141952841316062,-0.8948369212588778,0.7651761749223702
457,-0.5760663560577771,1.0219861493910862,-0.14380194745649,-0.8898524083764316,0.7570816947234532
458,-0.574022383758995,1.0216985454961731,-0.14562767399453058,-0.8849592581644257,0.7491862070804843
459,-0.5719789866680026,1.0214072901481839,-0.14742864170487202,-0.8801571149799006,0.7414866352008873
460,-0.5699361720877063,1.0211124328647743,-0.1492034733101999,-0.8754456221736047,0.7339799618140481
461,-0.5678939472219767,1.020814025918154,-0.1509507955669953,-0.8708244221002314,0.7266632285937935
462,-0.5658523191701404,1.02051212432702,-0.15266924138610527,-0.8662931561297317,0.7195335355820854
463,-0.5638112949214864,1.0202067858442478,-0.1543574519882629,-0.8618514646597047,0.7125880406139342
464,-0.5617708813497979,1.0198980709402712,-0.15601407908425458,-0.8574989871288909,0.7058239587435788
465,-0.5597310852079174,1.0195860427821026,-0.15763778707804654,-0.853235362031763,0.6992385616719409
466,-0.5576919131223531,1.0192707672079464,-0.15922725528434434,-0.8490602269342191,0.6928291771753793
467,-0.5556533715879373,1.0189523126973778,-0.16078118015583343,-0.8449732184904046,0.6865931885357912
468,-0.5536154669625425,1.0186307503370662,-0.16229827751468306,-0.8409739724606329,0.680528033972062
469,-0.5515782054618683,1.0183061537820368,-0.1637772847796981,-0.8370621237304332,0.6746312060729134
470,-0.5495415931543043,1.0179785992124772,-0.16521696318592127,-0.8332373063307079,0.6689002512311746
471,-0.5475056359558793,1.0176481652861056,-0.16661609998602778,-0.8294991534590018,0.6633327690795067
472,-0.5454703396253071,1.0173149330861335,-0.16797351063186916,-0.8258472975018752,0.6579264119276131
473,-0.5434357097591348,1.01697898606487,-0.16928804092430916,-0.8222813700583704,0.6526788842009713
474,-0.5414017517870051,1.0166404099830213,-0.17055856912913114,-0.8188010019645675,0.6475879418811239
475,-0.5393684709670391,1.016299292844763,-0.17178400804960248,-0.8154058233192084,0.6426513919475608
476,-0.5373358723813496,1.0159557248286637,-0.17296330704970053,-0.8120954635103785,0.6378670918212261
477,-0.5353039609316923,1.0156097982145642,-0.1740954540224937,-0.8088695512432252,0.6332329488096954
478,-0.5332727413352631,1.015261607306519,-0.1751794772955506,-0.8057277145686992,0.6287469195540567
479,-0.5312422181206501,1.014911248351928,-0.17621444746893644,-0.8026695809132863,0.6244070094775365
480,-0.5292123956239463,1.0145588194569901,-0.17719947917749224,-0.7996947771097135,0.620211272235905
481,-0.5271832779850323,1.0142044204986351,-0.1781337327746435,-0.7968029294285957,0.616157809169707
482,-0.525154869144035,1.0138481530330858,-0.17901641592894535,-0.793993663611,0.6122447687583592
483,-0.5231271728379688,1.013490120201228,-0.17984678512883434,-0.7912666049018918,0.6084703460761526
484,-0.5211001925975663,1.0131304266309704,-0.18062414709265617,-0.7886213780844228,0.6048327822501959
485,-0.5190739317443044,1.0127691783367851,-0.18134786007535375,-0.786057607515042,0.6013303639203594
486,-0.5170483933876309,1.0124064826166341,-0.18201733507159368,-0.7835749171593699,0.5979614227012409
487,-0.5150235804223976,1.0120424479464911,-0.18263203690724872,-0.7811729306288117,0.5947243346462138
488,-0.5129994955265046,1.0116771838726766,-0.18319148521923623,-0.7788512712178602,0.5916175197135847
489,-0.5109761411587592,1.011310800902238,-0.18369525531771735,-0.7766095619420454,0.5886394412349186
490,-0.5089535195569548,1.0109434103916024,-0.18414297892870302,-0.774447425576485,0.5857886053855598
491,-0.5069316327361716,1.010575124433745,-0.18453434481564557,-0.7723644846949879,0.5830635606574032
492,-0.5049104824873041,1.0102060557441137,-0.18486909927686312,-0.7703603617096627,0.5804628973339503
493,-0.5028900703758159,1.00983631754556,-0.18514704651750868,-0.7684346789109793,0.5779852469676985
494,-0.5008703977407247,1.009466023452525,-0.18536804889599523,-0.766587058508231,0.5756292818598978
495,-0.49885146569381966,1.009095287354733,-0.18553202704318927,-0.764817122670347,0.5733937145427253
496,-0.4968332751191102,1.0087242233006466,-0.18563895985503898,-0.7631244935669989,0.5712772972639126
497,-0.4948158266725089,1.0083529453809363,-0.18568888435916975,-0.7615087934099448,0.5692788214738689
498,-0.49279912078174704,1.007981567612218,-0.18568189545566938,-0.7599696444945583,0.5673971173153368
499,-0.4907831576465226,1.0076102038213064,-0.18561814553432754,-0.7585066692414861,0.5656310531156312
500,-0.48876793723887996,1.007238967530238,-0.1854978439694399,-0.757119490238372,0.5639795348814798
501,-0.48675345930381947,1.006867971842299,-0.18532125649501907,-0.7558077302815965,0.5624415057965234
502,-0.4847397233601349,1.006497329329309,-0.18508870446232173,-0.7545710124179711,0.5610159457215016
503,-0.48272672870147626,1.0061271519203843,-0.1848005639844441,-0.7534089599863286,0.5597018706971588
504,-0.4807144743976355,1.0057575507924155,-0.1844572649688292,-0.7523211966589601,0.5584983324499191
505,-0.47870295929605067,1.0053886362624778,-0.18405929004470245,-0.7513073464828223,0.5574044179003351
506,-0.4766921820235257,1.0050205176823885,-0.1836071733865019,-0.7503670339204903,0.5564192486743892
507,-0.4746821409881609,1.0046533033356155,-0.18310149944165133,-0.7494998838907648,0.5555419806176264
508,-0.47267283438148966,1.0042871003367322,-0.18254290156276554,-0.7487055218089027,0.5547718033121904
509,-0.4706642601808162,1.0039220145336065,-0.1819320605544572,-0.747983573626409,0.5541079395967725
510,-0.46865641615174897,1.0035581504124975,-0.18126970313581126,-0.7473336658703326,0.5535496450895029
511,-0.46664929985092396,1.003195611006226,-0.18055660032660903,-0.7467554256820234,0.5530962077138173
512,-0.4646429086289115,1.0028344978055728,-0.1797935657635641,-0.7462484808552867,0.5527469472273162
513,-0.46263723963330033,1.0024749106740456,-0.17898145394927845,-0.7458124598739007,0.552501214753649
514,-0.46063228981195226,1.0021169477661471,-0.17812115844351162,-0.7454469919484336,0.552358392317435
515,-0.45862805591642,1.00176070544926,-0.17721361000111457,-0.7451517070523265,0.5523178923822527
516,-0.45662453450552143,1.0014062782292579,-0.17625977466391163,-0.7449262359571941,0.552379157391711
517,-0.4546217219490629,1.00105375867993,-0.17526065180986095,-0.7447702102672907,0.5525416593136175
518,-0.45261961443170307,1.0007032373763103,-0.17421727217090677,-0.7446832624531172,0.552804899187266
519,-0.45061820795695046,1.0003548028319684,-0.1731306958203449,-0.744665025884124,0.5531684066738634
520,-0.4486174983512865,1.0000085414403277,-0.17200201013944927,-0.7447151348604589,0.5536317396100819
521,-0.44661748126840584,0.9996645374200487,-0.17083232776879953,-0.7448332246437517,0.5541944835647903
522,-0.44461815219356576,0.999322872764511,-0.1696227845478182,-0.7450189314868851,0.5548562513989372
523,-0.4426195064480367,0.9989836271954153,-0.16837453745299769,-0.7452718926627246,0.5556166828286163
524,-0.4406215391936459,0.9986468781205093,-0.16708876253568317,-0.7455917464917863,0.5564754439913117
525,-0.43862424543740486,0.998312700595438,-0.165766652868915,-0.7459781323688097,0.5574322270153301
526,-0.43662762003621397,0.9979811672897002,-0.1644094165057286,-0.746430690788218,0.5584867495924281
527,-0.4346316577016346,0.9976523484566887,-0.16301827445606154,-0.7469490633684486,0.5596387545536331
528,-0.4326363530047212,0.9973263119077765,-0.1615944586863982,-0.7475328928751216,0.5608880094482551
529,-0.43064170038090566,0.9970031229904037,-0.1601392101460819,-0.7481818232430524,0.5622343061261014
530,-0.4286476941349249,0.9966828445701115,-0.1586537768274665,-0.7488954995970731,0.5636774603228751
531,-0.42665432844578466,0.9963655370164565,-0.15713941186032976,-0.749673568271674,0.5652173112487747
532,-0.42466159737175174,0.9960512581927359,-0.15559737164727583,-0.7505156768294344,0.5668537211802633
533,-0.42266949485536626,0.9957400634494413,-0.15402891404332486,-0.7514214740782571,0.5685865750550307
534,-0.4206780147284674,0.9954320056213546,-0.1524352965814435,-0.7523906100873955,0.5704157800701233
535,-0.4186871507172247,0.9951271350281916,-0.15081777474978963,-0.7534227362022593,0.5723412652832263
536,-0.4166968964471683,0.994825499478692,-0.14917760032138183,-0.7545175050580263,0.5743629812171136
537,-0.4147072454482109,0.9945271442780494,-0.14751601973874706,-0.7556745705920396,0.5764808994672284
538,-0.4127181911596548,0.994232112238572,-0.14583427255823178,-0.7568935880550085,0.5786950123123976
539,-0.4107297269351777,0.9939404436934554,-0.14413358995228887,-0.7581742140210197,0.5810053323286644
540,-0.4087418460477908,0.9936521765135509,-0.14241519327460317,-0.7595161063963544,0.5834118920062068
541,-0.4067545416947637,0.9933673461270017,-0.14068029268794469,-0.7609189244271461,0.5859147433693628
542,-0.4047678070025097,0.9930859855416259,-0.13893008585641464,-0.7623823287058764,0.5885139575997091
543,-0.40278163503142644,0.992808125369913,-0.13716575670210673,-0.7639059811767187,0.591209624662192
544,-0.4007960187806866,0.9925337938565089,-0.13538847422855937,-0.765489545139767,0.5940018529342963
545,-0.3988109511929736,0.9922630169080516,-0.13359939141008859,-0.7671326852541456,0.5968907688382208
546,-0.3968264251591575,0.9919958181252314,-0.13179964414722356,-0.7688350675400365,0.5998765164760522
547,-0.39484243352290704,0.991732218836937,-0.12999035028899986,-0.7705963593796291,0.6029592572679005
548,-0.39285896908523316,0.991472238136359,-0.12817260872137748,-0.7724162295170359,0.6061391695929971
549,-0.3908760246089604,0.9912158929189162,-0.12634749852147298,-0.7742943480571726,0.6094164484337066
550,-0.3888935928231226,0.9909631979218732,-0.12451607817660637,-0.776230386463649,0.6127913050224532
551,-0.3869116664272788,0.9907141657655198,-0.12267938486871799,-0.7782240175556813,0.6162639664915178
552,-0.3849302380957478,0.9904688069957825,-0.12083843382055814,-0.7802749155040642,0.6198346755257002
553,-0.38294930048175624,0.9902271301281415,-0.11899421770671381,-0.7823827558262185,0.6235036900178037
554,-0.38096884622149996,0.9899891416927281,-0.11714770612269998,-0.7845472153803503,0.62727128272693
555,-0.3789888679381145,0.9897548462804827,-0.11529984511671199,-0.786767972358755,0.6311377409395604
556,-0.37700935824555354,0.9895242465902493,-0.11345155677817687,-0.7890447062802737,0.6351033661333739
557,-0.37503030975237306,0.989297343476693,-0.11160373888268182,-0.7913770979819632,0.6391684736438087
558,-0.3730517150654197,0.9890741359989276,-0.10975726459321322,-0.7937648296099841,0.6433333923333213
559,-0.3710735667934218,0.9888546214697412,-0.10791298221379808,-0.796207584609755,0.6475984642633204
560,-0.3690958575504823,0.9886387955053135,-0.1060717149954371,-0.7987050477153849,0.6519640443687378
561,-0.36711857995947167,0.9884266520753227,-0.10423426098999933,-0.8012569049384373,0.6564305001352401
562,-0.365141726655321,0.9882181835533426,-0.10240139295449868,-0.8038628435560375,0.6609982112790083
563,-0.3631652902882143,0.9880133807674336,-0.10057385829846943,-0.8065225520983719,0.6656675694291108
564,-0.36118926352667946,0.9878122330508367,-0.09875237907679413,-0.8092357203355864,0.6704389778123854
565,-0.3592136390605778,0.987614728292683,-0.09693765202396509,-0.8120020392641428,0.6753128509408548
566,-0.35723840960399245,0.9874208529886351,-0.09513034862724812,-0.8148212010926458,0.6802896143016139
567,-0.35526356789801516,0.9872305922913805,-0.09333111523903703,-0.8176928992271716,0.6853697040491756
568,-0.3532891067134324,0.9870439300609026,-0.0915405732231589,-0.820616828256139,0.6905535667002448
569,-0.35131501885331057,0.9868608489144564,-0.08975931913650648,-0.8235926839347433,0.6958416588308953
570,-0.3493412971554817,0.9866813302761834,-0.08798792494137953,-0.826620163168983,0.7012344467761171
571,-0.3473679344949293,0.9865053544263007,-0.08622693824771321,-0.8296989639993186,0.7067324063317184
572,-0.3453949237860767,0.9863329005498053,-0.08447688258337305,-0.8328287855839719,0.7123360224585352
573,-0.3434222579849771,0.9861639467846385,-0.08273825768949639,-0.8360093281819241,0.7180457889889567
574,-0.34144993009140784,0.9859984702692596,-0.08101153984125808,-0.8392402931356011,0.7238622083356904
575,-0.3394779331508693,0.985836447189577,-0.07929718218917525,-0.8425213828533161,0.7297857912028022
576,-0.33750626025649016,0.9856778528251986,-0.0775956151217061,-0.8458523007914532,0.7358170562989388
577,-0.3355349045508398,0.9855226615949553,-0.07590724664605641,-0.8492327514364545,0.7419565300527698
578,-0.33356385922764986,0.985370847101663,-0.07423246278679407,-0.8526624402866154,0.7482047463305861
579,-0.33159311753344656,0.9852223821760893,-0.07257162799767514,-0.8561410738337072,0.7545622461560276
580,-0.3296226727690944,0.9850772389200939,-0.07092508558967925,-0.8596683595444727,0.7610295774319475
581,-0.3276525182912542,0.9849353887489146,-0.06929315816905923,-0.8632440058420012,0.7676072946643635
582,-0.32568264751375636,0.9847968024325764,-0.06767614808786959,-0.8668677220870032,0.7742959586884686
583,-0.3237130539088912,0.9846614501364007,-0.06607433790171147,-0.8705392185590176,0.7810961363967038
584,-0.3217437310086184,0.9845293014605973,-0.06448799083744738,-0.8742582064375689,0.7880084004688479
585,-0.31977467240569724,0.9844003254789224,-0.06291735126608966,-0.8780243977832799,0.7950333291041012
586,-0.3178058717547394,0.9842744907763901,-0.06136264518179502,-0.8818375055189888,0.8021715057551687
587,-0.3158373227731866,0.9841517654860265,-0.05982408068423428,-0.8856972434108514,0.8094235188642783
588,-0.31386901924221455,0.9840321173246579,-0.05830184846513653,-0.8896033260494833,0.8167899616011527
589,-0.31190095500756526,0.9839155136277277,-0.05679612229618769,-0.8935554688311307,0.8242714316028908
590,-0.3099331239803098,0.9838019213831354,-0.055307059517617496,-0.8975533879388998,0.8318685307157461
591,-0.3079655201375435,0.9836913072641001,-0.05383480152691966,-0.9015968003240612,0.8395818647387875
592,-0.3059981375230153,0.9835836376610463,-0.05237947426839362,-0.9056854236874313,0.8474120431694033
593,-0.3040309702476932,0.9834788787125095,-0.050941188718223174,-0.9098189764608682,0.8553596789506708
594,-0.3020640124902682,0.983376996335073,-0.04952004136873356,-0.9139971777888556,0.8634253882205036
595,-0.30009725849759805,0.9832779562523356,-0.04811611470965094,-0.9182197475102442,0.871609790062653
596,-0.2981307025850934,0.9831817240229164,-0.04672947770516522,-0.9224864061401075,0.8799135062594566
597,-0.29616433913704754,0.983088265067506,-0.04536018626595251,-0.9267968748517473,0.8883371610463648
598,-0.2941981626069125,0.9829975446949742,-0.04400828371644572,-0.9311508754588707,0.8968813808682283
599,-0.29223216751752257,0.9829095281275414,-0.042673801257331334,-0.9355481303979267,0.9055467941373128
600,-0.2902663484612675,0.9828241805250267,-0.0413567584206298,-0.9399883627106229,0.9143340309930371
601,-0.2883007001002174,0.9827414670081854,-0.040057163519313654,-0.9444712960266249,0.9232437230634121
602,-0.28633521716620103,0.9826613526811467,-0.03877501408895423,-0.9489966545464597,0.9322765032281801
603,-0.2843698944608387,0.9825838026529689,-0.037510297323106734,-0.953564163024615,0.9414330053836248
604,-0.28240472685553275,0.9825087820583227,-0.03626299050003556,-0.958173546752844,0.9507138642090389
605,-0.2804397092914161,0.9824362560773225,-0.03503306140297813,-0.9628245315436924,0.9601197149348497
606,-0.27847483677926144,0.9823661899545164,-0.0338204687301058,-0.9675168437142393,0.9696511931123757
607,-0.2765101043993524,0.9822985490170563,-0.03262516249795677,-0.9722502100700737,0.9793089343852148
608,-0.2745455073013183,0.9822332986920603,-0.03144708443525435,-0.9770243578894913,0.9890935742622363
609,-0.2725810407039342,0.9821704045231897,-0.030286168368576227,-0.9818390149079327,0.9990057478921754
610,-0.2706166998948878,0.9821098321864526,-0.029142340598098393,-0.986693909302655,1.0090460898398206
611,-0.2686524802305149,0.9820515475052563,-0.028015520266100324,-0.9915887696776571,1.0192152338637817
612,-0.2666883771355044,0.9819955164647243,-0.02690561971372407,-0.9965233250488293,1.0295138126958086
613,-0.264724386102575,0.9819417052252968,-0.025812544831693707,-1.001497304829377,1.0399424578217014
614,-0.26276050269212436,0.9818900801356335,-0.02473619539939964,-1.0065104388154666,1.050501799263731
615,-0.2607967225318531,0.9818406077448348,-0.023676465415745085,-1.0115624571721464,1.0611924653646314
616,-0.2588330413163634,0.9817932548140033,-0.02263324342082207,-1.0166530904195,1.0720150825730985
617,-0.2568694548067354,0.9817479883271615,-0.021606412808350406,-1.0217820694190718,1.0829702752308301
618,-0.25490595883008105,0.9817047755015448,-0.0205958521283911,-1.0269491253605307,1.0940586653610644
619,-0.25294254927907794,0.981663583797288,-0.01960143538188852,-1.032153989748598,1.1052808724586354
620,-0.2509792221114834,0.9816243809265242,-0.018623032305575826,-1.0373963943902271,1.1166375132815178
621,-0.24901597334963033,0.981587134861913,-0.017660508647687756,-1.0426760713820376,1.1281292016438746
622,-0.2470527990799065,0.9815518138446175,-0.016713726435813037,-1.047992753098003,1.1397565482105794
623,-0.24508969545221726,0.9815183863917459,-0.01578254423451053,-1.0533461721773922,1.1515201602932164
624,-0.24312665867943375,0.981486821303277,-0.014866817395975396,-1.0587360615129653,1.1634206416475676
625,-0.2411636850368272,0.981457087668485,-0.01396639830020252,-1.064162154239415,1.1754585922725462
626,-0.23920077086149022,0.9814291548718846,-0.01308113658848864,-1.0696241837220657,1.1876346082106035
627,-0.23723791255174645,0.9814029925987077,-0.012210879387941631,-1.0751218835458076,1.19994928134958
628,-0.23527510656654904,0.9813785708399317,-0.011355471527418892,-1.080654987504297,1.2124031992260262
629,-0.23331234942486917,0.9813558598968769,-0.010514755746182658,-1.0862232295893768,1.2249969448299423
630,-0.2313496377050754,0.9813348303853845,-0.009688572894450687,-1.0918263439807636,1.237731096410985
631,-0.22938696804430464,0.9813154532395956,-0.008876762126308613,-1.0974640650359562,1.2506062272860954
632,-0.22742433713782545,0.981297699715343,-0.008079161084784126,-1.1031361272803868,1.2636229056485537
633,-0.22546174173839476,0.9812815413931733,-0.007295606079926742,-1.1088422653978136,1.2767816943784858
634,-0.22349917865560842,0.9812669501810134,-0.006525932260026401,-1.1145822142209383,1.2900831508547725
635,-0.2215366447552464,0.9812538983164935,-0.005769973774505388,-1.1203557087222553,1.303527826768394
636,-0.21957413695861341,0.9812423583689444,-0.005027563931658818,-1.1261624840051296,1.3171162679371908
637,-0.21761165224187554,0.9812323032410811,-0.004298535348512544,-1.1320022752950936,1.3308490141220304
638,-0.21564918763539337,0.981223706170384,-0.003582720094552627,-1.1378748179313734,1.3447265988444101
639,-0.2136867402230526,0.981216540730195,-0.00287994982903772,-1.1437798473586198,1.3587495492054436
640,-0.2117243071415922,0.9812107808305369,-0.0021900559325160884,-1.1497170991188712,1.3729183857062859
641,-0.20976188557993114,0.9812064007186718,-0.001512869631414837,-1.1556863088437062,1.3872336220699266
642,-0.2077994727784938,0.9812033749794089,-0.0008482221184324956,-1.1616872122466255,1.4016957650644344
643,-0.205837066028535,0.9812016785351722,-0.0001959446650490193,-1.1677195451156248,1.416305314327566
644,-0.20387466267146465,0.9812012866458422,0.0004441312693170829,-1.1737830433059715,1.4310627621927918
645,-0.20191226009817295,0.9812021749083809,0.0010721739354346838,-1.1798774427331828,1.4459685935167264
646,-0.1999498557483562,0.9812043192562516,0.0016883511946730323,-1.1860024793661996,1.46102328550795
647,-0.1979874471098437,0.9812076959586409,0.002292830428407555,-1.192157889220739,1.4762273075572279
648,-0.19602503171792643,0.9812122816194976,0.0028857784488245386,-1.1983434083528541,1.4915811210691312
649,-0.19406260715468743,0.9812180531763953,0.003467361416387149,-1.2045587728526614,1.5070851792950513
650,-0.19210017104833463,0.9812249878992282,0.004037744760543305,-1.2108037188382639,1.522739927167617
651,-0.19013772107253618,0.9812330633887493,0.004597093105562777,-1.2170779824498252,1.538545801136477
652,-0.18817525494575868,0.9812422575749606,0.005145570201303684,-1.223381299843853,1.5545032290055192
653,-0.18621277043060877,0.9812525487153632,0.0056833388558885645,-1.2297134071876308,1.5706126297714673
654,-0.18425026533317804,0.9812639153930749,0.006210560874420068,-1.2360740406538135,1.5868744134638395
655,-0.18228773750239188,0.9812763365148238,0.0067273970008496775,-1.2424629364152018,1.603288980986354
656,-0.18032518482936225,0.9812897913088255,0.007234006863043874,-1.248879830639669,1.619856723959706
657,-0.1783626052467446,0.9813042593225515,0.007730548921380809,-1.2553244594852389,1.6365780245657067
658,-0.1763999967280995,0.9813197204203942,0.008217180421965509,-1.2617965590953322,1.6534532553928867
659,-0.1744373572872587,0.9813361547812383,0.00869405735126616,-1.2682958655941405,1.67048277928341
660,-0.17247468497769622,0.9813535428959408,0.009161334395679788,-1.2748221150821752,1.6876669491814593
661,-0.17051197789190434,0.9813718655647321,0.00961916490198611,-1.2813750436319358,1.705006107982963
662,-0.16854923416077489,0.9813911038945361,0.010067700843485738,-1.2879543872837271,1.7225005883867441
663,-0.16658645195298583,0.9814112392962232,0.010507092786071759,-1.2945598820416222,1.7401507127470615
664,-0.16462362947439338,0.9814322534817952,0.010937489859141891,-1.3011912638695469,1.7579567929275508
665,-0.1626607649674298,0.9814541284615134,0.011359039727798503,-1.3078482686874993,1.7759191301565451
666,-0.16069785671050676,0.981476846540969,0.011771888567735367,-1.3145306323678936,1.7940380148838138
667,-0.15873490301742482,0.9815003903181045,0.0121761810430554,-1.3212380907320422,1.812313726638704
668,-0.1567719022367886,0.9815247426801905,0.012572060285909181,-1.3279703795467404,1.8307465338896636
669,-0.15480885275142822,0.9815498868007624,0.012959667877332492,-1.3347272345209882,1.8493366939051938
670,-0.1528457529778267,0.981575806136517,0.013339143832347133,-1.3415083913028092,1.868084452616163
671,-0.15088260136555368,0.9816024844241817,0.01371062658523936,-1.3483135854761978,1.8869900444795709
672,-0.14891939639670532,0.9816299056773523,0.014074252976636892,-1.3551425525581693,1.9060536923436853
673,-0.14695613658535062,0.9816580541833054,0.014430158243960989,-1.3619950279959245,1.9252756073146113
674,-0.144992820476984,0.9816869144997934,0.014778476011945152,-1.368870747164098,1.9446559886242287
675,-0.14302944664798442,0.9817164714518173,0.015119338285130013,-1.375769445362141,1.964195023499592
676,-0.1410660137050808,0.9817467101283875,0.015452875442978353,-1.3826908578117778,1.9838928870336971
677,-0.139102520284824,0.9817776158792735,0.015779216235101146,-1.3896347196545626,2.0037497420576726
678,-0.13713896505306547,0.9818091743117436,0.016098487778326565,-1.3966007659495463,2.0237657390144066
679,-0.13517534670444198,0.9818413712873003,0.016410815555700786,-1.4035887316710096,2.043941015833537
680,-0.13321166396186737,0.9818741929184116,0.016716323415377765,-1.410598351706312,2.064275697807933
681,-0.13124791557603055,0.9819076255652425,0.017015133572706453,-1.4176293608538049,2.0847698974715154
682,-0.12928410032490006,0.9819416558323878,0.01730736661127441,-1.4246814938208412,2.1054237144785457
683,-0.1273202170132353,0.9819762705656104,0.01759314148677138,-1.4317544852218682,2.126237235484336
684,-0.12535626447210407,0.982011456848584,0.01787257553038657,-1.4388480695765906,2.14721053402735
685,-0.1233922415584069,0.9820472019996447,0.018145784454492997,-1.4459619813082147,2.1683436704127503
686,-0.12142814715440761,0.9820834935685536,0.018412882358775917,-1.4530959547417828,2.189636691597392
687,-0.1194639801672705,0.9821203193332713,0.01867398173642787,-1.46024972410255,2.2110896310761836
688,-0.11749973952860396,0.9821576672967441,0.018929193482564166,-1.4674230235144656,2.232702508769949
689,-0.11553542419401047,0.9821955256837092,0.019178626901439344,-1.474615586998694,2.2544753309146603
690,-0.11357103314264305,0.982233882937512,0.019422389717416166,-1.4818271484722276,2.276408089952149
691,-0.11160656537676802,0.9822727277169468,0.01966058808287041,-1.4890574417465483,2.298500764422218
692,-0.10964201992133413,0.9823120488931127,0.019893326589714988,-1.4963062005263588,2.320753318856216
693,-0.1076773958235479,0.9823518355462921,0.02012070828003587,-1.5035731584083702,2.343165703672015
694,-0.10571269215245532,0.9823920769628521,0.020342834657149922,-1.5108580488801535,2.3657378550704737
695,-0.10374790799852962,0.9824327626321665,0.020559805698772138,-1.5181606053190544,2.388469694933307
696,-0.10178304247326529,0.9824738822435639,0.020771719868006855,-1.5254805609911541,2.4113611307224314
697,-0.09981809470877817,0.9825154256833,0.020978674127647423,-1.5328176490502798,2.434412055380691
698,-0.09785306385741158,0.9825573830315554,0.021180763952566295,-1.5401716025370884,2.4576223472341208
699,-0.09588794909134847,0.9825997445594604,0.02137808334332636,-1.5475421543781764,2.480991869895584
700,-0.09392274960222954,0.982642500726147,0.02157072484125777,-1.5549290373852613,2.5045204721698964
701,-0.09195746460077725,0.9826856421758295,0.02175877954135874,-1.56233198425439,2.5282079879603914
702,-0.08999209331642559,0.9827291597349124,0.021942337108171728,-1.5697507275652167,2.5520542361769576
703,-0.08802663499695576,0.9827730444091286,0.0221214857895502,-1.5771849997803038,2.5760590206454994
704,-0.0860610889081375,0.9828172873807078,0.022296312432468213,-1.5846345332444687,2.6002221300188637
705,-0.08409545433337609,0.9828618800055727,0.022466902498319286,-1.592099060184202,2.6245433376892837
706,-0.08212973057336495,0.9829068138105694,0.022633340077859998,-1.5995783127070755,2.649022401702172
707,-0.08016391694574382,0.9829520804907251,0.022795707907241614,-1.607072022801239,2.673659064671491
708,-0.07819801278476236,0.9829976719065394,0.022954087383730837,-1.614579922334922,2.6984530536965194
709,-0.07623201744094929,0.983043580081307,0.023108558582096705,-1.622101743055981,2.7234040802800887
710,-0.07426593028078668,0.9830897971984711,0.023259200269465374,-1.6296372165914959,2.7485118402483333
711,-0.07229975068638973,0.98313631559901,0.023406089922395346,-1.6371860744473812,2.7737760136718705
712,-0.07033347805519172,0.983183127778855,0.023549303743086725,-1.6447480480080383,2.799196264788457
713,-0.068367111799634,0.9832302263863412,0.02368891667481332,-1.6523228685360387,2.8247722419271226
714,-0.06640065134686132,0.9832776042196908,0.02382500241886465,-1.6599102671718495,2.8505035774338077
715,-0.06443409613842194,0.9833252542245285,0.023957633450888416,-1.6675099749335645,2.8763898875984313
716,-0.06246744562997288,0.9833731694914304,0.024086881036677887,-1.6751217227166815,2.9024307725834597
717,-0.06050069929099002,0.9834213432535036,0.024212815248958464,-1.68274524129391,2.9286258163539722
718,-0.058533856604483014,0.9834697688840015,0.024335504983219458,-1.6903802613149923,2.9549745866091923
719,-0.05656691706671501,0.9835184398939679,0.024455017974434057,-1.6980265133065566,2.9814766347154937
720,-0.054599880186927074,0.9835673499299168,0.024571420813312983,-1.7056837276720027,3.0081314956409235
721,-0.05263274548706724,0.9836164927715435,0.02468477896204746,-1.7133516346913902,3.034938687891167
722,-0.05066551250152416,0.9836658623294675,0.02479515677062949,-1.7210299645213818,3.0618977134470744
723,-0.048698180776865226,0.9837154526430087,0.024902617493105517,-1.7287184471951722,3.0890080577035937
724,-0.04673074987157921,0.983765257877995,0.025007223303497028,-1.7364168126224644,3.116269189410249
725,-0.04476321935582322,0.9838152723246018,0.025109035311632333,-1.7441247905894637,3.143680560613124
726,-0.04279558881117401,0.9838654903952252,0.025208113579200386,-1.7518421107588773,3.1712416065983007
727,-0.04082785783038356,0.9839159066223835,0.025304517134738802,-1.7595685026699417,3.1989517458368173
728,-0.038860026017138796,0.983966515656653,0.025398303990731286,-1.7673036957384702,3.2268103799311287
729,-0.03689209298582549,0.9840173122646345,0.0254895311573744,-1.7750474192569161,3.2548168935630715
730,-0.03492405836129622,0.9840682913269492,0.025578254659497368,-1.7827994023944564,3.2829706544433437
731,-0.03295592177864232,0.9841194478362683,0.025664529551039372,-1.790559374197073,3.311271013262423
732,-0.030987682882969787,0.9841707768953704,0.02574840993045946,-1.7983270635876676,3.3397173036430745
733,-0.029019341329179046,0.9842222737152312,0.02582994895583557,-1.8061021993662014,3.3683088420943514
734,-0.027050896781748584,0.984273933613143,0.02590919885947507,-1.8138845102098105,3.397044927967048
735,-0.0250823489145223,0.984325752010862,0.025986210963346856,-1.8216737246729744,3.425924843410732
736,-0.023113697410500574,0.9843777244327886,0.026061035693070167,-1.8294695711876756,3.454947853332255
737,-0.021144941961634998,0.9844298465041749,0.026133722592702746,-1.8372717780635723,3.4841132053557713
738,-0.01917608226862665,0.9844821139493602,0.02620432033924036,-1.8450800734881998,3.513420129784329
739,-0.01720711804072793,0.9845345225900387,0.026272876756672225,-1.8528941855271466,3.5428678395628643
740,-0.015238048995547851,0.9845870683435519,0.026339438830058626,-1.8607138421242928,3.5724555302428698
741,-0.013268874858860746,0.9846397472212121,0.02640405271949753,-1.868538771102013,3.6021823799484585
742,-0.011299595364418323,0.984692555326651,0.02646676377402457,-1.876368700161402,3.6320475493439752
743,-0.009330210253765021,0.9847454888541991,0.026527616544780308,-1.8842033568825276,3.6620501816031976
744,-0.007360719276056624,0.9847985440872886,0.02658665479899902,-1.8920424687246733,3.692189402380003
745,-0.005391122187882047,0.9848517173968867,0.026643921533286985,-1.8998857630265809,3.722464319780536
746,-0.003421418753088273,0.9849050052399531,0.026699458985990354,-1.9077329670067367,3.75287402433702
747,-0.0014516087426083668,0.9849584041579251,0.026753308651406016,-1.9155838077636205,3.783417588982952
748,0.0005183080657074836,0.985011910775228,0.026805511291838613,-1.9234380122759895,3.814094069029932
749,0.0024883318872579397,0.9850655217978118,0.02685610695007945,-1.9312953074031671,3.8449025021460064
750,0.004458462930853563,0.9851192340117119,0.026905134962595945,-1.9391554198853274,3.8758419083355147
751,0.006428701398876987,0.985173044281637,0.026952633971433215,-1.9470180763437859,3.9069112899204983
752,0.008399047487440262,0.98522694954958,0.02699864193653756,-1.9548830032813134,3.9381096315236617
753,0.010369501386539422,0.9852809468334531,0.02704319614788009,-1.9627499270824258,3.969435900052809
754,0.012340063280206329,0.985335033225749,0.027086333237136273,-1.970618574013697,4.000889044686891
755,0.014310733346657827,0.9853892058922232,0.027128089189232263,-1.9784886702240843,4.032467996863587
756,0.016281511758442273,0.9854434620706017,0.027168499354712772,-1.9863599417452316,4.064171670268367
757,0.018252398682583475,0.9854977990693111,0.027207598460088356,-1.9942321144918012,4.095998960825186
758,0.020223394280722097,0.9855522142662312,0.027245420619825822,-2.002104914261789,4.127948746688633
759,0.022194498709254558,0.9856067051074708,0.027281999347072983,-2.009978066736863,4.160019888237726
760,0.0241657121194695,0.985661269106165,0.02731736756478309,-2.0178512974826845,4.19221122807118
761,0.02613703465768183,0.9857159038412946,0.02735155761628416,-2.025724331949245,4.22452159100424
762,0.02810846646536442,0.9857706069565271,0.027384601276247977,-2.0335968954711974,4.256949784067098
763,0.030080007679277473,0.9858253761590798,0.027416529760526664,-2.0414687132681997,4.289494596504836
764,0.03205165843159563,0.9858802092186009,0.027447373737032876,-2.0493395104452468,4.322154799778927
765,0.034023418850032836,0.985935103966075,0.027477163336109278,-2.057209011993013,4.3549291475702985
766,0.03599528905796499,0.9859900582927471,0.027505928159188286,-2.0650769427881897,4.387816375783929
767,0.03796726917455048,0.9860450701490654,0.02753369729084909,-2.072943027593837,4.4208152025550715
768,0.03993935931484861,0.986100137543647,0.027560499306389374,-2.0808069910597085,4.4539243282569245
769,0.04191155958993591,0.9861552585422598,0.027586362282727706,-2.088668557722612,4.4871424355099805
770,0.043883870107020426,0.9862104312668254,0.027611313807374138,-2.0965274520067445,4.520468189192856
771,0.04585629096955408,0.9862656538944403,0.027635380987645064,-2.1043833982240274,4.553900236454713
772,0.04782882227734296,0.9863209246564155,0.0276585904600557,-2.112236120574474,4.587437206729282
773,0.049801464126655794,0.9863762418373356,0.027680968399179662,-2.1200853431465014,4.62107771175035
774,0.051774216610330465,0.9864316037741341,0.0277025405267306,-2.1279307899172974,4.654820345568954
775,0.05374707981787873,0.9864870088551874,0.027723332119533595,-2.1357721847531534,4.688663684572032
776,0.05572005383558911,0.9865424555194264,0.02774336801913968,-2.143609251409792,4.722606287502649
777,0.057693138746627966,0.9865979422554648,0.027762672640063712,-2.1514417135327335,4.756646695481913
778,0.05966633463113889,0.9866534676007449,0.027781269977156242,-2.1592692946576113,4.790783432032305
779,0.06163964156634038,0.9867090301406992,0.027799183615351275,-2.1670917182105254,4.8250150031027035
780,0.06361305962662178,0.9867646285079299,0.027816436736216588,-2.1749087075083597,4.859339897094892
781,0.06558658888363764,0.9868202613814023,0.027833052127101965,-2.182719985759132,4.893756584891721
782,0.06756022940640044,0.9868759274856566,0.02784905218806699,-2.1905252760623233,4.928263519886803
783,0.06953398126137175,0.9869316255900326,0.027864458940451975,-2.1983243014092033,4.962859138015822
784,0.07150784451255182,0.9869873545079136,0.027879294033694713,-2.206116784683163,4.997541857789349
785,0.07348181922156764,0.987043113095981,0.027893578752857806,-2.2139024486600394,5.03231008032734
786,0.07545590544775961,0.9870989002534866,0.027907334026355812,-2.221681016008432,5.067162189395101
787,0.07743010324826659,0.9871547149215394,0.02792058043350476,-2.229452209290038,5.102096551440971
788,0.07940441267810967,0.9872105560824065,0.02793333821033972,-2.2372157509599657,5.137111515635477
789,0.08137883379027448,0.987266422758827,0.027945627257630612,-2.244971363367045,5.172205413912117
790,0.08335336663579214,0.9873223140133423,0.027957467147832205,-2.2527187687541446,5.20737656100974
791,0.08532801126381882,0.9873782289476378,0.027968877131079317,-2.260457689258479,5.24262325451647
792,0.0873027677217141,0.9874341667019,0.02797987614269193,-2.2681878469119363,5.27794377491534
793,0.08927763605511789,0.9874901264541855,0.027990482809392425,-2.275908963641351,5.313336385631321
794,0.09125261630802627,0.9875461074198043,0.028000715455300806,-2.2836207612688217,5.348799333080098
795,0.09322770852286587,0.9876021088507149,0.028010592108973498,-2.291322961512016,5.3843308467184094
796,0.0952029127405673,0.9876581300349327,0.028020130509354146,-2.2990152859844524,5.41992913909594
797,0.09717822900063716,0.9877141702959514,0.028029348112057484,-2.3066974561957956,5.455592405908817
798,0.09915365734122907,0.9877702289921757,0.028038262095386735,-2.314369193552152,5.491318826054757
799,0.10112919779921342,0.9878263055163663,0.028046889365707095,-2.3220302193563387,5.527106561689714
800,0.10310485041024615,0.9878823992950978,0.028055246564528957,-2.3296802548081756,5.5629537582862305
801,0.10508061520883635,0.9879385097882268,0.02806335007303762,-2.337319021004756,5.598858544693299
802,0.1070564922284128,0.987994636488373,0.028071216018488165,-2.34494623894073,5.634819033197913
803,0.10903248150138956,0.98805077892041,0.02807886027971218,-2.352561629508559,5.670833319588105
804,0.11100858305923038,0.9881069366409694,0.02808629849222477,-2.3601649134987865,5.7068994832177005
805,0.11298479693251232,0.9881631092379538,0.02809354605415315,-2.367755811600307,5.743015587072625
806,0.11496112315098822,0.9882192963300621,0.028100618131321475,-2.375334044400602,5.7791796778387585
807,0.11693756174364835,0.9882754975663247,0.028107529662357855,-2.3828993323860206,5.815389785971567
808,0.118914112738781,0.9883317126256493,0.028114295364134456,-2.390451395942004,5.851643925767115
809,0.1208907761640323,0.9883879412163775,0.028120929736630274,-2.39798995535334,5.88794009543487
810,0.12286755204646505,0.9884441830758508,0.02812744706794934,-2.4055147308043976,5.9242762771720106
811,0.12484444041261675,0.9885004379699867,0.028133861439538776,-2.4130254423793724,5.960650437239422
812,0.1268214412885567,0.9885567056928659,0.028140186730696293,-2.420521810062508,5.997060526039241
813,0.12879855469994245,0.9886129860663272,0.028146436623255333,-2.4280035537383204,6.0335044781940015
814,0.1307757806720751,0.9886692789395738,0.02815262460689194,-2.4354703931918245,6.069980212627475
815,0.13275311922995425,0.9887255841887875,0.028158763983032742,-2.442922048108754,6.106485632647082
816,0.13473057039833183,0.9887819017167535,0.028164867869606702,-2.4503582380757614,6.143018626027849
817,0.13670813420176534,0.9888382314524928,0.028170949206218765,-2.4577786825806416,6.179577065098125
818,0.1386858106646703,0.9888945733509051,0.028177020757547133,-2.465183101012519,6.216158806826798
819,0.1406635998113721,0.9889509273924203,0.02818309511831707,-2.4725712126620545,6.252761692912161
820,0.14264150166615694,0.9890072935826568,0.02818918471749754,-2.4799427367216333,6.289383549872435
821,0.14461951625332226,0.9890636719520919,0.028195301822298013,-2.487297392285558,6.326022189137893
822,0.14659764359722643,0.9891200625557366,0.028201458542898017,-2.4946348983502227,6.36267540714453
823,0.1485758837223379,0.9891764654728225,0.028207666835800005,-2.5019549738143,6.399340985429517
824,0.15055423665328355,0.9892328808064941,0.02821393850844789,-2.509257337478909,6.4360166907281355
825,0.15253270241489653,0.9892893086835108,0.028220285223024,-2.5165417080477828,6.472700275072385
826,0.15451128103226355,0.9893457492539568,0.028226718500379278,-2.5238078041274252,6.509389475891222
827,0.15648997253077146,0.9894022026909575,0.0282332497241633,-2.5310553442272825,6.54608201611245
828,0.15846877693615338,0.9894586691904059,0.028239890143666457,-2.5382840467598813,6.582775604266196
829,0.1604476942745342,0.9895151489706934,0.028246650879393265,-2.545493630040975,6.619467934589995
830,0.1624267245724756,0.9895716422724522,0.028253542924971953,-2.552683812289698,6.656156687135622
831,0.1644058678570205,0.989628149358302,0.028260577151950628,-2.5598543116286834,6.692839527877375
832,0.16638512415573709,0.9896846705126059,0.028267764312706056,-2.567004846084216,6.729514108822211
833,0.1683644934967623,0.9897412060412313,0.028275115045106602,-2.574135133586317,6.766178068121227
834,0.17034397590884476,0.9897977562713215,0.02828263987446622,-2.58124489196892,6.802829030183148
835,0.1723235714213874,0.9898543215510706,0.028290349218229593,-2.5883338389699304,6.839464605789065
836,0.17430328006448956,0.9899109022495068,0.02829825338936942,-2.5954016922313663,6.876082392209081
837,0.17628310186898857,0.9899674987562856,0.028306362599028745,-2.6024481692994477,6.912679973320502
838,0.17826303686650113,0.9900241114814837,0.028314686960584368,-2.609472987624701,6.9492549197276325
839,0.1802430850894641,0.9900807408554049,0.028323236492511228,-2.61647586456204,6.985804788883284
840,0.18222324657117492,0.99013738732839,0.02833202112211275,-2.623456517370852,7.022327125211829
841,0.1842035213458317,0.9901940513706341,0.02834105068805215,-2.630414663215094,7.058819460234043
842,0.18618390944857297,0.9902507334720102,0.0283503349446379,-2.6373500191633377,7.095279312693386
843,0.18816441091551697,0.9903074341418995,0.02835988356357788,-2.644262302188864,7.131704188684158
844,0.19014502578380077,0.9903641539090268,0.028369706138509088,-2.6511512291697072,7.1680915817811
845,0.19212575409161883,0.9904208933213038,0.028379812187551146,-2.658016516888721,7.204438973170775
846,0.19410659587826143,0.9904776529456787,0.028390211155304712,-2.6648578820336084,7.240743831784449
847,0.19608755118415278,0.9905344333679893,0.02840091241784748,-2.671675041197002,7.277003614432886
848,0.19806862005088877,0.990591235192825,0.02841192528451053,-2.6784677108764603,7.313215765942454
849,0.2000498025212744,0.9906480590433939,0.02842325900085374,-2.685235607474527,7.349377719293134
850,0.2020310986393612,0.9907049055613957,0.028434922751885416,-2.6919784472987556,7.385486895758109
851,0.204012508450484,0.9907617754068995,0.028446925665037703,-2.698695946561699,7.421540705044903
852,0.2059940320012978,0.9908186692582296,0.02845927681272009,-2.7053878213809517,7.457536545438318
853,0.20797566933981426,0.9908755878118551,0.028471985215983153,-2.7120537877791597,7.4934718039450345
854,0.20995742051543798,0.9909325317822871,0.028485059845850813,-2.7186935616839936,7.529343856439663
855,0.21193928557900255,0.9909895019019789,0.028498509627739033,-2.7253068589281613,7.565150067812691
856,0.2139212645828065,0.9910464989212344,0.028512343443520827,-2.731893395249384,7.600887792119908
857,0.21590335758064896,0.9911035236081215,0.028526570133813323,-2.738452886290393,7.636554372733681
858,0.2178855646278652,0.9911605767483891,0.02854119850175252,-2.7449850475988917,7.6721471424956444
859,0.219867885781362,0.9912176591453926,0.028556237315058297,-2.7514895946275186,7.707663423871277
860,0.22185032109965278,0.9912747716200228,0.02857169530907644,-2.7579662427338167,7.743100529105973
861,0.2238328706428928,0.991331915010641,0.028587581188843636,-2.7644147071802005,7.778455760382968
862,0.22581553447291408,0.9913890901730186,0.028603903632506977,-2.770834703133861,7.8137264099826
863,0.22779831265326012,0.9914462979802835,0.028620671293744238,-2.777225945666753,7.848909760443652
864,0.2297812052492207,0.991503539322871,0.02863789280422857,-2.7835881497555097,7.884003084726075
865,0.23176421232786643,0.9915608151084797,0.028655576776626113,-2.789921030281367,7.919003646375414
866,0.2337473339580834,0.9916181262620328,0.028673731806372338,-2.796224302030079,7.95390869968898
867,0.23573057021060745,0.9916754737256456,0.028692366475624453,-2.802497679691849,7.9887154898836785
868,0.23771392115805873,0.9917328584585968,0.028711489354638076,-2.808740877861217,8.023421253265434
869,0.2396973868749759,0.9917902814373061,0.02873110900505349,-2.814953611036979,8.058023217400427
870,0.24168096743785053,0.9918477436553161,0.028751233981916258,-2.821135593622048,8.092518601287736
871,0.24366466292516117,0.99190524612328,0.0287718728370967,-2.827286539923371,8.126904615534059
872,0.24564847341740773,0.9919627898689541,0.028793034121110672,-2.8334061641517887,8.161178462529712
873,0.24763239899714565,0.9920203759371963,0.02881472638527338,-2.839494180421908,8.195337336626547
874,0.24961643974902004,0.9920780053899668,0.028836958186162498,-2.8455503027519646,8.229378424317444
875,0.2516005957598,0.9921356793063392,0.028859738085618147,-2.8515742450636763,8.26329890441752
876,0.25358486711841266,0.9921933987825104,0.02888307465540585,-2.857565721182106,8.297095948247058
877,0.2555692539159777,0.9922511649318213,0.028906976478437763,-2.8635244448354755,8.330766719815948
878,0.2575537562458413,0.9923089788847781,0.028931452151903514,-2.8694501296550134,8.364308376010069
879,0.25953837420361087,0.9923668417890819,0.02895651028962387,-2.8753424891747863,8.397718066779099
880,0.261523107887189,0.9924247548096613,0.0289821595248263,-2.8812012368314996,8.43099293532621
881,0.2635079573968083,0.9924827191287111,0.02900840851245423,-2.887026085964318,8.464130118299293
882,0.26549292283506576,0.992540735945736,0.029035265931365295,-2.892816749814665,8.497126745984003
883,0.26747800430695723,0.9925988064775986,0.02906274048772861,-2.8985729415260075,8.529979942498363
884,0.2694632019199124,0.9926569319585742,0.029090840917356253,-2.9042943741436527,8.562686825989168
885,0.27144851578382956,0.992715113640409,0.029119575987279767,-2.9099807606145207,8.595244508830026
886,0.2734339460111104,0.9927733527923835,0.029148954499702562,-2.915631813786913,8.62765009782108
887,0.27541949271669514,0.9928316507013828,0.02917898529357643,-2.9212472464102675,8.659900694390464
888,0.2774051560180979,0.99289000867197,0.029209677247843402,-2.9268267711349134,8.69199339479736
889,0.27939093603544185,0.9929484280264657,0.029241039283345316,-2.9323701005118337,8.723925290336949
890,0.2813768328914948,0.9930069101050323,0.029273080366420956,-2.937876946992368,8.755693467546822
891,0.28336284671170486,0.9930654562657651,0.029305809510260517,-2.943347022927963,8.78729500841522
892,0.2853489776242364,0.9931240678847856,0.02933923577868036,-2.948780040569876,8.81872699059095
893,0.287335225760006,0.9931827463563431,0.0293733682879882,-2.9541757120688907,8.849986487594974
894,0.28932159125271867,0.9932414930929191,0.029408216209958482,-2.959533749475025,8.881070569033838
895,0.2913080742389045,0.9933003095253391,0.02944378877496323,-2.964853864737205,8.911976300814509
896,0.2932946748579552,0.993359197102889,0.02948009527317108,-2.9701357697029596,8.942700745361254
897,0.29528139325216096,0.9934181572934353,0.0295171450591436,-2.975379176118088,8.973240961833966
898,0.2972682295667478,0.9934771915835536,0.02955494755354504,-2.980583795626326,9.00359400634837
899,0.2992551839499149,0.9935363014786608,0.02959351224578466,-2.985749339768997,9.033756932197816
900,0.30124225655287223,0.9935954885031523,0.02963284869699212,-2.990875519984668,9.063726790076867
901,0.3032294475298785,0.9936547542005462,0.029672966543081714,-2.9959620476087583,9.093500628306508
902,0.3052167570382796,0.9937141001336324,0.029713875497372477,-3.0010086338731954,9.123075493061188
903,0.30720418523854687,0.993773527884627,0.029755585353408165,-3.006014989906018,9.152448428597486
904,0.3091917322943161,0.9938330390553337,0.029798105987377532,-3.0109808267309752,9.181616477484482
905,0.3111793983724268,0.9938926352673085,0.029841447362199958,-3.0159058552671265,9.210576680835898
906,0.3131671836429614,0.9939523181620329,0.02988561952910196,-3.0207897863284376,9.239326078543987
907,0.3151550882792855,0.9940120894010911,0.029930632631747223,-3.0256323306233384,9.267861709514984
908,0.3171431124580877,0.9940719506663547,0.02997649690814619,-3.0304331987543067,9.296180611906497
909,0.3191312563594204,0.9941319036601708,0.03002322269465285,-3.035192101217397,9.324279823366409
910,0.3211195201667408,0.9941919501055602,0.030070820428385048,-3.0399087484018197,9.35215638127372
911,0.3231079040669519,0.9942520917464169,0.030119300650444103,-3.0445828505894275,9.379807322980794
912,0.3250964082504447,0.9943123303477178,0.03016867400944534,-3.04921411795429,9.407229686057805
913,0.32708503291114016,0.9943726676957367,0.030218951264293636,-3.0538022605621653,9.434420508538453
914,0.3290737782465316,0.9944331055982654,0.030270143287203233,-3.0583469883700145,9.46137682916763
915,0.33106264445772815,0.9944936458848399,0.03032226106758351,-3.0628480112254883,9.488095687650826
916,0.3330516317494978,0.9945542904069752,0.030375315714969986,-3.067305038866403,9.514574124905202
917,0.3350407403303118,0.994615041038405,0.030429318462377175,-3.0717177809202103,9.54080918331243
918,0.3370299704123886,0.9946758996753297,0.030484280669540453,-3.0760859469034485,9.566797906973274
919,0.33901932221173925,0.9947368682366687,0.030540213826668605,-3.0804092462211745,9.592537341963856
920,0.3410087959482126,0.9947979486643221,0.030597129557863312,-3.0846873881664085,9.618024536593758
921,0.34299839184554126,0.9948591429234379,0.030655039624760683,-3.0889200819195413,9.643256541665759
922,0.34498811013138814,0.9949204530026873,0.03071395592948445,-3.0931070365477504,9.668230410737445
923,0.3469779510373935,0.9949818809145462,0.030773890519220082,-3.0972479610043755,9.692943200384397
924,0.34896791479922257,0.9950434286955848,0.030834855589656485,-3.101342564128306,9.717391970465236
925,0.3509580016566137,0.9951050984067639,0.030896863488028004,-3.105390554643348,9.741573784388406
926,0.35294821185342723,0.9951668921337401,0.030959926717866182,-3.1093916411575875,9.765485709380739
927,0.3549385456376947,0.9952288119871758,0.031024057942508065,-3.1133455321627044,9.789124816757623
928,0.3569290032616691,0.9952908601030608,0.031089269989359458,-3.1172519360333286,9.812488182195137
929,0.3589195849818752,0.9953530386430395,0.03115557585307016,-3.1211105610263274,9.83557288600369
930,0.3609102910591613,0.9954153497947457,0.031222988700729815,-3.124921115280135,9.858376013403804
931,0.3629011217587508,0.995477795772147,0.03129152187550943,-3.128683306813988,9.880894654803047
932,0.36489207735029505,0.9955403788158981,0.031361188900436154,-3.1323968435272533,9.903125906075461
933,0.3668831581079268,0.995603101193699,0.03143200348398878,-3.136061433198647,9.925066868842134
934,0.36887436431031423,0.9956659652006671,0.03150397952276229,-3.139676783485479,9.94671465075387
935,0.3708656962407156,0.9957289731597126,0.031577131107907164,-3.1432426019228945,9.96806636577555
936,0.372857154187035,0.9957921274219285,0.03165147252786049,-3.1467585959230755,9.989119134472231
937,0.3748487384418789,0.995855430366984,0.031727018274207985,-3.1502244727744224,10.009870084296983
938,0.37684044930261285,0.9959188844035324,0.031803783045925016,-3.153639939640777,10.03031634988073
939,0.3788322870714199,0.9959824919696241,0.0318817817542838,-3.1570047035605238,10.050455073323421
940,0.3808242520553592,0.9960462555331328,0.031961029527693974,-3.1603184714458,10.070283404487483
941,0.38281634456642544,0.9961101775921882,0.03204154171716489,-3.1635809500815792,10.089798501292655
942,0.3848085649216098,0.9961742606756225,0.03212333390059108,-3.166791846124814,10.10899753001284
943,0.3868009134429611,0.9962385073434238,0.032206421888769654,-3.1699508661035236,10.127877665574642
944,0.38879339045764794,0.9963029201872013,0.03229082173032971,-3.1730577164158826,10.146436091857751
945,0.39078599629802235,0.996367501830662,0.032376549717150205,-3.1761121033292574,10.164670001996914
946,0.39277873130168367,0.9964322549300961,0.03246362238997769,-3.179113732979302,10.182576598686119
947,0.39477159581154386,0.9964971821748763,0.032552056544532526,-3.1820623113689237,10.200153094484
948,0.3967645901758936,0.9965622862879652,0.03264186923597201,-3.184957544367347,10.21739671212164
949,0.39875771474846955,0.9966275700264371,0.03273307778661749,-3.1877991377090678,10.234304684811645
950,0.40075096988852243,0.9966930361820103,0.032825699790373086,-3.1905867969928345,10.250874256559332
951,0.4027443559608865,0.996758687581591,0.032919753119875494,-3.1933202276806134,10.267102682475706
952,0.40473787333604966,0.9968245270878308,0.03301525593228938,-3.195999135096498,10.282987229091988
953,0.4067315223902253,0.9968905575996955,0.03311222667594649,-3.198623224425638,10.29852517467633
954,0.4087253035054247,0.9969567820530473,0.03321068409694039,-3.20119220071313,10.313713809551999
955,0.4107192170695308,0.9970232034212412,0.03331064724549915,-3.203705768862877,10.328550436417556
956,0.41271326347637327,0.9970898247157323,0.0334121354833572,-3.206163633636458,10.34303237066884
957,0.4147074431258047,0.997156648986699,0.03351516849035008,-3.2085654996519373,10.357156940722668
958,0.4167017564237781,0.9972236793236795,0.03361976627169749,-3.2109110713826814,10.37092148834245
959,0.41869620378242545,0.9972909188562229,0.033725949165552827,-3.2132000531561458,10.384323368965605
960,0.4206907856201379,0.9973583707545541,0.03383373785050825,-3.215432149152638,10.397359952032827
961,0.422685502361647,0.9974260382302552,0.0339431533524337,-3.21760706340405,10.410028621319068
962,0.4246803544381075,0.9974939245369602,0.034054217053491875,-3.219724499792582,10.422326775266486
963,0.4266753422871814,0.9975620329710673,0.03416695069986542,-3.221784162049425,10.43425182731913
964,0.42867046635312356,0.997630366872467,0.03428137640921758,-3.223785753753446,10.445801206259562
965,0.4306657270868685,0.9976989296252854,0.03439751668026236,-3.2257289783298235,10.456972356547226
966,0.4326611249461191,0.9977677246586458,0.03451539440009199,-3.2276135390486544,10.467762738658667
967,0.4346566603954364,0.997836755447446,0.034635032854724024,-3.229439139023566,10.47816982942967
968,0.4366523339063313,0.9979060255131553,0.03475645573605135,-3.231205481210267,10.488191122399089
969,0.4386481459573576,0.9979755384246274,0.03487968715334411,-3.232912268405113,10.497824128154887
970,0.44064409703420687,0.998045297798934,0.035004751640266285,-3.234559203243586,10.507066374681457
971,0.4426401876298047,0.9981153073022144,0.03513167416704377,-3.236145988198798,10.515915407709347
972,0.44463641824440914,0.9981855706505486,0.03526048014861338,-3.2376723255799678,10.5243687910666
973,0.4466327893857102,0.9982560916108458,0.035391195455547475,-3.2391379175308113,10.532424107031906
974,0.4486293015689319,0.9983268740017569,0.03552384642460105,-3.24054246602798,10.540078956689761
975,0.4506259553169354,0.9983979216946061,0.03565845986925886,-3.241885672879398,10.547330960287432
976,0.4526227511603246,0.9984692386143447,0.03579506309037139,-3.2431672397226343,10.554177757593788
977,0.4546196896375533,0.9985408287405253,0.035933683888234036,-3.2443868680231893,10.560617008260051
978,0.4566167712950343,0.9986126961083017,0.036074350573311875,-3.245544259072778,10.566646392182362
979,0.4586139966872509,0.9986848448094483,0.036217091978518745,-3.24663911398759,10.572263609866361
980,0.4606113663768698,0.9987572789934053,0.03636193747120764,-3.2476711337064925,10.577466382793524
981,0.4626088809348566,0.9988300028683477,0.03650891696584946,-3.248640018989194,10.582252453789362
982,0.4646065409405933,0.9989030207022793,0.03665806093620105,-3.24954547041443,10.586619587393791
983,0.4666043469819978,0.9989763368241517,0.036809400429538286,-3.2503871883780384,10.59056557023305
984,0.46860229965564615,0.9990499556250108,0.0369629670784688,-3.251164873091054,10.594088211393764
985,0.47060039956689614,0.9991238815591678,0.03711879311698585,-3.2518782245777422,10.59718534279883
986,0.4725986473300145,0.9991981191454017,0.03727691139177036,-3.252526942673608,10.59985481958525
987,0.4745970435683053,0.9992726729681852,0.03743735537951043,-3.2531107270233512,10.602094520483822
988,0.47659558891424164,0.9993475476789443,0.03760015920033499,-3.253629277078815,10.603902348200878
989,0.4785942840095995,0.9994227479973449,0.03776535763311273,-3.254082292096838,10.605276229801754
990,0.48059312950559424,0.9994982787126112,0.03793298613203877,-3.2544694711371456,10.606214117096403
991,0.4825921260630195,0.9995741446848753,0.038103080841866976,-3.25479051306012,10.606713987026847
992,0.48459127435238925,0.999650350846559,0.03827567861516279,-3.2550451165245917,10.606773842056523
993,0.4865905750540824,0.9997269022037892,0.0384508170290454,-3.2552329799855473,10.606391710561633
994,0.48859002885848996,0.9998038038378473,0.03862853440304015,-3.255353801691823,10.605565647224553
995,0.49058963646616566,0.9998810609066535,0.03880886981688647,-3.255407279683727,10.60429373342892
996,0.49258939858797895,0.9999586786462872,0.0389918631288122,-3.2553931117906347,10.602574077656966
997,0.49458931594527156,1.000036662372545,0.039177554995095676,-3.255310995628534,10.600404815888645
998,0.49658938927001667,1.000115017482535,0.03936598688931703,-3.255160628597508,10.597784112002746
999,0.49858961930498175,1.0001937494563136,0.03955720112234218,-3.2549417078792158,10.594710158180202
1000,0.5005900068038944,1.0002728638585583,0.03975124086332826,-3.25465393043426,10.591181175309005
1001,0.5025905525316116,1.000352366340285,0.0399481501609511,-3.2542969929995564,10.587195413391493
1002,0.5045912572642921,1.0004322626406068,0.040147973965076744,-3.2538705920856046,10.582751151953216
1003,0.5065921217895734,1.0005125585885368,0.04035075814932121,-3.253374423973753,10.577846700454224
1004,0.5085931469067504,1.0005932601048355,0.040556549533832253,-3.2528081847134023,10.572480398702218
1005,0.51059433342696,1.0006743732039032,0.040765395910558055,-3.2521715701190814,10.566650617267337
1006,0.5125956821733678,1.0007559039957243,0.040977346065584896,-3.2514642757676175,10.560355757899817
1007,0.5145971939813593,1.0008378586878557,0.04119244980635983,-3.250685996995074,10.553594253948644
1008,0.516598869698735,1.0009202435874685,0.04141075798571592,-3.249836428893767,10.546364570783135
1009,0.5186007101859099,1.0010030651034398,0.04163232253109328,-3.2489152663091088,10.538665206215779
1010,0.5206027163161168,1.001086329748502,0.04185719646900843,-3.2479222038365374,10.530494690927988
1011,0.5226048889756137,1.00117004414144,0.04208543395596287,-3.246856935818193,10.521851588896931
1012,0.5246072290638967,1.001254215009352,0.042317090306420724,-3.2457191563397227,10.512734497825376
1013,0.5266097374939154,1.0013388491899646,0.042552222022829156,-3.2445085592268357,10.503142049572673
1014,0.5286124151922953,1.0014239536340104,0.042790886826971075,-3.2432248380419977,10.493072910588864
1015,0.5306152630995633,1.0015095354076644,0.04303314369176192,-3.2418676860807976,10.482525782349551
1016,0.5326182821703787,1.001595601695048,0.04327905287366818,-3.2404367963685177,10.47149940179428
1017,0.5346214733737688,1.0016821598007954,0.04352867594743515,-3.238931861656428,10.45999254176591
1018,0.5366248376933703,1.0017692171526904,0.04378207583939364,-3.237352574418099,10.448004011452664
1019,0.5386283761276757,1.0018567813043695,0.044039316865696065,-3.2356986268456054,10.43553265683201
1020,0.5406320896902844,1.001944859938101,0.04430046476731064,-3.2339697108457,10.422577361117
1021,0.5426359794101606,1.0020334608676356,0.04456558674958977,-3.2321655180358206,10.409137045204233
1022,0.5446400463318959,1.0021225920411347,0.04483475152086136,-3.230285739740128,10.395210668124555
1023,0.5466442915159782,1.0022122615441764,0.04510802933404001,-3.2283300669853277,10.380797227495261
1024,0.5486487160390665,1.0023024776028444,0.045385492026905894,-3.226298190496561,10.365895759975139
1025,0.5506533209942722,1.0023932485868983,0.045667213067446255,-3.224189800693039,10.350505341720913
1026,0.5526581074914461,1.0024845830130333,0.04595326759737617,-3.22200458768375,10.33462508884666
1027,0.5546630766574722,1.002576489548228,0.046243732477613264,-3.2197422412629453,10.31825415788477
1028,0.5566682296365686,1.0026689770131831,0.04653868633761604,-3.217402450905625,10.301391746249502
1029,0.5586735675905949,1.0027620543858582,0.046838209622501736,-3.2149849057628326,10.284037092702425
1030,0.5606790916993667,1.0028557308051034,0.047142384645315616,-3.212489294656954,10.266189477820385
1031,0.5626848031609769,1.002950015574394,0.04745129563814565,-3.2099153060768355,10.247848224465447
1032,0.5646907031921257,1.0030449181656704,0.047765028807855714,-3.2072626281728143,10.229012698257167
1033,0.566696793028457,1.0031404482232862,0.04808367238915423,-3.2045309487517146,10.209682308047377
1034,0.5687030739249036,1.0032366155680645,0.04840731670512355,-3.2017199552715723,10.189856506396449
1035,0.5707095471560397,1.0033334302014747,0.048736054225573255,-3.1988293348364496,10.169534790052928
1036,0.5727162140164427,1.0034309023099257,0.04906997962796922,-3.1958587741909357,10.148716700434315
1037,0.5747230758210625,1.0035290422691816,0.04940918986227061,-3.1928079597147314,10.127401824111262
1038,0.5767301339056009,1.003627860648906,0.04975378421634424,-3.189676577416888,10.105589793292953
1039,0.5787373896268987,1.0037273682173387,0.05010386438364378,-3.186464312930121,10.083280286315697
1040,0.5807448443633334,1.003827575946106,0.050459534533864314,-3.1831708515048844,10.060473028133412
1041,0.5827524995152256,1.0039284950151737,0.050820901385906225,-3.1797958780033415,10.037167790810582
1042,0.5847603565052559,1.0040301368179456,0.05118807428221572,-3.1763390768931816,10.013364394017383
1043,0.5867684167788918,1.00413251296651,0.051561165268054765,-3.172800132241372,9.989062705527681
1044,0.5887766818048248,1.004235635297046,0.051940289170637755,-3.1691787277076386,9.964262641718669
1045,0.5907851530754189,1.0043395158753874,0.05232556368386376,-3.1654745465379275,9.93896416807363
1046,0.5927938321071696,1.004444167002755,0.05271710945304875,-3.1616872715576347,9.913167299686613
1047,0.5948027204411751,1.0045496012216613,0.053115050165786215,-3.1578165851647118,9.88687210176986
1048,0.5968118196436184,1.0046558313219927,0.053519512644051304,-3.1538621693226196,9.860078690163492
1049,0.5988211313062624,1.0047628703472808,0.05393062693936912,-3.1498237055530747,9.832787231847629
1050,0.6008306570469569,1.0048707316011598,0.054348526432512756,-3.1457008749287017,9.804997945457274
1051,0.6028403985101592,1.004979428654025,0.0547733479365764,-3.141493358065438,9.776711101799394
1052,0.6048503573674673,1.0050889753498982,0.055205231803023835,-3.137200835114812,9.747927024372668
1053,0.6068605353181671,1.0051993858135042,0.05564432203328806,-3.132822985756021,9.718646089889734
1054,0.6088709340897941,1.0053106744575708,0.05609076639068178,-3.1283594891877904,9.688868728801879
1055,0.6108815554387093,1.005422855990352,0.05654471652216664,-3.1238100241201017,9.658595425826586
1056,0.61289240115069,1.0055359454233963,0.05700632807976724,-3.119174268765694,9.627826720477518
1057,0.6149034730415368,1.005649958079556,0.057475760848202384,-3.114451900831305,9.596563207596828
1058,0.6169147729576959,1.0057649096012522,0.05795317887757889,-3.109642597508837,9.564805537890795
1059,0.6189263027768984,1.0058808159590076,0.05843875062181425,-3.104746035466115,9.532554418467274
1060,0.6209380644088164,1.005997693460251,0.05893264907825824,-3.0997618908376134,9.499810613376548
1061,0.6229500597957369,1.0061155587584076,0.05943505194014875,-3.09468983921484,9.4665749441545
1062,0.6249622909132537,1.0062344288622878,0.05994614174613666,-3.0895295556364797,9.432848290368469
1063,0.6269747597709783,1.0063543211457802,0.0604661060421563,-3.0842807145783624,9.398631590166154
1064,0.6289874684132698,1.0064752533578647,0.06099513754733721,-3.078942989943144,9.363925840827065
1065,0.6310004189199855,1.0065972436329593,0.06153343432413472,-3.073516055049675,9.32873209931673
1066,0.6330136134072514,1.0067203105016076,0.06208119996022887,-3.0679995826222153,9.293051482843879
1067,0.6350270540282545,1.006844472901528,0.06263864375175565,-3.0623932447792757,9.256885169420496
1068,0.6370407429740576,1.0069697501890316,0.06320598089848417,-3.056696713022207,9.220234398424482
1069,0.6390546824744356,1.0070961621508285,0.06378343270418974,-3.0509096582235244,9.183100471165535
1070,0.6410688747987373,1.007223729016237,0.0643712267850205,-3.045031750614887,9.14548475145387
1071,0.6430833222567698,1.007352471469807,0.06496959728847784,-3.03906265977481,9.107388666171826
1072,0.6450980271997094,1.007482410664384,0.06557878511834758,-3.0330020546159906,9.068813705848438
1073,0.6471129920210382,1.0076135682346208,0.06619903817064454,-3.0268496033723937,9.02976142523731
1074,0.6491282191575075,1.007745966310962,0.06683061157852777,-3.0206049735859266,8.99023344389727
1075,0.6511437110901295,1.007879627534119,0.06747376796840676,-3.0142678320927634,8.95023144677616
1076,0.6531594703451977,1.008014575070056,0.06812877772413017,-3.00783784500933,8.909757184797744
1077,0.6551754994953378,1.0081508326255042,0.06879591926498563,-3.001314677717959,8.868812475452252
1078,0.6571918011605888,1.008288424464034,0.06947547933400244,-2.994697994852021,8.827399203389193
1079,0.6592083780095169,1.008427375422702,0.07016775329837799,-2.9879874602807854,8.785519321014256
1080,0.6612252327603624,1.0085677109292988,0.07087304546256057,-2.9811827370938455,8.743174849089248
1081,0.6632423681822209,1.008709457020224,0.07159166939554318,-2.9742834875850104,8.700367877334951
1082,0.6652597870962614,1.008852640359015,0.07232394827161315,-2.9672893732359023,8.657100565037997
1083,0.6672774923769794,1.0089972882555582,0.07307021522522383,-2.9602000546990177,8.61337514166078
1084,0.6692954869534905,1.0091434286860086,0.07383081372287492,-2.9530151917803065,8.569193907454796
1085,0.6713137738108625,1.0092910903134544,0.07460609795013617,-2.9457344434212938,8.524559234077634
1086,0.6733323559914894,1.0094403025093548,0.07539643321505807,-2.938357467680669,8.479473565213345
1087,0.6753512365965082,1.009591095375785,0.07620219637174408,-2.9308839217154143,8.43393941719679
1088,0.6773704187872598,1.0097434997685284,0.07702377626008783,-2.9233134617612633,8.387959379640932
1089,0.6793899057867968,1.0098975473210485,0.07786157416806994,-2.9156457431127736,8.341536116068752
1090,0.6814097008814389,1.0100532704693848,0.07871600431217374,-2.907880420102656,8.294672364548024
1091,0.6834298074223777,1.0102107024780091,0.07958749434169299,-2.9000171460806077,8.24737093833059
1092,0.6854502288273338,1.0103698774666925,0.08047648586519962,-2.8920555733914703,8.19963472649503
1093,0.6874709685822671,1.0105308304384228,0.08138343500148082,-2.883995353352779,8.15146669459365
1094,0.689492030243144,1.010693597308426,0.0823088129564109,-2.8758361362316185,8.10286988530315
1095,0.6915134174377608,1.0108582149343386,0.08325310662606888,-2.867577571220795,8.053847419079561
1096,0.6935351338676295,1.0110247211475907,0.08421681922832214,-2.8592193064142895,8.004402494817196
1097,0.6955571833099248,1.0111931547860473,0.08520047096571837,-2.850760988781977,7.954538390511891
1098,0.6975795696194969,1.0113635557279788,0.086204599717421,-2.8422022641435616,7.904258463928448
1099,0.6996022967309528,1.0115359649274136,0.08722976176711583,-2.833542777141716,7.8535661532724355
1100,0.7016253686608076,1.011710424450948,0.08827653256364698,-2.824782171214389,7.802464977866431
1101,0.7036487895097095,1.0118869775160753,0.08934550752086601,-2.8159200885662474,7.750958538830746
1102,0.7056725634647417,1.012065668531117,0.09043730285491769,-2.8069561701392622,7.699050519768863
1103,0.707696694801804,1.0122465431368268,0.0915525564642472,-2.7978900555822706,7.64674468745722
1104,0.7097211878880776,1.0124296482497552,0.09269192885277278,-2.7887213832197006,7.594044892540222
1105,0.7117460471845771,1.0126150321074607,0.09385610409804457,-2.779449790019173,7.540955070229678
1106,0.7137712772487921,1.0128027443156569,0.09504579087145082,-2.7700749115581536,7.487479241009515
1107,0.7157968827374234,1.0129928358973996,0.09626172350674089,-2.760596381989456,7.433621511345313
1108,0.7178228684092182,1.0131853593444131,0.09750466312574702,-2.7510138340056827,7.379386074399258
1109,0.719849239127907,1.0133803686706646,0.09877539882161557,-2.7413268988024253,7.324777210750046
1110,0.7218759998652483,1.0135779194683077,0.10007474890114665,-2.7315352060402867,7.269799289118427
1111,0.723903155704185,1.01377806896611,0.1014035621966336,-2.7216383838056433,7.214456767098149
1112,0.7259307118421172,1.0139808760905034,0.1027627194437386,-2.7116360585700616,7.158754191892553
1113,0.7279586735942982,1.0141864015293907,0.10415313473313148,-2.7015278551483406,7.102696201056812
1114,0.729987046397357,1.014394707798857,0.1055757570392668,-2.6913133966551785,7.0462875232463436
1115,0.7320158358129547,1.0146058593129357,0.10703157183420409,-2.680992304460243,6.989532978970839
1116,0.7340450475315806,1.0148199224566041,0.10852160278735923,-2.6705641981417774,6.932437481354722
1117,0.7360746873764938,1.015036965662179,0.11004691355713803,-2.6600286954385948,6.875006036904072
1118,0.7381047613078182,1.0152570594892931,0.11160860968515429,-2.6493854122002727,6.817243746279452
1119,0.7401352754267968,1.0154802767086635,0.11320784059236644,-2.638633962335701,6.759155805076029
1120,0.7421662359802141,1.0157066923898481,0.11484580169089931,-2.627773957759751,6.700747504610133
1121,0.7441976493649939,1.0159363839932298,0.11652373661092952,-2.616805008338015,6.642024232712841
1122,0.7462295221329803,1.0161694314664516,0.11824293955937648,-2.605726721829528,6.582991474530752
1123,0.7482618609959132,1.0164059173455702,0.12000475781168696,-2.594538703827444,6.523654813334189
1124,0.7502946728306044,1.0166459268611934,0.1218105943484371,-2.58324055769748,6.464019931332886
1125,0.7523279646843267,1.0168895480498905,0.1236619106470993,-2.5718318845141193,6.4040926104995535
1126,0.7543617437804265,1.0171368718711848,0.12556022963843283,-2.5603122829943383,6.343878733401197
1127,0.7563960175241689,1.0173879923304616,0.1275071388373572,-2.5486813494289597,6.2833842840390925
1128,0.7584307935088298,1.0176430066081363,0.1295042936647839,-2.536938677611255,6.222615348696686
1129,0.760466079522046,1.0179020151954656,0.13155342096737854,-2.5250838587629225,6.161578116796776
1130,0.762501883552437,1.0181651220374006,0.13365632275563755,-2.5131164814571045,6.100278881767183
1131,0.7645382137965118,1.018432434682912,0.13581488016911614,-2.5010361315384966,6.038724041916171
1132,0.7665750786658776,1.0187040644432501,0.138031057690835,-2.488842392040184,5.976920101316888
1133,0.7686124867947641,1.0189801265586318,0.14030690762472098,-2.4765348430973337,5.914873670702305
1134,0.7706504470478814,1.0192607403738811,0.1426445748579308,-2.464113061857266,5.852591468369697
1135,0.7726889685286292,1.019546029523597,0.14504630192591073,-2.451576622386011,5.7900803210960845
1136,0.7747280605876764,1.0198361221274486,0.14751443440510492,-2.4389250955709985,5.727347165064415
1137,0.7767677328319313,1.0201311509962587,0.15005142665707183,-2.4261580490197723,5.664399046800997
1138,0.7788079951339238,1.0204312538495728,0.15265984794865517,-2.4132750469544533,5.601243124124472
1139,0.780848857641623,1.02073657354547,0.1553423889813832,-2.4002756501018667,5.537886667107077
1140,0.782890330788714,1.0210472583234327,0.15810186885341082,-2.387159415578927,5.474337059048087
1141,0.7849324253053608,1.0213634620611394,0.1609412424965484,-2.3739258967732186,5.4106017974604885
1142,0.7869751522294831,1.0216853445461325,0.16386360861986304,-2.3605746432183583,5.346688495070742
1143,0.7890185229185753,1.0220130717633722,0.16687221820128606,-2.3471052004640054,5.282604880832775
1144,0.791062549062102,1.0223468161997746,0.16997048356874878,-2.3335171099401553,5.218358800956281
1145,0.7931072426945016,1.0226867571669123,0.17316198812493688,-2.3198099088153854,5.153958219950018
1146,0.7951526162088355,1.023033081143162,0.17645049675851787,-2.3059831298487645,5.089411221680596
1147,0.7971986823711218,1.023385982136679,0.1798399670072559,-2.2920363012351554,5.024726010447896
1148,0.7992454543353952,1.0237456620706935,0.18333456102737067,-2.277968946443352,4.959910912076875
1149,0.8012929456595366,1.024112331192748,0.18693865844441326,-2.2637805840468306,4.894974375027365
1150,0.8033411703219221,1.0244862085096367,0.19065687015435984,-2.2494707275465795,4.829924971521846
1151,0.8053901427389414,1.0248675222499453,0.1944940531582784,-2.235038885185674,4.7647713986927736
1152,0.8074398777834413,1.0252565103562619,0.19845532652231768,-2.220484559754954,4.6995224797493576
1153,0.8094903908041539,1.0256534210093065,0.2025460885589414,-2.2058072483894566,4.634187165165589
1154,0.8115416976461725,1.0260585131864242,0.2067720353350122,-2.191006442354934,4.568774533889733
1155,0.8135938146725453,1.026472057257094,0.2111391806356,-2.1760816268239296,4.503293794576692
1156,0.8156467587870595,1.026894335618365,0.2156538775008876,-2.1610322806407796,4.437754286844248
1157,0.8177005474582962,1.0273256433733668,0.22032284149169357,-2.1458578760748126,4.372165482553998
1158,0.819755198745043,1.0277662890563501,0.22515317584028693,-2.1305578785611305,4.306536987118689
1159,0.8218107313231557,1.0282165954080307,0.23015239865982196,-2.115131746428017,4.240878540836579
1160,0.8238671645139718,1.0286769002053502,0.23532847241130028,-2.099578930610398,4.175200020254927
1161,0.8259245183143825,1.0291475571501727,0.24068983584606407,-2.0838988743481806,4.109511439563344
1162,0.8279828134286829,1.0296289368218647,0.24624543865856552,-2.0680910128686723,4.043822952018892
1163,0.8300420713023265,1.0301214276991815,0.252004779120929,-2.0521547730520546,3.978144851404676
1164,0.832102314157725,1.030625437257423,0.25797794499422544,-2.0360895730786925,3.9124875735234426
1165,0.8341635650322398,1.0311413931474114,0.26417565804770504,-2.0198948220570885,3.846861697727974
1166,0.8362258478185346,1.0316697444635068,0.270609322551163,-2.003569919631328,3.7812779484908434
1167,0.8382891873074616,1.032210963108609,0.2772910781567717,-1.9871142555663701,3.7157471970148706
1168,0.8403536092336789,1.0327655452649223,0.2842338576241499,-1.970527209309895,3.650280462887414
1169,0.8424191403242087,1.0333340129801702,0.2914514499071874,-1.9538081495288375,3.584888915780108
1170,0.8444858083501691,1.0339169158799844,0.29895856917856456,-1.9369564336191054,3.519583877197748
1171,0.8465536421819291,1.0345148330183411,0.30677093043500747,-1.9199714071862046,3.454376822278012
1172,0.8486226718479658,1.0351283748792108,0.31490533241931296,-1.9028524034950152,3.3892793816461877
1173,0.8506929285977243,1.0357581855440492,0.32337974866840646,-1.8855987428861605,3.324303343327386
1174,0.8527644449688123,1.0364049450413857,0.3322134276209976,-1.8682097321566764,3.2594606547203684
1175,0.8548372548588951,1.0370693718966275,0.34142700282293603,-1.8506846639022219,3.1947634246366654
1176,0.8569113936026883,1.0377522259022731,0.3510426144126555,-1.8330228158178137,3.1302239254090263
1177,0.8589868980544929,1.038454311131098,0.36108404322741094,-1.8152234499540176,3.0658545950740224
1178,0.8610638066767551,1.0391764792175524,0.37157685904989357,-1.7972858119249737,3.0016680396335365
1179,0.8631421596351901,1.0399196329356517,0.3825485847219756,-1.779209130064457,2.937677035400421
1180,0.8652219989010614,1.0406847301050952,0.3940288781014267,-1.7609926145258132,2.8738945314343463
1181,0.8673033683612716,1.0414727878612977,0.40604973410549583,-1.7426354563210782,2.8103336520738593
1182,0.8693863139369943,1.0422848873295083,0.4186457094216056,-1.7241368262943029,2.7470076995717285
1183,0.8714708837116533,1.0431221787483511,0.4318541728331571,-1.7054958740234838,2.6839301568409506
1184,0.87355712806915,1.0439858870940166,0.445715584547246,-1.6867117266449954,2.6211146903197013
1185,0.875645099843338,1.0448773182631106,0.46027380843440824,-1.6677834875937558,2.5585751529640137
1186,0.8777348544798643,1.0457978658799787,0.47557646167373235,-1.6487102352517102,2.4963255873782253
1187,0.8798264502116243,1.0467490188033255,0.4916753070137503,-1.62949102149634,2.4343802290936565
1188,0.8819199482492309,1.047732369417352,0.5086266936847217,-1.6101248701402022,2.3727535100077755
1189,0.8840154129880656,1.0487496228047204,0.5264920539667539,-1.5906107752511782,2.3114600619963244
1190,0.886112912233675,1.049802606912653,0.5453384635858871,-1.570947699342446,2.2505147207133573
1191,0.8882125174475004,1.0508932838398237,0.5652392754682989,-1.551134571419434,2.189932529594501
1192,0.8903143040151801,1.0520237623907591,0.5862748380197402,-1.5311702848700288,2.1297287440815578
1193,0.8924183515399616,1.053196312066797,0.6085333110378066,-1.5110536951823006,2.069918836087376
1194,0.8945247441640952,1.0544133786888716,0.6321115946913203,-1.4907836174724793,2.010518498723144
1195,0.896633570921473,1.055677601878253,0.6571163897877152,-1.4703588238035468,1.9515436513117723
1196,0.8987449261252295,1.0569918346578266,0.6836654109203089,-1.449778040272634,1.8930104447146223
1197,0.9008589097945452,1.0583591654796654,0.711888778142411,-1.4290399438424484,1.8349352670013168
1198,0.9029756281255045,1.0597829430359482,0.7419306177381735,-1.4081431588890199,1.7773347494966218
1199,0.9050951940115763,1.0612668042714226,0.7739509086626128,-1.3870862534342179,1.720225773241986
1200,0.9072177276201192,1.0628147060887456,0.8081276185357478,-1.3658677350275117,1.663625475914655
1201,0.9093433570322967,1.0644309613258147,0.8446591820532312,-1.344486046236404,1.6075512592521455
1202,0.9114722189549483,1.0661202796899185,0.883767385733325,-1.3229395596996403,1.5520207970369584
1203,0.9136044595143282,1.0678878144613817,0.9257007365576442,-1.3012265726904364,1.4970520437029529
1204,0.915740235143251,1.0697392159344936,0.9707384090414273,-1.2793453011298166,1.4426632436342919
1205,0.91787971357512,1.0716806927525726,1.0191948863742528,-1.2572938729808114,1.3888729412368606
1206,0.9200230749606252,1.0737190825253167,1.0714254377551136,-1.2350703209442941,1.3356999918747432
1207,0.9221705131256758,1.0758619334008221,1.127832607326118,-1.2126725743646816,1.2831635737773173
1208,0.9243222369924774,1.0781175986154687,1.188873932185519,-1.190098450239424,1.231283201039328
1209,0.9264784721897084,1.0804953464798335,1.2550711604055298,-1.1673456432089913,1.1800787378551412
1210,0.9286394628826681,1.0830054888006375,1.327021308185028,-1.1444117143837225,1.1295704141516332
1211,0.9308054738602694,1.0856595314169994,1.405409982755268,-1.1212940788394463,1.079778842811206
1212,0.9329767929231033,1.088470351382501,1.4910275104536463,-1.0979899915847322,1.0307250387097375
1213,0.9351537336258683,1.0914524064033977,1.5847885554929775,-1.0744965317671324,0.9824304398333729
1214,0.9373366384386751,1.0946219835143716,1.6877561052275336,-1.0508105848436158,0.9349169307870647
1215,0.9395258824057039,1.0979974957248126,1.8011709465684866,-1.0269288223881607,0.8882068690656276
1216,0.9417218773971535,1.1015998376179335,1.9264880851500799,-1.0028476791467564,0.8423231145311718
1217,0.9439250770723894,1.105452813788215,2.065421989939775,-0.9785633268720869,0.7972890626290409
1218,0.9461359826999658,1.1095836577680724,2.220003115990732,-0.9540716443748783,0.7531286819859251
1219,0.948355150015502,1.1140236640000283,2.392648912558437,-0.9293681831099126,0.7098665571717372
1220,0.950583197343502,1.1188089618251147,2.5862535213905247,-0.9044481274672185,0.6675279375823883
1221,0.9528208152671522,1.12398146886786,2.804301682092669,-0.8793062487530713,0.626138793621926
1222,0.955068778204888,1.1295900722320025,3.0510140669908203,-0.8539368516120825,0.585725881647728
1223,0.957327958349352,1.135692100365933,3.3315334328322788,-0.8283337113448292,0.5463168195094108
1224,0.959599342550084,1.1423551672315355,3.65216359778322,-0.8024900001980254,0.5079401749922765
1225,0.961884052884547,1.1496594944270269,4.020676114913213,-0.7763982002194728,0.4706255701068212
1226,0.9641833718734011,1.1577008466567613,4.44670184776168,-0.7500499996473554,0.4344038050070121
1227,0.9664987735667147,1.1665942503521716,4.942224312105692,-0.723436168998085,0.39930700644993705
1228,0.968831962067419,1.176478698976243,5.52218314199564,-0.6965464119768187,0.3653688072488564
1229,0.9711849194653714,1.1875230652600604,6.205165803726498,-0.6693691849919577,0.3326245652905676
1230,0.9735599655958915,1.1999333968672965,7.0140805086683855,-0.6418914773382693,0.3011116336436286
1231,0.9759598323896261,1.213961557884362,7.976481561704674,-0.6140985419600212,0.2708696974539291
1232,0.9783877555053948,1.229914521007434,9.123657704044863,-0.5859735641226088,0.2419411992770655
1233,0.9808475845474097,1.2481618364151084,10.486187677202263,-0.5574972525218699,0.21437188307058241
1234,0.98334390822024,1.269134211769018,12.080147512539563,-0.5286473351342094,0.1882114994720368
1235,0.985882176643778,1.2932945067935453,13.869433694891953,-0.4993979427341084,0.16351473281501414
1236,0.9884687656573651,1.321033374182804,15.668907620132844,-0.469718872553947,0.14034243518623551
1237,0.9911108324057307,1.3523711894227821,16.909211766130515,-0.43957475870995916,0.1187632843559923
1238,0.9938155747845763,1.3861896129554205,16.121396185894632,-0.4089242744055849,0.09885601095186429
1239,0.9965879540104872,1.4184324053289366,10.059347841107957,-0.3777197506447259,0.08071232205111911
1240,0.9994248188211451,1.4385511010149317,-6.751402529939332,-0.34590823691533346,0.06444043131344267
1241,1.002301921023175,1.4250482959607245,-38.61676625303452,-0.3134364543495344,0.05016824901617562
1242,1.0051520176150963,1.3478147634600464,-79.49950663940892,-0.28026459928284736,0.03804283985287729
1243,1.0078476471420164,1.1888157501833838,-112.54837286615577,-0.246395841947861,0.028218044365161416
1244,1.010225278642383,0.9637190044496781,-126.68871122107088,-0.21192217632658955,0.020819453471481987
1245,1.0121527166512825,0.7103415820045752,-123.91302151520871,-0.17706800764173405,0.015887471718294785
1246,1.0135733998152916,0.4625155389713064,-111.5681597897151,-0.14220172257091174,0.013323345104865865
1247,1.014498430893234,0.23937921938976747,-95.84385960703179,-0.10780529625783923,0.012868944002626967
1248,1.0149771893320136,0.04769150017435839,-80.32326318200923,-0.07441861955037989,0.014129017651176624
1249,1.0150725723323624,-0.1129550261904268,-66.61066692558772,-0.04258129471433934,0.016622068808098165
1250,1.0148466622799814,-0.24617636004199006,-55.17653512456051,-0.012786184300863021,0.019839706146175924
1251,1.0143543095598975,-0.3565294302912796,-45.94254834510144,0.014550569566399907,0.02329935687791683
1252,1.0136412506993149,-0.4484145269815495,-38.61062152530237,0.039104147026880934,0.026582882101514382
1253,1.0127444216453518,-0.525635770032213,-32.82477038042728,0.06064373752907181,0.02935958002252938
1254,1.0116931501052875,-0.5912853107932072,-28.23749972736311,0.07902715842625334,0.031395447923535616
1255,1.010510579483701,-0.6477603102482619,-24.523397897110776,0.09419074246011826,0.032551961162956715
1256,1.0092150588632045,-0.6968071060431499,-21.36032478452199,0.10613703350828223,0.032777794551273026
1257,1.0078214446511182,-0.7395277556134088,-18.383284795559796,0.11492205516023786,0.032096466359747826
1258,1.0063423891398915,-0.7762943252065642,-15.106515687366095,0.1206433348554069,0.03059222625327105
1259,1.0047898004894784,-0.806507356584441,-10.810984012797164,0.12342944723789111,0.028395825676699675
1260,1.0031767857763094,-0.8281293246144432,-4.431714714677559,0.12343162262531673,0.025671182127070022
1261,1.0015205271270806,-0.8369927540491932,5.395221382439108,0.12081793707868001,0.022603384992706123
1262,0.9998465416189822,-0.8262023112896454,19.750496432640308,0.11577076145224373,0.01938793353662379
1263,0.9981941369964029,-0.7867013184278161,38.045409115017435,0.10848840728590495,0.016220487164038812
1264,0.9966207343595472,-0.710610500197726,56.87172444655189,0.09919186182042734,0.013285790488856641
1265,0.9951995133591518,-0.5968670513011044,71.35325686771534,0.08813627938748358,0.010744280712605043
1266,0.9940057792565495,-0.45416053756051245,78.44915595946598,0.07562373770819174,0.0087162222456642
1267,0.9930974581814285,-0.2972622256367726,78.40087582092016,0.06201028468639367,0.007266432708516079
1268,0.992502933730155,-0.14046047399145303,73.4239118705831,0.04770083065843285,0.006395409273898114
1269,0.992222012782172,0.00638734975181926,65.94267872220139,0.03313125210400602,0.006041474904090769
1270,0.9922347874816757,0.13827270719734266,57.72685152451082,0.01874312521847954,0.0060939208247047585
1271,0.9925113328960704,0.2537264102469973,49.77438099346796,0.00495821281709226,0.0064130091986920375
1272,0.9930187857165644,0.3532751722345867,42.47457931698192,-0.007842180483435778,0.006851522012907105
1273,0.9937253360610336,0.4382243308697753,35.78187623803615,-0.01933085221254355,0.0072737041975966706
1274,0.9946017847227732,0.5097880833482902,29.307260367450972,-0.029241515222352698,0.007569386825821877
1275,0.9956213608894697,0.5684026040875354,22.322278078635183,-0.03737018892877149,0.007662738540734756
1276,0.9967581660976448,0.6130471602515002,13.741579757472321,-0.04357304719300424,0.007516120045833002
1277,0.9979842604181478,0.640530319775133,2.2828523305207904,-0.04776273368484722,0.007129935986778914
1278,0.999265321057698,0.6450960244449814,-12.845895863757372,-0.04990516638532879,0.006539316626855985
1279,1.000555513106588,0.6194042327229977,-30.69097162202987,-0.050018817244417334,0.005808040571313639
1280,1.001794321572034,0.5580222894780748,-47.96503863066397,-0.048178006043997496,0.005019515735940972
1281,1.0029103661509902,0.4620922122093549,-60.717781658934776,-0.044520063628902616,0.004264368052017298
1282,1.003834550575409,0.34065664888063407,-66.93426020836031,-0.03925291409436026,0.0036251192984916624
1283,1.0045158638731702,0.20678812845321942,-67.1790819221539,-0.032656742501107006,0.0031607696095951356
1284,1.0049294401300766,0.0724299646004187,-63.34236286909227,-0.02507463975856321,0.0028959547857676867
1285,1.0050743000592774,-0.05425476114368302,-57.31798999785798,-0.016892449127873643,0.0028183352428394802
1286,1.00496579053699,-0.1688907411433527,-50.39975002200545,-0.008512826072836674,0.0028845011771570046
1287,1.0046280090547033,-0.269690241190331,-43.18472840172186,-0.00032955713000185375,0.003031673864719755
1288,1.0040886285723227,-0.35605969799668113,-35.64014699856074,0.007293660107664603,0.003191460083238173
1289,1.0033765091763294,-0.42733999199698197,-27.169389494466568,0.01403832588147849,0.0033025400166387915
1290,1.0025218291923355,-0.4816787709881797,-16.71899241849779,0.019640499768003694,0.003320410659986325
1291,1.0015584716503592,-0.5151167558229571,-3.1877984209715216,0.023896019814827935,0.0032234046018357514
1292,1.0005282381387133,-0.5214923526532966,13.556496750227199,0.026663829112256305,0.0030148290256535068
1293,0.9994852534334067,-0.4943793591304699,31.52356074501621,0.02786975681502728,0.0027211981580086367
1294,0.9984964947151457,-0.4313322376144084,47.00630582604918,0.027512234924165456,0.002386417444969603
1295,0.9976338302399168,-0.33731962594471454,56.955676800532835,0.025668976717865947,0.002062050562913616
1296,0.9969591909880274,-0.22340827234188998,60.71961827776767,0.022500314074000945,0.0017951334024794807
1297,0.9965123744433436,-0.1019690357998268,59.55702664098751,0.018243836708988,0.0016168721665204724
1298,0.9963084363717439,0.017145017457790568,55.250320395712315,0.01319836238363609,0.0015360128956722666
1299,0.9963427264066596,0.12764565821700996,49.173027399818785,0.007700310248763918,0.001538765679136309
1300,0.9965980177230935,0.22599171297561338,41.95578585297589,0.00209800006349471,0.0015944470713903317
1301,0.9970500011490447,0.30990328462627137,33.44631589565669,-0.003271473947087231,0.0016643637679671355
1302,0.9976698077182973,0.37679591634224074,22.82188594261992,-0.00810050599666566,0.001711304546623296
1303,0.9984233995509818,0.4224396881402533,9.045548977299067,-0.012124349098668656,0.0017076798110111796
1304,0.9992682789272623,0.4405307860417316,-8.009033451701075,-0.015131149713175062,0.0016411086162442098
1305,1.0001493404993458,0.42451271920514044,-26.277495014995644,-0.016970972452575447,0.0015166916531701303
1306,1.0009983659377562,0.37195772942397776,-41.9580128970307,-0.017565659179136293,0.0013553340990169569
1307,1.0017422813966042,0.28804170402267093,-52.03899367296466,-0.016918929074549303,0.0011878181688588178
1308,1.0023183648046494,0.1839637170999396,-55.977572415114764,-0.015122473400365034,0.0010456133836111382
1309,1.0026862922388493,0.07200857262293903,-55.041862669966,-0.012352486601816022,0.0009513375737225339
1310,1.0028303093840951,-0.038075152480242694,-50.868081923247864,-0.008854575824368719,0.0009124914225041675
1311,1.0027541590791347,-0.13981131622081927,-44.54650479931347,-0.004920234512024349,0.000920540272084292
1312,1.002474536446693,-0.22890432588188425,-36.306180327169415,-0.0008605247624727332,0.0009549439700889664
1313,1.0020167277949292,-0.30151668690631417,-25.575615430779298,0.0030183744693850893,0.0009901251238619664
1314,1.0014136944211165,-0.35266791874905895,-11.514057079520146,0.006435594715099315,0.0010030590947545392
1315,1.0007083585836183,-0.3756960348477748,5.742525803559062,0.009152188445534448,0.0009795997429953487
1316,0.9999569665139227,-0.36421098606346547,23.84390065089401,0.010985564587286964,0.0009181706623525534
1317,0.9992285445417958,-0.3165231875810658,38.97008316558884,0.011823228012157854,0.0008298174580853282
1318,0.9985954981666336,-0.23858302285659255,48.417224469343324,0.01163493329703165,0.0007341993303038616
1319,0.9981183321209204,-0.14174857366055987,51.91640795182426,0.010478999670735347,0.0006524798563766101
1320,0.9978348349735993,-0.037915755662178516,50.72449103389307,0.008497979988841265,0.0005998099240574974
1321,0.9977590034622749,0.06353323017247985,46.20749619723576,0.005902845230007921,0.0005805243972965046
1322,0.9978860699226199,0.1559482282404776,39.01974067929401,0.002949592415833336,0.0005876745830825705
1323,0.9981979663791009,0.23398771795797224,28.918002808815924,-8.626791540833478e-05,0.000606444491293595
1324,0.9986659418150168,0.2918237351214397,15.221032767059883,-0.0029334548424573264,0.0006197565060925359
1325,0.9992495892852596,0.32226581313485453,-1.8905018698887721,-0.005345624931933718,0.0006141427402051963
1326,0.9998941209115294,0.31848481546141255,-20.00651394410878,-0.007119866520188624,0.0005842035731764364
1327,1.0005310905424523,0.27847177824211605,-35.21069221946424,-0.008114236181380248,0.0005342746361985655
1328,1.0010880340989365,0.208050366715092,-44.75402412972694,-0.008263498179575831,0.00047645004106191115
1329,1.0015041348323668,0.1185422794247492,-48.34118243622534,-0.0075887327591679455,0.0004254126001989391
1330,1.0017412193912163,0.021859871276333653,-47.11489308461669,-0.0061957093500665545,0.0003922936704808497
1331,1.001784939133769,-0.0723699572902022,-42.1963594510831,-0.004260927299359308,0.00038044767936813766
1332,1.0016401992191886,-0.1567627130061312,-33.91419198250723,-0.0020091288778865198,0.00038482222631028393
1333,1.0013266737931763,-0.22459111467610532,-21.872764787559028,0.0003123077437506187,0.0003947056290997269
1334,1.000877491563824,-0.26833660863557784,-5.988394625568249,0.0024582969860225336,0.00039838550081410906
1335,1.000340818346553,-0.28031326125421613,11.928932562778721,0.004209087121262781,0.0003878888928205112
1336,0.9997801918240445,-0.25645514536898445,28.116475683386632,0.005391785094680584,0.00036208726172125657
1337,0.9992672815333066,-0.20022188934333085,39.25593054946845,0.0058998727561169,0.00032685975383985516
1338,0.9988668377546199,-0.12170976824881216,44.38649136462476,0.00570717665266664,0.00029205647267213376
1339,0.9986234182181223,-0.0329366515690209,44.384634911940985,0.004871093491677241,0.00026669118671177896
1340,0.9985575449149843,0.05583257231329865,40.340902060211,0.003522967326755318,0.0002548799201113062
1341,0.9986692100596108,0.13651407704126628,24.204541236126598,0.001848359966215996,0.00025445321603189064
1342,0.9989422382136933,0.18492297987804684,14.522724741675956,6.338970394797254e-05,0.0002584816192990968
1343,0.9993120841734494,0.2139683215801152,8.713634845005574,-0.0016125407163128079,0.0002588783835786617
1344,0.9997400208166096,0.2313955266013562,5.228180907003344,-0.002990769725240282,0.00025044253200151936
1345,1.0002028118698123,0.2418518496141008,3.136908544202005,-0.0039276928661152455,0.0002325937101578137
